{
  "type": "FeatureCollection",
  "name": "Ambulance_Stations_VICTORIA",
  "crs": {
    "type": "name",
    "properties": {
      "name": "urn:ogc:def:crs:OGC:1.3:CRS84"
    }
  },
  "metadata": {"source": "Digital Atlas of Australia — Ambulance Stations", "source_url": "https://digital.atlas.gov.au/datasets/ambulance-stations", "licence": "Creative Commons Attribution 4.0 International (CC BY 4.0)", "licence_url": "https://creativecommons.org/licenses/by/4.0/", "description": "Ambulance station point locations, Victoria (split from national dataset)."}, "features": [
    {
      "type": "Feature",
      "properties": {
        "objectid": 1,
        "featuretype": "EMERGENCY FACILITY",
        "descripton": "An emergency management facility from which a particular agency\u2019s resources are commanded, coordinated and assigned to an incident or emergency",
        "class": "AMBULANCE STATION",
        "facility_name": "CAMPERDOWN AMBULANCE STATION",
        "facility_operationalstatus": "OPERATIONAL",
        "facility_address": null,
        "abs_suburb": "CAMPERDOWN",
        "facility_state": "VICTORIA",
        "abs_postcode": "3260",
        "facility_attribute_source": "HTTP://DATA.VIC.GOV.AU",
        "facility_attribute_date": null,
        "facility_source": "HTTP://DATA.VIC.GOV.AU",
        "facility_date": null,
        "facility_spatial_confidence": null,
        "facility_revised": "2018-06-06T00:00:00Z",
        "comment_": null,
        "facility_lat": "-38.23323400399994",
        "facility_long": "143.1458719960001",
        "validated": null,
        "gnaf_building_name": null,
        "gnaf_address_detail_pid": "GAVIC420554134",
        "gnaf_formatted_address": "60 SCOTT STREET",
        "gnaf_confidence": "2",
        "gnaf_postcode": "3260",
        "gnaf_suburb": "CAMPERDOWN",
        "distance_to_gnaf": 0,
        "gnaf_lat": "-38.233233379999945",
        "gnaf_long": "143.14587255000004"
      },
      "geometry": {
        "type": "Point",
        "coordinates": [
          143.1458782089462,
          -38.233220725622985
        ]
      }
    },
    {
      "type": "Feature",
      "properties": {
        "objectid": 2,
        "featuretype": "EMERGENCY FACILITY",
        "descripton": "An emergency management facility from which a particular agency\u2019s resources are commanded, coordinated and assigned to an incident or emergency",
        "class": "AMBULANCE STATION",
        "facility_name": "CANN RIVER AMBULANCE STATION",
        "facility_operationalstatus": "OPERATIONAL",
        "facility_address": null,
        "abs_suburb": "CANN RIVER",
        "facility_state": "VICTORIA",
        "abs_postcode": "3890",
        "facility_attribute_source": "HTTP://DATA.VIC.GOV.AU",
        "facility_attribute_date": null,
        "facility_source": "HTTP://DATA.VIC.GOV.AU",
        "facility_date": null,
        "facility_spatial_confidence": null,
        "facility_revised": "2018-06-06T00:00:00Z",
        "comment_": null,
        "facility_lat": "-37.56352500099996",
        "facility_long": "149.15175400200008",
        "validated": null,
        "gnaf_building_name": "BUSH NURSING CENTRE",
        "gnaf_address_detail_pid": "GAVIC423889336",
        "gnaf_formatted_address": "25 MONARO HIGHWAY",
        "gnaf_confidence": "2",
        "gnaf_postcode": "3890",
        "gnaf_suburb": "CANN RIVER",
        "distance_to_gnaf": 5,
        "gnaf_lat": "-37.56350470999996",
        "gnaf_long": "149.15180966000003"
      },
      "geometry": {
        "type": "Point",
        "coordinates": [
          149.15175925435125,
          -37.56351215787229
        ]
      }
    },
    {
      "type": "Feature",
      "properties": {
        "objectid": 3,
        "featuretype": "EMERGENCY FACILITY",
        "descripton": "An emergency management facility from which a particular agency\u2019s resources are commanded, coordinated and assigned to an incident or emergency",
        "class": "AMBULANCE STATION",
        "facility_name": "CAMBERWELL AMBULANCE STATION",
        "facility_operationalstatus": "OPERATIONAL",
        "facility_address": null,
        "abs_suburb": "CANTERBURY",
        "facility_state": "VICTORIA",
        "abs_postcode": "3126",
        "facility_attribute_source": "HTTP://DATA.VIC.GOV.AU",
        "facility_attribute_date": null,
        "facility_source": "HTTP://DATA.VIC.GOV.AU",
        "facility_date": null,
        "facility_spatial_confidence": null,
        "facility_revised": "2018-06-06T00:00:00Z",
        "comment_": null,
        "facility_lat": "-37.82255800299998",
        "facility_long": "145.06987799700005",
        "validated": null,
        "gnaf_building_name": null,
        "gnaf_address_detail_pid": "GAVIC421321456",
        "gnaf_formatted_address": "61 CANTERBURY ROAD",
        "gnaf_confidence": "1",
        "gnaf_postcode": "3126",
        "gnaf_suburb": "CANTERBURY",
        "distance_to_gnaf": 0,
        "gnaf_lat": "-37.82255799999996",
        "gnaf_long": "145.06987700000002"
      },
      "geometry": {
        "type": "Point",
        "coordinates": [
          145.06988391416283,
          -37.822544846872596
        ]
      }
    },
    {
      "type": "Feature",
      "properties": {
        "objectid": 4,
        "featuretype": "EMERGENCY FACILITY",
        "descripton": "An emergency management facility from which a particular agency\u2019s resources are commanded, coordinated and assigned to an incident or emergency",
        "class": "AMBULANCE STATION",
        "facility_name": "ROSEBUD AMBULANCE STATION",
        "facility_operationalstatus": "OPERATIONAL",
        "facility_address": null,
        "abs_suburb": "CAPEL SOUND",
        "facility_state": "VICTORIA",
        "abs_postcode": "3940",
        "facility_attribute_source": "HTTP://DATA.VIC.GOV.AU",
        "facility_attribute_date": null,
        "facility_source": "HTTP://DATA.VIC.GOV.AU",
        "facility_date": null,
        "facility_spatial_confidence": null,
        "facility_revised": "2018-06-06T00:00:00Z",
        "comment_": null,
        "facility_lat": "-38.361378995999985",
        "facility_long": "144.88532700400003",
        "validated": null,
        "gnaf_building_name": null,
        "gnaf_address_detail_pid": "GAVIC719202653",
        "gnaf_formatted_address": "1517 POINT NEPEAN ROAD",
        "gnaf_confidence": "1",
        "gnaf_postcode": "3940",
        "gnaf_suburb": "CAPEL SOUND",
        "distance_to_gnaf": 0,
        "gnaf_lat": "-38.361379169999964",
        "gnaf_long": "144.88532681000004"
      },
      "geometry": {
        "type": "Point",
        "coordinates": [
          144.88533289451476,
          -38.3613658305577
        ]
      }
    },
    {
      "type": "Feature",
      "properties": {
        "objectid": 5,
        "featuretype": "EMERGENCY FACILITY",
        "descripton": "An emergency management facility from which a particular agency\u2019s resources are commanded, coordinated and assigned to an incident or emergency",
        "class": "AMBULANCE STATION",
        "facility_name": "CITY AMBULANCE STATION",
        "facility_operationalstatus": "OPERATIONAL",
        "facility_address": null,
        "abs_suburb": "CARLTON",
        "facility_state": "VICTORIA",
        "abs_postcode": "3053",
        "facility_attribute_source": "HTTP://DATA.VIC.GOV.AU",
        "facility_attribute_date": null,
        "facility_source": "HTTP://DATA.VIC.GOV.AU",
        "facility_date": null,
        "facility_spatial_confidence": null,
        "facility_revised": "2018-06-06T00:00:00Z",
        "comment_": null,
        "facility_lat": "-37.803882003999945",
        "facility_long": "144.96213399900012",
        "validated": null,
        "gnaf_building_name": "MFB STATION NO.3",
        "gnaf_address_detail_pid": "GAVIC423441428",
        "gnaf_formatted_address": "104-114 BOUVERIE STREET",
        "gnaf_confidence": "1",
        "gnaf_postcode": "3053",
        "gnaf_suburb": "CARLTON",
        "distance_to_gnaf": 0,
        "gnaf_lat": "-37.80388169999998",
        "gnaf_long": "144.96213365000006"
      },
      "geometry": {
        "type": "Point",
        "coordinates": [
          144.9621399369001,
          -37.80386884036921
        ]
      }
    },
    {
      "type": "Feature",
      "properties": {
        "objectid": 6,
        "featuretype": "EMERGENCY FACILITY",
        "descripton": "An emergency management facility from which a particular agency\u2019s resources are commanded, coordinated and assigned to an incident or emergency",
        "class": "AMBULANCE STATION",
        "facility_name": "CARNEGIE AMBULANCE STATION",
        "facility_operationalstatus": "OPERATIONAL",
        "facility_address": null,
        "abs_suburb": "CARNEGIE",
        "facility_state": "VICTORIA",
        "abs_postcode": "3163",
        "facility_attribute_source": "HTTP://DATA.VIC.GOV.AU",
        "facility_attribute_date": null,
        "facility_source": "HTTP://DATA.VIC.GOV.AU",
        "facility_date": null,
        "facility_spatial_confidence": null,
        "facility_revised": "2018-06-06T00:00:00Z",
        "comment_": null,
        "facility_lat": "-37.885838999999976",
        "facility_long": "145.05654799700005",
        "validated": null,
        "gnaf_building_name": null,
        "gnaf_address_detail_pid": "GAVIC424087785",
        "gnaf_formatted_address": "SE 1 63-65 ROSSTOWN ROAD",
        "gnaf_confidence": "1",
        "gnaf_postcode": "3163",
        "gnaf_suburb": "CARNEGIE",
        "distance_to_gnaf": 1,
        "gnaf_lat": "-37.885837729999935",
        "gnaf_long": "145.05655782000008"
      },
      "geometry": {
        "type": "Point",
        "coordinates": [
          145.05655390955826,
          -37.885825843347625
        ]
      }
    },
    {
      "type": "Feature",
      "properties": {
        "objectid": 7,
        "featuretype": "EMERGENCY FACILITY",
        "descripton": "An emergency management facility from which a particular agency\u2019s resources are commanded, coordinated and assigned to an incident or emergency",
        "class": "AMBULANCE STATION",
        "facility_name": "CASTERTON AMBULANCE STATION",
        "facility_operationalstatus": "OPERATIONAL",
        "facility_address": null,
        "abs_suburb": "CASTERTON",
        "facility_state": "VICTORIA",
        "abs_postcode": "3311",
        "facility_attribute_source": "HTTP://DATA.VIC.GOV.AU",
        "facility_attribute_date": null,
        "facility_source": "HTTP://DATA.VIC.GOV.AU",
        "facility_date": null,
        "facility_spatial_confidence": null,
        "facility_revised": "2018-06-06T00:00:00Z",
        "comment_": null,
        "facility_lat": "-37.59110899999996",
        "facility_long": "141.39297900400004",
        "validated": null,
        "gnaf_building_name": null,
        "gnaf_address_detail_pid": "GAVIC411068997",
        "gnaf_formatted_address": "59 RUSSELL STREET",
        "gnaf_confidence": "2",
        "gnaf_postcode": "3311",
        "gnaf_suburb": "CASTERTON",
        "distance_to_gnaf": 0,
        "gnaf_lat": "-37.591109029999984",
        "gnaf_long": "141.39297883000006"
      },
      "geometry": {
        "type": "Point",
        "coordinates": [
          141.39298558528458,
          -37.59109561739412
        ]
      }
    },
    {
      "type": "Feature",
      "properties": {
        "objectid": 8,
        "featuretype": "EMERGENCY FACILITY",
        "descripton": "An emergency management facility from which a particular agency\u2019s resources are commanded, coordinated and assigned to an incident or emergency",
        "class": "AMBULANCE STATION",
        "facility_name": "CASTLEMAINE AMBULANCE STATION",
        "facility_operationalstatus": "OPERATIONAL",
        "facility_address": null,
        "abs_suburb": "CASTLEMAINE",
        "facility_state": "VICTORIA",
        "abs_postcode": "3450",
        "facility_attribute_source": "HTTP://DATA.VIC.GOV.AU",
        "facility_attribute_date": null,
        "facility_source": "HTTP://DATA.VIC.GOV.AU",
        "facility_date": null,
        "facility_spatial_confidence": null,
        "facility_revised": "2018-06-06T00:00:00Z",
        "comment_": null,
        "facility_lat": "-37.05184775699996",
        "facility_long": "144.22062880700003",
        "validated": null,
        "gnaf_building_name": null,
        "gnaf_address_detail_pid": "GAVIC419676558",
        "gnaf_formatted_address": "6 HALFORD STREET",
        "gnaf_confidence": "1",
        "gnaf_postcode": "3450",
        "gnaf_suburb": "CASTLEMAINE",
        "distance_to_gnaf": 5,
        "gnaf_lat": "-37.05187670999993",
        "gnaf_long": "144.22067769000012"
      },
      "geometry": {
        "type": "Point",
        "coordinates": [
          144.220634951071,
          -37.051834539141204
        ]
      }
    },
    {
      "type": "Feature",
      "properties": {
        "objectid": 9,
        "featuretype": "EMERGENCY FACILITY",
        "descripton": "An emergency management facility from which a particular agency\u2019s resources are commanded, coordinated and assigned to an incident or emergency",
        "class": "AMBULANCE STATION",
        "facility_name": "BEAUFORT AMBULANCE STATION",
        "facility_operationalstatus": "OPERATIONAL",
        "facility_address": null,
        "abs_suburb": "BEAUFORT",
        "facility_state": "VICTORIA",
        "abs_postcode": "3373",
        "facility_attribute_source": "HTTP://DATA.VIC.GOV.AU",
        "facility_attribute_date": null,
        "facility_source": "HTTP://DATA.VIC.GOV.AU",
        "facility_date": null,
        "facility_spatial_confidence": null,
        "facility_revised": "2018-06-06T00:00:00Z",
        "comment_": null,
        "facility_lat": "-37.43062017099993",
        "facility_long": "143.38265995100005",
        "validated": null,
        "gnaf_building_name": "ELIZABETH WATKIN KINDERGARTEN",
        "gnaf_address_detail_pid": "GAVIC414291887",
        "gnaf_formatted_address": "25 HAVELOCK STREET",
        "gnaf_confidence": "1",
        "gnaf_postcode": "3373",
        "gnaf_suburb": "BEAUFORT",
        "distance_to_gnaf": 0,
        "gnaf_lat": "-37.43062023999994",
        "gnaf_long": "143.38266006000003"
      },
      "geometry": {
        "type": "Point",
        "coordinates": [
          143.382666200719,
          -37.43060690224683
        ]
      }
    },
    {
      "type": "Feature",
      "properties": {
        "objectid": 10,
        "featuretype": "EMERGENCY FACILITY",
        "descripton": "An emergency management facility from which a particular agency\u2019s resources are commanded, coordinated and assigned to an incident or emergency",
        "class": "AMBULANCE STATION",
        "facility_name": "BEECHWORTH AMBULANCE STATION",
        "facility_operationalstatus": "OPERATIONAL",
        "facility_address": null,
        "abs_suburb": "BEECHWORTH",
        "facility_state": "VICTORIA",
        "abs_postcode": "3747",
        "facility_attribute_source": "HTTP://DATA.VIC.GOV.AU",
        "facility_attribute_date": null,
        "facility_source": "HTTP://DATA.VIC.GOV.AU",
        "facility_date": null,
        "facility_spatial_confidence": null,
        "facility_revised": "2018-06-06T00:00:00Z",
        "comment_": null,
        "facility_lat": "-36.35351199999997",
        "facility_long": "146.6902699950001",
        "validated": null,
        "gnaf_building_name": null,
        "gnaf_address_detail_pid": "GAVIC419740485",
        "gnaf_formatted_address": "73 FINCH STREET",
        "gnaf_confidence": "1",
        "gnaf_postcode": "3747",
        "gnaf_suburb": "BEECHWORTH",
        "distance_to_gnaf": 0,
        "gnaf_lat": "-36.35351209999993",
        "gnaf_long": "146.6902703400001"
      },
      "geometry": {
        "type": "Point",
        "coordinates": [
          146.6902758047389,
          -36.353498951334686
        ]
      }
    },
    {
      "type": "Feature",
      "properties": {
        "objectid": 11,
        "featuretype": "EMERGENCY FACILITY",
        "descripton": "An emergency management facility from which a particular agency\u2019s resources are commanded, coordinated and assigned to an incident or emergency",
        "class": "AMBULANCE STATION",
        "facility_name": "BELGRAVE AMBULANCE STATION",
        "facility_operationalstatus": "OPERATIONAL",
        "facility_address": null,
        "abs_suburb": "BELGRAVE",
        "facility_state": "VICTORIA",
        "abs_postcode": "3160",
        "facility_attribute_source": "HTTP://DATA.VIC.GOV.AU",
        "facility_attribute_date": null,
        "facility_source": "HTTP://DATA.VIC.GOV.AU",
        "facility_date": null,
        "facility_spatial_confidence": null,
        "facility_revised": "2018-06-06T00:00:00Z",
        "comment_": null,
        "facility_lat": "-37.909347999999966",
        "facility_long": "145.35697999800004",
        "validated": null,
        "gnaf_building_name": null,
        "gnaf_address_detail_pid": "GAVIC423517823",
        "gnaf_formatted_address": "6 BAYVIEW ROAD",
        "gnaf_confidence": "0",
        "gnaf_postcode": "3160",
        "gnaf_suburb": "BELGRAVE",
        "distance_to_gnaf": 0,
        "gnaf_lat": "-37.90934804999995",
        "gnaf_long": "145.35697963000007"
      },
      "geometry": {
        "type": "Point",
        "coordinates": [
          145.35698585570324,
          -37.909334864328436
        ]
      }
    },
    {
      "type": "Feature",
      "properties": {
        "objectid": 12,
        "featuretype": "EMERGENCY FACILITY",
        "descripton": "An emergency management facility from which a particular agency\u2019s resources are commanded, coordinated and assigned to an incident or emergency",
        "class": "AMBULANCE STATION",
        "facility_name": "BELMONT AMBULANCE STATION",
        "facility_operationalstatus": "OPERATIONAL",
        "facility_address": null,
        "abs_suburb": "BELMONT",
        "facility_state": "VICTORIA",
        "abs_postcode": "3216",
        "facility_attribute_source": "HTTP://DATA.VIC.GOV.AU",
        "facility_attribute_date": null,
        "facility_source": "HTTP://DATA.VIC.GOV.AU",
        "facility_date": null,
        "facility_spatial_confidence": null,
        "facility_revised": "2018-06-06T00:00:00Z",
        "comment_": null,
        "facility_lat": "-38.18981599899996",
        "facility_long": "144.3267040060001",
        "validated": null,
        "gnaf_building_name": null,
        "gnaf_address_detail_pid": "GAVIC425244547",
        "gnaf_formatted_address": "9 REYNOLDS ROAD",
        "gnaf_confidence": "1",
        "gnaf_postcode": "3216",
        "gnaf_suburb": "BELMONT",
        "distance_to_gnaf": 0,
        "gnaf_lat": "-38.18981654999993",
        "gnaf_long": "144.3267031900001"
      },
      "geometry": {
        "type": "Point",
        "coordinates": [
          144.32671001387024,
          -38.18980279513589
        ]
      }
    },
    {
      "type": "Feature",
      "properties": {
        "objectid": 13,
        "featuretype": "EMERGENCY FACILITY",
        "descripton": "An emergency management facility from which a particular agency\u2019s resources are commanded, coordinated and assigned to an incident or emergency",
        "class": "AMBULANCE STATION",
        "facility_name": "BENDIGO AMBULANCE STATION",
        "facility_operationalstatus": "OPERATIONAL",
        "facility_address": null,
        "abs_suburb": "BENDIGO",
        "facility_state": "VICTORIA",
        "abs_postcode": "3550",
        "facility_attribute_source": "HTTP://DATA.VIC.GOV.AU",
        "facility_attribute_date": null,
        "facility_source": "HTTP://DATA.VIC.GOV.AU",
        "facility_date": null,
        "facility_spatial_confidence": null,
        "facility_revised": "2018-06-06T00:00:00Z",
        "comment_": null,
        "facility_lat": "-36.75149899999997",
        "facility_long": "144.2830209970001",
        "validated": null,
        "gnaf_building_name": null,
        "gnaf_address_detail_pid": "GAVIC425092639",
        "gnaf_formatted_address": "8-10 ULEY STREET",
        "gnaf_confidence": "0",
        "gnaf_postcode": "3550",
        "gnaf_suburb": "BENDIGO",
        "distance_to_gnaf": 0,
        "gnaf_lat": "-36.75149914999997",
        "gnaf_long": "144.28302111000005"
      },
      "geometry": {
        "type": "Point",
        "coordinates": [
          144.28302716101214,
          -36.75148578432829
        ]
      }
    },
    {
      "type": "Feature",
      "properties": {
        "objectid": 14,
        "featuretype": "EMERGENCY FACILITY",
        "descripton": "An emergency management facility from which a particular agency\u2019s resources are commanded, coordinated and assigned to an incident or emergency",
        "class": "AMBULANCE STATION",
        "facility_name": "BORONIA AMBULANCE STATION",
        "facility_operationalstatus": "OPERATIONAL",
        "facility_address": null,
        "abs_suburb": "BORONIA",
        "facility_state": "VICTORIA",
        "abs_postcode": "3155",
        "facility_attribute_source": "HTTP://DATA.VIC.GOV.AU",
        "facility_attribute_date": null,
        "facility_source": "HTTP://DATA.VIC.GOV.AU",
        "facility_date": null,
        "facility_spatial_confidence": null,
        "facility_revised": "2018-06-06T00:00:00Z",
        "comment_": null,
        "facility_lat": "-37.83667699599994",
        "facility_long": "145.29625899600012",
        "validated": null,
        "gnaf_building_name": null,
        "gnaf_address_detail_pid": "GAVIC413636886",
        "gnaf_formatted_address": "29 KALMAN DRIVE",
        "gnaf_confidence": "1",
        "gnaf_postcode": "3155",
        "gnaf_suburb": "BORONIA",
        "distance_to_gnaf": 0,
        "gnaf_lat": "-37.83667667999998",
        "gnaf_long": "145.29625841000006"
      },
      "geometry": {
        "type": "Point",
        "coordinates": [
          145.29626487232574,
          -37.83666385563731
        ]
      }
    },
    {
      "type": "Feature",
      "properties": {
        "objectid": 15,
        "featuretype": "EMERGENCY FACILITY",
        "descripton": "An emergency management facility from which a particular agency\u2019s resources are commanded, coordinated and assigned to an incident or emergency",
        "class": "AMBULANCE STATION",
        "facility_name": "BOX HILL AMBULANCE STATION",
        "facility_operationalstatus": "OPERATIONAL",
        "facility_address": null,
        "abs_suburb": "BOX HILL",
        "facility_state": "VICTORIA",
        "abs_postcode": "3128",
        "facility_attribute_source": "HTTP://DATA.VIC.GOV.AU",
        "facility_attribute_date": null,
        "facility_source": "HTTP://DATA.VIC.GOV.AU",
        "facility_date": null,
        "facility_spatial_confidence": null,
        "facility_revised": "2018-06-06T00:00:00Z",
        "comment_": null,
        "facility_lat": "-37.812833000999944",
        "facility_long": "145.11600100200008",
        "validated": null,
        "gnaf_building_name": null,
        "gnaf_address_detail_pid": "GAVIC420400489",
        "gnaf_formatted_address": "492 ELGAR ROAD",
        "gnaf_confidence": "2",
        "gnaf_postcode": "3128",
        "gnaf_suburb": "BOX HILL",
        "distance_to_gnaf": 0,
        "gnaf_lat": "-37.812832999999955",
        "gnaf_long": "145.1160000000001"
      },
      "geometry": {
        "type": "Point",
        "coordinates": [
          145.1160069122233,
          -37.81281984798935
        ]
      }
    },
    {
      "type": "Feature",
      "properties": {
        "objectid": 16,
        "featuretype": "EMERGENCY FACILITY",
        "descripton": "An emergency management facility from which a particular agency\u2019s resources are commanded, coordinated and assigned to an incident or emergency",
        "class": "AMBULANCE STATION",
        "facility_name": "DONCASTER AMBULANCE STATION",
        "facility_operationalstatus": "OPERATIONAL",
        "facility_address": null,
        "abs_suburb": "BOX HILL",
        "facility_state": "VICTORIA",
        "abs_postcode": "3128",
        "facility_attribute_source": "HTTP://DATA.VIC.GOV.AU",
        "facility_attribute_date": null,
        "facility_source": "HTTP://DATA.VIC.GOV.AU",
        "facility_date": null,
        "facility_spatial_confidence": null,
        "facility_revised": "2018-06-06T00:00:00Z",
        "comment_": null,
        "facility_lat": "-37.821081307999975",
        "facility_long": "145.11443862200008",
        "validated": null,
        "gnaf_building_name": null,
        "gnaf_address_detail_pid": "GAVIC420107210",
        "gnaf_formatted_address": "406 ELGAR ROAD",
        "gnaf_confidence": "2",
        "gnaf_postcode": "3128",
        "gnaf_suburb": "BOX HILL",
        "distance_to_gnaf": 0,
        "gnaf_lat": "-37.821080999999936",
        "gnaf_long": "145.11443900000006"
      },
      "geometry": {
        "type": "Point",
        "coordinates": [
          145.11444453159038,
          -37.821068154932746
        ]
      }
    },
    {
      "type": "Feature",
      "properties": {
        "objectid": 17,
        "featuretype": "EMERGENCY FACILITY",
        "descripton": "An emergency management facility from which a particular agency\u2019s resources are commanded, coordinated and assigned to an incident or emergency",
        "class": "AMBULANCE STATION",
        "facility_name": "BRIGHT AMBULANCE STATION",
        "facility_operationalstatus": "OPERATIONAL",
        "facility_address": null,
        "abs_suburb": "BRIGHT",
        "facility_state": "VICTORIA",
        "abs_postcode": "3741",
        "facility_attribute_source": "HTTP://DATA.VIC.GOV.AU",
        "facility_attribute_date": null,
        "facility_source": "HTTP://DATA.VIC.GOV.AU",
        "facility_date": null,
        "facility_spatial_confidence": null,
        "facility_revised": "2018-06-06T00:00:00Z",
        "comment_": null,
        "facility_lat": "-36.72777691099998",
        "facility_long": "146.97260794900012",
        "validated": null,
        "gnaf_building_name": null,
        "gnaf_address_detail_pid": "GAVIC420865310",
        "gnaf_formatted_address": "45 MOUNTBATTEN AVENUE",
        "gnaf_confidence": "0",
        "gnaf_postcode": "3741",
        "gnaf_suburb": "BRIGHT",
        "distance_to_gnaf": 0,
        "gnaf_lat": "-36.727777139999944",
        "gnaf_long": "146.97260803000006"
      },
      "geometry": {
        "type": "Point",
        "coordinates": [
          146.9726136688937,
          -36.72776388618903
        ]
      }
    },
    {
      "type": "Feature",
      "properties": {
        "objectid": 18,
        "featuretype": "EMERGENCY FACILITY",
        "descripton": "An emergency management facility from which a particular agency\u2019s resources are commanded, coordinated and assigned to an incident or emergency",
        "class": "AMBULANCE STATION",
        "facility_name": "BRIGHTON AMBULANCE STATION",
        "facility_operationalstatus": "OPERATIONAL",
        "facility_address": null,
        "abs_suburb": "BRIGHTON EAST",
        "facility_state": "VICTORIA",
        "abs_postcode": "3187",
        "facility_attribute_source": "HTTP://DATA.VIC.GOV.AU",
        "facility_attribute_date": null,
        "facility_source": "HTTP://DATA.VIC.GOV.AU",
        "facility_date": null,
        "facility_spatial_confidence": null,
        "facility_revised": "2018-06-06T00:00:00Z",
        "comment_": null,
        "facility_lat": "-37.91507100399997",
        "facility_long": "145.01768399700006",
        "validated": null,
        "gnaf_building_name": null,
        "gnaf_address_detail_pid": "GAVIC421142079",
        "gnaf_formatted_address": "641 NEPEAN HIGHWAY",
        "gnaf_confidence": "2",
        "gnaf_postcode": "3187",
        "gnaf_suburb": "BRIGHTON EAST",
        "distance_to_gnaf": 0,
        "gnaf_lat": "-37.91506999999996",
        "gnaf_long": "145.01768300000003"
      },
      "geometry": {
        "type": "Point",
        "coordinates": [
          145.01768991312926,
          -37.91505784485999
        ]
      }
    },
    {
      "type": "Feature",
      "properties": {
        "objectid": 19,
        "featuretype": "EMERGENCY FACILITY",
        "descripton": "An emergency management facility from which a particular agency\u2019s resources are commanded, coordinated and assigned to an incident or emergency",
        "class": "AMBULANCE STATION",
        "facility_name": "HADFIELD AMBULANCE STATION",
        "facility_operationalstatus": "OPERATIONAL",
        "facility_address": null,
        "abs_suburb": "BROADMEADOWS",
        "facility_state": "VICTORIA",
        "abs_postcode": "3047",
        "facility_attribute_source": "HTTP://DATA.VIC.GOV.AU",
        "facility_attribute_date": null,
        "facility_source": "HTTP://DATA.VIC.GOV.AU",
        "facility_date": null,
        "facility_spatial_confidence": null,
        "facility_revised": "2018-06-06T00:00:00Z",
        "comment_": null,
        "facility_lat": "-37.69111979799993",
        "facility_long": "144.95104379800011",
        "validated": null,
        "gnaf_building_name": null,
        "gnaf_address_detail_pid": "GAVIC423897871",
        "gnaf_formatted_address": "38 THE GATEWAY ",
        "gnaf_confidence": "1",
        "gnaf_postcode": "3047",
        "gnaf_suburb": "BROADMEADOWS",
        "distance_to_gnaf": 0,
        "gnaf_lat": "-37.691119509999965",
        "gnaf_long": "144.95104405000006"
      },
      "geometry": {
        "type": "Point",
        "coordinates": [
          144.95104975003972,
          -37.69110663291226
        ]
      }
    },
    {
      "type": "Feature",
      "properties": {
        "objectid": 20,
        "featuretype": "EMERGENCY FACILITY",
        "descripton": "An emergency management facility from which a particular agency\u2019s resources are commanded, coordinated and assigned to an incident or emergency",
        "class": "AMBULANCE STATION",
        "facility_name": "MICA 15 AMBULANCE STATION",
        "facility_operationalstatus": "OPERATIONAL",
        "facility_address": null,
        "abs_suburb": "BUNDOORA",
        "facility_state": "VICTORIA",
        "abs_postcode": "3083",
        "facility_attribute_source": "HTTP://DATA.VIC.GOV.AU",
        "facility_attribute_date": null,
        "facility_source": "HTTP://DATA.VIC.GOV.AU",
        "facility_date": null,
        "facility_spatial_confidence": null,
        "facility_revised": "2018-06-06T00:00:00Z",
        "comment_": null,
        "facility_lat": "-37.699174995999954",
        "facility_long": "145.05876300300008",
        "validated": null,
        "gnaf_building_name": null,
        "gnaf_address_detail_pid": "GAVIC411020201",
        "gnaf_formatted_address": "1316 PLENTY ROAD",
        "gnaf_confidence": "1",
        "gnaf_postcode": "3083",
        "gnaf_suburb": "BUNDOORA",
        "distance_to_gnaf": 0,
        "gnaf_lat": "-37.69917527999996",
        "gnaf_long": "145.05876309000007"
      },
      "geometry": {
        "type": "Point",
        "coordinates": [
          145.0587689355488,
          -37.69916183834286
        ]
      }
    },
    {
      "type": "Feature",
      "properties": {
        "objectid": 21,
        "featuretype": "EMERGENCY FACILITY",
        "descripton": "An emergency management facility from which a particular agency\u2019s resources are commanded, coordinated and assigned to an incident or emergency",
        "class": "AMBULANCE STATION",
        "facility_name": "VERMONT SOUTH AMBULANCE STATION",
        "facility_operationalstatus": "OPERATIONAL",
        "facility_address": null,
        "abs_suburb": "BURWOOD EAST",
        "facility_state": "VICTORIA",
        "abs_postcode": "3151",
        "facility_attribute_source": "HTTP://DATA.VIC.GOV.AU",
        "facility_attribute_date": null,
        "facility_source": "HTTP://DATA.VIC.GOV.AU",
        "facility_date": null,
        "facility_spatial_confidence": null,
        "facility_revised": "2018-06-06T00:00:00Z",
        "comment_": null,
        "facility_lat": "-37.85344199799994",
        "facility_long": "145.15978200300003",
        "validated": null,
        "gnaf_building_name": null,
        "gnaf_address_detail_pid": "GAVIC420759037",
        "gnaf_formatted_address": "287-293 BURWOOD HIGHWAY",
        "gnaf_confidence": "1",
        "gnaf_postcode": "3151",
        "gnaf_suburb": "BURWOOD EAST",
        "distance_to_gnaf": 0,
        "gnaf_lat": "-37.85344272999998",
        "gnaf_long": "145.15978154000004"
      },
      "geometry": {
        "type": "Point",
        "coordinates": [
          145.1597879011644,
          -37.85342884826475
        ]
      }
    },
    {
      "type": "Feature",
      "properties": {
        "objectid": 22,
        "featuretype": "EMERGENCY FACILITY",
        "descripton": "An emergency management facility from which a particular agency\u2019s resources are commanded, coordinated and assigned to an incident or emergency",
        "class": "AMBULANCE STATION",
        "facility_name": "HARTWELL AMBULANCE STATION",
        "facility_operationalstatus": "OPERATIONAL",
        "facility_address": null,
        "abs_suburb": "CAMBERWELL",
        "facility_state": "VICTORIA",
        "abs_postcode": "3124",
        "facility_attribute_source": "HTTP://DATA.VIC.GOV.AU",
        "facility_attribute_date": null,
        "facility_source": "HTTP://DATA.VIC.GOV.AU",
        "facility_date": null,
        "facility_spatial_confidence": null,
        "facility_revised": "2018-06-06T00:00:00Z",
        "comment_": null,
        "facility_lat": "-37.84753000499995",
        "facility_long": "145.07482899600006",
        "validated": null,
        "gnaf_building_name": null,
        "gnaf_address_detail_pid": "GAVIC420409375",
        "gnaf_formatted_address": "616 CAMBERWELL ROAD",
        "gnaf_confidence": "1",
        "gnaf_postcode": "3124",
        "gnaf_suburb": "CAMBERWELL",
        "distance_to_gnaf": 0,
        "gnaf_lat": "-37.84752999999995",
        "gnaf_long": "145.07482900000002"
      },
      "geometry": {
        "type": "Point",
        "coordinates": [
          145.07483490957168,
          -37.84751684936782
        ]
      }
    },
    {
      "type": "Feature",
      "properties": {
        "objectid": 23,
        "featuretype": "EMERGENCY FACILITY",
        "descripton": "An emergency management facility from which a particular agency\u2019s resources are commanded, coordinated and assigned to an incident or emergency",
        "class": "AMBULANCE STATION",
        "facility_name": "NORTH SRC AMBULANCE STATION",
        "facility_operationalstatus": "OPERATIONAL",
        "facility_address": null,
        "abs_suburb": "CAMPBELLFIELD",
        "facility_state": "VICTORIA",
        "abs_postcode": "3061",
        "facility_attribute_source": "HTTP://DATA.VIC.GOV.AU",
        "facility_attribute_date": null,
        "facility_source": "HTTP://DATA.VIC.GOV.AU",
        "facility_date": null,
        "facility_spatial_confidence": null,
        "facility_revised": "2018-06-06T00:00:00Z",
        "comment_": null,
        "facility_lat": "-37.65495984299997",
        "facility_long": "144.96966346200009",
        "validated": null,
        "gnaf_building_name": null,
        "gnaf_address_detail_pid": "GAVIC424281865",
        "gnaf_formatted_address": "47 METROLINK CIRCUIT",
        "gnaf_confidence": "1",
        "gnaf_postcode": "3061",
        "gnaf_suburb": "CAMPBELLFIELD",
        "distance_to_gnaf": 0,
        "gnaf_lat": "-37.65495992999996",
        "gnaf_long": "144.96966380000003"
      },
      "geometry": {
        "type": "Point",
        "coordinates": [
          144.9696694147345,
          -37.65494667895998
        ]
      }
    },
    {
      "type": "Feature",
      "properties": {
        "objectid": 24,
        "featuretype": "EMERGENCY FACILITY",
        "descripton": "An emergency management facility from which a particular agency\u2019s resources are commanded, coordinated and assigned to an incident or emergency",
        "class": "AMBULANCE STATION",
        "facility_name": "ROXBURGH PARK AMBULANCE STATION",
        "facility_operationalstatus": "OPERATIONAL",
        "facility_address": null,
        "abs_suburb": "CAMPBELLFIELD",
        "facility_state": "VICTORIA",
        "abs_postcode": "3061",
        "facility_attribute_source": "HTTP://DATA.VIC.GOV.AU",
        "facility_attribute_date": null,
        "facility_source": "HTTP://DATA.VIC.GOV.AU",
        "facility_date": null,
        "facility_spatial_confidence": null,
        "facility_revised": "2018-06-06T00:00:00Z",
        "comment_": null,
        "facility_lat": "-37.64332142599994",
        "facility_long": "144.94545608500005",
        "validated": null,
        "gnaf_building_name": null,
        "gnaf_address_detail_pid": "GAVIC425466901",
        "gnaf_formatted_address": "6 LEADER STREET",
        "gnaf_confidence": "1",
        "gnaf_postcode": "3061",
        "gnaf_suburb": "CAMPBELLFIELD",
        "distance_to_gnaf": 0,
        "gnaf_lat": "-37.64332154999994",
        "gnaf_long": "144.94545645000005"
      },
      "geometry": {
        "type": "Point",
        "coordinates": [
          144.9454620431698,
          -37.64330826023374
        ]
      }
    },
    {
      "type": "Feature",
      "properties": {
        "objectid": 25,
        "featuretype": "EMERGENCY FACILITY",
        "descripton": "An emergency management facility from which a particular agency\u2019s resources are commanded, coordinated and assigned to an incident or emergency",
        "class": "AMBULANCE STATION",
        "facility_name": "ALEXANDRA AMBULANCE STATION",
        "facility_operationalstatus": "OPERATIONAL",
        "facility_address": null,
        "abs_suburb": "ALEXANDRA",
        "facility_state": "VICTORIA",
        "abs_postcode": "3714",
        "facility_attribute_source": "HTTP://DATA.VIC.GOV.AU",
        "facility_attribute_date": null,
        "facility_source": "HTTP://DATA.VIC.GOV.AU",
        "facility_date": null,
        "facility_spatial_confidence": null,
        "facility_revised": "2018-06-06T00:00:00Z",
        "comment_": null,
        "facility_lat": "-37.19553763399995",
        "facility_long": "145.71810103300004",
        "validated": null,
        "gnaf_building_name": null,
        "gnaf_address_detail_pid": "GAVIC425744480",
        "gnaf_formatted_address": "18 WATTLE STREET",
        "gnaf_confidence": "0",
        "gnaf_postcode": "3714",
        "gnaf_suburb": "ALEXANDRA",
        "distance_to_gnaf": 105,
        "gnaf_lat": "-37.196019769999964",
        "gnaf_long": "145.71708855000008"
      },
      "geometry": {
        "type": "Point",
        "coordinates": [
          145.7181069084193,
          -37.195524519390595
        ]
      }
    },
    {
      "type": "Feature",
      "properties": {
        "objectid": 26,
        "featuretype": "EMERGENCY FACILITY",
        "descripton": "An emergency management facility from which a particular agency\u2019s resources are commanded, coordinated and assigned to an incident or emergency",
        "class": "AMBULANCE STATION",
        "facility_name": "NORTHCOTE AMBULANCE STATION",
        "facility_operationalstatus": "OPERATIONAL",
        "facility_address": null,
        "abs_suburb": "ALPHINGTON",
        "facility_state": "VICTORIA",
        "abs_postcode": "3078",
        "facility_attribute_source": "HTTP://DATA.VIC.GOV.AU",
        "facility_attribute_date": null,
        "facility_source": "HTTP://DATA.VIC.GOV.AU",
        "facility_date": null,
        "facility_spatial_confidence": null,
        "facility_revised": "2018-06-06T00:00:00Z",
        "comment_": null,
        "facility_lat": "-37.78214399799998",
        "facility_long": "145.02004100500005",
        "validated": null,
        "gnaf_building_name": null,
        "gnaf_address_detail_pid": "GAVIC424531315",
        "gnaf_formatted_address": "23-27 AUSTIN STREET",
        "gnaf_confidence": "0",
        "gnaf_postcode": "3078",
        "gnaf_suburb": "ALPHINGTON",
        "distance_to_gnaf": 0,
        "gnaf_lat": "-37.78214469999995",
        "gnaf_long": "145.02004093000005"
      },
      "geometry": {
        "type": "Point",
        "coordinates": [
          145.0200469352179,
          -37.78213083819912
        ]
      }
    },
    {
      "type": "Feature",
      "properties": {
        "objectid": 27,
        "featuretype": "EMERGENCY FACILITY",
        "descripton": "An emergency management facility from which a particular agency\u2019s resources are commanded, coordinated and assigned to an incident or emergency",
        "class": "AMBULANCE STATION",
        "facility_name": "ALTONA AMBULANCE STATION",
        "facility_operationalstatus": "OPERATIONAL",
        "facility_address": null,
        "abs_suburb": "ALTONA NORTH",
        "facility_state": "VICTORIA",
        "abs_postcode": "3025",
        "facility_attribute_source": "HTTP://DATA.VIC.GOV.AU",
        "facility_attribute_date": null,
        "facility_source": "HTTP://DATA.VIC.GOV.AU",
        "facility_date": null,
        "facility_spatial_confidence": null,
        "facility_revised": "2018-06-06T00:00:00Z",
        "comment_": null,
        "facility_lat": "-37.831168995999974",
        "facility_long": "144.846151995",
        "validated": null,
        "gnaf_building_name": null,
        "gnaf_address_detail_pid": "GAVIC421026975",
        "gnaf_formatted_address": "391-397 BLACKSHAWS ROAD",
        "gnaf_confidence": "1",
        "gnaf_postcode": "3025",
        "gnaf_suburb": "ALTONA NORTH",
        "distance_to_gnaf": 0,
        "gnaf_lat": "-37.831167999999934",
        "gnaf_long": "144.84615200000007"
      },
      "geometry": {
        "type": "Point",
        "coordinates": [
          144.8461579500952,
          -37.8311558246387
        ]
      }
    },
    {
      "type": "Feature",
      "properties": {
        "objectid": 28,
        "featuretype": "EMERGENCY FACILITY",
        "descripton": "An emergency management facility from which a particular agency\u2019s resources are commanded, coordinated and assigned to an incident or emergency",
        "class": "AMBULANCE STATION",
        "facility_name": "ANGLESEA AMBULANCE STATION",
        "facility_operationalstatus": "OPERATIONAL",
        "facility_address": null,
        "abs_suburb": "ANGLESEA",
        "facility_state": "VICTORIA",
        "abs_postcode": "3230",
        "facility_attribute_source": "HTTP://DATA.VIC.GOV.AU",
        "facility_attribute_date": null,
        "facility_source": "HTTP://DATA.VIC.GOV.AU",
        "facility_date": null,
        "facility_spatial_confidence": null,
        "facility_revised": "2018-06-06T00:00:00Z",
        "comment_": null,
        "facility_lat": "-38.40984999899996",
        "facility_long": "144.18456899600005",
        "validated": null,
        "gnaf_building_name": "SENIOR CITIZENS CLUB",
        "gnaf_address_detail_pid": "GAVIC420042811",
        "gnaf_formatted_address": "3 MCMILLAN STREET",
        "gnaf_confidence": "2",
        "gnaf_postcode": "3230",
        "gnaf_suburb": "ANGLESEA",
        "distance_to_gnaf": 0,
        "gnaf_lat": "-38.40984979999996",
        "gnaf_long": "144.1845692600001"
      },
      "geometry": {
        "type": "Point",
        "coordinates": [
          144.18457500590415,
          -38.409836787169205
        ]
      }
    },
    {
      "type": "Feature",
      "properties": {
        "objectid": 29,
        "featuretype": "EMERGENCY FACILITY",
        "descripton": "An emergency management facility from which a particular agency\u2019s resources are commanded, coordinated and assigned to an incident or emergency",
        "class": "AMBULANCE STATION",
        "facility_name": "APOLLO BAY AMBULANCE STATION",
        "facility_operationalstatus": "OPERATIONAL",
        "facility_address": null,
        "abs_suburb": "APOLLO BAY",
        "facility_state": "VICTORIA",
        "abs_postcode": "3233",
        "facility_attribute_source": "HTTP://DATA.VIC.GOV.AU",
        "facility_attribute_date": null,
        "facility_source": "HTTP://DATA.VIC.GOV.AU",
        "facility_date": null,
        "facility_spatial_confidence": null,
        "facility_revised": "2018-06-06T00:00:00Z",
        "comment_": null,
        "facility_lat": "-38.75392699599996",
        "facility_long": "143.66451900100003",
        "validated": null,
        "gnaf_building_name": null,
        "gnaf_address_detail_pid": "GAVIC421178439",
        "gnaf_formatted_address": "6 PENGILLEY AVENUE",
        "gnaf_confidence": "2",
        "gnaf_postcode": "3233",
        "gnaf_suburb": "APOLLO BAY",
        "distance_to_gnaf": 0,
        "gnaf_lat": "-38.75392727999997",
        "gnaf_long": "143.66451840000002"
      },
      "geometry": {
        "type": "Point",
        "coordinates": [
          143.66452506855182,
          -38.75391375289715
        ]
      }
    },
    {
      "type": "Feature",
      "properties": {
        "objectid": 30,
        "featuretype": "EMERGENCY FACILITY",
        "descripton": "An emergency management facility from which a particular agency\u2019s resources are commanded, coordinated and assigned to an incident or emergency",
        "class": "AMBULANCE STATION",
        "facility_name": "ARARAT AMBULANCE STATION",
        "facility_operationalstatus": "OPERATIONAL",
        "facility_address": null,
        "abs_suburb": "ARARAT",
        "facility_state": "VICTORIA",
        "abs_postcode": "3377",
        "facility_attribute_source": "HTTP://DATA.VIC.GOV.AU",
        "facility_attribute_date": null,
        "facility_source": "HTTP://DATA.VIC.GOV.AU",
        "facility_date": null,
        "facility_spatial_confidence": null,
        "facility_revised": "2018-06-06T00:00:00Z",
        "comment_": null,
        "facility_lat": "-37.278495996999936",
        "facility_long": "142.9313569950001",
        "validated": null,
        "gnaf_building_name": null,
        "gnaf_address_detail_pid": "GAVIC423746450",
        "gnaf_formatted_address": "2 BASHAM STREET",
        "gnaf_confidence": "0",
        "gnaf_postcode": "3377",
        "gnaf_suburb": "ARARAT",
        "distance_to_gnaf": 0,
        "gnaf_lat": "-37.27849613999996",
        "gnaf_long": "142.93135640000003"
      },
      "geometry": {
        "type": "Point",
        "coordinates": [
          142.9313633370227,
          -37.27848269982424
        ]
      }
    },
    {
      "type": "Feature",
      "properties": {
        "objectid": 31,
        "featuretype": "EMERGENCY FACILITY",
        "descripton": "An emergency management facility from which a particular agency\u2019s resources are commanded, coordinated and assigned to an incident or emergency",
        "class": "AMBULANCE STATION",
        "facility_name": "AVOCA AMBULANCE STATION",
        "facility_operationalstatus": "OPERATIONAL",
        "facility_address": null,
        "abs_suburb": "AVOCA",
        "facility_state": "VICTORIA",
        "abs_postcode": "3467",
        "facility_attribute_source": "HTTP://DATA.VIC.GOV.AU",
        "facility_attribute_date": null,
        "facility_source": "HTTP://DATA.VIC.GOV.AU",
        "facility_date": null,
        "facility_spatial_confidence": null,
        "facility_revised": "2018-06-06T00:00:00Z",
        "comment_": null,
        "facility_lat": "-37.092608998999935",
        "facility_long": "143.4685340000001",
        "validated": null,
        "gnaf_building_name": null,
        "gnaf_address_detail_pid": "GAVIC421869799",
        "gnaf_formatted_address": "5 LIEBIG STREET",
        "gnaf_confidence": "1",
        "gnaf_postcode": "3467",
        "gnaf_suburb": "AVOCA",
        "distance_to_gnaf": 0,
        "gnaf_lat": "-37.092609299999936",
        "gnaf_long": "143.4685341500001"
      },
      "geometry": {
        "type": "Point",
        "coordinates": [
          143.46854026779795,
          -37.09259573347258
        ]
      }
    },
    {
      "type": "Feature",
      "properties": {
        "objectid": 32,
        "featuretype": "EMERGENCY FACILITY",
        "descripton": "An emergency management facility from which a particular agency\u2019s resources are commanded, coordinated and assigned to an incident or emergency",
        "class": "AMBULANCE STATION",
        "facility_name": "BACCHUS MARSH AMBULANCE STATION",
        "facility_operationalstatus": "OPERATIONAL",
        "facility_address": null,
        "abs_suburb": "BACCHUS MARSH",
        "facility_state": "VICTORIA",
        "abs_postcode": "3340",
        "facility_attribute_source": "HTTP://DATA.VIC.GOV.AU",
        "facility_attribute_date": null,
        "facility_source": "HTTP://DATA.VIC.GOV.AU",
        "facility_date": null,
        "facility_spatial_confidence": null,
        "facility_revised": "2018-06-06T00:00:00Z",
        "comment_": null,
        "facility_lat": "-37.67641900099994",
        "facility_long": "144.44323600000007",
        "validated": null,
        "gnaf_building_name": null,
        "gnaf_address_detail_pid": "GAVIC421556719",
        "gnaf_formatted_address": "230 MAIN STREET",
        "gnaf_confidence": "1",
        "gnaf_postcode": "3340",
        "gnaf_suburb": "BACCHUS MARSH",
        "distance_to_gnaf": 3,
        "gnaf_lat": "-37.67642361999998",
        "gnaf_long": "144.44327168000007"
      },
      "geometry": {
        "type": "Point",
        "coordinates": [
          144.4432420414809,
          -37.67640580166903
        ]
      }
    },
    {
      "type": "Feature",
      "properties": {
        "objectid": 33,
        "featuretype": "EMERGENCY FACILITY",
        "descripton": "An emergency management facility from which a particular agency\u2019s resources are commanded, coordinated and assigned to an incident or emergency",
        "class": "AMBULANCE STATION",
        "facility_name": "BAIRNSDALE AMBULANCE STATION",
        "facility_operationalstatus": "OPERATIONAL",
        "facility_address": null,
        "abs_suburb": "BAIRNSDALE",
        "facility_state": "VICTORIA",
        "abs_postcode": "3875",
        "facility_attribute_source": "HTTP://DATA.VIC.GOV.AU",
        "facility_attribute_date": null,
        "facility_source": "HTTP://DATA.VIC.GOV.AU",
        "facility_date": null,
        "facility_spatial_confidence": null,
        "facility_revised": "2018-06-06T00:00:00Z",
        "comment_": null,
        "facility_lat": "-37.829588000999934",
        "facility_long": "147.6130990040001",
        "validated": null,
        "gnaf_building_name": null,
        "gnaf_address_detail_pid": "GAVIC424450137",
        "gnaf_formatted_address": "446 MAIN STREET",
        "gnaf_confidence": "1",
        "gnaf_postcode": "3875",
        "gnaf_suburb": "BAIRNSDALE",
        "distance_to_gnaf": 0,
        "gnaf_lat": "-37.82958753999998",
        "gnaf_long": "147.6130983500001"
      },
      "geometry": {
        "type": "Point",
        "coordinates": [
          147.61310448211535,
          -37.829575033043305
        ]
      }
    },
    {
      "type": "Feature",
      "properties": {
        "objectid": 34,
        "featuretype": "EMERGENCY FACILITY",
        "descripton": "An emergency management facility from which a particular agency\u2019s resources are commanded, coordinated and assigned to an incident or emergency",
        "class": "AMBULANCE STATION",
        "facility_name": "BALLARAT AMBULANCE STATION",
        "facility_operationalstatus": "OPERATIONAL",
        "facility_address": null,
        "abs_suburb": "BAKERY HILL",
        "facility_state": "VICTORIA",
        "abs_postcode": "3350",
        "facility_attribute_source": "HTTP://DATA.VIC.GOV.AU",
        "facility_attribute_date": null,
        "facility_source": "HTTP://DATA.VIC.GOV.AU",
        "facility_date": null,
        "facility_spatial_confidence": null,
        "facility_revised": "2018-06-06T00:00:00Z",
        "comment_": null,
        "facility_lat": "-37.56120106599997",
        "facility_long": "143.86648523700012",
        "validated": null,
        "gnaf_building_name": "BALLARAT AND DISTRICT AMBULANCE STATION",
        "gnaf_address_detail_pid": "GAVIC423548274",
        "gnaf_formatted_address": "46 HUMFFRAY STREET",
        "gnaf_confidence": "1",
        "gnaf_postcode": "3350",
        "gnaf_suburb": "BAKERY HILL",
        "distance_to_gnaf": 0,
        "gnaf_lat": "-37.56120095999995",
        "gnaf_long": "143.86648535000006"
      },
      "geometry": {
        "type": "Point",
        "coordinates": [
          143.866491390179,
          -37.56118782845421
        ]
      }
    },
    {
      "type": "Feature",
      "properties": {
        "objectid": 35,
        "featuretype": "EMERGENCY FACILITY",
        "descripton": "An emergency management facility from which a particular agency\u2019s resources are commanded, coordinated and assigned to an incident or emergency",
        "class": "AMBULANCE STATION",
        "facility_name": "BALLAN AMBULANCE STATION",
        "facility_operationalstatus": "OPERATIONAL",
        "facility_address": null,
        "abs_suburb": "BALLAN",
        "facility_state": "VICTORIA",
        "abs_postcode": "3342",
        "facility_attribute_source": "HTTP://DATA.VIC.GOV.AU",
        "facility_attribute_date": null,
        "facility_source": "HTTP://DATA.VIC.GOV.AU",
        "facility_date": null,
        "facility_spatial_confidence": null,
        "facility_revised": "2018-06-06T00:00:00Z",
        "comment_": null,
        "facility_lat": "-37.60233399699996",
        "facility_long": "144.2287940020001",
        "validated": null,
        "gnaf_building_name": null,
        "gnaf_address_detail_pid": "GAVIC423825106",
        "gnaf_formatted_address": "66 EDOLS STREET",
        "gnaf_confidence": "1",
        "gnaf_postcode": "3342",
        "gnaf_suburb": "BALLAN",
        "distance_to_gnaf": 5,
        "gnaf_lat": "-37.60231212999997",
        "gnaf_long": "144.22884068000008"
      },
      "geometry": {
        "type": "Point",
        "coordinates": [
          144.2288000883067,
          -37.60232078310669
        ]
      }
    },
    {
      "type": "Feature",
      "properties": {
        "objectid": 36,
        "featuretype": "EMERGENCY FACILITY",
        "descripton": "An emergency management facility from which a particular agency\u2019s resources are commanded, coordinated and assigned to an incident or emergency",
        "class": "AMBULANCE STATION",
        "facility_name": "BALMORAL AMBULANCE STATION",
        "facility_operationalstatus": "OPERATIONAL",
        "facility_address": null,
        "abs_suburb": "BALMORAL",
        "facility_state": "VICTORIA",
        "abs_postcode": "3407",
        "facility_attribute_source": "HTTP://DATA.VIC.GOV.AU",
        "facility_attribute_date": null,
        "facility_source": "HTTP://DATA.VIC.GOV.AU",
        "facility_date": null,
        "facility_spatial_confidence": null,
        "facility_revised": "2018-06-06T00:00:00Z",
        "comment_": null,
        "facility_lat": "-37.24951799899998",
        "facility_long": "141.84186600100008",
        "validated": null,
        "gnaf_building_name": null,
        "gnaf_address_detail_pid": "GAVIC414323363",
        "gnaf_formatted_address": "31 BELL STREET",
        "gnaf_confidence": "1",
        "gnaf_postcode": "3407",
        "gnaf_suburb": "BALMORAL",
        "distance_to_gnaf": 0,
        "gnaf_lat": "-37.24951805999996",
        "gnaf_long": "141.8418660000001"
      },
      "geometry": {
        "type": "Point",
        "coordinates": [
          141.84187253344254,
          -37.24950463878255
        ]
      }
    },
    {
      "type": "Feature",
      "properties": {
        "objectid": 37,
        "featuretype": "EMERGENCY FACILITY",
        "descripton": "An emergency management facility from which a particular agency\u2019s resources are commanded, coordinated and assigned to an incident or emergency",
        "class": "AMBULANCE STATION",
        "facility_name": "BANNOCKBURN AMBULANCE STATION",
        "facility_operationalstatus": "OPERATIONAL",
        "facility_address": null,
        "abs_suburb": "BANNOCKBURN",
        "facility_state": "VICTORIA",
        "abs_postcode": "3331",
        "facility_attribute_source": "HTTP://DATA.VIC.GOV.AU",
        "facility_attribute_date": null,
        "facility_source": "HTTP://DATA.VIC.GOV.AU",
        "facility_date": null,
        "facility_spatial_confidence": null,
        "facility_revised": "2018-06-06T00:00:00Z",
        "comment_": null,
        "facility_lat": "-38.04940372799996",
        "facility_long": "144.17207438700007",
        "validated": null,
        "gnaf_building_name": null,
        "gnaf_address_detail_pid": "GAVIC420859871",
        "gnaf_formatted_address": "24 MOORE STREET",
        "gnaf_confidence": "2",
        "gnaf_postcode": "3331",
        "gnaf_suburb": "BANNOCKBURN",
        "distance_to_gnaf": 0,
        "gnaf_lat": "-38.049403509999934",
        "gnaf_long": "144.17207450000012"
      },
      "geometry": {
        "type": "Point",
        "coordinates": [
          144.1720804368571,
          -38.04939051315964
        ]
      }
    },
    {
      "type": "Feature",
      "properties": {
        "objectid": 38,
        "featuretype": "EMERGENCY FACILITY",
        "descripton": "An emergency management facility from which a particular agency\u2019s resources are commanded, coordinated and assigned to an incident or emergency",
        "class": "AMBULANCE STATION",
        "facility_name": "MOUNT BAW BAW AMBULANCE STATION",
        "facility_operationalstatus": "OPERATIONAL",
        "facility_address": null,
        "abs_suburb": "BAW BAW VILLAGE",
        "facility_state": "VICTORIA",
        "abs_postcode": "3833",
        "facility_attribute_source": "HTTP://DATA.VIC.GOV.AU",
        "facility_attribute_date": null,
        "facility_source": "HTTP://DATA.VIC.GOV.AU",
        "facility_date": null,
        "facility_spatial_confidence": null,
        "facility_revised": "2018-06-06T00:00:00Z",
        "comment_": null,
        "facility_lat": "-37.84043940699996",
        "facility_long": "146.26516526500006",
        "validated": null,
        "gnaf_building_name": null,
        "gnaf_address_detail_pid": "GAVIC425819124",
        "gnaf_formatted_address": "19 CURRAWONG ROAD",
        "gnaf_confidence": "0",
        "gnaf_postcode": "3833",
        "gnaf_suburb": "BAW BAW VILLAGE",
        "distance_to_gnaf": 18,
        "gnaf_lat": "-37.84058399999998",
        "gnaf_long": "146.26525900000001"
      },
      "geometry": {
        "type": "Point",
        "coordinates": [
          146.26517097329332,
          -37.84042633612475
        ]
      }
    },
    {
      "type": "Feature",
      "properties": {
        "objectid": 39,
        "featuretype": "EMERGENCY FACILITY",
        "descripton": "An emergency management facility from which a particular agency\u2019s resources are commanded, coordinated and assigned to an incident or emergency",
        "class": "AMBULANCE STATION",
        "facility_name": "EAST SRC AMBULANCE STATION",
        "facility_operationalstatus": "OPERATIONAL",
        "facility_address": null,
        "abs_suburb": "BAYSWATER NORTH",
        "facility_state": "VICTORIA",
        "abs_postcode": "3153",
        "facility_attribute_source": "HTTP://DATA.VIC.GOV.AU",
        "facility_attribute_date": null,
        "facility_source": "HTTP://DATA.VIC.GOV.AU",
        "facility_date": null,
        "facility_spatial_confidence": null,
        "facility_revised": "2018-06-06T00:00:00Z",
        "comment_": null,
        "facility_lat": "-37.831828309999935",
        "facility_long": "145.28501923800002",
        "validated": null,
        "gnaf_building_name": null,
        "gnaf_address_detail_pid": "GAVIC423790207",
        "gnaf_formatted_address": "UNIT 1 640 DORSET ROAD",
        "gnaf_confidence": "1",
        "gnaf_postcode": "3153",
        "gnaf_suburb": "BAYSWATER NORTH",
        "distance_to_gnaf": 173,
        "gnaf_lat": "-37.83190307999996",
        "gnaf_long": "145.28697828000008"
      },
      "geometry": {
        "type": "Point",
        "coordinates": [
          145.28502511681236,
          -37.83181516882391
        ]
      }
    },
    {
      "type": "Feature",
      "properties": {
        "objectid": 40,
        "featuretype": "EMERGENCY FACILITY",
        "descripton": "An emergency management facility from which a particular agency\u2019s resources are commanded, coordinated and assigned to an incident or emergency",
        "class": "AMBULANCE STATION",
        "facility_name": "BEACONSFIELD AMBULANCE STATION",
        "facility_operationalstatus": "OPERATIONAL",
        "facility_address": null,
        "abs_suburb": "BEACONSFIELD",
        "facility_state": "VICTORIA",
        "abs_postcode": "3807",
        "facility_attribute_source": "HTTP://DATA.VIC.GOV.AU",
        "facility_attribute_date": null,
        "facility_source": "HTTP://DATA.VIC.GOV.AU",
        "facility_date": null,
        "facility_spatial_confidence": null,
        "facility_revised": "2018-06-06T00:00:00Z",
        "comment_": null,
        "facility_lat": "-38.04656583099995",
        "facility_long": "145.36782563400004",
        "validated": null,
        "gnaf_building_name": null,
        "gnaf_address_detail_pid": "GAVIC414633377",
        "gnaf_formatted_address": "10 WOODS STREET",
        "gnaf_confidence": "2",
        "gnaf_postcode": "3807",
        "gnaf_suburb": "BEACONSFIELD",
        "distance_to_gnaf": 0,
        "gnaf_lat": "-38.04656610999996",
        "gnaf_long": "145.36782555000002"
      },
      "geometry": {
        "type": "Point",
        "coordinates": [
          145.3678314744842,
          -38.04655269693571
        ]
      }
    },
    {
      "type": "Feature",
      "properties": {
        "objectid": 41,
        "featuretype": "EMERGENCY FACILITY",
        "descripton": "An emergency management facility from which a particular agency\u2019s resources are commanded, coordinated and assigned to an incident or emergency",
        "class": "AMBULANCE STATION",
        "facility_name": "HEALESVILLE AMBULANCE STATION",
        "facility_operationalstatus": "OPERATIONAL",
        "facility_address": null,
        "abs_suburb": "HEALESVILLE",
        "facility_state": "VICTORIA",
        "abs_postcode": "3777",
        "facility_attribute_source": "HTTP://DATA.VIC.GOV.AU",
        "facility_attribute_date": null,
        "facility_source": "HTTP://DATA.VIC.GOV.AU",
        "facility_date": null,
        "facility_spatial_confidence": null,
        "facility_revised": "2018-06-06T00:00:00Z",
        "comment_": null,
        "facility_lat": "-37.64685519999995",
        "facility_long": "145.5274973610001",
        "validated": null,
        "gnaf_building_name": "HEALESVILLE AMBULANCE STATION",
        "gnaf_address_detail_pid": "GAVIC419553287",
        "gnaf_formatted_address": "23-25 WESTMOUNT ROAD",
        "gnaf_confidence": "1",
        "gnaf_postcode": "3777",
        "gnaf_suburb": "HEALESVILLE",
        "distance_to_gnaf": 0,
        "gnaf_lat": "-37.64685499999996",
        "gnaf_long": "145.52749700000004"
      },
      "geometry": {
        "type": "Point",
        "coordinates": [
          145.52750321851042,
          -37.64684207468567
        ]
      }
    },
    {
      "type": "Feature",
      "properties": {
        "objectid": 42,
        "featuretype": "EMERGENCY FACILITY",
        "descripton": "An emergency management facility from which a particular agency\u2019s resources are commanded, coordinated and assigned to an incident or emergency",
        "class": "AMBULANCE STATION",
        "facility_name": "HEATHCOTE AMBULANCE STATION",
        "facility_operationalstatus": "OPERATIONAL",
        "facility_address": null,
        "abs_suburb": "HEATHCOTE",
        "facility_state": "VICTORIA",
        "abs_postcode": "3523",
        "facility_attribute_source": "HTTP://DATA.VIC.GOV.AU",
        "facility_attribute_date": null,
        "facility_source": "HTTP://DATA.VIC.GOV.AU",
        "facility_date": null,
        "facility_spatial_confidence": null,
        "facility_revised": "2018-06-06T00:00:00Z",
        "comment_": null,
        "facility_lat": "-36.91487499999994",
        "facility_long": "144.69878199700008",
        "validated": null,
        "gnaf_building_name": null,
        "gnaf_address_detail_pid": "GAVIC420959706",
        "gnaf_formatted_address": "14 MARSHALL CRESCENT",
        "gnaf_confidence": "1",
        "gnaf_postcode": "3523",
        "gnaf_suburb": "HEATHCOTE",
        "distance_to_gnaf": 0,
        "gnaf_lat": "-36.914874699999984",
        "gnaf_long": "144.6987819300001"
      },
      "geometry": {
        "type": "Point",
        "coordinates": [
          144.69878807447617,
          -36.91486181295536
        ]
      }
    },
    {
      "type": "Feature",
      "properties": {
        "objectid": 43,
        "featuretype": "EMERGENCY FACILITY",
        "descripton": "An emergency management facility from which a particular agency\u2019s resources are commanded, coordinated and assigned to an incident or emergency",
        "class": "AMBULANCE STATION",
        "facility_name": "HEYFIELD AMBULANCE STATION",
        "facility_operationalstatus": "OPERATIONAL",
        "facility_address": null,
        "abs_suburb": "HEYFIELD",
        "facility_state": "VICTORIA",
        "abs_postcode": "3858",
        "facility_attribute_source": "HTTP://DATA.VIC.GOV.AU",
        "facility_attribute_date": null,
        "facility_source": "HTTP://DATA.VIC.GOV.AU",
        "facility_date": null,
        "facility_spatial_confidence": null,
        "facility_revised": "2018-06-06T00:00:00Z",
        "comment_": null,
        "facility_lat": "-37.98146789699996",
        "facility_long": "146.79044219900004",
        "validated": null,
        "gnaf_building_name": null,
        "gnaf_address_detail_pid": "GAVIC420885838",
        "gnaf_formatted_address": "1 GORDON STREET",
        "gnaf_confidence": "1",
        "gnaf_postcode": "3858",
        "gnaf_suburb": "HEYFIELD",
        "distance_to_gnaf": 0,
        "gnaf_lat": "-37.98146674999998",
        "gnaf_long": "146.79044226000008"
      },
      "geometry": {
        "type": "Point",
        "coordinates": [
          146.79044779979887,
          -37.98145486626263
        ]
      }
    },
    {
      "type": "Feature",
      "properties": {
        "objectid": 44,
        "featuretype": "EMERGENCY FACILITY",
        "descripton": "An emergency management facility from which a particular agency\u2019s resources are commanded, coordinated and assigned to an incident or emergency",
        "class": "AMBULANCE STATION",
        "facility_name": "HEYWOOD AMBULANCE STATION",
        "facility_operationalstatus": "OPERATIONAL",
        "facility_address": null,
        "abs_suburb": "HEYWOOD",
        "facility_state": "VICTORIA",
        "abs_postcode": "3304",
        "facility_attribute_source": "HTTP://DATA.VIC.GOV.AU",
        "facility_attribute_date": null,
        "facility_source": "HTTP://DATA.VIC.GOV.AU",
        "facility_date": null,
        "facility_spatial_confidence": null,
        "facility_revised": "2018-06-06T00:00:00Z",
        "comment_": null,
        "facility_lat": "-38.13705402199997",
        "facility_long": "141.62600302600003",
        "validated": null,
        "gnaf_building_name": "HEYWOOD AM",
        "gnaf_address_detail_pid": "GAVIC420635510",
        "gnaf_formatted_address": "15 BARCLAY STREET",
        "gnaf_confidence": "1",
        "gnaf_postcode": "3304",
        "gnaf_suburb": "HEYWOOD",
        "distance_to_gnaf": 0,
        "gnaf_lat": "-38.13705422999993",
        "gnaf_long": "141.62600296000005"
      },
      "geometry": {
        "type": "Point",
        "coordinates": [
          141.62600951904983,
          -38.13704065528423
        ]
      }
    },
    {
      "type": "Feature",
      "properties": {
        "objectid": 45,
        "featuretype": "EMERGENCY FACILITY",
        "descripton": "An emergency management facility from which a particular agency\u2019s resources are commanded, coordinated and assigned to an incident or emergency",
        "class": "AMBULANCE STATION",
        "facility_name": "HILLSIDE AMBULANCE STATION",
        "facility_operationalstatus": "OPERATIONAL",
        "facility_address": null,
        "abs_suburb": "HILLSIDE",
        "facility_state": "VICTORIA",
        "abs_postcode": "3037",
        "facility_attribute_source": "HTTP://DATA.VIC.GOV.AU",
        "facility_attribute_date": null,
        "facility_source": "HTTP://DATA.VIC.GOV.AU",
        "facility_date": null,
        "facility_spatial_confidence": null,
        "facility_revised": "2018-06-06T00:00:00Z",
        "comment_": null,
        "facility_lat": "-37.69099979799995",
        "facility_long": "144.73288228400008",
        "validated": null,
        "gnaf_building_name": null,
        "gnaf_address_detail_pid": "GAVIC424726677",
        "gnaf_formatted_address": "2 BEATTYS ROAD",
        "gnaf_confidence": "2",
        "gnaf_postcode": "3037",
        "gnaf_suburb": "HILLSIDE",
        "distance_to_gnaf": 0,
        "gnaf_lat": "-37.69099972999993",
        "gnaf_long": "144.73288260000004"
      },
      "geometry": {
        "type": "Point",
        "coordinates": [
          144.73288827378536,
          -37.69098661810961
        ]
      }
    },
    {
      "type": "Feature",
      "properties": {
        "objectid": 46,
        "featuretype": "EMERGENCY FACILITY",
        "descripton": "An emergency management facility from which a particular agency\u2019s resources are commanded, coordinated and assigned to an incident or emergency",
        "class": "AMBULANCE STATION",
        "facility_name": "HOPETOUN AMBULANCE STATION",
        "facility_operationalstatus": "OPERATIONAL",
        "facility_address": null,
        "abs_suburb": "HOPETOUN",
        "facility_state": "VICTORIA",
        "abs_postcode": "3396",
        "facility_attribute_source": "HTTP://DATA.VIC.GOV.AU",
        "facility_attribute_date": null,
        "facility_source": "HTTP://DATA.VIC.GOV.AU",
        "facility_date": null,
        "facility_spatial_confidence": null,
        "facility_revised": "2018-06-06T00:00:00Z",
        "comment_": null,
        "facility_lat": "-35.73207199799998",
        "facility_long": "142.3660669960001",
        "validated": null,
        "gnaf_building_name": null,
        "gnaf_address_detail_pid": "GAVIC423764559",
        "gnaf_formatted_address": "UNIT 1 6 MITCHELL PLACE",
        "gnaf_confidence": "1",
        "gnaf_postcode": "3396",
        "gnaf_suburb": "HOPETOUN",
        "distance_to_gnaf": 135,
        "gnaf_lat": "-35.73093912999997",
        "gnaf_long": "142.3655103000001"
      },
      "geometry": {
        "type": "Point",
        "coordinates": [
          142.36607357203584,
          -35.732058657894946
        ]
      }
    },
    {
      "type": "Feature",
      "properties": {
        "objectid": 47,
        "featuretype": "EMERGENCY FACILITY",
        "descripton": "An emergency management facility from which a particular agency\u2019s resources are commanded, coordinated and assigned to an incident or emergency",
        "class": "AMBULANCE STATION",
        "facility_name": "HOPPERS CROSSING AMBULANCE STATION",
        "facility_operationalstatus": "OPERATIONAL",
        "facility_address": null,
        "abs_suburb": "HOPPERS CROSSING",
        "facility_state": "VICTORIA",
        "abs_postcode": "3029",
        "facility_attribute_source": "HTTP://DATA.VIC.GOV.AU",
        "facility_attribute_date": null,
        "facility_source": "HTTP://DATA.VIC.GOV.AU",
        "facility_date": null,
        "facility_spatial_confidence": null,
        "facility_revised": "2018-06-06T00:00:00Z",
        "comment_": null,
        "facility_lat": "-37.876148170999954",
        "facility_long": "144.7202434300001",
        "validated": null,
        "gnaf_building_name": null,
        "gnaf_address_detail_pid": "GAVIC424277895",
        "gnaf_formatted_address": "UNIT 10 3-4 DESIRE PLACE",
        "gnaf_confidence": "1",
        "gnaf_postcode": "3029",
        "gnaf_suburb": "HOPPERS CROSSING",
        "distance_to_gnaf": 0,
        "gnaf_lat": "-37.87614819999993",
        "gnaf_long": "144.72024311000007"
      },
      "geometry": {
        "type": "Point",
        "coordinates": [
          144.72024940217517,
          -37.876134991403276
        ]
      }
    },
    {
      "type": "Feature",
      "properties": {
        "objectid": 48,
        "featuretype": "EMERGENCY FACILITY",
        "descripton": "An emergency management facility from which a particular agency\u2019s resources are commanded, coordinated and assigned to an incident or emergency",
        "class": "AMBULANCE STATION",
        "facility_name": "HORSHAM AMBULANCE STATION",
        "facility_operationalstatus": "OPERATIONAL",
        "facility_address": null,
        "abs_suburb": "HORSHAM",
        "facility_state": "VICTORIA",
        "abs_postcode": "3400",
        "facility_attribute_source": "HTTP://DATA.VIC.GOV.AU",
        "facility_attribute_date": null,
        "facility_source": "HTTP://DATA.VIC.GOV.AU",
        "facility_date": null,
        "facility_spatial_confidence": null,
        "facility_revised": "2018-06-06T00:00:00Z",
        "comment_": null,
        "facility_lat": "-36.718999001999975",
        "facility_long": "142.20207300200002",
        "validated": null,
        "gnaf_building_name": "HORSHAM AMBULANCE STATION",
        "gnaf_address_detail_pid": "GAVIC424590303",
        "gnaf_formatted_address": "42 URQUHART STREET",
        "gnaf_confidence": "1",
        "gnaf_postcode": "3400",
        "gnaf_suburb": "HORSHAM",
        "distance_to_gnaf": 0,
        "gnaf_lat": "-36.71899827999994",
        "gnaf_long": "142.20207271000004"
      },
      "geometry": {
        "type": "Point",
        "coordinates": [
          142.2020795191993,
          -36.71898565873685
        ]
      }
    },
    {
      "type": "Feature",
      "properties": {
        "objectid": 49,
        "featuretype": "EMERGENCY FACILITY",
        "descripton": "An emergency management facility from which a particular agency\u2019s resources are commanded, coordinated and assigned to an incident or emergency",
        "class": "AMBULANCE STATION",
        "facility_name": "COLAC AMBULANCE STATION",
        "facility_operationalstatus": "OPERATIONAL",
        "facility_address": null,
        "abs_suburb": "COLAC",
        "facility_state": "VICTORIA",
        "abs_postcode": "3250",
        "facility_attribute_source": "HTTP://DATA.VIC.GOV.AU",
        "facility_attribute_date": null,
        "facility_source": "HTTP://DATA.VIC.GOV.AU",
        "facility_date": null,
        "facility_spatial_confidence": null,
        "facility_revised": "2018-06-06T00:00:00Z",
        "comment_": null,
        "facility_lat": "-38.342261003999965",
        "facility_long": "143.5874999990001",
        "validated": null,
        "gnaf_building_name": null,
        "gnaf_address_detail_pid": "GAVIC423645955",
        "gnaf_formatted_address": "24-26 RAE STREET",
        "gnaf_confidence": "1",
        "gnaf_postcode": "3250",
        "gnaf_suburb": "COLAC",
        "distance_to_gnaf": 0,
        "gnaf_lat": "-38.342260789999955",
        "gnaf_long": "143.5875001500001"
      },
      "geometry": {
        "type": "Point",
        "coordinates": [
          143.58750612237563,
          -38.34224775357717
        ]
      }
    },
    {
      "type": "Feature",
      "properties": {
        "objectid": 50,
        "featuretype": "EMERGENCY FACILITY",
        "descripton": "An emergency management facility from which a particular agency\u2019s resources are commanded, coordinated and assigned to an incident or emergency",
        "class": "AMBULANCE STATION",
        "facility_name": "COLERAINE AMBULANCE STATION",
        "facility_operationalstatus": "OPERATIONAL",
        "facility_address": null,
        "abs_suburb": "COLERAINE",
        "facility_state": "VICTORIA",
        "abs_postcode": "3315",
        "facility_attribute_source": "HTTP://DATA.VIC.GOV.AU",
        "facility_attribute_date": null,
        "facility_source": "HTTP://DATA.VIC.GOV.AU",
        "facility_date": null,
        "facility_spatial_confidence": null,
        "facility_revised": "2018-06-06T00:00:00Z",
        "comment_": null,
        "facility_lat": "-37.599419128999955",
        "facility_long": "141.69327094100004",
        "validated": null,
        "gnaf_building_name": null,
        "gnaf_address_detail_pid": "GAVIC414214343",
        "gnaf_formatted_address": "19 HENTY STREET",
        "gnaf_confidence": "1",
        "gnaf_postcode": "3315",
        "gnaf_suburb": "COLERAINE",
        "distance_to_gnaf": 0,
        "gnaf_lat": "-37.59941920999995",
        "gnaf_long": "141.69327081000006"
      },
      "geometry": {
        "type": "Point",
        "coordinates": [
          141.69327746895522,
          -37.59940576272415
        ]
      }
    },
    {
      "type": "Feature",
      "properties": {
        "objectid": 51,
        "featuretype": "EMERGENCY FACILITY",
        "descripton": "An emergency management facility from which a particular agency\u2019s resources are commanded, coordinated and assigned to an incident or emergency",
        "class": "AMBULANCE STATION",
        "facility_name": "CORRYONG AMBULANCE STATION",
        "facility_operationalstatus": "OPERATIONAL",
        "facility_address": null,
        "abs_suburb": "CORRYONG",
        "facility_state": "VICTORIA",
        "abs_postcode": "3707",
        "facility_attribute_source": "HTTP://DATA.VIC.GOV.AU",
        "facility_attribute_date": null,
        "facility_source": "HTTP://DATA.VIC.GOV.AU",
        "facility_date": null,
        "facility_spatial_confidence": null,
        "facility_revised": "2018-06-06T00:00:00Z",
        "comment_": null,
        "facility_lat": "-36.19444579999998",
        "facility_long": "147.90346095200005",
        "validated": null,
        "gnaf_building_name": "AMBULANCE STATION",
        "gnaf_address_detail_pid": "GAVIC420116375",
        "gnaf_formatted_address": "20 JARDINE STREET",
        "gnaf_confidence": "1",
        "gnaf_postcode": "3707",
        "gnaf_suburb": "CORRYONG",
        "distance_to_gnaf": 0,
        "gnaf_lat": "-36.194445849999966",
        "gnaf_long": "147.90346082000008"
      },
      "geometry": {
        "type": "Point",
        "coordinates": [
          147.90346658466288,
          -36.19443284468
        ]
      }
    },
    {
      "type": "Feature",
      "properties": {
        "objectid": 52,
        "featuretype": "EMERGENCY FACILITY",
        "descripton": "An emergency management facility from which a particular agency\u2019s resources are commanded, coordinated and assigned to an incident or emergency",
        "class": "AMBULANCE STATION",
        "facility_name": "COWES AMBULANCE STATION",
        "facility_operationalstatus": "OPERATIONAL",
        "facility_address": null,
        "abs_suburb": "COWES",
        "facility_state": "VICTORIA",
        "abs_postcode": "3922",
        "facility_attribute_source": "HTTP://DATA.VIC.GOV.AU",
        "facility_attribute_date": null,
        "facility_source": "HTTP://DATA.VIC.GOV.AU",
        "facility_date": null,
        "facility_spatial_confidence": null,
        "facility_revised": "2018-06-06T00:00:00Z",
        "comment_": null,
        "facility_lat": "-38.45888299899997",
        "facility_long": "145.25105600400002",
        "validated": null,
        "gnaf_building_name": null,
        "gnaf_address_detail_pid": "GAVIC423729290",
        "gnaf_formatted_address": "14 INDUSTRIAL WAY",
        "gnaf_confidence": "1",
        "gnaf_postcode": "3922",
        "gnaf_suburb": "COWES",
        "distance_to_gnaf": 0,
        "gnaf_lat": "-38.45888302999998",
        "gnaf_long": "145.25105623000002"
      },
      "geometry": {
        "type": "Point",
        "coordinates": [
          145.25106181878078,
          -38.45886985931656
        ]
      }
    },
    {
      "type": "Feature",
      "properties": {
        "objectid": 53,
        "featuretype": "EMERGENCY FACILITY",
        "descripton": "An emergency management facility from which a particular agency\u2019s resources are commanded, coordinated and assigned to an incident or emergency",
        "class": "AMBULANCE STATION",
        "facility_name": "CRAIGIEBURN AMBULANCE STATION",
        "facility_operationalstatus": "OPERATIONAL",
        "facility_address": null,
        "abs_suburb": "CRAIGIEBURN",
        "facility_state": "VICTORIA",
        "abs_postcode": "3064",
        "facility_attribute_source": "HTTP://DATA.VIC.GOV.AU",
        "facility_attribute_date": null,
        "facility_source": "HTTP://DATA.VIC.GOV.AU",
        "facility_date": null,
        "facility_spatial_confidence": null,
        "facility_revised": "2018-06-06T00:00:00Z",
        "comment_": null,
        "facility_lat": "-37.594460425999955",
        "facility_long": "144.91789723800002",
        "validated": null,
        "gnaf_building_name": null,
        "gnaf_address_detail_pid": "GAVIC425737820",
        "gnaf_formatted_address": "109 LYGON DRIVE",
        "gnaf_confidence": "1",
        "gnaf_postcode": "3064",
        "gnaf_suburb": "CRAIGIEBURN",
        "distance_to_gnaf": 87,
        "gnaf_lat": "-37.595247419999964",
        "gnaf_long": "144.9179091300001"
      },
      "geometry": {
        "type": "Point",
        "coordinates": [
          144.9179032061887,
          -37.59444725804995
        ]
      }
    },
    {
      "type": "Feature",
      "properties": {
        "objectid": 54,
        "featuretype": "EMERGENCY FACILITY",
        "descripton": "An emergency management facility from which a particular agency\u2019s resources are commanded, coordinated and assigned to an incident or emergency",
        "class": "AMBULANCE STATION",
        "facility_name": "CRANBOURNE AMBULANCE STATION",
        "facility_operationalstatus": "OPERATIONAL",
        "facility_address": null,
        "abs_suburb": "CRANBOURNE",
        "facility_state": "VICTORIA",
        "abs_postcode": "3977",
        "facility_attribute_source": "HTTP://DATA.VIC.GOV.AU",
        "facility_attribute_date": null,
        "facility_source": "HTTP://DATA.VIC.GOV.AU",
        "facility_date": null,
        "facility_spatial_confidence": null,
        "facility_revised": "2018-06-06T00:00:00Z",
        "comment_": null,
        "facility_lat": "-38.11460100299996",
        "facility_long": "145.27914600600002",
        "validated": null,
        "gnaf_building_name": null,
        "gnaf_address_detail_pid": "GAVIC424792928",
        "gnaf_formatted_address": "15 GRANT STREET",
        "gnaf_confidence": "1",
        "gnaf_postcode": "3977",
        "gnaf_suburb": "CRANBOURNE",
        "distance_to_gnaf": 17,
        "gnaf_lat": "-38.114528409999934",
        "gnaf_long": "145.27897113000006"
      },
      "geometry": {
        "type": "Point",
        "coordinates": [
          145.27915185440042,
          -38.114587863162
        ]
      }
    },
    {
      "type": "Feature",
      "properties": {
        "objectid": 55,
        "featuretype": "EMERGENCY FACILITY",
        "descripton": "An emergency management facility from which a particular agency\u2019s resources are commanded, coordinated and assigned to an incident or emergency",
        "class": "AMBULANCE STATION",
        "facility_name": "LYNDHURST AMBULANCE STATION",
        "facility_operationalstatus": "OPERATIONAL",
        "facility_address": null,
        "abs_suburb": "CRANBOURNE NORTH",
        "facility_state": "VICTORIA",
        "abs_postcode": "3977",
        "facility_attribute_source": "HTTP://DATA.VIC.GOV.AU",
        "facility_attribute_date": null,
        "facility_source": "HTTP://DATA.VIC.GOV.AU",
        "facility_date": null,
        "facility_spatial_confidence": null,
        "facility_revised": "2018-06-06T00:00:00Z",
        "comment_": null,
        "facility_lat": "-38.07452889799998",
        "facility_long": "145.27324349900005",
        "validated": null,
        "gnaf_building_name": null,
        "gnaf_address_detail_pid": "GAVIC421337263",
        "gnaf_formatted_address": "4 HUON PARK ROAD",
        "gnaf_confidence": "2",
        "gnaf_postcode": "3977",
        "gnaf_suburb": "CRANBOURNE NORTH",
        "distance_to_gnaf": 0,
        "gnaf_lat": "-38.074529249999955",
        "gnaf_long": "145.27324356000008"
      },
      "geometry": {
        "type": "Point",
        "coordinates": [
          145.27324935290284,
          -38.07451575750414
        ]
      }
    },
    {
      "type": "Feature",
      "properties": {
        "objectid": 56,
        "featuretype": "EMERGENCY FACILITY",
        "descripton": "An emergency management facility from which a particular agency\u2019s resources are commanded, coordinated and assigned to an incident or emergency",
        "class": "AMBULANCE STATION",
        "facility_name": "CRESWICK AMBULANCE STATION",
        "facility_operationalstatus": "OPERATIONAL",
        "facility_address": null,
        "abs_suburb": "CRESWICK",
        "facility_state": "VICTORIA",
        "abs_postcode": "3363",
        "facility_attribute_source": "HTTP://DATA.VIC.GOV.AU",
        "facility_attribute_date": null,
        "facility_source": "HTTP://DATA.VIC.GOV.AU",
        "facility_date": null,
        "facility_spatial_confidence": null,
        "facility_revised": "2018-06-06T00:00:00Z",
        "comment_": null,
        "facility_lat": "-37.40961087799997",
        "facility_long": "143.8849725660001",
        "validated": null,
        "gnaf_building_name": null,
        "gnaf_address_detail_pid": "GAVIC425014116",
        "gnaf_formatted_address": "25 DAVIES STREET",
        "gnaf_confidence": "1",
        "gnaf_postcode": "3363",
        "gnaf_suburb": "CRESWICK",
        "distance_to_gnaf": 0,
        "gnaf_lat": "-37.40961079999994",
        "gnaf_long": "143.88497302000007"
      },
      "geometry": {
        "type": "Point",
        "coordinates": [
          143.88497873123603,
          -37.40959764069588
        ]
      }
    },
    {
      "type": "Feature",
      "properties": {
        "objectid": 57,
        "featuretype": "EMERGENCY FACILITY",
        "descripton": "An emergency management facility from which a particular agency\u2019s resources are commanded, coordinated and assigned to an incident or emergency",
        "class": "AMBULANCE STATION",
        "facility_name": "BELLARINE AMBULANCE STATION",
        "facility_operationalstatus": "OPERATIONAL",
        "facility_address": null,
        "abs_suburb": "CURLEWIS",
        "facility_state": "VICTORIA",
        "abs_postcode": "3222",
        "facility_attribute_source": "HTTP://DATA.VIC.GOV.AU",
        "facility_attribute_date": null,
        "facility_source": "HTTP://DATA.VIC.GOV.AU",
        "facility_date": null,
        "facility_spatial_confidence": null,
        "facility_revised": "2018-06-06T00:00:00Z",
        "comment_": null,
        "facility_lat": "-38.19288299599998",
        "facility_long": "144.54880699900002",
        "validated": null,
        "gnaf_building_name": null,
        "gnaf_address_detail_pid": "GAVIC424357011",
        "gnaf_formatted_address": "840-900 GRUBB ROAD",
        "gnaf_confidence": "0",
        "gnaf_postcode": "3222",
        "gnaf_suburb": "DRYSDALE",
        "distance_to_gnaf": 0,
        "gnaf_lat": "-38.192882259999976",
        "gnaf_long": "144.54880729"
      },
      "geometry": {
        "type": "Point",
        "coordinates": [
          144.54881296731617,
          -38.192869806860365
        ]
      }
    },
    {
      "type": "Feature",
      "properties": {
        "objectid": 58,
        "featuretype": "EMERGENCY FACILITY",
        "descripton": "An emergency management facility from which a particular agency\u2019s resources are commanded, coordinated and assigned to an incident or emergency",
        "class": "AMBULANCE STATION",
        "facility_name": "DANDENONG AMBULANCE STATION",
        "facility_operationalstatus": "OPERATIONAL",
        "facility_address": null,
        "abs_suburb": "DANDENONG",
        "facility_state": "VICTORIA",
        "abs_postcode": "3175",
        "facility_attribute_source": "HTTP://DATA.VIC.GOV.AU",
        "facility_attribute_date": null,
        "facility_source": "HTTP://DATA.VIC.GOV.AU",
        "facility_date": null,
        "facility_spatial_confidence": null,
        "facility_revised": "2018-06-06T00:00:00Z",
        "comment_": null,
        "facility_lat": "-37.97760214099998",
        "facility_long": "145.20682560900002",
        "validated": null,
        "gnaf_building_name": null,
        "gnaf_address_detail_pid": "GAVIC420679733",
        "gnaf_formatted_address": "120 PRINCES HIGHWAY",
        "gnaf_confidence": "0",
        "gnaf_postcode": "3175",
        "gnaf_suburb": "DANDENONG",
        "distance_to_gnaf": 0,
        "gnaf_lat": "-37.97760199999993",
        "gnaf_long": "145.2068250000001"
      },
      "geometry": {
        "type": "Point",
        "coordinates": [
          145.20683148527414,
          -37.977588995290645
        ]
      }
    },
    {
      "type": "Feature",
      "properties": {
        "objectid": 59,
        "featuretype": "EMERGENCY FACILITY",
        "descripton": "An emergency management facility from which a particular agency\u2019s resources are commanded, coordinated and assigned to an incident or emergency",
        "class": "AMBULANCE STATION",
        "facility_name": "SOUTH SRC AMBULANCE STATION",
        "facility_operationalstatus": "OPERATIONAL",
        "facility_address": null,
        "abs_suburb": "DANDENONG SOUTH",
        "facility_state": "VICTORIA",
        "abs_postcode": "3175",
        "facility_attribute_source": "HTTP://DATA.VIC.GOV.AU",
        "facility_attribute_date": null,
        "facility_source": "HTTP://DATA.VIC.GOV.AU",
        "facility_date": null,
        "facility_spatial_confidence": null,
        "facility_revised": "2018-06-06T00:00:00Z",
        "comment_": null,
        "facility_lat": "-38.011094551999975",
        "facility_long": "145.20190377000006",
        "validated": null,
        "gnaf_building_name": null,
        "gnaf_address_detail_pid": "GAVIC425539467",
        "gnaf_formatted_address": "82 SMEATON AVENUE",
        "gnaf_confidence": "1",
        "gnaf_postcode": "3175",
        "gnaf_suburb": "DANDENONG SOUTH",
        "distance_to_gnaf": 0,
        "gnaf_lat": "-38.011094399999934",
        "gnaf_long": "145.20190421000007"
      },
      "geometry": {
        "type": "Point",
        "coordinates": [
          145.20190964342484,
          -38.01108140615606
        ]
      }
    },
    {
      "type": "Feature",
      "properties": {
        "objectid": 60,
        "featuretype": "EMERGENCY FACILITY",
        "descripton": "An emergency management facility from which a particular agency\u2019s resources are commanded, coordinated and assigned to an incident or emergency",
        "class": "AMBULANCE STATION",
        "facility_name": "DAYLESFORD AMBULANCE STATION",
        "facility_operationalstatus": "OPERATIONAL",
        "facility_address": null,
        "abs_suburb": "DAYLESFORD",
        "facility_state": "VICTORIA",
        "abs_postcode": "3460",
        "facility_attribute_source": "HTTP://DATA.VIC.GOV.AU",
        "facility_attribute_date": null,
        "facility_source": "HTTP://DATA.VIC.GOV.AU",
        "facility_date": null,
        "facility_spatial_confidence": null,
        "facility_revised": "2018-06-06T00:00:00Z",
        "comment_": null,
        "facility_lat": "-37.34118899599997",
        "facility_long": "144.13059900300004",
        "validated": null,
        "gnaf_building_name": null,
        "gnaf_address_detail_pid": "GAVIC420658823",
        "gnaf_formatted_address": "4374 MIDLAND HIGHWAY",
        "gnaf_confidence": "-1",
        "gnaf_postcode": "3460",
        "gnaf_suburb": "DAYLESFORD",
        "distance_to_gnaf": 0,
        "gnaf_lat": "-37.34118947999997",
        "gnaf_long": "144.1305983300001"
      },
      "geometry": {
        "type": "Point",
        "coordinates": [
          144.13060513298225,
          -37.34117577409048
        ]
      }
    },
    {
      "type": "Feature",
      "properties": {
        "objectid": 61,
        "featuretype": "EMERGENCY FACILITY",
        "descripton": "An emergency management facility from which a particular agency\u2019s resources are commanded, coordinated and assigned to an incident or emergency",
        "class": "AMBULANCE STATION",
        "facility_name": "BRIMBANK AMBULANCE STATION",
        "facility_operationalstatus": "OPERATIONAL",
        "facility_address": null,
        "abs_suburb": "DELAHEY",
        "facility_state": "VICTORIA",
        "abs_postcode": "3037",
        "facility_attribute_source": "HTTP://DATA.VIC.GOV.AU",
        "facility_attribute_date": null,
        "facility_source": "HTTP://DATA.VIC.GOV.AU",
        "facility_date": null,
        "facility_spatial_confidence": null,
        "facility_revised": "2018-06-06T00:00:00Z",
        "comment_": null,
        "facility_lat": "-37.72550899699996",
        "facility_long": "144.7811239980001",
        "validated": null,
        "gnaf_building_name": null,
        "gnaf_address_detail_pid": "GAVIC424496413",
        "gnaf_formatted_address": "181-183 KINGS ROAD",
        "gnaf_confidence": "0",
        "gnaf_postcode": "3037",
        "gnaf_suburb": "DELAHEY",
        "distance_to_gnaf": 0,
        "gnaf_lat": "-37.72550881999996",
        "gnaf_long": "144.78112489000011"
      },
      "geometry": {
        "type": "Point",
        "coordinates": [
          144.78112997574178,
          -37.7254958205799
        ]
      }
    },
    {
      "type": "Feature",
      "properties": {
        "objectid": 62,
        "featuretype": "EMERGENCY FACILITY",
        "descripton": "An emergency management facility from which a particular agency\u2019s resources are commanded, coordinated and assigned to an incident or emergency",
        "class": "AMBULANCE STATION",
        "facility_name": "DIAMOND CREEK AMBULANCE STATION",
        "facility_operationalstatus": "OPERATIONAL",
        "facility_address": null,
        "abs_suburb": "DIAMOND CREEK",
        "facility_state": "VICTORIA",
        "abs_postcode": "3089",
        "facility_attribute_source": "HTTP://DATA.VIC.GOV.AU",
        "facility_attribute_date": null,
        "facility_source": "HTTP://DATA.VIC.GOV.AU",
        "facility_date": null,
        "facility_spatial_confidence": null,
        "facility_revised": "2018-06-06T00:00:00Z",
        "comment_": null,
        "facility_lat": "-37.673839001999966",
        "facility_long": "145.1606229990001",
        "validated": null,
        "gnaf_building_name": null,
        "gnaf_address_detail_pid": "GAVIC423641270",
        "gnaf_formatted_address": "83 MAIN HURSTBRIDGE ROAD",
        "gnaf_confidence": "1",
        "gnaf_postcode": "3089",
        "gnaf_suburb": "DIAMOND CREEK",
        "distance_to_gnaf": 0,
        "gnaf_lat": "-37.673839089999944",
        "gnaf_long": "145.16062290000002"
      },
      "geometry": {
        "type": "Point",
        "coordinates": [
          145.16062891672667,
          -37.67382585120813
        ]
      }
    },
    {
      "type": "Feature",
      "properties": {
        "objectid": 63,
        "featuretype": "EMERGENCY FACILITY",
        "descripton": "An emergency management facility from which a particular agency\u2019s resources are commanded, coordinated and assigned to an incident or emergency",
        "class": "AMBULANCE STATION",
        "facility_name": "DIMBOOLA AMBULANCE STATION",
        "facility_operationalstatus": "OPERATIONAL",
        "facility_address": null,
        "abs_suburb": "DIMBOOLA",
        "facility_state": "VICTORIA",
        "abs_postcode": "3414",
        "facility_attribute_source": "HTTP://DATA.VIC.GOV.AU",
        "facility_attribute_date": null,
        "facility_source": "HTTP://DATA.VIC.GOV.AU",
        "facility_date": null,
        "facility_spatial_confidence": null,
        "facility_revised": "2018-06-06T00:00:00Z",
        "comment_": null,
        "facility_lat": "-36.45580399599993",
        "facility_long": "142.02746499900002",
        "validated": null,
        "gnaf_building_name": null,
        "gnaf_address_detail_pid": "GAVIC420571023",
        "gnaf_formatted_address": "63 LLOYD STREET",
        "gnaf_confidence": "1",
        "gnaf_postcode": "3414",
        "gnaf_suburb": "DIMBOOLA",
        "distance_to_gnaf": 0,
        "gnaf_lat": "-36.455804409999985",
        "gnaf_long": "142.02746558"
      },
      "geometry": {
        "type": "Point",
        "coordinates": [
          142.02747156845646,
          -36.455790641221036
        ]
      }
    },
    {
      "type": "Feature",
      "properties": {
        "objectid": 64,
        "featuretype": "EMERGENCY FACILITY",
        "descripton": "An emergency management facility from which a particular agency\u2019s resources are commanded, coordinated and assigned to an incident or emergency",
        "class": "AMBULANCE STATION",
        "facility_name": "DONALD AMBULANCE STATION",
        "facility_operationalstatus": "OPERATIONAL",
        "facility_address": null,
        "abs_suburb": "DONALD",
        "facility_state": "VICTORIA",
        "abs_postcode": "3480",
        "facility_attribute_source": "HTTP://DATA.VIC.GOV.AU",
        "facility_attribute_date": null,
        "facility_source": "HTTP://DATA.VIC.GOV.AU",
        "facility_date": null,
        "facility_spatial_confidence": null,
        "facility_revised": "2018-06-06T00:00:00Z",
        "comment_": null,
        "facility_lat": "-36.369348996999975",
        "facility_long": "142.974021998",
        "validated": null,
        "gnaf_building_name": null,
        "gnaf_address_detail_pid": "GAVIC424450546",
        "gnaf_formatted_address": "29 MCCRACKEN AVENUE",
        "gnaf_confidence": "2",
        "gnaf_postcode": "3480",
        "gnaf_suburb": "DONALD",
        "distance_to_gnaf": 0,
        "gnaf_lat": "-36.36934942999994",
        "gnaf_long": "142.97402234000003"
      },
      "geometry": {
        "type": "Point",
        "coordinates": [
          142.9740284172475,
          -36.36933569670081
        ]
      }
    },
    {
      "type": "Feature",
      "properties": {
        "objectid": 65,
        "featuretype": "EMERGENCY FACILITY",
        "descripton": "An emergency management facility from which a particular agency\u2019s resources are commanded, coordinated and assigned to an incident or emergency",
        "class": "AMBULANCE STATION",
        "facility_name": "DROUIN AMBULANCE STATION",
        "facility_operationalstatus": "OPERATIONAL",
        "facility_address": null,
        "abs_suburb": "DROUIN",
        "facility_state": "VICTORIA",
        "abs_postcode": "3818",
        "facility_attribute_source": "HTTP://DATA.VIC.GOV.AU",
        "facility_attribute_date": null,
        "facility_source": "HTTP://DATA.VIC.GOV.AU",
        "facility_date": null,
        "facility_spatial_confidence": null,
        "facility_revised": "2018-06-06T00:00:00Z",
        "comment_": null,
        "facility_lat": "-38.11989030999996",
        "facility_long": "145.83254772400005",
        "validated": null,
        "gnaf_building_name": null,
        "gnaf_address_detail_pid": "GAVIC424237036",
        "gnaf_formatted_address": "2 DARCAN WAY",
        "gnaf_confidence": "1",
        "gnaf_postcode": "3818",
        "gnaf_suburb": "DROUIN",
        "distance_to_gnaf": 0,
        "gnaf_lat": "-38.119890159999954",
        "gnaf_long": "145.83254738000005"
      },
      "geometry": {
        "type": "Point",
        "coordinates": [
          145.83255347493971,
          -38.11987720936825
        ]
      }
    },
    {
      "type": "Feature",
      "properties": {
        "objectid": 66,
        "featuretype": "EMERGENCY FACILITY",
        "descripton": "An emergency management facility from which a particular agency\u2019s resources are commanded, coordinated and assigned to an incident or emergency",
        "class": "AMBULANCE STATION",
        "facility_name": "SWAN BAY AMBULANCE STATION",
        "facility_operationalstatus": "OPERATIONAL",
        "facility_address": null,
        "abs_suburb": "DRYSDALE",
        "facility_state": "VICTORIA",
        "abs_postcode": "3222",
        "facility_attribute_source": "HTTP://DATA.VIC.GOV.AU",
        "facility_attribute_date": null,
        "facility_source": "HTTP://DATA.VIC.GOV.AU",
        "facility_date": null,
        "facility_spatial_confidence": null,
        "facility_revised": "2018-06-06T00:00:00Z",
        "comment_": null,
        "facility_lat": "-38.19452327299996",
        "facility_long": "144.61224784",
        "validated": null,
        "gnaf_building_name": null,
        "gnaf_address_detail_pid": "GAVIC424962832",
        "gnaf_formatted_address": "38-40 BANKS ROAD",
        "gnaf_confidence": "1",
        "gnaf_postcode": "3222",
        "gnaf_suburb": "DRYSDALE",
        "distance_to_gnaf": 192,
        "gnaf_lat": "-38.19596378999995",
        "gnaf_long": "144.61103903000003"
      },
      "geometry": {
        "type": "Point",
        "coordinates": [
          144.61225379694304,
          -38.194510088108046
        ]
      }
    },
    {
      "type": "Feature",
      "properties": {
        "objectid": 67,
        "featuretype": "EMERGENCY FACILITY",
        "descripton": "An emergency management facility from which a particular agency\u2019s resources are commanded, coordinated and assigned to an incident or emergency",
        "class": "AMBULANCE STATION",
        "facility_name": "EAGLEHAWK AMBULANCE STATION",
        "facility_operationalstatus": "OPERATIONAL",
        "facility_address": null,
        "abs_suburb": "EAGLEHAWK",
        "facility_state": "VICTORIA",
        "abs_postcode": "3556",
        "facility_attribute_source": "HTTP://DATA.VIC.GOV.AU",
        "facility_attribute_date": null,
        "facility_source": "HTTP://DATA.VIC.GOV.AU",
        "facility_date": null,
        "facility_spatial_confidence": null,
        "facility_revised": "2018-06-06T00:00:00Z",
        "comment_": null,
        "facility_lat": "-36.718019003999984",
        "facility_long": "144.25019999900007",
        "validated": null,
        "gnaf_building_name": null,
        "gnaf_address_detail_pid": "GAVIC414423292",
        "gnaf_formatted_address": "2 MARKET STREET",
        "gnaf_confidence": "0",
        "gnaf_postcode": "3556",
        "gnaf_suburb": "EAGLEHAWK",
        "distance_to_gnaf": 0,
        "gnaf_lat": "-36.718019149999975",
        "gnaf_long": "144.25020070000005"
      },
      "geometry": {
        "type": "Point",
        "coordinates": [
          144.25020617188696,
          -36.71800578596852
        ]
      }
    },
    {
      "type": "Feature",
      "properties": {
        "objectid": 68,
        "featuretype": "EMERGENCY FACILITY",
        "descripton": "An emergency management facility from which a particular agency\u2019s resources are commanded, coordinated and assigned to an incident or emergency",
        "class": "AMBULANCE STATION",
        "facility_name": "ECHUCA AMBULANCE STATION",
        "facility_operationalstatus": "OPERATIONAL",
        "facility_address": null,
        "abs_suburb": "ECHUCA",
        "facility_state": "VICTORIA",
        "abs_postcode": "3564",
        "facility_attribute_source": "HTTP://DATA.VIC.GOV.AU",
        "facility_attribute_date": null,
        "facility_source": "HTTP://DATA.VIC.GOV.AU",
        "facility_date": null,
        "facility_spatial_confidence": null,
        "facility_revised": "2018-06-06T00:00:00Z",
        "comment_": null,
        "facility_lat": "-36.14071459799993",
        "facility_long": "144.75220627600004",
        "validated": null,
        "gnaf_building_name": null,
        "gnaf_address_detail_pid": "GAVIC423756489",
        "gnaf_formatted_address": "217 OGILVIE AVENUE",
        "gnaf_confidence": "0",
        "gnaf_postcode": "3564",
        "gnaf_suburb": "ECHUCA",
        "distance_to_gnaf": 4,
        "gnaf_lat": "-36.14071428999995",
        "gnaf_long": "144.75216375000002"
      },
      "geometry": {
        "type": "Point",
        "coordinates": [
          144.75221242464332,
          -36.14070140961285
        ]
      }
    },
    {
      "type": "Feature",
      "properties": {
        "objectid": 69,
        "featuretype": "EMERGENCY FACILITY",
        "descripton": "An emergency management facility from which a particular agency\u2019s resources are commanded, coordinated and assigned to an incident or emergency",
        "class": "AMBULANCE STATION",
        "facility_name": "EDENHOPE AMBULANCE STATION",
        "facility_operationalstatus": "OPERATIONAL",
        "facility_address": null,
        "abs_suburb": "EDENHOPE",
        "facility_state": "VICTORIA",
        "abs_postcode": "3318",
        "facility_attribute_source": "HTTP://DATA.VIC.GOV.AU",
        "facility_attribute_date": null,
        "facility_source": "HTTP://DATA.VIC.GOV.AU",
        "facility_date": null,
        "facility_spatial_confidence": null,
        "facility_revised": "2018-06-06T00:00:00Z",
        "comment_": null,
        "facility_lat": "-37.034362003999945",
        "facility_long": "141.28553100200008",
        "validated": null,
        "gnaf_building_name": null,
        "gnaf_address_detail_pid": "GAVIC424536106",
        "gnaf_formatted_address": "156 ELIZABETH STREET",
        "gnaf_confidence": "1",
        "gnaf_postcode": "3318",
        "gnaf_suburb": "EDENHOPE",
        "distance_to_gnaf": 12,
        "gnaf_lat": "-37.03441012999997",
        "gnaf_long": "141.28540800000007"
      },
      "geometry": {
        "type": "Point",
        "coordinates": [
          141.2855376484887,
          -37.03434861226819
        ]
      }
    },
    {
      "type": "Feature",
      "properties": {
        "objectid": 70,
        "featuretype": "EMERGENCY FACILITY",
        "descripton": "An emergency management facility from which a particular agency\u2019s resources are commanded, coordinated and assigned to an incident or emergency",
        "class": "AMBULANCE STATION",
        "facility_name": "EILDON AMBULANCE STATION",
        "facility_operationalstatus": "OPERATIONAL",
        "facility_address": null,
        "abs_suburb": "EILDON",
        "facility_state": "VICTORIA",
        "abs_postcode": "3713",
        "facility_attribute_source": "HTTP://DATA.VIC.GOV.AU",
        "facility_attribute_date": null,
        "facility_source": "HTTP://DATA.VIC.GOV.AU",
        "facility_date": null,
        "facility_spatial_confidence": null,
        "facility_revised": "2018-06-06T00:00:00Z",
        "comment_": null,
        "facility_lat": "-37.22954199999998",
        "facility_long": "145.91382800400004",
        "validated": null,
        "gnaf_building_name": "DARLINGFORD NURSING HOME",
        "gnaf_address_detail_pid": "GAVIC421744103",
        "gnaf_formatted_address": "3 HIGH STREET",
        "gnaf_confidence": "1",
        "gnaf_postcode": "3713",
        "gnaf_suburb": "EILDON",
        "distance_to_gnaf": 20,
        "gnaf_lat": "-37.22940474999996",
        "gnaf_long": "145.91397682000002"
      },
      "geometry": {
        "type": "Point",
        "coordinates": [
          145.9138338425393,
          -37.229528899661304
        ]
      }
    },
    {
      "type": "Feature",
      "properties": {
        "objectid": 71,
        "featuretype": "EMERGENCY FACILITY",
        "descripton": "An emergency management facility from which a particular agency\u2019s resources are commanded, coordinated and assigned to an incident or emergency",
        "class": "AMBULANCE STATION",
        "facility_name": "ELTHAM NORTH AMBULANCE STATION",
        "facility_operationalstatus": "OPERATIONAL",
        "facility_address": null,
        "abs_suburb": "ELTHAM",
        "facility_state": "VICTORIA",
        "abs_postcode": "3095",
        "facility_attribute_source": "HTTP://DATA.VIC.GOV.AU",
        "facility_attribute_date": null,
        "facility_source": "HTTP://DATA.VIC.GOV.AU",
        "facility_date": null,
        "facility_spatial_confidence": null,
        "facility_revised": "2018-06-06T00:00:00Z",
        "comment_": null,
        "facility_lat": "-37.716822932999946",
        "facility_long": "145.13949695000008",
        "validated": null,
        "gnaf_building_name": null,
        "gnaf_address_detail_pid": "GAVIC421588584",
        "gnaf_formatted_address": "UNIT 4 15 BRISBANE STREET",
        "gnaf_confidence": "1",
        "gnaf_postcode": "3095",
        "gnaf_suburb": "ELTHAM",
        "distance_to_gnaf": 0,
        "gnaf_lat": "-37.71682320999997",
        "gnaf_long": "145.13949736000006"
      },
      "geometry": {
        "type": "Point",
        "coordinates": [
          145.13950286667,
          -37.71680978101533
        ]
      }
    },
    {
      "type": "Feature",
      "properties": {
        "objectid": 72,
        "featuretype": "EMERGENCY FACILITY",
        "descripton": "An emergency management facility from which a particular agency\u2019s resources are commanded, coordinated and assigned to an incident or emergency",
        "class": "AMBULANCE STATION",
        "facility_name": "EMERALD AMBULANCE STATION",
        "facility_operationalstatus": "OPERATIONAL",
        "facility_address": null,
        "abs_suburb": "EMERALD",
        "facility_state": "VICTORIA",
        "abs_postcode": "3782",
        "facility_attribute_source": "HTTP://DATA.VIC.GOV.AU",
        "facility_attribute_date": null,
        "facility_source": "HTTP://DATA.VIC.GOV.AU",
        "facility_date": null,
        "facility_spatial_confidence": null,
        "facility_revised": "2018-06-06T00:00:00Z",
        "comment_": null,
        "facility_lat": "-37.93352100299995",
        "facility_long": "145.43844699800002",
        "validated": null,
        "gnaf_building_name": null,
        "gnaf_address_detail_pid": "GAVIC421123343",
        "gnaf_formatted_address": "12 MEMORIAL AVENUE",
        "gnaf_confidence": "1",
        "gnaf_postcode": "3782",
        "gnaf_suburb": "EMERALD",
        "distance_to_gnaf": 0,
        "gnaf_lat": "-37.93351999999993",
        "gnaf_long": "145.4384460000001"
      },
      "geometry": {
        "type": "Point",
        "coordinates": [
          145.43845283883365,
          -37.933507873191644
        ]
      }
    },
    {
      "type": "Feature",
      "properties": {
        "objectid": 73,
        "featuretype": "EMERGENCY FACILITY",
        "descripton": "An emergency management facility from which a particular agency\u2019s resources are commanded, coordinated and assigned to an incident or emergency",
        "class": "AMBULANCE STATION",
        "facility_name": "ENDEAVOUR HILLS AMBULANCE STATION",
        "facility_operationalstatus": "OPERATIONAL",
        "facility_address": null,
        "abs_suburb": "ENDEAVOUR HILLS",
        "facility_state": "VICTORIA",
        "abs_postcode": "3802",
        "facility_attribute_source": "HTTP://DATA.VIC.GOV.AU",
        "facility_attribute_date": null,
        "facility_source": "HTTP://DATA.VIC.GOV.AU",
        "facility_date": null,
        "facility_spatial_confidence": null,
        "facility_revised": "2018-06-06T00:00:00Z",
        "comment_": null,
        "facility_lat": "-37.97656600299996",
        "facility_long": "145.25719499500008",
        "validated": null,
        "gnaf_building_name": null,
        "gnaf_address_detail_pid": "GAVIC414572565",
        "gnaf_formatted_address": "48-50 MONKHOUSE DRIVE",
        "gnaf_confidence": "2",
        "gnaf_postcode": "3802",
        "gnaf_suburb": "ENDEAVOUR HILLS",
        "distance_to_gnaf": 0,
        "gnaf_lat": "-37.976565999999934",
        "gnaf_long": "145.25719500000002"
      },
      "geometry": {
        "type": "Point",
        "coordinates": [
          145.2572008626027,
          -37.97655286078279
        ]
      }
    },
    {
      "type": "Feature",
      "properties": {
        "objectid": 74,
        "featuretype": "EMERGENCY FACILITY",
        "descripton": "An emergency management facility from which a particular agency\u2019s resources are commanded, coordinated and assigned to an incident or emergency",
        "class": "AMBULANCE STATION",
        "facility_name": "TAMBO VALLEY AMBULANCE STATION",
        "facility_operationalstatus": "OPERATIONAL",
        "facility_address": null,
        "abs_suburb": "ENSAY",
        "facility_state": "VICTORIA",
        "abs_postcode": "3895",
        "facility_attribute_source": "HTTP://DATA.VIC.GOV.AU",
        "facility_attribute_date": null,
        "facility_source": "HTTP://DATA.VIC.GOV.AU",
        "facility_date": null,
        "facility_spatial_confidence": null,
        "facility_revised": "2018-06-06T00:00:00Z",
        "comment_": null,
        "facility_lat": "-37.375444002999984",
        "facility_long": "147.83521399800009",
        "validated": null,
        "gnaf_building_name": null,
        "gnaf_address_detail_pid": "GAVIC423828087",
        "gnaf_formatted_address": "5063 GREAT ALPINE ROAD",
        "gnaf_confidence": "1",
        "gnaf_postcode": "3895",
        "gnaf_suburb": "ENSAY",
        "distance_to_gnaf": 0,
        "gnaf_lat": "-37.37544392999996",
        "gnaf_long": "147.83521443000006"
      },
      "geometry": {
        "type": "Point",
        "coordinates": [
          147.83521949557863,
          -37.37543104984335
        ]
      }
    },
    {
      "type": "Feature",
      "properties": {
        "objectid": 75,
        "featuretype": "EMERGENCY FACILITY",
        "descripton": "An emergency management facility from which a particular agency\u2019s resources are commanded, coordinated and assigned to an incident or emergency",
        "class": "AMBULANCE STATION",
        "facility_name": "EPPING AMBULANCE STATION",
        "facility_operationalstatus": "OPERATIONAL",
        "facility_address": null,
        "abs_suburb": "EPPING",
        "facility_state": "VICTORIA",
        "abs_postcode": "3076",
        "facility_attribute_source": "HTTP://DATA.VIC.GOV.AU",
        "facility_attribute_date": null,
        "facility_source": "HTTP://DATA.VIC.GOV.AU",
        "facility_date": null,
        "facility_spatial_confidence": null,
        "facility_revised": "2018-06-06T00:00:00Z",
        "comment_": null,
        "facility_lat": "-37.64624999899996",
        "facility_long": "145.04165599500004",
        "validated": null,
        "gnaf_building_name": "AMBULANCE STATION-EPPING",
        "gnaf_address_detail_pid": "GAVIC420204817",
        "gnaf_formatted_address": "73 MCDONALDS ROAD",
        "gnaf_confidence": "1",
        "gnaf_postcode": "3076",
        "gnaf_suburb": "EPPING",
        "distance_to_gnaf": 0,
        "gnaf_lat": "-37.64624949999995",
        "gnaf_long": "145.0416538600001"
      },
      "geometry": {
        "type": "Point",
        "coordinates": [
          145.0416619362571,
          -37.64623683983858
        ]
      }
    },
    {
      "type": "Feature",
      "properties": {
        "objectid": 76,
        "featuretype": "EMERGENCY FACILITY",
        "descripton": "An emergency management facility from which a particular agency\u2019s resources are commanded, coordinated and assigned to an incident or emergency",
        "class": "AMBULANCE STATION",
        "facility_name": "EPSOM AMBULANCE STATION",
        "facility_operationalstatus": "OPERATIONAL",
        "facility_address": null,
        "abs_suburb": "EPSOM",
        "facility_state": "VICTORIA",
        "abs_postcode": "3551",
        "facility_attribute_source": "HTTP://DATA.VIC.GOV.AU",
        "facility_attribute_date": null,
        "facility_source": "HTTP://DATA.VIC.GOV.AU",
        "facility_date": null,
        "facility_spatial_confidence": null,
        "facility_revised": "2018-06-06T00:00:00Z",
        "comment_": null,
        "facility_lat": "-36.70315800399993",
        "facility_long": "144.31622399900004",
        "validated": null,
        "gnaf_building_name": null,
        "gnaf_address_detail_pid": "GAVIC421561657",
        "gnaf_formatted_address": "203 MIDLAND HIGHWAY",
        "gnaf_confidence": "0",
        "gnaf_postcode": "3551",
        "gnaf_suburb": "EPSOM",
        "distance_to_gnaf": 0,
        "gnaf_lat": "-36.70315799999997",
        "gnaf_long": "144.31622390000007"
      },
      "geometry": {
        "type": "Point",
        "coordinates": [
          144.31623016235042,
          -36.70314479019962
        ]
      }
    },
    {
      "type": "Feature",
      "properties": {
        "objectid": 77,
        "featuretype": "EMERGENCY FACILITY",
        "descripton": "An emergency management facility from which a particular agency\u2019s resources are commanded, coordinated and assigned to an incident or emergency",
        "class": "AMBULANCE STATION",
        "facility_name": "MOONEE PONDS AMBULANCE STATION",
        "facility_operationalstatus": "OPERATIONAL",
        "facility_address": null,
        "abs_suburb": "ESSENDON",
        "facility_state": "VICTORIA",
        "abs_postcode": "3040",
        "facility_attribute_source": "HTTP://DATA.VIC.GOV.AU",
        "facility_attribute_date": null,
        "facility_source": "HTTP://DATA.VIC.GOV.AU",
        "facility_date": null,
        "facility_spatial_confidence": null,
        "facility_revised": "2018-06-06T00:00:00Z",
        "comment_": null,
        "facility_lat": "-37.75635129699998",
        "facility_long": "144.91923980100012",
        "validated": null,
        "gnaf_building_name": null,
        "gnaf_address_detail_pid": "GAVIC420435827",
        "gnaf_formatted_address": "2 WILLOW STREET",
        "gnaf_confidence": "1",
        "gnaf_postcode": "3040",
        "gnaf_suburb": "ESSENDON",
        "distance_to_gnaf": 0,
        "gnaf_lat": "-37.756351249999966",
        "gnaf_long": "144.91923996000003"
      },
      "geometry": {
        "type": "Point",
        "coordinates": [
          144.9192457514898,
          -37.756338130146965
        ]
      }
    },
    {
      "type": "Feature",
      "properties": {
        "objectid": 78,
        "featuretype": "EMERGENCY FACILITY",
        "descripton": "An emergency management facility from which a particular agency\u2019s resources are commanded, coordinated and assigned to an incident or emergency",
        "class": "AMBULANCE STATION",
        "facility_name": "AIR AMB FIXED WING AMBULANCE STATION",
        "facility_operationalstatus": "OPERATIONAL",
        "facility_address": null,
        "abs_suburb": "ESSENDON FIELDS",
        "facility_state": "VICTORIA",
        "abs_postcode": "3041",
        "facility_attribute_source": "HTTP://DATA.VIC.GOV.AU",
        "facility_attribute_date": null,
        "facility_source": "HTTP://DATA.VIC.GOV.AU",
        "facility_date": null,
        "facility_spatial_confidence": null,
        "facility_revised": "2018-06-06T00:00:00Z",
        "comment_": null,
        "facility_lat": "-37.71991333799997",
        "facility_long": "144.8989585810001",
        "validated": null,
        "gnaf_building_name": "AMBULANCE SERVICE VICTORIA AND POLICE",
        "gnaf_address_detail_pid": "GAVIC719425750",
        "gnaf_formatted_address": "12 GLOBAL AVENUE",
        "gnaf_confidence": "1",
        "gnaf_postcode": "3041",
        "gnaf_suburb": "ESSENDON FIELDS",
        "distance_to_gnaf": 74,
        "gnaf_lat": "-37.71970312999997",
        "gnaf_long": "144.89815799000007"
      },
      "geometry": {
        "type": "Point",
        "coordinates": [
          144.89896453893854,
          -37.719900169539336
        ]
      }
    },
    {
      "type": "Feature",
      "properties": {
        "objectid": 79,
        "featuretype": "EMERGENCY FACILITY",
        "descripton": "An emergency management facility from which a particular agency\u2019s resources are commanded, coordinated and assigned to an incident or emergency",
        "class": "AMBULANCE STATION",
        "facility_name": "AIR AMB AMBULANCE STATION",
        "facility_operationalstatus": "OPERATIONAL",
        "facility_address": null,
        "abs_suburb": "ESSENDON FIELDS",
        "facility_state": "VICTORIA",
        "abs_postcode": "3041",
        "facility_attribute_source": "HTTP://DATA.VIC.GOV.AU",
        "facility_attribute_date": null,
        "facility_source": "HTTP://DATA.VIC.GOV.AU",
        "facility_date": null,
        "facility_spatial_confidence": null,
        "facility_revised": "2018-06-06T00:00:00Z",
        "comment_": null,
        "facility_lat": "-37.71991300399998",
        "facility_long": "144.8989590010001",
        "validated": null,
        "gnaf_building_name": "AMBULANCE SERVICE VICTORIA AND POLICE",
        "gnaf_address_detail_pid": "GAVIC719425750",
        "gnaf_formatted_address": "12 GLOBAL AVENUE",
        "gnaf_confidence": "1",
        "gnaf_postcode": "3041",
        "gnaf_suburb": "ESSENDON FIELDS",
        "distance_to_gnaf": 74,
        "gnaf_lat": "-37.71970312999997",
        "gnaf_long": "144.89815799000007"
      },
      "geometry": {
        "type": "Point",
        "coordinates": [
          144.89896495893848,
          -37.71989983553937
        ]
      }
    },
    {
      "type": "Feature",
      "properties": {
        "objectid": 80,
        "featuretype": "EMERGENCY FACILITY",
        "descripton": "An emergency management facility from which a particular agency\u2019s resources are commanded, coordinated and assigned to an incident or emergency",
        "class": "AMBULANCE STATION",
        "facility_name": "EUROA AMBULANCE STATION",
        "facility_operationalstatus": "OPERATIONAL",
        "facility_address": null,
        "abs_suburb": "EUROA",
        "facility_state": "VICTORIA",
        "abs_postcode": "3666",
        "facility_attribute_source": "HTTP://DATA.VIC.GOV.AU",
        "facility_attribute_date": null,
        "facility_source": "HTTP://DATA.VIC.GOV.AU",
        "facility_date": null,
        "facility_spatial_confidence": null,
        "facility_revised": "2018-06-06T00:00:00Z",
        "comment_": null,
        "facility_lat": "-36.75183100299995",
        "facility_long": "145.57769900200003",
        "validated": null,
        "gnaf_building_name": null,
        "gnaf_address_detail_pid": "GAVIC419712392",
        "gnaf_formatted_address": "35 TEMPLETON STREET",
        "gnaf_confidence": "1",
        "gnaf_postcode": "3666",
        "gnaf_suburb": "EUROA",
        "distance_to_gnaf": 0,
        "gnaf_lat": "-36.75183174999995",
        "gnaf_long": "145.57769945000007"
      },
      "geometry": {
        "type": "Point",
        "coordinates": [
          145.5777049499642,
          -36.75181787558781
        ]
      }
    },
    {
      "type": "Feature",
      "properties": {
        "objectid": 81,
        "featuretype": "EMERGENCY FACILITY",
        "descripton": "An emergency management facility from which a particular agency\u2019s resources are commanded, coordinated and assigned to an incident or emergency",
        "class": "AMBULANCE STATION",
        "facility_name": "CAULFIELD AMBULANCE STATION",
        "facility_operationalstatus": "OPERATIONAL",
        "facility_address": null,
        "abs_suburb": "CAULFIELD SOUTH",
        "facility_state": "VICTORIA",
        "abs_postcode": "3162",
        "facility_attribute_source": "HTTP://DATA.VIC.GOV.AU",
        "facility_attribute_date": null,
        "facility_source": "HTTP://DATA.VIC.GOV.AU",
        "facility_date": null,
        "facility_spatial_confidence": null,
        "facility_revised": "2018-06-06T00:00:00Z",
        "comment_": null,
        "facility_lat": "-37.88634399899996",
        "facility_long": "145.01619200200003",
        "validated": null,
        "gnaf_building_name": null,
        "gnaf_address_detail_pid": "GAVIC420542202",
        "gnaf_formatted_address": "638-642 GLEN HUNTLY ROAD",
        "gnaf_confidence": "1",
        "gnaf_postcode": "3162",
        "gnaf_suburb": "CAULFIELD SOUTH",
        "distance_to_gnaf": 0,
        "gnaf_lat": "-37.886342999999954",
        "gnaf_long": "145.01619200000005"
      },
      "geometry": {
        "type": "Point",
        "coordinates": [
          145.01619792152653,
          -37.88633083958015
        ]
      }
    },
    {
      "type": "Feature",
      "properties": {
        "objectid": 82,
        "featuretype": "EMERGENCY FACILITY",
        "descripton": "An emergency management facility from which a particular agency\u2019s resources are commanded, coordinated and assigned to an incident or emergency",
        "class": "AMBULANCE STATION",
        "facility_name": "CHARLTON AMBULANCE STATION",
        "facility_operationalstatus": "OPERATIONAL",
        "facility_address": null,
        "abs_suburb": "CHARLTON",
        "facility_state": "VICTORIA",
        "abs_postcode": "3525",
        "facility_attribute_source": "HTTP://DATA.VIC.GOV.AU",
        "facility_attribute_date": null,
        "facility_source": "HTTP://DATA.VIC.GOV.AU",
        "facility_date": null,
        "facility_spatial_confidence": null,
        "facility_revised": "2018-06-06T00:00:00Z",
        "comment_": null,
        "facility_lat": "-36.26850379599995",
        "facility_long": "143.35304465600007",
        "validated": null,
        "gnaf_building_name": "CHARLTON AMBULANCE",
        "gnaf_address_detail_pid": "GAVIC719108255",
        "gnaf_formatted_address": "2 LEARMONTH STREET",
        "gnaf_confidence": "1",
        "gnaf_postcode": "3525",
        "gnaf_suburb": "CHARLTON",
        "distance_to_gnaf": 96,
        "gnaf_lat": "-36.26925927999997",
        "gnaf_long": "143.3525145000001"
      },
      "geometry": {
        "type": "Point",
        "coordinates": [
          143.35305102182417,
          -36.2684905181335
        ]
      }
    },
    {
      "type": "Feature",
      "properties": {
        "objectid": 83,
        "featuretype": "EMERGENCY FACILITY",
        "descripton": "An emergency management facility from which a particular agency\u2019s resources are commanded, coordinated and assigned to an incident or emergency",
        "class": "AMBULANCE STATION",
        "facility_name": "CHELSEA AMBULANCE STATION",
        "facility_operationalstatus": "OPERATIONAL",
        "facility_address": null,
        "abs_suburb": "CHELSEA",
        "facility_state": "VICTORIA",
        "abs_postcode": "3196",
        "facility_attribute_source": "HTTP://DATA.VIC.GOV.AU",
        "facility_attribute_date": null,
        "facility_source": "HTTP://DATA.VIC.GOV.AU",
        "facility_date": null,
        "facility_spatial_confidence": null,
        "facility_revised": "2018-06-06T00:00:00Z",
        "comment_": null,
        "facility_lat": "-38.05615631799998",
        "facility_long": "145.1173898190001",
        "validated": null,
        "gnaf_building_name": null,
        "gnaf_address_detail_pid": "GAVIC419799732",
        "gnaf_formatted_address": "465-466 NEPEAN HIGHWAY",
        "gnaf_confidence": "0",
        "gnaf_postcode": "3196",
        "gnaf_suburb": "CHELSEA",
        "distance_to_gnaf": 0,
        "gnaf_lat": "-38.05615599999993",
        "gnaf_long": "145.11738900000012"
      },
      "geometry": {
        "type": "Point",
        "coordinates": [
          145.11739570222272,
          -38.056143166588484
        ]
      }
    },
    {
      "type": "Feature",
      "properties": {
        "objectid": 84,
        "featuretype": "EMERGENCY FACILITY",
        "descripton": "An emergency management facility from which a particular agency\u2019s resources are commanded, coordinated and assigned to an incident or emergency",
        "class": "AMBULANCE STATION",
        "facility_name": "BAYSIDE AMBULANCE STATION",
        "facility_operationalstatus": "OPERATIONAL",
        "facility_address": null,
        "abs_suburb": "CHELTENHAM",
        "facility_state": "VICTORIA",
        "abs_postcode": "3192",
        "facility_attribute_source": "HTTP://DATA.VIC.GOV.AU",
        "facility_attribute_date": null,
        "facility_source": "HTTP://DATA.VIC.GOV.AU",
        "facility_date": null,
        "facility_spatial_confidence": null,
        "facility_revised": "2018-06-06T00:00:00Z",
        "comment_": null,
        "facility_lat": "-37.96159700299995",
        "facility_long": "145.0553609960001",
        "validated": null,
        "gnaf_building_name": null,
        "gnaf_address_detail_pid": "GAVIC419661927",
        "gnaf_formatted_address": "1259 NEPEAN HIGHWAY",
        "gnaf_confidence": "1",
        "gnaf_postcode": "3192",
        "gnaf_suburb": "CHELTENHAM",
        "distance_to_gnaf": 0,
        "gnaf_lat": "-37.96159599999993",
        "gnaf_long": "145.05536100000006"
      },
      "geometry": {
        "type": "Point",
        "coordinates": [
          145.05536690046654,
          -37.961583846733994
        ]
      }
    },
    {
      "type": "Feature",
      "properties": {
        "objectid": 85,
        "featuretype": "EMERGENCY FACILITY",
        "descripton": "An emergency management facility from which a particular agency\u2019s resources are commanded, coordinated and assigned to an incident or emergency",
        "class": "AMBULANCE STATION",
        "facility_name": "COBRAM AMBULANCE STATION",
        "facility_operationalstatus": "OPERATIONAL",
        "facility_address": null,
        "abs_suburb": "COBRAM",
        "facility_state": "VICTORIA",
        "abs_postcode": "3644",
        "facility_attribute_source": "HTTP://DATA.VIC.GOV.AU",
        "facility_attribute_date": null,
        "facility_source": "HTTP://DATA.VIC.GOV.AU",
        "facility_date": null,
        "facility_spatial_confidence": null,
        "facility_revised": "2018-06-06T00:00:00Z",
        "comment_": null,
        "facility_lat": "-35.92047892299996",
        "facility_long": "145.64313770500007",
        "validated": null,
        "gnaf_building_name": null,
        "gnaf_address_detail_pid": "GAVIC420994037",
        "gnaf_formatted_address": "7 COLGAN STREET",
        "gnaf_confidence": "1",
        "gnaf_postcode": "3644",
        "gnaf_suburb": "COBRAM",
        "distance_to_gnaf": 0,
        "gnaf_lat": "-35.92047920999994",
        "gnaf_long": "145.6431373800001"
      },
      "geometry": {
        "type": "Point",
        "coordinates": [
          145.6431437323538,
          -35.92046579487051
        ]
      }
    },
    {
      "type": "Feature",
      "properties": {
        "objectid": 86,
        "featuretype": "EMERGENCY FACILITY",
        "descripton": "An emergency management facility from which a particular agency\u2019s resources are commanded, coordinated and assigned to an incident or emergency",
        "class": "AMBULANCE STATION",
        "facility_name": "MICA 1 AMBULANCE STATION",
        "facility_operationalstatus": "OPERATIONAL",
        "facility_address": null,
        "abs_suburb": "COBURG",
        "facility_state": "VICTORIA",
        "abs_postcode": "3058",
        "facility_attribute_source": "HTTP://DATA.VIC.GOV.AU",
        "facility_attribute_date": null,
        "facility_source": "HTTP://DATA.VIC.GOV.AU",
        "facility_date": null,
        "facility_spatial_confidence": null,
        "facility_revised": "2018-06-06T00:00:00Z",
        "comment_": null,
        "facility_lat": "-37.75459199699998",
        "facility_long": "144.95827700100006",
        "validated": null,
        "gnaf_building_name": "JOHN FAWKNER HOSPITAL",
        "gnaf_address_detail_pid": "GAVIC420051718",
        "gnaf_formatted_address": "275 MORELAND ROAD",
        "gnaf_confidence": "2",
        "gnaf_postcode": "3058",
        "gnaf_suburb": "COBURG",
        "distance_to_gnaf": 0,
        "gnaf_lat": "-37.754592049999985",
        "gnaf_long": "144.95827735000012"
      },
      "geometry": {
        "type": "Point",
        "coordinates": [
          144.95828294491574,
          -37.754578832800256
        ]
      }
    },
    {
      "type": "Feature",
      "properties": {
        "objectid": 87,
        "featuretype": "EMERGENCY FACILITY",
        "descripton": "An emergency management facility from which a particular agency\u2019s resources are commanded, coordinated and assigned to an incident or emergency",
        "class": "AMBULANCE STATION",
        "facility_name": "COBURG NORTH AMBULANCE STATION",
        "facility_operationalstatus": "OPERATIONAL",
        "facility_address": null,
        "abs_suburb": "COBURG NORTH",
        "facility_state": "VICTORIA",
        "abs_postcode": "3058",
        "facility_attribute_source": "HTTP://DATA.VIC.GOV.AU",
        "facility_attribute_date": null,
        "facility_source": "HTTP://DATA.VIC.GOV.AU",
        "facility_date": null,
        "facility_spatial_confidence": null,
        "facility_revised": "2018-06-06T00:00:00Z",
        "comment_": null,
        "facility_lat": "-37.72241211099998",
        "facility_long": "144.97439594900004",
        "validated": null,
        "gnaf_building_name": null,
        "gnaf_address_detail_pid": "GAVIC425023657",
        "gnaf_formatted_address": "3 MILKMAN WAY",
        "gnaf_confidence": "1",
        "gnaf_postcode": "3058",
        "gnaf_suburb": "COBURG NORTH",
        "distance_to_gnaf": 0,
        "gnaf_lat": "-37.722411739999984",
        "gnaf_long": "144.97439549000012"
      },
      "geometry": {
        "type": "Point",
        "coordinates": [
          144.97440189361288,
          -37.72239894770255
        ]
      }
    },
    {
      "type": "Feature",
      "properties": {
        "objectid": 88,
        "featuretype": "EMERGENCY FACILITY",
        "descripton": "An emergency management facility from which a particular agency\u2019s resources are commanded, coordinated and assigned to an incident or emergency",
        "class": "AMBULANCE STATION",
        "facility_name": "COHUNA AMBULANCE STATION",
        "facility_operationalstatus": "OPERATIONAL",
        "facility_address": null,
        "abs_suburb": "COHUNA",
        "facility_state": "VICTORIA",
        "abs_postcode": "3568",
        "facility_attribute_source": "HTTP://DATA.VIC.GOV.AU",
        "facility_attribute_date": null,
        "facility_source": "HTTP://DATA.VIC.GOV.AU",
        "facility_date": null,
        "facility_spatial_confidence": null,
        "facility_revised": "2018-06-06T00:00:00Z",
        "comment_": null,
        "facility_lat": "-35.80997099799998",
        "facility_long": "144.2203349990001",
        "validated": null,
        "gnaf_building_name": null,
        "gnaf_address_detail_pid": "GAVIC411157133",
        "gnaf_formatted_address": "29 KING EDWARD STREET",
        "gnaf_confidence": "2",
        "gnaf_postcode": "3568",
        "gnaf_suburb": "COHUNA",
        "distance_to_gnaf": 0,
        "gnaf_lat": "-35.80997092999996",
        "gnaf_long": "144.22033480000005"
      },
      "geometry": {
        "type": "Point",
        "coordinates": [
          144.220341267206,
          -35.80995777220913
        ]
      }
    },
    {
      "type": "Feature",
      "properties": {
        "objectid": 89,
        "featuretype": "EMERGENCY FACILITY",
        "descripton": "An emergency management facility from which a particular agency\u2019s resources are commanded, coordinated and assigned to an incident or emergency",
        "class": "AMBULANCE STATION",
        "facility_name": "FALLS CREEK AMBULANCE STATION",
        "facility_operationalstatus": "OPERATIONAL",
        "facility_address": null,
        "abs_suburb": "FALLS CREEK",
        "facility_state": "VICTORIA",
        "abs_postcode": "3699",
        "facility_attribute_source": "HTTP://DATA.VIC.GOV.AU",
        "facility_attribute_date": null,
        "facility_source": "HTTP://DATA.VIC.GOV.AU",
        "facility_date": null,
        "facility_spatial_confidence": null,
        "facility_revised": "2018-06-06T00:00:00Z",
        "comment_": null,
        "facility_lat": "-36.86228120399994",
        "facility_long": "147.27726960300004",
        "validated": null,
        "gnaf_building_name": "MEDICAL CENTRE",
        "gnaf_address_detail_pid": "GAVIC425668366",
        "gnaf_formatted_address": "5 BOGONG HIGH PLAINS ROAD",
        "gnaf_confidence": "1",
        "gnaf_postcode": "3699",
        "gnaf_suburb": "FALLS CREEK",
        "distance_to_gnaf": 13,
        "gnaf_lat": "-36.86233170999998",
        "gnaf_long": "147.27739555000005"
      },
      "geometry": {
        "type": "Point",
        "coordinates": [
          147.27727525660558,
          -36.86226820355023
        ]
      }
    },
    {
      "type": "Feature",
      "properties": {
        "objectid": 90,
        "featuretype": "EMERGENCY FACILITY",
        "descripton": "An emergency management facility from which a particular agency\u2019s resources are commanded, coordinated and assigned to an incident or emergency",
        "class": "AMBULANCE STATION",
        "facility_name": "FERNTREE GULLY AMBULANCE STATION",
        "facility_operationalstatus": "OPERATIONAL",
        "facility_address": null,
        "abs_suburb": "FERNTREE GULLY",
        "facility_state": "VICTORIA",
        "abs_postcode": "3156",
        "facility_attribute_source": "HTTP://DATA.VIC.GOV.AU",
        "facility_attribute_date": null,
        "facility_source": "HTTP://DATA.VIC.GOV.AU",
        "facility_date": null,
        "facility_spatial_confidence": null,
        "facility_revised": "2018-06-06T00:00:00Z",
        "comment_": null,
        "facility_lat": "-37.87904599999996",
        "facility_long": "145.26377099600006",
        "validated": null,
        "gnaf_building_name": null,
        "gnaf_address_detail_pid": "GAVIC421691165",
        "gnaf_formatted_address": "6 DOBSON STREET",
        "gnaf_confidence": "2",
        "gnaf_postcode": "3156",
        "gnaf_suburb": "FERNTREE GULLY",
        "distance_to_gnaf": 0,
        "gnaf_lat": "-37.87904599999996",
        "gnaf_long": "145.26377100000002"
      },
      "geometry": {
        "type": "Point",
        "coordinates": [
          145.26377687327167,
          -37.8790328576371
        ]
      }
    },
    {
      "type": "Feature",
      "properties": {
        "objectid": 91,
        "featuretype": "EMERGENCY FACILITY",
        "descripton": "An emergency management facility from which a particular agency\u2019s resources are commanded, coordinated and assigned to an incident or emergency",
        "class": "AMBULANCE STATION",
        "facility_name": "FERNTREE GULLY CFA AMBULANCE STATION",
        "facility_operationalstatus": "OPERATIONAL",
        "facility_address": null,
        "abs_suburb": "FERNTREE GULLY",
        "facility_state": "VICTORIA",
        "abs_postcode": "3156",
        "facility_attribute_source": "HTTP://DATA.VIC.GOV.AU",
        "facility_attribute_date": null,
        "facility_source": "HTTP://DATA.VIC.GOV.AU",
        "facility_date": null,
        "facility_spatial_confidence": null,
        "facility_revised": "2018-06-06T00:00:00Z",
        "comment_": null,
        "facility_lat": "-37.88319592999994",
        "facility_long": "145.29429487000004",
        "validated": null,
        "gnaf_building_name": null,
        "gnaf_address_detail_pid": "GAVIC422328063",
        "gnaf_formatted_address": "5-7 THE AVENUE ",
        "gnaf_confidence": "0",
        "gnaf_postcode": "3156",
        "gnaf_suburb": "FERNTREE GULLY",
        "distance_to_gnaf": 0,
        "gnaf_lat": "-37.88319564999995",
        "gnaf_long": "145.29429460000006"
      },
      "geometry": {
        "type": "Point",
        "coordinates": [
          145.29430074150756,
          -37.88318278978868
        ]
      }
    },
    {
      "type": "Feature",
      "properties": {
        "objectid": 92,
        "featuretype": "EMERGENCY FACILITY",
        "descripton": "An emergency management facility from which a particular agency\u2019s resources are commanded, coordinated and assigned to an incident or emergency",
        "class": "AMBULANCE STATION",
        "facility_name": "CENTRAL AMBULANCE STATION",
        "facility_operationalstatus": "OPERATIONAL",
        "facility_address": null,
        "abs_suburb": "FITZROY",
        "facility_state": "VICTORIA",
        "abs_postcode": "3065",
        "facility_attribute_source": "HTTP://DATA.VIC.GOV.AU",
        "facility_attribute_date": null,
        "facility_source": "HTTP://DATA.VIC.GOV.AU",
        "facility_date": null,
        "facility_spatial_confidence": null,
        "facility_revised": "2018-06-06T00:00:00Z",
        "comment_": null,
        "facility_lat": "-37.807744525999965",
        "facility_long": "144.97500999500005",
        "validated": null,
        "gnaf_building_name": "ST VINCENTS HOSP",
        "gnaf_address_detail_pid": "GAVIC421221014",
        "gnaf_formatted_address": "55 VICTORIA PARADE",
        "gnaf_confidence": "2",
        "gnaf_postcode": "3065",
        "gnaf_suburb": "FITZROY",
        "distance_to_gnaf": 101,
        "gnaf_lat": "-37.80703394999995",
        "gnaf_long": "144.97573321000004"
      },
      "geometry": {
        "type": "Point",
        "coordinates": [
          144.97501593024546,
          -37.807731363273525
        ]
      }
    },
    {
      "type": "Feature",
      "properties": {
        "objectid": 93,
        "featuretype": "EMERGENCY FACILITY",
        "descripton": "An emergency management facility from which a particular agency\u2019s resources are commanded, coordinated and assigned to an incident or emergency",
        "class": "AMBULANCE STATION",
        "facility_name": "FOOTSCRAY AMBULANCE STATION",
        "facility_operationalstatus": "OPERATIONAL",
        "facility_address": null,
        "abs_suburb": "FOOTSCRAY",
        "facility_state": "VICTORIA",
        "abs_postcode": "3011",
        "facility_attribute_source": "HTTP://DATA.VIC.GOV.AU",
        "facility_attribute_date": null,
        "facility_source": "HTTP://DATA.VIC.GOV.AU",
        "facility_date": null,
        "facility_spatial_confidence": null,
        "facility_revised": "2018-06-06T00:00:00Z",
        "comment_": null,
        "facility_lat": "-37.79544030399995",
        "facility_long": "144.89577519500006",
        "validated": null,
        "gnaf_building_name": null,
        "gnaf_address_detail_pid": "GAVIC420641455",
        "gnaf_formatted_address": "UNIT 6 69 DROOP STREET",
        "gnaf_confidence": "0",
        "gnaf_postcode": "3011",
        "gnaf_suburb": "FOOTSCRAY",
        "distance_to_gnaf": 0,
        "gnaf_lat": "-37.79543979999994",
        "gnaf_long": "144.89577511000005"
      },
      "geometry": {
        "type": "Point",
        "coordinates": [
          144.89578114533313,
          -37.79542713579064
        ]
      }
    },
    {
      "type": "Feature",
      "properties": {
        "objectid": 94,
        "featuretype": "EMERGENCY FACILITY",
        "descripton": "An emergency management facility from which a particular agency\u2019s resources are commanded, coordinated and assigned to an incident or emergency",
        "class": "AMBULANCE STATION",
        "facility_name": "FOSTER AMBULANCE STATION",
        "facility_operationalstatus": "OPERATIONAL",
        "facility_address": null,
        "abs_suburb": "FOSTER",
        "facility_state": "VICTORIA",
        "abs_postcode": "3960",
        "facility_attribute_source": "HTTP://DATA.VIC.GOV.AU",
        "facility_attribute_date": null,
        "facility_source": "HTTP://DATA.VIC.GOV.AU",
        "facility_date": null,
        "facility_spatial_confidence": null,
        "facility_revised": "2018-06-06T00:00:00Z",
        "comment_": null,
        "facility_lat": "-38.654144911999936",
        "facility_long": "146.20250678700006",
        "validated": null,
        "gnaf_building_name": null,
        "gnaf_address_detail_pid": "GAVIC420267755",
        "gnaf_formatted_address": "37 STATION ROAD",
        "gnaf_confidence": "2",
        "gnaf_postcode": "3960",
        "gnaf_suburb": "FOSTER",
        "distance_to_gnaf": 0,
        "gnaf_lat": "-38.65414482999995",
        "gnaf_long": "146.20250638000005"
      },
      "geometry": {
        "type": "Point",
        "coordinates": [
          146.20251241002495,
          -38.65413184153815
        ]
      }
    },
    {
      "type": "Feature",
      "properties": {
        "objectid": 95,
        "featuretype": "EMERGENCY FACILITY",
        "descripton": "An emergency management facility from which a particular agency\u2019s resources are commanded, coordinated and assigned to an incident or emergency",
        "class": "AMBULANCE STATION",
        "facility_name": "MICA 6 AMBULANCE STATION",
        "facility_operationalstatus": "OPERATIONAL",
        "facility_address": null,
        "abs_suburb": "FRANKSTON",
        "facility_state": "VICTORIA",
        "abs_postcode": "3199",
        "facility_attribute_source": "HTTP://DATA.VIC.GOV.AU",
        "facility_attribute_date": null,
        "facility_source": "HTTP://DATA.VIC.GOV.AU",
        "facility_date": null,
        "facility_spatial_confidence": null,
        "facility_revised": "2018-06-06T00:00:00Z",
        "comment_": null,
        "facility_lat": "-38.15274200399995",
        "facility_long": "145.13177200300004",
        "validated": null,
        "gnaf_building_name": "MENS SHED",
        "gnaf_address_detail_pid": "GAVIC421061821",
        "gnaf_formatted_address": "16 HASTINGS ROAD",
        "gnaf_confidence": "1",
        "gnaf_postcode": "3199",
        "gnaf_suburb": "FRANKSTON",
        "distance_to_gnaf": 0,
        "gnaf_lat": "-38.152742359999934",
        "gnaf_long": "145.13177241000005"
      },
      "geometry": {
        "type": "Point",
        "coordinates": [
          145.13177787302286,
          -38.15272885417532
        ]
      }
    },
    {
      "type": "Feature",
      "properties": {
        "objectid": 96,
        "featuretype": "EMERGENCY FACILITY",
        "descripton": "An emergency management facility from which a particular agency\u2019s resources are commanded, coordinated and assigned to an incident or emergency",
        "class": "AMBULANCE STATION",
        "facility_name": "GEELONG AMBULANCE STATION",
        "facility_operationalstatus": "OPERATIONAL",
        "facility_address": null,
        "abs_suburb": "GEELONG",
        "facility_state": "VICTORIA",
        "abs_postcode": "3220",
        "facility_attribute_source": "HTTP://DATA.VIC.GOV.AU",
        "facility_attribute_date": null,
        "facility_source": "HTTP://DATA.VIC.GOV.AU",
        "facility_date": null,
        "facility_spatial_confidence": null,
        "facility_revised": "2018-06-06T00:00:00Z",
        "comment_": null,
        "facility_lat": "-38.154008001999955",
        "facility_long": "144.36077199700003",
        "validated": null,
        "gnaf_building_name": null,
        "gnaf_address_detail_pid": "GAVIC420555735",
        "gnaf_formatted_address": "167 YARRA STREET",
        "gnaf_confidence": "1",
        "gnaf_postcode": "3220",
        "gnaf_suburb": "GEELONG",
        "distance_to_gnaf": 0,
        "gnaf_lat": "-38.154008499999975",
        "gnaf_long": "144.36077230000012"
      },
      "geometry": {
        "type": "Point",
        "coordinates": [
          144.36077800263644,
          -38.15399480015967
        ]
      }
    },
    {
      "type": "Feature",
      "properties": {
        "objectid": 97,
        "featuretype": "EMERGENCY FACILITY",
        "descripton": "An emergency management facility from which a particular agency\u2019s resources are commanded, coordinated and assigned to an incident or emergency",
        "class": "AMBULANCE STATION",
        "facility_name": "GISBORNE AMBULANCE STATION",
        "facility_operationalstatus": "OPERATIONAL",
        "facility_address": null,
        "abs_suburb": "GISBORNE",
        "facility_state": "VICTORIA",
        "abs_postcode": "3437",
        "facility_attribute_source": "HTTP://DATA.VIC.GOV.AU",
        "facility_attribute_date": null,
        "facility_source": "HTTP://DATA.VIC.GOV.AU",
        "facility_date": null,
        "facility_spatial_confidence": null,
        "facility_revised": "2018-06-06T00:00:00Z",
        "comment_": null,
        "facility_lat": "-37.485327998999935",
        "facility_long": "144.58540400100003",
        "validated": null,
        "gnaf_building_name": "GISBORNE POLICE STATION",
        "gnaf_address_detail_pid": "GAVIC421841520",
        "gnaf_formatted_address": "35-41 ROBERTSON STREET",
        "gnaf_confidence": "0",
        "gnaf_postcode": "3437",
        "gnaf_suburb": "GISBORNE",
        "distance_to_gnaf": 22,
        "gnaf_lat": "-37.48536521999995",
        "gnaf_long": "144.58564419000004"
      },
      "geometry": {
        "type": "Point",
        "coordinates": [
          144.58541003801187,
          -37.48531480793672
        ]
      }
    },
    {
      "type": "Feature",
      "properties": {
        "objectid": 98,
        "featuretype": "EMERGENCY FACILITY",
        "descripton": "An emergency management facility from which a particular agency\u2019s resources are commanded, coordinated and assigned to an incident or emergency",
        "class": "AMBULANCE STATION",
        "facility_name": "GLENTHOMPSON AMBULANCE STATION",
        "facility_operationalstatus": "OPERATIONAL",
        "facility_address": null,
        "abs_suburb": "GLENTHOMPSON",
        "facility_state": "VICTORIA",
        "abs_postcode": "3293",
        "facility_attribute_source": "HTTP://DATA.VIC.GOV.AU",
        "facility_attribute_date": null,
        "facility_source": "HTTP://DATA.VIC.GOV.AU",
        "facility_date": null,
        "facility_spatial_confidence": null,
        "facility_revised": "2018-06-06T00:00:00Z",
        "comment_": null,
        "facility_lat": "-37.63758099599994",
        "facility_long": "142.54800300400007",
        "validated": null,
        "gnaf_building_name": null,
        "gnaf_address_detail_pid": "GAVIC424585355",
        "gnaf_formatted_address": "7 MCLENNAN STREET",
        "gnaf_confidence": "1",
        "gnaf_postcode": "3293",
        "gnaf_suburb": "GLENTHOMPSON",
        "distance_to_gnaf": 0,
        "gnaf_lat": "-37.637581109999985",
        "gnaf_long": "142.5480038500001"
      },
      "geometry": {
        "type": "Point",
        "coordinates": [
          142.5480093790398,
          -37.63756767834646
        ]
      }
    },
    {
      "type": "Feature",
      "properties": {
        "objectid": 99,
        "featuretype": "EMERGENCY FACILITY",
        "descripton": "An emergency management facility from which a particular agency\u2019s resources are commanded, coordinated and assigned to an incident or emergency",
        "class": "AMBULANCE STATION",
        "facility_name": "GOROKE AMBULANCE STATION",
        "facility_operationalstatus": "OPERATIONAL",
        "facility_address": null,
        "abs_suburb": "GOROKE",
        "facility_state": "VICTORIA",
        "abs_postcode": "3412",
        "facility_attribute_source": "HTTP://DATA.VIC.GOV.AU",
        "facility_attribute_date": null,
        "facility_source": "HTTP://DATA.VIC.GOV.AU",
        "facility_date": null,
        "facility_spatial_confidence": null,
        "facility_revised": "2018-06-06T00:00:00Z",
        "comment_": null,
        "facility_lat": "-36.71516699699998",
        "facility_long": "141.48333400500007",
        "validated": null,
        "gnaf_building_name": "GOROKE COMMUNITY HEALTH CENTRE",
        "gnaf_address_detail_pid": "GAVIC423973356",
        "gnaf_formatted_address": "54-62 NATIMUK-FRANCES ROAD",
        "gnaf_confidence": "1",
        "gnaf_postcode": "3412",
        "gnaf_suburb": "GOROKE",
        "distance_to_gnaf": 0,
        "gnaf_lat": "-36.71516671999996",
        "gnaf_long": "141.48333643"
      },
      "geometry": {
        "type": "Point",
        "coordinates": [
          141.48334064419714,
          -36.71515361388579
        ]
      }
    },
    {
      "type": "Feature",
      "properties": {
        "objectid": 100,
        "featuretype": "EMERGENCY FACILITY",
        "descripton": "An emergency management facility from which a particular agency\u2019s resources are commanded, coordinated and assigned to an incident or emergency",
        "class": "AMBULANCE STATION",
        "facility_name": "GRANTVILLE AMBULANCE STATION",
        "facility_operationalstatus": "OPERATIONAL",
        "facility_address": null,
        "abs_suburb": "GRANTVILLE",
        "facility_state": "VICTORIA",
        "abs_postcode": "3984",
        "facility_attribute_source": "HTTP://DATA.VIC.GOV.AU",
        "facility_attribute_date": null,
        "facility_source": "HTTP://DATA.VIC.GOV.AU",
        "facility_date": null,
        "facility_spatial_confidence": null,
        "facility_revised": "2018-06-06T00:00:00Z",
        "comment_": null,
        "facility_lat": "-38.40745800299993",
        "facility_long": "145.52915999900006",
        "validated": null,
        "gnaf_building_name": null,
        "gnaf_address_detail_pid": "GAVIC424761344",
        "gnaf_formatted_address": "8 PIER ROAD",
        "gnaf_confidence": "0",
        "gnaf_postcode": "3984",
        "gnaf_suburb": "GRANTVILLE",
        "distance_to_gnaf": 18,
        "gnaf_lat": "-38.40731398999998",
        "gnaf_long": "145.5292563800001"
      },
      "geometry": {
        "type": "Point",
        "coordinates": [
          145.52916577030862,
          -38.40744488250377
        ]
      }
    },
    {
      "type": "Feature",
      "properties": {
        "objectid": 101,
        "featuretype": "EMERGENCY FACILITY",
        "descripton": "An emergency management facility from which a particular agency\u2019s resources are commanded, coordinated and assigned to an incident or emergency",
        "class": "AMBULANCE STATION",
        "facility_name": "HALLS GAP AMBULANCE STATION",
        "facility_operationalstatus": "OPERATIONAL",
        "facility_address": null,
        "abs_suburb": "HALLS GAP",
        "facility_state": "VICTORIA",
        "abs_postcode": "3381",
        "facility_attribute_source": "HTTP://DATA.VIC.GOV.AU",
        "facility_attribute_date": null,
        "facility_source": "HTTP://DATA.VIC.GOV.AU",
        "facility_date": null,
        "facility_spatial_confidence": null,
        "facility_revised": "2018-06-06T00:00:00Z",
        "comment_": null,
        "facility_lat": "-37.13670500499995",
        "facility_long": "142.5188627130001",
        "validated": null,
        "gnaf_building_name": null,
        "gnaf_address_detail_pid": "GAVIC424493095",
        "gnaf_formatted_address": "78 GRAMPIANS ROAD",
        "gnaf_confidence": "0",
        "gnaf_postcode": "3381",
        "gnaf_suburb": "HALLS GAP",
        "distance_to_gnaf": 0,
        "gnaf_lat": "-37.13670502999997",
        "gnaf_long": "142.51886228000012"
      },
      "geometry": {
        "type": "Point",
        "coordinates": [
          142.5188691389596,
          -37.136691682568795
        ]
      }
    },
    {
      "type": "Feature",
      "properties": {
        "objectid": 102,
        "featuretype": "EMERGENCY FACILITY",
        "descripton": "An emergency management facility from which a particular agency\u2019s resources are commanded, coordinated and assigned to an incident or emergency",
        "class": "AMBULANCE STATION",
        "facility_name": "HAMILTON AMBULANCE STATION",
        "facility_operationalstatus": "OPERATIONAL",
        "facility_address": null,
        "abs_suburb": "HAMILTON",
        "facility_state": "VICTORIA",
        "abs_postcode": "3300",
        "facility_attribute_source": "HTTP://DATA.VIC.GOV.AU",
        "facility_attribute_date": null,
        "facility_source": "HTTP://DATA.VIC.GOV.AU",
        "facility_date": null,
        "facility_spatial_confidence": null,
        "facility_revised": "2018-06-06T00:00:00Z",
        "comment_": null,
        "facility_lat": "-37.73757899599997",
        "facility_long": "142.0322609960001",
        "validated": null,
        "gnaf_building_name": "RURAL AMBULANCE VICTORIA",
        "gnaf_address_detail_pid": "GAVIC424613908",
        "gnaf_formatted_address": "59 CLARENDON STREET",
        "gnaf_confidence": "0",
        "gnaf_postcode": "3300",
        "gnaf_suburb": "HAMILTON",
        "distance_to_gnaf": 0,
        "gnaf_lat": "-37.737578929999984",
        "gnaf_long": "142.03226094000001"
      },
      "geometry": {
        "type": "Point",
        "coordinates": [
          142.03226745233448,
          -37.73756564939212
        ]
      }
    },
    {
      "type": "Feature",
      "properties": {
        "objectid": 103,
        "featuretype": "EMERGENCY FACILITY",
        "descripton": "An emergency management facility from which a particular agency\u2019s resources are commanded, coordinated and assigned to an incident or emergency",
        "class": "AMBULANCE STATION",
        "facility_name": "HAMPTON PARK AMBULANCE STATION",
        "facility_operationalstatus": "OPERATIONAL",
        "facility_address": null,
        "abs_suburb": "HAMPTON PARK",
        "facility_state": "VICTORIA",
        "abs_postcode": "3976",
        "facility_attribute_source": "HTTP://DATA.VIC.GOV.AU",
        "facility_attribute_date": null,
        "facility_source": "HTTP://DATA.VIC.GOV.AU",
        "facility_date": null,
        "facility_spatial_confidence": null,
        "facility_revised": "2018-06-06T00:00:00Z",
        "comment_": null,
        "facility_lat": "-38.03126362799998",
        "facility_long": "145.25929431500003",
        "validated": null,
        "gnaf_building_name": null,
        "gnaf_address_detail_pid": "GAVIC411508937",
        "gnaf_formatted_address": "120 SOMERVILLE ROAD",
        "gnaf_confidence": "1",
        "gnaf_postcode": "3976",
        "gnaf_suburb": "HAMPTON PARK",
        "distance_to_gnaf": 0,
        "gnaf_lat": "-38.031263439999975",
        "gnaf_long": "145.25929429000007"
      },
      "geometry": {
        "type": "Point",
        "coordinates": [
          145.25930017615866,
          -38.03125048626649
        ]
      }
    },
    {
      "type": "Feature",
      "properties": {
        "objectid": 104,
        "featuretype": "EMERGENCY FACILITY",
        "descripton": "An emergency management facility from which a particular agency\u2019s resources are commanded, coordinated and assigned to an incident or emergency",
        "class": "AMBULANCE STATION",
        "facility_name": "HASTINGS AMBULANCE STATION",
        "facility_operationalstatus": "OPERATIONAL",
        "facility_address": null,
        "abs_suburb": "HASTINGS",
        "facility_state": "VICTORIA",
        "abs_postcode": "3915",
        "facility_attribute_source": "HTTP://DATA.VIC.GOV.AU",
        "facility_attribute_date": null,
        "facility_source": "HTTP://DATA.VIC.GOV.AU",
        "facility_date": null,
        "facility_spatial_confidence": null,
        "facility_revised": "2018-06-06T00:00:00Z",
        "comment_": null,
        "facility_lat": "-38.307013997999945",
        "facility_long": "145.18459000500002",
        "validated": null,
        "gnaf_building_name": null,
        "gnaf_address_detail_pid": "GAVIC421653183",
        "gnaf_formatted_address": "7 GLENDALE AVENUE",
        "gnaf_confidence": "0",
        "gnaf_postcode": "3915",
        "gnaf_suburb": "HASTINGS",
        "distance_to_gnaf": 7,
        "gnaf_lat": "-38.30699729999998",
        "gnaf_long": "145.18451257000004"
      },
      "geometry": {
        "type": "Point",
        "coordinates": [
          145.18459584856862,
          -38.307000852774664
        ]
      }
    },
    {
      "type": "Feature",
      "properties": {
        "objectid": 105,
        "featuretype": "EMERGENCY FACILITY",
        "descripton": "An emergency management facility from which a particular agency\u2019s resources are commanded, coordinated and assigned to an incident or emergency",
        "class": "AMBULANCE STATION",
        "facility_name": "LAKES ENTRANCE AMBULANCE STATION",
        "facility_operationalstatus": "OPERATIONAL",
        "facility_address": null,
        "abs_suburb": "LAKES ENTRANCE",
        "facility_state": "VICTORIA",
        "abs_postcode": "3909",
        "facility_attribute_source": "HTTP://DATA.VIC.GOV.AU",
        "facility_attribute_date": null,
        "facility_source": "HTTP://DATA.VIC.GOV.AU",
        "facility_date": null,
        "facility_spatial_confidence": null,
        "facility_revised": "2018-06-06T00:00:00Z",
        "comment_": null,
        "facility_lat": "-37.879689945999985",
        "facility_long": "147.9856223170001",
        "validated": null,
        "gnaf_building_name": null,
        "gnaf_address_detail_pid": "GAVIC420664479",
        "gnaf_formatted_address": "19 MECHANICS STREET",
        "gnaf_confidence": "2",
        "gnaf_postcode": "3909",
        "gnaf_suburb": "LAKES ENTRANCE",
        "distance_to_gnaf": 10,
        "gnaf_lat": "-37.87960285999998",
        "gnaf_long": "147.98566582000012"
      },
      "geometry": {
        "type": "Point",
        "coordinates": [
          147.9856277250763,
          -37.879677008117135
        ]
      }
    },
    {
      "type": "Feature",
      "properties": {
        "objectid": 106,
        "featuretype": "EMERGENCY FACILITY",
        "descripton": "An emergency management facility from which a particular agency\u2019s resources are commanded, coordinated and assigned to an incident or emergency",
        "class": "AMBULANCE STATION",
        "facility_name": "LANGWARRIN AMBULANCE STATION",
        "facility_operationalstatus": "OPERATIONAL",
        "facility_address": null,
        "abs_suburb": "LANGWARRIN",
        "facility_state": "VICTORIA",
        "abs_postcode": "3910",
        "facility_attribute_source": "HTTP://DATA.VIC.GOV.AU",
        "facility_attribute_date": null,
        "facility_source": "HTTP://DATA.VIC.GOV.AU",
        "facility_date": null,
        "facility_spatial_confidence": null,
        "facility_revised": "2018-06-06T00:00:00Z",
        "comment_": null,
        "facility_lat": "-38.15298499599993",
        "facility_long": "145.19064599500007",
        "validated": null,
        "gnaf_building_name": null,
        "gnaf_address_detail_pid": "GAVIC421299167",
        "gnaf_formatted_address": "1 WARRANDYTE ROAD",
        "gnaf_confidence": "2",
        "gnaf_postcode": "3910",
        "gnaf_suburb": "LANGWARRIN",
        "distance_to_gnaf": 0,
        "gnaf_lat": "-38.15298399999995",
        "gnaf_long": "145.19064500000002"
      },
      "geometry": {
        "type": "Point",
        "coordinates": [
          145.19065185465416,
          -38.15297185024944
        ]
      }
    },
    {
      "type": "Feature",
      "properties": {
        "objectid": 107,
        "featuretype": "EMERGENCY FACILITY",
        "descripton": "An emergency management facility from which a particular agency\u2019s resources are commanded, coordinated and assigned to an incident or emergency",
        "class": "AMBULANCE STATION",
        "facility_name": "LARA AMBULANCE STATION",
        "facility_operationalstatus": "OPERATIONAL",
        "facility_address": null,
        "abs_suburb": "LARA",
        "facility_state": "VICTORIA",
        "abs_postcode": "3212",
        "facility_attribute_source": "HTTP://DATA.VIC.GOV.AU",
        "facility_attribute_date": null,
        "facility_source": "HTTP://DATA.VIC.GOV.AU",
        "facility_date": null,
        "facility_spatial_confidence": null,
        "facility_revised": "2018-06-06T00:00:00Z",
        "comment_": null,
        "facility_lat": "-38.02106647699998",
        "facility_long": "144.4142611750001",
        "validated": null,
        "gnaf_building_name": null,
        "gnaf_address_detail_pid": "GAVIC424555012",
        "gnaf_formatted_address": "23 MILL ROAD",
        "gnaf_confidence": "1",
        "gnaf_postcode": "3212",
        "gnaf_suburb": "LARA",
        "distance_to_gnaf": 17,
        "gnaf_lat": "-38.021023799999966",
        "gnaf_long": "144.41407777000006"
      },
      "geometry": {
        "type": "Point",
        "coordinates": [
          144.41426718526952,
          -38.021053277876014
        ]
      }
    },
    {
      "type": "Feature",
      "properties": {
        "objectid": 108,
        "featuretype": "EMERGENCY FACILITY",
        "descripton": "An emergency management facility from which a particular agency\u2019s resources are commanded, coordinated and assigned to an incident or emergency",
        "class": "AMBULANCE STATION",
        "facility_name": "WEST SRC AMBULANCE STATION",
        "facility_operationalstatus": "OPERATIONAL",
        "facility_address": null,
        "abs_suburb": "LAVERTON NORTH",
        "facility_state": "VICTORIA",
        "abs_postcode": "3026",
        "facility_attribute_source": "HTTP://DATA.VIC.GOV.AU",
        "facility_attribute_date": null,
        "facility_source": "HTTP://DATA.VIC.GOV.AU",
        "facility_date": null,
        "facility_spatial_confidence": null,
        "facility_revised": "2018-06-06T00:00:00Z",
        "comment_": null,
        "facility_lat": "-37.82073318899995",
        "facility_long": "144.80186562500012",
        "validated": null,
        "gnaf_building_name": null,
        "gnaf_address_detail_pid": "GAVIC424348924",
        "gnaf_formatted_address": "24 AGOSTA DRIVE",
        "gnaf_confidence": "1",
        "gnaf_postcode": "3026",
        "gnaf_suburb": "LAVERTON NORTH",
        "distance_to_gnaf": 0,
        "gnaf_lat": "-37.82073312999995",
        "gnaf_long": "144.8018655400001"
      },
      "geometry": {
        "type": "Point",
        "coordinates": [
          144.8018715889189,
          -37.82072001457239
        ]
      }
    },
    {
      "type": "Feature",
      "properties": {
        "objectid": 109,
        "featuretype": "EMERGENCY FACILITY",
        "descripton": "An emergency management facility from which a particular agency\u2019s resources are commanded, coordinated and assigned to an incident or emergency",
        "class": "AMBULANCE STATION",
        "facility_name": "LEONGATHA AMBULANCE STATION",
        "facility_operationalstatus": "OPERATIONAL",
        "facility_address": null,
        "abs_suburb": "LEONGATHA",
        "facility_state": "VICTORIA",
        "abs_postcode": "3953",
        "facility_attribute_source": "HTTP://DATA.VIC.GOV.AU",
        "facility_attribute_date": null,
        "facility_source": "HTTP://DATA.VIC.GOV.AU",
        "facility_date": null,
        "facility_spatial_confidence": null,
        "facility_revised": "2018-06-06T00:00:00Z",
        "comment_": null,
        "facility_lat": "-38.47752300099995",
        "facility_long": "145.95105999600003",
        "validated": null,
        "gnaf_building_name": null,
        "gnaf_address_detail_pid": "GAVIC424469694",
        "gnaf_formatted_address": "13 JEFFREY STREET",
        "gnaf_confidence": "1",
        "gnaf_postcode": "3953",
        "gnaf_suburb": "LEONGATHA",
        "distance_to_gnaf": 0,
        "gnaf_lat": "-38.47752308999998",
        "gnaf_long": "145.95105995000006"
      },
      "geometry": {
        "type": "Point",
        "coordinates": [
          145.95106568453758,
          -38.47750991112047
        ]
      }
    },
    {
      "type": "Feature",
      "properties": {
        "objectid": 110,
        "featuretype": "EMERGENCY FACILITY",
        "descripton": "An emergency management facility from which a particular agency\u2019s resources are commanded, coordinated and assigned to an incident or emergency",
        "class": "AMBULANCE STATION",
        "facility_name": "LEOPOLD AMBULANCE STATION",
        "facility_operationalstatus": "OPERATIONAL",
        "facility_address": null,
        "abs_suburb": "LEOPOLD",
        "facility_state": "VICTORIA",
        "abs_postcode": "3224",
        "facility_attribute_source": "HTTP://DATA.VIC.GOV.AU",
        "facility_attribute_date": null,
        "facility_source": "HTTP://DATA.VIC.GOV.AU",
        "facility_date": null,
        "facility_spatial_confidence": null,
        "facility_revised": "2018-06-06T00:00:00Z",
        "comment_": null,
        "facility_lat": "-38.19078965099993",
        "facility_long": "144.46996913500004",
        "validated": null,
        "gnaf_building_name": null,
        "gnaf_address_detail_pid": "GAVIC425730019",
        "gnaf_formatted_address": "802-804 BELLARINE HIGHWAY",
        "gnaf_confidence": "1",
        "gnaf_postcode": "3224",
        "gnaf_suburb": "LEOPOLD",
        "distance_to_gnaf": 13,
        "gnaf_lat": "-38.19082403999994",
        "gnaf_long": "144.47010899000009"
      },
      "geometry": {
        "type": "Point",
        "coordinates": [
          144.4699751174589,
          -38.190776456604375
        ]
      }
    },
    {
      "type": "Feature",
      "properties": {
        "objectid": 111,
        "featuretype": "EMERGENCY FACILITY",
        "descripton": "An emergency management facility from which a particular agency\u2019s resources are commanded, coordinated and assigned to an incident or emergency",
        "class": "AMBULANCE STATION",
        "facility_name": "LILYDALE AMBULANCE STATION",
        "facility_operationalstatus": "OPERATIONAL",
        "facility_address": null,
        "abs_suburb": "LILYDALE",
        "facility_state": "VICTORIA",
        "abs_postcode": "3140",
        "facility_attribute_source": "HTTP://DATA.VIC.GOV.AU",
        "facility_attribute_date": null,
        "facility_source": "HTTP://DATA.VIC.GOV.AU",
        "facility_date": null,
        "facility_spatial_confidence": null,
        "facility_revised": "2018-06-06T00:00:00Z",
        "comment_": null,
        "facility_lat": "-37.75816400399998",
        "facility_long": "145.35531400600007",
        "validated": null,
        "gnaf_building_name": null,
        "gnaf_address_detail_pid": "GAVIC419873942",
        "gnaf_formatted_address": "1 PINE STREET",
        "gnaf_confidence": "1",
        "gnaf_postcode": "3140",
        "gnaf_suburb": "LILYDALE",
        "distance_to_gnaf": 0,
        "gnaf_lat": "-37.75816299999997",
        "gnaf_long": "145.35531300000002"
      },
      "geometry": {
        "type": "Point",
        "coordinates": [
          145.3553198808066,
          -37.758150867273955
        ]
      }
    },
    {
      "type": "Feature",
      "properties": {
        "objectid": 112,
        "featuretype": "EMERGENCY FACILITY",
        "descripton": "An emergency management facility from which a particular agency\u2019s resources are commanded, coordinated and assigned to an incident or emergency",
        "class": "AMBULANCE STATION",
        "facility_name": "LISMORE AMBULANCE STATION",
        "facility_operationalstatus": "OPERATIONAL",
        "facility_address": null,
        "abs_suburb": "LISMORE",
        "facility_state": "VICTORIA",
        "abs_postcode": "3324",
        "facility_attribute_source": "HTTP://DATA.VIC.GOV.AU",
        "facility_attribute_date": null,
        "facility_source": "HTTP://DATA.VIC.GOV.AU",
        "facility_date": null,
        "facility_spatial_confidence": null,
        "facility_revised": "2018-06-06T00:00:00Z",
        "comment_": null,
        "facility_lat": "-37.953237000999934",
        "facility_long": "143.3375770020001",
        "validated": null,
        "gnaf_building_name": null,
        "gnaf_address_detail_pid": "GAVIC414219447",
        "gnaf_formatted_address": "15 WEST STREET",
        "gnaf_confidence": "1",
        "gnaf_postcode": "3324",
        "gnaf_suburb": "LISMORE",
        "distance_to_gnaf": 11,
        "gnaf_lat": "-37.95321425999998",
        "gnaf_long": "143.3376927700001"
      },
      "geometry": {
        "type": "Point",
        "coordinates": [
          143.33758320847153,
          -37.95322373267113
        ]
      }
    },
    {
      "type": "Feature",
      "properties": {
        "objectid": 113,
        "featuretype": "EMERGENCY FACILITY",
        "descripton": "An emergency management facility from which a particular agency\u2019s resources are commanded, coordinated and assigned to an incident or emergency",
        "class": "AMBULANCE STATION",
        "facility_name": "LOCH SPORT AMBULANCE STATION",
        "facility_operationalstatus": "OPERATIONAL",
        "facility_address": null,
        "abs_suburb": "LOCH SPORT",
        "facility_state": "VICTORIA",
        "abs_postcode": "3851",
        "facility_attribute_source": "HTTP://DATA.VIC.GOV.AU",
        "facility_attribute_date": null,
        "facility_source": "HTTP://DATA.VIC.GOV.AU",
        "facility_date": null,
        "facility_spatial_confidence": null,
        "facility_revised": "2018-06-06T00:00:00Z",
        "comment_": null,
        "facility_lat": "-38.03964716599995",
        "facility_long": "147.59287930400012",
        "validated": null,
        "gnaf_building_name": null,
        "gnaf_address_detail_pid": "GAVIC422312475",
        "gnaf_formatted_address": "105 NATIONAL PARK ROAD",
        "gnaf_confidence": "0",
        "gnaf_postcode": "3851",
        "gnaf_suburb": "LOCH SPORT",
        "distance_to_gnaf": 91,
        "gnaf_lat": "-38.04034528999995",
        "gnaf_long": "147.5923446700001"
      },
      "geometry": {
        "type": "Point",
        "coordinates": [
          147.59288475910023,
          -38.039634197761444
        ]
      }
    },
    {
      "type": "Feature",
      "properties": {
        "objectid": 114,
        "featuretype": "EMERGENCY FACILITY",
        "descripton": "An emergency management facility from which a particular agency\u2019s resources are commanded, coordinated and assigned to an incident or emergency",
        "class": "AMBULANCE STATION",
        "facility_name": "LORNE AMBULANCE STATION",
        "facility_operationalstatus": "OPERATIONAL",
        "facility_address": null,
        "abs_suburb": "LORNE",
        "facility_state": "VICTORIA",
        "abs_postcode": "3232",
        "facility_attribute_source": "HTTP://DATA.VIC.GOV.AU",
        "facility_attribute_date": null,
        "facility_source": "HTTP://DATA.VIC.GOV.AU",
        "facility_date": null,
        "facility_spatial_confidence": null,
        "facility_revised": "2018-06-06T00:00:00Z",
        "comment_": null,
        "facility_lat": "-38.540484995999975",
        "facility_long": "143.97370199600005",
        "validated": null,
        "gnaf_building_name": null,
        "gnaf_address_detail_pid": "GAVIC423895848",
        "gnaf_formatted_address": "40-42 SMITH STREET",
        "gnaf_confidence": "0",
        "gnaf_postcode": "3232",
        "gnaf_suburb": "LORNE",
        "distance_to_gnaf": 14,
        "gnaf_lat": "-38.54058950999996",
        "gnaf_long": "143.97361339000008"
      },
      "geometry": {
        "type": "Point",
        "coordinates": [
          143.97370802992867,
          -38.54047177130567
        ]
      }
    },
    {
      "type": "Feature",
      "properties": {
        "objectid": 115,
        "featuretype": "EMERGENCY FACILITY",
        "descripton": "An emergency management facility from which a particular agency\u2019s resources are commanded, coordinated and assigned to an incident or emergency",
        "class": "AMBULANCE STATION",
        "facility_name": "MAFFRA AMBULANCE STATION",
        "facility_operationalstatus": "OPERATIONAL",
        "facility_address": null,
        "abs_suburb": "MAFFRA",
        "facility_state": "VICTORIA",
        "abs_postcode": "3860",
        "facility_attribute_source": "HTTP://DATA.VIC.GOV.AU",
        "facility_attribute_date": null,
        "facility_source": "HTTP://DATA.VIC.GOV.AU",
        "facility_date": null,
        "facility_spatial_confidence": null,
        "facility_revised": "2018-06-06T00:00:00Z",
        "comment_": null,
        "facility_lat": "-37.97077469299995",
        "facility_long": "146.98033227300004",
        "validated": null,
        "gnaf_building_name": null,
        "gnaf_address_detail_pid": "GAVIC425743136",
        "gnaf_formatted_address": "20-22 STATION STREET",
        "gnaf_confidence": "1",
        "gnaf_postcode": "3860",
        "gnaf_suburb": "MAFFRA",
        "distance_to_gnaf": 3,
        "gnaf_lat": "-37.970787289999976",
        "gnaf_long": "146.98030333000008"
      },
      "geometry": {
        "type": "Point",
        "coordinates": [
          146.9803378423024,
          -37.97076167666405
        ]
      }
    },
    {
      "type": "Feature",
      "properties": {
        "objectid": 116,
        "featuretype": "EMERGENCY FACILITY",
        "descripton": "An emergency management facility from which a particular agency\u2019s resources are commanded, coordinated and assigned to an incident or emergency",
        "class": "AMBULANCE STATION",
        "facility_name": "MALLACOOTA AMBULANCE STATION",
        "facility_operationalstatus": "OPERATIONAL",
        "facility_address": null,
        "abs_suburb": "MALLACOOTA",
        "facility_state": "VICTORIA",
        "abs_postcode": "3892",
        "facility_attribute_source": "HTTP://DATA.VIC.GOV.AU",
        "facility_attribute_date": null,
        "facility_source": "HTTP://DATA.VIC.GOV.AU",
        "facility_date": null,
        "facility_spatial_confidence": null,
        "facility_revised": "2018-06-06T00:00:00Z",
        "comment_": null,
        "facility_lat": "-37.56032723199996",
        "facility_long": "149.75522683000008",
        "validated": null,
        "gnaf_building_name": null,
        "gnaf_address_detail_pid": "GAVIC421771152",
        "gnaf_formatted_address": "82 BETKA ROAD",
        "gnaf_confidence": "1",
        "gnaf_postcode": "3892",
        "gnaf_suburb": "MALLACOOTA",
        "distance_to_gnaf": 0,
        "gnaf_lat": "-37.560328089999985",
        "gnaf_long": "149.7552271500001"
      },
      "geometry": {
        "type": "Point",
        "coordinates": [
          149.7552319819245,
          -37.56031444105973
        ]
      }
    },
    {
      "type": "Feature",
      "properties": {
        "objectid": 117,
        "featuretype": "EMERGENCY FACILITY",
        "descripton": "An emergency management facility from which a particular agency\u2019s resources are commanded, coordinated and assigned to an incident or emergency",
        "class": "AMBULANCE STATION",
        "facility_name": "CABRINI HOSP AMBULANCE STATION",
        "facility_operationalstatus": "OPERATIONAL",
        "facility_address": null,
        "abs_suburb": "MALVERN",
        "facility_state": "VICTORIA",
        "abs_postcode": "3144",
        "facility_attribute_source": "HTTP://DATA.VIC.GOV.AU",
        "facility_attribute_date": null,
        "facility_source": "HTTP://DATA.VIC.GOV.AU",
        "facility_date": null,
        "facility_spatial_confidence": null,
        "facility_revised": "2018-06-06T00:00:00Z",
        "comment_": null,
        "facility_lat": "-37.86285899899997",
        "facility_long": "145.0333950050001",
        "validated": null,
        "gnaf_building_name": "CABRINI HOSPITAL",
        "gnaf_address_detail_pid": "GAVIC413580673",
        "gnaf_formatted_address": "183 WATTLETREE ROAD",
        "gnaf_confidence": "2",
        "gnaf_postcode": "3144",
        "gnaf_suburb": "MALVERN",
        "distance_to_gnaf": 29,
        "gnaf_lat": "-37.86282775999996",
        "gnaf_long": "145.03306887000008"
      },
      "geometry": {
        "type": "Point",
        "coordinates": [
          145.033400924098,
          -37.862845840615144
        ]
      }
    },
    {
      "type": "Feature",
      "properties": {
        "objectid": 118,
        "featuretype": "EMERGENCY FACILITY",
        "descripton": "An emergency management facility from which a particular agency\u2019s resources are commanded, coordinated and assigned to an incident or emergency",
        "class": "AMBULANCE STATION",
        "facility_name": "MANANGATANG AMBULANCE STATION",
        "facility_operationalstatus": "OPERATIONAL",
        "facility_address": null,
        "abs_suburb": "MANANGATANG",
        "facility_state": "VICTORIA",
        "abs_postcode": "3546",
        "facility_attribute_source": "HTTP://DATA.VIC.GOV.AU",
        "facility_attribute_date": null,
        "facility_source": "HTTP://DATA.VIC.GOV.AU",
        "facility_date": null,
        "facility_spatial_confidence": null,
        "facility_revised": "2018-06-06T00:00:00Z",
        "comment_": null,
        "facility_lat": "-35.05517622699995",
        "facility_long": "142.88213542100004",
        "validated": null,
        "gnaf_building_name": null,
        "gnaf_address_detail_pid": "GAVIC420600656",
        "gnaf_formatted_address": "7 LARUNDEL STREET",
        "gnaf_confidence": "1",
        "gnaf_postcode": "3546",
        "gnaf_suburb": "MANANGATANG",
        "distance_to_gnaf": 0,
        "gnaf_lat": "-35.05517639999994",
        "gnaf_long": "142.88213516000008"
      },
      "geometry": {
        "type": "Point",
        "coordinates": [
          142.88214197343962,
          -35.055162912767194
        ]
      }
    },
    {
      "type": "Feature",
      "properties": {
        "objectid": 119,
        "featuretype": "EMERGENCY FACILITY",
        "descripton": "An emergency management facility from which a particular agency\u2019s resources are commanded, coordinated and assigned to an incident or emergency",
        "class": "AMBULANCE STATION",
        "facility_name": "MANSFIELD AMBULANCE STATION",
        "facility_operationalstatus": "OPERATIONAL",
        "facility_address": null,
        "abs_suburb": "MANSFIELD",
        "facility_state": "VICTORIA",
        "abs_postcode": "3722",
        "facility_attribute_source": "HTTP://DATA.VIC.GOV.AU",
        "facility_attribute_date": null,
        "facility_source": "HTTP://DATA.VIC.GOV.AU",
        "facility_date": null,
        "facility_spatial_confidence": null,
        "facility_revised": "2018-06-06T00:00:00Z",
        "comment_": null,
        "facility_lat": "-37.05307400299995",
        "facility_long": "146.08686500400006",
        "validated": null,
        "gnaf_building_name": null,
        "gnaf_address_detail_pid": "GAVIC421511283",
        "gnaf_formatted_address": "3 CURIA STREET",
        "gnaf_confidence": "2",
        "gnaf_postcode": "3722",
        "gnaf_suburb": "MANSFIELD",
        "distance_to_gnaf": 0,
        "gnaf_lat": "-37.053073549999965",
        "gnaf_long": "146.0868653000001"
      },
      "geometry": {
        "type": "Point",
        "coordinates": [
          146.08687083339967,
          -37.05306091409869
        ]
      }
    },
    {
      "type": "Feature",
      "properties": {
        "objectid": 120,
        "featuretype": "EMERGENCY FACILITY",
        "descripton": "An emergency management facility from which a particular agency\u2019s resources are commanded, coordinated and assigned to an incident or emergency",
        "class": "AMBULANCE STATION",
        "facility_name": "MARYBOROUGH AMBULANCE STATION",
        "facility_operationalstatus": "OPERATIONAL",
        "facility_address": null,
        "abs_suburb": "MARYBOROUGH",
        "facility_state": "VICTORIA",
        "abs_postcode": "3465",
        "facility_attribute_source": "HTTP://DATA.VIC.GOV.AU",
        "facility_attribute_date": null,
        "facility_source": "HTTP://DATA.VIC.GOV.AU",
        "facility_date": null,
        "facility_spatial_confidence": null,
        "facility_revised": "2018-06-06T00:00:00Z",
        "comment_": null,
        "facility_lat": "-37.044022996999956",
        "facility_long": "143.73761499800003",
        "validated": null,
        "gnaf_building_name": null,
        "gnaf_address_detail_pid": "GAVIC411797878",
        "gnaf_formatted_address": "9 NIGHTINGALE STREET",
        "gnaf_confidence": "2",
        "gnaf_postcode": "3465",
        "gnaf_suburb": "MARYBOROUGH",
        "distance_to_gnaf": 0,
        "gnaf_lat": "-37.04402294999994",
        "gnaf_long": "143.7376148300001"
      },
      "geometry": {
        "type": "Point",
        "coordinates": [
          143.7376212247789,
          -37.04400974804703
        ]
      }
    },
    {
      "type": "Feature",
      "properties": {
        "objectid": 121,
        "featuretype": "EMERGENCY FACILITY",
        "descripton": "An emergency management facility from which a particular agency\u2019s resources are commanded, coordinated and assigned to an incident or emergency",
        "class": "AMBULANCE STATION",
        "facility_name": "MARYSVILLE AMBULANCE STATION",
        "facility_operationalstatus": "OPERATIONAL",
        "facility_address": null,
        "abs_suburb": "MARYSVILLE",
        "facility_state": "VICTORIA",
        "abs_postcode": "3779",
        "facility_attribute_source": "HTTP://DATA.VIC.GOV.AU",
        "facility_attribute_date": null,
        "facility_source": "HTTP://DATA.VIC.GOV.AU",
        "facility_date": null,
        "facility_spatial_confidence": null,
        "facility_revised": "2018-06-06T00:00:00Z",
        "comment_": null,
        "facility_lat": "-37.51013699799995",
        "facility_long": "145.74077399700002",
        "validated": null,
        "gnaf_building_name": null,
        "gnaf_address_detail_pid": "GAVIC423963543",
        "gnaf_formatted_address": "11 BARTON AVENUE",
        "gnaf_confidence": "1",
        "gnaf_postcode": "3779",
        "gnaf_suburb": "MARYSVILLE",
        "distance_to_gnaf": 0,
        "gnaf_lat": "-37.510136889999956",
        "gnaf_long": "145.74077468000007"
      },
      "geometry": {
        "type": "Point",
        "coordinates": [
          145.74077983328718,
          -37.51012388699128
        ]
      }
    },
    {
      "type": "Feature",
      "properties": {
        "objectid": 122,
        "featuretype": "EMERGENCY FACILITY",
        "descripton": "An emergency management facility from which a particular agency\u2019s resources are commanded, coordinated and assigned to an incident or emergency",
        "class": "AMBULANCE STATION",
        "facility_name": "ROYAL MELBOURNE AMBULANCE STATION",
        "facility_operationalstatus": "OPERATIONAL",
        "facility_address": null,
        "abs_suburb": "MELBOURNE",
        "facility_state": "VICTORIA",
        "abs_postcode": "3050",
        "facility_attribute_source": "HTTP://DATA.VIC.GOV.AU",
        "facility_attribute_date": null,
        "facility_source": "HTTP://DATA.VIC.GOV.AU",
        "facility_date": null,
        "facility_spatial_confidence": null,
        "facility_revised": "2018-06-06T00:00:00Z",
        "comment_": null,
        "facility_lat": "-37.79934756999995",
        "facility_long": "144.9560615590001",
        "validated": null,
        "gnaf_building_name": "ROYAL MELBOURNE HOSPITAL",
        "gnaf_address_detail_pid": "GAVIC425100453",
        "gnaf_formatted_address": "300 GRATTAN STREET",
        "gnaf_confidence": "0",
        "gnaf_postcode": "3052",
        "gnaf_suburb": "PARKVILLE",
        "distance_to_gnaf": 0,
        "gnaf_lat": "-37.79934733999994",
        "gnaf_long": "144.95606276"
      },
      "geometry": {
        "type": "Point",
        "coordinates": [
          144.95606749844617,
          -37.799334405926196
        ]
      }
    },
    {
      "type": "Feature",
      "properties": {
        "objectid": 123,
        "featuretype": "EMERGENCY FACILITY",
        "descripton": "An emergency management facility from which a particular agency\u2019s resources are commanded, coordinated and assigned to an incident or emergency",
        "class": "AMBULANCE STATION",
        "facility_name": "MELBOURNE AIRPORT AMBULANCE STATION",
        "facility_operationalstatus": "OPERATIONAL",
        "facility_address": null,
        "abs_suburb": "MELBOURNE AIRPORT",
        "facility_state": "VICTORIA",
        "abs_postcode": "3045",
        "facility_attribute_source": "HTTP://DATA.VIC.GOV.AU",
        "facility_attribute_date": null,
        "facility_source": "HTTP://DATA.VIC.GOV.AU",
        "facility_date": null,
        "facility_spatial_confidence": null,
        "facility_revised": "2018-06-06T00:00:00Z",
        "comment_": null,
        "facility_lat": "-37.67673269399995",
        "facility_long": "144.85022403100004",
        "validated": null,
        "gnaf_building_name": "AUSTRALIAN FEDERAL POLICE",
        "gnaf_address_detail_pid": "GAVIC719107135",
        "gnaf_formatted_address": "2 FRANCIS BRIGGS DRIVE",
        "gnaf_confidence": "0",
        "gnaf_postcode": "3045",
        "gnaf_suburb": "MELBOURNE AIRPORT",
        "distance_to_gnaf": 56,
        "gnaf_lat": "-37.676736449999964",
        "gnaf_long": "144.85086115000001"
      },
      "geometry": {
        "type": "Point",
        "coordinates": [
          144.85023000201784,
          -37.67671952195827
        ]
      }
    },
    {
      "type": "Feature",
      "properties": {
        "objectid": 124,
        "featuretype": "EMERGENCY FACILITY",
        "descripton": "An emergency management facility from which a particular agency\u2019s resources are commanded, coordinated and assigned to an incident or emergency",
        "class": "AMBULANCE STATION",
        "facility_name": "MELTON AMBULANCE STATION",
        "facility_operationalstatus": "OPERATIONAL",
        "facility_address": null,
        "abs_suburb": "MELTON",
        "facility_state": "VICTORIA",
        "abs_postcode": "3337",
        "facility_attribute_source": "HTTP://DATA.VIC.GOV.AU",
        "facility_attribute_date": null,
        "facility_source": "HTTP://DATA.VIC.GOV.AU",
        "facility_date": null,
        "facility_spatial_confidence": null,
        "facility_revised": "2018-06-06T00:00:00Z",
        "comment_": null,
        "facility_lat": "-37.68453100199997",
        "facility_long": "144.5801309950001",
        "validated": null,
        "gnaf_building_name": null,
        "gnaf_address_detail_pid": "GAVIC420188030",
        "gnaf_formatted_address": "134-136 MCKENZIE STREET",
        "gnaf_confidence": "2",
        "gnaf_postcode": "3337",
        "gnaf_suburb": "MELTON",
        "distance_to_gnaf": 0,
        "gnaf_lat": "-37.684530999999936",
        "gnaf_long": "144.58013100000005"
      },
      "geometry": {
        "type": "Point",
        "coordinates": [
          144.5801370119161,
          -37.68451781182181
        ]
      }
    },
    {
      "type": "Feature",
      "properties": {
        "objectid": 125,
        "featuretype": "EMERGENCY FACILITY",
        "descripton": "An emergency management facility from which a particular agency\u2019s resources are commanded, coordinated and assigned to an incident or emergency",
        "class": "AMBULANCE STATION",
        "facility_name": "MILDURA AMBULANCE STATION",
        "facility_operationalstatus": "OPERATIONAL",
        "facility_address": null,
        "abs_suburb": "MILDURA",
        "facility_state": "VICTORIA",
        "abs_postcode": "3500",
        "facility_attribute_source": "HTTP://DATA.VIC.GOV.AU",
        "facility_attribute_date": null,
        "facility_source": "HTTP://DATA.VIC.GOV.AU",
        "facility_date": null,
        "facility_spatial_confidence": null,
        "facility_revised": "2018-06-06T00:00:00Z",
        "comment_": null,
        "facility_lat": "-34.192924095999956",
        "facility_long": "142.15257987000007",
        "validated": null,
        "gnaf_building_name": null,
        "gnaf_address_detail_pid": "GAVIC423628698",
        "gnaf_formatted_address": "223-225 DEAKIN AVENUE",
        "gnaf_confidence": "1",
        "gnaf_postcode": "3500",
        "gnaf_suburb": "MILDURA",
        "distance_to_gnaf": 0,
        "gnaf_lat": "-34.19292404999993",
        "gnaf_long": "142.1525803500001"
      },
      "geometry": {
        "type": "Point",
        "coordinates": [
          142.1525866093576,
          -34.192910733725576
        ]
      }
    },
    {
      "type": "Feature",
      "properties": {
        "objectid": 126,
        "featuretype": "EMERGENCY FACILITY",
        "descripton": "An emergency management facility from which a particular agency\u2019s resources are commanded, coordinated and assigned to an incident or emergency",
        "class": "AMBULANCE STATION",
        "facility_name": "MIRBOO NORTH AMBULANCE STATION",
        "facility_operationalstatus": "OPERATIONAL",
        "facility_address": null,
        "abs_suburb": "MIRBOO NORTH",
        "facility_state": "VICTORIA",
        "abs_postcode": "3871",
        "facility_attribute_source": "HTTP://DATA.VIC.GOV.AU",
        "facility_attribute_date": null,
        "facility_source": "HTTP://DATA.VIC.GOV.AU",
        "facility_date": null,
        "facility_spatial_confidence": null,
        "facility_revised": "2018-06-06T00:00:00Z",
        "comment_": null,
        "facility_lat": "-38.40250599799998",
        "facility_long": "146.16185000000007",
        "validated": null,
        "gnaf_building_name": null,
        "gnaf_address_detail_pid": "GAVIC425615093",
        "gnaf_formatted_address": "4 GRAND RIDGE EAST ",
        "gnaf_confidence": "0",
        "gnaf_postcode": "3871",
        "gnaf_suburb": "MIRBOO NORTH",
        "distance_to_gnaf": 0,
        "gnaf_lat": "-38.40250654999994",
        "gnaf_long": "146.1618506000001"
      },
      "geometry": {
        "type": "Point",
        "coordinates": [
          146.1618556601398,
          -38.402492923014506
        ]
      }
    },
    {
      "type": "Feature",
      "properties": {
        "objectid": 127,
        "featuretype": "EMERGENCY FACILITY",
        "descripton": "An emergency management facility from which a particular agency\u2019s resources are commanded, coordinated and assigned to an incident or emergency",
        "class": "AMBULANCE STATION",
        "facility_name": "MITTA MITTA AMBULANCE STATION",
        "facility_operationalstatus": "OPERATIONAL",
        "facility_address": null,
        "abs_suburb": "MITTA MITTA",
        "facility_state": "VICTORIA",
        "abs_postcode": "3701",
        "facility_attribute_source": "HTTP://DATA.VIC.GOV.AU",
        "facility_attribute_date": null,
        "facility_source": "HTTP://DATA.VIC.GOV.AU",
        "facility_date": null,
        "facility_spatial_confidence": null,
        "facility_revised": "2018-06-06T00:00:00Z",
        "comment_": null,
        "facility_lat": "-36.537125860999936",
        "facility_long": "147.37816933500005",
        "validated": null,
        "gnaf_building_name": null,
        "gnaf_address_detail_pid": "GAVIC422179227",
        "gnaf_formatted_address": "5556 OMEO HIGHWAY",
        "gnaf_confidence": "1",
        "gnaf_postcode": "3701",
        "gnaf_suburb": "MITTA MITTA",
        "distance_to_gnaf": 0,
        "gnaf_lat": "-36.53712615999996",
        "gnaf_long": "147.37816925000004"
      },
      "geometry": {
        "type": "Point",
        "coordinates": [
          147.3781750111273,
          -36.53711286631465
        ]
      }
    },
    {
      "type": "Feature",
      "properties": {
        "objectid": 128,
        "featuretype": "EMERGENCY FACILITY",
        "descripton": "An emergency management facility from which a particular agency\u2019s resources are commanded, coordinated and assigned to an incident or emergency",
        "class": "AMBULANCE STATION",
        "facility_name": "MOE AMBULANCE STATION",
        "facility_operationalstatus": "OPERATIONAL",
        "facility_address": null,
        "abs_suburb": "MOE",
        "facility_state": "VICTORIA",
        "abs_postcode": "3825",
        "facility_attribute_source": "HTTP://DATA.VIC.GOV.AU",
        "facility_attribute_date": null,
        "facility_source": "HTTP://DATA.VIC.GOV.AU",
        "facility_date": null,
        "facility_spatial_confidence": null,
        "facility_revised": "2018-06-06T00:00:00Z",
        "comment_": null,
        "facility_lat": "-38.18021100399994",
        "facility_long": "146.26122100300006",
        "validated": null,
        "gnaf_building_name": null,
        "gnaf_address_detail_pid": "GAVIC421602897",
        "gnaf_formatted_address": "42-44 FOWLER STREET",
        "gnaf_confidence": "1",
        "gnaf_postcode": "3825",
        "gnaf_suburb": "MOE",
        "distance_to_gnaf": 0,
        "gnaf_lat": "-38.180210889999955",
        "gnaf_long": "146.26122089000012"
      },
      "geometry": {
        "type": "Point",
        "coordinates": [
          146.2612266719935,
          -38.18019793494464
        ]
      }
    },
    {
      "type": "Feature",
      "properties": {
        "objectid": 129,
        "featuretype": "EMERGENCY FACILITY",
        "descripton": "An emergency management facility from which a particular agency\u2019s resources are commanded, coordinated and assigned to an incident or emergency",
        "class": "AMBULANCE STATION",
        "facility_name": "ELTHAM AMBULANCE STATION",
        "facility_operationalstatus": "OPERATIONAL",
        "facility_address": null,
        "abs_suburb": "MONTMORENCY",
        "facility_state": "VICTORIA",
        "abs_postcode": "3094",
        "facility_attribute_source": "HTTP://DATA.VIC.GOV.AU",
        "facility_attribute_date": null,
        "facility_source": "HTTP://DATA.VIC.GOV.AU",
        "facility_date": null,
        "facility_spatial_confidence": null,
        "facility_revised": "2018-06-06T00:00:00Z",
        "comment_": null,
        "facility_lat": "-37.72537700199996",
        "facility_long": "145.12408300000004",
        "validated": null,
        "gnaf_building_name": null,
        "gnaf_address_detail_pid": "GAVIC421603347",
        "gnaf_formatted_address": "1 GRAND BOULEVARD",
        "gnaf_confidence": "2",
        "gnaf_postcode": "3094",
        "gnaf_suburb": "MONTMORENCY",
        "distance_to_gnaf": 0,
        "gnaf_lat": "-37.725377279999975",
        "gnaf_long": "145.12408299000003"
      },
      "geometry": {
        "type": "Point",
        "coordinates": [
          145.12408891839863,
          -37.72536384900434
        ]
      }
    },
    {
      "type": "Feature",
      "properties": {
        "objectid": 130,
        "featuretype": "EMERGENCY FACILITY",
        "descripton": "An emergency management facility from which a particular agency\u2019s resources are commanded, coordinated and assigned to an incident or emergency",
        "class": "AMBULANCE STATION",
        "facility_name": "MICA 10 AMBULANCE STATION",
        "facility_operationalstatus": "OPERATIONAL",
        "facility_address": null,
        "abs_suburb": "MOORABBIN",
        "facility_state": "VICTORIA",
        "abs_postcode": "3189",
        "facility_attribute_source": "HTTP://DATA.VIC.GOV.AU",
        "facility_attribute_date": null,
        "facility_source": "HTTP://DATA.VIC.GOV.AU",
        "facility_date": null,
        "facility_spatial_confidence": null,
        "facility_revised": "2018-06-06T00:00:00Z",
        "comment_": null,
        "facility_lat": "-37.93801343999996",
        "facility_long": "145.064480709",
        "validated": null,
        "gnaf_building_name": null,
        "gnaf_address_detail_pid": "GAVIC424546316",
        "gnaf_formatted_address": "UNIT 1 20-26 SULLIVAN STREET",
        "gnaf_confidence": "1",
        "gnaf_postcode": "3189",
        "gnaf_suburb": "MOORABBIN",
        "distance_to_gnaf": 0,
        "gnaf_lat": "-37.93801354999994",
        "gnaf_long": "145.06448059000002"
      },
      "geometry": {
        "type": "Point",
        "coordinates": [
          145.06448661446154,
          -37.93800028421542
        ]
      }
    },
    {
      "type": "Feature",
      "properties": {
        "objectid": 131,
        "featuretype": "EMERGENCY FACILITY",
        "descripton": "An emergency management facility from which a particular agency\u2019s resources are commanded, coordinated and assigned to an incident or emergency",
        "class": "AMBULANCE STATION",
        "facility_name": "MOOROOPNA AMBULANCE STATION",
        "facility_operationalstatus": "OPERATIONAL",
        "facility_address": null,
        "abs_suburb": "MOOROOPNA",
        "facility_state": "VICTORIA",
        "abs_postcode": "3629",
        "facility_attribute_source": "HTTP://DATA.VIC.GOV.AU",
        "facility_attribute_date": null,
        "facility_source": "HTTP://DATA.VIC.GOV.AU",
        "facility_date": null,
        "facility_spatial_confidence": null,
        "facility_revised": "2018-06-06T00:00:00Z",
        "comment_": null,
        "facility_lat": "-36.37906076499996",
        "facility_long": "145.35111726200012",
        "validated": null,
        "gnaf_building_name": null,
        "gnaf_address_detail_pid": "GAVIC423704662",
        "gnaf_formatted_address": "172 ECHUCA ROAD",
        "gnaf_confidence": "1",
        "gnaf_postcode": "3629",
        "gnaf_suburb": "MOOROOPNA",
        "distance_to_gnaf": 0,
        "gnaf_lat": "-36.37906039999996",
        "gnaf_long": "145.35111700000004"
      },
      "geometry": {
        "type": "Point",
        "coordinates": [
          145.35112328769043,
          -36.37904761925986
        ]
      }
    },
    {
      "type": "Feature",
      "properties": {
        "objectid": 132,
        "featuretype": "EMERGENCY FACILITY",
        "descripton": "An emergency management facility from which a particular agency\u2019s resources are commanded, coordinated and assigned to an incident or emergency",
        "class": "AMBULANCE STATION",
        "facility_name": "MORDIALLOC AMBULANCE STATION",
        "facility_operationalstatus": "OPERATIONAL",
        "facility_address": null,
        "abs_suburb": "MORDIALLOC",
        "facility_state": "VICTORIA",
        "abs_postcode": "3195",
        "facility_attribute_source": "HTTP://DATA.VIC.GOV.AU",
        "facility_attribute_date": null,
        "facility_source": "HTTP://DATA.VIC.GOV.AU",
        "facility_date": null,
        "facility_spatial_confidence": null,
        "facility_revised": "2018-06-06T00:00:00Z",
        "comment_": null,
        "facility_lat": "-37.98721896099994",
        "facility_long": "145.10210191200008",
        "validated": null,
        "gnaf_building_name": null,
        "gnaf_address_detail_pid": "GAVIC719418940",
        "gnaf_formatted_address": "17 SIBTHORPE STREET",
        "gnaf_confidence": "0",
        "gnaf_postcode": "3195",
        "gnaf_suburb": "MORDIALLOC",
        "distance_to_gnaf": 2,
        "gnaf_lat": "-37.98721614999994",
        "gnaf_long": "145.10207646000003"
      },
      "geometry": {
        "type": "Point",
        "coordinates": [
          145.10210780549235,
          -37.98720580810928
        ]
      }
    },
    {
      "type": "Feature",
      "properties": {
        "objectid": 133,
        "featuretype": "EMERGENCY FACILITY",
        "descripton": "An emergency management facility from which a particular agency\u2019s resources are commanded, coordinated and assigned to an incident or emergency",
        "class": "AMBULANCE STATION",
        "facility_name": "MORNINGTON AMBULANCE STATION",
        "facility_operationalstatus": "OPERATIONAL",
        "facility_address": null,
        "abs_suburb": "MORNINGTON",
        "facility_state": "VICTORIA",
        "abs_postcode": "3931",
        "facility_attribute_source": "HTTP://DATA.VIC.GOV.AU",
        "facility_attribute_date": null,
        "facility_source": "HTTP://DATA.VIC.GOV.AU",
        "facility_date": null,
        "facility_spatial_confidence": null,
        "facility_revised": "2018-06-06T00:00:00Z",
        "comment_": null,
        "facility_lat": "-38.227623997999956",
        "facility_long": "145.0438180000001",
        "validated": null,
        "gnaf_building_name": null,
        "gnaf_address_detail_pid": "GAVIC420191709",
        "gnaf_formatted_address": "348 MAIN STREET",
        "gnaf_confidence": "1",
        "gnaf_postcode": "3931",
        "gnaf_suburb": "MORNINGTON",
        "distance_to_gnaf": 0,
        "gnaf_lat": "-38.227623999999935",
        "gnaf_long": "145.0438170000001"
      },
      "geometry": {
        "type": "Point",
        "coordinates": [
          145.04382387722075,
          -38.227610842576865
        ]
      }
    },
    {
      "type": "Feature",
      "properties": {
        "objectid": 134,
        "featuretype": "EMERGENCY FACILITY",
        "descripton": "An emergency management facility from which a particular agency\u2019s resources are commanded, coordinated and assigned to an incident or emergency",
        "class": "AMBULANCE STATION",
        "facility_name": "MORTLAKE AMBULANCE STATION",
        "facility_operationalstatus": "OPERATIONAL",
        "facility_address": null,
        "abs_suburb": "MORTLAKE",
        "facility_state": "VICTORIA",
        "abs_postcode": "3272",
        "facility_attribute_source": "HTTP://DATA.VIC.GOV.AU",
        "facility_attribute_date": null,
        "facility_source": "HTTP://DATA.VIC.GOV.AU",
        "facility_date": null,
        "facility_spatial_confidence": null,
        "facility_revised": "2018-06-06T00:00:00Z",
        "comment_": null,
        "facility_lat": "-38.08202399999993",
        "facility_long": "142.8081959960001",
        "validated": null,
        "gnaf_building_name": null,
        "gnaf_address_detail_pid": "GAVIC424915840",
        "gnaf_formatted_address": "2 PARK STREET",
        "gnaf_confidence": "0",
        "gnaf_postcode": "3272",
        "gnaf_suburb": "MORTLAKE",
        "distance_to_gnaf": 5,
        "gnaf_lat": "-38.08202257999994",
        "gnaf_long": "142.80814437000004"
      },
      "geometry": {
        "type": "Point",
        "coordinates": [
          142.80820228356336,
          -38.08201070038391
        ]
      }
    },
    {
      "type": "Feature",
      "properties": {
        "objectid": 135,
        "featuretype": "EMERGENCY FACILITY",
        "descripton": "An emergency management facility from which a particular agency\u2019s resources are commanded, coordinated and assigned to an incident or emergency",
        "class": "AMBULANCE STATION",
        "facility_name": "HEMS2 AMBULANCE STATION",
        "facility_operationalstatus": "OPERATIONAL",
        "facility_address": null,
        "abs_suburb": "MORWELL",
        "facility_state": "VICTORIA",
        "abs_postcode": "3840",
        "facility_attribute_source": "HTTP://DATA.VIC.GOV.AU",
        "facility_attribute_date": null,
        "facility_source": "HTTP://DATA.VIC.GOV.AU",
        "facility_date": null,
        "facility_spatial_confidence": null,
        "facility_revised": "2018-06-06T00:00:00Z",
        "comment_": null,
        "facility_lat": "-38.213332649999984",
        "facility_long": "146.46983501700004",
        "validated": null,
        "gnaf_building_name": null,
        "gnaf_address_detail_pid": "GAVIC720132179",
        "gnaf_formatted_address": "97 VILLAGE AVENUE",
        "gnaf_confidence": "0",
        "gnaf_postcode": "3840",
        "gnaf_suburb": "MORWELL",
        "distance_to_gnaf": 52,
        "gnaf_lat": "-38.21311905999994",
        "gnaf_long": "146.47036490000005"
      },
      "geometry": {
        "type": "Point",
        "coordinates": [
          146.46984064560695,
          -38.21331959660567
        ]
      }
    },
    {
      "type": "Feature",
      "properties": {
        "objectid": 136,
        "featuretype": "EMERGENCY FACILITY",
        "descripton": "An emergency management facility from which a particular agency\u2019s resources are commanded, coordinated and assigned to an incident or emergency",
        "class": "AMBULANCE STATION",
        "facility_name": "MORWELL AMBULANCE STATION",
        "facility_operationalstatus": "OPERATIONAL",
        "facility_address": null,
        "abs_suburb": "MORWELL",
        "facility_state": "VICTORIA",
        "abs_postcode": "3840",
        "facility_attribute_source": "HTTP://DATA.VIC.GOV.AU",
        "facility_attribute_date": null,
        "facility_source": "HTTP://DATA.VIC.GOV.AU",
        "facility_date": null,
        "facility_spatial_confidence": null,
        "facility_revised": "2018-06-06T00:00:00Z",
        "comment_": null,
        "facility_lat": "-38.23569499799993",
        "facility_long": "146.40620999500004",
        "validated": null,
        "gnaf_building_name": null,
        "gnaf_address_detail_pid": "GAVIC423225273",
        "gnaf_formatted_address": "26-28A MCDONALD STREET",
        "gnaf_confidence": "0",
        "gnaf_postcode": "3840",
        "gnaf_suburb": "MORWELL",
        "distance_to_gnaf": 0,
        "gnaf_lat": "-38.235694809999984",
        "gnaf_long": "146.40621055000008"
      },
      "geometry": {
        "type": "Point",
        "coordinates": [
          146.40621563205625,
          -38.23568194001113
        ]
      }
    },
    {
      "type": "Feature",
      "properties": {
        "objectid": 137,
        "featuretype": "EMERGENCY FACILITY",
        "descripton": "An emergency management facility from which a particular agency\u2019s resources are commanded, coordinated and assigned to an incident or emergency",
        "class": "AMBULANCE STATION",
        "facility_name": "MOUNT HOTHAM AMBULANCE STATION",
        "facility_operationalstatus": "OPERATIONAL",
        "facility_address": null,
        "abs_suburb": "HOTHAM HEIGHTS",
        "facility_state": "VICTORIA",
        "abs_postcode": "3741",
        "facility_attribute_source": "HTTP://DATA.VIC.GOV.AU",
        "facility_attribute_date": null,
        "facility_source": "HTTP://DATA.VIC.GOV.AU",
        "facility_date": null,
        "facility_spatial_confidence": null,
        "facility_revised": "2018-06-06T00:00:00Z",
        "comment_": null,
        "facility_lat": "-36.98307499699996",
        "facility_long": "147.14208700300003",
        "validated": null,
        "gnaf_building_name": null,
        "gnaf_address_detail_pid": "GAVIC425679674",
        "gnaf_formatted_address": "2 LAWLERS CAR PARK ROAD",
        "gnaf_confidence": "0",
        "gnaf_postcode": "3741",
        "gnaf_suburb": "HOTHAM HEIGHTS",
        "distance_to_gnaf": 41,
        "gnaf_lat": "-36.98344095999994",
        "gnaf_long": "147.14212900000007"
      },
      "geometry": {
        "type": "Point",
        "coordinates": [
          147.14209266448236,
          -36.983061986853116
        ]
      }
    },
    {
      "type": "Feature",
      "properties": {
        "objectid": 138,
        "featuretype": "EMERGENCY FACILITY",
        "descripton": "An emergency management facility from which a particular agency\u2019s resources are commanded, coordinated and assigned to an incident or emergency",
        "class": "AMBULANCE STATION",
        "facility_name": "INGLEWOOD AMBULANCE STATION",
        "facility_operationalstatus": "OPERATIONAL",
        "facility_address": null,
        "abs_suburb": "INGLEWOOD",
        "facility_state": "VICTORIA",
        "abs_postcode": "3517",
        "facility_attribute_source": "HTTP://DATA.VIC.GOV.AU",
        "facility_attribute_date": null,
        "facility_source": "HTTP://DATA.VIC.GOV.AU",
        "facility_date": null,
        "facility_spatial_confidence": null,
        "facility_revised": "2018-06-06T00:00:00Z",
        "comment_": null,
        "facility_lat": "-36.57226990099997",
        "facility_long": "143.87256283800002",
        "validated": null,
        "gnaf_building_name": null,
        "gnaf_address_detail_pid": "GAVIC425181285",
        "gnaf_formatted_address": "4 HOSPITAL STREET",
        "gnaf_confidence": "2",
        "gnaf_postcode": "3517",
        "gnaf_suburb": "INGLEWOOD",
        "distance_to_gnaf": 12,
        "gnaf_lat": "-36.57216228999994",
        "gnaf_long": "143.87257008000006"
      },
      "geometry": {
        "type": "Point",
        "coordinates": [
          143.87256908843938,
          -36.57225665765239
        ]
      }
    },
    {
      "type": "Feature",
      "properties": {
        "objectid": 139,
        "featuretype": "EMERGENCY FACILITY",
        "descripton": "An emergency management facility from which a particular agency\u2019s resources are commanded, coordinated and assigned to an incident or emergency",
        "class": "AMBULANCE STATION",
        "facility_name": "IRYMPLE AMBULANCE STATION",
        "facility_operationalstatus": "OPERATIONAL",
        "facility_address": null,
        "abs_suburb": "IRYMPLE",
        "facility_state": "VICTORIA",
        "abs_postcode": "3498",
        "facility_attribute_source": "HTTP://DATA.VIC.GOV.AU",
        "facility_attribute_date": null,
        "facility_source": "HTTP://DATA.VIC.GOV.AU",
        "facility_date": null,
        "facility_spatial_confidence": null,
        "facility_revised": "2018-06-06T00:00:00Z",
        "comment_": null,
        "facility_lat": "-34.23390099899996",
        "facility_long": "142.1694030000001",
        "validated": null,
        "gnaf_building_name": null,
        "gnaf_address_detail_pid": "GAVIC414343260",
        "gnaf_formatted_address": "2117 FIFTEENTH STREET",
        "gnaf_confidence": "1",
        "gnaf_postcode": "3498",
        "gnaf_suburb": "IRYMPLE",
        "distance_to_gnaf": 0,
        "gnaf_lat": "-34.23390092999995",
        "gnaf_long": "142.16940275000002"
      },
      "geometry": {
        "type": "Point",
        "coordinates": [
          142.169409733415,
          -34.2338876379479
        ]
      }
    },
    {
      "type": "Feature",
      "properties": {
        "objectid": 140,
        "featuretype": "EMERGENCY FACILITY",
        "descripton": "An emergency management facility from which a particular agency\u2019s resources are commanded, coordinated and assigned to an incident or emergency",
        "class": "AMBULANCE STATION",
        "facility_name": "MICA 4 AMBULANCE STATION",
        "facility_operationalstatus": "OPERATIONAL",
        "facility_address": null,
        "abs_suburb": "IVANHOE",
        "facility_state": "VICTORIA",
        "abs_postcode": "3079",
        "facility_attribute_source": "HTTP://DATA.VIC.GOV.AU",
        "facility_attribute_date": null,
        "facility_source": "HTTP://DATA.VIC.GOV.AU",
        "facility_date": null,
        "facility_spatial_confidence": null,
        "facility_revised": "2018-06-06T00:00:00Z",
        "comment_": null,
        "facility_lat": "-37.75737800299993",
        "facility_long": "145.03787300400006",
        "validated": null,
        "gnaf_building_name": null,
        "gnaf_address_detail_pid": "GAVIC420482090",
        "gnaf_formatted_address": "88 ORIEL ROAD",
        "gnaf_confidence": "2",
        "gnaf_postcode": "3079",
        "gnaf_suburb": "IVANHOE",
        "distance_to_gnaf": 0,
        "gnaf_lat": "-37.75737699999996",
        "gnaf_long": "145.0378720000001"
      },
      "geometry": {
        "type": "Point",
        "coordinates": [
          145.03787893382471,
          -37.757364844269105
        ]
      }
    },
    {
      "type": "Feature",
      "properties": {
        "objectid": 141,
        "featuretype": "EMERGENCY FACILITY",
        "descripton": "An emergency management facility from which a particular agency\u2019s resources are commanded, coordinated and assigned to an incident or emergency",
        "class": "AMBULANCE STATION",
        "facility_name": "KANGAROO FLAT AMBULANCE STATION",
        "facility_operationalstatus": "OPERATIONAL",
        "facility_address": null,
        "abs_suburb": "KANGAROO FLAT",
        "facility_state": "VICTORIA",
        "abs_postcode": "3555",
        "facility_attribute_source": "HTTP://DATA.VIC.GOV.AU",
        "facility_attribute_date": null,
        "facility_source": "HTTP://DATA.VIC.GOV.AU",
        "facility_date": null,
        "facility_spatial_confidence": null,
        "facility_revised": "2018-06-06T00:00:00Z",
        "comment_": null,
        "facility_lat": "-36.79884573499993",
        "facility_long": "144.2444713640001",
        "validated": null,
        "gnaf_building_name": null,
        "gnaf_address_detail_pid": "GAVIC419696659",
        "gnaf_formatted_address": "22-26 VIEW STREET",
        "gnaf_confidence": "1",
        "gnaf_postcode": "3555",
        "gnaf_suburb": "KANGAROO FLAT",
        "distance_to_gnaf": 0,
        "gnaf_lat": "-36.79884538999994",
        "gnaf_long": "144.24447151000004"
      },
      "geometry": {
        "type": "Point",
        "coordinates": [
          144.24447752968635,
          -36.798832517105126
        ]
      }
    },
    {
      "type": "Feature",
      "properties": {
        "objectid": 142,
        "featuretype": "EMERGENCY FACILITY",
        "descripton": "An emergency management facility from which a particular agency\u2019s resources are commanded, coordinated and assigned to an incident or emergency",
        "class": "AMBULANCE STATION",
        "facility_name": "KANIVA AMBULANCE STATION",
        "facility_operationalstatus": "OPERATIONAL",
        "facility_address": null,
        "abs_suburb": "KANIVA",
        "facility_state": "VICTORIA",
        "abs_postcode": "3419",
        "facility_attribute_source": "HTTP://DATA.VIC.GOV.AU",
        "facility_attribute_date": null,
        "facility_source": "HTTP://DATA.VIC.GOV.AU",
        "facility_date": null,
        "facility_spatial_confidence": null,
        "facility_revised": "2018-06-06T00:00:00Z",
        "comment_": null,
        "facility_lat": "-36.37966800199996",
        "facility_long": "141.24197600500008",
        "validated": null,
        "gnaf_building_name": null,
        "gnaf_address_detail_pid": "GAVIC425283234",
        "gnaf_formatted_address": "50 PHILLIPS STREET",
        "gnaf_confidence": "0",
        "gnaf_postcode": "3419",
        "gnaf_suburb": "KANIVA",
        "distance_to_gnaf": 3,
        "gnaf_lat": "-36.37969458999993",
        "gnaf_long": "141.24196819000008"
      },
      "geometry": {
        "type": "Point",
        "coordinates": [
          141.24198271240405,
          -36.379654603911895
        ]
      }
    },
    {
      "type": "Feature",
      "properties": {
        "objectid": 143,
        "featuretype": "EMERGENCY FACILITY",
        "descripton": "An emergency management facility from which a particular agency\u2019s resources are commanded, coordinated and assigned to an incident or emergency",
        "class": "AMBULANCE STATION",
        "facility_name": "ST ALBANS AMBULANCE STATION",
        "facility_operationalstatus": "OPERATIONAL",
        "facility_address": null,
        "abs_suburb": "KEALBA",
        "facility_state": "VICTORIA",
        "abs_postcode": "3021",
        "facility_attribute_source": "HTTP://DATA.VIC.GOV.AU",
        "facility_attribute_date": null,
        "facility_source": "HTTP://DATA.VIC.GOV.AU",
        "facility_date": null,
        "facility_spatial_confidence": null,
        "facility_revised": "2018-06-06T00:00:00Z",
        "comment_": null,
        "facility_lat": "-37.74099100199993",
        "facility_long": "144.825741998",
        "validated": null,
        "gnaf_building_name": null,
        "gnaf_address_detail_pid": "GAVIC421366594",
        "gnaf_formatted_address": "3 MALCOLM COURT",
        "gnaf_confidence": "1",
        "gnaf_postcode": "3021",
        "gnaf_suburb": "KEALBA",
        "distance_to_gnaf": 0,
        "gnaf_lat": "-37.74099099999995",
        "gnaf_long": "144.8257410000001"
      },
      "geometry": {
        "type": "Point",
        "coordinates": [
          144.8257479663492,
          -37.740977828696096
        ]
      }
    },
    {
      "type": "Feature",
      "properties": {
        "objectid": 144,
        "featuretype": "EMERGENCY FACILITY",
        "descripton": "An emergency management facility from which a particular agency\u2019s resources are commanded, coordinated and assigned to an incident or emergency",
        "class": "AMBULANCE STATION",
        "facility_name": "STRATHDALE AMBULANCE STATION",
        "facility_operationalstatus": "OPERATIONAL",
        "facility_address": null,
        "abs_suburb": "KENNINGTON",
        "facility_state": "VICTORIA",
        "abs_postcode": "3550",
        "facility_attribute_source": "HTTP://DATA.VIC.GOV.AU",
        "facility_attribute_date": null,
        "facility_source": "HTTP://DATA.VIC.GOV.AU",
        "facility_date": null,
        "facility_spatial_confidence": null,
        "facility_revised": "2018-06-06T00:00:00Z",
        "comment_": null,
        "facility_lat": "-36.77705699699993",
        "facility_long": "144.30310099700012",
        "validated": null,
        "gnaf_building_name": null,
        "gnaf_address_detail_pid": "GAVIC420619769",
        "gnaf_formatted_address": "131 EDWARDS ROAD",
        "gnaf_confidence": "2",
        "gnaf_postcode": "3550",
        "gnaf_suburb": "KENNINGTON",
        "distance_to_gnaf": 19,
        "gnaf_lat": "-36.777226879999944",
        "gnaf_long": "144.30309678000003"
      },
      "geometry": {
        "type": "Point",
        "coordinates": [
          144.3031071550602,
          -36.77704378280621
        ]
      }
    },
    {
      "type": "Feature",
      "properties": {
        "objectid": 145,
        "featuretype": "EMERGENCY FACILITY",
        "descripton": "An emergency management facility from which a particular agency\u2019s resources are commanded, coordinated and assigned to an incident or emergency",
        "class": "AMBULANCE STATION",
        "facility_name": "MOUNT BEAUTY AMBULANCE STATION",
        "facility_operationalstatus": "OPERATIONAL",
        "facility_address": null,
        "abs_suburb": "MOUNT BEAUTY",
        "facility_state": "VICTORIA",
        "abs_postcode": "3699",
        "facility_attribute_source": "HTTP://DATA.VIC.GOV.AU",
        "facility_attribute_date": null,
        "facility_source": "HTTP://DATA.VIC.GOV.AU",
        "facility_date": null,
        "facility_spatial_confidence": null,
        "facility_revised": "2018-06-06T00:00:00Z",
        "comment_": null,
        "facility_lat": "-36.73586575899998",
        "facility_long": "147.1749959450001",
        "validated": null,
        "gnaf_building_name": null,
        "gnaf_address_detail_pid": "GAVIC425015413",
        "gnaf_formatted_address": "36 EMBANKMENT DRIVE",
        "gnaf_confidence": "0",
        "gnaf_postcode": "3699",
        "gnaf_suburb": "MOUNT BEAUTY",
        "distance_to_gnaf": 0,
        "gnaf_lat": "-36.73586538999996",
        "gnaf_long": "147.17499554000005"
      },
      "geometry": {
        "type": "Point",
        "coordinates": [
          147.1750016306209,
          -36.73585274980704
        ]
      }
    },
    {
      "type": "Feature",
      "properties": {
        "objectid": 146,
        "featuretype": "EMERGENCY FACILITY",
        "descripton": "An emergency management facility from which a particular agency\u2019s resources are commanded, coordinated and assigned to an incident or emergency",
        "class": "AMBULANCE STATION",
        "facility_name": "MOUNT BULLER AMBULANCE STATION",
        "facility_operationalstatus": "OPERATIONAL",
        "facility_address": null,
        "abs_suburb": "MOUNT BULLER",
        "facility_state": "VICTORIA",
        "abs_postcode": "3723",
        "facility_attribute_source": "HTTP://DATA.VIC.GOV.AU",
        "facility_attribute_date": null,
        "facility_source": "HTTP://DATA.VIC.GOV.AU",
        "facility_date": null,
        "facility_spatial_confidence": null,
        "facility_revised": "2018-06-06T00:00:00Z",
        "comment_": null,
        "facility_lat": "-37.14614400199997",
        "facility_long": "146.44532199600008",
        "validated": null,
        "gnaf_building_name": "MEDICAL CENTRE",
        "gnaf_address_detail_pid": "GAVIC425365664",
        "gnaf_formatted_address": "40 SUMMIT ROAD",
        "gnaf_confidence": "1",
        "gnaf_postcode": "3723",
        "gnaf_suburb": "MOUNT BULLER",
        "distance_to_gnaf": 7,
        "gnaf_lat": "-37.146087199999954",
        "gnaf_long": "146.4453420000001"
      },
      "geometry": {
        "type": "Point",
        "coordinates": [
          146.44532775458657,
          -37.14613094008816
        ]
      }
    },
    {
      "type": "Feature",
      "properties": {
        "objectid": 147,
        "featuretype": "EMERGENCY FACILITY",
        "descripton": "An emergency management facility from which a particular agency\u2019s resources are commanded, coordinated and assigned to an incident or emergency",
        "class": "AMBULANCE STATION",
        "facility_name": "MOUNT MARTHA AMBULANCE STATION",
        "facility_operationalstatus": "OPERATIONAL",
        "facility_address": null,
        "abs_suburb": "MOUNT MARTHA",
        "facility_state": "VICTORIA",
        "abs_postcode": "3934",
        "facility_attribute_source": "HTTP://DATA.VIC.GOV.AU",
        "facility_attribute_date": null,
        "facility_source": "HTTP://DATA.VIC.GOV.AU",
        "facility_date": null,
        "facility_spatial_confidence": null,
        "facility_revised": "2018-06-06T00:00:00Z",
        "comment_": null,
        "facility_lat": "-38.24497283399995",
        "facility_long": "145.03801605800004",
        "validated": null,
        "gnaf_building_name": null,
        "gnaf_address_detail_pid": "GAVIC411955715",
        "gnaf_formatted_address": "62 BENTONS ROAD",
        "gnaf_confidence": "0",
        "gnaf_postcode": "3934",
        "gnaf_suburb": "MOUNT MARTHA",
        "distance_to_gnaf": 0,
        "gnaf_lat": "-38.24497199999996",
        "gnaf_long": "145.03801600000008"
      },
      "geometry": {
        "type": "Point",
        "coordinates": [
          145.03802193432827,
          -38.24495967828463
        ]
      }
    },
    {
      "type": "Feature",
      "properties": {
        "objectid": 148,
        "featuretype": "EMERGENCY FACILITY",
        "descripton": "An emergency management facility from which a particular agency\u2019s resources are commanded, coordinated and assigned to an incident or emergency",
        "class": "AMBULANCE STATION",
        "facility_name": "WAVERLEY AMBULANCE STATION",
        "facility_operationalstatus": "OPERATIONAL",
        "facility_address": null,
        "abs_suburb": "MOUNT WAVERLEY",
        "facility_state": "VICTORIA",
        "abs_postcode": "3149",
        "facility_attribute_source": "HTTP://DATA.VIC.GOV.AU",
        "facility_attribute_date": null,
        "facility_source": "HTTP://DATA.VIC.GOV.AU",
        "facility_date": null,
        "facility_spatial_confidence": null,
        "facility_revised": "2018-06-06T00:00:00Z",
        "comment_": null,
        "facility_lat": "-37.88340799799994",
        "facility_long": "145.11783099600007",
        "validated": null,
        "gnaf_building_name": null,
        "gnaf_address_detail_pid": "GAVIC413576480",
        "gnaf_formatted_address": "245 WAVERLEY ROAD",
        "gnaf_confidence": "0",
        "gnaf_postcode": "3149",
        "gnaf_suburb": "MOUNT WAVERLEY",
        "distance_to_gnaf": 0,
        "gnaf_lat": "-37.883407999999974",
        "gnaf_long": "145.11783000000003"
      },
      "geometry": {
        "type": "Point",
        "coordinates": [
          145.11783689816284,
          -37.88339484555258
        ]
      }
    },
    {
      "type": "Feature",
      "properties": {
        "objectid": 149,
        "featuretype": "EMERGENCY FACILITY",
        "descripton": "An emergency management facility from which a particular agency\u2019s resources are commanded, coordinated and assigned to an incident or emergency",
        "class": "AMBULANCE STATION",
        "facility_name": "MURCHISON AMBULANCE STATION",
        "facility_operationalstatus": "OPERATIONAL",
        "facility_address": null,
        "abs_suburb": "MURCHISON",
        "facility_state": "VICTORIA",
        "abs_postcode": "3610",
        "facility_attribute_source": "HTTP://DATA.VIC.GOV.AU",
        "facility_attribute_date": null,
        "facility_source": "HTTP://DATA.VIC.GOV.AU",
        "facility_date": null,
        "facility_spatial_confidence": null,
        "facility_revised": "2018-06-06T00:00:00Z",
        "comment_": null,
        "facility_lat": "-36.619769995999945",
        "facility_long": "145.21863800500012",
        "validated": null,
        "gnaf_building_name": null,
        "gnaf_address_detail_pid": "GAVIC422201518",
        "gnaf_formatted_address": "33 WATSON STREET",
        "gnaf_confidence": "0",
        "gnaf_postcode": "3610",
        "gnaf_suburb": "MURCHISON",
        "distance_to_gnaf": 0,
        "gnaf_lat": "-36.619770399999936",
        "gnaf_long": "145.21863830000007"
      },
      "geometry": {
        "type": "Point",
        "coordinates": [
          145.21864402683303,
          -36.619756842580124
        ]
      }
    },
    {
      "type": "Feature",
      "properties": {
        "objectid": 150,
        "featuretype": "EMERGENCY FACILITY",
        "descripton": "An emergency management facility from which a particular agency\u2019s resources are commanded, coordinated and assigned to an incident or emergency",
        "class": "AMBULANCE STATION",
        "facility_name": "MURRAYVILLE AMBULANCE STATION",
        "facility_operationalstatus": "OPERATIONAL",
        "facility_address": null,
        "abs_suburb": "MURRAYVILLE",
        "facility_state": "VICTORIA",
        "abs_postcode": "3512",
        "facility_attribute_source": "HTTP://DATA.VIC.GOV.AU",
        "facility_attribute_date": null,
        "facility_source": "HTTP://DATA.VIC.GOV.AU",
        "facility_date": null,
        "facility_spatial_confidence": null,
        "facility_revised": "2018-06-06T00:00:00Z",
        "comment_": null,
        "facility_lat": "-35.26273625399995",
        "facility_long": "141.1812475590001",
        "validated": null,
        "gnaf_building_name": null,
        "gnaf_address_detail_pid": "GAVIC414381667",
        "gnaf_formatted_address": "28-32 GRAY STREET",
        "gnaf_confidence": "1",
        "gnaf_postcode": "3512",
        "gnaf_suburb": "MURRAYVILLE",
        "distance_to_gnaf": 0,
        "gnaf_lat": "-35.26273657999997",
        "gnaf_long": "141.18124739000007"
      },
      "geometry": {
        "type": "Point",
        "coordinates": [
          141.18125436517613,
          -35.26272284566129
        ]
      }
    },
    {
      "type": "Feature",
      "properties": {
        "objectid": 151,
        "featuretype": "EMERGENCY FACILITY",
        "descripton": "An emergency management facility from which a particular agency\u2019s resources are commanded, coordinated and assigned to an incident or emergency",
        "class": "AMBULANCE STATION",
        "facility_name": "MYRTLEFORD AMBULANCE STATION",
        "facility_operationalstatus": "OPERATIONAL",
        "facility_address": null,
        "abs_suburb": "MYRTLEFORD",
        "facility_state": "VICTORIA",
        "abs_postcode": "3737",
        "facility_attribute_source": "HTTP://DATA.VIC.GOV.AU",
        "facility_attribute_date": null,
        "facility_source": "HTTP://DATA.VIC.GOV.AU",
        "facility_date": null,
        "facility_spatial_confidence": null,
        "facility_revised": "2018-06-06T00:00:00Z",
        "comment_": null,
        "facility_lat": "-36.560498903999985",
        "facility_long": "146.72889000500004",
        "validated": null,
        "gnaf_building_name": null,
        "gnaf_address_detail_pid": "GAVIC420160757",
        "gnaf_formatted_address": "19 ROBERTSON STREET",
        "gnaf_confidence": "1",
        "gnaf_postcode": "3737",
        "gnaf_suburb": "MYRTLEFORD",
        "distance_to_gnaf": 0,
        "gnaf_lat": "-36.560498999999936",
        "gnaf_long": "146.7288900000001"
      },
      "geometry": {
        "type": "Point",
        "coordinates": [
          146.72889578451006,
          -36.56048585958711
        ]
      }
    },
    {
      "type": "Feature",
      "properties": {
        "objectid": 152,
        "featuretype": "EMERGENCY FACILITY",
        "descripton": "An emergency management facility from which a particular agency\u2019s resources are commanded, coordinated and assigned to an incident or emergency",
        "class": "AMBULANCE STATION",
        "facility_name": "NAGAMBIE AMBULANCE STATION",
        "facility_operationalstatus": "OPERATIONAL",
        "facility_address": null,
        "abs_suburb": "NAGAMBIE",
        "facility_state": "VICTORIA",
        "abs_postcode": "3608",
        "facility_attribute_source": "HTTP://DATA.VIC.GOV.AU",
        "facility_attribute_date": null,
        "facility_source": "HTTP://DATA.VIC.GOV.AU",
        "facility_date": null,
        "facility_spatial_confidence": null,
        "facility_revised": "2018-06-06T00:00:00Z",
        "comment_": null,
        "facility_lat": "-36.78724034099997",
        "facility_long": "145.1545527940001",
        "validated": null,
        "gnaf_building_name": null,
        "gnaf_address_detail_pid": "GAVIC420578331",
        "gnaf_formatted_address": "11-13 GOULBURN STREET",
        "gnaf_confidence": "1",
        "gnaf_postcode": "3608",
        "gnaf_suburb": "NAGAMBIE",
        "distance_to_gnaf": 0,
        "gnaf_lat": "-36.78723998999993",
        "gnaf_long": "145.15455325000005"
      },
      "geometry": {
        "type": "Point",
        "coordinates": [
          145.15455880861163,
          -36.78722718421153
        ]
      }
    },
    {
      "type": "Feature",
      "properties": {
        "objectid": 153,
        "featuretype": "EMERGENCY FACILITY",
        "descripton": "An emergency management facility from which a particular agency\u2019s resources are commanded, coordinated and assigned to an incident or emergency",
        "class": "AMBULANCE STATION",
        "facility_name": "KERANG AMBULANCE STATION",
        "facility_operationalstatus": "OPERATIONAL",
        "facility_address": null,
        "abs_suburb": "KERANG",
        "facility_state": "VICTORIA",
        "abs_postcode": "3579",
        "facility_attribute_source": "HTTP://DATA.VIC.GOV.AU",
        "facility_attribute_date": null,
        "facility_source": "HTTP://DATA.VIC.GOV.AU",
        "facility_date": null,
        "facility_spatial_confidence": null,
        "facility_revised": "2018-06-06T00:00:00Z",
        "comment_": null,
        "facility_lat": "-35.72447309299997",
        "facility_long": "143.91889579500003",
        "validated": null,
        "gnaf_building_name": null,
        "gnaf_address_detail_pid": "GAVIC719117444",
        "gnaf_formatted_address": "5 BURGOYNE STREET",
        "gnaf_confidence": "0",
        "gnaf_postcode": "3579",
        "gnaf_suburb": "KERANG",
        "distance_to_gnaf": 46,
        "gnaf_lat": "-35.72447768999996",
        "gnaf_long": "143.91839086000004"
      },
      "geometry": {
        "type": "Point",
        "coordinates": [
          143.9189021201886,
          -35.72445984718719
        ]
      }
    },
    {
      "type": "Feature",
      "properties": {
        "objectid": 154,
        "featuretype": "EMERGENCY FACILITY",
        "descripton": "An emergency management facility from which a particular agency\u2019s resources are commanded, coordinated and assigned to an incident or emergency",
        "class": "AMBULANCE STATION",
        "facility_name": "KEW AMBULANCE STATION",
        "facility_operationalstatus": "OPERATIONAL",
        "facility_address": null,
        "abs_suburb": "KEW",
        "facility_state": "VICTORIA",
        "abs_postcode": "3101",
        "facility_attribute_source": "HTTP://DATA.VIC.GOV.AU",
        "facility_attribute_date": null,
        "facility_source": "HTTP://DATA.VIC.GOV.AU",
        "facility_date": null,
        "facility_spatial_confidence": null,
        "facility_revised": "2018-06-06T00:00:00Z",
        "comment_": null,
        "facility_lat": "-37.80928299599998",
        "facility_long": "145.05337800400002",
        "validated": null,
        "gnaf_building_name": "ST GEORGES HOSPITAL",
        "gnaf_address_detail_pid": "GAVIC420445245",
        "gnaf_formatted_address": "283 COTHAM ROAD",
        "gnaf_confidence": "2",
        "gnaf_postcode": "3101",
        "gnaf_suburb": "KEW",
        "distance_to_gnaf": 0,
        "gnaf_lat": "-37.80928259999996",
        "gnaf_long": "145.05337840000004"
      },
      "geometry": {
        "type": "Point",
        "coordinates": [
          145.05338392547677,
          -37.80926983865592
        ]
      }
    },
    {
      "type": "Feature",
      "properties": {
        "objectid": 155,
        "featuretype": "EMERGENCY FACILITY",
        "descripton": "An emergency management facility from which a particular agency\u2019s resources are commanded, coordinated and assigned to an incident or emergency",
        "class": "AMBULANCE STATION",
        "facility_name": "KILMORE AMBULANCE STATION",
        "facility_operationalstatus": "OPERATIONAL",
        "facility_address": null,
        "abs_suburb": "KILMORE",
        "facility_state": "VICTORIA",
        "abs_postcode": "3764",
        "facility_attribute_source": "HTTP://DATA.VIC.GOV.AU",
        "facility_attribute_date": null,
        "facility_source": "HTTP://DATA.VIC.GOV.AU",
        "facility_date": null,
        "facility_spatial_confidence": null,
        "facility_revised": "2018-06-06T00:00:00Z",
        "comment_": null,
        "facility_lat": "-37.298350279999966",
        "facility_long": "144.95197046700002",
        "validated": null,
        "gnaf_building_name": null,
        "gnaf_address_detail_pid": "GAVIC420872501",
        "gnaf_formatted_address": "24 POWLETT STREET",
        "gnaf_confidence": "1",
        "gnaf_postcode": "3764",
        "gnaf_suburb": "KILMORE",
        "distance_to_gnaf": 0,
        "gnaf_lat": "-37.298349729999984",
        "gnaf_long": "144.95197058000008"
      },
      "geometry": {
        "type": "Point",
        "coordinates": [
          144.95197646113027,
          -37.298337112524464
        ]
      }
    },
    {
      "type": "Feature",
      "properties": {
        "objectid": 156,
        "featuretype": "EMERGENCY FACILITY",
        "descripton": "An emergency management facility from which a particular agency\u2019s resources are commanded, coordinated and assigned to an incident or emergency",
        "class": "AMBULANCE STATION",
        "facility_name": "MONTROSE AMBULANCE STATION",
        "facility_operationalstatus": "OPERATIONAL",
        "facility_address": null,
        "abs_suburb": "KILSYTH",
        "facility_state": "VICTORIA",
        "abs_postcode": "3137",
        "facility_attribute_source": "HTTP://DATA.VIC.GOV.AU",
        "facility_attribute_date": null,
        "facility_source": "HTTP://DATA.VIC.GOV.AU",
        "facility_date": null,
        "facility_spatial_confidence": null,
        "facility_revised": "2018-06-06T00:00:00Z",
        "comment_": null,
        "facility_lat": "-37.81826399899995",
        "facility_long": "145.31469599700006",
        "validated": null,
        "gnaf_building_name": null,
        "gnaf_address_detail_pid": "GAVIC413508027",
        "gnaf_formatted_address": "125 CANTERBURY ROAD",
        "gnaf_confidence": "1",
        "gnaf_postcode": "3137",
        "gnaf_suburb": "KILSYTH",
        "distance_to_gnaf": 0,
        "gnaf_lat": "-37.81826407999995",
        "gnaf_long": "145.3146956600001"
      },
      "geometry": {
        "type": "Point",
        "coordinates": [
          145.31470187217033,
          -37.81825085980911
        ]
      }
    },
    {
      "type": "Feature",
      "properties": {
        "objectid": 157,
        "featuretype": "EMERGENCY FACILITY",
        "descripton": "An emergency management facility from which a particular agency\u2019s resources are commanded, coordinated and assigned to an incident or emergency",
        "class": "AMBULANCE STATION",
        "facility_name": "KINGLAKE AMBULANCE STATION",
        "facility_operationalstatus": "OPERATIONAL",
        "facility_address": null,
        "abs_suburb": "KINGLAKE",
        "facility_state": "VICTORIA",
        "abs_postcode": "3763",
        "facility_attribute_source": "HTTP://DATA.VIC.GOV.AU",
        "facility_attribute_date": null,
        "facility_source": "HTTP://DATA.VIC.GOV.AU",
        "facility_date": null,
        "facility_spatial_confidence": null,
        "facility_revised": "2018-06-06T00:00:00Z",
        "comment_": null,
        "facility_lat": "-37.529703697999935",
        "facility_long": "145.33844599700012",
        "validated": null,
        "gnaf_building_name": null,
        "gnaf_address_detail_pid": "GAVIC419812886",
        "gnaf_formatted_address": "41 WHITTLESEA-KINGLAKE ROAD",
        "gnaf_confidence": "1",
        "gnaf_postcode": "3763",
        "gnaf_suburb": "KINGLAKE",
        "distance_to_gnaf": 0,
        "gnaf_lat": "-37.529702999999984",
        "gnaf_long": "145.3384460000001"
      },
      "geometry": {
        "type": "Point",
        "coordinates": [
          145.33845189997226,
          -37.529690558670445
        ]
      }
    },
    {
      "type": "Feature",
      "properties": {
        "objectid": 158,
        "featuretype": "EMERGENCY FACILITY",
        "descripton": "An emergency management facility from which a particular agency\u2019s resources are commanded, coordinated and assigned to an incident or emergency",
        "class": "AMBULANCE STATION",
        "facility_name": "RESERVOIR AMBULANCE STATION",
        "facility_operationalstatus": "OPERATIONAL",
        "facility_address": null,
        "abs_suburb": "KINGSBURY",
        "facility_state": "VICTORIA",
        "abs_postcode": "3083",
        "facility_attribute_source": "HTTP://DATA.VIC.GOV.AU",
        "facility_attribute_date": null,
        "facility_source": "HTTP://DATA.VIC.GOV.AU",
        "facility_date": null,
        "facility_spatial_confidence": null,
        "facility_revised": "2018-06-06T00:00:00Z",
        "comment_": null,
        "facility_lat": "-37.72028599799995",
        "facility_long": "145.03548799800012",
        "validated": null,
        "gnaf_building_name": null,
        "gnaf_address_detail_pid": "GAVIC423928842",
        "gnaf_formatted_address": "895 PLENTY ROAD",
        "gnaf_confidence": "1",
        "gnaf_postcode": "3083",
        "gnaf_suburb": "KINGSBURY",
        "distance_to_gnaf": 0,
        "gnaf_lat": "-37.72028640999997",
        "gnaf_long": "145.0354881300001"
      },
      "geometry": {
        "type": "Point",
        "coordinates": [
          145.0354939322751,
          -37.720272838875225
        ]
      }
    },
    {
      "type": "Feature",
      "properties": {
        "objectid": 159,
        "featuretype": "EMERGENCY FACILITY",
        "descripton": "An emergency management facility from which a particular agency\u2019s resources are commanded, coordinated and assigned to an incident or emergency",
        "class": "AMBULANCE STATION",
        "facility_name": "KORUMBURRA AMBULANCE STATION",
        "facility_operationalstatus": "OPERATIONAL",
        "facility_address": null,
        "abs_suburb": "KORUMBURRA",
        "facility_state": "VICTORIA",
        "abs_postcode": "3950",
        "facility_attribute_source": "HTTP://DATA.VIC.GOV.AU",
        "facility_attribute_date": null,
        "facility_source": "HTTP://DATA.VIC.GOV.AU",
        "facility_date": null,
        "facility_spatial_confidence": null,
        "facility_revised": "2018-06-06T00:00:00Z",
        "comment_": null,
        "facility_lat": "-38.43683699999997",
        "facility_long": "145.82686500400007",
        "validated": null,
        "gnaf_building_name": null,
        "gnaf_address_detail_pid": "GAVIC411680051",
        "gnaf_formatted_address": "45 PRINCES STREET",
        "gnaf_confidence": "1",
        "gnaf_postcode": "3950",
        "gnaf_suburb": "KORUMBURRA",
        "distance_to_gnaf": 17,
        "gnaf_lat": "-38.436730059999945",
        "gnaf_long": "145.82700224000007"
      },
      "geometry": {
        "type": "Point",
        "coordinates": [
          145.82687071925835,
          -38.43682390090942
        ]
      }
    },
    {
      "type": "Feature",
      "properties": {
        "objectid": 160,
        "featuretype": "EMERGENCY FACILITY",
        "descripton": "An emergency management facility from which a particular agency\u2019s resources are commanded, coordinated and assigned to an incident or emergency",
        "class": "AMBULANCE STATION",
        "facility_name": "KYABRAM AMBULANCE STATION",
        "facility_operationalstatus": "OPERATIONAL",
        "facility_address": null,
        "abs_suburb": "KYABRAM",
        "facility_state": "VICTORIA",
        "abs_postcode": "3620",
        "facility_attribute_source": "HTTP://DATA.VIC.GOV.AU",
        "facility_attribute_date": null,
        "facility_source": "HTTP://DATA.VIC.GOV.AU",
        "facility_date": null,
        "facility_spatial_confidence": null,
        "facility_revised": "2018-06-06T00:00:00Z",
        "comment_": null,
        "facility_lat": "-36.30687449799996",
        "facility_long": "145.04552389800006",
        "validated": null,
        "gnaf_building_name": null,
        "gnaf_address_detail_pid": "GAVIC421518509",
        "gnaf_formatted_address": "4-8 MELLIS STREET",
        "gnaf_confidence": "1",
        "gnaf_postcode": "3620",
        "gnaf_suburb": "KYABRAM",
        "distance_to_gnaf": 0,
        "gnaf_lat": "-36.30687455999998",
        "gnaf_long": "145.04552394000007"
      },
      "geometry": {
        "type": "Point",
        "coordinates": [
          145.04552998145343,
          -36.30686133063296
        ]
      }
    },
    {
      "type": "Feature",
      "properties": {
        "objectid": 161,
        "featuretype": "EMERGENCY FACILITY",
        "descripton": "An emergency management facility from which a particular agency\u2019s resources are commanded, coordinated and assigned to an incident or emergency",
        "class": "AMBULANCE STATION",
        "facility_name": "TERANG AMBULANCE STATION",
        "facility_operationalstatus": "OPERATIONAL",
        "facility_address": null,
        "abs_suburb": "TERANG",
        "facility_state": "VICTORIA",
        "abs_postcode": "3264",
        "facility_attribute_source": "HTTP://DATA.VIC.GOV.AU",
        "facility_attribute_date": null,
        "facility_source": "HTTP://DATA.VIC.GOV.AU",
        "facility_date": null,
        "facility_spatial_confidence": null,
        "facility_revised": "2018-06-06T00:00:00Z",
        "comment_": null,
        "facility_lat": "-38.240629000999945",
        "facility_long": "142.92330911700003",
        "validated": null,
        "gnaf_building_name": null,
        "gnaf_address_detail_pid": "GAVIC420599118",
        "gnaf_formatted_address": "5 HAMPDEN STREET",
        "gnaf_confidence": "1",
        "gnaf_postcode": "3264",
        "gnaf_suburb": "TERANG",
        "distance_to_gnaf": 0,
        "gnaf_lat": "-38.24062903999993",
        "gnaf_long": "142.92330874000004"
      },
      "geometry": {
        "type": "Point",
        "coordinates": [
          142.92331536889216,
          -38.240615709217835
        ]
      }
    },
    {
      "type": "Feature",
      "properties": {
        "objectid": 162,
        "featuretype": "EMERGENCY FACILITY",
        "descripton": "An emergency management facility from which a particular agency\u2019s resources are commanded, coordinated and assigned to an incident or emergency",
        "class": "AMBULANCE STATION",
        "facility_name": "THOMASTOWN AMBULANCE STATION",
        "facility_operationalstatus": "OPERATIONAL",
        "facility_address": null,
        "abs_suburb": "THOMASTOWN",
        "facility_state": "VICTORIA",
        "abs_postcode": "3074",
        "facility_attribute_source": "HTTP://DATA.VIC.GOV.AU",
        "facility_attribute_date": null,
        "facility_source": "HTTP://DATA.VIC.GOV.AU",
        "facility_date": null,
        "facility_spatial_confidence": null,
        "facility_revised": "2018-06-06T00:00:00Z",
        "comment_": null,
        "facility_lat": "-37.68914687399996",
        "facility_long": "145.0013355200001",
        "validated": null,
        "gnaf_building_name": null,
        "gnaf_address_detail_pid": "GAVIC423401688",
        "gnaf_formatted_address": "4 LUCKNOW CRESCENT",
        "gnaf_confidence": "1",
        "gnaf_postcode": "3074",
        "gnaf_suburb": "THOMASTOWN",
        "distance_to_gnaf": 0,
        "gnaf_lat": "-37.68914709999996",
        "gnaf_long": "145.00133575000007"
      },
      "geometry": {
        "type": "Point",
        "coordinates": [
          145.00134146356186,
          -37.68913371233991
        ]
      }
    },
    {
      "type": "Feature",
      "properties": {
        "objectid": 163,
        "featuretype": "EMERGENCY FACILITY",
        "descripton": "An emergency management facility from which a particular agency\u2019s resources are commanded, coordinated and assigned to an incident or emergency",
        "class": "AMBULANCE STATION",
        "facility_name": "TIMBOON AMBULANCE STATION",
        "facility_operationalstatus": "OPERATIONAL",
        "facility_address": null,
        "abs_suburb": "TIMBOON",
        "facility_state": "VICTORIA",
        "abs_postcode": "3268",
        "facility_attribute_source": "HTTP://DATA.VIC.GOV.AU",
        "facility_attribute_date": null,
        "facility_source": "HTTP://DATA.VIC.GOV.AU",
        "facility_date": null,
        "facility_spatial_confidence": null,
        "facility_revised": "2018-06-06T00:00:00Z",
        "comment_": null,
        "facility_lat": "-38.485698999999954",
        "facility_long": "142.975810001",
        "validated": null,
        "gnaf_building_name": null,
        "gnaf_address_detail_pid": "GAVIC424767831",
        "gnaf_formatted_address": "25 WARK STREET",
        "gnaf_confidence": "0",
        "gnaf_postcode": "3268",
        "gnaf_suburb": "TIMBOON",
        "distance_to_gnaf": 0,
        "gnaf_lat": "-38.48569854999994",
        "gnaf_long": "142.97580950000008"
      },
      "geometry": {
        "type": "Point",
        "coordinates": [
          142.97581621973333,
          -38.485685712846205
        ]
      }
    },
    {
      "type": "Feature",
      "properties": {
        "objectid": 164,
        "featuretype": "EMERGENCY FACILITY",
        "descripton": "An emergency management facility from which a particular agency\u2019s resources are commanded, coordinated and assigned to an incident or emergency",
        "class": "AMBULANCE STATION",
        "facility_name": "TORQUAY AMBULANCE STATION",
        "facility_operationalstatus": "OPERATIONAL",
        "facility_address": null,
        "abs_suburb": "TORQUAY",
        "facility_state": "VICTORIA",
        "abs_postcode": "3228",
        "facility_attribute_source": "HTTP://DATA.VIC.GOV.AU",
        "facility_attribute_date": null,
        "facility_source": "HTTP://DATA.VIC.GOV.AU",
        "facility_date": null,
        "facility_spatial_confidence": null,
        "facility_revised": "2018-06-06T00:00:00Z",
        "comment_": null,
        "facility_lat": "-38.322121996999954",
        "facility_long": "144.31579500100008",
        "validated": null,
        "gnaf_building_name": null,
        "gnaf_address_detail_pid": "GAVIC420954002",
        "gnaf_formatted_address": "19 GROSSMANS ROAD",
        "gnaf_confidence": "1",
        "gnaf_postcode": "3228",
        "gnaf_suburb": "TORQUAY",
        "distance_to_gnaf": 0,
        "gnaf_lat": "-38.32212187999994",
        "gnaf_long": "144.31579491000002"
      },
      "geometry": {
        "type": "Point",
        "coordinates": [
          144.31580099681472,
          -38.32210879322496
        ]
      }
    },
    {
      "type": "Feature",
      "properties": {
        "objectid": 165,
        "featuretype": "EMERGENCY FACILITY",
        "descripton": "An emergency management facility from which a particular agency\u2019s resources are commanded, coordinated and assigned to an incident or emergency",
        "class": "AMBULANCE STATION",
        "facility_name": "TRARALGON AMBULANCE STATION",
        "facility_operationalstatus": "OPERATIONAL",
        "facility_address": null,
        "abs_suburb": "TRARALGON",
        "facility_state": "VICTORIA",
        "abs_postcode": "3844",
        "facility_attribute_source": "HTTP://DATA.VIC.GOV.AU",
        "facility_attribute_date": null,
        "facility_source": "HTTP://DATA.VIC.GOV.AU",
        "facility_date": null,
        "facility_spatial_confidence": null,
        "facility_revised": "2018-06-06T00:00:00Z",
        "comment_": null,
        "facility_lat": "-38.19599600099997",
        "facility_long": "146.547529004",
        "validated": null,
        "gnaf_building_name": null,
        "gnaf_address_detail_pid": "GAVIC421916895",
        "gnaf_formatted_address": "1-5 CAMPBELL STREET",
        "gnaf_confidence": "1",
        "gnaf_postcode": "3844",
        "gnaf_suburb": "TRARALGON",
        "distance_to_gnaf": 0,
        "gnaf_lat": "-38.19599585999998",
        "gnaf_long": "146.5475293400001"
      },
      "geometry": {
        "type": "Point",
        "coordinates": [
          146.5475346211203,
          -38.195982953299904
        ]
      }
    },
    {
      "type": "Feature",
      "properties": {
        "objectid": 166,
        "featuretype": "EMERGENCY FACILITY",
        "descripton": "An emergency management facility from which a particular agency\u2019s resources are commanded, coordinated and assigned to an incident or emergency",
        "class": "AMBULANCE STATION",
        "facility_name": "WALLAN AMBULANCE STATION",
        "facility_operationalstatus": "OPERATIONAL",
        "facility_address": null,
        "abs_suburb": "WALLAN",
        "facility_state": "VICTORIA",
        "abs_postcode": "3756",
        "facility_attribute_source": "HTTP://DATA.VIC.GOV.AU",
        "facility_attribute_date": null,
        "facility_source": "HTTP://DATA.VIC.GOV.AU",
        "facility_date": null,
        "facility_spatial_confidence": null,
        "facility_revised": "2018-06-06T00:00:00Z",
        "comment_": null,
        "facility_lat": "-37.41923871299997",
        "facility_long": "144.97846577000007",
        "validated": null,
        "gnaf_building_name": null,
        "gnaf_address_detail_pid": "GAVIC421771241",
        "gnaf_formatted_address": "1-5 HIGH STREET",
        "gnaf_confidence": "1",
        "gnaf_postcode": "3756",
        "gnaf_suburb": "WALLAN",
        "distance_to_gnaf": 1,
        "gnaf_lat": "-37.41923383999995",
        "gnaf_long": "144.9784659500001"
      },
      "geometry": {
        "type": "Point",
        "coordinates": [
          144.97847174664207,
          -37.41922554809221
        ]
      }
    },
    {
      "type": "Feature",
      "properties": {
        "objectid": 167,
        "featuretype": "EMERGENCY FACILITY",
        "descripton": "An emergency management facility from which a particular agency\u2019s resources are commanded, coordinated and assigned to an incident or emergency",
        "class": "AMBULANCE STATION",
        "facility_name": "WANGARATTA AMBULANCE STATION",
        "facility_operationalstatus": "OPERATIONAL",
        "facility_address": null,
        "abs_suburb": "WANGARATTA",
        "facility_state": "VICTORIA",
        "abs_postcode": "3677",
        "facility_attribute_source": "HTTP://DATA.VIC.GOV.AU",
        "facility_attribute_date": null,
        "facility_source": "HTTP://DATA.VIC.GOV.AU",
        "facility_date": null,
        "facility_spatial_confidence": null,
        "facility_revised": "2018-06-06T00:00:00Z",
        "comment_": null,
        "facility_lat": "-36.36631760399996",
        "facility_long": "146.2991594880001",
        "validated": null,
        "gnaf_building_name": null,
        "gnaf_address_detail_pid": "GAVIC420883104",
        "gnaf_formatted_address": "113-121 TONE ROAD",
        "gnaf_confidence": "0",
        "gnaf_postcode": "3677",
        "gnaf_suburb": "WANGARATTA",
        "distance_to_gnaf": 0,
        "gnaf_lat": "-36.366317239999944",
        "gnaf_long": "146.29915932000006"
      },
      "geometry": {
        "type": "Point",
        "coordinates": [
          146.29916535998018,
          -36.36630452626222
        ]
      }
    },
    {
      "type": "Feature",
      "properties": {
        "objectid": 168,
        "featuretype": "EMERGENCY FACILITY",
        "descripton": "An emergency management facility from which a particular agency\u2019s resources are commanded, coordinated and assigned to an incident or emergency",
        "class": "AMBULANCE STATION",
        "facility_name": "WHEELERS HILL AMBULANCE STATION",
        "facility_operationalstatus": "OPERATIONAL",
        "facility_address": null,
        "abs_suburb": "WANTIRNA",
        "facility_state": "VICTORIA",
        "abs_postcode": "3152",
        "facility_attribute_source": "HTTP://DATA.VIC.GOV.AU",
        "facility_attribute_date": null,
        "facility_source": "HTTP://DATA.VIC.GOV.AU",
        "facility_date": null,
        "facility_spatial_confidence": null,
        "facility_revised": "2018-06-06T00:00:00Z",
        "comment_": null,
        "facility_lat": "-37.85900841199998",
        "facility_long": "145.21087624000006",
        "validated": null,
        "gnaf_building_name": null,
        "gnaf_address_detail_pid": "GAVIC424625348",
        "gnaf_formatted_address": "20 MOUNTAIN HIGHWAY",
        "gnaf_confidence": "1",
        "gnaf_postcode": "3152",
        "gnaf_suburb": "WANTIRNA",
        "distance_to_gnaf": 0,
        "gnaf_lat": "-37.85900874999993",
        "gnaf_long": "145.21087634000003"
      },
      "geometry": {
        "type": "Point",
        "coordinates": [
          145.21088212867625,
          -37.85899526583815
        ]
      }
    },
    {
      "type": "Feature",
      "properties": {
        "objectid": 169,
        "featuretype": "EMERGENCY FACILITY",
        "descripton": "An emergency management facility from which a particular agency\u2019s resources are commanded, coordinated and assigned to an incident or emergency",
        "class": "AMBULANCE STATION",
        "facility_name": "BROADMEADOWS AMBULANCE STATION",
        "facility_operationalstatus": "OPERATIONAL",
        "facility_address": null,
        "abs_suburb": "OAK PARK",
        "facility_state": "VICTORIA",
        "abs_postcode": "3046",
        "facility_attribute_source": "HTTP://DATA.VIC.GOV.AU",
        "facility_attribute_date": null,
        "facility_source": "HTTP://DATA.VIC.GOV.AU",
        "facility_date": null,
        "facility_spatial_confidence": null,
        "facility_revised": "2018-06-06T00:00:00Z",
        "comment_": null,
        "facility_lat": "-37.716107000999955",
        "facility_long": "144.9204710040001",
        "validated": null,
        "gnaf_building_name": null,
        "gnaf_address_detail_pid": "GAVIC419916848",
        "gnaf_formatted_address": "5 STRACHAN STREET",
        "gnaf_confidence": "1",
        "gnaf_postcode": "3046",
        "gnaf_suburb": "OAK PARK",
        "distance_to_gnaf": 15,
        "gnaf_lat": "-37.71610193999993",
        "gnaf_long": "144.92030187000012"
      },
      "geometry": {
        "type": "Point",
        "coordinates": [
          144.92047695862635,
          -37.7160938339813
        ]
      }
    },
    {
      "type": "Feature",
      "properties": {
        "objectid": 170,
        "featuretype": "EMERGENCY FACILITY",
        "descripton": "An emergency management facility from which a particular agency\u2019s resources are commanded, coordinated and assigned to an incident or emergency",
        "class": "AMBULANCE STATION",
        "facility_name": "WAVERLEY AMBULANCE STATION",
        "facility_operationalstatus": "OPERATIONAL",
        "facility_address": null,
        "abs_suburb": "OAKLEIGH SOUTH",
        "facility_state": "VICTORIA",
        "abs_postcode": "3167",
        "facility_attribute_source": "HTTP://DATA.VIC.GOV.AU",
        "facility_attribute_date": null,
        "facility_source": "HTTP://DATA.VIC.GOV.AU",
        "facility_date": null,
        "facility_spatial_confidence": null,
        "facility_revised": "2018-06-06T00:00:00Z",
        "comment_": null,
        "facility_lat": "-37.91467166899997",
        "facility_long": "145.11172144700004",
        "validated": null,
        "gnaf_building_name": null,
        "gnaf_address_detail_pid": "GAVIC421437359",
        "gnaf_formatted_address": "36 MANTON ROAD",
        "gnaf_confidence": "1",
        "gnaf_postcode": "3167",
        "gnaf_suburb": "OAKLEIGH SOUTH",
        "distance_to_gnaf": 0,
        "gnaf_lat": "-37.91467099999994",
        "gnaf_long": "145.1117210000001"
      },
      "geometry": {
        "type": "Point",
        "coordinates": [
          145.11172734679187,
          -37.914658516324536
        ]
      }
    },
    {
      "type": "Feature",
      "properties": {
        "objectid": 171,
        "featuretype": "EMERGENCY FACILITY",
        "descripton": "An emergency management facility from which a particular agency\u2019s resources are commanded, coordinated and assigned to an incident or emergency",
        "class": "AMBULANCE STATION",
        "facility_name": "OCEAN GROVE AMBULANCE STATION",
        "facility_operationalstatus": "OPERATIONAL",
        "facility_address": null,
        "abs_suburb": "OCEAN GROVE",
        "facility_state": "VICTORIA",
        "abs_postcode": "3226",
        "facility_attribute_source": "HTTP://DATA.VIC.GOV.AU",
        "facility_attribute_date": null,
        "facility_source": "HTTP://DATA.VIC.GOV.AU",
        "facility_date": null,
        "facility_spatial_confidence": null,
        "facility_revised": "2018-06-06T00:00:00Z",
        "comment_": null,
        "facility_lat": "-38.25440900399997",
        "facility_long": "144.53802000100006",
        "validated": null,
        "gnaf_building_name": null,
        "gnaf_address_detail_pid": "GAVIC423819902",
        "gnaf_formatted_address": "9-11 ADCO GROVE",
        "gnaf_confidence": "1",
        "gnaf_postcode": "3226",
        "gnaf_suburb": "OCEAN GROVE",
        "distance_to_gnaf": 0,
        "gnaf_lat": "-38.25440854999994",
        "gnaf_long": "144.53802078"
      },
      "geometry": {
        "type": "Point",
        "coordinates": [
          144.53802596463353,
          -38.25439581451723
        ]
      }
    },
    {
      "type": "Feature",
      "properties": {
        "objectid": 172,
        "featuretype": "EMERGENCY FACILITY",
        "descripton": "An emergency management facility from which a particular agency\u2019s resources are commanded, coordinated and assigned to an incident or emergency",
        "class": "AMBULANCE STATION",
        "facility_name": "OMEO AMBULANCE STATION",
        "facility_operationalstatus": "OPERATIONAL",
        "facility_address": null,
        "abs_suburb": "OMEO",
        "facility_state": "VICTORIA",
        "abs_postcode": "3898",
        "facility_attribute_source": "HTTP://DATA.VIC.GOV.AU",
        "facility_attribute_date": null,
        "facility_source": "HTTP://DATA.VIC.GOV.AU",
        "facility_date": null,
        "facility_spatial_confidence": null,
        "facility_revised": "2018-06-06T00:00:00Z",
        "comment_": null,
        "facility_lat": "-37.09876400299993",
        "facility_long": "147.6015410000001",
        "validated": null,
        "gnaf_building_name": null,
        "gnaf_address_detail_pid": "GAVIC424611465",
        "gnaf_formatted_address": "110 BILTON STREET",
        "gnaf_confidence": "0",
        "gnaf_postcode": "3898",
        "gnaf_suburb": "OMEO",
        "distance_to_gnaf": 0,
        "gnaf_lat": "-37.098763539999936",
        "gnaf_long": "147.6015402600001"
      },
      "geometry": {
        "type": "Point",
        "coordinates": [
          147.60154657104604,
          -37.09875102949074
        ]
      }
    },
    {
      "type": "Feature",
      "properties": {
        "objectid": 173,
        "featuretype": "EMERGENCY FACILITY",
        "descripton": "An emergency management facility from which a particular agency\u2019s resources are commanded, coordinated and assigned to an incident or emergency",
        "class": "AMBULANCE STATION",
        "facility_name": "ORBOST AMBULANCE STATION",
        "facility_operationalstatus": "OPERATIONAL",
        "facility_address": null,
        "abs_suburb": "ORBOST",
        "facility_state": "VICTORIA",
        "abs_postcode": "3888",
        "facility_attribute_source": "HTTP://DATA.VIC.GOV.AU",
        "facility_attribute_date": null,
        "facility_source": "HTTP://DATA.VIC.GOV.AU",
        "facility_date": null,
        "facility_spatial_confidence": null,
        "facility_revised": "2018-06-06T00:00:00Z",
        "comment_": null,
        "facility_lat": "-37.701716000999966",
        "facility_long": "148.46553599600009",
        "validated": null,
        "gnaf_building_name": "ORBOST REGIONAL HEALTH AND MEDICAL CLINIC",
        "gnaf_address_detail_pid": "GAVIC421613945",
        "gnaf_formatted_address": "104 BOUNDARY ROAD",
        "gnaf_confidence": "2",
        "gnaf_postcode": "3888",
        "gnaf_suburb": "ORBOST",
        "distance_to_gnaf": 65,
        "gnaf_lat": "-37.701551679999966",
        "gnaf_long": "148.46482777000006"
      },
      "geometry": {
        "type": "Point",
        "coordinates": [
          148.4655413455364,
          -37.701703101153434
        ]
      }
    },
    {
      "type": "Feature",
      "properties": {
        "objectid": 174,
        "featuretype": "EMERGENCY FACILITY",
        "descripton": "An emergency management facility from which a particular agency\u2019s resources are commanded, coordinated and assigned to an incident or emergency",
        "class": "AMBULANCE STATION",
        "facility_name": "OUYEN AMBULANCE STATION",
        "facility_operationalstatus": "OPERATIONAL",
        "facility_address": null,
        "abs_suburb": "OUYEN",
        "facility_state": "VICTORIA",
        "abs_postcode": "3490",
        "facility_attribute_source": "HTTP://DATA.VIC.GOV.AU",
        "facility_attribute_date": null,
        "facility_source": "HTTP://DATA.VIC.GOV.AU",
        "facility_date": null,
        "facility_spatial_confidence": null,
        "facility_revised": "2018-06-06T00:00:00Z",
        "comment_": null,
        "facility_lat": "-35.07283525299994",
        "facility_long": "142.31293752300007",
        "validated": null,
        "gnaf_building_name": null,
        "gnaf_address_detail_pid": "GAVIC412069061",
        "gnaf_formatted_address": "2 CLAY AVENUE",
        "gnaf_confidence": "2",
        "gnaf_postcode": "3490",
        "gnaf_suburb": "OUYEN",
        "distance_to_gnaf": 0,
        "gnaf_lat": "-35.07283541999993",
        "gnaf_long": "142.31293716000005"
      },
      "geometry": {
        "type": "Point",
        "coordinates": [
          142.312944164028,
          -35.07282190560474
        ]
      }
    },
    {
      "type": "Feature",
      "properties": {
        "objectid": 175,
        "featuretype": "EMERGENCY FACILITY",
        "descripton": "An emergency management facility from which a particular agency\u2019s resources are commanded, coordinated and assigned to an incident or emergency",
        "class": "AMBULANCE STATION",
        "facility_name": "PAKENHAM AMBULANCE STATION",
        "facility_operationalstatus": "OPERATIONAL",
        "facility_address": null,
        "abs_suburb": "PAKENHAM",
        "facility_state": "VICTORIA",
        "abs_postcode": "3810",
        "facility_attribute_source": "HTTP://DATA.VIC.GOV.AU",
        "facility_attribute_date": null,
        "facility_source": "HTTP://DATA.VIC.GOV.AU",
        "facility_date": null,
        "facility_spatial_confidence": null,
        "facility_revised": "2018-06-06T00:00:00Z",
        "comment_": null,
        "facility_lat": "-38.076736998999934",
        "facility_long": "145.48108899500005",
        "validated": null,
        "gnaf_building_name": null,
        "gnaf_address_detail_pid": "GAVIC421501921",
        "gnaf_formatted_address": "80-82 MAIN STREET",
        "gnaf_confidence": "1",
        "gnaf_postcode": "3810",
        "gnaf_suburb": "PAKENHAM",
        "distance_to_gnaf": 0,
        "gnaf_lat": "-38.07673651999994",
        "gnaf_long": "145.4810892600001"
      },
      "geometry": {
        "type": "Point",
        "coordinates": [
          145.48109481229537,
          -38.076723873078414
        ]
      }
    },
    {
      "type": "Feature",
      "properties": {
        "objectid": 176,
        "featuretype": "EMERGENCY FACILITY",
        "descripton": "An emergency management facility from which a particular agency\u2019s resources are commanded, coordinated and assigned to an incident or emergency",
        "class": "AMBULANCE STATION",
        "facility_name": "COBURG AMBULANCE STATION",
        "facility_operationalstatus": "OPERATIONAL",
        "facility_address": null,
        "abs_suburb": "PASCOE VALE",
        "facility_state": "VICTORIA",
        "abs_postcode": "3044",
        "facility_attribute_source": "HTTP://DATA.VIC.GOV.AU",
        "facility_attribute_date": null,
        "facility_source": "HTTP://DATA.VIC.GOV.AU",
        "facility_date": null,
        "facility_spatial_confidence": null,
        "facility_revised": "2018-06-06T00:00:00Z",
        "comment_": null,
        "facility_lat": "-37.731746001999966",
        "facility_long": "144.93818499600002",
        "validated": null,
        "gnaf_building_name": null,
        "gnaf_address_detail_pid": "GAVIC421027178",
        "gnaf_formatted_address": "345 GAFFNEY STREET",
        "gnaf_confidence": "1",
        "gnaf_postcode": "3044",
        "gnaf_suburb": "PASCOE VALE",
        "distance_to_gnaf": 16,
        "gnaf_lat": "-37.73162925999998",
        "gnaf_long": "144.93808472000012"
      },
      "geometry": {
        "type": "Point",
        "coordinates": [
          144.93819094586948,
          -37.731732836286575
        ]
      }
    },
    {
      "type": "Feature",
      "properties": {
        "objectid": 177,
        "featuretype": "EMERGENCY FACILITY",
        "descripton": "An emergency management facility from which a particular agency\u2019s resources are commanded, coordinated and assigned to an incident or emergency",
        "class": "AMBULANCE STATION",
        "facility_name": "PATCHEWOLLOCK AMBULANCE STATION",
        "facility_operationalstatus": "OPERATIONAL",
        "facility_address": null,
        "abs_suburb": "PATCHEWOLLOCK",
        "facility_state": "VICTORIA",
        "abs_postcode": "3491",
        "facility_attribute_source": "HTTP://DATA.VIC.GOV.AU",
        "facility_attribute_date": null,
        "facility_source": "HTTP://DATA.VIC.GOV.AU",
        "facility_date": null,
        "facility_spatial_confidence": null,
        "facility_revised": "2018-06-06T00:00:00Z",
        "comment_": null,
        "facility_lat": "-35.38042899699997",
        "facility_long": "142.19021500300005",
        "validated": null,
        "gnaf_building_name": null,
        "gnaf_address_detail_pid": "GAVIC422122713",
        "gnaf_formatted_address": "15 ALGERIAN STREET",
        "gnaf_confidence": "1",
        "gnaf_postcode": "3491",
        "gnaf_suburb": "PATCHEWOLLOCK",
        "distance_to_gnaf": 0,
        "gnaf_lat": "-35.38042859999996",
        "gnaf_long": "142.19021495000004"
      },
      "geometry": {
        "type": "Point",
        "coordinates": [
          142.1902216375572,
          -35.38041564459007
        ]
      }
    },
    {
      "type": "Feature",
      "properties": {
        "objectid": 178,
        "featuretype": "EMERGENCY FACILITY",
        "descripton": "An emergency management facility from which a particular agency\u2019s resources are commanded, coordinated and assigned to an incident or emergency",
        "class": "AMBULANCE STATION",
        "facility_name": "PAYNESVILLE AMBULANCE STATION",
        "facility_operationalstatus": "OPERATIONAL",
        "facility_address": null,
        "abs_suburb": "PAYNESVILLE",
        "facility_state": "VICTORIA",
        "abs_postcode": "3880",
        "facility_attribute_source": "HTTP://DATA.VIC.GOV.AU",
        "facility_attribute_date": null,
        "facility_source": "HTTP://DATA.VIC.GOV.AU",
        "facility_date": null,
        "facility_spatial_confidence": null,
        "facility_revised": "2018-06-06T00:00:00Z",
        "comment_": null,
        "facility_lat": "-37.91838047599998",
        "facility_long": "147.71989166900005",
        "validated": null,
        "gnaf_building_name": null,
        "gnaf_address_detail_pid": "GAVIC421552944",
        "gnaf_formatted_address": "4 LANGFORD PARADE",
        "gnaf_confidence": "2",
        "gnaf_postcode": "3880",
        "gnaf_suburb": "PAYNESVILLE",
        "distance_to_gnaf": 0,
        "gnaf_lat": "-37.91838059999998",
        "gnaf_long": "147.71989152000003"
      },
      "geometry": {
        "type": "Point",
        "coordinates": [
          147.71989711761975,
          -37.9183675170751
        ]
      }
    },
    {
      "type": "Feature",
      "properties": {
        "objectid": 179,
        "featuretype": "EMERGENCY FACILITY",
        "descripton": "An emergency management facility from which a particular agency\u2019s resources are commanded, coordinated and assigned to an incident or emergency",
        "class": "AMBULANCE STATION",
        "facility_name": "PENSHURST AMBULANCE STATION",
        "facility_operationalstatus": "OPERATIONAL",
        "facility_address": null,
        "abs_suburb": "PENSHURST",
        "facility_state": "VICTORIA",
        "abs_postcode": "3289",
        "facility_attribute_source": "HTTP://DATA.VIC.GOV.AU",
        "facility_attribute_date": null,
        "facility_source": "HTTP://DATA.VIC.GOV.AU",
        "facility_date": null,
        "facility_spatial_confidence": null,
        "facility_revised": "2018-06-06T00:00:00Z",
        "comment_": null,
        "facility_lat": "-37.874248001999945",
        "facility_long": "142.289777995",
        "validated": null,
        "gnaf_building_name": null,
        "gnaf_address_detail_pid": "GAVIC424623626",
        "gnaf_formatted_address": "39 MARTIN STREET",
        "gnaf_confidence": "1",
        "gnaf_postcode": "3289",
        "gnaf_suburb": "PENSHURST",
        "distance_to_gnaf": 0,
        "gnaf_lat": "-37.87424803999994",
        "gnaf_long": "142.28977809000003"
      },
      "geometry": {
        "type": "Point",
        "coordinates": [
          142.289784393653,
          -37.874234670845496
        ]
      }
    },
    {
      "type": "Feature",
      "properties": {
        "objectid": 180,
        "featuretype": "EMERGENCY FACILITY",
        "descripton": "An emergency management facility from which a particular agency\u2019s resources are commanded, coordinated and assigned to an incident or emergency",
        "class": "AMBULANCE STATION",
        "facility_name": "POINT COOK AMBULANCE STATION",
        "facility_operationalstatus": "OPERATIONAL",
        "facility_address": null,
        "abs_suburb": "POINT COOK",
        "facility_state": "VICTORIA",
        "abs_postcode": "3030",
        "facility_attribute_source": "HTTP://DATA.VIC.GOV.AU",
        "facility_attribute_date": null,
        "facility_source": "HTTP://DATA.VIC.GOV.AU",
        "facility_date": null,
        "facility_spatial_confidence": null,
        "facility_revised": "2018-06-06T00:00:00Z",
        "comment_": null,
        "facility_lat": "-37.88735700199993",
        "facility_long": "144.75461600100004",
        "validated": null,
        "gnaf_building_name": null,
        "gnaf_address_detail_pid": "GAVIC420648039",
        "gnaf_formatted_address": "13 DUNNINGS ROAD",
        "gnaf_confidence": "1",
        "gnaf_postcode": "3030",
        "gnaf_suburb": "POINT COOK",
        "distance_to_gnaf": 0,
        "gnaf_lat": "-37.88735712999994",
        "gnaf_long": "144.7546156100001"
      },
      "geometry": {
        "type": "Point",
        "coordinates": [
          144.75462196598087,
          -37.88734382479009
        ]
      }
    },
    {
      "type": "Feature",
      "properties": {
        "objectid": 181,
        "featuretype": "EMERGENCY FACILITY",
        "descripton": "An emergency management facility from which a particular agency\u2019s resources are commanded, coordinated and assigned to an incident or emergency",
        "class": "AMBULANCE STATION",
        "facility_name": "PORT FAIRY AMBULANCE STATION",
        "facility_operationalstatus": "OPERATIONAL",
        "facility_address": null,
        "abs_suburb": "PORT FAIRY",
        "facility_state": "VICTORIA",
        "abs_postcode": "3284",
        "facility_attribute_source": "HTTP://DATA.VIC.GOV.AU",
        "facility_attribute_date": null,
        "facility_source": "HTTP://DATA.VIC.GOV.AU",
        "facility_date": null,
        "facility_spatial_confidence": null,
        "facility_revised": "2018-06-06T00:00:00Z",
        "comment_": null,
        "facility_lat": "-38.37467899899997",
        "facility_long": "142.2300420040001",
        "validated": null,
        "gnaf_building_name": null,
        "gnaf_address_detail_pid": "GAVIC414182351",
        "gnaf_formatted_address": "116 PRINCES HIGHWAY",
        "gnaf_confidence": "1",
        "gnaf_postcode": "3284",
        "gnaf_suburb": "PORT FAIRY",
        "distance_to_gnaf": 0,
        "gnaf_lat": "-38.374678409999945",
        "gnaf_long": "142.2300420800001"
      },
      "geometry": {
        "type": "Point",
        "coordinates": [
          142.23004836740824,
          -38.374665667439025
        ]
      }
    },
    {
      "type": "Feature",
      "properties": {
        "objectid": 182,
        "featuretype": "EMERGENCY FACILITY",
        "descripton": "An emergency management facility from which a particular agency\u2019s resources are commanded, coordinated and assigned to an incident or emergency",
        "class": "AMBULANCE STATION",
        "facility_name": "PORTLAND AMBULANCE STATION",
        "facility_operationalstatus": "OPERATIONAL",
        "facility_address": null,
        "abs_suburb": "PORTLAND",
        "facility_state": "VICTORIA",
        "abs_postcode": "3305",
        "facility_attribute_source": "HTTP://DATA.VIC.GOV.AU",
        "facility_attribute_date": null,
        "facility_source": "HTTP://DATA.VIC.GOV.AU",
        "facility_date": null,
        "facility_spatial_confidence": null,
        "facility_revised": "2018-06-06T00:00:00Z",
        "comment_": null,
        "facility_lat": "-38.33552100299994",
        "facility_long": "141.60372200100005",
        "validated": null,
        "gnaf_building_name": null,
        "gnaf_address_detail_pid": "GAVIC421733745",
        "gnaf_formatted_address": "1 NEW STREET",
        "gnaf_confidence": "1",
        "gnaf_postcode": "3305",
        "gnaf_suburb": "PORTLAND",
        "distance_to_gnaf": 0,
        "gnaf_lat": "-38.33552119999996",
        "gnaf_long": "141.6037216300001"
      },
      "geometry": {
        "type": "Point",
        "coordinates": [
          141.603728480646,
          -38.335507636253226
        ]
      }
    },
    {
      "type": "Feature",
      "properties": {
        "objectid": 183,
        "featuretype": "EMERGENCY FACILITY",
        "descripton": "An emergency management facility from which a particular agency\u2019s resources are commanded, coordinated and assigned to an incident or emergency",
        "class": "AMBULANCE STATION",
        "facility_name": "NORTH EAST SRC AMBULANCE STATION",
        "facility_operationalstatus": "OPERATIONAL",
        "facility_address": null,
        "abs_suburb": "PRESTON",
        "facility_state": "VICTORIA",
        "abs_postcode": "3072",
        "facility_attribute_source": "HTTP://DATA.VIC.GOV.AU",
        "facility_attribute_date": null,
        "facility_source": "HTTP://DATA.VIC.GOV.AU",
        "facility_date": null,
        "facility_spatial_confidence": null,
        "facility_revised": "2018-06-06T00:00:00Z",
        "comment_": null,
        "facility_lat": "-37.745652021999945",
        "facility_long": "145.02576010300004",
        "validated": null,
        "gnaf_building_name": null,
        "gnaf_address_detail_pid": "GAVIC413137956",
        "gnaf_formatted_address": "92 BELL STREET",
        "gnaf_confidence": "0",
        "gnaf_postcode": "3072",
        "gnaf_suburb": "PRESTON",
        "distance_to_gnaf": 5,
        "gnaf_lat": "-37.745692599999984",
        "gnaf_long": "145.02575294000007"
      },
      "geometry": {
        "type": "Point",
        "coordinates": [
          145.02576603619872,
          -37.745638862365084
        ]
      }
    },
    {
      "type": "Feature",
      "properties": {
        "objectid": 184,
        "featuretype": "EMERGENCY FACILITY",
        "descripton": "An emergency management facility from which a particular agency\u2019s resources are commanded, coordinated and assigned to an incident or emergency",
        "class": "AMBULANCE STATION",
        "facility_name": "NORTHLAND AMBULANCE STATION",
        "facility_operationalstatus": "OPERATIONAL",
        "facility_address": null,
        "abs_suburb": "PRESTON",
        "facility_state": "VICTORIA",
        "abs_postcode": "3072",
        "facility_attribute_source": "HTTP://DATA.VIC.GOV.AU",
        "facility_attribute_date": null,
        "facility_source": "HTTP://DATA.VIC.GOV.AU",
        "facility_date": null,
        "facility_spatial_confidence": null,
        "facility_revised": "2018-06-06T00:00:00Z",
        "comment_": null,
        "facility_lat": "-37.74603716699994",
        "facility_long": "145.02053171300008",
        "validated": null,
        "gnaf_building_name": null,
        "gnaf_address_detail_pid": "GAVIC424501148",
        "gnaf_formatted_address": "10-12 OVANDO STREET",
        "gnaf_confidence": "1",
        "gnaf_postcode": "3072",
        "gnaf_suburb": "PRESTON",
        "distance_to_gnaf": 0,
        "gnaf_lat": "-37.746037299999955",
        "gnaf_long": "145.02053180000007"
      },
      "geometry": {
        "type": "Point",
        "coordinates": [
          145.0205376470621,
          -37.74602400700883
        ]
      }
    },
    {
      "type": "Feature",
      "properties": {
        "objectid": 185,
        "featuretype": "EMERGENCY FACILITY",
        "descripton": "An emergency management facility from which a particular agency\u2019s resources are commanded, coordinated and assigned to an incident or emergency",
        "class": "AMBULANCE STATION",
        "facility_name": "RAINBOW AMBULANCE STATION",
        "facility_operationalstatus": "OPERATIONAL",
        "facility_address": null,
        "abs_suburb": "RAINBOW",
        "facility_state": "VICTORIA",
        "abs_postcode": "3424",
        "facility_attribute_source": "HTTP://DATA.VIC.GOV.AU",
        "facility_attribute_date": null,
        "facility_source": "HTTP://DATA.VIC.GOV.AU",
        "facility_date": null,
        "facility_spatial_confidence": null,
        "facility_revised": "2018-06-06T00:00:00Z",
        "comment_": null,
        "facility_lat": "-35.90414399599996",
        "facility_long": "141.99452860200006",
        "validated": null,
        "gnaf_building_name": null,
        "gnaf_address_detail_pid": "GAVIC720064922",
        "gnaf_formatted_address": "2 RAILWAY STREET",
        "gnaf_confidence": "0",
        "gnaf_postcode": "3424",
        "gnaf_suburb": "RAINBOW",
        "distance_to_gnaf": 93,
        "gnaf_lat": "-35.904773199999966",
        "gnaf_long": "141.99384167000005"
      },
      "geometry": {
        "type": "Point",
        "coordinates": [
          141.99453522399054,
          -35.90413063589781
        ]
      }
    },
    {
      "type": "Feature",
      "properties": {
        "objectid": 186,
        "featuretype": "EMERGENCY FACILITY",
        "descripton": "An emergency management facility from which a particular agency\u2019s resources are commanded, coordinated and assigned to an incident or emergency",
        "class": "AMBULANCE STATION",
        "facility_name": "MICA 13 AMBULANCE STATION",
        "facility_operationalstatus": "OPERATIONAL",
        "facility_address": null,
        "abs_suburb": "RAVENHALL",
        "facility_state": "VICTORIA",
        "abs_postcode": "3023",
        "facility_attribute_source": "HTTP://DATA.VIC.GOV.AU",
        "facility_attribute_date": null,
        "facility_source": "HTTP://DATA.VIC.GOV.AU",
        "facility_date": null,
        "facility_spatial_confidence": null,
        "facility_revised": "2018-06-06T00:00:00Z",
        "comment_": null,
        "facility_lat": "-37.767517355999985",
        "facility_long": "144.7460756580001",
        "validated": null,
        "gnaf_building_name": null,
        "gnaf_address_detail_pid": "GAVIC425082940",
        "gnaf_formatted_address": "142 EUCUMBENE DRIVE",
        "gnaf_confidence": "1",
        "gnaf_postcode": "3023",
        "gnaf_suburb": "RAVENHALL",
        "distance_to_gnaf": 0,
        "gnaf_lat": "-37.76751746999997",
        "gnaf_long": "144.74607580000009"
      },
      "geometry": {
        "type": "Point",
        "coordinates": [
          144.74608163731986,
          -37.76750417747328
        ]
      }
    },
    {
      "type": "Feature",
      "properties": {
        "objectid": 187,
        "featuretype": "EMERGENCY FACILITY",
        "descripton": "An emergency management facility from which a particular agency\u2019s resources are commanded, coordinated and assigned to an incident or emergency",
        "class": "AMBULANCE STATION",
        "facility_name": "EPWORTH HOSPITAL AMBULANCE STATION",
        "facility_operationalstatus": "OPERATIONAL",
        "facility_address": null,
        "abs_suburb": "RICHMOND",
        "facility_state": "VICTORIA",
        "abs_postcode": "3121",
        "facility_attribute_source": "HTTP://DATA.VIC.GOV.AU",
        "facility_attribute_date": null,
        "facility_source": "HTTP://DATA.VIC.GOV.AU",
        "facility_date": null,
        "facility_spatial_confidence": null,
        "facility_revised": "2018-06-06T00:00:00Z",
        "comment_": null,
        "facility_lat": "-37.81681900099994",
        "facility_long": "144.9933569970001",
        "validated": null,
        "gnaf_building_name": null,
        "gnaf_address_detail_pid": "GAVIC424490961",
        "gnaf_formatted_address": "40 ERIN STREET",
        "gnaf_confidence": "1",
        "gnaf_postcode": "3121",
        "gnaf_suburb": "RICHMOND",
        "distance_to_gnaf": 3,
        "gnaf_lat": "-37.81683802999993",
        "gnaf_long": "144.9933368500001"
      },
      "geometry": {
        "type": "Point",
        "coordinates": [
          144.99336292807365,
          -37.816805839585285
        ]
      }
    },
    {
      "type": "Feature",
      "properties": {
        "objectid": 188,
        "featuretype": "EMERGENCY FACILITY",
        "descripton": "An emergency management facility from which a particular agency\u2019s resources are commanded, coordinated and assigned to an incident or emergency",
        "class": "AMBULANCE STATION",
        "facility_name": "RICHMOND AMBULANCE STATION",
        "facility_operationalstatus": "OPERATIONAL",
        "facility_address": null,
        "abs_suburb": "RICHMOND",
        "facility_state": "VICTORIA",
        "abs_postcode": "3121",
        "facility_attribute_source": "HTTP://DATA.VIC.GOV.AU",
        "facility_attribute_date": null,
        "facility_source": "HTTP://DATA.VIC.GOV.AU",
        "facility_date": null,
        "facility_spatial_confidence": null,
        "facility_revised": "2018-06-06T00:00:00Z",
        "comment_": null,
        "facility_lat": "-37.816924995999955",
        "facility_long": "145.01132700000005",
        "validated": null,
        "gnaf_building_name": null,
        "gnaf_address_detail_pid": "GAVIC420786300",
        "gnaf_formatted_address": "61 CROWN STREET",
        "gnaf_confidence": "1",
        "gnaf_postcode": "3121",
        "gnaf_suburb": "RICHMOND",
        "distance_to_gnaf": 0,
        "gnaf_lat": "-37.81692499999997",
        "gnaf_long": "145.01132700000005"
      },
      "geometry": {
        "type": "Point",
        "coordinates": [
          145.01133292794208,
          -37.8169118358171
        ]
      }
    },
    {
      "type": "Feature",
      "properties": {
        "objectid": 189,
        "featuretype": "EMERGENCY FACILITY",
        "descripton": "An emergency management facility from which a particular agency\u2019s resources are commanded, coordinated and assigned to an incident or emergency",
        "class": "AMBULANCE STATION",
        "facility_name": "RINGWOOD AMBULANCE STATION",
        "facility_operationalstatus": "OPERATIONAL",
        "facility_address": null,
        "abs_suburb": "RINGWOOD",
        "facility_state": "VICTORIA",
        "abs_postcode": "3134",
        "facility_attribute_source": "HTTP://DATA.VIC.GOV.AU",
        "facility_attribute_date": null,
        "facility_source": "HTTP://DATA.VIC.GOV.AU",
        "facility_date": null,
        "facility_spatial_confidence": null,
        "facility_revised": "2018-06-06T00:00:00Z",
        "comment_": null,
        "facility_lat": "-37.80977199999995",
        "facility_long": "145.2395820050001",
        "validated": null,
        "gnaf_building_name": null,
        "gnaf_address_detail_pid": "GAVIC421270498",
        "gnaf_formatted_address": "282 MAROONDAH HIGHWAY",
        "gnaf_confidence": "2",
        "gnaf_postcode": "3134",
        "gnaf_suburb": "RINGWOOD",
        "distance_to_gnaf": 0,
        "gnaf_lat": "-37.80977199999995",
        "gnaf_long": "145.23958200000004"
      },
      "geometry": {
        "type": "Point",
        "coordinates": [
          145.23958789412958,
          -37.80975885552581
        ]
      }
    },
    {
      "type": "Feature",
      "properties": {
        "objectid": 190,
        "featuretype": "EMERGENCY FACILITY",
        "descripton": "An emergency management facility from which a particular agency\u2019s resources are commanded, coordinated and assigned to an incident or emergency",
        "class": "AMBULANCE STATION",
        "facility_name": "MICA 8 AMBULANCE STATION",
        "facility_operationalstatus": "OPERATIONAL",
        "facility_address": null,
        "abs_suburb": "RINGWOOD EAST",
        "facility_state": "VICTORIA",
        "abs_postcode": "3135",
        "facility_attribute_source": "HTTP://DATA.VIC.GOV.AU",
        "facility_attribute_date": null,
        "facility_source": "HTTP://DATA.VIC.GOV.AU",
        "facility_date": null,
        "facility_spatial_confidence": null,
        "facility_revised": "2018-06-06T00:00:00Z",
        "comment_": null,
        "facility_lat": "-37.80875500299993",
        "facility_long": "145.24779900300007",
        "validated": null,
        "gnaf_building_name": null,
        "gnaf_address_detail_pid": "GAVIC423806062",
        "gnaf_formatted_address": "51 MT DANDENONG ROAD",
        "gnaf_confidence": "2",
        "gnaf_postcode": "3135",
        "gnaf_suburb": "RINGWOOD EAST",
        "distance_to_gnaf": 0,
        "gnaf_lat": "-37.80875524999993",
        "gnaf_long": "145.24779861000002"
      },
      "geometry": {
        "type": "Point",
        "coordinates": [
          145.24780489081755,
          -37.80874185909054
        ]
      }
    },
    {
      "type": "Feature",
      "properties": {
        "objectid": 191,
        "featuretype": "EMERGENCY FACILITY",
        "descripton": "An emergency management facility from which a particular agency\u2019s resources are commanded, coordinated and assigned to an incident or emergency",
        "class": "AMBULANCE STATION",
        "facility_name": "ROBINVALE AMBULANCE STATION",
        "facility_operationalstatus": "OPERATIONAL",
        "facility_address": null,
        "abs_suburb": "ROBINVALE",
        "facility_state": "VICTORIA",
        "abs_postcode": "3549",
        "facility_attribute_source": "HTTP://DATA.VIC.GOV.AU",
        "facility_attribute_date": null,
        "facility_source": "HTTP://DATA.VIC.GOV.AU",
        "facility_date": null,
        "facility_spatial_confidence": null,
        "facility_revised": "2018-06-06T00:00:00Z",
        "comment_": null,
        "facility_lat": "-34.58411300399996",
        "facility_long": "142.78100499900006",
        "validated": null,
        "gnaf_building_name": null,
        "gnaf_address_detail_pid": "GAVIC412205360",
        "gnaf_formatted_address": "15 NICHOLLS STREET",
        "gnaf_confidence": "1",
        "gnaf_postcode": "3549",
        "gnaf_suburb": "ROBINVALE",
        "distance_to_gnaf": 0,
        "gnaf_lat": "-34.58411332999998",
        "gnaf_long": "142.78100485000004"
      },
      "geometry": {
        "type": "Point",
        "coordinates": [
          142.7810116084399,
          -34.5840996806767
        ]
      }
    },
    {
      "type": "Feature",
      "properties": {
        "objectid": 192,
        "featuretype": "EMERGENCY FACILITY",
        "descripton": "An emergency management facility from which a particular agency\u2019s resources are commanded, coordinated and assigned to an incident or emergency",
        "class": "AMBULANCE STATION",
        "facility_name": "ROCHESTER AMBULANCE STATION",
        "facility_operationalstatus": "OPERATIONAL",
        "facility_address": null,
        "abs_suburb": "ROCHESTER",
        "facility_state": "VICTORIA",
        "abs_postcode": "3561",
        "facility_attribute_source": "HTTP://DATA.VIC.GOV.AU",
        "facility_attribute_date": null,
        "facility_source": "HTTP://DATA.VIC.GOV.AU",
        "facility_date": null,
        "facility_spatial_confidence": null,
        "facility_revised": "2018-06-06T00:00:00Z",
        "comment_": null,
        "facility_lat": "-36.363765995999984",
        "facility_long": "144.6993250050001",
        "validated": null,
        "gnaf_building_name": null,
        "gnaf_address_detail_pid": "GAVIC720515095",
        "gnaf_formatted_address": "UNIT 1 22 MACKAY STREET",
        "gnaf_confidence": "0",
        "gnaf_postcode": "3561",
        "gnaf_suburb": "ROCHESTER",
        "distance_to_gnaf": 0,
        "gnaf_lat": "-36.36376551999996",
        "gnaf_long": "144.69932495000012"
      },
      "geometry": {
        "type": "Point",
        "coordinates": [
          144.69933113942497,
          -36.363752805485845
        ]
      }
    },
    {
      "type": "Feature",
      "properties": {
        "objectid": 193,
        "featuretype": "EMERGENCY FACILITY",
        "descripton": "An emergency management facility from which a particular agency\u2019s resources are commanded, coordinated and assigned to an incident or emergency",
        "class": "AMBULANCE STATION",
        "facility_name": "ROMSEY AMBULANCE STATION",
        "facility_operationalstatus": "OPERATIONAL",
        "facility_address": null,
        "abs_suburb": "ROMSEY",
        "facility_state": "VICTORIA",
        "abs_postcode": "3434",
        "facility_attribute_source": "HTTP://DATA.VIC.GOV.AU",
        "facility_attribute_date": null,
        "facility_source": "HTTP://DATA.VIC.GOV.AU",
        "facility_date": null,
        "facility_spatial_confidence": null,
        "facility_revised": "2018-06-06T00:00:00Z",
        "comment_": null,
        "facility_lat": "-37.34375299699997",
        "facility_long": "144.7417150020001",
        "validated": null,
        "gnaf_building_name": null,
        "gnaf_address_detail_pid": "GAVIC414322428",
        "gnaf_formatted_address": "157 MAIN STREET",
        "gnaf_confidence": "1",
        "gnaf_postcode": "3434",
        "gnaf_suburb": "ROMSEY",
        "distance_to_gnaf": 19,
        "gnaf_lat": "-37.34358493999997",
        "gnaf_long": "144.74169588000007"
      },
      "geometry": {
        "type": "Point",
        "coordinates": [
          144.74172102716213,
          -37.34373981554242
        ]
      }
    },
    {
      "type": "Feature",
      "properties": {
        "objectid": 194,
        "featuretype": "EMERGENCY FACILITY",
        "descripton": "An emergency management facility from which a particular agency\u2019s resources are commanded, coordinated and assigned to an incident or emergency",
        "class": "AMBULANCE STATION",
        "facility_name": "MICA 12 AMBULANCE STATION",
        "facility_operationalstatus": "OPERATIONAL",
        "facility_address": null,
        "abs_suburb": "ROSEBUD",
        "facility_state": "VICTORIA",
        "abs_postcode": "3939",
        "facility_attribute_source": "HTTP://DATA.VIC.GOV.AU",
        "facility_attribute_date": null,
        "facility_source": "HTTP://DATA.VIC.GOV.AU",
        "facility_date": null,
        "facility_spatial_confidence": null,
        "facility_revised": "2018-06-06T00:00:00Z",
        "comment_": null,
        "facility_lat": "-38.354669195999975",
        "facility_long": "144.91193649500008",
        "validated": null,
        "gnaf_building_name": null,
        "gnaf_address_detail_pid": "GAVIC414778348",
        "gnaf_formatted_address": "23-29 MITCHELL STREET",
        "gnaf_confidence": "0",
        "gnaf_postcode": "3939",
        "gnaf_suburb": "ROSEBUD",
        "distance_to_gnaf": 0,
        "gnaf_lat": "-38.35466799999995",
        "gnaf_long": "144.91193600000008"
      },
      "geometry": {
        "type": "Point",
        "coordinates": [
          144.91194238153477,
          -38.354656032329096
        ]
      }
    },
    {
      "type": "Feature",
      "properties": {
        "objectid": 195,
        "featuretype": "EMERGENCY FACILITY",
        "descripton": "An emergency management facility from which a particular agency\u2019s resources are commanded, coordinated and assigned to an incident or emergency",
        "class": "AMBULANCE STATION",
        "facility_name": "ROWVILLE AMBULANCE STATION",
        "facility_operationalstatus": "OPERATIONAL",
        "facility_address": null,
        "abs_suburb": "ROWVILLE",
        "facility_state": "VICTORIA",
        "abs_postcode": "3178",
        "facility_attribute_source": "HTTP://DATA.VIC.GOV.AU",
        "facility_attribute_date": null,
        "facility_source": "HTTP://DATA.VIC.GOV.AU",
        "facility_date": null,
        "facility_spatial_confidence": null,
        "facility_revised": "2018-06-06T00:00:00Z",
        "comment_": null,
        "facility_lat": "-37.91317221899993",
        "facility_long": "145.23500254600003",
        "validated": null,
        "gnaf_building_name": null,
        "gnaf_address_detail_pid": "GAVIC424616395",
        "gnaf_formatted_address": "6 ENTERPRISE DRIVE",
        "gnaf_confidence": "1",
        "gnaf_postcode": "3178",
        "gnaf_suburb": "ROWVILLE",
        "distance_to_gnaf": 20,
        "gnaf_lat": "-37.913330489999964",
        "gnaf_long": "145.23510332000012"
      },
      "geometry": {
        "type": "Point",
        "coordinates": [
          145.2350084244959,
          -37.913159074848174
        ]
      }
    },
    {
      "type": "Feature",
      "properties": {
        "objectid": 196,
        "featuretype": "EMERGENCY FACILITY",
        "descripton": "An emergency management facility from which a particular agency\u2019s resources are commanded, coordinated and assigned to an incident or emergency",
        "class": "AMBULANCE STATION",
        "facility_name": "RUPANYUP AMBULANCE STATION",
        "facility_operationalstatus": "OPERATIONAL",
        "facility_address": null,
        "abs_suburb": "RUPANYUP",
        "facility_state": "VICTORIA",
        "abs_postcode": "3388",
        "facility_attribute_source": "HTTP://DATA.VIC.GOV.AU",
        "facility_attribute_date": null,
        "facility_source": "HTTP://DATA.VIC.GOV.AU",
        "facility_date": null,
        "facility_spatial_confidence": null,
        "facility_revised": "2018-06-06T00:00:00Z",
        "comment_": null,
        "facility_lat": "-36.63751803899993",
        "facility_long": "142.63162677600008",
        "validated": null,
        "gnaf_building_name": null,
        "gnaf_address_detail_pid": "GAVIC719795393",
        "gnaf_formatted_address": "97 CROMIE STREET",
        "gnaf_confidence": "0",
        "gnaf_postcode": "3388",
        "gnaf_suburb": "RUPANYUP",
        "distance_to_gnaf": 0,
        "gnaf_lat": "-36.63751611999993",
        "gnaf_long": "142.63162994000004"
      },
      "geometry": {
        "type": "Point",
        "coordinates": [
          142.63163322804405,
          -36.63750472005432
        ]
      }
    },
    {
      "type": "Feature",
      "properties": {
        "objectid": 197,
        "featuretype": "EMERGENCY FACILITY",
        "descripton": "An emergency management facility from which a particular agency\u2019s resources are commanded, coordinated and assigned to an incident or emergency",
        "class": "AMBULANCE STATION",
        "facility_name": "SALE AMBULANCE STATION",
        "facility_operationalstatus": "OPERATIONAL",
        "facility_address": null,
        "abs_suburb": "SALE",
        "facility_state": "VICTORIA",
        "abs_postcode": "3850",
        "facility_attribute_source": "HTTP://DATA.VIC.GOV.AU",
        "facility_attribute_date": null,
        "facility_source": "HTTP://DATA.VIC.GOV.AU",
        "facility_date": null,
        "facility_spatial_confidence": null,
        "facility_revised": "2018-06-06T00:00:00Z",
        "comment_": null,
        "facility_lat": "-38.101511407999965",
        "facility_long": "147.0909997750001",
        "validated": null,
        "gnaf_building_name": null,
        "gnaf_address_detail_pid": "GAVIC414731861",
        "gnaf_formatted_address": "332 RAGLAN STREET",
        "gnaf_confidence": "0",
        "gnaf_postcode": "3850",
        "gnaf_suburb": "SALE",
        "distance_to_gnaf": 0,
        "gnaf_lat": "-38.101511339999945",
        "gnaf_long": "147.09100006000006"
      },
      "geometry": {
        "type": "Point",
        "coordinates": [
          147.09100530911198,
          -38.10149840097892
        ]
      }
    },
    {
      "type": "Feature",
      "properties": {
        "objectid": 198,
        "featuretype": "EMERGENCY FACILITY",
        "descripton": "An emergency management facility from which a particular agency\u2019s resources are commanded, coordinated and assigned to an incident or emergency",
        "class": "AMBULANCE STATION",
        "facility_name": "SEA LAKE AMBULANCE STATION",
        "facility_operationalstatus": "OPERATIONAL",
        "facility_address": null,
        "abs_suburb": "SEA LAKE",
        "facility_state": "VICTORIA",
        "abs_postcode": "3533",
        "facility_attribute_source": "HTTP://DATA.VIC.GOV.AU",
        "facility_attribute_date": null,
        "facility_source": "HTTP://DATA.VIC.GOV.AU",
        "facility_date": null,
        "facility_spatial_confidence": null,
        "facility_revised": "2018-06-06T00:00:00Z",
        "comment_": null,
        "facility_lat": "-35.50402399999996",
        "facility_long": "142.8531130010001",
        "validated": null,
        "gnaf_building_name": null,
        "gnaf_address_detail_pid": "GAVIC421288988",
        "gnaf_formatted_address": "151 BEST STREET",
        "gnaf_confidence": "1",
        "gnaf_postcode": "3533",
        "gnaf_suburb": "SEA LAKE",
        "distance_to_gnaf": 0,
        "gnaf_lat": "-35.50402454999994",
        "gnaf_long": "142.85311290000004"
      },
      "geometry": {
        "type": "Point",
        "coordinates": [
          142.85311951828592,
          -35.5040106869447
        ]
      }
    },
    {
      "type": "Feature",
      "properties": {
        "objectid": 199,
        "featuretype": "EMERGENCY FACILITY",
        "descripton": "An emergency management facility from which a particular agency\u2019s resources are commanded, coordinated and assigned to an incident or emergency",
        "class": "AMBULANCE STATION",
        "facility_name": "SEAFORD AMBULANCE STATION",
        "facility_operationalstatus": "OPERATIONAL",
        "facility_address": null,
        "abs_suburb": "SEAFORD",
        "facility_state": "VICTORIA",
        "abs_postcode": "3198",
        "facility_attribute_source": "HTTP://DATA.VIC.GOV.AU",
        "facility_attribute_date": null,
        "facility_source": "HTTP://DATA.VIC.GOV.AU",
        "facility_date": null,
        "facility_spatial_confidence": null,
        "facility_revised": "2018-06-06T00:00:00Z",
        "comment_": null,
        "facility_lat": "-38.11453199999994",
        "facility_long": "145.14210800400008",
        "validated": null,
        "gnaf_building_name": null,
        "gnaf_address_detail_pid": "GAVIC421885220",
        "gnaf_formatted_address": "3 SIR LAURENCE DRIVE",
        "gnaf_confidence": "2",
        "gnaf_postcode": "3198",
        "gnaf_suburb": "SEAFORD",
        "distance_to_gnaf": 0,
        "gnaf_lat": "-38.11453228999994",
        "gnaf_long": "145.14210745000003"
      },
      "geometry": {
        "type": "Point",
        "coordinates": [
          145.142113876439,
          -38.11451885065438
        ]
      }
    },
    {
      "type": "Feature",
      "properties": {
        "objectid": 200,
        "featuretype": "EMERGENCY FACILITY",
        "descripton": "An emergency management facility from which a particular agency\u2019s resources are commanded, coordinated and assigned to an incident or emergency",
        "class": "AMBULANCE STATION",
        "facility_name": "SEBASTOPOL AMBULANCE STATION",
        "facility_operationalstatus": "OPERATIONAL",
        "facility_address": null,
        "abs_suburb": "SEBASTOPOL",
        "facility_state": "VICTORIA",
        "abs_postcode": "3356",
        "facility_attribute_source": "HTTP://DATA.VIC.GOV.AU",
        "facility_attribute_date": null,
        "facility_source": "HTTP://DATA.VIC.GOV.AU",
        "facility_date": null,
        "facility_spatial_confidence": null,
        "facility_revised": "2018-06-06T00:00:00Z",
        "comment_": null,
        "facility_lat": "-37.59954199699996",
        "facility_long": "143.84442400300009",
        "validated": null,
        "gnaf_building_name": null,
        "gnaf_address_detail_pid": "GAVIC421472982",
        "gnaf_formatted_address": "26 BRIDGE STREET",
        "gnaf_confidence": "1",
        "gnaf_postcode": "3356",
        "gnaf_suburb": "SEBASTOPOL",
        "distance_to_gnaf": 0,
        "gnaf_lat": "-37.59954270999998",
        "gnaf_long": "143.84442373000002"
      },
      "geometry": {
        "type": "Point",
        "coordinates": [
          143.84443015613778,
          -37.59952875828384
        ]
      }
    },
    {
      "type": "Feature",
      "properties": {
        "objectid": 201,
        "featuretype": "EMERGENCY FACILITY",
        "descripton": "An emergency management facility from which a particular agency\u2019s resources are commanded, coordinated and assigned to an incident or emergency",
        "class": "AMBULANCE STATION",
        "facility_name": "BERWICK AMBULANCE STATION",
        "facility_operationalstatus": "OPERATIONAL",
        "facility_address": null,
        "abs_suburb": "NARRE WARREN",
        "facility_state": "VICTORIA",
        "abs_postcode": "3805",
        "facility_attribute_source": "HTTP://DATA.VIC.GOV.AU",
        "facility_attribute_date": null,
        "facility_source": "HTTP://DATA.VIC.GOV.AU",
        "facility_date": null,
        "facility_spatial_confidence": null,
        "facility_revised": "2018-06-06T00:00:00Z",
        "comment_": null,
        "facility_lat": "-38.02807600199998",
        "facility_long": "145.31699600500008",
        "validated": null,
        "gnaf_building_name": null,
        "gnaf_address_detail_pid": "GAVIC411989764",
        "gnaf_formatted_address": "557 PRINCES HIGHWAY",
        "gnaf_confidence": "0",
        "gnaf_postcode": "3805",
        "gnaf_suburb": "NARRE WARREN",
        "distance_to_gnaf": 0,
        "gnaf_lat": "-38.028074999999944",
        "gnaf_long": "145.31699500000002"
      },
      "geometry": {
        "type": "Point",
        "coordinates": [
          145.31700185643177,
          -38.02806286426804
        ]
      }
    },
    {
      "type": "Feature",
      "properties": {
        "objectid": 202,
        "featuretype": "EMERGENCY FACILITY",
        "descripton": "An emergency management facility from which a particular agency\u2019s resources are commanded, coordinated and assigned to an incident or emergency",
        "class": "AMBULANCE STATION",
        "facility_name": "NEERIM SOUTH AMBULANCE STATION",
        "facility_operationalstatus": "OPERATIONAL",
        "facility_address": null,
        "abs_suburb": "NEERIM SOUTH",
        "facility_state": "VICTORIA",
        "abs_postcode": "3831",
        "facility_attribute_source": "HTTP://DATA.VIC.GOV.AU",
        "facility_attribute_date": null,
        "facility_source": "HTTP://DATA.VIC.GOV.AU",
        "facility_date": null,
        "facility_spatial_confidence": null,
        "facility_revised": "2018-06-06T00:00:00Z",
        "comment_": null,
        "facility_lat": "-38.02150286799997",
        "facility_long": "145.954138069",
        "validated": null,
        "gnaf_building_name": null,
        "gnaf_address_detail_pid": "GAVIC424623041",
        "gnaf_formatted_address": "41 MAIN NEERIM ROAD",
        "gnaf_confidence": "1",
        "gnaf_postcode": "3831",
        "gnaf_suburb": "NEERIM SOUTH",
        "distance_to_gnaf": 0,
        "gnaf_lat": "-38.02150257999995",
        "gnaf_long": "145.95413770000005"
      },
      "geometry": {
        "type": "Point",
        "coordinates": [
          145.95414381009758,
          -38.021489775533745
        ]
      }
    },
    {
      "type": "Feature",
      "properties": {
        "objectid": 203,
        "featuretype": "EMERGENCY FACILITY",
        "descripton": "An emergency management facility from which a particular agency\u2019s resources are commanded, coordinated and assigned to an incident or emergency",
        "class": "AMBULANCE STATION",
        "facility_name": "NHILL AMBULANCE STATION",
        "facility_operationalstatus": "OPERATIONAL",
        "facility_address": null,
        "abs_suburb": "NHILL",
        "facility_state": "VICTORIA",
        "abs_postcode": "3418",
        "facility_attribute_source": "HTTP://DATA.VIC.GOV.AU",
        "facility_attribute_date": null,
        "facility_source": "HTTP://DATA.VIC.GOV.AU",
        "facility_date": null,
        "facility_spatial_confidence": null,
        "facility_revised": "2018-06-06T00:00:00Z",
        "comment_": null,
        "facility_lat": "-36.33613218499994",
        "facility_long": "141.6526784130001",
        "validated": null,
        "gnaf_building_name": null,
        "gnaf_address_detail_pid": "GAVIC414304512",
        "gnaf_formatted_address": "15 CAMPBELL STREET",
        "gnaf_confidence": "1",
        "gnaf_postcode": "3418",
        "gnaf_suburb": "NHILL",
        "distance_to_gnaf": 0,
        "gnaf_lat": "-36.33613277999996",
        "gnaf_long": "141.65267858000004"
      },
      "geometry": {
        "type": "Point",
        "coordinates": [
          141.65268505527436,
          -36.336118808714325
        ]
      }
    },
    {
      "type": "Feature",
      "properties": {
        "objectid": 204,
        "featuretype": "EMERGENCY FACILITY",
        "descripton": "An emergency management facility from which a particular agency\u2019s resources are commanded, coordinated and assigned to an incident or emergency",
        "class": "AMBULANCE STATION",
        "facility_name": "NOBLE PARK AMBULANCE STATION",
        "facility_operationalstatus": "OPERATIONAL",
        "facility_address": null,
        "abs_suburb": "NOBLE PARK",
        "facility_state": "VICTORIA",
        "abs_postcode": "3174",
        "facility_attribute_source": "HTTP://DATA.VIC.GOV.AU",
        "facility_attribute_date": null,
        "facility_source": "HTTP://DATA.VIC.GOV.AU",
        "facility_date": null,
        "facility_spatial_confidence": null,
        "facility_revised": "2018-06-06T00:00:00Z",
        "comment_": null,
        "facility_lat": "-37.959100002999946",
        "facility_long": "145.18505800000003",
        "validated": null,
        "gnaf_building_name": null,
        "gnaf_address_detail_pid": "GAVIC419691462",
        "gnaf_formatted_address": "425 PRINCES HIGHWAY",
        "gnaf_confidence": "1",
        "gnaf_postcode": "3174",
        "gnaf_suburb": "NOBLE PARK",
        "distance_to_gnaf": 12,
        "gnaf_lat": "-37.95918442999994",
        "gnaf_long": "145.1851478100001"
      },
      "geometry": {
        "type": "Point",
        "coordinates": [
          145.18506388211696,
          -37.959086855667636
        ]
      }
    },
    {
      "type": "Feature",
      "properties": {
        "objectid": 205,
        "featuretype": "EMERGENCY FACILITY",
        "descripton": "An emergency management facility from which a particular agency\u2019s resources are commanded, coordinated and assigned to an incident or emergency",
        "class": "AMBULANCE STATION",
        "facility_name": "NORLANE AMBULANCE STATION",
        "facility_operationalstatus": "OPERATIONAL",
        "facility_address": null,
        "abs_suburb": "NORLANE",
        "facility_state": "VICTORIA",
        "abs_postcode": "3214",
        "facility_attribute_source": "HTTP://DATA.VIC.GOV.AU",
        "facility_attribute_date": null,
        "facility_source": "HTTP://DATA.VIC.GOV.AU",
        "facility_date": null,
        "facility_spatial_confidence": null,
        "facility_revised": "2018-06-06T00:00:00Z",
        "comment_": null,
        "facility_lat": "-38.08609599799996",
        "facility_long": "144.35712670300006",
        "validated": null,
        "gnaf_building_name": null,
        "gnaf_address_detail_pid": "GAVIC421436046",
        "gnaf_formatted_address": "145 PRINCES HIGHWAY",
        "gnaf_confidence": "1",
        "gnaf_postcode": "3214",
        "gnaf_suburb": "NORLANE",
        "distance_to_gnaf": 0,
        "gnaf_lat": "-38.08609622999995",
        "gnaf_long": "144.35712690000003"
      },
      "geometry": {
        "type": "Point",
        "coordinates": [
          144.35713271644815,
          -38.086082795504126
        ]
      }
    },
    {
      "type": "Feature",
      "properties": {
        "objectid": 206,
        "featuretype": "EMERGENCY FACILITY",
        "descripton": "An emergency management facility from which a particular agency\u2019s resources are commanded, coordinated and assigned to an incident or emergency",
        "class": "AMBULANCE STATION",
        "facility_name": "NUMURKAH AMBULANCE STATION",
        "facility_operationalstatus": "OPERATIONAL",
        "facility_address": null,
        "abs_suburb": "NUMURKAH",
        "facility_state": "VICTORIA",
        "abs_postcode": "3636",
        "facility_attribute_source": "HTTP://DATA.VIC.GOV.AU",
        "facility_attribute_date": null,
        "facility_source": "HTTP://DATA.VIC.GOV.AU",
        "facility_date": null,
        "facility_spatial_confidence": null,
        "facility_revised": "2018-06-06T00:00:00Z",
        "comment_": null,
        "facility_lat": "-36.09939928299997",
        "facility_long": "145.44459328100004",
        "validated": null,
        "gnaf_building_name": null,
        "gnaf_address_detail_pid": "GAVIC719103936",
        "gnaf_formatted_address": "4-6 KATAMATITE-NATHALIA ROAD",
        "gnaf_confidence": "-1",
        "gnaf_postcode": "3636",
        "gnaf_suburb": "NUMURKAH",
        "distance_to_gnaf": 0,
        "gnaf_lat": "-36.09939932999998",
        "gnaf_long": "145.44459367000002"
      },
      "geometry": {
        "type": "Point",
        "coordinates": [
          145.4445993212942,
          -36.09938614200467
        ]
      }
    },
    {
      "type": "Feature",
      "properties": {
        "objectid": 207,
        "featuretype": "EMERGENCY FACILITY",
        "descripton": "An emergency management facility from which a particular agency\u2019s resources are commanded, coordinated and assigned to an incident or emergency",
        "class": "AMBULANCE STATION",
        "facility_name": "NUNAWADING AMBULANCE STATION",
        "facility_operationalstatus": "OPERATIONAL",
        "facility_address": null,
        "abs_suburb": "NUNAWADING",
        "facility_state": "VICTORIA",
        "abs_postcode": "3131",
        "facility_attribute_source": "HTTP://DATA.VIC.GOV.AU",
        "facility_attribute_date": null,
        "facility_source": "HTTP://DATA.VIC.GOV.AU",
        "facility_date": null,
        "facility_spatial_confidence": null,
        "facility_revised": "2018-06-06T00:00:00Z",
        "comment_": null,
        "facility_lat": "-37.81785699899996",
        "facility_long": "145.17576500400003",
        "validated": null,
        "gnaf_building_name": null,
        "gnaf_address_detail_pid": "GAVIC421071151",
        "gnaf_formatted_address": "130 SPRINGVALE ROAD",
        "gnaf_confidence": "1",
        "gnaf_postcode": "3131",
        "gnaf_suburb": "NUNAWADING",
        "distance_to_gnaf": 0,
        "gnaf_lat": "-37.81785599999995",
        "gnaf_long": "145.17576500000007"
      },
      "geometry": {
        "type": "Point",
        "coordinates": [
          145.1757709033044,
          -37.81784385015013
        ]
      }
    },
    {
      "type": "Feature",
      "properties": {
        "objectid": 208,
        "featuretype": "EMERGENCY FACILITY",
        "descripton": "An emergency management facility from which a particular agency\u2019s resources are commanded, coordinated and assigned to an incident or emergency",
        "class": "AMBULANCE STATION",
        "facility_name": "NYAH WEST AMBULANCE STATION",
        "facility_operationalstatus": "OPERATIONAL",
        "facility_address": null,
        "abs_suburb": "NYAH WEST",
        "facility_state": "VICTORIA",
        "abs_postcode": "3595",
        "facility_attribute_source": "HTTP://DATA.VIC.GOV.AU",
        "facility_attribute_date": null,
        "facility_source": "HTTP://DATA.VIC.GOV.AU",
        "facility_date": null,
        "facility_spatial_confidence": null,
        "facility_revised": "2018-06-06T00:00:00Z",
        "comment_": null,
        "facility_lat": "-35.18575699799993",
        "facility_long": "143.35567899700004",
        "validated": null,
        "gnaf_building_name": null,
        "gnaf_address_detail_pid": "GAVIC423476046",
        "gnaf_formatted_address": "5 MONASH AVENUE",
        "gnaf_confidence": "1",
        "gnaf_postcode": "3595",
        "gnaf_suburb": "NYAH WEST",
        "distance_to_gnaf": 0,
        "gnaf_lat": "-35.18575654999995",
        "gnaf_long": "143.35567876000005"
      },
      "geometry": {
        "type": "Point",
        "coordinates": [
          143.35568546277094,
          -35.185743713327604
        ]
      }
    },
    {
      "type": "Feature",
      "properties": {
        "objectid": 209,
        "featuretype": "EMERGENCY FACILITY",
        "descripton": "An emergency management facility from which a particular agency\u2019s resources are commanded, coordinated and assigned to an incident or emergency",
        "class": "AMBULANCE STATION",
        "facility_name": "SEYMOUR AMBULANCE STATION",
        "facility_operationalstatus": "OPERATIONAL",
        "facility_address": null,
        "abs_suburb": "SEYMOUR",
        "facility_state": "VICTORIA",
        "abs_postcode": "3660",
        "facility_attribute_source": "HTTP://DATA.VIC.GOV.AU",
        "facility_attribute_date": null,
        "facility_source": "HTTP://DATA.VIC.GOV.AU",
        "facility_date": null,
        "facility_spatial_confidence": null,
        "facility_revised": "2018-06-06T00:00:00Z",
        "comment_": null,
        "facility_lat": "-37.01758300199998",
        "facility_long": "145.13825000300005",
        "validated": null,
        "gnaf_building_name": null,
        "gnaf_address_detail_pid": "GAVIC423672866",
        "gnaf_formatted_address": "22 CALLEN STREET",
        "gnaf_confidence": "1",
        "gnaf_postcode": "3660",
        "gnaf_suburb": "SEYMOUR",
        "distance_to_gnaf": 0,
        "gnaf_lat": "-37.01758370999994",
        "gnaf_long": "145.13825049000002"
      },
      "geometry": {
        "type": "Point",
        "coordinates": [
          145.13825599567937,
          -37.01756984554618
        ]
      }
    },
    {
      "type": "Feature",
      "properties": {
        "objectid": 210,
        "featuretype": "EMERGENCY FACILITY",
        "descripton": "An emergency management facility from which a particular agency\u2019s resources are commanded, coordinated and assigned to an incident or emergency",
        "class": "AMBULANCE STATION",
        "facility_name": "SHEPPARTON AMBULANCE STATION",
        "facility_operationalstatus": "OPERATIONAL",
        "facility_address": null,
        "abs_suburb": "SHEPPARTON",
        "facility_state": "VICTORIA",
        "abs_postcode": "3630",
        "facility_attribute_source": "HTTP://DATA.VIC.GOV.AU",
        "facility_attribute_date": null,
        "facility_source": "HTTP://DATA.VIC.GOV.AU",
        "facility_date": null,
        "facility_spatial_confidence": null,
        "facility_revised": "2018-06-06T00:00:00Z",
        "comment_": null,
        "facility_lat": "-36.375737998999966",
        "facility_long": "145.40020900100012",
        "validated": null,
        "gnaf_building_name": null,
        "gnaf_address_detail_pid": "GAVIC420665267",
        "gnaf_formatted_address": "102 WYNDHAM STREET",
        "gnaf_confidence": "0",
        "gnaf_postcode": "3630",
        "gnaf_suburb": "SHEPPARTON",
        "distance_to_gnaf": 0,
        "gnaf_lat": "-36.37573809999998",
        "gnaf_long": "145.40020875000005"
      },
      "geometry": {
        "type": "Point",
        "coordinates": [
          145.40021501899136,
          -36.37572485667389
        ]
      }
    },
    {
      "type": "Feature",
      "properties": {
        "objectid": 211,
        "featuretype": "EMERGENCY FACILITY",
        "descripton": "An emergency management facility from which a particular agency\u2019s resources are commanded, coordinated and assigned to an incident or emergency",
        "class": "AMBULANCE STATION",
        "facility_name": "SKIPTON AMBULANCE STATION",
        "facility_operationalstatus": "OPERATIONAL",
        "facility_address": null,
        "abs_suburb": "SKIPTON",
        "facility_state": "VICTORIA",
        "abs_postcode": "3361",
        "facility_attribute_source": "HTTP://DATA.VIC.GOV.AU",
        "facility_attribute_date": null,
        "facility_source": "HTTP://DATA.VIC.GOV.AU",
        "facility_date": null,
        "facility_spatial_confidence": null,
        "facility_revised": "2018-06-06T00:00:00Z",
        "comment_": null,
        "facility_lat": "-37.684944995999956",
        "facility_long": "143.35955099500006",
        "validated": null,
        "gnaf_building_name": null,
        "gnaf_address_detail_pid": "GAVIC424066336",
        "gnaf_formatted_address": "54-56 MONTGOMERY STREET",
        "gnaf_confidence": "0",
        "gnaf_postcode": "3361",
        "gnaf_suburb": "SKIPTON",
        "distance_to_gnaf": 0,
        "gnaf_lat": "-37.684945409999955",
        "gnaf_long": "143.35955050000007"
      },
      "geometry": {
        "type": "Point",
        "coordinates": [
          143.3595572239316,
          -37.68493172738565
        ]
      }
    },
    {
      "type": "Feature",
      "properties": {
        "objectid": 212,
        "featuretype": "EMERGENCY FACILITY",
        "descripton": "An emergency management facility from which a particular agency\u2019s resources are commanded, coordinated and assigned to an incident or emergency",
        "class": "AMBULANCE STATION",
        "facility_name": "SOMERVILLE AMBULANCE STATION",
        "facility_operationalstatus": "OPERATIONAL",
        "facility_address": null,
        "abs_suburb": "SOMERVILLE",
        "facility_state": "VICTORIA",
        "abs_postcode": "3912",
        "facility_attribute_source": "HTTP://DATA.VIC.GOV.AU",
        "facility_attribute_date": null,
        "facility_source": "HTTP://DATA.VIC.GOV.AU",
        "facility_date": null,
        "facility_spatial_confidence": null,
        "facility_revised": "2018-06-06T00:00:00Z",
        "comment_": null,
        "facility_lat": "-38.222405513999945",
        "facility_long": "145.18251700500002",
        "validated": null,
        "gnaf_building_name": null,
        "gnaf_address_detail_pid": "GAVIC425615246",
        "gnaf_formatted_address": "UNIT 5 50 GUELPH STREET",
        "gnaf_confidence": "1",
        "gnaf_postcode": "3912",
        "gnaf_suburb": "SOMERVILLE",
        "distance_to_gnaf": 19,
        "gnaf_lat": "-38.22223790999993",
        "gnaf_long": "145.1824654300001"
      },
      "geometry": {
        "type": "Point",
        "coordinates": [
          145.18252285836297,
          -38.22239236811256
        ]
      }
    },
    {
      "type": "Feature",
      "properties": {
        "objectid": 213,
        "featuretype": "EMERGENCY FACILITY",
        "descripton": "An emergency management facility from which a particular agency\u2019s resources are commanded, coordinated and assigned to an incident or emergency",
        "class": "AMBULANCE STATION",
        "facility_name": "SORRENTO AMBULANCE STATION",
        "facility_operationalstatus": "OPERATIONAL",
        "facility_address": null,
        "abs_suburb": "SORRENTO",
        "facility_state": "VICTORIA",
        "abs_postcode": "3943",
        "facility_attribute_source": "HTTP://DATA.VIC.GOV.AU",
        "facility_attribute_date": null,
        "facility_source": "HTTP://DATA.VIC.GOV.AU",
        "facility_date": null,
        "facility_spatial_confidence": null,
        "facility_revised": "2018-06-06T00:00:00Z",
        "comment_": null,
        "facility_lat": "-38.335557998999946",
        "facility_long": "144.7364030020001",
        "validated": null,
        "gnaf_building_name": null,
        "gnaf_address_detail_pid": "GAVIC420135533",
        "gnaf_formatted_address": "68 HOTHAM ROAD",
        "gnaf_confidence": "2",
        "gnaf_postcode": "3943",
        "gnaf_suburb": "SORRENTO",
        "distance_to_gnaf": 0,
        "gnaf_lat": "-38.33555855999998",
        "gnaf_long": "144.73640446000002"
      },
      "geometry": {
        "type": "Point",
        "coordinates": [
          144.73640892173907,
          -38.33554482331076
        ]
      }
    },
    {
      "type": "Feature",
      "properties": {
        "objectid": 214,
        "featuretype": "EMERGENCY FACILITY",
        "descripton": "An emergency management facility from which a particular agency\u2019s resources are commanded, coordinated and assigned to an incident or emergency",
        "class": "AMBULANCE STATION",
        "facility_name": "PORT MELBOURNE AMBULANCE STATION",
        "facility_operationalstatus": "OPERATIONAL",
        "facility_address": null,
        "abs_suburb": "SOUTH MELBOURNE",
        "facility_state": "VICTORIA",
        "abs_postcode": "3205",
        "facility_attribute_source": "HTTP://DATA.VIC.GOV.AU",
        "facility_attribute_date": null,
        "facility_source": "HTTP://DATA.VIC.GOV.AU",
        "facility_date": null,
        "facility_spatial_confidence": null,
        "facility_revised": "2018-06-06T00:00:00Z",
        "comment_": null,
        "facility_lat": "-37.82625400099994",
        "facility_long": "144.9417039970001",
        "validated": null,
        "gnaf_building_name": null,
        "gnaf_address_detail_pid": "GAVIC424532420",
        "gnaf_formatted_address": "61-75 BRADY STREET",
        "gnaf_confidence": "0",
        "gnaf_postcode": "3205",
        "gnaf_suburb": "SOUTH MELBOURNE",
        "distance_to_gnaf": 0,
        "gnaf_lat": "-37.82625396999998",
        "gnaf_long": "144.94170414000007"
      },
      "geometry": {
        "type": "Point",
        "coordinates": [
          144.94170993601983,
          -37.82624083611224
        ]
      }
    },
    {
      "type": "Feature",
      "properties": {
        "objectid": 215,
        "featuretype": "EMERGENCY FACILITY",
        "descripton": "An emergency management facility from which a particular agency\u2019s resources are commanded, coordinated and assigned to an incident or emergency",
        "class": "AMBULANCE STATION",
        "facility_name": "SOUTH MELBOURNE AMBULANCE STATION",
        "facility_operationalstatus": "OPERATIONAL",
        "facility_address": null,
        "abs_suburb": "SOUTH MELBOURNE",
        "facility_state": "VICTORIA",
        "abs_postcode": "3205",
        "facility_attribute_source": "HTTP://DATA.VIC.GOV.AU",
        "facility_attribute_date": null,
        "facility_source": "HTTP://DATA.VIC.GOV.AU",
        "facility_date": null,
        "facility_spatial_confidence": null,
        "facility_revised": "2018-06-06T00:00:00Z",
        "comment_": null,
        "facility_lat": "-37.83126608799995",
        "facility_long": "144.96329006000008",
        "validated": null,
        "gnaf_building_name": null,
        "gnaf_address_detail_pid": "GAVIC414045182",
        "gnaf_formatted_address": "187-191 COVENTRY STREET",
        "gnaf_confidence": "1",
        "gnaf_postcode": "3205",
        "gnaf_suburb": "SOUTH MELBOURNE",
        "distance_to_gnaf": 0,
        "gnaf_lat": "-37.831265979999955",
        "gnaf_long": "144.9632899600001"
      },
      "geometry": {
        "type": "Point",
        "coordinates": [
          144.96329599472512,
          -37.831252924617765
        ]
      }
    },
    {
      "type": "Feature",
      "properties": {
        "objectid": 216,
        "featuretype": "EMERGENCY FACILITY",
        "descripton": "An emergency management facility from which a particular agency\u2019s resources are commanded, coordinated and assigned to an incident or emergency",
        "class": "AMBULANCE STATION",
        "facility_name": "MICA 11 AMBULANCE STATION",
        "facility_operationalstatus": "OPERATIONAL",
        "facility_address": null,
        "abs_suburb": "SPRINGVALE",
        "facility_state": "VICTORIA",
        "abs_postcode": "3171",
        "facility_attribute_source": "HTTP://DATA.VIC.GOV.AU",
        "facility_attribute_date": null,
        "facility_source": "HTTP://DATA.VIC.GOV.AU",
        "facility_date": null,
        "facility_spatial_confidence": null,
        "facility_revised": "2018-06-06T00:00:00Z",
        "comment_": null,
        "facility_lat": "-37.92967398199994",
        "facility_long": "145.14418798200006",
        "validated": null,
        "gnaf_building_name": null,
        "gnaf_address_detail_pid": "GAVIC423732469",
        "gnaf_formatted_address": "FCTY 12B 2 WESTALL ROAD",
        "gnaf_confidence": "0",
        "gnaf_postcode": "3171",
        "gnaf_suburb": "SPRINGVALE",
        "distance_to_gnaf": 0,
        "gnaf_lat": "-37.92967385999998",
        "gnaf_long": "145.14418831000012"
      },
      "geometry": {
        "type": "Point",
        "coordinates": [
          145.14419387448643,
          -37.92966083165839
        ]
      }
    },
    {
      "type": "Feature",
      "properties": {
        "objectid": 217,
        "featuretype": "EMERGENCY FACILITY",
        "descripton": "An emergency management facility from which a particular agency\u2019s resources are commanded, coordinated and assigned to an incident or emergency",
        "class": "AMBULANCE STATION",
        "facility_name": "ST ARNAUD AMBULANCE STATION",
        "facility_operationalstatus": "OPERATIONAL",
        "facility_address": null,
        "abs_suburb": "ST ARNAUD",
        "facility_state": "VICTORIA",
        "abs_postcode": "3478",
        "facility_attribute_source": "HTTP://DATA.VIC.GOV.AU",
        "facility_attribute_date": null,
        "facility_source": "HTTP://DATA.VIC.GOV.AU",
        "facility_date": null,
        "facility_spatial_confidence": null,
        "facility_revised": "2018-06-06T00:00:00Z",
        "comment_": null,
        "facility_lat": "-36.61705200499995",
        "facility_long": "143.26061718200003",
        "validated": null,
        "gnaf_building_name": null,
        "gnaf_address_detail_pid": "GAVIC419538286",
        "gnaf_formatted_address": "27 DUNDAS STREET",
        "gnaf_confidence": "1",
        "gnaf_postcode": "3478",
        "gnaf_suburb": "ST ARNAUD",
        "distance_to_gnaf": 0,
        "gnaf_lat": "-36.617051999999944",
        "gnaf_long": "143.2606173800001"
      },
      "geometry": {
        "type": "Point",
        "coordinates": [
          143.26062353037761,
          -36.617038723657274
        ]
      }
    },
    {
      "type": "Feature",
      "properties": {
        "objectid": 218,
        "featuretype": "EMERGENCY FACILITY",
        "descripton": "An emergency management facility from which a particular agency\u2019s resources are commanded, coordinated and assigned to an incident or emergency",
        "class": "AMBULANCE STATION",
        "facility_name": "WINDSOR AMBULANCE STATION",
        "facility_operationalstatus": "OPERATIONAL",
        "facility_address": null,
        "abs_suburb": "ST KILDA",
        "facility_state": "VICTORIA",
        "abs_postcode": "3182",
        "facility_attribute_source": "HTTP://DATA.VIC.GOV.AU",
        "facility_attribute_date": null,
        "facility_source": "HTTP://DATA.VIC.GOV.AU",
        "facility_date": null,
        "facility_spatial_confidence": null,
        "facility_revised": "2018-06-06T00:00:00Z",
        "comment_": null,
        "facility_lat": "-37.86610899899995",
        "facility_long": "144.98786100200005",
        "validated": null,
        "gnaf_building_name": null,
        "gnaf_address_detail_pid": "GAVIC423085806",
        "gnaf_formatted_address": "25-27 PAKINGTON STREET",
        "gnaf_confidence": "0",
        "gnaf_postcode": "3182",
        "gnaf_suburb": "ST KILDA",
        "distance_to_gnaf": 0,
        "gnaf_lat": "-37.866108949999955",
        "gnaf_long": "144.98786135000012"
      },
      "geometry": {
        "type": "Point",
        "coordinates": [
          144.98786692866284,
          -37.86609583751402
        ]
      }
    },
    {
      "type": "Feature",
      "properties": {
        "objectid": 219,
        "featuretype": "EMERGENCY FACILITY",
        "descripton": "An emergency management facility from which a particular agency\u2019s resources are commanded, coordinated and assigned to an incident or emergency",
        "class": "AMBULANCE STATION",
        "facility_name": "STAWELL AMBULANCE STATION",
        "facility_operationalstatus": "OPERATIONAL",
        "facility_address": null,
        "abs_suburb": "STAWELL",
        "facility_state": "VICTORIA",
        "abs_postcode": "3380",
        "facility_attribute_source": "HTTP://DATA.VIC.GOV.AU",
        "facility_attribute_date": null,
        "facility_source": "HTTP://DATA.VIC.GOV.AU",
        "facility_date": null,
        "facility_spatial_confidence": null,
        "facility_revised": "2018-06-06T00:00:00Z",
        "comment_": null,
        "facility_lat": "-37.05820300099998",
        "facility_long": "142.7774140020001",
        "validated": null,
        "gnaf_building_name": null,
        "gnaf_address_detail_pid": "GAVIC421158840",
        "gnaf_formatted_address": "7 VICTORIA STREET",
        "gnaf_confidence": "-1",
        "gnaf_postcode": "3380",
        "gnaf_suburb": "STAWELL",
        "distance_to_gnaf": 10,
        "gnaf_lat": "-37.05815507999995",
        "gnaf_long": "142.77750575000005"
      },
      "geometry": {
        "type": "Point",
        "coordinates": [
          142.77742039091657,
          -37.058189693279196
        ]
      }
    },
    {
      "type": "Feature",
      "properties": {
        "objectid": 220,
        "featuretype": "EMERGENCY FACILITY",
        "descripton": "An emergency management facility from which a particular agency\u2019s resources are commanded, coordinated and assigned to an incident or emergency",
        "class": "AMBULANCE STATION",
        "facility_name": "SUNBURY AMBULANCE STATION",
        "facility_operationalstatus": "OPERATIONAL",
        "facility_address": null,
        "abs_suburb": "SUNBURY",
        "facility_state": "VICTORIA",
        "abs_postcode": "3429",
        "facility_attribute_source": "HTTP://DATA.VIC.GOV.AU",
        "facility_attribute_date": null,
        "facility_source": "HTTP://DATA.VIC.GOV.AU",
        "facility_date": null,
        "facility_spatial_confidence": null,
        "facility_revised": "2018-06-06T00:00:00Z",
        "comment_": null,
        "facility_lat": "-37.58686399599998",
        "facility_long": "144.72492300300007",
        "validated": null,
        "gnaf_building_name": "AMBULANCE",
        "gnaf_address_detail_pid": "GAVIC419621838",
        "gnaf_formatted_address": "16-22 SHIELDS STREET",
        "gnaf_confidence": "1",
        "gnaf_postcode": "3429",
        "gnaf_suburb": "SUNBURY",
        "distance_to_gnaf": 0,
        "gnaf_lat": "-37.58686299999994",
        "gnaf_long": "144.7249230000001"
      },
      "geometry": {
        "type": "Point",
        "coordinates": [
          144.7249290052563,
          -37.586850814926784
        ]
      }
    },
    {
      "type": "Feature",
      "properties": {
        "objectid": 221,
        "featuretype": "EMERGENCY FACILITY",
        "descripton": "An emergency management facility from which a particular agency\u2019s resources are commanded, coordinated and assigned to an incident or emergency",
        "class": "AMBULANCE STATION",
        "facility_name": "SUNSHINE AMBULANCE STATION",
        "facility_operationalstatus": "OPERATIONAL",
        "facility_address": null,
        "abs_suburb": "SUNSHINE NORTH",
        "facility_state": "VICTORIA",
        "abs_postcode": "3020",
        "facility_attribute_source": "HTTP://DATA.VIC.GOV.AU",
        "facility_attribute_date": null,
        "facility_source": "HTTP://DATA.VIC.GOV.AU",
        "facility_date": null,
        "facility_spatial_confidence": null,
        "facility_revised": "2018-06-06T00:00:00Z",
        "comment_": null,
        "facility_lat": "-37.77734763299998",
        "facility_long": "144.83422536700004",
        "validated": null,
        "gnaf_building_name": null,
        "gnaf_address_detail_pid": "GAVIC421405641",
        "gnaf_formatted_address": "458 BALLARAT ROAD",
        "gnaf_confidence": "1",
        "gnaf_postcode": "3020",
        "gnaf_suburb": "SUNSHINE NORTH",
        "distance_to_gnaf": 0,
        "gnaf_lat": "-37.77734774999993",
        "gnaf_long": "144.8342250600001"
      },
      "geometry": {
        "type": "Point",
        "coordinates": [
          144.83423132996725,
          -37.777334460496526
        ]
      }
    },
    {
      "type": "Feature",
      "properties": {
        "objectid": 222,
        "featuretype": "EMERGENCY FACILITY",
        "descripton": "An emergency management facility from which a particular agency\u2019s resources are commanded, coordinated and assigned to an incident or emergency",
        "class": "AMBULANCE STATION",
        "facility_name": "SWAN HILL AMBULANCE STATION",
        "facility_operationalstatus": "OPERATIONAL",
        "facility_address": null,
        "abs_suburb": "SWAN HILL",
        "facility_state": "VICTORIA",
        "abs_postcode": "3585",
        "facility_attribute_source": "HTTP://DATA.VIC.GOV.AU",
        "facility_attribute_date": null,
        "facility_source": "HTTP://DATA.VIC.GOV.AU",
        "facility_date": null,
        "facility_spatial_confidence": null,
        "facility_revised": "2018-06-06T00:00:00Z",
        "comment_": null,
        "facility_lat": "-35.333714999999984",
        "facility_long": "143.55745299600005",
        "validated": null,
        "gnaf_building_name": null,
        "gnaf_address_detail_pid": "GAVIC720226868",
        "gnaf_formatted_address": "9 CHAPMAN STREET",
        "gnaf_confidence": "0",
        "gnaf_postcode": "3585",
        "gnaf_suburb": "SWAN HILL",
        "distance_to_gnaf": 18,
        "gnaf_lat": "-35.333851409999966",
        "gnaf_long": "143.55734731000007"
      },
      "geometry": {
        "type": "Point",
        "coordinates": [
          143.55745941607861,
          -35.333701728807256
        ]
      }
    },
    {
      "type": "Feature",
      "properties": {
        "objectid": 223,
        "featuretype": "EMERGENCY FACILITY",
        "descripton": "An emergency management facility from which a particular agency\u2019s resources are commanded, coordinated and assigned to an incident or emergency",
        "class": "AMBULANCE STATION",
        "facility_name": "TALLANGATTA AMBULANCE STATION",
        "facility_operationalstatus": "OPERATIONAL",
        "facility_address": null,
        "abs_suburb": "TALLANGATTA",
        "facility_state": "VICTORIA",
        "abs_postcode": "3700",
        "facility_attribute_source": "HTTP://DATA.VIC.GOV.AU",
        "facility_attribute_date": null,
        "facility_source": "HTTP://DATA.VIC.GOV.AU",
        "facility_date": null,
        "facility_spatial_confidence": null,
        "facility_revised": "2018-06-06T00:00:00Z",
        "comment_": null,
        "facility_lat": "-36.213767695999934",
        "facility_long": "147.1844989010001",
        "validated": null,
        "gnaf_building_name": "BOLGA COURT HOSTEL",
        "gnaf_address_detail_pid": "GAVIC424448963",
        "gnaf_formatted_address": "7 LAKESIDE DRIVE",
        "gnaf_confidence": "2",
        "gnaf_postcode": "3700",
        "gnaf_suburb": "TALLANGATTA",
        "distance_to_gnaf": 0,
        "gnaf_lat": "-36.21376729999997",
        "gnaf_long": "147.1844993100001"
      },
      "geometry": {
        "type": "Point",
        "coordinates": [
          147.1845046469741,
          -36.21375468415535
        ]
      }
    },
    {
      "type": "Feature",
      "properties": {
        "objectid": 224,
        "featuretype": "EMERGENCY FACILITY",
        "descripton": "An emergency management facility from which a particular agency\u2019s resources are commanded, coordinated and assigned to an incident or emergency",
        "class": "AMBULANCE STATION",
        "facility_name": "TATURA AMBULANCE STATION",
        "facility_operationalstatus": "OPERATIONAL",
        "facility_address": null,
        "abs_suburb": "TATURA",
        "facility_state": "VICTORIA",
        "abs_postcode": "3616",
        "facility_attribute_source": "HTTP://DATA.VIC.GOV.AU",
        "facility_attribute_date": null,
        "facility_source": "HTTP://DATA.VIC.GOV.AU",
        "facility_date": null,
        "facility_spatial_confidence": null,
        "facility_revised": "2018-06-06T00:00:00Z",
        "comment_": null,
        "facility_lat": "-36.446427375999974",
        "facility_long": "145.22292918000005",
        "validated": null,
        "gnaf_building_name": null,
        "gnaf_address_detail_pid": "GAVIC420361225",
        "gnaf_formatted_address": "114-120 ROSS STREET",
        "gnaf_confidence": "1",
        "gnaf_postcode": "3616",
        "gnaf_suburb": "TATURA",
        "distance_to_gnaf": 0,
        "gnaf_lat": "-36.44642739999995",
        "gnaf_long": "145.22292888000004"
      },
      "geometry": {
        "type": "Point",
        "coordinates": [
          145.22293521958306,
          -36.446414221768265
        ]
      }
    },
    {
      "type": "Feature",
      "properties": {
        "objectid": 225,
        "featuretype": "EMERGENCY FACILITY",
        "descripton": "An emergency management facility from which a particular agency\u2019s resources are commanded, coordinated and assigned to an incident or emergency",
        "class": "AMBULANCE STATION",
        "facility_name": "WOODS POINT AMBULANCE STATION",
        "facility_operationalstatus": "OPERATIONAL",
        "facility_address": null,
        "abs_suburb": "WOODS POINT",
        "facility_state": "VICTORIA",
        "abs_postcode": "3723",
        "facility_attribute_source": "HTTP://DATA.VIC.GOV.AU",
        "facility_attribute_date": null,
        "facility_source": "HTTP://DATA.VIC.GOV.AU",
        "facility_date": null,
        "facility_spatial_confidence": null,
        "facility_revised": "2018-06-06T00:00:00Z",
        "comment_": null,
        "facility_lat": "-37.56975599799995",
        "facility_long": "146.25653800300006",
        "validated": null,
        "gnaf_building_name": null,
        "gnaf_address_detail_pid": "GAVIC422285589",
        "gnaf_formatted_address": "11 COSTER STREET",
        "gnaf_confidence": "0",
        "gnaf_postcode": "3723",
        "gnaf_suburb": "WOODS POINT",
        "distance_to_gnaf": 0,
        "gnaf_lat": "-37.56975573999995",
        "gnaf_long": "146.25653753000006"
      },
      "geometry": {
        "type": "Point",
        "coordinates": [
          146.25654374435413,
          -37.56974292479487
        ]
      }
    },
    {
      "type": "Feature",
      "properties": {
        "objectid": 226,
        "featuretype": "EMERGENCY FACILITY",
        "descripton": "An emergency management facility from which a particular agency\u2019s resources are commanded, coordinated and assigned to an incident or emergency",
        "class": "AMBULANCE STATION",
        "facility_name": "HEMS4 AMBULANCE STATION",
        "facility_operationalstatus": "OPERATIONAL",
        "facility_address": null,
        "abs_suburb": "YARPTURK",
        "facility_state": "VICTORIA",
        "abs_postcode": "3283",
        "facility_attribute_source": "HTTP://DATA.VIC.GOV.AU",
        "facility_attribute_date": null,
        "facility_source": "HTTP://DATA.VIC.GOV.AU",
        "facility_date": null,
        "facility_spatial_confidence": null,
        "facility_revised": "2018-06-06T00:00:00Z",
        "comment_": null,
        "facility_lat": "-38.30066399599997",
        "facility_long": "142.4489909990001",
        "validated": null,
        "gnaf_building_name": "AERODROME",
        "gnaf_address_detail_pid": "GAVIC423223943",
        "gnaf_formatted_address": "146 MAILORS FLAT-KOROIT ROAD",
        "gnaf_confidence": "2",
        "gnaf_postcode": "3283",
        "gnaf_suburb": "YARPTURK",
        "distance_to_gnaf": 221,
        "gnaf_lat": "-38.30010312999997",
        "gnaf_long": "142.45141818000002"
      },
      "geometry": {
        "type": "Point",
        "coordinates": [
          142.44899732997632,
          -38.300650676598266
        ]
      }
    },
    {
      "type": "Feature",
      "properties": {
        "objectid": 227,
        "featuretype": "EMERGENCY FACILITY",
        "descripton": "An emergency management facility from which a particular agency\u2019s resources are commanded, coordinated and assigned to an incident or emergency",
        "class": "AMBULANCE STATION",
        "facility_name": "YARRA JUNCTION AMBULANCE STATION",
        "facility_operationalstatus": "OPERATIONAL",
        "facility_address": null,
        "abs_suburb": "YARRA JUNCTION",
        "facility_state": "VICTORIA",
        "abs_postcode": "3797",
        "facility_attribute_source": "HTTP://DATA.VIC.GOV.AU",
        "facility_attribute_date": null,
        "facility_source": "HTTP://DATA.VIC.GOV.AU",
        "facility_date": null,
        "facility_spatial_confidence": null,
        "facility_revised": "2018-06-06T00:00:00Z",
        "comment_": null,
        "facility_lat": "-37.782707003999974",
        "facility_long": "145.60911200300006",
        "validated": null,
        "gnaf_building_name": null,
        "gnaf_address_detail_pid": "GAVIC421401945",
        "gnaf_formatted_address": "34 YARRA STREET",
        "gnaf_confidence": "1",
        "gnaf_postcode": "3797",
        "gnaf_suburb": "YARRA JUNCTION",
        "distance_to_gnaf": 0,
        "gnaf_lat": "-37.78270662999995",
        "gnaf_long": "145.60911251000005"
      },
      "geometry": {
        "type": "Point",
        "coordinates": [
          145.6091178311943,
          -37.78269388531236
        ]
      }
    },
    {
      "type": "Feature",
      "properties": {
        "objectid": 228,
        "featuretype": "EMERGENCY FACILITY",
        "descripton": "An emergency management facility from which a particular agency\u2019s resources are commanded, coordinated and assigned to an incident or emergency",
        "class": "AMBULANCE STATION",
        "facility_name": "YARRAM AMBULANCE STATION",
        "facility_operationalstatus": "OPERATIONAL",
        "facility_address": null,
        "abs_suburb": "YARRAM",
        "facility_state": "VICTORIA",
        "abs_postcode": "3971",
        "facility_attribute_source": "HTTP://DATA.VIC.GOV.AU",
        "facility_attribute_date": null,
        "facility_source": "HTTP://DATA.VIC.GOV.AU",
        "facility_date": null,
        "facility_spatial_confidence": null,
        "facility_revised": "2018-06-06T00:00:00Z",
        "comment_": null,
        "facility_lat": "-38.56004699699997",
        "facility_long": "146.67638600100008",
        "validated": null,
        "gnaf_building_name": null,
        "gnaf_address_detail_pid": "GAVIC423211147",
        "gnaf_formatted_address": "134 COMMERCIAL ROAD",
        "gnaf_confidence": "0",
        "gnaf_postcode": "3971",
        "gnaf_suburb": "YARRAM",
        "distance_to_gnaf": 0,
        "gnaf_lat": "-38.56004599999994",
        "gnaf_long": "146.6763860000001"
      },
      "geometry": {
        "type": "Point",
        "coordinates": [
          146.67639155136823,
          -38.56003396122115
        ]
      }
    },
    {
      "type": "Feature",
      "properties": {
        "objectid": 229,
        "featuretype": "EMERGENCY FACILITY",
        "descripton": "An emergency management facility from which a particular agency\u2019s resources are commanded, coordinated and assigned to an incident or emergency",
        "class": "AMBULANCE STATION",
        "facility_name": "YARRAWONGA AMBULANCE STATION",
        "facility_operationalstatus": "OPERATIONAL",
        "facility_address": null,
        "abs_suburb": "YARRAWONGA",
        "facility_state": "VICTORIA",
        "abs_postcode": "3730",
        "facility_attribute_source": "HTTP://DATA.VIC.GOV.AU",
        "facility_attribute_date": null,
        "facility_source": "HTTP://DATA.VIC.GOV.AU",
        "facility_date": null,
        "facility_spatial_confidence": null,
        "facility_revised": "2018-06-06T00:00:00Z",
        "comment_": null,
        "facility_lat": "-36.02127799899995",
        "facility_long": "145.99525730300002",
        "validated": null,
        "gnaf_building_name": null,
        "gnaf_address_detail_pid": "GAVIC424486791",
        "gnaf_formatted_address": "27 BURLEY ROAD",
        "gnaf_confidence": "1",
        "gnaf_postcode": "3730",
        "gnaf_suburb": "YARRAWONGA",
        "distance_to_gnaf": 0,
        "gnaf_lat": "-36.02127832999997",
        "gnaf_long": "145.99525755000002"
      },
      "geometry": {
        "type": "Point",
        "coordinates": [
          145.99526326267065,
          -36.02126489680046
        ]
      }
    },
    {
      "type": "Feature",
      "properties": {
        "objectid": 230,
        "featuretype": "EMERGENCY FACILITY",
        "descripton": "An emergency management facility from which a particular agency\u2019s resources are commanded, coordinated and assigned to an incident or emergency",
        "class": "AMBULANCE STATION",
        "facility_name": "YEA AMBULANCE STATION",
        "facility_operationalstatus": "OPERATIONAL",
        "facility_address": null,
        "abs_suburb": "YEA",
        "facility_state": "VICTORIA",
        "abs_postcode": "3717",
        "facility_attribute_source": "HTTP://DATA.VIC.GOV.AU",
        "facility_attribute_date": null,
        "facility_source": "HTTP://DATA.VIC.GOV.AU",
        "facility_date": null,
        "facility_spatial_confidence": null,
        "facility_revised": "2018-06-06T00:00:00Z",
        "comment_": null,
        "facility_lat": "-37.21060699699996",
        "facility_long": "145.42344500500008",
        "validated": null,
        "gnaf_building_name": null,
        "gnaf_address_detail_pid": "GAVIC419764548",
        "gnaf_formatted_address": "25 SNODGRASS STREET",
        "gnaf_confidence": "1",
        "gnaf_postcode": "3717",
        "gnaf_suburb": "YEA",
        "distance_to_gnaf": 0,
        "gnaf_lat": "-37.210607409999966",
        "gnaf_long": "145.42344480000008"
      },
      "geometry": {
        "type": "Point",
        "coordinates": [
          145.42345092857926,
          -37.21059386162072
        ]
      }
    },
    {
      "type": "Feature",
      "properties": {
        "objectid": 231,
        "featuretype": "EMERGENCY FACILITY",
        "descripton": "An emergency management facility from which a particular agency\u2019s resources are commanded, coordinated and assigned to an incident or emergency",
        "class": "AMBULANCE STATION",
        "facility_name": "BENALLA AMBULANCE STATION",
        "facility_operationalstatus": "OPERATIONAL",
        "facility_address": null,
        "abs_suburb": "BENALLA",
        "facility_state": "VICTORIA",
        "abs_postcode": "3672",
        "facility_attribute_source": "HTTP://DATA.VIC.GOV.AU",
        "facility_attribute_date": null,
        "facility_source": "HTTP://DATA.VIC.GOV.AU",
        "facility_date": null,
        "facility_spatial_confidence": null,
        "facility_revised": "2018-06-06T00:00:00Z",
        "comment_": "NO GNAF POINT",
        "facility_lat": "-36.55056990799994",
        "facility_long": "145.9894839540001",
        "validated": null,
        "gnaf_building_name": null,
        "gnaf_address_detail_pid": null,
        "gnaf_formatted_address": null,
        "gnaf_confidence": null,
        "gnaf_postcode": null,
        "gnaf_suburb": null,
        "distance_to_gnaf": null,
        "gnaf_lat": null,
        "gnaf_long": null
      },
      "geometry": {
        "type": "Point",
        "coordinates": [
          145.98948985606873,
          -36.55055680880637
        ]
      }
    },
    {
      "type": "Feature",
      "properties": {
        "objectid": 232,
        "featuretype": "EMERGENCY FACILITY",
        "descripton": "An emergency management facility from which a particular agency\u2019s resources are commanded, coordinated and assigned to an incident or emergency",
        "class": "AMBULANCE STATION",
        "facility_name": "CHILTERN AMBULANCE STATION",
        "facility_operationalstatus": "OPERATIONAL",
        "facility_address": null,
        "abs_suburb": "CHILTERN",
        "facility_state": "VICTORIA",
        "abs_postcode": "3683",
        "facility_attribute_source": "HTTP://DATA.VIC.GOV.AU",
        "facility_attribute_date": null,
        "facility_source": "HTTP://DATA.VIC.GOV.AU",
        "facility_date": null,
        "facility_spatial_confidence": null,
        "facility_revised": "2018-06-06T00:00:00Z",
        "comment_": "NO GNAF POINT",
        "facility_lat": "-36.15120565799998",
        "facility_long": "146.60934854100003",
        "validated": null,
        "gnaf_building_name": null,
        "gnaf_address_detail_pid": null,
        "gnaf_formatted_address": null,
        "gnaf_confidence": null,
        "gnaf_postcode": null,
        "gnaf_suburb": null,
        "distance_to_gnaf": null,
        "gnaf_lat": null,
        "gnaf_long": null
      },
      "geometry": {
        "type": "Point",
        "coordinates": [
          146.60935438703368,
          -36.15119260193653
        ]
      }
    },
    {
      "type": "Feature",
      "properties": {
        "objectid": 233,
        "featuretype": "EMERGENCY FACILITY",
        "descripton": "An emergency management facility from which a particular agency\u2019s resources are commanded, coordinated and assigned to an incident or emergency",
        "class": "AMBULANCE STATION",
        "facility_name": "HEMS3 AMBULANCE STATION",
        "facility_operationalstatus": "OPERATIONAL",
        "facility_address": null,
        "abs_suburb": "EAST BENDIGO",
        "facility_state": "VICTORIA",
        "abs_postcode": "3550",
        "facility_attribute_source": "HTTP://DATA.VIC.GOV.AU",
        "facility_attribute_date": null,
        "facility_source": "HTTP://DATA.VIC.GOV.AU",
        "facility_date": null,
        "facility_spatial_confidence": null,
        "facility_revised": "2018-06-06T00:00:00Z",
        "comment_": "NO GNAF POINT",
        "facility_lat": "-36.74010190299998",
        "facility_long": "144.32456259600008",
        "validated": null,
        "gnaf_building_name": null,
        "gnaf_address_detail_pid": null,
        "gnaf_formatted_address": null,
        "gnaf_confidence": null,
        "gnaf_postcode": null,
        "gnaf_suburb": null,
        "distance_to_gnaf": null,
        "gnaf_lat": null,
        "gnaf_long": null
      },
      "geometry": {
        "type": "Point",
        "coordinates": [
          144.32456875421275,
          -36.74008868998119
        ]
      }
    },
    {
      "type": "Feature",
      "properties": {
        "objectid": 234,
        "featuretype": "EMERGENCY FACILITY",
        "descripton": "An emergency management facility from which a particular agency\u2019s resources are commanded, coordinated and assigned to an incident or emergency",
        "class": "AMBULANCE STATION",
        "facility_name": "KYNETON AMBULANCE STATION",
        "facility_operationalstatus": "OPERATIONAL",
        "facility_address": null,
        "abs_suburb": "KYNETON",
        "facility_state": "VICTORIA",
        "abs_postcode": "3444",
        "facility_attribute_source": "HTTP://DATA.VIC.GOV.AU",
        "facility_attribute_date": null,
        "facility_source": "HTTP://DATA.VIC.GOV.AU",
        "facility_date": null,
        "facility_spatial_confidence": null,
        "facility_revised": "2018-06-06T00:00:00Z",
        "comment_": "NO GNAF POINT",
        "facility_lat": "-37.25440200299994",
        "facility_long": "144.46918500300012",
        "validated": null,
        "gnaf_building_name": null,
        "gnaf_address_detail_pid": null,
        "gnaf_formatted_address": null,
        "gnaf_confidence": null,
        "gnaf_postcode": null,
        "gnaf_suburb": null,
        "distance_to_gnaf": null,
        "gnaf_lat": null,
        "gnaf_long": null
      },
      "geometry": {
        "type": "Point",
        "coordinates": [
          144.46919108403023,
          -37.25438880276173
        ]
      }
    },
    {
      "type": "Feature",
      "properties": {
        "objectid": 235,
        "featuretype": "EMERGENCY FACILITY",
        "descripton": "An emergency management facility from which a particular agency\u2019s resources are commanded, coordinated and assigned to an incident or emergency",
        "class": "AMBULANCE STATION",
        "facility_name": "TARNEIT AMBULANCE STATION",
        "facility_operationalstatus": "OPERATIONAL",
        "facility_address": null,
        "abs_suburb": "TARNEIT",
        "facility_state": "VICTORIA",
        "abs_postcode": "3029",
        "facility_attribute_source": "HTTP://DATA.VIC.GOV.AU",
        "facility_attribute_date": null,
        "facility_source": "HTTP://DATA.VIC.GOV.AU",
        "facility_date": null,
        "facility_spatial_confidence": null,
        "facility_revised": "2018-06-06T00:00:00Z",
        "comment_": "NO GNAF POINT",
        "facility_lat": "-37.85268447699997",
        "facility_long": "144.66735048200007",
        "validated": null,
        "gnaf_building_name": null,
        "gnaf_address_detail_pid": null,
        "gnaf_formatted_address": null,
        "gnaf_confidence": null,
        "gnaf_postcode": null,
        "gnaf_suburb": null,
        "distance_to_gnaf": null,
        "gnaf_lat": null,
        "gnaf_long": null
      },
      "geometry": {
        "type": "Point",
        "coordinates": [
          144.6673564659012,
          -37.852671293701526
        ]
      }
    },
    {
      "type": "Feature",
      "properties": {
        "objectid": 257,
        "featuretype": "EMERGENCY FACILITY",
        "descripton": "An emergency management facility from which a particular agency\u2019s resources are commanded, coordinated and assigned to an incident or emergency",
        "class": "AMBULANCE STATION",
        "facility_name": "KNOX AMBULANCE STATION",
        "facility_operationalstatus": "OPERATIONAL",
        "facility_address": null,
        "abs_suburb": "WANTIRNA",
        "facility_state": "VICTORIA",
        "abs_postcode": "3152",
        "facility_attribute_source": "HTTP://DATA.VIC.GOV.AU",
        "facility_attribute_date": null,
        "facility_source": "HTTP://DATA.VIC.GOV.AU",
        "facility_date": null,
        "facility_spatial_confidence": null,
        "facility_revised": "2018-06-06T00:00:00Z",
        "comment_": null,
        "facility_lat": "-37.85900799799998",
        "facility_long": "145.2108760010001",
        "validated": null,
        "gnaf_building_name": null,
        "gnaf_address_detail_pid": "GAVIC424625348",
        "gnaf_formatted_address": "20 MOUNTAIN HIGHWAY",
        "gnaf_confidence": "1",
        "gnaf_postcode": "3152",
        "gnaf_suburb": "WANTIRNA",
        "distance_to_gnaf": 0,
        "gnaf_lat": "-37.85900874999993",
        "gnaf_long": "145.21087634000003"
      },
      "geometry": {
        "type": "Point",
        "coordinates": [
          145.21088188967636,
          -37.85899485183813
        ]
      }
    },
    {
      "type": "Feature",
      "properties": {
        "objectid": 258,
        "featuretype": "EMERGENCY FACILITY",
        "descripton": "An emergency management facility from which a particular agency\u2019s resources are commanded, coordinated and assigned to an incident or emergency",
        "class": "AMBULANCE STATION",
        "facility_name": "WARRACKNABEAL AMBULANCE STATION",
        "facility_operationalstatus": "OPERATIONAL",
        "facility_address": null,
        "abs_suburb": "WARRACKNABEAL",
        "facility_state": "VICTORIA",
        "abs_postcode": "3393",
        "facility_attribute_source": "HTTP://DATA.VIC.GOV.AU",
        "facility_attribute_date": null,
        "facility_source": "HTTP://DATA.VIC.GOV.AU",
        "facility_date": null,
        "facility_spatial_confidence": null,
        "facility_revised": "2018-06-06T00:00:00Z",
        "comment_": null,
        "facility_lat": "-36.25364999799996",
        "facility_long": "142.4018620050001",
        "validated": null,
        "gnaf_building_name": null,
        "gnaf_address_detail_pid": "GAVIC412599193",
        "gnaf_formatted_address": "87 LYLE STREET",
        "gnaf_confidence": "2",
        "gnaf_postcode": "3393",
        "gnaf_suburb": "WARRACKNABEAL",
        "distance_to_gnaf": 0,
        "gnaf_lat": "-36.25364973999996",
        "gnaf_long": "142.40186186000005"
      },
      "geometry": {
        "type": "Point",
        "coordinates": [
          142.4018685296448,
          -36.25363666326863
        ]
      }
    },
    {
      "type": "Feature",
      "properties": {
        "objectid": 259,
        "featuretype": "EMERGENCY FACILITY",
        "descripton": "An emergency management facility from which a particular agency\u2019s resources are commanded, coordinated and assigned to an incident or emergency",
        "class": "AMBULANCE STATION",
        "facility_name": "WARRAGUL AMBULANCE STATION",
        "facility_operationalstatus": "OPERATIONAL",
        "facility_address": null,
        "abs_suburb": "WARRAGUL",
        "facility_state": "VICTORIA",
        "abs_postcode": "3820",
        "facility_attribute_source": "HTTP://DATA.VIC.GOV.AU",
        "facility_attribute_date": null,
        "facility_source": "HTTP://DATA.VIC.GOV.AU",
        "facility_date": null,
        "facility_spatial_confidence": null,
        "facility_revised": "2018-06-06T00:00:00Z",
        "comment_": null,
        "facility_lat": "-38.166804998999964",
        "facility_long": "145.94200900500005",
        "validated": null,
        "gnaf_building_name": null,
        "gnaf_address_detail_pid": "GAVIC423929256",
        "gnaf_formatted_address": "162 QUEEN STREET",
        "gnaf_confidence": "1",
        "gnaf_postcode": "3820",
        "gnaf_suburb": "WARRAGUL",
        "distance_to_gnaf": 0,
        "gnaf_lat": "-38.16680508999997",
        "gnaf_long": "145.9420095900001"
      },
      "geometry": {
        "type": "Point",
        "coordinates": [
          145.94201473137298,
          -38.16679190655459
        ]
      }
    },
    {
      "type": "Feature",
      "properties": {
        "objectid": 260,
        "featuretype": "EMERGENCY FACILITY",
        "descripton": "An emergency management facility from which a particular agency\u2019s resources are commanded, coordinated and assigned to an incident or emergency",
        "class": "AMBULANCE STATION",
        "facility_name": "WARRNAMBOOL AMBULANCE STATION",
        "facility_operationalstatus": "OPERATIONAL",
        "facility_address": null,
        "abs_suburb": "WARRNAMBOOL",
        "facility_state": "VICTORIA",
        "abs_postcode": "3280",
        "facility_attribute_source": "HTTP://DATA.VIC.GOV.AU",
        "facility_attribute_date": null,
        "facility_source": "HTTP://DATA.VIC.GOV.AU",
        "facility_date": null,
        "facility_spatial_confidence": null,
        "facility_revised": "2018-06-06T00:00:00Z",
        "comment_": null,
        "facility_lat": "-38.37587810499997",
        "facility_long": "142.48050185800003",
        "validated": null,
        "gnaf_building_name": null,
        "gnaf_address_detail_pid": "GAVIC420853210",
        "gnaf_formatted_address": "1 KING STREET",
        "gnaf_confidence": "2",
        "gnaf_postcode": "3280",
        "gnaf_suburb": "WARRNAMBOOL",
        "distance_to_gnaf": 0,
        "gnaf_lat": "-38.375879089999955",
        "gnaf_long": "142.48050119000004"
      },
      "geometry": {
        "type": "Point",
        "coordinates": [
          142.48050817628177,
          -38.3758647878792
        ]
      }
    },
    {
      "type": "Feature",
      "properties": {
        "objectid": 261,
        "featuretype": "EMERGENCY FACILITY",
        "descripton": "An emergency management facility from which a particular agency\u2019s resources are commanded, coordinated and assigned to an incident or emergency",
        "class": "AMBULANCE STATION",
        "facility_name": "WEDDERBURN AMBULANCE STATION",
        "facility_operationalstatus": "OPERATIONAL",
        "facility_address": null,
        "abs_suburb": "WEDDERBURN",
        "facility_state": "VICTORIA",
        "abs_postcode": "3518",
        "facility_attribute_source": "HTTP://DATA.VIC.GOV.AU",
        "facility_attribute_date": null,
        "facility_source": "HTTP://DATA.VIC.GOV.AU",
        "facility_date": null,
        "facility_spatial_confidence": null,
        "facility_revised": "2018-06-06T00:00:00Z",
        "comment_": null,
        "facility_lat": "-36.42019028699997",
        "facility_long": "143.6127840690001",
        "validated": null,
        "gnaf_building_name": null,
        "gnaf_address_detail_pid": "GAVIC420585738",
        "gnaf_formatted_address": "8 KERR STREET",
        "gnaf_confidence": "2",
        "gnaf_postcode": "3518",
        "gnaf_suburb": "WEDDERBURN",
        "distance_to_gnaf": 0,
        "gnaf_lat": "-36.42019062999998",
        "gnaf_long": "143.61278375000006"
      },
      "geometry": {
        "type": "Point",
        "coordinates": [
          143.61279037740388,
          -36.420177026251054
        ]
      }
    },
    {
      "type": "Feature",
      "properties": {
        "objectid": 262,
        "featuretype": "EMERGENCY FACILITY",
        "descripton": "An emergency management facility from which a particular agency\u2019s resources are commanded, coordinated and assigned to an incident or emergency",
        "class": "AMBULANCE STATION",
        "facility_name": "WENDOUREE AMBULANCE STATION",
        "facility_operationalstatus": "OPERATIONAL",
        "facility_address": null,
        "abs_suburb": "WENDOUREE",
        "facility_state": "VICTORIA",
        "abs_postcode": "3355",
        "facility_attribute_source": "HTTP://DATA.VIC.GOV.AU",
        "facility_attribute_date": null,
        "facility_source": "HTTP://DATA.VIC.GOV.AU",
        "facility_date": null,
        "facility_spatial_confidence": null,
        "facility_revised": "2018-06-06T00:00:00Z",
        "comment_": null,
        "facility_lat": "-37.53612181699998",
        "facility_long": "143.8135697900001",
        "validated": null,
        "gnaf_building_name": null,
        "gnaf_address_detail_pid": "GAVIC424255453",
        "gnaf_formatted_address": "UNIT 7 26 GRANDLEE DRIVE",
        "gnaf_confidence": "1",
        "gnaf_postcode": "3355",
        "gnaf_suburb": "WENDOUREE",
        "distance_to_gnaf": 0,
        "gnaf_lat": "-37.536121829999956",
        "gnaf_long": "143.81356958000003"
      },
      "geometry": {
        "type": "Point",
        "coordinates": [
          143.8135759548528,
          -37.536108575927166
        ]
      }
    },
    {
      "type": "Feature",
      "properties": {
        "objectid": 263,
        "featuretype": "EMERGENCY FACILITY",
        "descripton": "An emergency management facility from which a particular agency\u2019s resources are commanded, coordinated and assigned to an incident or emergency",
        "class": "AMBULANCE STATION",
        "facility_name": "MANOR LAKES AMBULANCE STATION",
        "facility_operationalstatus": "OPERATIONAL",
        "facility_address": null,
        "abs_suburb": "WERRIBEE",
        "facility_state": "VICTORIA",
        "abs_postcode": "3030",
        "facility_attribute_source": "HTTP://DATA.VIC.GOV.AU",
        "facility_attribute_date": null,
        "facility_source": "HTTP://DATA.VIC.GOV.AU",
        "facility_date": null,
        "facility_spatial_confidence": null,
        "facility_revised": "2018-06-06T00:00:00Z",
        "comment_": null,
        "facility_lat": "-37.90280976499997",
        "facility_long": "144.66080656000008",
        "validated": null,
        "gnaf_building_name": null,
        "gnaf_address_detail_pid": "GAVIC423441727",
        "gnaf_formatted_address": "2 BRIDGE STREET",
        "gnaf_confidence": "1",
        "gnaf_postcode": "3030",
        "gnaf_suburb": "WERRIBEE",
        "distance_to_gnaf": 0,
        "gnaf_lat": "-37.90280962999998",
        "gnaf_long": "144.66080641000008"
      },
      "geometry": {
        "type": "Point",
        "coordinates": [
          144.66081253968656,
          -37.902796581571444
        ]
      }
    },
    {
      "type": "Feature",
      "properties": {
        "objectid": 264,
        "featuretype": "EMERGENCY FACILITY",
        "descripton": "An emergency management facility from which a particular agency\u2019s resources are commanded, coordinated and assigned to an incident or emergency",
        "class": "AMBULANCE STATION",
        "facility_name": "WERRIBEE AMBULANCE STATION",
        "facility_operationalstatus": "OPERATIONAL",
        "facility_address": null,
        "abs_suburb": "WERRIBEE",
        "facility_state": "VICTORIA",
        "abs_postcode": "3030",
        "facility_attribute_source": "HTTP://DATA.VIC.GOV.AU",
        "facility_attribute_date": null,
        "facility_source": "HTTP://DATA.VIC.GOV.AU",
        "facility_date": null,
        "facility_spatial_confidence": null,
        "facility_revised": "2018-06-06T00:00:00Z",
        "comment_": null,
        "facility_lat": "-37.91018113399997",
        "facility_long": "144.66259383500005",
        "validated": null,
        "gnaf_building_name": null,
        "gnaf_address_detail_pid": "GAVIC419610398",
        "gnaf_formatted_address": "35 RUSSELL STREET",
        "gnaf_confidence": "2",
        "gnaf_postcode": "3030",
        "gnaf_suburb": "WERRIBEE",
        "distance_to_gnaf": 0,
        "gnaf_lat": "-37.91017999999997",
        "gnaf_long": "144.66259300000002"
      },
      "geometry": {
        "type": "Point",
        "coordinates": [
          144.6625998135865,
          -37.91016795073685
        ]
      }
    },
    {
      "type": "Feature",
      "properties": {
        "objectid": 273,
        "featuretype": "EMERGENCY FACILITY",
        "descripton": "An emergency management facility from which a particular agency\u2019s resources are commanded, coordinated and assigned to an incident or emergency",
        "class": "AMBULANCE STATION",
        "facility_name": "WEST MELBOURNE AMBULANCE STATION",
        "facility_operationalstatus": "OPERATIONAL",
        "facility_address": null,
        "abs_suburb": "WEST MELBOURNE",
        "facility_state": "VICTORIA",
        "abs_postcode": "3003",
        "facility_attribute_source": "HTTP://DATA.VIC.GOV.AU",
        "facility_attribute_date": null,
        "facility_source": "HTTP://DATA.VIC.GOV.AU",
        "facility_date": null,
        "facility_spatial_confidence": null,
        "facility_revised": "2018-06-06T00:00:00Z",
        "comment_": null,
        "facility_lat": "-37.80839699899997",
        "facility_long": "144.94661899900007",
        "validated": null,
        "gnaf_building_name": null,
        "gnaf_address_detail_pid": "GAVIC419868722",
        "gnaf_formatted_address": "160 RODEN STREET",
        "gnaf_confidence": "1",
        "gnaf_postcode": "3003",
        "gnaf_suburb": "WEST MELBOURNE",
        "distance_to_gnaf": 0,
        "gnaf_lat": "-37.80839740999994",
        "gnaf_long": "144.94661857000006"
      },
      "geometry": {
        "type": "Point",
        "coordinates": [
          144.94662493910343,
          -37.8083838343373
        ]
      }
    },
    {
      "type": "Feature",
      "properties": {
        "objectid": 274,
        "featuretype": "EMERGENCY FACILITY",
        "descripton": "An emergency management facility from which a particular agency\u2019s resources are commanded, coordinated and assigned to an incident or emergency",
        "class": "AMBULANCE STATION",
        "facility_name": "WEST WODONGA AMBULANCE STATION",
        "facility_operationalstatus": "OPERATIONAL",
        "facility_address": null,
        "abs_suburb": "WEST WODONGA",
        "facility_state": "VICTORIA",
        "abs_postcode": "3690",
        "facility_attribute_source": "HTTP://DATA.VIC.GOV.AU",
        "facility_attribute_date": null,
        "facility_source": "HTTP://DATA.VIC.GOV.AU",
        "facility_date": null,
        "facility_spatial_confidence": null,
        "facility_revised": "2018-06-06T00:00:00Z",
        "comment_": null,
        "facility_lat": "-36.13225401899996",
        "facility_long": "146.8391233870001",
        "validated": null,
        "gnaf_building_name": null,
        "gnaf_address_detail_pid": "GAVIC421071981",
        "gnaf_formatted_address": "1 MCGAFFINS ROAD",
        "gnaf_confidence": "1",
        "gnaf_postcode": "3690",
        "gnaf_suburb": "WEST WODONGA",
        "distance_to_gnaf": 5,
        "gnaf_lat": "-36.13220752999996",
        "gnaf_long": "146.8391426500001"
      },
      "geometry": {
        "type": "Point",
        "coordinates": [
          146.83912919814787,
          -36.1322409801541
        ]
      }
    },
    {
      "type": "Feature",
      "properties": {
        "objectid": 275,
        "featuretype": "EMERGENCY FACILITY",
        "descripton": "An emergency management facility from which a particular agency\u2019s resources are commanded, coordinated and assigned to an incident or emergency",
        "class": "AMBULANCE STATION",
        "facility_name": "NORTH WEST SRC AMBULANCE STATION",
        "facility_operationalstatus": "OPERATIONAL",
        "facility_address": null,
        "abs_suburb": "WESTMEADOWS",
        "facility_state": "VICTORIA",
        "abs_postcode": "3049",
        "facility_attribute_source": "HTTP://DATA.VIC.GOV.AU",
        "facility_attribute_date": null,
        "facility_source": "HTTP://DATA.VIC.GOV.AU",
        "facility_date": null,
        "facility_spatial_confidence": null,
        "facility_revised": "2018-06-06T00:00:00Z",
        "comment_": null,
        "facility_lat": "-37.68283532999993",
        "facility_long": "144.87804361200006",
        "validated": null,
        "gnaf_building_name": null,
        "gnaf_address_detail_pid": "GAVIC420336222",
        "gnaf_formatted_address": "21-29 GLOBAL DRIVE",
        "gnaf_confidence": "1",
        "gnaf_postcode": "3049",
        "gnaf_suburb": "WESTMEADOWS",
        "distance_to_gnaf": 0,
        "gnaf_lat": "-37.68283502999998",
        "gnaf_long": "144.87804340000002"
      },
      "geometry": {
        "type": "Point",
        "coordinates": [
          144.87804957755247,
          -37.682822159886165
        ]
      }
    },
    {
      "type": "Feature",
      "properties": {
        "objectid": 276,
        "featuretype": "EMERGENCY FACILITY",
        "descripton": "An emergency management facility from which a particular agency\u2019s resources are commanded, coordinated and assigned to an incident or emergency",
        "class": "AMBULANCE STATION",
        "facility_name": "TULLAMARINE AMBULANCE STATION",
        "facility_operationalstatus": "OPERATIONAL",
        "facility_address": null,
        "abs_suburb": "WESTMEADOWS",
        "facility_state": "VICTORIA",
        "abs_postcode": "3049",
        "facility_attribute_source": "HTTP://DATA.VIC.GOV.AU",
        "facility_attribute_date": null,
        "facility_source": "HTTP://DATA.VIC.GOV.AU",
        "facility_date": null,
        "facility_spatial_confidence": null,
        "facility_revised": "2018-06-06T00:00:00Z",
        "comment_": null,
        "facility_lat": "-37.68444200199997",
        "facility_long": "144.882155",
        "validated": null,
        "gnaf_building_name": null,
        "gnaf_address_detail_pid": "GAVIC421838514",
        "gnaf_formatted_address": "1 WESTERN AVENUE",
        "gnaf_confidence": "2",
        "gnaf_postcode": "3049",
        "gnaf_suburb": "WESTMEADOWS",
        "distance_to_gnaf": 0,
        "gnaf_lat": "-37.684442719999936",
        "gnaf_long": "144.8821544100001"
      },
      "geometry": {
        "type": "Point",
        "coordinates": [
          144.8821609646687,
          -37.68442883217577
        ]
      }
    },
    {
      "type": "Feature",
      "properties": {
        "objectid": 277,
        "featuretype": "EMERGENCY FACILITY",
        "descripton": "An emergency management facility from which a particular agency\u2019s resources are commanded, coordinated and assigned to an incident or emergency",
        "class": "AMBULANCE STATION",
        "facility_name": "WHITTLESEA AMBULANCE STATION",
        "facility_operationalstatus": "OPERATIONAL",
        "facility_address": null,
        "abs_suburb": "WHITTLESEA",
        "facility_state": "VICTORIA",
        "abs_postcode": "3757",
        "facility_attribute_source": "HTTP://DATA.VIC.GOV.AU",
        "facility_attribute_date": null,
        "facility_source": "HTTP://DATA.VIC.GOV.AU",
        "facility_date": null,
        "facility_spatial_confidence": null,
        "facility_revised": "2018-06-06T00:00:00Z",
        "comment_": null,
        "facility_lat": "-37.518246002999945",
        "facility_long": "145.11410700600004",
        "validated": null,
        "gnaf_building_name": null,
        "gnaf_address_detail_pid": "GAVIC422182186",
        "gnaf_formatted_address": "2394 PLENTY ROAD",
        "gnaf_confidence": "0",
        "gnaf_postcode": "3757",
        "gnaf_suburb": "WHITTLESEA",
        "distance_to_gnaf": 0,
        "gnaf_lat": "-37.518245639999975",
        "gnaf_long": "145.1141078500001"
      },
      "geometry": {
        "type": "Point",
        "coordinates": [
          145.11411294870078,
          -37.518232848026216
        ]
      }
    },
    {
      "type": "Feature",
      "properties": {
        "objectid": 278,
        "featuretype": "EMERGENCY FACILITY",
        "descripton": "An emergency management facility from which a particular agency\u2019s resources are commanded, coordinated and assigned to an incident or emergency",
        "class": "AMBULANCE STATION",
        "facility_name": "WODONGA AMBULANCE STATION",
        "facility_operationalstatus": "OPERATIONAL",
        "facility_address": null,
        "abs_suburb": "WODONGA",
        "facility_state": "VICTORIA",
        "abs_postcode": "3690",
        "facility_attribute_source": "HTTP://DATA.VIC.GOV.AU",
        "facility_attribute_date": null,
        "facility_source": "HTTP://DATA.VIC.GOV.AU",
        "facility_date": null,
        "facility_spatial_confidence": null,
        "facility_revised": "2018-06-06T00:00:00Z",
        "comment_": null,
        "facility_lat": "-36.11807525099994",
        "facility_long": "146.88615500600008",
        "validated": null,
        "gnaf_building_name": null,
        "gnaf_address_detail_pid": "GAVIC420891520",
        "gnaf_formatted_address": "31 SOUTH STREET",
        "gnaf_confidence": "0",
        "gnaf_postcode": "3690",
        "gnaf_suburb": "WODONGA",
        "distance_to_gnaf": 9,
        "gnaf_lat": "-36.11806095999998",
        "gnaf_long": "146.88605365000012"
      },
      "geometry": {
        "type": "Point",
        "coordinates": [
          146.88616081121157,
          -36.11806221563742
        ]
      }
    },
    {
      "type": "Feature",
      "properties": {
        "objectid": 279,
        "featuretype": "EMERGENCY FACILITY",
        "descripton": "An emergency management facility from which a particular agency\u2019s resources are commanded, coordinated and assigned to an incident or emergency",
        "class": "AMBULANCE STATION",
        "facility_name": "WONTHAGGI AMBULANCE STATION",
        "facility_operationalstatus": "OPERATIONAL",
        "facility_address": null,
        "abs_suburb": "WONTHAGGI",
        "facility_state": "VICTORIA",
        "abs_postcode": "3995",
        "facility_attribute_source": "HTTP://DATA.VIC.GOV.AU",
        "facility_attribute_date": null,
        "facility_source": "HTTP://DATA.VIC.GOV.AU",
        "facility_date": null,
        "facility_spatial_confidence": null,
        "facility_revised": "2018-06-06T00:00:00Z",
        "comment_": null,
        "facility_lat": "-38.597748999999965",
        "facility_long": "145.59267299900011",
        "validated": null,
        "gnaf_building_name": null,
        "gnaf_address_detail_pid": "GAVIC421804001",
        "gnaf_formatted_address": "118 MCKENZIE STREET",
        "gnaf_confidence": "2",
        "gnaf_postcode": "3995",
        "gnaf_suburb": "WONTHAGGI",
        "distance_to_gnaf": 0,
        "gnaf_lat": "-38.59774864999997",
        "gnaf_long": "145.59267291000003"
      },
      "geometry": {
        "type": "Point",
        "coordinates": [
          145.59267873720609,
          -38.59773588516375
        ]
      }
    },
    {
      "type": "Feature",
      "properties": {
        "objectid": 280,
        "featuretype": "EMERGENCY FACILITY",
        "descripton": "An emergency management facility from which a particular agency\u2019s resources are commanded, coordinated and assigned to an incident or emergency",
        "class": "AMBULANCE STATION",
        "facility_name": "WOODEND AMBULANCE STATION",
        "facility_operationalstatus": "OPERATIONAL",
        "facility_address": null,
        "abs_suburb": "WOODEND",
        "facility_state": "VICTORIA",
        "abs_postcode": "3442",
        "facility_attribute_source": "HTTP://DATA.VIC.GOV.AU",
        "facility_attribute_date": null,
        "facility_source": "HTTP://DATA.VIC.GOV.AU",
        "facility_date": null,
        "facility_spatial_confidence": null,
        "facility_revised": "2018-06-06T00:00:00Z",
        "comment_": null,
        "facility_lat": "-37.356551999999965",
        "facility_long": "144.53018299500002",
        "validated": null,
        "gnaf_building_name": null,
        "gnaf_address_detail_pid": "GAVIC420256108",
        "gnaf_formatted_address": "4 NICHOLSON STREET",
        "gnaf_confidence": "2",
        "gnaf_postcode": "3442",
        "gnaf_suburb": "WOODEND",
        "distance_to_gnaf": 4,
        "gnaf_lat": "-37.35655184999996",
        "gnaf_long": "144.53022979000002"
      },
      "geometry": {
        "type": "Point",
        "coordinates": [
          144.53018905497814,
          -37.356538804452164
        ]
      }
    }
  ]
}