{"type":"FeatureCollection","crs":{"type":"name","properties":{"name":"EPSG:4326"}},"metadata": {"source": "CFA (Country Fire Authority) brigade buildings — Vicmap Features of Interest (VMFEAT.GEOMARK_POINT)", "source_url": "https://discover.data.vic.gov.au/dataset/cfa-fire-station-vmfeat-geomark_point", "licence": "Creative Commons Attribution 4.0 International (CC BY 4.0)", "licence_url": "https://creativecommons.org/licenses/by/4.0/", "description": "CFA brigade building point locations across Victoria. 1,291 features."}, "features":[{"type":"Feature","id":1,"geometry":{"type":"Point","coordinates":[144.747000271958,-37.4144457669467]},"properties":{"distrct_no":"02","distrct_label":"District 2","distrct_phone_no":"03 5430 2200","brig_name":"Bolinda & Monegeetta","fs_name":"Bolinda & Monegeetta","fs_type":"main","street":"1675 Kilmore Road","suburb":"Monegeetta","pcode":"3433","grp_name":"Romsey","label":"Bolinda & Monegeetta","site_oc_id":18372,"ESRI_OID":1}},{"type":"Feature","id":2,"geometry":{"type":"Point","coordinates":[144.518700122068,-37.4849116068371]},"properties":{"distrct_no":"02","distrct_label":"District 2","distrct_phone_no":"03 5430 2200","brig_name":"Bullengarook","fs_name":"Bullengarook","fs_type":"main","street":"695 Bacchus Marsh Road","suburb":"Bullengarook","pcode":"3437","grp_name":"Mount Macedon","label":"Bullengarook","site_oc_id":18373,"ESRI_OID":2}},{"type":"Feature","id":3,"geometry":{"type":"Point","coordinates":[144.748982801994,-37.4832452469089]},"properties":{"distrct_no":"02","distrct_label":"District 2","distrct_phone_no":"03 5430 2200","brig_name":"Clarkefield & District","fs_name":"Clarkefield & District","fs_type":"main","street":"29 Station Street","suburb":"Clarkefield","pcode":"3430","grp_name":"Romsey","label":"Clarkefield & District","site_oc_id":18374,"ESRI_OID":3}},{"type":"Feature","id":4,"geometry":{"type":"Point","coordinates":[144.893297001906,-37.4050059969972]},"properties":{"distrct_no":"02","distrct_label":"District 2","distrct_phone_no":"03 5430 2200","brig_name":"Darraweit Guim","fs_name":"Darraweit Guim","fs_type":"main","street":"37 Francis Lane","suburb":"Darraweit Guim","pcode":"3756","grp_name":"Romsey","label":"Darraweit Guim","site_oc_id":18377,"ESRI_OID":4}},{"type":"Feature","id":5,"geometry":{"type":"Point","coordinates":[144.620650661962,-37.3471850269453]},"properties":{"distrct_no":"02","distrct_label":"District 2","distrct_phone_no":"03 5430 2200","brig_name":"Hesket-Kerrie","fs_name":"Hesket-Kerrie","fs_type":"main","street":"4 Kings Lane","suburb":"Hesket","pcode":"3442","grp_name":"Mount Macedon","label":"Hesket-Kerrie","site_oc_id":18378,"ESRI_OID":5}},{"type":"Feature","id":6,"geometry":{"type":"Point","coordinates":[144.735372941888,-37.2782262970194]},"properties":{"distrct_no":"02","distrct_label":"District 2","distrct_phone_no":"03 5430 2200","brig_name":"Lancefield","fs_name":"Lancefield","fs_type":"main","street":"2b The Crescent","suburb":"Lancefield","pcode":"3435","grp_name":"Romsey","label":"Lancefield","site_oc_id":18380,"ESRI_OID":6}},{"type":"Feature","id":7,"geometry":{"type":"Point","coordinates":[144.562189802021,-37.4231043368849]},"properties":{"distrct_no":"02","distrct_label":"District 2","distrct_phone_no":"03 5430 2200","brig_name":"Macedon","fs_name":"Macedon","fs_type":"main","street":"3 Victoria Street","suburb":"Macedon","pcode":"3440","grp_name":"Mount Macedon","label":"Macedon","site_oc_id":18381,"ESRI_OID":7}},{"type":"Feature","id":8,"geometry":{"type":"Point","coordinates":[144.592747811952,-37.3124519669561]},"properties":{"distrct_no":"02","distrct_label":"District 2","distrct_phone_no":"03 5430 2200","brig_name":"Newham","fs_name":"Newham","fs_type":"main","street":"1293 Rochford Road","suburb":"Newham","pcode":"3442","grp_name":"Mount Macedon","label":"Newham","site_oc_id":18385,"ESRI_OID":8}},{"type":"Feature","id":9,"geometry":{"type":"Point","coordinates":[144.678584422005,-37.4616621068992]},"properties":{"distrct_no":"02","distrct_label":"District 2","distrct_phone_no":"03 5430 2200","brig_name":"Riddells Creek","fs_name":"Riddells Creek","fs_type":"main","street":"67 Main Road","suburb":"Riddells Creek","pcode":"3431","grp_name":"Mount Macedon","label":"Riddells Creek","site_oc_id":18388,"ESRI_OID":9}},{"type":"Feature","id":10,"geometry":{"type":"Point","coordinates":[144.586556202047,-37.4854499068576]},"properties":{"distrct_no":"02","distrct_label":"District 2","distrct_phone_no":"03 5430 2200","brig_name":"Gisborne","fs_name":"Gisborne","fs_type":"main","street":"31 Robertson Street","suburb":"Gisborne","pcode":"3437","grp_name":"Mount Macedon","label":"Gisborne","site_oc_id":18405,"ESRI_OID":10}},{"type":"Feature","id":11,"geometry":{"type":"Point","coordinates":[144.524900991998,-37.3578222369098]},"properties":{"distrct_no":"02","distrct_label":"District 2","distrct_phone_no":"03 5430 2200","brig_name":"Woodend","fs_name":"Woodend","fs_type":"main","street":"Urquart Street","suburb":"Woodend","pcode":"3442","grp_name":"Mount Macedon","label":"Woodend","site_oc_id":18410,"ESRI_OID":11}},{"type":"Feature","id":12,"geometry":{"type":"Point","coordinates":[144.812865501643,-36.8639234972767]},"properties":{"distrct_no":"02","distrct_label":"District 2","distrct_phone_no":"03 5430 2200","brig_name":"Costerfield","fs_name":"Costerfield","fs_type":"main","street":"1351 Heathcote-Nagambie Road","suburb":"Costerfield","pcode":"3523","grp_name":"Eppalock","label":"Costerfield","site_oc_id":18485,"ESRI_OID":12}},{"type":"Feature","id":13,"geometry":{"type":"Point","coordinates":[144.709339601707,-36.9221341272114]},"properties":{"distrct_no":"02","distrct_label":"District 2","distrct_phone_no":"03 5430 2200","brig_name":"Heathcote","fs_name":"Heathcote","fs_type":"main","street":"136-138 High Street","suburb":"Heathcote","pcode":"3523","grp_name":"Eppalock","label":"Heathcote","site_oc_id":18490,"ESRI_OID":13}},{"type":"Feature","id":14,"geometry":{"type":"Point","coordinates":[144.586894901695,-36.8270525372265]},"properties":{"distrct_no":"02","distrct_label":"District 2","distrct_phone_no":"03 5430 2200","brig_name":"Knowsley","fs_name":"Knowsley","fs_type":"main","street":"18 Knowsley-Eppalock Road","suburb":"Knowsley","pcode":"3523","grp_name":"Eppalock","label":"Knowsley","site_oc_id":18498,"ESRI_OID":14}},{"type":"Feature","id":15,"geometry":{"type":"Point","coordinates":[144.723192401637,-36.7991561372851]},"properties":{"distrct_no":"02","distrct_label":"District 2","distrct_phone_no":"03 5430 2200","brig_name":"Mt Camel","fs_name":"Mt Camel","fs_type":"main","street":"213 Heathcote-Rochester Road","suburb":"Ladys Pass","pcode":"3523","grp_name":"Eppalock","label":"Mt Camel","site_oc_id":18502,"ESRI_OID":15}},{"type":"Feature","id":16,"geometry":{"type":"Point","coordinates":[144.205916051957,-37.0913168869595]},"properties":{"distrct_no":"02","distrct_label":"District 2","distrct_phone_no":"03 5430 2200","brig_name":"Campbells Creek","fs_name":"Campbells Creek","fs_type":"main","street":"13 Brigade Avenue","suburb":"Campbells Creek","pcode":"3451","grp_name":"Strathloddon","label":"Campbells Creek","site_oc_id":18976,"ESRI_OID":16}},{"type":"Feature","id":17,"geometry":{"type":"Point","coordinates":[144.166195062,-37.1486931369152]},"properties":{"distrct_no":"02","distrct_label":"District 2","distrct_phone_no":"03 5430 2200","brig_name":"Guildford","fs_name":"Guildford","fs_type":"main","street":"Templeton Street","suburb":"Guildford","pcode":"3451","grp_name":"Strathloddon","label":"Guildford","site_oc_id":18983,"ESRI_OID":17}},{"type":"Feature","id":18,"geometry":{"type":"Point","coordinates":[144.384224771952,-37.1882850569608]},"properties":{"distrct_no":"02","distrct_label":"District 2","distrct_phone_no":"03 5430 2200","brig_name":"Malmsbury","fs_name":"Malmsbury","fs_type":"main","street":"78 Mollison Street","suburb":"Malmsbury","pcode":"3446","grp_name":"Coliban","label":"Malmsbury","site_oc_id":18987,"ESRI_OID":18}},{"type":"Feature","id":19,"geometry":{"type":"Point","coordinates":[144.062971902011,-37.1073684069061]},"properties":{"distrct_no":"02","distrct_label":"District 2","distrct_phone_no":"03 5430 2200","brig_name":"Newstead & District","fs_name":"Newstead & District","fs_type":"main","street":"22 Hilliers Street","suburb":"Newstead","pcode":"3462","grp_name":"Strathloddon","label":"Newstead & District","site_oc_id":18993,"ESRI_OID":19}},{"type":"Feature","id":20,"geometry":{"type":"Point","coordinates":[144.593528911892,-37.2020363570181]},"properties":{"distrct_no":"02","distrct_label":"District 2","distrct_phone_no":"03 5430 2200","brig_name":"Pastoria","fs_name":"Pastoria","fs_type":"main","street":"1311 Baynton Road","suburb":"Pastoria","pcode":"3444","grp_name":"Coliban","label":"Pastoria","site_oc_id":18995,"ESRI_OID":20}},{"type":"Feature","id":21,"geometry":{"type":"Point","coordinates":[144.328971882031,-37.3021903168803]},"properties":{"distrct_no":"02","distrct_label":"District 2","distrct_phone_no":"03 5430 2200","brig_name":"Spring Hill","fs_name":"Spring Hill","fs_type":"main","street":"462 Springhill Road","suburb":"Spring Hill","pcode":"3444","grp_name":"Coliban","label":"Spring Hill","site_oc_id":18997,"ESRI_OID":21}},{"type":"Feature","id":22,"geometry":{"type":"Point","coordinates":[144.406402612018,-37.324109596892]},"properties":{"distrct_no":"02","distrct_label":"District 2","distrct_phone_no":"03 5430 2200","brig_name":"Tylden","fs_name":"Tylden","fs_type":"main","street":"55 Trentham Road","suburb":"Tylden","pcode":"3444","grp_name":"Coliban","label":"Tylden","site_oc_id":18998,"ESRI_OID":22}},{"type":"Feature","id":23,"geometry":{"type":"Point","coordinates":[144.253119481968,-37.1407806069466]},"properties":{"distrct_no":"02","distrct_label":"District 2","distrct_phone_no":"03 5430 2200","brig_name":"Fryerstown","fs_name":"Fryerstown","fs_type":"main","street":"18 Market Street","suburb":"Fryerstown","pcode":"3451","grp_name":"Strathloddon","label":"Fryerstown","site_oc_id":19000,"ESRI_OID":23}},{"type":"Feature","id":24,"geometry":{"type":"Point","coordinates":[144.703913001848,-37.1851209970619]},"properties":{"distrct_no":"02","distrct_label":"District 2","distrct_phone_no":"03 5430 2200","brig_name":"Benloch","fs_name":"Benloch","fs_type":"main","street":"460 Feeneys Lane","suburb":"Benloch","pcode":"3435","grp_name":"Coliban","label":"Benloch","site_oc_id":19001,"ESRI_OID":24}},{"type":"Feature","id":25,"geometry":{"type":"Point","coordinates":[144.451232751962,-37.2470680669488]},"properties":{"distrct_no":"02","distrct_label":"District 2","distrct_phone_no":"03 5430 2200","brig_name":"Kyneton","fs_name":"Kyneton","fs_type":"main","street":"46-48 Ebden Street","suburb":"Kyneton","pcode":"3444","grp_name":"Coliban","label":"Kyneton","site_oc_id":19009,"ESRI_OID":25}},{"type":"Feature","id":26,"geometry":{"type":"Point","coordinates":[143.709819492061,-36.9872525768629]},"properties":{"distrct_no":"02","distrct_label":"District 2","distrct_phone_no":"03 5430 2200","brig_name":"Bowenvale","fs_name":"Bowenvale","fs_type":"main","street":"558 Timor Road","suburb":"Bowenvale","pcode":"3465","grp_name":"Goldfields","label":"Bowenvale","site_oc_id":19014,"ESRI_OID":26}},{"type":"Feature","id":27,"geometry":{"type":"Point","coordinates":[143.81336126206,-37.0484744168612]},"properties":{"distrct_no":"02","distrct_label":"District 2","distrct_phone_no":"03 5430 2200","brig_name":"Carisbrook","fs_name":"Carisbrook","fs_type":"main","street":"9 Urquhart Street","suburb":"Carisbrook","pcode":"3464","grp_name":"Goldfields","label":"Carisbrook","site_oc_id":19020,"ESRI_OID":27}},{"type":"Feature","id":28,"geometry":{"type":"Point","coordinates":[143.828480582134,-37.1943386667854]},"properties":{"distrct_no":"02","distrct_label":"District 2","distrct_phone_no":"03 5430 2200","brig_name":"Mt Cameron","fs_name":"Mt Cameron","fs_type":"main","street":"2 Mt Cameron Cottwold Road","suburb":"Mount Cameron","pcode":"3370","grp_name":"Goldfields","label":"Mt Cameron","site_oc_id":19034,"ESRI_OID":28}},{"type":"Feature","id":29,"geometry":{"type":"Point","coordinates":[143.703625362163,-37.1730351667585]},"properties":{"distrct_no":"02","distrct_label":"District 2","distrct_phone_no":"03 5430 2200","brig_name":"Talbot","fs_name":"Talbot","fs_type":"main","street":"20 Scandinavian Crescent","suburb":"Talbot","pcode":"3371","grp_name":"Goldfields","label":"Talbot","site_oc_id":19037,"ESRI_OID":29}},{"type":"Feature","id":30,"geometry":{"type":"Point","coordinates":[143.612483732095,-36.9912590768304]},"properties":{"distrct_no":"02","distrct_label":"District 2","distrct_phone_no":"03 5430 2200","brig_name":"Wareek & Bung Bong","fs_name":"Wareek & Bung Bong","fs_type":"main","street":"1095 Maryborough-St Arnaud Road","suburb":"Wareek","pcode":"3465","grp_name":"Goldfields","label":"Wareek & Bung Bong","site_oc_id":19039,"ESRI_OID":30}},{"type":"Feature","id":31,"geometry":{"type":"Point","coordinates":[143.740286892084,-37.0473754068392]},"properties":{"distrct_no":"02","distrct_label":"District 2","distrct_phone_no":"03 5430 2200","brig_name":"Maryborough","fs_name":"Maryborough","fs_type":"main","street":"93 Napier Street","suburb":"Maryborough","pcode":"3465","grp_name":"Goldfields","label":"Maryborough","site_oc_id":19052,"ESRI_OID":31}},{"type":"Feature","id":32,"geometry":{"type":"Point","coordinates":[143.948981262037,-37.0855867668828]},"properties":{"distrct_no":"02","distrct_label":"District 2","distrct_phone_no":"03 5430 2200","brig_name":"Moolort & Joyces Creek","fs_name":"Moolort & Joyces Creek","fs_type":"main","street":"2575 Pyrenees Highway","suburb":"Moolort","pcode":"3465","grp_name":"Goldfields","label":"Moolort & Joyces Creek","site_oc_id":19059,"ESRI_OID":32}},{"type":"Feature","id":33,"geometry":{"type":"Point","coordinates":[143.551007532007,-36.7898124369224]},"properties":{"distrct_no":"02","distrct_label":"District 2","distrct_phone_no":"03 5430 2200","brig_name":"Bealiba","fs_name":"Bealiba","fs_type":"main","street":"8 Grant Street","suburb":"Bealiba","pcode":"3475","grp_name":"Goldfields","label":"Bealiba","site_oc_id":19320,"ESRI_OID":33}},{"type":"Feature","id":34,"geometry":{"type":"Point","coordinates":[143.731962591985,-36.8581056169412]},"properties":{"distrct_no":"02","distrct_label":"District 2","distrct_phone_no":"03 5430 2200","brig_name":"Dunolly","fs_name":"Dunolly","fs_type":"main","street":"21 Bull Street","suburb":"Dunolly","pcode":"3472","grp_name":"Goldfields","label":"Dunolly","site_oc_id":19325,"ESRI_OID":34}},{"type":"Feature","id":35,"geometry":{"type":"Point","coordinates":[144.249369841744,-36.7178153671816]},"properties":{"distrct_no":"02","distrct_label":"District 2","distrct_phone_no":"03 5430 2200","brig_name":"Eaglehawk","fs_name":"Eaglehawk","fs_type":"main","street":"29 Peg Leg Road","suburb":"Eaglehawk","pcode":"3556","grp_name":"Fortuna","label":"Eaglehawk","site_oc_id":19356,"ESRI_OID":35}},{"type":"Feature","id":36,"geometry":{"type":"Point","coordinates":[144.387226371766,-36.8419177571554]},"properties":{"distrct_no":"02","distrct_label":"District 2","distrct_phone_no":"03 5430 2200","brig_name":"Axe Creek","fs_name":"Axe Creek","fs_type":"main","street":"147 Patons Road","suburb":"Axe Creek","pcode":"3551","grp_name":"Eppalock","label":"Axe Creek","site_oc_id":19357,"ESRI_OID":36}},{"type":"Feature","id":37,"geometry":{"type":"Point","coordinates":[144.502395821701,-36.7883007472217]},"properties":{"distrct_no":"02","distrct_label":"District 2","distrct_phone_no":"03 5430 2200","brig_name":"Lake Eppalock Coast Guard","fs_name":"Lake Eppalock Coast Guard","fs_type":"main","street":"34 Raglan Place East","suburb":"Axedale","pcode":"3551","grp_name":"Eppalock","label":"Lake Eppalock Coast Guard","site_oc_id":19358,"ESRI_OID":37}},{"type":"Feature","id":38,"geometry":{"type":"Point","coordinates":[144.261287501933,-37.0797411869831]},"properties":{"distrct_no":"02","distrct_label":"District 2","distrct_phone_no":"03 5430 2200","brig_name":"Chewton","fs_name":"Chewton","fs_type":"main","street":"1 Mount Street","suburb":"Chewton","pcode":"3451","grp_name":"Mt Alexander","label":"Chewton","site_oc_id":19361,"ESRI_OID":38}},{"type":"Feature","id":39,"geometry":{"type":"Point","coordinates":[144.610810701512,-36.4954846374211]},"properties":{"distrct_no":"02","distrct_label":"District 2","distrct_phone_no":"03 5430 2200","brig_name":"Elmore","fs_name":"Elmore","fs_type":"main","street":"61 Hervey Street","suburb":"Elmore","pcode":"3558","grp_name":"Whipstick","label":"Elmore","site_oc_id":19363,"ESRI_OID":39}},{"type":"Feature","id":40,"geometry":{"type":"Point","coordinates":[144.332499111922,-37.1011291169933]},"properties":{"distrct_no":"02","distrct_label":"District 2","distrct_phone_no":"03 5430 2200","brig_name":"Elphinstone","fs_name":"Elphinstone","fs_type":"main","street":"3 Wright Street","suburb":"Elphinstone","pcode":"3448","grp_name":"Mt Alexander","label":"Elphinstone","site_oc_id":19366,"ESRI_OID":40}},{"type":"Feature","id":41,"geometry":{"type":"Point","coordinates":[144.262111711887,-36.9950347370306]},"properties":{"distrct_no":"02","distrct_label":"District 2","distrct_phone_no":"03 5430 2200","brig_name":"Harcourt","fs_name":"Harcourt","fs_type":"main","street":"56 High Street","suburb":"Harcourt","pcode":"3453","grp_name":"Mt Alexander","label":"Harcourt","site_oc_id":19367,"ESRI_OID":41}},{"type":"Feature","id":42,"geometry":{"type":"Point","coordinates":[144.507169321516,-36.4417103874185]},"properties":{"distrct_no":"02","distrct_label":"District 2","distrct_phone_no":"03 5430 2200","brig_name":"Hunter-Diggora","fs_name":"Hunter-Diggora","fs_type":"main","street":"Hunter-Drummartin Road","suburb":"Hunter","pcode":"3558","grp_name":"Whipstick","label":"Hunter-Diggora","site_oc_id":19368,"ESRI_OID":42}},{"type":"Feature","id":43,"geometry":{"type":"Point","coordinates":[144.380658461565,-36.458096107369]},"properties":{"distrct_no":"02","distrct_label":"District 2","distrct_phone_no":"03 5430 2200","brig_name":"Kamarooka","fs_name":"Kamarooka","fs_type":"main","street":"3 Stevensons Road","suburb":"Drummartin","pcode":"3570","grp_name":"Whipstick","label":"Kamarooka","site_oc_id":19370,"ESRI_OID":43}},{"type":"Feature","id":44,"geometry":{"type":"Point","coordinates":[144.499767871899,-37.158968257013]},"properties":{"distrct_no":"02","distrct_label":"District 2","distrct_phone_no":"03 5430 2200","brig_name":"Langley-Barfold","fs_name":"Langley-Barfold","fs_type":"main","street":"5 Diss Road","suburb":"Langley","pcode":"3444","grp_name":"Mt Alexander","label":"Langley-Barfold","site_oc_id":19371,"ESRI_OID":44}},{"type":"Feature","id":45,"geometry":{"type":"Point","coordinates":[144.157187591836,-36.8354480570869]},"properties":{"distrct_no":"02","distrct_label":"District 2","distrct_phone_no":"03 5430 2200","brig_name":"Lockwood","fs_name":"Lockwood","fs_type":"main","street":"780 Calder Alternative Highway","suburb":"Lockwood South","pcode":"3551","grp_name":"Fortuna","label":"Lockwood","site_oc_id":19372,"ESRI_OID":45}},{"type":"Feature","id":46,"geometry":{"type":"Point","coordinates":[144.068239541951,-36.9976033469688]},"properties":{"distrct_no":"02","distrct_label":"District 2","distrct_phone_no":"03 5430 2200","brig_name":"Maldon","fs_name":"Maldon","fs_type":"main","street":"High Street","suburb":"Maldon","pcode":"3463","grp_name":"Strathloddon","label":"Maldon","site_oc_id":19373,"ESRI_OID":46}},{"type":"Feature","id":47,"geometry":{"type":"Point","coordinates":[144.30605353178,-36.8201043571422]},"properties":{"distrct_no":"02","distrct_label":"District 2","distrct_phone_no":"03 5430 2200","brig_name":"Mandurang","fs_name":"Mandurang","fs_type":"main","street":"65 Nankervis Road","suburb":"Mandurang","pcode":"3551","grp_name":"Eppalock","label":"Mandurang","site_oc_id":19377,"ESRI_OID":47}},{"type":"Feature","id":48,"geometry":{"type":"Point","coordinates":[144.501044931745,-36.8705512771751]},"properties":{"distrct_no":"02","distrct_label":"District 2","distrct_phone_no":"03 5430 2200","brig_name":"Mosquito Creek","fs_name":"Mosquito Creek","fs_type":"main","street":"132 Sunset Drive","suburb":"Eppalock","pcode":"3551","grp_name":"Eppalock","label":"Mosquito Creek","site_oc_id":19381,"ESRI_OID":48}},{"type":"Feature","id":49,"geometry":{"type":"Point","coordinates":[144.206641751661,-36.5362735072699]},"properties":{"distrct_no":"02","distrct_label":"District 2","distrct_phone_no":"03 5430 2200","brig_name":"Raywood","fs_name":"Raywood","fs_type":"main","street":"44-46 Sandhurst Street","suburb":"Raywood","pcode":"3570","grp_name":"Whipstick","label":"Raywood","site_oc_id":19382,"ESRI_OID":49}},{"type":"Feature","id":50,"geometry":{"type":"Point","coordinates":[144.532284861815,-37.0206284371006]},"properties":{"distrct_no":"02","distrct_label":"District 2","distrct_phone_no":"03 5430 2200","brig_name":"Redesdale","fs_name":"Redesdale","fs_type":"main","street":"2125 Heathcote-Redesdale Road","suburb":"Redesdale","pcode":"3444","grp_name":"Eppalock","label":"Redesdale","site_oc_id":19383,"ESRI_OID":50}},{"type":"Feature","id":51,"geometry":{"type":"Point","coordinates":[144.197246761735,-36.670020797192]},"properties":{"distrct_no":"02","distrct_label":"District 2","distrct_phone_no":"03 5430 2200","brig_name":"Woodvale","fs_name":"Woodvale","fs_type":"main","street":"2170 Loddon Valley Highway","suburb":"Woodvale","pcode":"3556","grp_name":"Whipstick","label":"Woodvale","site_oc_id":19385,"ESRI_OID":51}},{"type":"Feature","id":52,"geometry":{"type":"Point","coordinates":[144.153704961907,-36.9675274070121]},"properties":{"distrct_no":"02","distrct_label":"District 2","distrct_phone_no":"03 5430 2200","brig_name":"Walmer","fs_name":"Walmer","fs_type":"main","street":"34 Davies Road","suburb":"Walmer","pcode":"3463","grp_name":"Strathloddon","label":"Walmer","site_oc_id":19386,"ESRI_OID":52}},{"type":"Feature","id":53,"geometry":{"type":"Point","coordinates":[144.315449071805,-36.8718793671161]},"properties":{"distrct_no":"02","distrct_label":"District 2","distrct_phone_no":"03 5430 2200","brig_name":"Sedgwick","fs_name":"Sedgwick","fs_type":"main","street":"Sedgwick Road","suburb":"Sedgwick","pcode":"3551","grp_name":"Eppalock","label":"Sedgwick","site_oc_id":19482,"ESRI_OID":53}},{"type":"Feature","id":54,"geometry":{"type":"Point","coordinates":[144.204332391772,-36.7434959771531]},"properties":{"distrct_no":"02","distrct_label":"District 2","distrct_phone_no":"03 5430 2200","brig_name":"Maiden Gully","fs_name":"Maiden Gully","fs_type":"main","street":"5 Beckhams Road","suburb":"Maiden Gully","pcode":"3551","grp_name":"Fortuna","label":"Maiden Gully","site_oc_id":19502,"ESRI_OID":54}},{"type":"Feature","id":55,"geometry":{"type":"Point","coordinates":[144.349979291759,-36.8060523571638]},"properties":{"distrct_no":"02","distrct_label":"District 2","distrct_phone_no":"03 5430 2200","brig_name":"Strathfieldsaye","fs_name":"Strathfieldsaye","fs_type":"main","street":"4 Taylors Lane","suburb":"Strathfieldsaye","pcode":"3551","grp_name":"Fortuna","label":"Strathfieldsaye","site_oc_id":19503,"ESRI_OID":55}},{"type":"Feature","id":56,"geometry":{"type":"Point","coordinates":[144.218818001931,-37.0509989969859]},"properties":{"distrct_no":"02","distrct_label":"District 2","distrct_phone_no":"03 5430 2200","brig_name":"Castlemaine","fs_name":"Castlemaine","fs_type":"main","street":"383 Barker Street","suburb":"Castlemaine","pcode":"3450","grp_name":"Mt Alexander","label":"Castlemaine","site_oc_id":19697,"ESRI_OID":56}},{"type":"Feature","id":57,"geometry":{"type":"Point","coordinates":[144.819891001896,-37.3420329970098]},"properties":{"distrct_no":"02","distrct_label":"District 2","distrct_phone_no":"03 5430 2200","brig_name":"Springfield","fs_name":"Springfield","fs_type":"main","street":"213 Springfield Road","suburb":"Springfield (Romsey)","pcode":"3434","grp_name":"Romsey","label":"Springfield","site_oc_id":19828,"ESRI_OID":57}},{"type":"Feature","id":58,"geometry":{"type":"Point","coordinates":[144.502830001611,-36.6187099973173]},"properties":{"distrct_no":"02","distrct_label":"District 2","distrct_phone_no":"03 5430 2200","brig_name":"Goornong","fs_name":"Goornong","fs_type":"main","street":"32 Bagshot Street","suburb":"Goornong","pcode":"3557","grp_name":"Whipstick","label":"Goornong","site_oc_id":19829,"ESRI_OID":58}},{"type":"Feature","id":59,"geometry":{"type":"Point","coordinates":[144.349725001937,-37.1406129969767]},"properties":{"distrct_no":"02","distrct_label":"District 2","distrct_phone_no":"03 5430 2200","brig_name":"Taradale","fs_name":"Taradale","fs_type":"main","street":"101 High Street","suburb":"Taradale","pcode":"3447","grp_name":"Mt Alexander","label":"Taradale","site_oc_id":19904,"ESRI_OID":59}},{"type":"Feature","id":60,"geometry":{"type":"Point","coordinates":[144.355838001855,-36.9901549970626]},"properties":{"distrct_no":"02","distrct_label":"District 2","distrct_phone_no":"03 5430 2200","brig_name":"Sutton Grange & Myrtle Ck","fs_name":"Sutton Grange & Myrtle Ck","fs_type":"main","street":"905 Faraday-Sutton Grange Road","suburb":"Sutton Grange","pcode":"3448","grp_name":"Mt Alexander","label":"Sutton Grange & Myrtle Ck","site_oc_id":19926,"ESRI_OID":60}},{"type":"Feature","id":61,"geometry":{"type":"Point","coordinates":[144.260141001754,-36.7431639971708]},"properties":{"distrct_no":"02","distrct_label":"District 2","distrct_phone_no":"03 5430 2200","brig_name":"Oscar 1 Emerg Response","fs_name":"Oscar 1 Emerg Response","fs_type":"main","street":"3 Hinch Court","suburb":"Long Gully","pcode":"3550","grp_name":"Fortuna","label":"Oscar 1 Emerg Response","site_oc_id":19980,"ESRI_OID":61}},{"type":"Feature","id":62,"geometry":{"type":"Point","coordinates":[144.321032001699,-36.6763889972275]},"properties":{"distrct_no":"02","distrct_label":"District 2","distrct_phone_no":"03 5430 2200","brig_name":"Huntly","fs_name":"Huntly","fs_type":"main","street":"483 Midland Highway","suburb":"Huntly","pcode":"3551","grp_name":"Fortuna","label":"Huntly","site_oc_id":20040,"ESRI_OID":62}},{"type":"Feature","id":63,"geometry":{"type":"Point","coordinates":[143.972812001974,-36.9841549969465]},"properties":{"distrct_no":"02","distrct_label":"District 2","distrct_phone_no":"03 5430 2200","brig_name":"Baringhup West","fs_name":"Baringhup West","fs_type":"main","street":"60 Cairn Curran Hall Road","suburb":"Baringhup","pcode":"3463","grp_name":"Strathloddon","label":"Baringhup West","site_oc_id":20058,"ESRI_OID":63}},{"type":"Feature","id":64,"geometry":{"type":"Point","coordinates":[144.4996710017,-36.7854829972224]},"properties":{"distrct_no":"02","distrct_label":"District 2","distrct_phone_no":"03 5430 2200","brig_name":"Axedale","fs_name":"Axedale","fs_type":"main","street":"22 Shadforth Street","suburb":"Axedale","pcode":"3551","grp_name":"Eppalock","label":"Axedale","site_oc_id":20091,"ESRI_OID":64}},{"type":"Feature","id":65,"geometry":{"type":"Point","coordinates":[144.745341001923,-37.3484169969832]},"properties":{"distrct_no":"02","distrct_label":"District 2","distrct_phone_no":"03 5430 2200","brig_name":"Romsey","fs_name":"Romsey","fs_type":"main","street":"24 Stawell Street","suburb":"Romsey","pcode":"3434","grp_name":"Romsey","label":"Romsey","site_oc_id":20093,"ESRI_OID":65}},{"type":"Feature","id":66,"geometry":{"type":"Point","coordinates":[144.133681001788,-36.732432997137]},"properties":{"distrct_no":"02","distrct_label":"District 2","distrct_phone_no":"03 5430 2200","brig_name":"Marong","fs_name":"Marong","fs_type":"main","street":"55 High Street","suburb":"Marong","pcode":"3515","grp_name":"Fortuna","label":"Marong","site_oc_id":20114,"ESRI_OID":66}},{"type":"Feature","id":67,"geometry":{"type":"Point","coordinates":[144.23990800179,-36.7985349971335]},"properties":{"distrct_no":"02","distrct_label":"District 2","distrct_phone_no":"03 5430 2200","brig_name":"Kangaroo Flat","fs_name":"Kangaroo Flat","fs_type":"main","street":"27-31 Helm Street","suburb":"Kangaroo Flat","pcode":"3555","grp_name":"Fortuna","label":"Kangaroo Flat","site_oc_id":20126,"ESRI_OID":67}},{"type":"Feature","id":68,"geometry":{"type":"Point","coordinates":[144.57383800179,-36.9976379971265]},"properties":{"distrct_no":"02","distrct_label":"District 2","distrct_phone_no":"03 5430 2200","brig_name":"Mia Mia","fs_name":"Mia Mia","fs_type":"main","street":"22 Westblade Street","suburb":"Mia Mia","pcode":"3444","grp_name":"Eppalock","label":"Mia Mia","site_oc_id":20150,"ESRI_OID":68}},{"type":"Feature","id":69,"geometry":{"type":"Point","coordinates":[144.239872001789,-36.7964259971346]},"properties":{"distrct_no":"02","distrct_label":"District 2","distrct_phone_no":"03 5430 2200","brig_name":"District 2 Headquarters","fs_name":"District 2 Headquarters RFB","fs_type":"main","street":"29 Lockwood Road","suburb":"Kangaroo Flat","pcode":"3555","grp_name":"Fortuna","label":"District 2 Headquarters RFB","site_oc_id":20318,"ESRI_OID":69}},{"type":"Feature","id":70,"geometry":{"type":"Point","coordinates":[144.506862001969,-37.2931889969403]},"properties":{"distrct_no":"02","distrct_label":"District 2","distrct_phone_no":"03 5430 2200","brig_name":"Carlsruhe","fs_name":"Carlsruhe","fs_type":"main","street":"359 Cobb and Co Road","suburb":"Carlsruhe","pcode":"3442","grp_name":"Coliban","label":"Carlsruhe","site_oc_id":20327,"ESRI_OID":70}},{"type":"Feature","id":71,"geometry":{"type":"Point","coordinates":[144.273518201766,-36.7737860771579]},"properties":{"distrct_no":"02","distrct_label":"District 2","distrct_phone_no":"03 5430 2200","brig_name":"Bendigo","fs_name":"Bendigo","fs_type":"main","street":"2/17 Deborah Street","suburb":"Golden Square","pcode":"3555","grp_name":"Fortuna","label":"Bendigo","site_oc_id":20335,"ESRI_OID":71}},{"type":"Feature","id":72,"geometry":{"type":"Point","coordinates":[144.376053001731,-36.7700789971922]},"properties":{"distrct_no":"02","distrct_label":"District 2","distrct_phone_no":"03 5430 2200","brig_name":"Junortoun","fs_name":"Junortoun","fs_type":"main","street":"25 Popes Road","suburb":"Junortoun","pcode":"3551","grp_name":"Eppalock","label":"Junortoun","site_oc_id":20336,"ESRI_OID":72}},{"type":"Feature","id":73,"geometry":{"type":"Point","coordinates":[143.887953301991,-36.9646261369309]},"properties":{"distrct_no":"02","distrct_label":"District 2","distrct_phone_no":"03 5430 2200","brig_name":"Baringhup West","fs_name":"Baringhup West Satellite (Baringhup West)","fs_type":"satellite","street":"125 Kayes Road","suburb":"Baringhup West","pcode":"3463","grp_name":"Strathloddon","label":"Baringhup West Satellite (Baringhup West)","site_oc_id":20360,"ESRI_OID":73}},{"type":"Feature","id":74,"geometry":{"type":"Point","coordinates":[144.793313001983,-37.489437996919]},"properties":{"distrct_no":"02","distrct_label":"District 2","distrct_phone_no":"03 5430 2200","brig_name":"Clarkefield & District","fs_name":"Clarkefield & District Satellite","fs_type":"satellite","street":"175 Boggy Gate Road","suburb":"Clarkefield","pcode":"3430","grp_name":"Romsey","label":"Clarkefield & District Satellite (Boggy Gate)","site_oc_id":20367,"ESRI_OID":74}},{"type":"Feature","id":75,"geometry":{"type":"Point","coordinates":[144.637678541979,-37.389325876927]},"properties":{"distrct_no":"02","distrct_label":"District 2","distrct_phone_no":"03 5430 2200","brig_name":"Hesket-Kerrie","fs_name":"Hesket-Kerrie Satellite","fs_type":"satellite","street":"995 Gap Road","suburb":"Cherokee","pcode":"3434","grp_name":"Mount Macedon","label":"Hesket-Kerrie Satellite (Hesket-Cherokee)","site_oc_id":20376,"ESRI_OID":75}},{"type":"Feature","id":76,"geometry":{"type":"Point","coordinates":[144.819124001832,-37.2231129970763]},"properties":{"distrct_no":"02","distrct_label":"District 2","distrct_phone_no":"03 5430 2200","brig_name":"Springfield","fs_name":"Springfield Satellite","fs_type":"satellite","street":"830 Mt William Road","suburb":"Willowmavin","pcode":"3764","grp_name":"Romsey","label":"Springfield Satellite (Willowmavin)","site_oc_id":20395,"ESRI_OID":76}},{"type":"Feature","id":77,"geometry":{"type":"Point","coordinates":[144.431933001799,-36.9316519971191]},"properties":{"distrct_no":"02","distrct_label":"District 2","distrct_phone_no":"03 5430 2200","brig_name":"Sutton Grange & Myrtle Ck","fs_name":"Sutton Grange & Myrtle Ck Satellite","fs_type":"satellite","street":"26 Munckton Lane","suburb":"Myrtle Creek","pcode":"3551","grp_name":"Mt Alexander","label":"Sutton Grange & Myrtle Ck Satellite (Myrtle Creek)","site_oc_id":20399,"ESRI_OID":77}},{"type":"Feature","id":78,"geometry":{"type":"Point","coordinates":[144.152608001938,-37.0231269969808]},"properties":{"distrct_no":"02","distrct_label":"District 2","distrct_phone_no":"03 5430 2200","brig_name":"Walmer","fs_name":"Walmer Satellite","fs_type":"satellite","street":"Muckleford-Walmer Road","suburb":"Muckleford","pcode":"3451","grp_name":"Strathloddon","label":"Walmer Satellite (Muckleford)","site_oc_id":20422,"ESRI_OID":78}},{"type":"Feature","id":79,"geometry":{"type":"Point","coordinates":[143.863088001958,-36.8867129969663]},"properties":{"distrct_no":"02","distrct_label":"District 2","distrct_phone_no":"03 5430 2200","brig_name":"Baringhup West","fs_name":"Baringhup West Satellite (Eddington)","fs_type":"satellite","street":"4026 Bendigo-Maryborough Road","suburb":"Eddington","pcode":"3472","grp_name":"Strathloddon","label":"Baringhup West Satellite (Eddington)","site_oc_id":20423,"ESRI_OID":79}},{"type":"Feature","id":80,"geometry":{"type":"Point","coordinates":[144.582800002007,-37.4090749968991]},"properties":{"distrct_no":"02","distrct_label":"District 2","distrct_phone_no":"03 5430 2200","brig_name":"Mount Macedon","fs_name":"Mount Macedon","fs_type":"main","street":"595 Mount Macedon Road","suburb":"Mount Macedon","pcode":"3441","grp_name":"Mount Macedon","label":"Mount Macedon","site_oc_id":20469,"ESRI_OID":80}},{"type":"Feature","id":81,"geometry":{"type":"Point","coordinates":[144.093360001868,-36.8581789970542]},"properties":{"distrct_no":"02","distrct_label":"District 2","distrct_phone_no":"03 5430 2200","brig_name":"Lockwood","fs_name":"Lockwood Satellite","fs_type":"satellite","street":"594 Bradford Road","suburb":"Shelbourne","pcode":"3515","grp_name":"Fortuna","label":"Lockwood Satellite (Shelbourne)","site_oc_id":20472,"ESRI_OID":81}},{"type":"Feature","id":82,"geometry":{"type":"Point","coordinates":[143.467811002115,-36.9406619968133]},"properties":{"distrct_no":"02","distrct_label":"District 2","distrct_phone_no":"03 5430 2200","brig_name":"Natte Yallock","fs_name":"Natte Yallock","fs_type":"main","street":"2794 Maryborough-St Arnaud Road","suburb":"Natte Yallock","pcode":"3465","grp_name":"Goldfields","label":"Natte Yallock","site_oc_id":20484,"ESRI_OID":82}},{"type":"Feature","id":83,"geometry":{"type":"Point","coordinates":[144.247888001769,-36.7646499971549]},"properties":{"distrct_no":"02","distrct_label":"District 2","distrct_phone_no":"03 5430 2200","brig_name":"Golden Square","fs_name":"Golden Square","fs_type":"main","street":"69-71 Specimen Hill Road","suburb":"Golden Square","pcode":"3555","grp_name":"Fortuna","label":"Golden Square","site_oc_id":20490,"ESRI_OID":83}},{"type":"Feature","id":84,"geometry":{"type":"Point","coordinates":[144.423762001894,-37.1034319970205]},"properties":{"distrct_no":"02","distrct_label":"District 2","distrct_phone_no":"03 5430 2200","brig_name":"Metcalfe","fs_name":"Metcalfe","fs_type":"main","street":"Kyneton-Metcalfe Road","suburb":"Metcalfe","pcode":"3448","grp_name":"Mt Alexander","label":"Metcalfe","site_oc_id":20497,"ESRI_OID":84}},{"type":"Feature","id":85,"geometry":{"type":"Point","coordinates":[141.368890803203,-37.6373605057996]},"properties":{"distrct_no":"04","distrct_label":"District 4","distrct_phone_no":"03 5554 3400","brig_name":"Bahgallah","fs_name":"Bahgallah","fs_type":"main","street":"718 Bahgallah Road","suburb":"Bahgallah","pcode":"3312","grp_name":"Casterton","label":"Bahgallah","site_oc_id":19251,"ESRI_OID":85}},{"type":"Feature","id":86,"geometry":{"type":"Point","coordinates":[141.429381283579,-38.341831985452]},"properties":{"distrct_no":"04","distrct_label":"District 4","distrct_phone_no":"03 5554 3400","brig_name":"Cape Bridgewater","fs_name":"Cape Bridgewater","fs_type":"main","street":"8 Bridgewater Fire Station Road","suburb":"Cape  Bridgewater","pcode":"3305","grp_name":"Heywood","label":"Cape Bridgewater","site_oc_id":19256,"ESRI_OID":86}},{"type":"Feature","id":87,"geometry":{"type":"Point","coordinates":[141.569021113075,-37.5319450359147]},"properties":{"distrct_no":"04","distrct_label":"District 4","distrct_phone_no":"03 5554 3400","brig_name":"Carapook","fs_name":"Carapook","fs_type":"main","street":"646 Carapook Road","suburb":"Carapook","pcode":"3312","grp_name":"Casterton","label":"Carapook","site_oc_id":19257,"ESRI_OID":87}},{"type":"Feature","id":88,"geometry":{"type":"Point","coordinates":[141.503308513536,-38.3119468954889]},"properties":{"distrct_no":"04","distrct_label":"District 4","distrct_phone_no":"03 5554 3400","brig_name":"Cashmore","fs_name":"Cashmore","fs_type":"main","street":"24 Wilmot Road","suburb":"Cashmore","pcode":"3305","grp_name":"Heywood","label":"Cashmore","site_oc_id":19258,"ESRI_OID":88}},{"type":"Feature","id":89,"geometry":{"type":"Point","coordinates":[141.404113723163,-37.5866187358366]},"properties":{"distrct_no":"04","distrct_label":"District 4","distrct_phone_no":"03 5554 3400","brig_name":"Casterton","fs_name":"Casterton","fs_type":"main","street":"25 Jackson Street","suburb":"Casterton","pcode":"3311","grp_name":"Casterton","label":"Casterton","site_oc_id":19259,"ESRI_OID":89}},{"type":"Feature","id":90,"geometry":{"type":"Point","coordinates":[141.336607723188,-37.5895061758149]},"properties":{"distrct_no":"04","distrct_label":"District 4","distrct_phone_no":"03 5554 3400","brig_name":"Corndale","fs_name":"Corndale","fs_type":"main","street":"290 Casterton-Penola Road","suburb":"Casterton","pcode":"3311","grp_name":"Casterton","label":"Corndale","site_oc_id":19264,"ESRI_OID":90}},{"type":"Feature","id":91,"geometry":{"type":"Point","coordinates":[141.274828553396,-37.9227684956233]},"properties":{"distrct_no":"04","distrct_label":"District 4","distrct_phone_no":"03 5554 3400","brig_name":"Dartmoor","fs_name":"Dartmoor","fs_type":"main","street":"62 Greenham Street","suburb":"Dartmoor","pcode":"3304","grp_name":"Dartmoor","label":"Dartmoor","site_oc_id":19266,"ESRI_OID":91}},{"type":"Feature","id":92,"geometry":{"type":"Point","coordinates":[141.318152933393,-37.9439752856251]},"properties":{"distrct_no":"04","distrct_label":"District 4","distrct_phone_no":"03 5554 3400","brig_name":"Drik Drik","fs_name":"Drik Drik","fs_type":"main","street":"9 Winnap Siding Road","suburb":"Winnap","pcode":"3304","grp_name":"Dartmoor","label":"Drik Drik","site_oc_id":19268,"ESRI_OID":92}},{"type":"Feature","id":93,"geometry":{"type":"Point","coordinates":[141.579705633374,-38.0716965856358]},"properties":{"distrct_no":"04","distrct_label":"District 4","distrct_phone_no":"03 5554 3400","brig_name":"Drumborg","fs_name":"Drumborg","fs_type":"main","street":"2862 Princes Highway","suburb":"Drumborg","pcode":"3304","grp_name":"Heywood","label":"Drumborg","site_oc_id":19269,"ESRI_OID":93}},{"type":"Feature","id":94,"geometry":{"type":"Point","coordinates":[141.383157543141,-37.5350461358573]},"properties":{"distrct_no":"04","distrct_label":"District 4","distrct_phone_no":"03 5554 3400","brig_name":"Dunrobin & Nangeela","fs_name":"Dunrobin & Nangeela","fs_type":"main","street":"787 Casterton-Apsley Road","suburb":"Dunrobin","pcode":"3312","grp_name":"Casterton","label":"Dunrobin & Nangeela","site_oc_id":19270,"ESRI_OID":94}},{"type":"Feature","id":95,"geometry":{"type":"Point","coordinates":[141.578443073186,-37.7368027158101]},"properties":{"distrct_no":"04","distrct_label":"District 4","distrct_phone_no":"03 5554 3400","brig_name":"Glenorchy Estate","fs_name":"Glenorchy Estate","fs_type":"main","street":"284 Merino-Grassdale Road","suburb":"Merino","pcode":"3310","grp_name":"Merino","label":"Glenorchy Estate","site_oc_id":19271,"ESRI_OID":95}},{"type":"Feature","id":96,"geometry":{"type":"Point","coordinates":[141.667504543182,-37.7839233758121]},"properties":{"distrct_no":"04","distrct_label":"District 4","distrct_phone_no":"03 5554 3400","brig_name":"Grassdale","fs_name":"Grassdale","fs_type":"main","street":"1248 Merino-Grassdale Road","suburb":"Grassdale","pcode":"3302","grp_name":"Merino","label":"Grassdale","site_oc_id":19272,"ESRI_OID":96}},{"type":"Feature","id":97,"geometry":{"type":"Point","coordinates":[141.615475133441,-38.2139962655724]},"properties":{"distrct_no":"04","distrct_label":"District 4","distrct_phone_no":"03 5554 3400","brig_name":"Heathmere","fs_name":"Heathmere","fs_type":"main","street":"1045 Princes Highway","suburb":"Heathmere","pcode":"3305","grp_name":"Heywood","label":"Heathmere","site_oc_id":19275,"ESRI_OID":97}},{"type":"Feature","id":98,"geometry":{"type":"Point","coordinates":[141.513911243166,-37.6605433658308]},"properties":{"distrct_no":"04","distrct_label":"District 4","distrct_phone_no":"03 5554 3400","brig_name":"Henty","fs_name":"Henty","fs_type":"main","street":"Henty-Paschendale Road","suburb":"Henty","pcode":"3312","grp_name":"Casterton","label":"Henty","site_oc_id":19276,"ESRI_OID":98}},{"type":"Feature","id":99,"geometry":{"type":"Point","coordinates":[141.629783753392,-38.1348457856177]},"properties":{"distrct_no":"04","distrct_label":"District 4","distrct_phone_no":"03 5554 3400","brig_name":"Heywood","fs_name":"Heywood","fs_type":"main","street":"10 Edgar Street","suburb":"Heywood","pcode":"3304","grp_name":"Heywood","label":"Heywood","site_oc_id":19277,"ESRI_OID":99}},{"type":"Feature","id":100,"geometry":{"type":"Point","coordinates":[141.237183173323,-37.7696985056915]},"properties":{"distrct_no":"04","distrct_label":"District 4","distrct_phone_no":"03 5554 3400","brig_name":"Killara","fs_name":"Killara","fs_type":"main","street":"641 Myaring-Pieracle Road","suburb":"Strathdownie","pcode":"3312","grp_name":"Strathdownie","label":"Killara","site_oc_id":19282,"ESRI_OID":100}},{"type":"Feature","id":101,"geometry":{"type":"Point","coordinates":[141.031967203258,-37.5253727357572]},"properties":{"distrct_no":"04","distrct_label":"District 4","distrct_phone_no":"03 5554 3400","brig_name":"Lake Mundi","fs_name":"Lake Mundi","fs_type":"main","street":"3293 Casterton-Penola Road","suburb":"Lake Mundi","pcode":"3312","grp_name":"Strathdownie","label":"Lake Mundi","site_oc_id":19284,"ESRI_OID":101}},{"type":"Feature","id":102,"geometry":{"type":"Point","coordinates":[141.036967803305,-37.6119739457137]},"properties":{"distrct_no":"04","distrct_label":"District 4","distrct_phone_no":"03 5554 3400","brig_name":"Lindsay","fs_name":"Lindsay","fs_type":"main","street":"1058 Heathfield-Lindsay Road","suburb":"Lake Mundi","pcode":"3312","grp_name":"Strathdownie","label":"Lindsay","site_oc_id":19286,"ESRI_OID":102}},{"type":"Feature","id":103,"geometry":{"type":"Point","coordinates":[141.46002377338,-38.0090795356331]},"properties":{"distrct_no":"04","distrct_label":"District 4","distrct_phone_no":"03 5554 3400","brig_name":"Lyons","fs_name":"Lyons","fs_type":"main","street":"4113 Princes Highway","suburb":"Lyons","pcode":"3304","grp_name":"Heywood","label":"Lyons","site_oc_id":19287,"ESRI_OID":103}},{"type":"Feature","id":104,"geometry":{"type":"Point","coordinates":[141.548621003187,-37.7200269958101]},"properties":{"distrct_no":"04","distrct_label":"District 4","distrct_phone_no":"03 5554 3400","brig_name":"Merino","fs_name":"Merino","fs_type":"main","street":"6 High Street","suburb":"Merino","pcode":"3310","grp_name":"Merino","label":"Merino","site_oc_id":19289,"ESRI_OID":104}},{"type":"Feature","id":105,"geometry":{"type":"Point","coordinates":[141.718370633283,-37.9966773457159]},"properties":{"distrct_no":"04","distrct_label":"District 4","distrct_phone_no":"03 5554 3400","brig_name":"Myamyn","fs_name":"Myamyn","fs_type":"main","street":"11 Myamyn-Macarthur Road","suburb":"Myamyn","pcode":"3304","grp_name":"Heywood","label":"Myamyn","site_oc_id":19295,"ESRI_OID":105}},{"type":"Feature","id":106,"geometry":{"type":"Point","coordinates":[141.708468573431,-38.2536742055791]},"properties":{"distrct_no":"04","distrct_label":"District 4","distrct_phone_no":"03 5554 3400","brig_name":"Narrawong","fs_name":"Narrawong","fs_type":"main","street":"77 Windham Street","suburb":"Narrawong","pcode":"3285","grp_name":"Heywood","label":"Narrawong","site_oc_id":19296,"ESRI_OID":106}},{"type":"Feature","id":107,"geometry":{"type":"Point","coordinates":[141.007556963558,-38.0440320054821]},"properties":{"distrct_no":"04","distrct_label":"District 4","distrct_phone_no":"03 5554 3400","brig_name":"Nelson","fs_name":"Nelson","fs_type":"main","street":"28 North Nelson Road","suburb":"Nelson","pcode":"3292","grp_name":"Dartmoor","label":"Nelson","site_oc_id":19297,"ESRI_OID":107}},{"type":"Feature","id":108,"geometry":{"type":"Point","coordinates":[141.606421123132,-37.6565889358605]},"properties":{"distrct_no":"04","distrct_label":"District 4","distrct_phone_no":"03 5554 3400","brig_name":"Paschendale","fs_name":"Paschendale","fs_type":"main","street":"115 Paschendale-Tahara Road","suburb":"Paschendale","pcode":"3315","grp_name":"Merino","label":"Paschendale","site_oc_id":19298,"ESRI_OID":108}},{"type":"Feature","id":109,"geometry":{"type":"Point","coordinates":[141.604102573519,-38.3435970755019]},"properties":{"distrct_no":"04","distrct_label":"District 4","distrct_phone_no":"03 5554 3400","brig_name":"Portland","fs_name":"Portland","fs_type":"main","street":"130 Percy Street","suburb":"Portland","pcode":"3305","grp_name":"Heywood","label":"Portland","site_oc_id":19302,"ESRI_OID":109}},{"type":"Feature","id":110,"geometry":{"type":"Point","coordinates":[141.136549493335,-37.7287351456829]},"properties":{"distrct_no":"04","distrct_label":"District 4","distrct_phone_no":"03 5554 3400","brig_name":"Strathdownie","fs_name":"Strathdownie","fs_type":"main","street":"27 Strathdownie School Road","suburb":"Strathdownie","pcode":"3312","grp_name":"Strathdownie","label":"Strathdownie","site_oc_id":19304,"ESRI_OID":110}},{"type":"Feature","id":111,"geometry":{"type":"Point","coordinates":[141.698410503146,-37.7388251058449]},"properties":{"distrct_no":"04","distrct_label":"District 4","distrct_phone_no":"03 5554 3400","brig_name":"Tahara","fs_name":"Tahara","fs_type":"main","street":"2533 Condah-Coleraine Road","suburb":"Tahara","pcode":"3301","grp_name":"Merino","label":"Tahara","site_oc_id":19308,"ESRI_OID":111}},{"type":"Feature","id":112,"geometry":{"type":"Point","coordinates":[141.782634933385,-38.2174472856196]},"properties":{"distrct_no":"04","distrct_label":"District 4","distrct_phone_no":"03 5554 3400","brig_name":"Tyrendarra","fs_name":"Tyrendarra","fs_type":"main","street":"7096 Princes Highway","suburb":"Tyrendarra","pcode":"3285","grp_name":"Heywood","label":"Tyrendarra","site_oc_id":19312,"ESRI_OID":112}},{"type":"Feature","id":113,"geometry":{"type":"Point","coordinates":[141.820635793201,-37.9131581157898]},"properties":{"distrct_no":"04","distrct_label":"District 4","distrct_phone_no":"03 5554 3400","brig_name":"Wallacedale","fs_name":"Wallacedale","fs_type":"main","street":"421 North Wallacedale Road","suburb":"Wallacedale","pcode":"3303","grp_name":"Merino","label":"Wallacedale","site_oc_id":19314,"ESRI_OID":113}},{"type":"Feature","id":114,"geometry":{"type":"Point","coordinates":[141.429955143092,-37.4756702459024]},"properties":{"distrct_no":"04","distrct_label":"District 4","distrct_phone_no":"03 5554 3400","brig_name":"Wando Bridge","fs_name":"Wando Bridge","fs_type":"main","street":"19 Wando Fire Brigade Road","suburb":"Wando Bridge","pcode":"3312","grp_name":"Casterton","label":"Wando Bridge","site_oc_id":19315,"ESRI_OID":114}},{"type":"Feature","id":115,"geometry":{"type":"Point","coordinates":[141.498032003079,-37.4946714959129]},"properties":{"distrct_no":"04","distrct_label":"District 4","distrct_phone_no":"03 5554 3400","brig_name":"Wando Vale","fs_name":"Wando Vale","fs_type":"main","street":"574 Satimer Road","suburb":"Wando Vale","pcode":"3312","grp_name":"Casterton","label":"Wando Vale","site_oc_id":19317,"ESRI_OID":115}},{"type":"Feature","id":116,"geometry":{"type":"Point","coordinates":[140.806328003512,-37.8379119955288]},"properties":{"distrct_no":"04","distrct_label":"District 4","distrct_phone_no":"03 5554 3400","brig_name":"Onefortyone Plantations","fs_name":"Onefortyone Plantations","fs_type":"main","street":"152 Jubilee Highway East","suburb":"Mount Gambier - SA","pcode":"5290","grp_name":"Dartmoor","label":"Onefortyone Plantations","site_oc_id":19681,"ESRI_OID":116}},{"type":"Feature","id":117,"geometry":{"type":"Point","coordinates":[141.477804003506,-38.2435599955168]},"properties":{"distrct_no":"04","distrct_label":"District 4","distrct_phone_no":"03 5554 3400","brig_name":"Gorae West","fs_name":"Gorae West","fs_type":"main","street":"1651 Heath Road","suburb":"Gorae West","pcode":"3305","grp_name":"Heywood","label":"Gorae West","site_oc_id":19731,"ESRI_OID":117}},{"type":"Feature","id":118,"geometry":{"type":"Point","coordinates":[141.395009003173,-37.5985669958276]},"properties":{"distrct_no":"04","distrct_label":"District 4","distrct_phone_no":"03 5554 3400","brig_name":"District 4 Headquarters","fs_name":"District 4 Headquarters RFB","fs_type":"main","street":"147 Bahgallah Road","suburb":"Casterton","pcode":"3311","grp_name":null,"label":"District 4 Headquarters RFB","site_oc_id":19782,"ESRI_OID":118}},{"type":"Feature","id":119,"geometry":{"type":"Point","coordinates":[141.530283003241,-37.8050909957601]},"properties":{"distrct_no":"04","distrct_label":"District 4","distrct_phone_no":"03 5554 3400","brig_name":"Digby","fs_name":"Digby","fs_type":"main","street":"42 Bowen Street","suburb":"Digby","pcode":"3309","grp_name":"Merino","label":"Digby","site_oc_id":19836,"ESRI_OID":119}},{"type":"Feature","id":120,"geometry":{"type":"Point","coordinates":[141.74702900325,-37.9549289957461]},"properties":{"distrct_no":"04","distrct_label":"District 4","distrct_phone_no":"03 5554 3400","brig_name":"Condah","fs_name":"Condah","fs_type":"main","street":"5162 Henty Highway","suburb":"Condah","pcode":"3303","grp_name":"Heywood","label":"Condah","site_oc_id":19839,"ESRI_OID":120}},{"type":"Feature","id":121,"geometry":{"type":"Point","coordinates":[141.605826003522,-38.350354995499]},"properties":{"distrct_no":"04","distrct_label":"District 4","distrct_phone_no":"03 5554 3400","brig_name":"GPFL","fs_name":"GPFL","fs_type":"main","street":"3/2 Gawler Street","suburb":"Portland","pcode":"3305","grp_name":"Merino","label":"GPFL","site_oc_id":19887,"ESRI_OID":121}},{"type":"Feature","id":122,"geometry":{"type":"Point","coordinates":[141.623818003523,-38.3627779954978]},"properties":{"distrct_no":"04","distrct_label":"District 4","distrct_phone_no":"03 5554 3400","brig_name":"Portland Coast Guard","fs_name":"Portland Coast Guard","fs_type":"main","street":"2 George Street","suburb":"Portland","pcode":"3305","grp_name":"Heywood","label":"Portland Coast Guard","site_oc_id":19907,"ESRI_OID":122}},{"type":"Feature","id":123,"geometry":{"type":"Point","coordinates":[141.442286003164,-37.6121029958347]},"properties":{"distrct_no":"04","distrct_label":"District 4","distrct_phone_no":"03 5554 3400","brig_name":"Sandford","fs_name":"Sandford","fs_type":"main","street":"22 Burke Street","suburb":"Sandford","pcode":"3312","grp_name":"Casterton","label":"Sandford","site_oc_id":19908,"ESRI_OID":123}},{"type":"Feature","id":124,"geometry":{"type":"Point","coordinates":[141.763819003347,-38.1374339956559]},"properties":{"distrct_no":"04","distrct_label":"District 4","distrct_phone_no":"03 5554 3400","brig_name":"Homerton","fs_name":"Homerton","fs_type":"main","street":"6458 Woolsthorpe-Heywood Road","suburb":"Homerton","pcode":"3304","grp_name":"Heywood","label":"Homerton","site_oc_id":19948,"ESRI_OID":124}},{"type":"Feature","id":125,"geometry":{"type":"Point","coordinates":[140.777964003518,-37.8297539955246]},"properties":{"distrct_no":"04","distrct_label":"District 4","distrct_phone_no":"03 5554 3400","brig_name":"Timberlands Pacific","fs_name":"Timberlands Pacific","fs_type":"main","street":"10 Helen Street","suburb":"Mount Gambier - SA","pcode":"5290","grp_name":"Strathdownie","label":"Timberlands Pacific","site_oc_id":19954,"ESRI_OID":125}},{"type":"Feature","id":126,"geometry":{"type":"Point","coordinates":[140.813817003511,-37.8406739955296]},"properties":{"distrct_no":"04","distrct_label":"District 4","distrct_phone_no":"03 5554 3400","brig_name":"Green Triangle Forest Pro","fs_name":"Green Triangle Forest Pro","fs_type":"main","street":"Lot 11 Monterey Drive","suburb":"Mount Gambier - SA","pcode":"5290","grp_name":"Dartmoor","label":"Green Triangle Forest Pro","site_oc_id":19955,"ESRI_OID":126}},{"type":"Feature","id":127,"geometry":{"type":"Point","coordinates":[141.558542853302,-37.9303546157032]},"properties":{"distrct_no":"04","distrct_label":"District 4","distrct_phone_no":"03 5554 3400","brig_name":"Hotspur","fs_name":"Hotspur","fs_type":"main","street":"1785 Portland-Casterton Road","suburb":"Hotspur","pcode":"3303","grp_name":"Heywood","label":"Hotspur","site_oc_id":19968,"ESRI_OID":127}},{"type":"Feature","id":128,"geometry":{"type":"Point","coordinates":[141.69172400332,-38.0447299956829]},"properties":{"distrct_no":"04","distrct_label":"District 4","distrct_phone_no":"03 5554 3400","brig_name":"Milltown","fs_name":"Milltown","fs_type":"main","street":"52 Annya Road","suburb":"Milltown","pcode":"3304","grp_name":"Heywood","label":"Milltown","site_oc_id":19969,"ESRI_OID":128}},{"type":"Feature","id":129,"geometry":{"type":"Point","coordinates":[141.198662003425,-37.9276639955982]},"properties":{"distrct_no":"04","distrct_label":"District 4","distrct_phone_no":"03 5554 3400","brig_name":"Mumbannar","fs_name":"Mumbannar","fs_type":"main","street":"6765 Princes Highway","suburb":"Mumbannar","pcode":"3304","grp_name":"Dartmoor","label":"Mumbannar","site_oc_id":20011,"ESRI_OID":129}},{"type":"Feature","id":130,"geometry":{"type":"Point","coordinates":[141.7260860032,-37.851816995794]},"properties":{"distrct_no":"04","distrct_label":"District 4","distrct_phone_no":"03 5554 3400","brig_name":"Morven","fs_name":"Morven","fs_type":"main","street":"1155 Condah-Coleraine Road","suburb":"Branxholme","pcode":"3302","grp_name":"Merino","label":"Morven","site_oc_id":20035,"ESRI_OID":130}},{"type":"Feature","id":131,"geometry":{"type":"Point","coordinates":[141.404734003125,-37.5190769958721]},"properties":{"distrct_no":"04","distrct_label":"District 4","distrct_phone_no":"03 5554 3400","brig_name":"Dunrobin & Nangeela","fs_name":"Dunrobin & Nangeela Satellite","fs_type":"satellite","street":"870 Noss Retreat Road","suburb":"Dunrobin","pcode":"3312","grp_name":"Casterton","label":"Dunrobin & Nangeela Satellite (Dunrobin)","site_oc_id":20370,"ESRI_OID":131}},{"type":"Feature","id":132,"geometry":{"type":"Point","coordinates":[141.348964003524,-38.1963679955036]},"properties":{"distrct_no":"04","distrct_label":"District 4","distrct_phone_no":"03 5554 3400","brig_name":"Gorae West","fs_name":"Gorae West Satellite","fs_type":"satellite","street":"Post Office Road","suburb":"Mount Richmond","pcode":"3305","grp_name":"Heywood","label":"Gorae West Satellite (Mount Richmond)","site_oc_id":20410,"ESRI_OID":132}},{"type":"Feature","id":133,"geometry":{"type":"Point","coordinates":[141.622135833147,-37.6933889958459]},"properties":{"distrct_no":"04","distrct_label":"District 4","distrct_phone_no":"03 5554 3400","brig_name":"Tahara","fs_name":"Tahara Satellite","fs_type":"satellite","street":"1444 Coleraine-Merino Road","suburb":"Tahara Bridge","pcode":"3315","grp_name":"Merino","label":"Tahara Satellite (Tahara West)","site_oc_id":20429,"ESRI_OID":133}},{"type":"Feature","id":134,"geometry":{"type":"Point","coordinates":[140.797561003515,-37.8371259955266]},"properties":{"distrct_no":"04","distrct_label":"District 4","distrct_phone_no":"03 5554 3400","brig_name":"HVP Rennick Plantations","fs_name":"HVP Rennick Plantations","fs_type":"main","street":"26 Pick Avenue","suburb":"Mount Gambier - SA","pcode":"5290","grp_name":"Dartmoor","label":"HVP Rennick Plantations","site_oc_id":20450,"ESRI_OID":134}},{"type":"Feature","id":135,"geometry":{"type":"Point","coordinates":[142.023867003038,-37.7450309959389]},"properties":{"distrct_no":"04","distrct_label":"District 4","distrct_phone_no":"03 5554 3400","brig_name":"PF Olsen","fs_name":"PF Olsen","fs_type":"main","street":"47 Thompson Street","suburb":"Hamilton","pcode":"3300","grp_name":"Merino","label":"PF Olsen","site_oc_id":20451,"ESRI_OID":135}},{"type":"Feature","id":136,"geometry":{"type":"Point","coordinates":[142.303610893101,-38.0296931958719]},"properties":{"distrct_no":"05","distrct_label":"District 5","distrct_phone_no":"03 5551 1500","brig_name":"Abbey Hills","fs_name":"Abbey Hills","fs_type":"main","street":"3483 Penshurst-Warrnambool Road","suburb":"Minhamite","pcode":"3287","grp_name":"Hawkesdale","label":"Abbey Hills","site_oc_id":19169,"ESRI_OID":136}},{"type":"Feature","id":137,"geometry":{"type":"Point","coordinates":[142.5974631732,-38.3862578757703]},"properties":{"distrct_no":"05","distrct_label":"District 5","distrct_phone_no":"03 5551 1500","brig_name":"Allansford","fs_name":"Allansford","fs_type":"main","street":"61 Ziegler Parade","suburb":"Allansford","pcode":"3277","grp_name":"Hopkins - Curdies","label":"Allansford","site_oc_id":19170,"ESRI_OID":137}},{"type":"Feature","id":138,"geometry":{"type":"Point","coordinates":[141.807251783138,-37.7914509758498]},"properties":{"distrct_no":"05","distrct_label":"District 5","distrct_phone_no":"03 5551 1500","brig_name":"Ardachy","fs_name":"Ardachy","fs_type":"main","street":"5413 Dartmoor-Hamilton Road","suburb":"Branxholme","pcode":"3302","grp_name":"Dundas","label":"Ardachy","site_oc_id":19171,"ESRI_OID":138}},{"type":"Feature","id":139,"geometry":{"type":"Point","coordinates":[141.93487328324,-38.0525020057507]},"properties":{"distrct_no":"05","distrct_label":"District 5","distrct_phone_no":"03 5551 1500","brig_name":"Ardonachie","fs_name":"Ardonachie","fs_type":"main","street":"620 Mt Eccles Road","suburb":"Macarthur","pcode":"3286","grp_name":"Macarthur","label":"Ardonachie","site_oc_id":19172,"ESRI_OID":139}},{"type":"Feature","id":140,"geometry":{"type":"Point","coordinates":[141.959105983289,-38.1544919257044]},"properties":{"distrct_no":"05","distrct_label":"District 5","distrct_phone_no":"03 5551 1500","brig_name":"Bessiebelle","fs_name":"Bessiebelle","fs_type":"main","street":"12 School Road","suburb":"Bessiebelle","pcode":"3304","grp_name":"Macarthur","label":"Bessiebelle","site_oc_id":19173,"ESRI_OID":140}},{"type":"Feature","id":141,"geometry":{"type":"Point","coordinates":[141.83824846306,-37.6711518159223]},"properties":{"distrct_no":"05","distrct_label":"District 5","distrct_phone_no":"03 5551 1500","brig_name":"Wannon-Bochara","fs_name":"Wannon-Bochara","fs_type":"main","street":"2 Falkenbergs Road","suburb":"Wannon","pcode":"3301","grp_name":"Dundas","label":"Wannon-Bochara","site_oc_id":19174,"ESRI_OID":141}},{"type":"Feature","id":142,"geometry":{"type":"Point","coordinates":[142.054537353223,-38.0959227857633]},"properties":{"distrct_no":"05","distrct_label":"District 5","distrct_phone_no":"03 5551 1500","brig_name":"Broadwater","fs_name":"Broadwater","fs_type":"main","street":"3852 Hamilton-Port Fairy Road","suburb":"Macarthur","pcode":"3286","grp_name":"Macarthur","label":"Broadwater","site_oc_id":19175,"ESRI_OID":142}},{"type":"Feature","id":143,"geometry":{"type":"Point","coordinates":[142.064176923066,-37.8215029659106]},"properties":{"distrct_no":"05","distrct_label":"District 5","distrct_phone_no":"03 5551 1500","brig_name":"Buckley Swamp","fs_name":"Buckley Swamp","fs_type":"main","street":"12 Research Station Road","suburb":"Hamilton","pcode":"3300","grp_name":"Mount Rouse","label":"Buckley Swamp","site_oc_id":19176,"ESRI_OID":143}},{"type":"Feature","id":144,"geometry":{"type":"Point","coordinates":[141.941851932954,-37.5432958760208]},"properties":{"distrct_no":"05","distrct_label":"District 5","distrct_phone_no":"03 5551 1500","brig_name":"Bulart","fs_name":"Bulart","fs_type":"main","street":"558 Bulart-Cavendish Road","suburb":"Bulart","pcode":"3314","grp_name":"Dundas","label":"Bulart","site_oc_id":19177,"ESRI_OID":144}},{"type":"Feature","id":145,"geometry":{"type":"Point","coordinates":[142.518358092987,-37.9561861159747]},"properties":{"distrct_no":"05","distrct_label":"District 5","distrct_phone_no":"03 5551 1500","brig_name":"Caramut","fs_name":"Caramut","fs_type":"main","street":"15 Gibson Street","suburb":"Caramut","pcode":"3274","grp_name":"Hawkesdale","label":"Caramut","site_oc_id":19179,"ESRI_OID":145}},{"type":"Feature","id":146,"geometry":{"type":"Point","coordinates":[142.23530429299,-37.7895224259786]},"properties":{"distrct_no":"05","distrct_label":"District 5","distrct_phone_no":"03 5551 1500","brig_name":"Croxton East","fs_name":"Croxton East","fs_type":"main","street":"412 Petschells Lane","suburb":"Croxton East","pcode":"3301","grp_name":"Mount Rouse","label":"Croxton East","site_oc_id":19180,"ESRI_OID":146}},{"type":"Feature","id":147,"geometry":{"type":"Point","coordinates":[142.344723512876,-37.6504348360853]},"properties":{"distrct_no":"05","distrct_label":"District 5","distrct_phone_no":"03 5551 1500","brig_name":"Dunkeld","fs_name":"Dunkeld","fs_type":"main","street":"40-42 Templeton Street","suburb":"Dunkeld","pcode":"3294","grp_name":"Serra","label":"Dunkeld","site_oc_id":19182,"ESRI_OID":147}},{"type":"Feature","id":148,"geometry":{"type":"Point","coordinates":[142.686172003038,-38.151223995921]},"properties":{"distrct_no":"05","distrct_label":"District 5","distrct_phone_no":"03 5551 1500","brig_name":"Ellerslie","fs_name":"Ellerslie","fs_type":"main","street":"30 Ellerslie-Panmure Road","suburb":"Ellerslie","pcode":"3265","grp_name":"Mortlake","label":"Ellerslie","site_oc_id":19184,"ESRI_OID":148}},{"type":"Feature","id":149,"geometry":{"type":"Point","coordinates":[141.945994003355,-38.2641819956432]},"properties":{"distrct_no":"05","distrct_label":"District 5","distrct_phone_no":"03 5551 1500","brig_name":"Codrington","fs_name":"Codrington","fs_type":"main","street":"5526 Princes Highway","suburb":"Codrington","pcode":"3285","grp_name":"Belfast","label":"Codrington","site_oc_id":19185,"ESRI_OID":149}},{"type":"Feature","id":150,"geometry":{"type":"Point","coordinates":[142.698628873085,-38.2424199858762]},"properties":{"distrct_no":"05","distrct_label":"District 5","distrct_phone_no":"03 5551 1500","brig_name":"Framlingham","fs_name":"Framlingham","fs_type":"main","street":"High Street","suburb":"Framlingham","pcode":"3265","grp_name":"Merri","label":"Framlingham","site_oc_id":19186,"ESRI_OID":150}},{"type":"Feature","id":151,"geometry":{"type":"Point","coordinates":[142.810594293079,-38.2986326658795]},"properties":{"distrct_no":"05","distrct_label":"District 5","distrct_phone_no":"03 5551 1500","brig_name":"Garvoc","fs_name":"Garvoc","fs_type":"main","street":"Princes Highway","suburb":"Garvoc","pcode":"3265","grp_name":"Hopkins - Curdies","label":"Garvoc","site_oc_id":19187,"ESRI_OID":151}},{"type":"Feature","id":152,"geometry":{"type":"Point","coordinates":[142.5480099528,-37.6376969861533]},"properties":{"distrct_no":"05","distrct_label":"District 5","distrct_phone_no":"03 5551 1500","brig_name":"Glenthompson","fs_name":"Glenthompson","fs_type":"main","street":"9 Mclennan Street","suburb":"Glenthompson","pcode":"3293","grp_name":"Serra","label":"Glenthompson","site_oc_id":19189,"ESRI_OID":152}},{"type":"Feature","id":153,"geometry":{"type":"Point","coordinates":[142.060751013024,-37.7430554159509]},"properties":{"distrct_no":"05","distrct_label":"District 5","distrct_phone_no":"03 5551 1500","brig_name":"Grange","fs_name":"Grange","fs_type":"main","street":"216 Ballarat Road","suburb":"Hamilton","pcode":"3300","grp_name":"Dundas","label":"Grange","site_oc_id":19190,"ESRI_OID":153}},{"type":"Feature","id":154,"geometry":{"type":"Point","coordinates":[142.025532213034,-37.7392043659425]},"properties":{"distrct_no":"05","distrct_label":"District 5","distrct_phone_no":"03 5551 1500","brig_name":"Hamilton","fs_name":"Hamilton","fs_type":"main","street":"100-104 Cox Street","suburb":"Hamilton","pcode":"3300","grp_name":"Dundas","label":"Hamilton","site_oc_id":19191,"ESRI_OID":154}},{"type":"Feature","id":155,"geometry":{"type":"Point","coordinates":[142.323621393137,-38.1071598158369]},"properties":{"distrct_no":"05","distrct_label":"District 5","distrct_phone_no":"03 5551 1500","brig_name":"Hawkesdale","fs_name":"Hawkesdale","fs_type":"main","street":"33 Austin Street","suburb":"Hawkesdale","pcode":"3287","grp_name":"Hawkesdale","label":"Hawkesdale","site_oc_id":19193,"ESRI_OID":155}},{"type":"Feature","id":156,"geometry":{"type":"Point","coordinates":[142.685447572953,-37.9969163360029]},"properties":{"distrct_no":"05","distrct_label":"District 5","distrct_phone_no":"03 5551 1500","brig_name":"Hexham","fs_name":"Hexham","fs_type":"main","street":"1455 Hamilton Highway","suburb":"Hexham","pcode":"3273","grp_name":"Mortlake","label":"Hexham","site_oc_id":19196,"ESRI_OID":156}},{"type":"Feature","id":157,"geometry":{"type":"Point","coordinates":[142.23145892288,-37.5881670060843]},"properties":{"distrct_no":"05","distrct_label":"District 5","distrct_phone_no":"03 5551 1500","brig_name":"Karabeal","fs_name":"Karabeal","fs_type":"main","street":"1117 Mcintyres Crossing Road","suburb":"Karabeal","pcode":"3294","grp_name":"Dundas","label":"Karabeal","site_oc_id":19197,"ESRI_OID":157}},{"type":"Feature","id":158,"geometry":{"type":"Point","coordinates":[142.314180203233,-38.2727522557469]},"properties":{"distrct_no":"05","distrct_label":"District 5","distrct_phone_no":"03 5551 1500","brig_name":"Kirkstall","fs_name":"Kirkstall","fs_type":"main","street":"11 Chamberlain Street","suburb":"Kirkstall","pcode":"3283","grp_name":"Belfast","label":"Kirkstall","site_oc_id":19198,"ESRI_OID":158}},{"type":"Feature","id":159,"geometry":{"type":"Point","coordinates":[142.89314376296,-38.1361267559905]},"properties":{"distrct_no":"05","distrct_label":"District 5","distrct_phone_no":"03 5551 1500","brig_name":"Kolora","fs_name":"Kolora","fs_type":"main","street":"183 Kolora Lane","suburb":"Kolora","pcode":"3265","grp_name":"Mortlake","label":"Kolora","site_oc_id":19200,"ESRI_OID":159}},{"type":"Feature","id":160,"geometry":{"type":"Point","coordinates":[141.998336713207,-38.0332647857796]},"properties":{"distrct_no":"05","distrct_label":"District 5","distrct_phone_no":"03 5551 1500","brig_name":"Macarthur","fs_name":"Macarthur","fs_type":"main","street":"20 Palmerston Street","suburb":"Macarthur","pcode":"3286","grp_name":"Macarthur","label":"Macarthur","site_oc_id":19203,"ESRI_OID":160}},{"type":"Feature","id":161,"geometry":{"type":"Point","coordinates":[142.304301603055,-37.9476988459154]},"properties":{"distrct_no":"05","distrct_label":"District 5","distrct_phone_no":"03 5551 1500","brig_name":"Minhamite","fs_name":"Minhamite","fs_type":"main","street":"4424 Penshurst-Warrnambool Road","suburb":"Minhamite","pcode":"3287","grp_name":"Hawkesdale","label":"Minhamite","site_oc_id":19206,"ESRI_OID":161}},{"type":"Feature","id":162,"geometry":{"type":"Point","coordinates":[142.131442352811,-37.402137336153]},"properties":{"distrct_no":"05","distrct_label":"District 5","distrct_phone_no":"03 5551 1500","brig_name":"Mooralla","fs_name":"Mooralla","fs_type":"main","street":"46 Greenaways Road","suburb":"Mooralla","pcode":"3314","grp_name":"Dundas","label":"Mooralla","site_oc_id":19208,"ESRI_OID":162}},{"type":"Feature","id":163,"geometry":{"type":"Point","coordinates":[142.692965703173,-38.3965108657929]},"properties":{"distrct_no":"05","distrct_label":"District 5","distrct_phone_no":"03 5551 1500","brig_name":"Naringal","fs_name":"Naringal","fs_type":"main","street":"3803 Cobden-Warrnambool Road","suburb":"Naringal","pcode":"3277","grp_name":"Hopkins - Curdies","label":"Naringal","site_oc_id":19209,"ESRI_OID":163}},{"type":"Feature","id":164,"geometry":{"type":"Point","coordinates":[142.795355033209,-38.5224439157563]},"properties":{"distrct_no":"05","distrct_label":"District 5","distrct_phone_no":"03 5551 1500","brig_name":"Nirranda South","fs_name":"Nirranda South","fs_type":"main","street":"Great Ocean Road","suburb":"Nirranda South","pcode":"3268","grp_name":"Hopkins - Curdies","label":"Nirranda South","site_oc_id":19215,"ESRI_OID":164}},{"type":"Feature","id":165,"geometry":{"type":"Point","coordinates":[141.957728763141,-37.8890706658432]},"properties":{"distrct_no":"05","distrct_label":"District 5","distrct_phone_no":"03 5551 1500","brig_name":"North Byaduk","fs_name":"North Byaduk","fs_type":"main","street":"6495 Hamilton-Port Fairy Road","suburb":"Byaduk North","pcode":"3300","grp_name":"Macarthur","label":"North Byaduk","site_oc_id":19216,"ESRI_OID":165}},{"type":"Feature","id":166,"geometry":{"type":"Point","coordinates":[141.984530623038,-37.7221900159392]},"properties":{"distrct_no":"05","distrct_label":"District 5","distrct_phone_no":"03 5551 1500","brig_name":"North Hamilton","fs_name":"North Hamilton","fs_type":"main","street":"19 Balkins Road","suburb":"Hamilton","pcode":"3300","grp_name":"Dundas","label":"North Hamilton","site_oc_id":19217,"ESRI_OID":166}},{"type":"Feature","id":167,"geometry":{"type":"Point","coordinates":[142.749855173195,-38.4701322357706]},"properties":{"distrct_no":"05","distrct_label":"District 5","distrct_phone_no":"03 5551 1500","brig_name":"Nullawarre","fs_name":"Nullawarre","fs_type":"main","street":"Great Ocean Road","suburb":"Nullawarre","pcode":"3268","grp_name":"Hopkins - Curdies","label":"Nullawarre","site_oc_id":19218,"ESRI_OID":167}},{"type":"Feature","id":168,"geometry":{"type":"Point","coordinates":[142.104514873267,-38.2047028757209]},"properties":{"distrct_no":"05","distrct_label":"District 5","distrct_phone_no":"03 5551 1500","brig_name":"Orford","fs_name":"Orford","fs_type":"main","street":"Hamilton-Port Fairy Road","suburb":"Orford","pcode":"3284","grp_name":"Macarthur","label":"Orford","site_oc_id":19219,"ESRI_OID":168}},{"type":"Feature","id":169,"geometry":{"type":"Point","coordinates":[142.729469313126,-38.3341657558367]},"properties":{"distrct_no":"05","distrct_label":"District 5","distrct_phone_no":"03 5551 1500","brig_name":"Panmure","fs_name":"Panmure","fs_type":"main","street":"Princes Highway","suburb":"Panmure","pcode":"3265","grp_name":"Hopkins - Curdies","label":"Panmure","site_oc_id":19220,"ESRI_OID":169}},{"type":"Feature","id":170,"geometry":{"type":"Point","coordinates":[142.297449733013,-37.8696471459547]},"properties":{"distrct_no":"05","distrct_label":"District 5","distrct_phone_no":"03 5551 1500","brig_name":"Penshurst","fs_name":"Penshurst","fs_type":"main","street":"14 Penshurst-Dunkeld Road","suburb":"Penshurst","pcode":"3289","grp_name":"Mount Rouse","label":"Penshurst","site_oc_id":19221,"ESRI_OID":170}},{"type":"Feature","id":171,"geometry":{"type":"Point","coordinates":[142.876769343229,-38.6070853657353]},"properties":{"distrct_no":"05","distrct_label":"District 5","distrct_phone_no":"03 5551 1500","brig_name":"Peterborough","fs_name":"Peterborough","fs_type":"main","street":"21 Macs Street","suburb":"Peterborough","pcode":"3270","grp_name":"Hopkins - Curdies","label":"Peterborough","site_oc_id":19224,"ESRI_OID":171}},{"type":"Feature","id":172,"geometry":{"type":"Point","coordinates":[142.125986063157,-38.0216704758234]},"properties":{"distrct_no":"05","distrct_label":"District 5","distrct_phone_no":"03 5551 1500","brig_name":"Ripponhurst","fs_name":"Ripponhurst","fs_type":"main","street":"Macarthur-Hawkesdale Road","suburb":"Ripponhurst","pcode":"3286","grp_name":"Macarthur","label":"Ripponhurst","site_oc_id":19228,"ESRI_OID":172}},{"type":"Feature","id":173,"geometry":{"type":"Point","coordinates":[142.441442573057,-38.0366557859091]},"properties":{"distrct_no":"05","distrct_label":"District 5","distrct_phone_no":"03 5551 1500","brig_name":"Spring Creek","fs_name":"Spring Creek","fs_type":"main","street":"454 Goodwood Road","suburb":"Minjah","pcode":"3276","grp_name":"Hawkesdale","label":"Spring Creek","site_oc_id":19229,"ESRI_OID":173}},{"type":"Feature","id":174,"geometry":{"type":"Point","coordinates":[142.049925293315,-38.2568040656775]},"properties":{"distrct_no":"05","distrct_label":"District 5","distrct_phone_no":"03 5551 1500","brig_name":"St Helens","fs_name":"St Helens","fs_type":"main","street":"968 Codrington-Orford Road","suburb":"St Helens","pcode":"3285","grp_name":"Belfast","label":"St Helens","site_oc_id":19230,"ESRI_OID":174}},{"type":"Feature","id":175,"geometry":{"type":"Point","coordinates":[142.112209922984,-37.7037800159871]},"properties":{"distrct_no":"05","distrct_label":"District 5","distrct_phone_no":"03 5551 1500","brig_name":"Strathkellar","fs_name":"Strathkellar","fs_type":"main","street":"49 Tarrington-Strathkellar Road","suburb":"Strathkellar","pcode":"3301","grp_name":"Dundas","label":"Strathkellar","site_oc_id":19231,"ESRI_OID":175}},{"type":"Feature","id":176,"geometry":{"type":"Point","coordinates":[142.477240892836,-37.6593164161205]},"properties":{"distrct_no":"05","distrct_label":"District 5","distrct_phone_no":"03 5551 1500","brig_name":"Strathmore","fs_name":"Strathmore","fs_type":"main","street":"258 Lovatdale Lane","suburb":"Glenthompson","pcode":"3293","grp_name":"Serra","label":"Strathmore","site_oc_id":19232,"ESRI_OID":176}},{"type":"Feature","id":177,"geometry":{"type":"Point","coordinates":[142.097302823025,-37.7682877359485]},"properties":{"distrct_no":"05","distrct_label":"District 5","distrct_phone_no":"03 5551 1500","brig_name":"Tarrington","fs_name":"Tarrington","fs_type":"main","street":"12 Picnic Road","suburb":"Tarrington","pcode":"3301","grp_name":"Dundas","label":"Tarrington","site_oc_id":19233,"ESRI_OID":177}},{"type":"Feature","id":178,"geometry":{"type":"Point","coordinates":[142.780131843029,-38.1913032359275]},"properties":{"distrct_no":"05","distrct_label":"District 5","distrct_phone_no":"03 5551 1500","brig_name":"The Sisters","fs_name":"The Sisters","fs_type":"main","street":"Sisters-Noorat Road","suburb":"The Sisters","pcode":"3265","grp_name":"Mortlake","label":"The Sisters","site_oc_id":19234,"ESRI_OID":178}},{"type":"Feature","id":179,"geometry":{"type":"Point","coordinates":[142.32509804283,-37.55542911613]},"properties":{"distrct_no":"05","distrct_label":"District 5","distrct_phone_no":"03 5551 1500","brig_name":"Victoria Valley","fs_name":"Victoria Valley","fs_type":"main","street":"1087 Victoria Valley Road","suburb":"Victoria Valley","pcode":"3294","grp_name":"Dundas","label":"Victoria Valley","site_oc_id":19236,"ESRI_OID":179}},{"type":"Feature","id":180,"geometry":{"type":"Point","coordinates":[142.579039513175,-38.3299477257946]},"properties":{"distrct_no":"05","distrct_label":"District 5","distrct_phone_no":"03 5551 1500","brig_name":"Wangoom","fs_name":"Wangoom","fs_type":"main","street":"4 Wangoom-Warrumyea Road","suburb":"Wangoom","pcode":"3279","grp_name":"Merri","label":"Wangoom","site_oc_id":19237,"ESRI_OID":180}},{"type":"Feature","id":181,"geometry":{"type":"Point","coordinates":[142.206058002949,-37.6971299960188]},"properties":{"distrct_no":"05","distrct_label":"District 5","distrct_phone_no":"03 5551 1500","brig_name":"Warrayure-Moutajup","fs_name":"Warrayure-Moutajup","fs_type":"main","street":"8195 Glenelg Highway","suburb":"Moutajup","pcode":"3294","grp_name":"Dundas","label":"Warrayure-Moutajup","site_oc_id":19238,"ESRI_OID":181}},{"type":"Feature","id":182,"geometry":{"type":"Point","coordinates":[142.255133513191,-38.1610604757882]},"properties":{"distrct_no":"05","distrct_label":"District 5","distrct_phone_no":"03 5551 1500","brig_name":"Willatook & District","fs_name":"Willatook & District","fs_type":"main","street":"739 Willatook-Warrong Road","suburb":"Willatook","pcode":"3283","grp_name":"Hawkesdale","label":"Willatook & District","site_oc_id":19241,"ESRI_OID":182}},{"type":"Feature","id":183,"geometry":{"type":"Point","coordinates":[142.458760543166,-38.2418746258058]},"properties":{"distrct_no":"05","distrct_label":"District 5","distrct_phone_no":"03 5551 1500","brig_name":"Winslow & Yarpturk","fs_name":"Winslow & Yarpturk","fs_type":"main","street":"27 Church Street","suburb":"Winslow","pcode":"3281","grp_name":"Merri","label":"Winslow & Yarpturk","site_oc_id":19242,"ESRI_OID":183}},{"type":"Feature","id":184,"geometry":{"type":"Point","coordinates":[142.4875418932,-38.319972225773]},"properties":{"distrct_no":"05","distrct_label":"District 5","distrct_phone_no":"03 5551 1500","brig_name":"Woodford","fs_name":"Woodford","fs_type":"main","street":"185 Bridge Road","suburb":"Woodford","pcode":"3281","grp_name":"Merri","label":"Woodford","site_oc_id":19244,"ESRI_OID":184}},{"type":"Feature","id":185,"geometry":{"type":"Point","coordinates":[142.419788982929,-37.7927544760321]},"properties":{"distrct_no":"05","distrct_label":"District 5","distrct_phone_no":"03 5551 1500","brig_name":"Woodhouse","fs_name":"Woodhouse","fs_type":"main","street":"2 Woodhouse Lane","suburb":"Woodhouse","pcode":"3294","grp_name":"Serra","label":"Woodhouse","site_oc_id":19245,"ESRI_OID":185}},{"type":"Feature","id":186,"geometry":{"type":"Point","coordinates":[142.434404003142,-38.1843849958289]},"properties":{"distrct_no":"05","distrct_label":"District 5","distrct_phone_no":"03 5551 1500","brig_name":"Woolsthorpe","fs_name":"Woolsthorpe","fs_type":"main","street":"Latta Street","suburb":"Woolsthorpe","pcode":"3276","grp_name":"Hawkesdale","label":"Woolsthorpe","site_oc_id":19246,"ESRI_OID":186}},{"type":"Feature","id":187,"geometry":{"type":"Point","coordinates":[142.935067202934,-38.1142408760146]},"properties":{"distrct_no":"05","distrct_label":"District 5","distrct_phone_no":"03 5551 1500","brig_name":"Wooriwyrite","fs_name":"Wooriwyrite","fs_type":"main","street":"1362 Darlington-Terang Road","suburb":"Kolora","pcode":"3265","grp_name":"Mortlake","label":"Wooriwyrite","site_oc_id":19247,"ESRI_OID":187}},{"type":"Feature","id":188,"geometry":{"type":"Point","coordinates":[142.067870003342,-38.3153049956522]},"properties":{"distrct_no":"05","distrct_label":"District 5","distrct_phone_no":"03 5551 1500","brig_name":"Yambuk","fs_name":"Yambuk","fs_type":"main","street":"11 Monck Street","suburb":"Yambuk","pcode":"3285","grp_name":"Belfast","label":"Yambuk","site_oc_id":19248,"ESRI_OID":188}},{"type":"Feature","id":189,"geometry":{"type":"Point","coordinates":[142.010064043013,-37.6930033459622]},"properties":{"distrct_no":"05","distrct_label":"District 5","distrct_phone_no":"03 5551 1500","brig_name":"Bainbridge","fs_name":"Bainbridge","fs_type":"main","street":"89 Hartwichs Road","suburb":"Hamilton","pcode":"3300","grp_name":"Dundas","label":"Bainbridge","site_oc_id":19250,"ESRI_OID":189}},{"type":"Feature","id":190,"geometry":{"type":"Point","coordinates":[141.841695392826,-37.2494724561462]},"properties":{"distrct_no":"05","distrct_label":"District 5","distrct_phone_no":"03 5551 1500","brig_name":"Balmoral","fs_name":"Balmoral","fs_type":"main","street":"31 Bell Street","suburb":"Balmoral","pcode":"3407","grp_name":"Balmoral","label":"Balmoral","site_oc_id":19252,"ESRI_OID":190}},{"type":"Feature","id":191,"geometry":{"type":"Point","coordinates":[141.797922463178,-37.8577888658122]},"properties":{"distrct_no":"05","distrct_label":"District 5","distrct_phone_no":"03 5551 1500","brig_name":"Branxholme","fs_name":"Branxholme","fs_type":"main","street":"94 Best Street","suburb":"Branxholme","pcode":"3302","grp_name":"Dundas","label":"Branxholme","site_oc_id":19254,"ESRI_OID":191}},{"type":"Feature","id":192,"geometry":{"type":"Point","coordinates":[141.640446232897,-37.2534843860829]},"properties":{"distrct_no":"05","distrct_label":"District 5","distrct_phone_no":"03 5551 1500","brig_name":"Culla","fs_name":"Culla","fs_type":"main","street":"10 Mooree-Culla Road","suburb":"Culla","pcode":"3315","grp_name":"Nareen","label":"Culla","site_oc_id":19265,"ESRI_OID":192}},{"type":"Feature","id":193,"geometry":{"type":"Point","coordinates":[141.782200002937,-37.4147635960406]},"properties":{"distrct_no":"05","distrct_label":"District 5","distrct_phone_no":"03 5551 1500","brig_name":"Gringe","fs_name":"Gringe","fs_type":"main","street":"2407 Coleraine-Balmoral Road","suburb":"Gringegalgona","pcode":"3315","grp_name":"Balmoral","label":"Gringe","site_oc_id":19273,"ESRI_OID":193}},{"type":"Feature","id":194,"geometry":{"type":"Point","coordinates":[141.757259003031,-37.5694349959515]},"properties":{"distrct_no":"05","distrct_label":"District 5","distrct_phone_no":"03 5551 1500","brig_name":"Gritjurk","fs_name":"Gritjurk","fs_type":"main","street":"3011 Cavendish-Coleraine Road","suburb":"Gritjurk","pcode":"3315","grp_name":"Balmoral","label":"Gritjurk","site_oc_id":19274,"ESRI_OID":194}},{"type":"Feature","id":195,"geometry":{"type":"Point","coordinates":[141.668611003095,-37.6284428658939]},"properties":{"distrct_no":"05","distrct_label":"District 5","distrct_phone_no":"03 5551 1500","brig_name":"Hilgay Settlers","fs_name":"Hilgay Settlers","fs_type":"main","street":"318 Top Hilgay Road","suburb":"Coleraine","pcode":"3315","grp_name":"Balmoral","label":"Hilgay Settlers","site_oc_id":19280,"ESRI_OID":195}},{"type":"Feature","id":196,"geometry":{"type":"Point","coordinates":[141.674601033019,-37.4959775859653]},"properties":{"distrct_no":"05","distrct_label":"District 5","distrct_phone_no":"03 5551 1500","brig_name":"Konongwootong","fs_name":"Konongwootong","fs_type":"main","street":"16 Nareen Road","suburb":"Konongwootong","pcode":"3315","grp_name":"Nareen","label":"Konongwootong","site_oc_id":19283,"ESRI_OID":196}},{"type":"Feature","id":197,"geometry":{"type":"Point","coordinates":[141.846424722967,-37.5077133060109]},"properties":{"distrct_no":"05","distrct_label":"District 5","distrct_phone_no":"03 5551 1500","brig_name":"Melville Forest","fs_name":"Melville Forest","fs_type":"main","street":"1851 Cavendish-Coleraine Road","suburb":"Melville Forest","pcode":"3315","grp_name":"Balmoral","label":"Melville Forest","site_oc_id":19288,"ESRI_OID":197}},{"type":"Feature","id":198,"geometry":{"type":"Point","coordinates":[141.560182563114,-37.5956405858786]},"properties":{"distrct_no":"05","distrct_label":"District 5","distrct_phone_no":"03 5551 1500","brig_name":"Muntham","fs_name":"Muntham","fs_type":"main","street":"194 Shadys Lane","suburb":"Clover Flat","pcode":"3315","grp_name":"Nareen","label":"Muntham","site_oc_id":19294,"ESRI_OID":198}},{"type":"Feature","id":199,"geometry":{"type":"Point","coordinates":[141.669823002911,-37.2974499960686]},"properties":{"distrct_no":"05","distrct_label":"District 5","distrct_phone_no":"03 5551 1500","brig_name":"Pigeon Ponds","fs_name":"Pigeon Ponds","fs_type":"main","street":"3425 Coleraine-Edenhope Road","suburb":"Pigeon Ponds","pcode":"3407","grp_name":"Nareen","label":"Pigeon Ponds","site_oc_id":19299,"ESRI_OID":199}},{"type":"Feature","id":200,"geometry":{"type":"Point","coordinates":[141.565290322947,-37.2976759060368]},"properties":{"distrct_no":"05","distrct_label":"District 5","distrct_phone_no":"03 5551 1500","brig_name":"Tarrayoukyan","fs_name":"Tarrayoukyan","fs_type":"main","street":"2815 Nareen Road","suburb":"Tarrayoukyan","pcode":"3315","grp_name":"Nareen","label":"Tarrayoukyan","site_oc_id":19310,"ESRI_OID":200}},{"type":"Feature","id":201,"geometry":{"type":"Point","coordinates":[141.719701423086,-37.6437609059012]},"properties":{"distrct_no":"05","distrct_label":"District 5","distrct_phone_no":"03 5551 1500","brig_name":"Tarrenlea","fs_name":"Tarrenlea","fs_type":"main","street":"580 Tarrenlea Road","suburb":"Coleraine","pcode":"3315","grp_name":"Balmoral","label":"Tarrenlea","site_oc_id":19311,"ESRI_OID":201}},{"type":"Feature","id":202,"geometry":{"type":"Point","coordinates":[141.87554076288,-37.3684167760934]},"properties":{"distrct_no":"05","distrct_label":"District 5","distrct_phone_no":"03 5551 1500","brig_name":"Vasey","fs_name":"Vasey","fs_type":"main","street":"325 Melville Forest-Vasey Road","suburb":"Vasey","pcode":"3407","grp_name":"Balmoral","label":"Vasey","site_oc_id":19313,"ESRI_OID":202}},{"type":"Feature","id":203,"geometry":{"type":"Point","coordinates":[141.71619659303,-37.5405536959544]},"properties":{"distrct_no":"05","distrct_label":"District 5","distrct_phone_no":"03 5551 1500","brig_name":"Wootong Vale","fs_name":"Wootong Vale","fs_type":"main","street":"684 Coleraine-Balmoral Road","suburb":"Wootong Vale","pcode":"3315","grp_name":"Balmoral","label":"Wootong Vale","site_oc_id":19318,"ESRI_OID":203}},{"type":"Feature","id":204,"geometry":{"type":"Point","coordinates":[142.013434673036,-37.7355115559408]},"properties":{"distrct_no":"05","distrct_label":"District 5","distrct_phone_no":"03 5551 1500","brig_name":"District 5 Headquarters","fs_name":"District 5 Headquarters RFB","fs_type":"main","street":"92-94 Coleraine Road","suburb":"Hamilton","pcode":"3300","grp_name":null,"label":"District 5 Headquarters RFB","site_oc_id":19566,"ESRI_OID":204}},{"type":"Feature","id":205,"geometry":{"type":"Point","coordinates":[142.011260003045,-37.7497289959326]},"properties":{"distrct_no":"05","distrct_label":"District 5","distrct_phone_no":"03 5551 1500","brig_name":"Austgum","fs_name":"Austgum","fs_type":"main","street":"60 Portland Road","suburb":"Hamilton","pcode":"3300","grp_name":"Macarthur","label":"Austgum","site_oc_id":19679,"ESRI_OID":205}},{"type":"Feature","id":206,"geometry":{"type":"Point","coordinates":[142.040372002912,-37.5289409960582]},"properties":{"distrct_no":"05","distrct_label":"District 5","distrct_phone_no":"03 5551 1500","brig_name":"Cavendish","fs_name":"Cavendish","fs_type":"main","street":"22 Barker Street","suburb":"Cavendish","pcode":"3314","grp_name":"Dundas","label":"Cavendish","site_oc_id":19728,"ESRI_OID":206}},{"type":"Feature","id":207,"geometry":{"type":"Point","coordinates":[142.523887003169,-38.2861429958016]},"properties":{"distrct_no":"05","distrct_label":"District 5","distrct_phone_no":"03 5551 1500","brig_name":"Grassmere","fs_name":"Grassmere","fs_type":"main","street":"8 Ibbs Lane","suburb":"Grassmere","pcode":"3281","grp_name":"Merri","label":"Grassmere","site_oc_id":19807,"ESRI_OID":207}},{"type":"Feature","id":208,"geometry":{"type":"Point","coordinates":[141.957042003176,-37.95201199581]},"properties":{"distrct_no":"05","distrct_label":"District 5","distrct_phone_no":"03 5551 1500","brig_name":"Byaduk","fs_name":"Byaduk","fs_type":"main","street":"16 Byaduk-Penshurst Road","suburb":"Byaduk","pcode":"3301","grp_name":"Macarthur","label":"Byaduk","site_oc_id":19808,"ESRI_OID":208}},{"type":"Feature","id":209,"geometry":{"type":"Point","coordinates":[141.564861002988,-37.3714059959979]},"properties":{"distrct_no":"05","distrct_label":"District 5","distrct_phone_no":"03 5551 1500","brig_name":"Nareen","fs_name":"Nareen","fs_type":"main","street":"7 Steep Gully Road","suburb":"Nareen","pcode":"3315","grp_name":"Nareen","label":"Nareen","site_oc_id":19810,"ESRI_OID":209}},{"type":"Feature","id":210,"geometry":{"type":"Point","coordinates":[142.617933003134,-38.2803539958323]},"properties":{"distrct_no":"05","distrct_label":"District 5","distrct_phone_no":"03 5551 1500","brig_name":"Purnim","fs_name":"Purnim","fs_type":"main","street":"5 Bryan Olynn Road","suburb":"Purnim","pcode":"3278","grp_name":"Merri","label":"Purnim","site_oc_id":19841,"ESRI_OID":210}},{"type":"Feature","id":211,"geometry":{"type":"Point","coordinates":[142.47531300325,-38.4014749957264]},"properties":{"distrct_no":"05","distrct_label":"District 5","distrct_phone_no":"03 5551 1500","brig_name":"Warrnambool Coast Guard","fs_name":"Warrnambool Coast Guard","fs_type":"main","street":"50 Viaduct Road","suburb":"Warrnambool","pcode":"3280","grp_name":"Merri","label":"Warrnambool Coast Guard","site_oc_id":19878,"ESRI_OID":211}},{"type":"Feature","id":212,"geometry":{"type":"Point","coordinates":[142.669648003204,-38.4375149957644]},"properties":{"distrct_no":"05","distrct_label":"District 5","distrct_phone_no":"03 5551 1500","brig_name":"Mepunga","fs_name":"Mepunga","fs_type":"main","street":"4703 Great Ocean Road","suburb":"Mepunga West","pcode":"3277","grp_name":"Hopkins - Curdies","label":"Mepunga","site_oc_id":19930,"ESRI_OID":212}},{"type":"Feature","id":213,"geometry":{"type":"Point","coordinates":[142.808049003117,-38.3663469958428]},"properties":{"distrct_no":"05","distrct_label":"District 5","distrct_phone_no":"03 5551 1500","brig_name":"Laang","fs_name":"Laang","fs_type":"main","street":"813 Garvoc-Laang Road","suburb":"Laang","pcode":"3265","grp_name":"Hopkins - Curdies","label":"Laang","site_oc_id":19931,"ESRI_OID":213}},{"type":"Feature","id":214,"geometry":{"type":"Point","coordinates":[142.262450002953,-37.7385619960137]},"properties":{"distrct_no":"05","distrct_label":"District 5","distrct_phone_no":"03 5551 1500","brig_name":"Linlithgow","fs_name":"Linlithgow","fs_type":"main","street":"65 North Lake Road","suburb":"Moutajup","pcode":"3294","grp_name":"Mount Rouse","label":"Linlithgow","site_oc_id":19970,"ESRI_OID":214}},{"type":"Feature","id":215,"geometry":{"type":"Point","coordinates":[142.223725003292,-38.3224399956942]},"properties":{"distrct_no":"05","distrct_label":"District 5","distrct_phone_no":"03 5551 1500","brig_name":"Toolong","fs_name":"Toolong","fs_type":"main","street":"11 Toolong West Road","suburb":"Toolong","pcode":"3285","grp_name":"Belfast","label":"Toolong","site_oc_id":19971,"ESRI_OID":215}},{"type":"Feature","id":216,"geometry":{"type":"Point","coordinates":[142.814492002952,-38.0739949960002]},"properties":{"distrct_no":"05","distrct_label":"District 5","distrct_phone_no":"03 5551 1500","brig_name":"Mortlake","fs_name":"Mortlake","fs_type":"main","street":"129 Boundary Road","suburb":"Mortlake","pcode":"3272","grp_name":"Mortlake","label":"Mortlake","site_oc_id":19999,"ESRI_OID":216}},{"type":"Feature","id":217,"geometry":{"type":"Point","coordinates":[142.174025003081,-37.914901995894]},"properties":{"distrct_no":"05","distrct_label":"District 5","distrct_phone_no":"03 5551 1500","brig_name":"Gazette","fs_name":"Gazette","fs_type":"main","street":"2174 Macarthur-Penshurst Road","suburb":"Gazette","pcode":"3289","grp_name":"Mount Rouse","label":"Gazette","site_oc_id":20026,"ESRI_OID":217}},{"type":"Feature","id":218,"geometry":{"type":"Point","coordinates":[142.652500003155,-38.339859995811]},"properties":{"distrct_no":"05","distrct_label":"District 5","distrct_phone_no":"03 5551 1500","brig_name":"Cudgee","fs_name":"Cudgee","fs_type":"main","street":"161 Dwarroon Road","suburb":"Cudgee","pcode":"3265","grp_name":"Hopkins - Curdies","label":"Cudgee","site_oc_id":20052,"ESRI_OID":218}},{"type":"Feature","id":219,"geometry":{"type":"Point","coordinates":[142.492691003226,-38.3686519957488]},"properties":{"distrct_no":"05","distrct_label":"District 5","distrct_phone_no":"03 5551 1500","brig_name":"Warrnambool","fs_name":"Warrnambool","fs_type":"main","street":"61-67 Mortlake Road","suburb":"Warrnambool","pcode":"3280","grp_name":"Merri","label":"Warrnambool","site_oc_id":20083,"ESRI_OID":219}},{"type":"Feature","id":220,"geometry":{"type":"Point","coordinates":[142.057372002948,-37.6044309960233]},"properties":{"distrct_no":"05","distrct_label":"District 5","distrct_phone_no":"03 5551 1500","brig_name":"Hensley Park","fs_name":"Hensley Park","fs_type":"main","street":"1471 Hensley Park Road","suburb":"Hensley Park","pcode":"3301","grp_name":"Dundas","label":"Hensley Park","site_oc_id":20111,"ESRI_OID":220}},{"type":"Feature","id":221,"geometry":{"type":"Point","coordinates":[142.362660002996,-37.8772679959702]},"properties":{"distrct_no":"05","distrct_label":"District 5","distrct_phone_no":"03 5551 1500","brig_name":"Burn Brae","fs_name":"Burn Brae","fs_type":"main","street":"4989 Hamilton Highway","suburb":"Penshurst","pcode":"3289","grp_name":"Mount Rouse","label":"Burn Brae","site_oc_id":20115,"ESRI_OID":221}},{"type":"Feature","id":222,"geometry":{"type":"Point","coordinates":[142.398755002723,-37.4059899962321]},"properties":{"distrct_no":"05","distrct_label":"District 5","distrct_phone_no":"03 5551 1500","brig_name":"Mirranatwa","fs_name":"Mirranatwa","fs_type":"main","street":"121 Mirranatwa School Road","suburb":"Mirranatwa","pcode":"3294","grp_name":"Dundas","label":"Mirranatwa","site_oc_id":20116,"ESRI_OID":222}},{"type":"Feature","id":223,"geometry":{"type":"Point","coordinates":[141.913978003079,-37.7520019959023]},"properties":{"distrct_no":"05","distrct_label":"District 5","distrct_phone_no":"03 5551 1500","brig_name":"Yulecart","fs_name":"Yulecart","fs_type":"main","street":"6486 Dartmoor-Hamilton Road","suburb":"Yulecart","pcode":"3301","grp_name":"Dundas","label":"Yulecart","site_oc_id":20117,"ESRI_OID":223}},{"type":"Feature","id":224,"geometry":{"type":"Point","coordinates":[141.694886003072,-37.6038459959147]},"properties":{"distrct_no":"05","distrct_label":"District 5","distrct_phone_no":"03 5551 1500","brig_name":"Coleraine","fs_name":"Coleraine","fs_type":"main","street":"53 Read Street","suburb":"Coleraine","pcode":"3315","grp_name":"Balmoral","label":"Coleraine","site_oc_id":20121,"ESRI_OID":224}},{"type":"Feature","id":225,"geometry":{"type":"Point","coordinates":[141.597941003011,-37.433830995975]},"properties":{"distrct_no":"05","distrct_label":"District 5","distrct_phone_no":"03 5551 1500","brig_name":"Wando Heights","fs_name":"Wando Heights","fs_type":"main","street":"18 Wando Dale Road","suburb":"Nareen","pcode":"3315","grp_name":"Nareen","label":"Wando Heights","site_oc_id":20123,"ESRI_OID":225}},{"type":"Feature","id":226,"geometry":{"type":"Point","coordinates":[142.310879003183,-38.1804399957945]},"properties":{"distrct_no":"05","distrct_label":"District 5","distrct_phone_no":"03 5551 1500","brig_name":"Warrong","fs_name":"Warrong","fs_type":"main","street":"1683 Penshurst-Warrnambool Road","suburb":"Warrong","pcode":"3282","grp_name":"Hawkesdale","label":"Warrong","site_oc_id":20129,"ESRI_OID":226}},{"type":"Feature","id":227,"geometry":{"type":"Point","coordinates":[142.372933003227,-38.2968879957515]},"properties":{"distrct_no":"05","distrct_label":"District 5","distrct_phone_no":"03 5551 1500","brig_name":"Koroit","fs_name":"Koroit","fs_type":"main","street":"23 Mill Street","suburb":"Koroit","pcode":"3282","grp_name":"Merri","label":"Koroit","site_oc_id":20159,"ESRI_OID":227}},{"type":"Feature","id":228,"geometry":{"type":"Point","coordinates":[140.782149003514,-37.8260229955278]},"properties":{"distrct_no":"05","distrct_label":"District 5","distrct_phone_no":"03 5551 1500","brig_name":"SFM Forest Products","fs_name":"SFM Forest Products","fs_type":"main","street":"20 Penola Road","suburb":"Mount Gambier - SA","pcode":"5290","grp_name":"Macarthur","label":"SFM Forest Products","site_oc_id":20162,"ESRI_OID":228}},{"type":"Feature","id":229,"geometry":{"type":"Point","coordinates":[142.22994300332,-38.3746749956686]},"properties":{"distrct_no":"05","distrct_label":"District 5","distrct_phone_no":"03 5551 1500","brig_name":"Port Fairy","fs_name":"Port Fairy","fs_type":"main","street":"116 Princes Highway","suburb":"Port Fairy","pcode":"3284","grp_name":"Belfast","label":"Port Fairy","site_oc_id":20334,"ESRI_OID":229}},{"type":"Feature","id":230,"geometry":{"type":"Point","coordinates":[142.476112843186,-38.2873286757869]},"properties":{"distrct_no":"05","distrct_label":"District 5","distrct_phone_no":"03 5551 1500","brig_name":"Winslow & Yarpturk","fs_name":"Winslow & Yarpturk Satellite","fs_type":"satellite","street":"884 Warrnambool-Caramut Road","suburb":"Mailors Flat","pcode":"3275","grp_name":"Merri","label":"Winslow & Yarpturk Satellite (Mailors Flat)","site_oc_id":20406,"ESRI_OID":230}},{"type":"Feature","id":231,"geometry":{"type":"Point","coordinates":[141.869303343212,-37.9632206957781]},"properties":{"distrct_no":"05","distrct_label":"District 5","distrct_phone_no":"03 5551 1500","brig_name":"Byaduk","fs_name":"Byaduk Satellite","fs_type":"satellite","street":"689 Blohms Road","suburb":"Byaduk","pcode":"3301","grp_name":"Macarthur","label":"Byaduk Satellite (Knebsworth)","site_oc_id":20431,"ESRI_OID":231}},{"type":"Feature","id":232,"geometry":{"type":"Point","coordinates":[143.758232672856,-38.4693395760678]},"properties":{"distrct_no":"06","distrct_label":"District 6","distrct_phone_no":"03 5232 5600","brig_name":"Barwon Downs","fs_name":"Barwon Downs","fs_type":"main","street":"1599 Birregurra-Forrest Road","suburb":"Barwon Downs","pcode":"3243","grp_name":"Beeac","label":"Barwon Downs","site_oc_id":19095,"ESRI_OID":232}},{"type":"Feature","id":233,"geometry":{"type":"Point","coordinates":[143.781141612774,-38.3359769161467]},"properties":{"distrct_no":"06","distrct_label":"District 6","distrct_phone_no":"03 5232 5600","brig_name":"Birregurra","fs_name":"Birregurra","fs_type":"main","street":"6 Ennis Street","suburb":"Birregurra","pcode":"3242","grp_name":"Beeac","label":"Birregurra","site_oc_id":19096,"ESRI_OID":233}},{"type":"Feature","id":234,"geometry":{"type":"Point","coordinates":[143.891125362903,-38.6336420960183]},"properties":{"distrct_no":"06","distrct_label":"District 6","distrct_phone_no":"03 5232 5600","brig_name":"Wye River","fs_name":"Wye River","fs_type":"main","street":"30 Mclellan Court","suburb":"Wye River","pcode":"3234","grp_name":"Corangamite","label":"Wye River","site_oc_id":19110,"ESRI_OID":234}},{"type":"Feature","id":235,"geometry":{"type":"Point","coordinates":[143.668249903046,-38.7566109758868]},"properties":{"distrct_no":"06","distrct_label":"District 6","distrct_phone_no":"03 5232 5600","brig_name":"Apollo Bay","fs_name":"Apollo Bay","fs_type":"main","street":"28 Pascoe Street","suburb":"Apollo Bay","pcode":"3233","grp_name":"Corangamite","label":"Apollo Bay","site_oc_id":19111,"ESRI_OID":235}},{"type":"Feature","id":236,"geometry":{"type":"Point","coordinates":[143.586504992868,-38.3892995960602]},"properties":{"distrct_no":"06","distrct_label":"District 6","distrct_phone_no":"03 5232 5600","brig_name":"Barongarook West","fs_name":"Barongarook West","fs_type":"main","street":"247 Colac-Lavers Hill Road","suburb":"Elliminyt","pcode":"3250","grp_name":"Corangamite","label":"Barongarook West","site_oc_id":19113,"ESRI_OID":236}},{"type":"Feature","id":237,"geometry":{"type":"Point","coordinates":[143.638431132742,-38.1934770061814]},"properties":{"distrct_no":"06","distrct_label":"District 6","distrct_phone_no":"03 5232 5600","brig_name":"Beeac","fs_name":"Beeac","fs_type":"main","street":"13 Lang Street","suburb":"Beeac","pcode":"3251","grp_name":"Beeac","label":"Beeac","site_oc_id":19114,"ESRI_OID":237}},{"type":"Feature","id":238,"geometry":{"type":"Point","coordinates":[143.487700142675,-37.9813559262512]},"properties":{"distrct_no":"06","distrct_label":"District 6","distrct_phone_no":"03 5232 5600","brig_name":"Berrybank","fs_name":"Berrybank","fs_type":"main","street":"3565 Foxhow-Berrybank Road","suburb":"Berrybank","pcode":"3323","grp_name":"Lismore","label":"Berrybank","site_oc_id":19115,"ESRI_OID":238}},{"type":"Feature","id":239,"geometry":{"type":"Point","coordinates":[143.120330782964,-38.2815728259801]},"properties":{"distrct_no":"06","distrct_label":"District 6","distrct_phone_no":"03 5232 5600","brig_name":"Bostocks Creek","fs_name":"Bostocks Creek","fs_type":"main","street":"644 Camperdown-Cobden Road","suburb":"Bostocks Creek","pcode":"3260","grp_name":"Apostles","label":"Bostocks Creek","site_oc_id":19117,"ESRI_OID":239}},{"type":"Feature","id":240,"geometry":{"type":"Point","coordinates":[142.92276628311,-38.4226655958466]},"properties":{"distrct_no":"06","distrct_label":"District 6","distrct_phone_no":"03 5232 5600","brig_name":"Brucknell-Ayrford","fs_name":"Brucknell-Ayrford","fs_type":"main","street":"328 Glenfyne-Brucknell Road","suburb":"Ecklin South","pcode":"3265","grp_name":"Apostles","label":"Brucknell-Ayrford","site_oc_id":19118,"ESRI_OID":240}},{"type":"Feature","id":241,"geometry":{"type":"Point","coordinates":[143.316089682963,-38.397252315976]},"properties":{"distrct_no":"06","distrct_label":"District 6","distrct_phone_no":"03 5232 5600","brig_name":"Bungador","fs_name":"Bungador","fs_type":"main","street":"885 Carpendeit-Bungador Road","suburb":"Swan Marsh","pcode":"3249","grp_name":"Corangamite","label":"Bungador","site_oc_id":19119,"ESRI_OID":241}},{"type":"Feature","id":242,"geometry":{"type":"Point","coordinates":[143.149329692927,-38.2319925260152]},"properties":{"distrct_no":"06","distrct_label":"District 6","distrct_phone_no":"03 5232 5600","brig_name":"Camperdown","fs_name":"Camperdown","fs_type":"main","street":"34 Fergusson Street","suburb":"Camperdown","pcode":"3260","grp_name":"Camperdown","label":"Camperdown","site_oc_id":19120,"ESRI_OID":242}},{"type":"Feature","id":243,"geometry":{"type":"Point","coordinates":[143.392460403029,-38.5615740959105]},"properties":{"distrct_no":"06","distrct_label":"District 6","distrct_phone_no":"03 5232 5600","brig_name":"Carlisle River","fs_name":"Carlisle River","fs_type":"main","street":"55 Gellibrand River Road","suburb":"Carlisle River","pcode":"3239","grp_name":"Corangamite","label":"Carlisle River","site_oc_id":19122,"ESRI_OID":243}},{"type":"Feature","id":244,"geometry":{"type":"Point","coordinates":[143.205410592983,-38.3662927959599]},"properties":{"distrct_no":"06","distrct_label":"District 6","distrct_phone_no":"03 5232 5600","brig_name":"Carpendeit-Sth Purrumbete","fs_name":"Carpendeit-Sth Purrumbete","fs_type":"main","street":"260 Nehill and Alexanders Road","suburb":"South Purrumbete","pcode":"3260","grp_name":"Apostles","label":"Carpendeit-Sth Purrumbete","site_oc_id":19123,"ESRI_OID":244}},{"type":"Feature","id":245,"geometry":{"type":"Point","coordinates":[143.067532663007,-38.3253633859411]},"properties":{"distrct_no":"06","distrct_label":"District 6","distrct_phone_no":"03 5232 5600","brig_name":"Cobden","fs_name":"Cobden","fs_type":"main","street":"16 Station Street","suburb":"Cobden","pcode":"3266","grp_name":"Apostles","label":"Cobden","site_oc_id":19125,"ESRI_OID":245}},{"type":"Feature","id":246,"geometry":{"type":"Point","coordinates":[143.020933173003,-38.2914936259454]},"properties":{"distrct_no":"06","distrct_label":"District 6","distrct_phone_no":"03 5232 5600","brig_name":"Cobrico","fs_name":"Cobrico","fs_type":"main","street":"22 Ewens Hill Road","suburb":"Cobrico","pcode":"3266","grp_name":"Apostles","label":"Cobrico","site_oc_id":19128,"ESRI_OID":246}},{"type":"Feature","id":247,"geometry":{"type":"Point","coordinates":[143.587964182842,-38.342379156086]},"properties":{"distrct_no":"06","distrct_label":"District 6","distrct_phone_no":"03 5232 5600","brig_name":"Colac","fs_name":"Colac","fs_type":"main","street":"30-34 Rae Street","suburb":"Colac","pcode":"3250","grp_name":"Beeac","label":"Colac","site_oc_id":19129,"ESRI_OID":247}},{"type":"Feature","id":248,"geometry":{"type":"Point","coordinates":[143.522313952833,-38.2866693560965]},"properties":{"distrct_no":"06","distrct_label":"District 6","distrct_phone_no":"03 5232 5600","brig_name":"Cororooke","fs_name":"Cororooke","fs_type":"main","street":"551 Corangamite Lake Road","suburb":"Cororooke","pcode":"3254","grp_name":"Corangamite","label":"Cororooke","site_oc_id":19133,"ESRI_OID":248}},{"type":"Feature","id":249,"geometry":{"type":"Point","coordinates":[143.633318682654,-38.0312654162678]},"properties":{"distrct_no":"06","distrct_label":"District 6","distrct_phone_no":"03 5232 5600","brig_name":"Cressy","fs_name":"Cressy","fs_type":"main","street":"5 Lyons Street","suburb":"Cressy","pcode":"3322","grp_name":"Lismore","label":"Cressy","site_oc_id":19134,"ESRI_OID":249}},{"type":"Feature","id":250,"geometry":{"type":"Point","coordinates":[143.046717022831,-37.996371306111]},"properties":{"distrct_no":"06","distrct_label":"District 6","distrct_phone_no":"03 5232 5600","brig_name":"Darlington","fs_name":"Darlington","fs_type":"main","street":"18 Ware Street","suburb":"Darlington","pcode":"3271","grp_name":"Lismore","label":"Darlington","site_oc_id":19135,"ESRI_OID":250}},{"type":"Feature","id":251,"geometry":{"type":"Point","coordinates":[143.220993932746,-37.9487387161888]},"properties":{"distrct_no":"06","distrct_label":"District 6","distrct_phone_no":"03 5232 5600","brig_name":"Derrinallum","fs_name":"Derrinallum","fs_type":"main","street":"33 Main Street","suburb":"Derrinallum","pcode":"3325","grp_name":"Lismore","label":"Derrinallum","site_oc_id":19136,"ESRI_OID":251}},{"type":"Feature","id":252,"geometry":{"type":"Point","coordinates":[143.482712672786,-38.178638376143]},"properties":{"distrct_no":"06","distrct_label":"District 6","distrct_phone_no":"03 5232 5600","brig_name":"Dreeite South","fs_name":"Dreeite South","fs_type":"main","street":"835 South Dreeite Road","suburb":"Dreeite","pcode":"3249","grp_name":"Corangamite","label":"Dreeite South","site_oc_id":19137,"ESRI_OID":252}},{"type":"Feature","id":253,"geometry":{"type":"Point","coordinates":[142.916555463078,-38.3616352058772]},"properties":{"distrct_no":"06","distrct_label":"District 6","distrct_phone_no":"03 5232 5600","brig_name":"Ecklin & District","fs_name":"Ecklin & District","fs_type":"main","street":"356 Timboon-Terang Road","suburb":"Ecklin South","pcode":"3265","grp_name":"Apostles","label":"Ecklin & District","site_oc_id":19139,"ESRI_OID":253}},{"type":"Feature","id":254,"geometry":{"type":"Point","coordinates":[143.539326412958,-38.5222921859748]},"properties":{"distrct_no":"06","distrct_label":"District 6","distrct_phone_no":"03 5232 5600","brig_name":"Gellibrand","fs_name":"Gellibrand","fs_type":"main","street":"Main Road","suburb":"Gellibrand River","pcode":"3239","grp_name":"Corangamite","label":"Gellibrand","site_oc_id":19142,"ESRI_OID":254}},{"type":"Feature","id":255,"geometry":{"type":"Point","coordinates":[143.684404312873,-38.4555493160534]},"properties":{"distrct_no":"06","distrct_label":"District 6","distrct_phone_no":"03 5232 5600","brig_name":"Gerangamete","fs_name":"Gerangamete","fs_type":"main","street":"2114 Colac-Forrest Road","suburb":"Gerangamete","pcode":"3249","grp_name":"Beeac","label":"Gerangamete","site_oc_id":19143,"ESRI_OID":255}},{"type":"Feature","id":256,"geometry":{"type":"Point","coordinates":[143.636882512794,-38.2852682561313]},"properties":{"distrct_no":"06","distrct_label":"District 6","distrct_phone_no":"03 5232 5600","brig_name":"Irrewarra","fs_name":"Irrewarra","fs_type":"main","street":"5 Ryans Road","suburb":"Irrewarra","pcode":"3249","grp_name":"Beeac","label":"Irrewarra","site_oc_id":19144,"ESRI_OID":256}},{"type":"Feature","id":257,"geometry":{"type":"Point","coordinates":[143.444037342928,-38.4117112960061]},"properties":{"distrct_no":"06","distrct_label":"District 6","distrct_phone_no":"03 5232 5600","brig_name":"Irrewillipe","fs_name":"Irrewillipe","fs_type":"main","street":"Tomahawk Creek Road","suburb":"Irrewillipe","pcode":"3249","grp_name":"Corangamite","label":"Irrewillipe","site_oc_id":19145,"ESRI_OID":257}},{"type":"Feature","id":258,"geometry":{"type":"Point","coordinates":[143.494484002873,-38.3432549960578]},"properties":{"distrct_no":"06","distrct_label":"District 6","distrct_phone_no":"03 5232 5600","brig_name":"Larpent","fs_name":"Larpent","fs_type":"main","street":"557 Back Larpent Road","suburb":"Larpent","pcode":"3249","grp_name":"Corangamite","label":"Larpent","site_oc_id":19147,"ESRI_OID":258}},{"type":"Feature","id":259,"geometry":{"type":"Point","coordinates":[143.318004742803,-38.1103402061307]},"properties":{"distrct_no":"06","distrct_label":"District 6","distrct_phone_no":"03 5232 5600","brig_name":"Leslie Manor","fs_name":"Leslie Manor","fs_type":"main","street":"35 Gnarpurt Road","suburb":"Leslie Manor","pcode":"3260","grp_name":"Lismore","label":"Leslie Manor","site_oc_id":19148,"ESRI_OID":259}},{"type":"Feature","id":260,"geometry":{"type":"Point","coordinates":[142.92936859319,-38.5690464557709]},"properties":{"distrct_no":"06","distrct_label":"District 6","distrct_phone_no":"03 5232 5600","brig_name":"Lower Heytesbury","fs_name":"Lower Heytesbury","fs_type":"main","street":"982 Timboon-Peterborough Road","suburb":"Heytesbury Lower","pcode":"3268","grp_name":"Apostles","label":"Lower Heytesbury","site_oc_id":19149,"ESRI_OID":260}},{"type":"Feature","id":261,"geometry":{"type":"Point","coordinates":[143.460445202874,-38.3245402360578]},"properties":{"distrct_no":"06","distrct_label":"District 6","distrct_phone_no":"03 5232 5600","brig_name":"Nalangil","fs_name":"Nalangil","fs_type":"main","street":"230 Nalangil Road","suburb":"Nalangil","pcode":"3249","grp_name":"Corangamite","label":"Nalangil","site_oc_id":19150,"ESRI_OID":261}},{"type":"Feature","id":262,"geometry":{"type":"Point","coordinates":[143.390542093096,-38.6789354058472]},"properties":{"distrct_no":"06","distrct_label":"District 6","distrct_phone_no":"03 5232 5600","brig_name":"Otway","fs_name":"Otway","fs_type":"main","street":"10 Lavers Hill-Cobden Road","suburb":"Lavers Hill","pcode":"3238","grp_name":"Corangamite","label":"Otway","site_oc_id":19151,"ESRI_OID":262}},{"type":"Feature","id":263,"geometry":{"type":"Point","coordinates":[143.2967676529,-38.2719213060376]},"properties":{"distrct_no":"06","distrct_label":"District 6","distrct_phone_no":"03 5232 5600","brig_name":"Pomborneit & Dist","fs_name":"Pomborneit & Dist","fs_type":"main","street":"Pomborneit-Foxhow Road","suburb":"Pomborneit","pcode":"3260","grp_name":"Camperdown","label":"Pomborneit & Dist","site_oc_id":19152,"ESRI_OID":263}},{"type":"Feature","id":264,"geometry":{"type":"Point","coordinates":[143.001147023192,-38.6159674457669]},"properties":{"distrct_no":"06","distrct_label":"District 6","distrct_phone_no":"03 5232 5600","brig_name":"Port Campbell","fs_name":"Port Campbell","fs_type":"main","street":"Desailly Street","suburb":"Port Campbell","pcode":"3269","grp_name":"Apostles","label":"Port Campbell","site_oc_id":19153,"ESRI_OID":264}},{"type":"Feature","id":265,"geometry":{"type":"Point","coordinates":[143.169464793136,-38.6179661158151]},"properties":{"distrct_no":"06","distrct_label":"District 6","distrct_phone_no":"03 5232 5600","brig_name":"Princetown","fs_name":"Princetown","fs_type":"main","street":"1995 Princetown Road","suburb":"Princetown","pcode":"3269","grp_name":"Apostles","label":"Princetown","site_oc_id":19154,"ESRI_OID":265}},{"type":"Feature","id":266,"geometry":{"type":"Point","coordinates":[143.046564553086,-38.4540246058663]},"properties":{"distrct_no":"06","distrct_label":"District 6","distrct_phone_no":"03 5232 5600","brig_name":"Scotts Ck-Cowleys Ck.","fs_name":"Scotts Ck-Cowleys Ck.","fs_type":"main","street":"Timboon-Colac Road","suburb":"Scotts Creek","pcode":"3267","grp_name":"Apostles","label":"Scotts Ck-Cowleys Ck.","site_oc_id":19156,"ESRI_OID":266}},{"type":"Feature","id":267,"geometry":{"type":"Point","coordinates":[143.330166002918,-38.3254039960187]},"properties":{"distrct_no":"06","distrct_label":"District 6","distrct_phone_no":"03 5232 5600","brig_name":"Stonyford","fs_name":"Stonyford","fs_type":"main","street":"2364 Cobden-Stonyford Road","suburb":"Stonyford","pcode":"3260","grp_name":"Camperdown","label":"Stonyford","site_oc_id":19158,"ESRI_OID":267}},{"type":"Feature","id":268,"geometry":{"type":"Point","coordinates":[143.17683995295,-38.290632285992]},"properties":{"distrct_no":"06","distrct_label":"District 6","distrct_phone_no":"03 5232 5600","brig_name":"Tesbury","fs_name":"Tesbury","fs_type":"main","street":"464 Tesbury School Road","suburb":"Tesbury","pcode":"3260","grp_name":"Camperdown","label":"Tesbury","site_oc_id":19160,"ESRI_OID":268}},{"type":"Feature","id":269,"geometry":{"type":"Point","coordinates":[142.967186463129,-38.4828555158276]},"properties":{"distrct_no":"06","distrct_label":"District 6","distrct_phone_no":"03 5232 5600","brig_name":"Timboon","fs_name":"Timboon","fs_type":"main","street":"107 Bailey Street","suburb":"Timboon","pcode":"3268","grp_name":"Apostles","label":"Timboon","site_oc_id":19161,"ESRI_OID":269}},{"type":"Feature","id":270,"geometry":{"type":"Point","coordinates":[143.166702842706,-37.8443083062288]},"properties":{"distrct_no":"06","distrct_label":"District 6","distrct_phone_no":"03 5232 5600","brig_name":"Vite Vite North","fs_name":"Vite Vite North","fs_type":"main","street":"409 Vite Vite-Streatham Road","suburb":"Vite Vite","pcode":"3325","grp_name":"Lismore","label":"Vite Vite North","site_oc_id":19164,"ESRI_OID":270}},{"type":"Feature","id":271,"geometry":{"type":"Point","coordinates":[143.57281239278,-38.2219380061465]},"properties":{"distrct_no":"06","distrct_label":"District 6","distrct_phone_no":"03 5232 5600","brig_name":"Warrion","fs_name":"Warrion","fs_type":"main","street":"640 Coragulac-Beeac Road","suburb":"Warrion","pcode":"3249","grp_name":"Corangamite","label":"Warrion","site_oc_id":19165,"ESRI_OID":271}},{"type":"Feature","id":272,"geometry":{"type":"Point","coordinates":[143.669889842695,-38.1265258462271]},"properties":{"distrct_no":"06","distrct_label":"District 6","distrct_phone_no":"03 5232 5600","brig_name":"Weering-Eurack","fs_name":"Weering-Eurack","fs_type":"main","street":"352 Weering-School Road","suburb":"Weering","pcode":"3251","grp_name":"Beeac","label":"Weering-Eurack","site_oc_id":19166,"ESRI_OID":272}},{"type":"Feature","id":273,"geometry":{"type":"Point","coordinates":[143.227438682915,-38.2573521160248]},"properties":{"distrct_no":"06","distrct_label":"District 6","distrct_phone_no":"03 5232 5600","brig_name":"Weerite","fs_name":"Weerite","fs_type":"main","street":"3427 Princes Highway","suburb":"Weerite","pcode":"3260","grp_name":"Camperdown","label":"Weerite","site_oc_id":19167,"ESRI_OID":273}},{"type":"Feature","id":274,"geometry":{"type":"Point","coordinates":[143.639803782833,-38.3583587860927]},"properties":{"distrct_no":"06","distrct_label":"District 6","distrct_phone_no":"03 5232 5600","brig_name":"Yeo & District","fs_name":"Yeo & District","fs_type":"main","street":"140 Old Yeo Road","suburb":"Yeo","pcode":"3249","grp_name":"Beeac","label":"Yeo & District","site_oc_id":19168,"ESRI_OID":274}},{"type":"Feature","id":275,"geometry":{"type":"Point","coordinates":[143.605873852833,-38.3372089160941]},"properties":{"distrct_no":"06","distrct_label":"District 6","distrct_phone_no":"03 5232 5600","brig_name":"AKD-Calco","fs_name":"AKD-Calco","fs_type":"main","street":"7-15 Forest Street","suburb":"Colac","pcode":"3250","grp_name":"Beeac","label":"AKD-Calco","site_oc_id":19512,"ESRI_OID":275}},{"type":"Feature","id":276,"geometry":{"type":"Point","coordinates":[143.59053411284,-38.3405891060877]},"properties":{"distrct_no":"06","distrct_label":"District 6","distrct_phone_no":"03 5232 5600","brig_name":"District 6 Headquarters","fs_name":"District 6 Headquarters RFB","fs_type":"main","street":"115 Bromfield Street","suburb":"Colac","pcode":"3250","grp_name":"Beeac","label":"District 6 Headquarters RFB","site_oc_id":19519,"ESRI_OID":276}},{"type":"Feature","id":277,"geometry":{"type":"Point","coordinates":[143.337904002709,-37.9532999962214]},"properties":{"distrct_no":"06","distrct_label":"District 6","distrct_phone_no":"03 5232 5600","brig_name":"Lismore","fs_name":"Lismore","fs_type":"main","street":"15 West Street","suburb":"Lismore","pcode":"3324","grp_name":"Lismore","label":"Lismore","site_oc_id":19797,"ESRI_OID":277}},{"type":"Feature","id":278,"geometry":{"type":"Point","coordinates":[142.938950002975,-38.1919199959743]},"properties":{"distrct_no":"06","distrct_label":"District 6","distrct_phone_no":"03 5232 5600","brig_name":"Noorat & District","fs_name":"Noorat & District","fs_type":"main","street":"65 Mackinnons Bridge Road","suburb":"Noorat","pcode":"3265","grp_name":"Camperdown","label":"Noorat & District","site_oc_id":19849,"ESRI_OID":278}},{"type":"Feature","id":279,"geometry":{"type":"Point","coordinates":[143.325494002649,-37.8353789962814]},"properties":{"distrct_no":"06","distrct_label":"District 6","distrct_phone_no":"03 5232 5600","brig_name":"Mingay & District","fs_name":"Mingay & District","fs_type":"main","street":"18 Barrs Road","suburb":"Mingay","pcode":"3324","grp_name":"Lismore","label":"Mingay & District","site_oc_id":19889,"ESRI_OID":279}},{"type":"Feature","id":280,"geometry":{"type":"Point","coordinates":[143.378473002929,-38.3735579960071]},"properties":{"distrct_no":"06","distrct_label":"District 6","distrct_phone_no":"03 5232 5600","brig_name":"Swan Marsh","fs_name":"Swan Marsh","fs_type":"main","street":"615 Swan Marsh Road","suburb":"Swan Marsh","pcode":"3249","grp_name":"Corangamite","label":"Swan Marsh","site_oc_id":19890,"ESRI_OID":280}},{"type":"Feature","id":281,"geometry":{"type":"Point","coordinates":[143.722779002833,-38.4063669960913]},"properties":{"distrct_no":"06","distrct_label":"District 6","distrct_phone_no":"03 5232 5600","brig_name":"Yeodene","fs_name":"Yeodene","fs_type":"main","street":"Birregurra-Yeodene Road","suburb":"Yeodene","pcode":"3249","grp_name":"Beeac","label":"Yeodene","site_oc_id":19891,"ESRI_OID":281}},{"type":"Feature","id":282,"geometry":{"type":"Point","coordinates":[143.112900002907,-38.1733989960358]},"properties":{"distrct_no":"06","distrct_label":"District 6","distrct_phone_no":"03 5232 5600","brig_name":"Bookaar","fs_name":"Bookaar","fs_type":"main","street":"397 Darlington Road","suburb":"Bookaar","pcode":"3260","grp_name":"Camperdown","label":"Bookaar","site_oc_id":19909,"ESRI_OID":282}},{"type":"Feature","id":283,"geometry":{"type":"Point","coordinates":[142.927087003039,-38.2980489959141]},"properties":{"distrct_no":"06","distrct_label":"District 6","distrct_phone_no":"03 5232 5600","brig_name":"Dixie","fs_name":"Dixie","fs_type":"main","street":"16 Dixie School Road","suburb":"Dixie","pcode":"3265","grp_name":"Camperdown","label":"Dixie","site_oc_id":19943,"ESRI_OID":283}},{"type":"Feature","id":284,"geometry":{"type":"Point","coordinates":[143.135635003016,-38.3831439959303]},"properties":{"distrct_no":"06","distrct_label":"District 6","distrct_phone_no":"03 5232 5600","brig_name":"Jancourt","fs_name":"Jancourt","fs_type":"main","street":"805 Lavers Hill-Cobden Road","suburb":"Jancourt East","pcode":"3266","grp_name":"Apostles","label":"Jancourt","site_oc_id":19944,"ESRI_OID":284}},{"type":"Feature","id":285,"geometry":{"type":"Point","coordinates":[143.58397500292,-38.4807749960102]},"properties":{"distrct_no":"06","distrct_label":"District 6","distrct_phone_no":"03 5232 5600","brig_name":"Kawarren","fs_name":"Kawarren","fs_type":"main","street":"2 Kawarren East Road","suburb":"Kawarren","pcode":"3249","grp_name":"Corangamite","label":"Kawarren","site_oc_id":19947,"ESRI_OID":285}},{"type":"Feature","id":286,"geometry":{"type":"Point","coordinates":[144.371016002451,-38.1007089964514]},"properties":{"distrct_no":"06","distrct_label":"District 6","distrct_phone_no":"03 5232 5600","brig_name":"Midway Otways","fs_name":"Midway Otways","fs_type":"main","street":"10 The Esplanade","suburb":"North Shore","pcode":"3214","grp_name":"Corangamite","label":"Midway Otways","site_oc_id":19960,"ESRI_OID":286}},{"type":"Feature","id":287,"geometry":{"type":"Point","coordinates":[143.191329002893,-38.1956239960472]},"properties":{"distrct_no":"06","distrct_label":"District 6","distrct_phone_no":"03 5232 5600","brig_name":"Chocolyn","fs_name":"Chocolyn","fs_type":"main","street":"626 Camperdown-Lismore Road","suburb":"Chocolyn","pcode":"3260","grp_name":"Camperdown","label":"Chocolyn","site_oc_id":20027,"ESRI_OID":287}},{"type":"Feature","id":288,"geometry":{"type":"Point","coordinates":[143.013642002961,-38.2106899959864]},"properties":{"distrct_no":"06","distrct_label":"District 6","distrct_phone_no":"03 5232 5600","brig_name":"Boorcan","fs_name":"Boorcan","fs_type":"main","street":"43 Boorcan Road","suburb":"Boorcan","pcode":"3265","grp_name":"Camperdown","label":"Boorcan","site_oc_id":20060,"ESRI_OID":288}},{"type":"Feature","id":289,"geometry":{"type":"Point","coordinates":[143.587287002663,-38.0185219962609]},"properties":{"distrct_no":"06","distrct_label":"District 6","distrct_phone_no":"03 5232 5600","brig_name":"Duverney","fs_name":"Duverney","fs_type":"main","street":"6732 Hamilton Highway","suburb":"Duverney","pcode":"3323","grp_name":"Lismore","label":"Duverney","site_oc_id":20107,"ESRI_OID":289}},{"type":"Feature","id":290,"geometry":{"type":"Point","coordinates":[143.259669003091,-38.5910449958558]},"properties":{"distrct_no":"06","distrct_label":"District 6","distrct_phone_no":"03 5232 5600","brig_name":"Kennedy's Creek","fs_name":"Kennedy's Creek","fs_type":"main","street":"10 Kennedys Creek Road","suburb":"Kennedys Creek","pcode":"3239","grp_name":"Apostles","label":"Kennedy's Creek","site_oc_id":20108,"ESRI_OID":290}},{"type":"Feature","id":291,"geometry":{"type":"Point","coordinates":[142.918600003008,-38.237381995944]},"properties":{"distrct_no":"06","distrct_label":"District 6","distrct_phone_no":"03 5232 5600","brig_name":"Terang","fs_name":"Terang","fs_type":"main","street":"8-10 Swanston Street","suburb":"Terang","pcode":"3264","grp_name":"Camperdown","label":"Terang","site_oc_id":20132,"ESRI_OID":291}},{"type":"Feature","id":292,"geometry":{"type":"Point","coordinates":[143.59005800284,-38.3398579960879]},"properties":{"distrct_no":"06","distrct_label":"District 6","distrct_phone_no":"03 5232 5600","brig_name":"HVP Otways Plantations","fs_name":"HVP Otways Plantations","fs_type":"main","street":"36-38 Murray Street","suburb":"Colac","pcode":"3250","grp_name":"Corangamite","label":"HVP Otways Plantations","site_oc_id":20137,"ESRI_OID":292}},{"type":"Feature","id":293,"geometry":{"type":"Point","coordinates":[143.715142002898,-38.5200069960278]},"properties":{"distrct_no":"06","distrct_label":"District 6","distrct_phone_no":"03 5232 5600","brig_name":"Forrest","fs_name":"Forrest","fs_type":"main","street":"47 Grant Street","suburb":"Forrest","pcode":"3236","grp_name":"Beeac","label":"Forrest","site_oc_id":20182,"ESRI_OID":293}},{"type":"Feature","id":294,"geometry":{"type":"Point","coordinates":[143.207857003055,-38.4956759958915]},"properties":{"distrct_no":"06","distrct_label":"District 6","distrct_phone_no":"03 5232 5600","brig_name":"Simpson","fs_name":"Simpson","fs_type":"main","street":"2 Gondain Street","suburb":"Simpson","pcode":"3266","grp_name":"Apostles","label":"Simpson","site_oc_id":20475,"ESRI_OID":294}},{"type":"Feature","id":295,"geometry":{"type":"Point","coordinates":[144.104437802734,-38.4560473561775]},"properties":{"distrct_no":"07","distrct_label":"District 7","distrct_phone_no":"03 5240 2700","brig_name":"Aireys Inlet","fs_name":"Aireys Inlet","fs_type":"main","street":"26 Pearse Road","suburb":"Aireys Inlet","pcode":"3231","grp_name":"Coastal","label":"Aireys Inlet","site_oc_id":19060,"ESRI_OID":295}},{"type":"Feature","id":296,"geometry":{"type":"Point","coordinates":[144.254422352384,-37.9104856265209]},"properties":{"distrct_no":"07","distrct_label":"District 7","distrct_phone_no":"03 5240 2700","brig_name":"Anakie","fs_name":"Anakie","fs_type":"main","street":"2166 Ballan Road","suburb":"Anakie","pcode":"3213","grp_name":"Anakie","label":"Anakie","site_oc_id":19061,"ESRI_OID":296}},{"type":"Feature","id":297,"geometry":{"type":"Point","coordinates":[144.192204122676,-38.4035807362321]},"properties":{"distrct_no":"07","distrct_label":"District 7","distrct_phone_no":"03 5240 2700","brig_name":"Anglesea","fs_name":"Anglesea","fs_type":"main","street":"59 Great Ocean Road","suburb":"Anglesea","pcode":"3230","grp_name":"Coastal","label":"Anglesea","site_oc_id":19063,"ESRI_OID":297}},{"type":"Feature","id":298,"geometry":{"type":"Point","coordinates":[144.171102162486,-38.0471234064207]},"properties":{"distrct_no":"07","distrct_label":"District 7","distrct_phone_no":"03 5240 2700","brig_name":"Bannockburn","fs_name":"Bannockburn","fs_type":"main","street":"25 High Street","suburb":"Bannockburn","pcode":"3331","grp_name":"Anakie","label":"Bannockburn","site_oc_id":19065,"ESRI_OID":298}},{"type":"Feature","id":299,"geometry":{"type":"Point","coordinates":[144.27374569252,-38.1698401463843]},"properties":{"distrct_no":"07","distrct_label":"District 7","distrct_phone_no":"03 5240 2700","brig_name":"Barrabool","fs_name":"Barrabool","fs_type":"main","street":"15 Wheatsheaf Road","suburb":"Ceres","pcode":"3221","grp_name":"Anakie","label":"Barrabool","site_oc_id":19068,"ESRI_OID":299}},{"type":"Feature","id":300,"geometry":{"type":"Point","coordinates":[144.398204202532,-38.2651995863692]},"properties":{"distrct_no":"07","distrct_label":"District 7","distrct_phone_no":"03 5240 2700","brig_name":"Connewarre","fs_name":"Connewarre","fs_type":"main","street":"17 Randles Road","suburb":"Connewarre","pcode":"3227","grp_name":"Coastal","label":"Connewarre","site_oc_id":19070,"ESRI_OID":300}},{"type":"Feature","id":301,"geometry":{"type":"Point","coordinates":[144.570889932426,-38.1734378864714]},"properties":{"distrct_no":"07","distrct_label":"District 7","distrct_phone_no":"03 5240 2700","brig_name":"Drysdale","fs_name":"Drysdale","fs_type":"main","street":"5-9 Princess Street","suburb":"Drysdale","pcode":"3222","grp_name":"Bellarine","label":"Drysdale","site_oc_id":19071,"ESRI_OID":301}},{"type":"Feature","id":302,"geometry":{"type":"Point","coordinates":[144.282496202566,-38.2576308663388]},"properties":{"distrct_no":"07","distrct_label":"District 7","distrct_phone_no":"03 5240 2700","brig_name":"Freshwater Creek","fs_name":"Freshwater Creek","fs_type":"main","street":"415 Dickins Road","suburb":"Freshwater Creek","pcode":"3217","grp_name":"Coastal","label":"Freshwater Creek","site_oc_id":19072,"ESRI_OID":302}},{"type":"Feature","id":303,"geometry":{"type":"Point","coordinates":[144.142381642561,-38.1663254063468]},"properties":{"distrct_no":"07","distrct_label":"District 7","distrct_phone_no":"03 5240 2700","brig_name":"Gnarwarre","fs_name":"Gnarwarre","fs_type":"main","street":"36 Gnarwarre Road","suburb":"Gnarwarre","pcode":"3221","grp_name":"Winchelsea","label":"Gnarwarre","site_oc_id":19073,"ESRI_OID":303}},{"type":"Feature","id":304,"geometry":{"type":"Point","coordinates":[144.345000142517,-38.205546176386]},"properties":{"distrct_no":"07","distrct_label":"District 7","distrct_phone_no":"03 5240 2700","brig_name":"Grovedale","fs_name":"Grovedale","fs_type":"main","street":"38 Reserve Road","suburb":"Grovedale","pcode":"3216","grp_name":"Geelong","label":"Grovedale","site_oc_id":19074,"ESRI_OID":304}},{"type":"Feature","id":305,"geometry":{"type":"Point","coordinates":[144.057727362553,-38.101250726357]},"properties":{"distrct_no":"07","distrct_label":"District 7","distrct_phone_no":"03 5240 2700","brig_name":"Inverleigh","fs_name":"Inverleigh","fs_type":"main","street":"27 High Street","suburb":"Inverleigh","pcode":"3321","grp_name":"Winchelsea","label":"Inverleigh","site_oc_id":19075,"ESRI_OID":305}},{"type":"Feature","id":306,"geometry":{"type":"Point","coordinates":[144.414388912393,-38.0206629065085]},"properties":{"distrct_no":"07","distrct_label":"District 7","distrct_phone_no":"03 5240 2700","brig_name":"Lara","fs_name":"Lara","fs_type":"main","street":"25 Mill Road","suburb":"Lara","pcode":"3212","grp_name":"Geelong","label":"Lara","site_oc_id":19076,"ESRI_OID":306}},{"type":"Feature","id":307,"geometry":{"type":"Point","coordinates":[144.45851088247,-38.1879161964297]},"properties":{"distrct_no":"07","distrct_label":"District 7","distrct_phone_no":"03 5240 2700","brig_name":"Leopold","fs_name":"Leopold","fs_type":"main","street":"696 Bellarine Highway","suburb":"Leopold","pcode":"3224","grp_name":"Bellarine","label":"Leopold","site_oc_id":19078,"ESRI_OID":307}},{"type":"Feature","id":308,"geometry":{"type":"Point","coordinates":[144.134926312454,-37.9661779264542]},"properties":{"distrct_no":"07","distrct_label":"District 7","distrct_phone_no":"03 5240 2700","brig_name":"Lethbridge","fs_name":"Lethbridge","fs_type":"main","street":"28 Russell Street","suburb":"Lethbridge","pcode":"3332","grp_name":"Anakie","label":"Lethbridge","site_oc_id":19079,"ESRI_OID":308}},{"type":"Feature","id":309,"geometry":{"type":"Point","coordinates":[144.076314422409,-37.848508006501]},"properties":{"distrct_no":"07","distrct_label":"District 7","distrct_phone_no":"03 5240 2700","brig_name":"Meredith","fs_name":"Meredith","fs_type":"main","street":"34 Wallace Street","suburb":"Meredith","pcode":"3333","grp_name":"Anakie","label":"Meredith","site_oc_id":19080,"ESRI_OID":309}},{"type":"Feature","id":310,"geometry":{"type":"Point","coordinates":[144.656508542366,-38.1148777765295]},"properties":{"distrct_no":"07","distrct_label":"District 7","distrct_phone_no":"03 5240 2700","brig_name":"Portarlington","fs_name":"Portarlington","fs_type":"main","street":"8 Fisher Street","suburb":"Portarlington","pcode":"3223","grp_name":"Bellarine","label":"Portarlington","site_oc_id":19081,"ESRI_OID":310}},{"type":"Feature","id":311,"geometry":{"type":"Point","coordinates":[144.65906357245,-38.2687875464453]},"properties":{"distrct_no":"07","distrct_label":"District 7","distrct_phone_no":"03 5240 2700","brig_name":"Queenscliff","fs_name":"Queenscliff","fs_type":"main","street":"23-25 Stokes Street","suburb":"Queenscliff","pcode":"3225","grp_name":"Bellarine","label":"Queenscliff","site_oc_id":19082,"ESRI_OID":311}},{"type":"Feature","id":312,"geometry":{"type":"Point","coordinates":[144.264920382492,-38.1131342764127]},"properties":{"distrct_no":"07","distrct_label":"District 7","distrct_phone_no":"03 5240 2700","brig_name":"Stonehaven","fs_name":"Stonehaven","fs_type":"main","street":"380 Fyansford-Gheringhap Road","suburb":"Fyansford","pcode":"3218","grp_name":"Anakie","label":"Stonehaven","site_oc_id":19084,"ESRI_OID":312}},{"type":"Feature","id":313,"geometry":{"type":"Point","coordinates":[144.047407942517,-38.0284254563937]},"properties":{"distrct_no":"07","distrct_label":"District 7","distrct_phone_no":"03 5240 2700","brig_name":"Teesdale","fs_name":"Teesdale","fs_type":"main","street":"1109a Bannockburn-Shelford Road","suburb":"Teesdale","pcode":"3328","grp_name":"Leigh","label":"Teesdale","site_oc_id":19085,"ESRI_OID":313}},{"type":"Feature","id":314,"geometry":{"type":"Point","coordinates":[144.315774352591,-38.3220807063134]},"properties":{"distrct_no":"07","distrct_label":"District 7","distrct_phone_no":"03 5240 2700","brig_name":"Torquay","fs_name":"Torquay","fs_type":"main","street":"19 Grossmans Road","suburb":"Torquay","pcode":"3228","grp_name":"Coastal","label":"Torquay","site_oc_id":19086,"ESRI_OID":314}},{"type":"Feature","id":315,"geometry":{"type":"Point","coordinates":[144.528226392465,-38.2190442264335]},"properties":{"distrct_no":"07","distrct_label":"District 7","distrct_phone_no":"03 5240 2700","brig_name":"Wallington","fs_name":"Wallington","fs_type":"main","street":"1412 Bellarine Highway","suburb":"Wallington","pcode":"3222","grp_name":"Bellarine","label":"Wallington","site_oc_id":19088,"ESRI_OID":315}},{"type":"Feature","id":316,"geometry":{"type":"Point","coordinates":[144.020332422683,-38.3147096062294]},"properties":{"distrct_no":"07","distrct_label":"District 7","distrct_phone_no":"03 5240 2700","brig_name":"Wurdale","fs_name":"Wurdale","fs_type":"main","street":"70 Wormbete Station Road","suburb":"Winchelsea South","pcode":"3241","grp_name":"Winchelsea","label":"Wurdale","site_oc_id":19091,"ESRI_OID":316}},{"type":"Feature","id":317,"geometry":{"type":"Point","coordinates":[144.500022242334,-37.963265156566]},"properties":{"distrct_no":"07","distrct_label":"District 7","distrct_phone_no":"03 5240 2700","brig_name":"Little River","fs_name":"Little River","fs_type":"main","street":"29-31 River Street","suburb":"Little River","pcode":"3211","grp_name":"Anakie","label":"Little River","site_oc_id":19092,"ESRI_OID":317}},{"type":"Feature","id":318,"geometry":{"type":"Point","coordinates":[144.319309572506,-38.1703000963976]},"properties":{"distrct_no":"07","distrct_label":"District 7","distrct_phone_no":"03 5240 2700","brig_name":"Highton","fs_name":"Highton","fs_type":"main","street":"16 North Valley Road","suburb":"Highton","pcode":"3216","grp_name":"Geelong","label":"Highton","site_oc_id":19093,"ESRI_OID":318}},{"type":"Feature","id":319,"geometry":{"type":"Point","coordinates":[143.774998342601,-38.0186117363172]},"properties":{"distrct_no":"07","distrct_label":"District 7","distrct_phone_no":"03 5240 2700","brig_name":"Barunah Plains North","fs_name":"Barunah Plains North","fs_type":"main","street":"1100 Bells Road","suburb":"Barunah Park","pcode":"3329","grp_name":"Leigh","label":"Barunah Plains North","site_oc_id":19094,"ESRI_OID":319}},{"type":"Feature","id":320,"geometry":{"type":"Point","coordinates":[143.752346872499,-37.8197646864188]},"properties":{"distrct_no":"07","distrct_label":"District 7","distrct_phone_no":"03 5240 2700","brig_name":"Dereel","fs_name":"Dereel","fs_type":"main","street":"18 Swamp Road","suburb":"Dereel","pcode":"3352","grp_name":"Leigh","label":"Dereel","site_oc_id":19097,"ESRI_OID":320}},{"type":"Feature","id":321,"geometry":{"type":"Point","coordinates":[143.973747422824,-38.5403603760931]},"properties":{"distrct_no":"07","distrct_label":"District 7","distrct_phone_no":"03 5240 2700","brig_name":"Lorne","fs_name":"Lorne","fs_type":"main","street":"40-42 Smith Street","suburb":"Lorne","pcode":"3232","grp_name":"Coastal","label":"Lorne","site_oc_id":19099,"ESRI_OID":321}},{"type":"Feature","id":322,"geometry":{"type":"Point","coordinates":[143.723658502553,-37.9018039563653]},"properties":{"distrct_no":"07","distrct_label":"District 7","distrct_phone_no":"03 5240 2700","brig_name":"Rokewood","fs_name":"Rokewood","fs_type":"main","street":"28 Ferrars Street","suburb":"Rokewood","pcode":"3330","grp_name":"Leigh","label":"Rokewood","site_oc_id":19102,"ESRI_OID":322}},{"type":"Feature","id":323,"geometry":{"type":"Point","coordinates":[143.94618211253,-37.9914271763835]},"properties":{"distrct_no":"07","distrct_label":"District 7","distrct_phone_no":"03 5240 2700","brig_name":"Shelford","fs_name":"Shelford","fs_type":"main","street":"2130 Shelford-Mt Mercer Road","suburb":"Shelford","pcode":"3329","grp_name":"Leigh","label":"Shelford","site_oc_id":19105,"ESRI_OID":323}},{"type":"Feature","id":324,"geometry":{"type":"Point","coordinates":[143.991696002651,-38.239178996262]},"properties":{"distrct_no":"07","distrct_label":"District 7","distrct_phone_no":"03 5240 2700","brig_name":"Winchelsea","fs_name":"Winchelsea","fs_type":"main","street":"21 Harding Street","suburb":"Winchelsea","pcode":"3241","grp_name":"Winchelsea","label":"Winchelsea","site_oc_id":19107,"ESRI_OID":324}},{"type":"Feature","id":325,"geometry":{"type":"Point","coordinates":[144.360244492483,-38.1539061964189]},"properties":{"distrct_no":"07","distrct_label":"District 7","distrct_phone_no":"03 5240 2700","brig_name":"Geelong City","fs_name":"Geelong City","fs_type":"main","street":"69 Mckillop Street","suburb":"Geelong","pcode":"3220","grp_name":"Geelong","label":"Geelong City","site_oc_id":19465,"ESRI_OID":325}},{"type":"Feature","id":326,"geometry":{"type":"Point","coordinates":[144.327241302513,-38.1888852163898]},"properties":{"distrct_no":"07","distrct_label":"District 7","distrct_phone_no":"03 5240 2700","brig_name":"Belmont","fs_name":"Belmont","fs_type":"main","street":"2-4 Reynolds Road","suburb":"Belmont","pcode":"3216","grp_name":"Geelong","label":"Belmont","site_oc_id":19470,"ESRI_OID":326}},{"type":"Feature","id":327,"geometry":{"type":"Point","coordinates":[144.489379682506,-38.2710690563932]},"properties":{"distrct_no":"07","distrct_label":"District 7","distrct_phone_no":"03 5240 2700","brig_name":"Barwon Heads","fs_name":"Barwon Heads","fs_type":"main","street":"30 Sheepwash Road","suburb":"Barwon Heads","pcode":"3227","grp_name":"Bellarine","label":"Barwon Heads","site_oc_id":19471,"ESRI_OID":327}},{"type":"Feature","id":328,"geometry":{"type":"Point","coordinates":[144.352991412456,-38.0991980964468]},"properties":{"distrct_no":"07","distrct_label":"District 7","distrct_phone_no":"03 5240 2700","brig_name":"Corio","fs_name":"Corio","fs_type":"main","street":"20-32 Birdwood Avenue","suburb":"Norlane","pcode":"3214","grp_name":"Geelong","label":"Corio","site_oc_id":19474,"ESRI_OID":328}},{"type":"Feature","id":329,"geometry":{"type":"Point","coordinates":[144.313580532446,-38.0575037164579]},"properties":{"distrct_no":"07","distrct_label":"District 7","distrct_phone_no":"03 5240 2700","brig_name":"Lovely Banks","fs_name":"Lovely Banks","fs_type":"main","street":"70 Edgerton Road","suburb":"Lovely Banks","pcode":"3213","grp_name":"Anakie","label":"Lovely Banks","site_oc_id":19476,"ESRI_OID":329}},{"type":"Feature","id":330,"geometry":{"type":"Point","coordinates":[144.262447942616,-38.3364170062897]},"properties":{"distrct_no":"07","distrct_label":"District 7","distrct_phone_no":"03 5240 2700","brig_name":"Bellbrae","fs_name":"Bellbrae","fs_type":"main","street":"80 School Road","suburb":"Bellbrae","pcode":"3228","grp_name":"Coastal","label":"Bellbrae","site_oc_id":19499,"ESRI_OID":330}},{"type":"Feature","id":331,"geometry":{"type":"Point","coordinates":[144.168770852434,-37.9500908364733]},"properties":{"distrct_no":"07","distrct_label":"District 7","distrct_phone_no":"03 5240 2700","brig_name":"Maude","fs_name":"Maude","fs_type":"main","street":"1795 Steiglitz Road","suburb":"Maude","pcode":"3331","grp_name":"Anakie","label":"Maude","site_oc_id":19670,"ESRI_OID":331}},{"type":"Feature","id":332,"geometry":{"type":"Point","coordinates":[144.664122002445,-38.2639009964495]},"properties":{"distrct_no":"07","distrct_label":"District 7","distrct_phone_no":"03 5240 2700","brig_name":"Queenscliff Coast Guard","fs_name":"Queenscliff Coast Guard","fs_type":"main","street":"Hesse Street","suburb":"Queenscliff","pcode":"3225","grp_name":"Bellarine","label":"Queenscliff Coast Guard","site_oc_id":19693,"ESRI_OID":332}},{"type":"Feature","id":333,"geometry":{"type":"Point","coordinates":[144.359508002465,-38.1202809964372]},"properties":{"distrct_no":"07","distrct_label":"District 7","distrct_phone_no":"03 5240 2700","brig_name":"Geelong Coast Guard","fs_name":"Geelong Coast Guard","fs_type":"main","street":"91 Swinburne Street","suburb":"North Geelong","pcode":"3215","grp_name":"Geelong","label":"Geelong Coast Guard","site_oc_id":19694,"ESRI_OID":333}},{"type":"Feature","id":334,"geometry":{"type":"Point","coordinates":[144.319439002486,-38.1341759964175]},"properties":{"distrct_no":"07","distrct_label":"District 7","distrct_phone_no":"03 5240 2700","brig_name":"Geelong West","fs_name":"Geelong West","fs_type":"main","street":"67a Mccurdy Road","suburb":"Herne Hill","pcode":"3218","grp_name":"Geelong","label":"Geelong West","site_oc_id":19720,"ESRI_OID":334}},{"type":"Feature","id":335,"geometry":{"type":"Point","coordinates":[144.536513002483,-38.2574029964148]},"properties":{"distrct_no":"07","distrct_label":"District 7","distrct_phone_no":"03 5240 2700","brig_name":"Ocean Grove","fs_name":"Ocean Grove","fs_type":"main","street":"1-11 Shell Road","suburb":"Ocean Grove","pcode":"3226","grp_name":"Bellarine","label":"Ocean Grove","site_oc_id":19721,"ESRI_OID":335}},{"type":"Feature","id":336,"geometry":{"type":"Point","coordinates":[144.610979002425,-38.195968996471]},"properties":{"distrct_no":"07","distrct_label":"District 7","distrct_phone_no":"03 5240 2700","brig_name":"Mannerim","fs_name":"Mannerim","fs_type":"main","street":"40 Banks Road","suburb":"Drysdale","pcode":"3222","grp_name":"Bellarine","label":"Mannerim","site_oc_id":19899,"ESRI_OID":336}},{"type":"Feature","id":337,"geometry":{"type":"Point","coordinates":[143.855809002625,-38.1103279962916]},"properties":{"distrct_no":"07","distrct_label":"District 7","distrct_phone_no":"03 5240 2700","brig_name":"Wingeel","fs_name":"Wingeel","fs_type":"main","street":"824 Wingeel Road","suburb":"Hesse","pcode":"3321","grp_name":"Winchelsea","label":"Wingeel","site_oc_id":19920,"ESRI_OID":337}},{"type":"Feature","id":338,"geometry":{"type":"Point","coordinates":[143.902902002478,-37.8723539964356]},"properties":{"distrct_no":"07","distrct_label":"District 7","distrct_phone_no":"03 5240 2700","brig_name":"Mount Mercer","fs_name":"Mount Mercer","fs_type":"main","street":"Shelford-Mt Mercer Road","suburb":"Mount Mercer","pcode":"3352","grp_name":"Leigh","label":"Mount Mercer","site_oc_id":20042,"ESRI_OID":338}},{"type":"Feature","id":339,"geometry":{"type":"Point","coordinates":[143.623194002618,-37.9585139963043]},"properties":{"distrct_no":"07","distrct_label":"District 7","distrct_phone_no":"03 5240 2700","brig_name":"Werneth","fs_name":"Werneth","fs_type":"main","street":"380 Cahills Road","suburb":"Werneth","pcode":"3352","grp_name":"Leigh","label":"Werneth","site_oc_id":20051,"ESRI_OID":339}},{"type":"Feature","id":340,"geometry":{"type":"Point","coordinates":[143.886388002773,-38.396808996145]},"properties":{"distrct_no":"07","distrct_label":"District 7","distrct_phone_no":"03 5240 2700","brig_name":"Deans Marsh","fs_name":"Deans Marsh","fs_type":"main","street":"1 Deans Marsh-Lorne Road","suburb":"Deans Marsh","pcode":"3235","grp_name":"Winchelsea","label":"Deans Marsh","site_oc_id":20100,"ESRI_OID":340}},{"type":"Feature","id":341,"geometry":{"type":"Point","coordinates":[144.623495592463,-38.2728261064324]},"properties":{"distrct_no":"07","distrct_label":"District 7","distrct_phone_no":"03 5240 2700","brig_name":"Queenscliff","fs_name":"Queenscliff Satellite","fs_type":"satellite","street":"234 Point Lonsdale Road","suburb":"Point Lonsdale","pcode":"3225","grp_name":"Bellarine","label":"Queenscliff Satellite (Point Lonsdale)","site_oc_id":20390,"ESRI_OID":341}},{"type":"Feature","id":342,"geometry":{"type":"Point","coordinates":[144.163974002691,-38.4134349962183]},"properties":{"distrct_no":"07","distrct_label":"District 7","distrct_phone_no":"03 5240 2700","brig_name":"Anglesea","fs_name":"Anglesea Satellite","fs_type":"satellite","street":"129 Harvey Street","suburb":"Anglesea","pcode":"3230","grp_name":"Coastal","label":"Anglesea Satellite (Anglesea)","site_oc_id":20432,"ESRI_OID":342}},{"type":"Feature","id":343,"geometry":{"type":"Point","coordinates":[144.165340002596,-38.2436339963114]},"properties":{"distrct_no":"07","distrct_label":"District 7","distrct_phone_no":"03 5240 2700","brig_name":"Modewarre","fs_name":"Modewarre","fs_type":"main","street":"643 Cape Otway Road","suburb":"Moriac","pcode":"3240","grp_name":"Winchelsea","label":"Modewarre","site_oc_id":20437,"ESRI_OID":343}},{"type":"Feature","id":344,"geometry":{"type":"Point","coordinates":[144.689844002392,-38.1824949965022]},"properties":{"distrct_no":"07","distrct_label":"District 7","distrct_phone_no":"03 5240 2700","brig_name":"St Leonards-Indented Head","fs_name":"St Leonards-Indented Head","fs_type":"main","street":"1060 Murradoc Road","suburb":"St Leonards","pcode":"3223","grp_name":"Bellarine","label":"St Leonards-Indented Head","site_oc_id":20455,"ESRI_OID":344}},{"type":"Feature","id":345,"geometry":{"type":"Point","coordinates":[144.343167002458,-38.0977469964447]},"properties":{"distrct_no":"07","distrct_label":"District 7","distrct_phone_no":"03 5240 2700","brig_name":"District 7 Headquarters","fs_name":"District 7 Headquarters RFB","fs_type":"main","street":"18b Tarkin Court","suburb":"Bell Park","pcode":"3215","grp_name":"Geelong","label":"District 7 Headquarters RFB","site_oc_id":20494,"ESRI_OID":345}},{"type":"Feature","id":346,"geometry":{"type":"Point","coordinates":[145.128654722356,-38.3730853765281]},"properties":{"distrct_no":"08","distrct_label":"District 8","distrct_phone_no":"03 9767 1800","brig_name":"Balnarring","fs_name":"Balnarring","fs_type":"main","street":"3017 Frankston-Flinders Road","suburb":"Balnarring","pcode":"3926","grp_name":"Westernport","label":"Balnarring","site_oc_id":18706,"ESRI_OID":346}},{"type":"Feature","id":347,"geometry":{"type":"Point","coordinates":[145.467228112308,-38.4826717965683]},"properties":{"distrct_no":"08","distrct_label":"District 8","distrct_phone_no":"03 9767 1800","brig_name":"Bass","fs_name":"Bass","fs_type":"main","street":"71 Hade Avenue","suburb":"Bass","pcode":"3991","grp_name":"Bass Coast","label":"Bass","site_oc_id":18708,"ESRI_OID":347}},{"type":"Feature","id":348,"geometry":{"type":"Point","coordinates":[145.56952202211,-38.1780189467697]},"properties":{"distrct_no":"08","distrct_label":"District 8","distrct_phone_no":"03 9767 1800","brig_name":"Bayles","fs_name":"Bayles","fs_type":"main","street":"Koo Wee Rup-Longwarry Road","suburb":"Bayles","pcode":"3981","grp_name":"Cardinia","label":"Bayles","site_oc_id":18709,"ESRI_OID":348}},{"type":"Feature","id":349,"geometry":{"type":"Point","coordinates":[145.411221622065,-38.0039794968195]},"properties":{"distrct_no":"08","distrct_label":"District 8","distrct_phone_no":"03 9767 1800","brig_name":"Beaconsfield Upper","fs_name":"Beaconsfield Upper","fs_type":"main","street":"30 Beaconsfield-Emerald Road","suburb":"Beaconsfield Upper","pcode":"3808","grp_name":"Cardinia","label":"Beaconsfield Upper","site_oc_id":18711,"ESRI_OID":349}},{"type":"Feature","id":350,"geometry":{"type":"Point","coordinates":[145.344033122104,-38.0372700467804]},"properties":{"distrct_no":"08","distrct_label":"District 8","distrct_phone_no":"03 9767 1800","brig_name":"Berwick","fs_name":"Berwick","fs_type":"main","street":"14 Reserve Street","suburb":"Berwick","pcode":"3806","grp_name":"Casey","label":"Berwick","site_oc_id":18712,"ESRI_OID":350}},{"type":"Feature","id":351,"geometry":{"type":"Point","coordinates":[145.17803072232,-38.3359256565636]},"properties":{"distrct_no":"08","distrct_label":"District 8","distrct_phone_no":"03 9767 1800","brig_name":"Bittern","fs_name":"Bittern","fs_type":"main","street":"2422 Frankston-Flinders Road","suburb":"Bittern","pcode":"3918","grp_name":"Westernport","label":"Bittern","site_oc_id":18713,"ESRI_OID":351}},{"type":"Feature","id":352,"geometry":{"type":"Point","coordinates":[144.887751572447,-38.3987700564419]},"properties":{"distrct_no":"08","distrct_label":"District 8","distrct_phone_no":"03 9767 1800","brig_name":"Boneo","fs_name":"Boneo","fs_type":"main","street":"432 Boneo Road","suburb":"Boneo","pcode":"3939","grp_name":"Peninsula","label":"Boneo","site_oc_id":18714,"ESRI_OID":352}},{"type":"Feature","id":353,"geometry":{"type":"Point","coordinates":[145.717432042019,-38.0973428368599]},"properties":{"distrct_no":"08","distrct_label":"District 8","distrct_phone_no":"03 9767 1800","brig_name":"Bunyip","fs_name":"Bunyip","fs_type":"main","street":"13 Pearson Street","suburb":"Bunyip","pcode":"3815","grp_name":"Cardinia","label":"Bunyip","site_oc_id":18715,"ESRI_OID":353}},{"type":"Feature","id":354,"geometry":{"type":"Point","coordinates":[145.33081504216,-38.1329822167228]},"properties":{"distrct_no":"08","distrct_label":"District 8","distrct_phone_no":"03 9767 1800","brig_name":"Clyde","fs_name":"Clyde","fs_type":"main","street":"17 Railway Road","suburb":"Clyde","pcode":"3978","grp_name":"Casey","label":"Clyde","site_oc_id":18716,"ESRI_OID":354}},{"type":"Feature","id":355,"geometry":{"type":"Point","coordinates":[145.492258862001,-37.9321583368845]},"properties":{"distrct_no":"08","distrct_label":"District 8","distrct_phone_no":"03 9767 1800","brig_name":"Cockatoo","fs_name":"Cockatoo","fs_type":"main","street":"28 Church Crescent","suburb":"Cockatoo","pcode":"3781","grp_name":"Cardinia","label":"Cockatoo","site_oc_id":18717,"ESRI_OID":355}},{"type":"Feature","id":356,"geometry":{"type":"Point","coordinates":[145.283964532159,-38.1036815467251]},"properties":{"distrct_no":"08","distrct_label":"District 8","distrct_phone_no":"03 9767 1800","brig_name":"Cranbourne","fs_name":"Cranbourne","fs_type":"main","street":"8-10 Arundel Street","suburb":"Cranbourne","pcode":"3977","grp_name":"Casey","label":"Cranbourne","site_oc_id":18718,"ESRI_OID":356}},{"type":"Feature","id":357,"geometry":{"type":"Point","coordinates":[145.301744982183,-38.1582517866999]},"properties":{"distrct_no":"08","distrct_label":"District 8","distrct_phone_no":"03 9767 1800","brig_name":"Devon Meadows","fs_name":"Devon Meadows","fs_type":"main","street":"49 Finsbury Road","suburb":"Devon Meadows","pcode":"3977","grp_name":"Casey","label":"Devon Meadows","site_oc_id":18722,"ESRI_OID":357}},{"type":"Feature","id":358,"geometry":{"type":"Point","coordinates":[144.971624572382,-38.3295615065053]},"properties":{"distrct_no":"08","distrct_label":"District 8","distrct_phone_no":"03 9767 1800","brig_name":"Dromana","fs_name":"Dromana","fs_type":"main","street":"97 Point Nepean Road","suburb":"Dromana","pcode":"3936","grp_name":"Peninsula","label":"Dromana","site_oc_id":18723,"ESRI_OID":358}},{"type":"Feature","id":359,"geometry":{"type":"Point","coordinates":[145.016652132446,-38.4724185764396]},"properties":{"distrct_no":"08","distrct_label":"District 8","distrct_phone_no":"03 9767 1800","brig_name":"Flinders","fs_name":"Flinders","fs_type":"main","street":"24 Barker Street","suburb":"Flinders","pcode":"3929","grp_name":"Peninsula","label":"Flinders","site_oc_id":18724,"ESRI_OID":359}},{"type":"Feature","id":360,"geometry":{"type":"Point","coordinates":[145.551198731993,-37.9515278468916]},"properties":{"distrct_no":"08","distrct_label":"District 8","distrct_phone_no":"03 9767 1800","brig_name":"Gembrook","fs_name":"Gembrook","fs_type":"main","street":"22 Innes Road","suburb":"Gembrook","pcode":"3783","grp_name":"Cardinia","label":"Gembrook","site_oc_id":18725,"ESRI_OID":360}},{"type":"Feature","id":361,"geometry":{"type":"Point","coordinates":[145.692300772109,-38.2479178767674]},"properties":{"distrct_no":"08","distrct_label":"District 8","distrct_phone_no":"03 9767 1800","brig_name":"Heath Hill - Yannathan","fs_name":"Heath Hill - Yannathan","fs_type":"main","street":"31 Mt Lyall Road","suburb":"Heath Hill","pcode":"3981","grp_name":"Cardinia","label":"Heath Hill - Yannathan","site_oc_id":18726,"ESRI_OID":361}},{"type":"Feature","id":362,"geometry":{"type":"Point","coordinates":[145.474988802341,-38.548381936534]},"properties":{"distrct_no":"08","distrct_label":"District 8","distrct_phone_no":"03 9767 1800","brig_name":"Kilcunda","fs_name":"Kilcunda","fs_type":"main","street":"1a Peppermint Road","suburb":"Kilcunda","pcode":"3995","grp_name":"Bass Coast","label":"Kilcunda","site_oc_id":18727,"ESRI_OID":362}},{"type":"Feature","id":363,"geometry":{"type":"Point","coordinates":[145.488601002146,-38.1976299967342]},"properties":{"distrct_no":"08","distrct_label":"District 8","distrct_phone_no":"03 9767 1800","brig_name":"Koo Wee Rup","fs_name":"Koo Wee Rup","fs_type":"main","street":"10 Moody Street","suburb":"Koo Wee Rup","pcode":"3981","grp_name":"Cardinia","label":"Koo Wee Rup","site_oc_id":18729,"ESRI_OID":363}},{"type":"Feature","id":364,"geometry":{"type":"Point","coordinates":[145.566485732158,-38.2650953767199]},"properties":{"distrct_no":"08","distrct_label":"District 8","distrct_phone_no":"03 9767 1800","brig_name":"Lang Lang","fs_name":"Lang Lang","fs_type":"main","street":"Rosebery Street","suburb":"Lang Lang","pcode":"3984","grp_name":"Cardinia","label":"Lang Lang","site_oc_id":18730,"ESRI_OID":364}},{"type":"Feature","id":365,"geometry":{"type":"Point","coordinates":[145.208723962213,-38.1582999466718]},"properties":{"distrct_no":"08","distrct_label":"District 8","distrct_phone_no":"03 9767 1800","brig_name":"Langwarrin","fs_name":"Langwarrin","fs_type":"main","street":"184 Centre Road","suburb":"Langwarrin","pcode":"3910","grp_name":"Westernport","label":"Langwarrin","site_oc_id":18731,"ESRI_OID":365}},{"type":"Feature","id":366,"geometry":{"type":"Point","coordinates":[145.104528982296,-38.2489548465899]},"properties":{"distrct_no":"08","distrct_label":"District 8","distrct_phone_no":"03 9767 1800","brig_name":"Moorooduc","fs_name":"Moorooduc","fs_type":"main","street":"775 Derril Road","suburb":"Moorooduc","pcode":"3933","grp_name":"Westernport","label":"Moorooduc","site_oc_id":18734,"ESRI_OID":366}},{"type":"Feature","id":367,"geometry":{"type":"Point","coordinates":[145.024322432333,-38.2704340665539]},"properties":{"distrct_no":"08","distrct_label":"District 8","distrct_phone_no":"03 9767 1800","brig_name":"Mt Martha","fs_name":"Mt Martha","fs_type":"main","street":"6 Latrobe Drive","suburb":"Mount Martha","pcode":"3934","grp_name":"Peninsula","label":"Mt Martha","site_oc_id":18737,"ESRI_OID":367}},{"type":"Feature","id":368,"geometry":{"type":"Point","coordinates":[145.570862002057,-38.0819999968241]},"properties":{"distrct_no":"08","distrct_label":"District 8","distrct_phone_no":"03 9767 1800","brig_name":"Nar Nar Goon","fs_name":"Nar Nar Goon","fs_type":"main","street":"6 Carney Street","suburb":"Nar Nar Goon","pcode":"3812","grp_name":"Cardinia","label":"Nar Nar Goon","site_oc_id":18738,"ESRI_OID":368}},{"type":"Feature","id":369,"geometry":{"type":"Point","coordinates":[145.313903042088,-37.9886798667985]},"properties":{"distrct_no":"08","distrct_label":"District 8","distrct_phone_no":"03 9767 1800","brig_name":"Narre Warren North","fs_name":"Narre Warren North","fs_type":"main","street":"413-415 Narre Warren North Road","suburb":"Narre Warren North","pcode":"3804","grp_name":"Casey","label":"Narre Warren North","site_oc_id":18739,"ESRI_OID":369}},{"type":"Feature","id":370,"geometry":{"type":"Point","coordinates":[145.373280092359,-38.5216332365186]},"properties":{"distrct_no":"08","distrct_label":"District 8","distrct_phone_no":"03 9767 1800","brig_name":"San Remo","fs_name":"San Remo","fs_type":"main","street":"69 Genista Street","suburb":"San Remo","pcode":"3925","grp_name":"Bass Coast","label":"San Remo","site_oc_id":18740,"ESRI_OID":370}},{"type":"Feature","id":371,"geometry":{"type":"Point","coordinates":[145.409972622097,-38.0622200567864]},"properties":{"distrct_no":"08","distrct_label":"District 8","distrct_phone_no":"03 9767 1800","brig_name":"Officer","fs_name":"Officer","fs_type":"main","street":"19 Station Street","suburb":"Officer","pcode":"3809","grp_name":"Cardinia","label":"Officer","site_oc_id":18741,"ESRI_OID":371}},{"type":"Feature","id":372,"geometry":{"type":"Point","coordinates":[145.237668492228,-38.2034517166554]},"properties":{"distrct_no":"08","distrct_label":"District 8","distrct_phone_no":"03 9767 1800","brig_name":"Pearcedale","fs_name":"Pearcedale","fs_type":"main","street":"26 Baxter-Tooradin Road","suburb":"Pearcedale","pcode":"3912","grp_name":"Casey","label":"Pearcedale","site_oc_id":18745,"ESRI_OID":372}},{"type":"Feature","id":373,"geometry":{"type":"Point","coordinates":[145.547727652326,-38.5625011165478]},"properties":{"distrct_no":"08","distrct_label":"District 8","distrct_phone_no":"03 9767 1800","brig_name":"Dalyston","fs_name":"Dalyston","fs_type":"main","street":"9 Dalyston-Glen Forbes Road","suburb":"Dalyston","pcode":"3992","grp_name":"Bass Coast","label":"Dalyston","site_oc_id":18747,"ESRI_OID":373}},{"type":"Feature","id":374,"geometry":{"type":"Point","coordinates":[145.02761199239,-38.3761369264962]},"properties":{"distrct_no":"08","distrct_label":"District 8","distrct_phone_no":"03 9767 1800","brig_name":"Red Hill","fs_name":"Red Hill","fs_type":"main","street":"19 Mechanics Road","suburb":"Red Hill","pcode":"3937","grp_name":"Westernport","label":"Red Hill","site_oc_id":18748,"ESRI_OID":374}},{"type":"Feature","id":375,"geometry":{"type":"Point","coordinates":[144.889693212431,-38.3702387264583]},"properties":{"distrct_no":"08","distrct_label":"District 8","distrct_phone_no":"03 9767 1800","brig_name":"Rosebud","fs_name":"Rosebud","fs_type":"main","street":"99-101 Boneo Road","suburb":"Rosebud","pcode":"3939","grp_name":"Peninsula","label":"Rosebud","site_oc_id":18749,"ESRI_OID":375}},{"type":"Feature","id":376,"geometry":{"type":"Point","coordinates":[145.169166672261,-38.2233766466236]},"properties":{"distrct_no":"08","distrct_label":"District 8","distrct_phone_no":"03 9767 1800","brig_name":"Somerville","fs_name":"Somerville","fs_type":"main","street":"57 Eramosa West Road","suburb":"Somerville","pcode":"3912","grp_name":"Westernport","label":"Somerville","site_oc_id":18753,"ESRI_OID":376}},{"type":"Feature","id":377,"geometry":{"type":"Point","coordinates":[144.739924442463,-38.3401394164301]},"properties":{"distrct_no":"08","distrct_label":"District 8","distrct_phone_no":"03 9767 1800","brig_name":"Sorrento","fs_name":"Sorrento","fs_type":"main","street":"52 Kerferd Avenue","suburb":"Sorrento","pcode":"3943","grp_name":"Peninsula","label":"Sorrento","site_oc_id":18754,"ESRI_OID":377}},{"type":"Feature","id":378,"geometry":{"type":"Point","coordinates":[145.459501402071,-38.0435695268119]},"properties":{"distrct_no":"08","distrct_label":"District 8","distrct_phone_no":"03 9767 1800","brig_name":"Toomuc","fs_name":"Toomuc","fs_type":"main","street":"44 Brown Road","suburb":"Pakenham","pcode":"3810","grp_name":"Cardinia","label":"Toomuc","site_oc_id":18755,"ESRI_OID":378}},{"type":"Feature","id":379,"geometry":{"type":"Point","coordinates":[145.378744992188,-38.2105615366939]},"properties":{"distrct_no":"08","distrct_label":"District 8","distrct_phone_no":"03 9767 1800","brig_name":"Tooradin","fs_name":"Tooradin","fs_type":"main","street":"Evans Street","suburb":"Tooradin","pcode":"3980","grp_name":"Casey","label":"Tooradin","site_oc_id":18756,"ESRI_OID":379}},{"type":"Feature","id":380,"geometry":{"type":"Point","coordinates":[145.188004372276,-38.2611116166082]},"properties":{"distrct_no":"08","distrct_label":"District 8","distrct_phone_no":"03 9767 1800","brig_name":"Tyabb","fs_name":"Tyabb","fs_type":"main","street":"Mornington-Tyabb Road","suburb":"Tyabb","pcode":"3913","grp_name":"Westernport","label":"Tyabb","site_oc_id":18757,"ESRI_OID":380}},{"type":"Feature","id":381,"geometry":{"type":"Point","coordinates":[145.436377642281,-38.4158219065965]},"properties":{"distrct_no":"08","distrct_label":"District 8","distrct_phone_no":"03 9767 1800","brig_name":"Corinella","fs_name":"Corinella","fs_type":"main","street":"8a Barker Street","suburb":"Corinella","pcode":"3984","grp_name":"Bass Coast","label":"Corinella","site_oc_id":18760,"ESRI_OID":381}},{"type":"Feature","id":382,"geometry":{"type":"Point","coordinates":[145.533175942246,-38.4083906566296]},"properties":{"distrct_no":"08","distrct_label":"District 8","distrct_phone_no":"03 9767 1800","brig_name":"Kernot-Grantville","fs_name":"Kernot-Grantville","fs_type":"main","street":"23 Grantville-Glen Alvie Road","suburb":"Grantville","pcode":"3984","grp_name":"Bass Coast","label":"Kernot-Grantville","site_oc_id":18761,"ESRI_OID":382}},{"type":"Feature","id":383,"geometry":{"type":"Point","coordinates":[145.311665882214,-38.2209822366678]},"properties":{"distrct_no":"08","distrct_label":"District 8","distrct_phone_no":"03 9767 1800","brig_name":"Warneet - Blind Bight","fs_name":"Warneet - Blind Bight","fs_type":"main","street":"Rutherford Parade","suburb":"Warneet","pcode":"3980","grp_name":"Casey","label":"Warneet - Blind Bight","site_oc_id":18762,"ESRI_OID":383}},{"type":"Feature","id":384,"geometry":{"type":"Point","coordinates":[145.60232951202,-38.0323379768616]},"properties":{"distrct_no":"08","distrct_label":"District 8","distrct_phone_no":"03 9767 1800","brig_name":"Maryknoll & District","fs_name":"Maryknoll & District","fs_type":"main","street":"16 Koolbirra Road","suburb":"Maryknoll","pcode":"3812","grp_name":"Cardinia","label":"Maryknoll & District","site_oc_id":18763,"ESRI_OID":384}},{"type":"Feature","id":385,"geometry":{"type":"Point","coordinates":[144.820964972454,-38.3727233164363]},"properties":{"distrct_no":"08","distrct_label":"District 8","distrct_phone_no":"03 9767 1800","brig_name":"Rye","fs_name":"Rye","fs_type":"main","street":"21 Collingwood Street","suburb":"Rye","pcode":"3941","grp_name":"Peninsula","label":"Rye","site_oc_id":18764,"ESRI_OID":385}},{"type":"Feature","id":386,"geometry":{"type":"Point","coordinates":[145.107921062179,-38.0363588467094]},"properties":{"distrct_no":"08","distrct_label":"District 8","distrct_phone_no":"03 9767 1800","brig_name":"Edithvale","fs_name":"Edithvale","fs_type":"main","street":"206 Station Street","suburb":"Edithvale","pcode":"3196","grp_name":"South East","label":"Edithvale","site_oc_id":18768,"ESRI_OID":386}},{"type":"Feature","id":387,"geometry":{"type":"Point","coordinates":[145.126427532232,-38.1459321766539]},"properties":{"distrct_no":"08","distrct_label":"District 8","distrct_phone_no":"03 9767 1800","brig_name":"Frankston","fs_name":"Frankston","fs_type":"main","street":"3 Cranbourne Road","suburb":"Frankston","pcode":"3199","grp_name":"South East","label":"Frankston","site_oc_id":18769,"ESRI_OID":387}},{"type":"Feature","id":388,"geometry":{"type":"Point","coordinates":[145.161065092145,-38.0044125167434]},"properties":{"distrct_no":"08","distrct_label":"District 8","distrct_phone_no":"03 9767 1800","brig_name":"Keysborough","fs_name":"Keysborough","fs_type":"main","street":"121 Chapel Road","suburb":"Keysborough","pcode":"3173","grp_name":"South East","label":"Keysborough","site_oc_id":18772,"ESRI_OID":388}},{"type":"Feature","id":389,"geometry":{"type":"Point","coordinates":[145.092249112266,-38.1872479666205]},"properties":{"distrct_no":"08","distrct_label":"District 8","distrct_phone_no":"03 9767 1800","brig_name":"Mt Eliza","fs_name":"Mt Eliza","fs_type":"main","street":"103 Canadian Bay Road","suburb":"Mt Eliza","pcode":"3930","grp_name":"South East","label":"Mt Eliza","site_oc_id":18773,"ESRI_OID":389}},{"type":"Feature","id":390,"geometry":{"type":"Point","coordinates":[145.17438417212,-37.9677016267679]},"properties":{"distrct_no":"08","distrct_label":"District 8","distrct_phone_no":"03 9767 1800","brig_name":"Noble Park","fs_name":"Noble Park","fs_type":"main","street":"43 Buckley Street","suburb":"Noble Park","pcode":"3174","grp_name":"South East","label":"Noble Park","site_oc_id":18774,"ESRI_OID":390}},{"type":"Feature","id":391,"geometry":{"type":"Point","coordinates":[145.147832582131,-37.9725284767571]},"properties":{"distrct_no":"08","distrct_label":"District 8","distrct_phone_no":"03 9767 1800","brig_name":"Springvale","fs_name":"Springvale","fs_type":"main","street":"516-522 Springvale Road","suburb":"Springvale South","pcode":"3172","grp_name":"South East","label":"Springvale","site_oc_id":18775,"ESRI_OID":391}},{"type":"Feature","id":392,"geometry":{"type":"Point","coordinates":[145.258464082128,-38.0311108567579]},"properties":{"distrct_no":"08","distrct_label":"District 8","distrct_phone_no":"03 9767 1800","brig_name":"Hampton Park","fs_name":"Hampton Park","fs_type":"main","street":"112 Somerville Road","suburb":"Hampton Park","pcode":"3976","grp_name":"Casey","label":"Hampton Park","site_oc_id":18777,"ESRI_OID":392}},{"type":"Feature","id":393,"geometry":{"type":"Point","coordinates":[145.15701226225,-38.1950268066357]},"properties":{"distrct_no":"08","distrct_label":"District 8","distrct_phone_no":"03 9767 1800","brig_name":"Baxter","fs_name":"Baxter","fs_type":"main","street":"64 Baxter-Tooradin Road","suburb":"Baxter","pcode":"3911","grp_name":"Westernport","label":"Baxter","site_oc_id":19484,"ESRI_OID":393}},{"type":"Feature","id":394,"geometry":{"type":"Point","coordinates":[145.182554242303,-38.3079833165805]},"properties":{"distrct_no":"08","distrct_label":"District 8","distrct_phone_no":"03 9767 1800","brig_name":"Hastings","fs_name":"Hastings","fs_type":"main","street":"149 High Street","suburb":"Hastings","pcode":"3915","grp_name":"Westernport","label":"Hastings","site_oc_id":19632,"ESRI_OID":394}},{"type":"Feature","id":395,"geometry":{"type":"Point","coordinates":[145.042458002306,-38.2310149965812]},"properties":{"distrct_no":"08","distrct_label":"District 8","distrct_phone_no":"03 9767 1800","brig_name":"Mornington","fs_name":"Mornington","fs_type":"main","street":"859 Nepean Highway","suburb":"Mornington","pcode":"3931","grp_name":"Westernport","label":"Mornington","site_oc_id":19640,"ESRI_OID":395}},{"type":"Feature","id":396,"geometry":{"type":"Point","coordinates":[145.274113662108,-38.0040904867778]},"properties":{"distrct_no":"08","distrct_label":"District 8","distrct_phone_no":"03 9767 1800","brig_name":"Hallam","fs_name":"Hallam","fs_type":"main","street":"12-14 Hallam-Belgrave Road","suburb":"Hallam","pcode":"3803","grp_name":"Casey","label":"Hallam","site_oc_id":19647,"ESRI_OID":396}},{"type":"Feature","id":397,"geometry":{"type":"Point","coordinates":[145.127948842193,-38.0743642966943]},"properties":{"distrct_no":"08","distrct_label":"District 8","distrct_phone_no":"03 9767 1800","brig_name":"Patterson River","fs_name":"Patterson River","fs_type":"main","street":"37 Mcleod Road","suburb":"Carrum","pcode":"3197","grp_name":"South East","label":"Patterson River","site_oc_id":19663,"ESRI_OID":397}},{"type":"Feature","id":398,"geometry":{"type":"Point","coordinates":[145.163921632355,-38.3927210165277]},"properties":{"distrct_no":"08","distrct_label":"District 8","distrct_phone_no":"03 9767 1800","brig_name":"Somers","fs_name":"Somers","fs_type":"main","street":"2 Florida Avenue","suburb":"Somers","pcode":"3927","grp_name":"Westernport","label":"Somers","site_oc_id":19678,"ESRI_OID":398}},{"type":"Feature","id":399,"geometry":{"type":"Point","coordinates":[144.999820442164,-37.9460226867271]},"properties":{"distrct_no":"08","distrct_label":"District 8","distrct_phone_no":"03 9767 1800","brig_name":"Sandringham Coast Guard","fs_name":"Sandringham Coast Guard","fs_type":"main","street":"Jetty Road","suburb":"Sandringham","pcode":"3191","grp_name":null,"label":"Sandringham Coast Guard","site_oc_id":19687,"ESRI_OID":399}},{"type":"Feature","id":400,"geometry":{"type":"Point","coordinates":[145.126745502192,-38.0722115266951]},"properties":{"distrct_no":"08","distrct_label":"District 8","distrct_phone_no":"03 9767 1800","brig_name":"Carrum Coast Guard","fs_name":"Carrum Coast Guard","fs_type":"main","street":"Launching Way","suburb":"Carrum","pcode":"3197","grp_name":null,"label":"Carrum Coast Guard","site_oc_id":19690,"ESRI_OID":400}},{"type":"Feature","id":401,"geometry":{"type":"Point","coordinates":[144.994283002363,-38.3072309965244]},"properties":{"distrct_no":"08","distrct_label":"District 8","distrct_phone_no":"03 9767 1800","brig_name":"Safety Beach Coast Guard","fs_name":"Safety Beach Coast Guard","fs_type":"main","street":"185 Marine Drive","suburb":"Safety Beach","pcode":"3936","grp_name":null,"label":"Safety Beach Coast Guard","site_oc_id":19691,"ESRI_OID":401}},{"type":"Feature","id":402,"geometry":{"type":"Point","coordinates":[145.196582492301,-38.3132961865817]},"properties":{"distrct_no":"08","distrct_label":"District 8","distrct_phone_no":"03 9767 1800","brig_name":"Hastings Coast Guard","fs_name":"Hastings Coast Guard","fs_type":"main","street":"21 Skinner Street","suburb":"Hastings","pcode":"3915","grp_name":"Westernport","label":"Hastings Coast Guard","site_oc_id":19692,"ESRI_OID":402}},{"type":"Feature","id":403,"geometry":{"type":"Point","coordinates":[145.452586002083,-38.0616069967997]},"properties":{"distrct_no":"08","distrct_label":"District 8","distrct_phone_no":"03 9767 1800","brig_name":"Pakenham","fs_name":"Pakenham","fs_type":"main","street":"780 Princes Highway","suburb":"Pakenham","pcode":"3810","grp_name":"Cardinia","label":"Pakenham","site_oc_id":19702,"ESRI_OID":403}},{"type":"Feature","id":404,"geometry":{"type":"Point","coordinates":[145.300886002129,-38.0578269967559]},"properties":{"distrct_no":"08","distrct_label":"District 8","distrct_phone_no":"03 9767 1800","brig_name":"Narre Warren","fs_name":"Narre Warren","fs_type":"main","street":"292-298 Cranbourne Road","suburb":"Narre Warren South","pcode":"3805","grp_name":"Casey","label":"Narre Warren","site_oc_id":19840,"ESRI_OID":404}},{"type":"Feature","id":405,"geometry":{"type":"Point","coordinates":[145.659050002258,-38.5029569966143]},"properties":{"distrct_no":"08","distrct_label":"District 8","distrct_phone_no":"03 9767 1800","brig_name":"Glen Alvie","fs_name":"Glen Alvie","fs_type":"main","street":"677 Glen Alvie Road","suburb":"Glen Alvie","pcode":"3979","grp_name":"Bass Coast","label":"Glen Alvie","site_oc_id":19906,"ESRI_OID":405}},{"type":"Feature","id":406,"geometry":{"type":"Point","coordinates":[145.628713002041,-38.0855869968396]},"properties":{"distrct_no":"08","distrct_label":"District 8","distrct_phone_no":"03 9767 1800","brig_name":"Tynong","fs_name":"Tynong","fs_type":"main","street":"47 Nar Nar Goon-Longwarry Road","suburb":"Tynong","pcode":"3813","grp_name":"Cardinia","label":"Tynong","site_oc_id":19932,"ESRI_OID":406}},{"type":"Feature","id":407,"geometry":{"type":"Point","coordinates":[145.247053002118,-38.0057509967687]},"properties":{"distrct_no":"08","distrct_label":"District 8","distrct_phone_no":"03 9767 1800","brig_name":"District 8 Headquarters","fs_name":"District 8 Headquarters RFB","fs_type":"main","street":"45 Assembly Drive","suburb":"Dandenong South","pcode":"3175","grp_name":null,"label":"District 8 Headquarters RFB","site_oc_id":20015,"ESRI_OID":407}},{"type":"Feature","id":408,"geometry":{"type":"Point","coordinates":[145.596396002329,-38.5967039965432]},"properties":{"distrct_no":"08","distrct_label":"District 8","distrct_phone_no":"03 9767 1800","brig_name":"Wonthaggi","fs_name":"Wonthaggi","fs_type":"main","street":"91-103 White Road","suburb":"Wonthaggi","pcode":"3995","grp_name":"Bass Coast","label":"Wonthaggi","site_oc_id":20018,"ESRI_OID":408}},{"type":"Feature","id":409,"geometry":{"type":"Point","coordinates":[145.201583002114,-37.9727649967734]},"properties":{"distrct_no":"08","distrct_label":"District 8","distrct_phone_no":"03 9767 1800","brig_name":"Dandenong","fs_name":"Dandenong","fs_type":"main","street":"186-194 Princes Highway","suburb":"Dandenong","pcode":"3175","grp_name":"South East","label":"Dandenong","site_oc_id":20030,"ESRI_OID":409}},{"type":"Feature","id":410,"geometry":{"type":"Point","coordinates":[144.971211002421,-38.3994679964664]},"properties":{"distrct_no":"08","distrct_label":"District 8","distrct_phone_no":"03 9767 1800","brig_name":"Main Ridge","fs_name":"Main Ridge","fs_type":"main","street":"427 Main Creek Road","suburb":"Main Ridge","pcode":"3928","grp_name":"Peninsula","label":"Main Ridge","site_oc_id":20110,"ESRI_OID":410}},{"type":"Feature","id":411,"geometry":{"type":"Point","coordinates":[145.202619002193,-38.1185369966921]},"properties":{"distrct_no":"08","distrct_label":"District 8","distrct_phone_no":"03 9767 1800","brig_name":"Skye","fs_name":"Skye","fs_type":"main","street":"289 Potts Road","suburb":"Skye","pcode":"3977","grp_name":"South East","label":"Skye","site_oc_id":20130,"ESRI_OID":411}},{"type":"Feature","id":412,"geometry":{"type":"Point","coordinates":[145.295728002308,-38.3829849965726]},"properties":{"distrct_no":"08","distrct_label":"District 8","distrct_phone_no":"03 9767 1800","brig_name":"French Island","fs_name":"French Island","fs_type":"main","street":"219 Tankerton Road","suburb":"French Island","pcode":"3921","grp_name":"Bass Coast","label":"French Island","site_oc_id":20145,"ESRI_OID":412}},{"type":"Feature","id":413,"geometry":{"type":"Point","coordinates":[145.043618002413,-38.4275519964725]},"properties":{"distrct_no":"08","distrct_label":"District 8","distrct_phone_no":"03 9767 1800","brig_name":"Shoreham","fs_name":"Shoreham","fs_type":"main","street":"86 Byrnes Road","suburb":"Shoreham","pcode":"3916","grp_name":"Westernport","label":"Shoreham","site_oc_id":20146,"ESRI_OID":413}},{"type":"Feature","id":414,"geometry":{"type":"Point","coordinates":[145.367489002103,-38.0476049967818]},"properties":{"distrct_no":"08","distrct_label":"District 8","distrct_phone_no":"03 9767 1800","brig_name":"Beaconsfield","fs_name":"Beaconsfield","fs_type":"main","street":"39-43 Woods Street","suburb":"Beaconsfield","pcode":"3807","grp_name":"Cardinia","label":"Beaconsfield","site_oc_id":20152,"ESRI_OID":414}},{"type":"Feature","id":415,"geometry":{"type":"Point","coordinates":[145.511405002037,-38.0105039968463]},"properties":{"distrct_no":"08","distrct_label":"District 8","distrct_phone_no":"03 9767 1800","brig_name":"Pakenham Upper","fs_name":"Pakenham Upper","fs_type":"main","street":"2 Bourkes Creek Road","suburb":"Pakenham Upper","pcode":"3810","grp_name":"Cardinia","label":"Pakenham Upper","site_oc_id":20155,"ESRI_OID":415}},{"type":"Feature","id":416,"geometry":{"type":"Point","coordinates":[145.184437002181,-38.085661996705]},"properties":{"distrct_no":"08","distrct_label":"District 8","distrct_phone_no":"03 9767 1800","brig_name":"Carrum Downs","fs_name":"Carrum Downs","fs_type":"main","street":"15 Wedge Road","suburb":"Carrum Downs","pcode":"3201","grp_name":"South East","label":"Carrum Downs","site_oc_id":20156,"ESRI_OID":416}},{"type":"Feature","id":417,"geometry":{"type":"Point","coordinates":[144.973921002132,-37.8723789967603]},"properties":{"distrct_no":"08","distrct_label":"District 8","distrct_phone_no":"03 9767 1800","brig_name":"St Kilda Coast Guard","fs_name":"St Kilda Coast Guard","fs_type":"main","street":"42e Marine Parade","suburb":"St Kilda","pcode":"3182","grp_name":null,"label":"St Kilda Coast Guard","site_oc_id":20169,"ESRI_OID":417}},{"type":"Feature","id":418,"geometry":{"type":"Point","coordinates":[145.119891002235,-38.1461869966517]},"properties":{"distrct_no":"08","distrct_label":"District 8","distrct_phone_no":"03 9767 1800","brig_name":"Frankston Coast Guard","fs_name":"Frankston Coast Guard","fs_type":"main","street":"1n Plowman Place","suburb":"Frankston","pcode":"3199","grp_name":null,"label":"Frankston Coast Guard","site_oc_id":20191,"ESRI_OID":418}},{"type":"Feature","id":419,"geometry":{"type":"Point","coordinates":[145.186121002327,-38.3537439965561]},"properties":{"distrct_no":"08","distrct_label":"District 8","distrct_phone_no":"03 9767 1800","brig_name":"Crib Point","fs_name":"Crib Point","fs_type":"main","street":"191 Disney Street","suburb":"Hmas Cerberus","pcode":"3920","grp_name":"Westernport","label":"Crib Point","site_oc_id":20314,"ESRI_OID":419}},{"type":"Feature","id":420,"geometry":{"type":"Point","coordinates":[145.315215742209,-38.2131921466732]},"properties":{"distrct_no":"08","distrct_label":"District 8","distrct_phone_no":"03 9767 1800","brig_name":"Devon Meadows","fs_name":"Devon Meadows Satellite","fs_type":"satellite","street":"17 Cannons Creek Road","suburb":"Cannons Creek","pcode":"3977","grp_name":"Casey","label":"Devon Meadows Satellite (Cannons Creek)","site_oc_id":20369,"ESRI_OID":420}},{"type":"Feature","id":421,"geometry":{"type":"Point","coordinates":[145.599535002235,-38.4266119966393]},"properties":{"distrct_no":"08","distrct_label":"District 8","distrct_phone_no":"03 9767 1800","brig_name":"Kernot-Grantville","fs_name":"Kernot-Grantville Satellite","fs_type":"satellite","street":"1058 Loch-Kernot Road","suburb":"Kernot","pcode":"3979","grp_name":"Bass Coast","label":"Kernot-Grantville Satellite (Kernot)","site_oc_id":20380,"ESRI_OID":421}},{"type":"Feature","id":422,"geometry":{"type":"Point","coordinates":[145.483241712082,-38.0765796468006]},"properties":{"distrct_no":"08","distrct_label":"District 8","distrct_phone_no":"03 9767 1800","brig_name":"Pakenham","fs_name":"Pakenham Satellite","fs_type":"satellite","street":"9 John Street","suburb":"Pakenham","pcode":"3810","grp_name":"Cardinia","label":"Pakenham Satellite (Pakenham)","site_oc_id":20389,"ESRI_OID":422}},{"type":"Feature","id":423,"geometry":{"type":"Point","coordinates":[145.620643002363,-38.6718169965084]},"properties":{"distrct_no":"08","distrct_label":"District 8","distrct_phone_no":"03 9767 1800","brig_name":"Wonthaggi","fs_name":"Wonthaggi Satellite","fs_type":"satellite","street":"3 Surf Beach Road","suburb":"Cape Paterson","pcode":"3995","grp_name":"Bass Coast","label":"Wonthaggi Satellite (Cape Paterson)","site_oc_id":20407,"ESRI_OID":423}},{"type":"Feature","id":424,"geometry":{"type":"Point","coordinates":[144.783678002461,-38.3634479964303]},"properties":{"distrct_no":"08","distrct_label":"District 8","distrct_phone_no":"03 9767 1800","brig_name":"Sorrento","fs_name":"Sorrento Satellite","fs_type":"satellite","street":"10 William Road","suburb":"Blairgowrie","pcode":"3942","grp_name":"Peninsula","label":"Sorrento Satellite (Blairgowrie)","site_oc_id":20409,"ESRI_OID":424}},{"type":"Feature","id":425,"geometry":{"type":"Point","coordinates":[145.226573002374,-38.4634229965072]},"properties":{"distrct_no":"08","distrct_label":"District 8","distrct_phone_no":"03 9767 1800","brig_name":"Phillip Island","fs_name":"Phillip Island","fs_type":"main","street":"110 Ventnor Road","suburb":"Cowes","pcode":"3922","grp_name":"Bass Coast","label":"Phillip Island","site_oc_id":20448,"ESRI_OID":425}},{"type":"Feature","id":426,"geometry":{"type":"Point","coordinates":[145.247053002118,-38.0057509967687]},"properties":{"distrct_no":"08","distrct_label":"District 8","distrct_phone_no":"03 9767 1800","brig_name":"SER Community Safety","fs_name":"SER Community Safety","fs_type":"main","street":"45 Assembly Drive","suburb":"Dandenong South","pcode":"3175","grp_name":null,"label":"SER Community Safety","site_oc_id":20458,"ESRI_OID":426}},{"type":"Feature","id":427,"geometry":{"type":"Point","coordinates":[145.340360002135,-38.0918679967488]},"properties":{"distrct_no":"08","distrct_label":"District 8","distrct_phone_no":"03 9767 1800","brig_name":"Clyde","fs_name":"Clyde Satellite","fs_type":"satellite","street":"15 Gower Place","suburb":"Clyde North","pcode":"3978","grp_name":"Casey","label":"Clyde Satellite (Clyde North)","site_oc_id":20480,"ESRI_OID":427}},{"type":"Feature","id":428,"geometry":{"type":"Point","coordinates":[145.248340002136,-38.0401199967498]},"properties":{"distrct_no":"08","distrct_label":"District 8","distrct_phone_no":"03 9767 1800","brig_name":"Hampton Park","fs_name":"Hampton Park Satellite","fs_type":"satellite","street":"50 Commercial Drive","suburb":"Lynbrook","pcode":"3975","grp_name":"Casey","label":"Hampton Park Satellite (Lynbrook)","site_oc_id":20481,"ESRI_OID":428}},{"type":"Feature","id":429,"geometry":{"type":"Point","coordinates":[146.049018002035,-38.3180619968354]},"properties":{"distrct_no":"09","distrct_label":"District 9","distrct_phone_no":"03 5624 1900","brig_name":"Allambee","fs_name":"Allambee","fs_type":"main","street":"945 Mirboo-Yarragon Road","suburb":"Allambee Reserve","pcode":"3871","grp_name":"Strzelecki","label":"Allambee","site_oc_id":18649,"ESRI_OID":429}},{"type":"Feature","id":430,"geometry":{"type":"Point","coordinates":[145.828957982024,-38.1700159468526]},"properties":{"distrct_no":"09","distrct_label":"District 9","distrct_phone_no":"03 5624 1900","brig_name":"Hallora & District","fs_name":"Hallora & District","fs_type":"main","street":"509 Main South Road","suburb":"Drouin South","pcode":"3818","grp_name":"Baw Baw","label":"Hallora & District","site_oc_id":18651,"ESRI_OID":430}},{"type":"Feature","id":431,"geometry":{"type":"Point","coordinates":[145.871716321966,-38.0884950669117]},"properties":{"distrct_no":"09","distrct_label":"District 9","distrct_phone_no":"03 5624 1900","brig_name":"Drouin West","fs_name":"Drouin West","fs_type":"main","street":"530 Main Neerim Road","suburb":"Drouin West","pcode":"3818","grp_name":"Baw Baw","label":"Drouin West","site_oc_id":18652,"ESRI_OID":431}},{"type":"Feature","id":432,"geometry":{"type":"Point","coordinates":[145.907850692148,-38.4442567767217]},"properties":{"distrct_no":"09","distrct_label":"District 9","distrct_phone_no":"03 5624 1900","brig_name":"Ruby","fs_name":"Ruby","fs_type":"main","street":"10 Dykes Road","suburb":"Ruby","pcode":"3953","grp_name":"Strzelecki","label":"Ruby","site_oc_id":18653,"ESRI_OID":432}},{"type":"Feature","id":433,"geometry":{"type":"Point","coordinates":[146.083201172228,-38.6928074566342]},"properties":{"distrct_no":"09","distrct_label":"District 9","distrct_phone_no":"03 5624 1900","brig_name":"Fish Creek & District","fs_name":"Fish Creek & District","fs_type":"main","street":"34 Falls Road","suburb":"Fish Creek","pcode":"3959","grp_name":"South Gippsland","label":"Fish Creek & District","site_oc_id":18654,"ESRI_OID":433}},{"type":"Feature","id":434,"geometry":{"type":"Point","coordinates":[146.202518792169,-38.6520564166927]},"properties":{"distrct_no":"09","distrct_label":"District 9","distrct_phone_no":"03 5624 1900","brig_name":"Foster","fs_name":"Foster","fs_type":"main","street":"75 Main Street","suburb":"Foster","pcode":"3960","grp_name":"South Gippsland","label":"Foster","site_oc_id":18658,"ESRI_OID":434}},{"type":"Feature","id":435,"geometry":{"type":"Point","coordinates":[145.975998312082,-38.363125526788]},"properties":{"distrct_no":"09","distrct_label":"District 9","distrct_phone_no":"03 5624 1900","brig_name":"Hallston-Mt Eccles","fs_name":"Hallston-Mt Eccles","fs_type":"main","street":"3 Hall Road","suburb":"Mount Eccles","pcode":"3953","grp_name":"Strzelecki","label":"Hallston-Mt Eccles","site_oc_id":18659,"ESRI_OID":435}},{"type":"Feature","id":436,"geometry":{"type":"Point","coordinates":[146.494805232073,-38.6433533667848]},"properties":{"distrct_no":"09","distrct_label":"District 9","distrct_phone_no":"03 5624 1900","brig_name":"Hedley","fs_name":"Hedley","fs_type":"main","street":"6590 South Gippsland Highway","suburb":"Hedley","pcode":"3967","grp_name":"South Gippsland","label":"Hedley","site_oc_id":18660,"ESRI_OID":436}},{"type":"Feature","id":437,"geometry":{"type":"Point","coordinates":[145.725905362308,-38.6333987465612]},"properties":{"distrct_no":"09","distrct_label":"District 9","distrct_phone_no":"03 5624 1900","brig_name":"Inverloch","fs_name":"Inverloch","fs_type":"main","street":"28 Abeckett Street","suburb":"Inverloch","pcode":"3996","grp_name":"South Gippsland","label":"Inverloch","site_oc_id":18661,"ESRI_OID":437}},{"type":"Feature","id":438,"geometry":{"type":"Point","coordinates":[145.706634612249,-38.5144486866221]},"properties":{"distrct_no":"09","distrct_label":"District 9","distrct_phone_no":"03 5624 1900","brig_name":"Kongwak & District","fs_name":"Kongwak & District","fs_type":"main","street":"1500 Korumburra-Wonthaggi Road","suburb":"Kongwak","pcode":"3951","grp_name":"Strzelecki","label":"Kongwak & District","site_oc_id":18663,"ESRI_OID":438}},{"type":"Feature","id":439,"geometry":{"type":"Point","coordinates":[145.946679002192,-38.5476329966752]},"properties":{"distrct_no":"09","distrct_label":"District 9","distrct_phone_no":"03 5624 1900","brig_name":"Koonwarra","fs_name":"Koonwarra","fs_type":"main","street":"7 Koala Drive","suburb":"Koonwarra","pcode":"3954","grp_name":"Strzelecki","label":"Koonwarra","site_oc_id":18664,"ESRI_OID":439}},{"type":"Feature","id":440,"geometry":{"type":"Point","coordinates":[145.826331892169,-38.4355572767022]},"properties":{"distrct_no":"09","distrct_label":"District 9","distrct_phone_no":"03 5624 1900","brig_name":"Korumburra","fs_name":"Korumburra","fs_type":"main","street":"24 Mine Road","suburb":"Korumburra","pcode":"3950","grp_name":"Strzelecki","label":"Korumburra","site_oc_id":18665,"ESRI_OID":440}},{"type":"Feature","id":441,"geometry":{"type":"Point","coordinates":[145.881242082203,-38.5296174866657]},"properties":{"distrct_no":"09","distrct_label":"District 9","distrct_phone_no":"03 5624 1900","brig_name":"Leongatha South","fs_name":"Leongatha South","fs_type":"main","street":"7980 Bass Highway","suburb":"Leongatha South","pcode":"3953","grp_name":"Strzelecki","label":"Leongatha South","site_oc_id":18668,"ESRI_OID":441}},{"type":"Feature","id":442,"geometry":{"type":"Point","coordinates":[145.70558280217,-38.3688883167034]},"properties":{"distrct_no":"09","distrct_label":"District 9","distrct_phone_no":"03 5624 1900","brig_name":"Loch","fs_name":"Loch","fs_type":"main","street":"26 Victoria Road","suburb":"Loch","pcode":"3945","grp_name":"Strzelecki","label":"Loch","site_oc_id":18669,"ESRI_OID":442}},{"type":"Feature","id":443,"geometry":{"type":"Point","coordinates":[145.769047992011,-38.112436196867]},"properties":{"distrct_no":"09","distrct_label":"District 9","distrct_phone_no":"03 5624 1900","brig_name":"Longwarry & District","fs_name":"Longwarry & District","fs_type":"main","street":"15 Bennett Street","suburb":"Longwarry","pcode":"3816","grp_name":"Baw Baw","label":"Longwarry & District","site_oc_id":18671,"ESRI_OID":443}},{"type":"Feature","id":444,"geometry":{"type":"Point","coordinates":[146.093299322139,-38.5339664267267]},"properties":{"distrct_no":"09","distrct_label":"District 9","distrct_phone_no":"03 5624 1900","brig_name":"Dumbalk","fs_name":"Dumbalk","fs_type":"main","street":"7-11 Nerrena Road","suburb":"Dumbalk","pcode":"3956","grp_name":"South Gippsland","label":"Dumbalk","site_oc_id":18672,"ESRI_OID":444}},{"type":"Feature","id":445,"geometry":{"type":"Point","coordinates":[146.207277162101,-38.5295356367633]},"properties":{"distrct_no":"09","distrct_label":"District 9","distrct_phone_no":"03 5624 1900","brig_name":"Milford","fs_name":"Milford","fs_type":"main","street":"15 Milford School Road","suburb":"Dumbalk North","pcode":"3956","grp_name":"South Gippsland","label":"Milford","site_oc_id":18674,"ESRI_OID":445}},{"type":"Feature","id":446,"geometry":{"type":"Point","coordinates":[146.161836502046,-38.4021351168218]},"properties":{"distrct_no":"09","distrct_label":"District 9","distrct_phone_no":"03 5624 1900","brig_name":"Mirboo North","fs_name":"Mirboo North","fs_type":"main","street":"48 Burchell Lane","suburb":"Mirboo North","pcode":"3871","grp_name":"Strzelecki","label":"Mirboo North","site_oc_id":18675,"ESRI_OID":446}},{"type":"Feature","id":447,"geometry":{"type":"Point","coordinates":[145.997331002155,-38.509112996712]},"properties":{"distrct_no":"09","distrct_label":"District 9","distrct_phone_no":"03 5624 1900","brig_name":"Nerrena","fs_name":"Nerrena","fs_type":"main","street":"80 Nerrena Hall Road","suburb":"Nerrena","pcode":"3953","grp_name":"Strzelecki","label":"Nerrena","site_oc_id":18680,"ESRI_OID":447}},{"type":"Feature","id":448,"geometry":{"type":"Point","coordinates":[145.999131221822,-37.893663167061]},"properties":{"distrct_no":"09","distrct_label":"District 9","distrct_phone_no":"03 5624 1900","brig_name":"Noojee","fs_name":"Noojee","fs_type":"main","street":"380 Mt Baw Baw Tourist Road","suburb":"Noojee","pcode":"3833","grp_name":"Baw Baw","label":"Noojee","site_oc_id":18683,"ESRI_OID":448}},{"type":"Feature","id":449,"geometry":{"type":"Point","coordinates":[145.971115101941,-38.0989743369359]},"properties":{"distrct_no":"09","distrct_label":"District 9","distrct_phone_no":"03 5624 1900","brig_name":"Nilma North","fs_name":"Nilma North","fs_type":"main","street":"890 Bloomfield Road","suburb":"Buln Buln","pcode":"3821","grp_name":"Baw Baw","label":"Nilma North","site_oc_id":18685,"ESRI_OID":449}},{"type":"Feature","id":450,"geometry":{"type":"Point","coordinates":[145.80852400228,-38.6283159965887]},"properties":{"distrct_no":"09","distrct_label":"District 9","distrct_phone_no":"03 5624 1900","brig_name":"Pound Creek","fs_name":"Pound Creek","fs_type":"main","street":"686 Inverloch-Venus Bay Road","suburb":"Pound Creek","pcode":"3996","grp_name":"South Gippsland","label":"Pound Creek","site_oc_id":18686,"ESRI_OID":450}},{"type":"Feature","id":451,"geometry":{"type":"Point","coordinates":[145.8687837823,-38.7004482265661]},"properties":{"distrct_no":"09","distrct_label":"District 9","distrct_phone_no":"03 5624 1900","brig_name":"Tarwin Lower District","fs_name":"Tarwin Lower District","fs_type":"main","street":"40 River Drive","suburb":"Tarwin Lower","pcode":"3956","grp_name":"South Gippsland","label":"Tarwin Lower District","site_oc_id":18688,"ESRI_OID":451}},{"type":"Feature","id":452,"geometry":{"type":"Point","coordinates":[146.176044181979,-38.2862028268918]},"properties":{"distrct_no":"09","distrct_label":"District 9","distrct_phone_no":"03 5624 1900","brig_name":"Thorpdale","fs_name":"Thorpdale","fs_type":"main","street":"9 Gunn Court","suburb":"Thorpdale","pcode":"3835","grp_name":"Strzelecki","label":"Thorpdale","site_oc_id":18689,"ESRI_OID":452}},{"type":"Feature","id":453,"geometry":{"type":"Point","coordinates":[146.325097442137,-38.6643453467223]},"properties":{"distrct_no":"09","distrct_label":"District 9","distrct_phone_no":"03 5624 1900","brig_name":"Toora","fs_name":"Toora","fs_type":"main","street":"20 Gray Street","suburb":"Toora","pcode":"3962","grp_name":"South Gippsland","label":"Toora","site_oc_id":18690,"ESRI_OID":453}},{"type":"Feature","id":454,"geometry":{"type":"Point","coordinates":[146.155903671944,-38.2097527169291]},"properties":{"distrct_no":"09","distrct_label":"District 9","distrct_phone_no":"03 5624 1900","brig_name":"Trafalgar","fs_name":"Trafalgar","fs_type":"main","street":"61 Kitchener Street","suburb":"Trafalgar","pcode":"3824","grp_name":"Baw Baw","label":"Trafalgar","site_oc_id":18691,"ESRI_OID":454}},{"type":"Feature","id":455,"geometry":{"type":"Point","coordinates":[145.964737562047,-38.2912049268252]},"properties":{"distrct_no":"09","distrct_label":"District 9","distrct_phone_no":"03 5624 1900","brig_name":"Trida","fs_name":"Trida","fs_type":"main","street":"36 Ferndale Road","suburb":"Ferndale","pcode":"3821","grp_name":"Baw Baw","label":"Trida","site_oc_id":18692,"ESRI_OID":455}},{"type":"Feature","id":456,"geometry":{"type":"Point","coordinates":[146.439146382103,-38.6655141467557]},"properties":{"distrct_no":"09","distrct_label":"District 9","distrct_phone_no":"03 5624 1900","brig_name":"Welshpool","fs_name":"Welshpool","fs_type":"main","street":"40 Main Street","suburb":"Welshpool","pcode":"3966","grp_name":"South Gippsland","label":"Welshpool","site_oc_id":18693,"ESRI_OID":456}},{"type":"Feature","id":457,"geometry":{"type":"Point","coordinates":[146.251051551883,-38.1518618869908]},"properties":{"distrct_no":"09","distrct_label":"District 9","distrct_phone_no":"03 5624 1900","brig_name":"Westbury","fs_name":"Westbury","fs_type":"main","street":"4474 Old Sale Road","suburb":"Westbury","pcode":"3825","grp_name":"Baw Baw","label":"Westbury","site_oc_id":18694,"ESRI_OID":457}},{"type":"Feature","id":458,"geometry":{"type":"Point","coordinates":[146.180251501863,-38.0739328070137]},"properties":{"distrct_no":"09","distrct_label":"District 9","distrct_phone_no":"03 5624 1900","brig_name":"Willowgrove","fs_name":"Willowgrove","fs_type":"main","street":"1 Turnbull Street","suburb":"Willow Grove","pcode":"3825","grp_name":"Baw Baw","label":"Willowgrove","site_oc_id":18695,"ESRI_OID":458}},{"type":"Feature","id":459,"geometry":{"type":"Point","coordinates":[146.065845091969,-38.2046837669047]},"properties":{"distrct_no":"09","distrct_label":"District 9","distrct_phone_no":"03 5624 1900","brig_name":"Yarragon","fs_name":"Yarragon","fs_type":"main","street":"1a Murray Street","suburb":"Yarragon","pcode":"3823","grp_name":"Baw Baw","label":"Yarragon","site_oc_id":18699,"ESRI_OID":459}},{"type":"Feature","id":460,"geometry":{"type":"Point","coordinates":[146.207000832255,-38.8122475066037]},"properties":{"distrct_no":"09","distrct_label":"District 9","distrct_phone_no":"03 5624 1900","brig_name":"Yanakie","fs_name":"Yanakie","fs_type":"main","street":"3634 Meeniyan-Promontory Road","suburb":"Yanakie","pcode":"3960","grp_name":"South Gippsland","label":"Yanakie","site_oc_id":18700,"ESRI_OID":460}},{"type":"Feature","id":461,"geometry":{"type":"Point","coordinates":[145.935926401987,-38.1640348768884]},"properties":{"distrct_no":"09","distrct_label":"District 9","distrct_phone_no":"03 5624 1900","brig_name":"Warragul","fs_name":"Warragul","fs_type":"main","street":"8 Gladstone Street","suburb":"Warragul","pcode":"3820","grp_name":"Baw Baw","label":"Warragul","site_oc_id":18701,"ESRI_OID":461}},{"type":"Feature","id":462,"geometry":{"type":"Point","coordinates":[145.854957101996,-38.1335254768811]},"properties":{"distrct_no":"09","distrct_label":"District 9","distrct_phone_no":"03 5624 1900","brig_name":"Drouin","fs_name":"Drouin","fs_type":"main","street":"3-5 Sinclair Street","suburb":"Drouin","pcode":"3818","grp_name":"Baw Baw","label":"Drouin","site_oc_id":19655,"ESRI_OID":462}},{"type":"Feature","id":463,"geometry":{"type":"Point","coordinates":[146.464166002115,-38.7017319967426]},"properties":{"distrct_no":"09","distrct_label":"District 9","distrct_phone_no":"03 5624 1900","brig_name":"Port Welshpool Coast Guard","fs_name":"Port Welshpool Coast Guard","fs_type":"main","street":"Lewis Street","suburb":"Port Welshpool","pcode":"3965","grp_name":"South Gippsland","label":"Port Welshpool Coast Guard","site_oc_id":19689,"ESRI_OID":463}},{"type":"Feature","id":464,"geometry":{"type":"Point","coordinates":[146.051261002083,-38.4079359967853]},"properties":{"distrct_no":"09","distrct_label":"District 9","distrct_phone_no":"03 5624 1900","brig_name":"Berry's Creek","fs_name":"Berry's Creek","fs_type":"main","street":"391 Wooreen-Mirboo Road","suburb":"Berrys Creek","pcode":"3953","grp_name":"Strzelecki","label":"Berry's Creek","site_oc_id":19856,"ESRI_OID":464}},{"type":"Feature","id":465,"geometry":{"type":"Point","coordinates":[146.388175001733,-37.9516799971469]},"properties":{"distrct_no":"09","distrct_label":"District 9","distrct_phone_no":"03 5624 1900","brig_name":"Erica & District","fs_name":"Erica & District","fs_type":"main","street":"3285 Moe-Rawson Road","suburb":"Erica","pcode":"3825","grp_name":"Baw Baw","label":"Erica & District","site_oc_id":19868,"ESRI_OID":465}},{"type":"Feature","id":466,"geometry":{"type":"Point","coordinates":[145.766574002137,-38.3434509967361]},"properties":{"distrct_no":"09","distrct_label":"District 9","distrct_phone_no":"03 5624 1900","brig_name":"Poowong","fs_name":"Poowong","fs_type":"main","street":"14 Brisbane Street","suburb":"Poowong","pcode":"3988","grp_name":"Strzelecki","label":"Poowong","site_oc_id":19913,"ESRI_OID":466}},{"type":"Feature","id":467,"geometry":{"type":"Point","coordinates":[146.013967002188,-38.5790229966776]},"properties":{"distrct_no":"09","distrct_label":"District 9","distrct_phone_no":"03 5624 1900","brig_name":"Meeniyan & Stony Creek","fs_name":"Meeniyan & Stony Creek","fs_type":"main","street":"3 Welsford Street","suburb":"Meeniyan","pcode":"3956","grp_name":"South Gippsland","label":"Meeniyan & Stony Creek","site_oc_id":19933,"ESRI_OID":467}},{"type":"Feature","id":468,"geometry":{"type":"Point","coordinates":[145.997421002004,-38.231173996869]},"properties":{"distrct_no":"09","distrct_label":"District 9","distrct_phone_no":"03 5624 1900","brig_name":"Darnum & Ellinbank","fs_name":"Darnum & Ellinbank","fs_type":"main","street":"498 Darnum-Allambee Road","suburb":"Cloverlea","pcode":"3822","grp_name":"Baw Baw","label":"Darnum & Ellinbank","site_oc_id":20010,"ESRI_OID":468}},{"type":"Feature","id":469,"geometry":{"type":"Point","coordinates":[145.954622001901,-38.0154289969783]},"properties":{"distrct_no":"09","distrct_label":"District 9","distrct_phone_no":"03 5624 1900","brig_name":"Neerim South","fs_name":"Neerim South","fs_type":"main","street":"199 Main Neerim Road","suburb":"Neerim South","pcode":"3831","grp_name":"Baw Baw","label":"Neerim South","site_oc_id":20029,"ESRI_OID":469}},{"type":"Feature","id":470,"geometry":{"type":"Point","coordinates":[145.947625002154,-38.4787659967142]},"properties":{"distrct_no":"09","distrct_label":"District 9","distrct_phone_no":"03 5624 1900","brig_name":"Leongatha","fs_name":"Leongatha","fs_type":"main","street":"93 Bair Street","suburb":"Leongatha","pcode":"3953","grp_name":"Strzelecki","label":"Leongatha","site_oc_id":20066,"ESRI_OID":470}},{"type":"Feature","id":471,"geometry":{"type":"Point","coordinates":[146.450337001711,-37.9458019971692]},"properties":{"distrct_no":"09","distrct_label":"District 9","distrct_phone_no":"03 5624 1900","brig_name":"Erica & District","fs_name":"Erica & District Satellite","fs_type":"satellite","street":"64 Main Road","suburb":"Walhalla","pcode":"3825","grp_name":"Baw Baw","label":"Erica & District Satellite (Walhalla)","site_oc_id":20371,"ESRI_OID":471}},{"type":"Feature","id":472,"geometry":{"type":"Point","coordinates":[146.12500191229,-38.8289983965699]},"properties":{"distrct_no":"09","distrct_label":"District 9","distrct_phone_no":"03 5624 1900","brig_name":"Fish Creek & District","fs_name":"Fish Creek & District Satellite","fs_type":"satellite","street":"10-12 Surfers Walk","suburb":"Sandy Point","pcode":"3959","grp_name":"South Gippsland","label":"Fish Creek & District Satellite (Sandy Point)","site_oc_id":20372,"ESRI_OID":472}},{"type":"Feature","id":473,"geometry":{"type":"Point","coordinates":[145.86703801203,-38.2030255268455]},"properties":{"distrct_no":"09","distrct_label":"District 9","distrct_phone_no":"03 5624 1900","brig_name":"Hallora & District","fs_name":"Hallora & District Satellite","fs_type":"satellite","street":"151 Burnt Store Road","suburb":"Lardner","pcode":"3821","grp_name":"Baw Baw","label":"Hallora & District Satellite (Lardner)","site_oc_id":20374,"ESRI_OID":473}},{"type":"Feature","id":474,"geometry":{"type":"Point","coordinates":[145.670002832163,-38.3353185667116]},"properties":{"distrct_no":"09","distrct_label":"District 9","distrct_phone_no":"03 5624 1900","brig_name":"Loch","fs_name":"Loch Satellite","fs_type":"satellite","street":"14 Hewson Street","suburb":"Nyora","pcode":"3987","grp_name":"Strzelecki","label":"Loch Satellite (Nyora)","site_oc_id":20383,"ESRI_OID":474}},{"type":"Feature","id":475,"geometry":{"type":"Point","coordinates":[145.806995001964,-38.0464519969158]},"properties":{"distrct_no":"09","distrct_label":"District 9","distrct_phone_no":"03 5624 1900","brig_name":"Longwarry & District","fs_name":"Longwarry & District Satellite","fs_type":"satellite","street":"23 Forest Road","suburb":"Labertouche","pcode":"3816","grp_name":"Baw Baw","label":"Longwarry & District Satellite (Labertouche)","site_oc_id":20385,"ESRI_OID":475}},{"type":"Feature","id":476,"geometry":{"type":"Point","coordinates":[145.997885002326,-38.8221719965362]},"properties":{"distrct_no":"09","distrct_label":"District 9","distrct_phone_no":"03 5624 1900","brig_name":"Tarwin Lower District","fs_name":"Tarwin Lower District Satellite (Walkerville)","fs_type":"satellite","street":"20 Panoramic Drive","suburb":"Walkerville","pcode":"3956","grp_name":"South Gippsland","label":"Tarwin Lower District Satellite (Walkerville)","site_oc_id":20400,"ESRI_OID":476}},{"type":"Feature","id":477,"geometry":{"type":"Point","coordinates":[145.815554652314,-38.6958683765529]},"properties":{"distrct_no":"09","distrct_label":"District 9","distrct_phone_no":"03 5624 1900","brig_name":"Tarwin Lower District","fs_name":"Tarwin Lower District Satellite (Venus Bay)","fs_type":"satellite","street":"190 Lees Road","suburb":"Venus Bay","pcode":"3956","grp_name":"South Gippsland","label":"Tarwin Lower District Satellite (Venus Bay)","site_oc_id":20401,"ESRI_OID":477}},{"type":"Feature","id":478,"geometry":{"type":"Point","coordinates":[145.940781001987,-38.1661119968887]},"properties":{"distrct_no":"09","distrct_label":"District 9","distrct_phone_no":"03 5624 1900","brig_name":"District 9 Headquarters","fs_name":"District 9 Headquarters RFB","fs_type":"main","street":"157 Queen Street","suburb":"Warragul","pcode":"3820","grp_name":"Baw Baw","label":"District 9 Headquarters RFB","site_oc_id":20443,"ESRI_OID":478}},{"type":"Feature","id":479,"geometry":{"type":"Point","coordinates":[146.589151612023,-38.6051158168348]},"properties":{"distrct_no":"10","distrct_label":"District 10","distrct_phone_no":"03 5149 1000","brig_name":"Alberton West","fs_name":"Alberton West","fs_type":"main","street":"333 Lanes Road","suburb":"Alberton West","pcode":"3971","grp_name":"Tarra","label":"Alberton West","site_oc_id":18565,"ESRI_OID":479}},{"type":"Feature","id":480,"geometry":{"type":"Point","coordinates":[146.988343341516,-37.8846723973694]},"properties":{"distrct_no":"10","distrct_label":"District 10","distrct_phone_no":"03 5149 1000","brig_name":"Boisdale","fs_name":"Boisdale","fs_type":"main","street":"17 Main Street","suburb":"Boisdale","pcode":"3860","grp_name":"Riverslea","label":"Boisdale","site_oc_id":18566,"ESRI_OID":480}},{"type":"Feature","id":481,"geometry":{"type":"Point","coordinates":[147.071401891469,-37.8428428374191]},"properties":{"distrct_no":"10","distrct_label":"District 10","distrct_phone_no":"03 5149 1000","brig_name":"Briagolong","fs_name":"Briagolong","fs_type":"main","street":"24 Cahill Street","suburb":"Briagolong","pcode":"3860","grp_name":"Avon","label":"Briagolong","site_oc_id":18569,"ESRI_OID":481}},{"type":"Feature","id":482,"geometry":{"type":"Point","coordinates":[146.750117691854,-38.3830206270099]},"properties":{"distrct_no":"10","distrct_label":"District 10","distrct_phone_no":"03 5149 1000","brig_name":"Carrajung","fs_name":"Carrajung","fs_type":"main","street":"85 Old Carrajung Road","suburb":"Carrajung Lower","pcode":"3844","grp_name":"Tarra","label":"Carrajung","site_oc_id":18570,"ESRI_OID":482}},{"type":"Feature","id":483,"geometry":{"type":"Point","coordinates":[147.162824861551,-38.0491155573276]},"properties":{"distrct_no":"10","distrct_label":"District 10","distrct_phone_no":"03 5149 1000","brig_name":"Clydebank","fs_name":"Clydebank","fs_type":"main","street":"1034 Bengworden Road","suburb":"Clydebank","pcode":"3851","grp_name":"Avon","label":"Clydebank","site_oc_id":18571,"ESRI_OID":483}},{"type":"Feature","id":484,"geometry":{"type":"Point","coordinates":[146.697954551673,-38.0146249672054]},"properties":{"distrct_no":"10","distrct_label":"District 10","distrct_phone_no":"03 5149 1000","brig_name":"Cowwarr","fs_name":"Cowwarr","fs_type":"main","street":"21 Main Street","suburb":"Cowwarr","pcode":"3857","grp_name":"Riverslea","label":"Cowwarr","site_oc_id":18572,"ESRI_OID":484}},{"type":"Feature","id":485,"geometry":{"type":"Point","coordinates":[147.250577471213,-37.4583720376986]},"properties":{"distrct_no":"10","distrct_label":"District 10","distrct_phone_no":"03 5149 1000","brig_name":"Dargo","fs_name":"Dargo","fs_type":"main","street":"145 Lind Avenue","suburb":"Dargo","pcode":"3862","grp_name":"Avon","label":"Dargo","site_oc_id":18573,"ESRI_OID":485}},{"type":"Feature","id":486,"geometry":{"type":"Point","coordinates":[146.658063161956,-38.5199817569039]},"properties":{"distrct_no":"10","distrct_label":"District 10","distrct_phone_no":"03 5149 1000","brig_name":"Devon North","fs_name":"Devon North","fs_type":"main","street":"605 Tarra Valley Road","suburb":"Devon North","pcode":"3971","grp_name":"Tarra","label":"Devon North","site_oc_id":18575,"ESRI_OID":486}},{"type":"Feature","id":487,"geometry":{"type":"Point","coordinates":[146.648716741752,-38.1344884271216]},"properties":{"distrct_no":"10","distrct_label":"District 10","distrct_phone_no":"03 5149 1000","brig_name":"Glengarry East","fs_name":"Glengarry East","fs_type":"main","street":"868 Lower Cairnbrook Road","suburb":"Glengarry","pcode":"3854","grp_name":"Riverslea","label":"Glengarry East","site_oc_id":18581,"ESRI_OID":487}},{"type":"Feature","id":488,"geometry":{"type":"Point","coordinates":[147.402674421564,-38.2089477373081]},"properties":{"distrct_no":"10","distrct_label":"District 10","distrct_phone_no":"03 5149 1000","brig_name":"Golden Beach","fs_name":"Golden Beach","fs_type":"main","street":"6 Rainbow Road","suburb":"Golden Beach","pcode":"3851","grp_name":"Banksia","label":"Golden Beach","site_oc_id":18583,"ESRI_OID":488}},{"type":"Feature","id":489,"geometry":{"type":"Point","coordinates":[146.62349669149,-37.6283056674051]},"properties":{"distrct_no":"10","distrct_label":"District 10","distrct_phone_no":"03 5149 1000","brig_name":"Licola","fs_name":"Licola","fs_type":"main","street":"8 Licola-Jamieson Road","suburb":"Licola","pcode":"3858","grp_name":"Riverslea","label":"Licola","site_oc_id":18584,"ESRI_OID":489}},{"type":"Feature","id":490,"geometry":{"type":"Point","coordinates":[147.592090631418,-38.0396140574646]},"properties":{"distrct_no":"10","distrct_label":"District 10","distrct_phone_no":"03 5149 1000","brig_name":"Loch Sport","fs_name":"Loch Sport","fs_type":"main","street":"105 National Park Road","suburb":"Loch Sport","pcode":"3851","grp_name":"Banksia","label":"Loch Sport","site_oc_id":18585,"ESRI_OID":490}},{"type":"Feature","id":491,"geometry":{"type":"Point","coordinates":[147.089595731642,-38.1799065972296]},"properties":{"distrct_no":"10","distrct_label":"District 10","distrct_phone_no":"03 5149 1000","brig_name":"Longford","fs_name":"Longford","fs_type":"main","street":"66 Seaspray Road","suburb":"Longford","pcode":"3851","grp_name":"Banksia","label":"Longford","site_oc_id":18586,"ESRI_OID":491}},{"type":"Feature","id":492,"geometry":{"type":"Point","coordinates":[147.389058911459,-38.0034304374234]},"properties":{"distrct_no":"10","distrct_label":"District 10","distrct_phone_no":"03 5149 1000","brig_name":"Meerlieu","fs_name":"Meerlieu","fs_type":"main","street":"16 Roseneath Road","suburb":"Meerlieu","pcode":"3862","grp_name":"Avon","label":"Meerlieu","site_oc_id":18589,"ESRI_OID":492}},{"type":"Feature","id":493,"geometry":{"type":"Point","coordinates":[147.186107161474,-37.9168774874114]},"properties":{"distrct_no":"10","distrct_label":"District 10","distrct_phone_no":"03 5149 1000","brig_name":"Munro","fs_name":"Munro","fs_type":"main","street":"9 Railway Avenue","suburb":"Munro","pcode":"3862","grp_name":"Avon","label":"Munro","site_oc_id":18590,"ESRI_OID":493}},{"type":"Feature","id":494,"geometry":{"type":"Point","coordinates":[146.83426219166,-38.0679785072163]},"properties":{"distrct_no":"10","distrct_label":"District 10","distrct_phone_no":"03 5149 1000","brig_name":"Nambrok","fs_name":"Nambrok","fs_type":"main","street":"3 Nambrok Hall Road","suburb":"Nambrok","pcode":"3847","grp_name":"Riverslea","label":"Nambrok","site_oc_id":18591,"ESRI_OID":494}},{"type":"Feature","id":495,"geometry":{"type":"Point","coordinates":[147.225774981506,-38.0008833073749]},"properties":{"distrct_no":"10","distrct_label":"District 10","distrct_phone_no":"03 5149 1000","brig_name":"Perry Bridge","fs_name":"Perry Bridge","fs_type":"main","street":"2147 Bengworden Road","suburb":"Perry Bridge","pcode":"3862","grp_name":"Avon","label":"Perry Bridge","site_oc_id":18595,"ESRI_OID":495}},{"type":"Feature","id":496,"geometry":{"type":"Point","coordinates":[147.189001181717,-38.3750835671471]},"properties":{"distrct_no":"10","distrct_label":"District 10","distrct_phone_no":"03 5149 1000","brig_name":"Seaspray","fs_name":"Seaspray","fs_type":"main","street":"20 Futcher Street","suburb":"Seaspray","pcode":"3851","grp_name":"Banksia","label":"Seaspray","site_oc_id":18597,"ESRI_OID":496}},{"type":"Feature","id":497,"geometry":{"type":"Point","coordinates":[147.037117061716,-38.2880105671513]},"properties":{"distrct_no":"10","distrct_label":"District 10","distrct_phone_no":"03 5149 1000","brig_name":"Stradbroke","fs_name":"Stradbroke","fs_type":"main","street":"4918 South Gippsland Highway","suburb":"Stradbroke","pcode":"3851","grp_name":"Banksia","label":"Stradbroke","site_oc_id":18598,"ESRI_OID":497}},{"type":"Feature","id":498,"geometry":{"type":"Point","coordinates":[146.988998211484,-37.8249241474042]},"properties":{"distrct_no":"10","distrct_label":"District 10","distrct_phone_no":"03 5149 1000","brig_name":"Valencia Creek","fs_name":"Valencia Creek","fs_type":"main","street":"81 Valencia Creek-Briagolong Road","suburb":"Valencia Creek","pcode":"3860","grp_name":"Riverslea","label":"Valencia Creek","site_oc_id":18615,"ESRI_OID":498}},{"type":"Feature","id":499,"geometry":{"type":"Point","coordinates":[146.819263341763,-38.2529630171054]},"properties":{"distrct_no":"10","distrct_label":"District 10","distrct_phone_no":"03 5149 1000","brig_name":"Willung","fs_name":"Willung","fs_type":"main","street":"186 Willung Hall Road","suburb":"Willung","pcode":"3847","grp_name":"Banksia","label":"Willung","site_oc_id":18616,"ESRI_OID":499}},{"type":"Feature","id":500,"geometry":{"type":"Point","coordinates":[146.768828191671,-38.0522433072054]},"properties":{"distrct_no":"10","distrct_label":"District 10","distrct_phone_no":"03 5149 1000","brig_name":"Winnindoo","fs_name":"Winnindoo","fs_type":"main","street":"1024 Rosedale-Heyfield Road","suburb":"Winnindoo","pcode":"3858","grp_name":"Riverslea","label":"Winnindoo","site_oc_id":18618,"ESRI_OID":500}},{"type":"Feature","id":501,"geometry":{"type":"Point","coordinates":[146.717390371913,-38.4728518869487]},"properties":{"distrct_no":"10","distrct_label":"District 10","distrct_phone_no":"03 5149 1000","brig_name":"Won Wron","fs_name":"Won Wron","fs_type":"main","street":"4735 Hyland Highway","suburb":"Won Wron","pcode":"3971","grp_name":"Tarra","label":"Won Wron","site_oc_id":18619,"ESRI_OID":501}},{"type":"Feature","id":502,"geometry":{"type":"Point","coordinates":[146.877661141892,-38.5248186169672]},"properties":{"distrct_no":"10","distrct_label":"District 10","distrct_phone_no":"03 5149 1000","brig_name":"Woodside","fs_name":"Woodside","fs_type":"main","street":"35 Victoria Street","suburb":"Woodside","pcode":"3874","grp_name":"Tarra","label":"Woodside","site_oc_id":18620,"ESRI_OID":502}},{"type":"Feature","id":503,"geometry":{"type":"Point","coordinates":[146.72651066197,-38.5836494168882]},"properties":{"distrct_no":"10","distrct_label":"District 10","distrct_phone_no":"03 5149 1000","brig_name":"Woranga","fs_name":"Woranga","fs_type":"main","street":"367 Woranga School Road","suburb":"Yarram","pcode":"3971","grp_name":"Tarra","label":"Woranga","site_oc_id":18621,"ESRI_OID":503}},{"type":"Feature","id":504,"geometry":{"type":"Point","coordinates":[146.785760951581,-37.8921857173028]},"properties":{"distrct_no":"10","distrct_label":"District 10","distrct_phone_no":"03 5149 1000","brig_name":"Coongulla","fs_name":"Coongulla","fs_type":"main","street":"234 Ryans Road","suburb":"Coongulla","pcode":"3860","grp_name":"Riverslea","label":"Coongulla","site_oc_id":18628,"ESRI_OID":504}},{"type":"Feature","id":505,"geometry":{"type":"Point","coordinates":[146.790058171626,-37.9804858272532]},"properties":{"distrct_no":"10","distrct_label":"District 10","distrct_phone_no":"03 5149 1000","brig_name":"Heyfield","fs_name":"Heyfield","fs_type":"main","street":"33 George Street","suburb":"Heyfield","pcode":"3858","grp_name":"Riverslea","label":"Heyfield","site_oc_id":18629,"ESRI_OID":505}},{"type":"Feature","id":506,"geometry":{"type":"Point","coordinates":[146.980880801563,-37.9699937973177]},"properties":{"distrct_no":"10","distrct_label":"District 10","distrct_phone_no":"03 5149 1000","brig_name":"Maffra","fs_name":"Maffra","fs_type":"main","street":"191 Johnson Street","suburb":"Maffra","pcode":"3860","grp_name":"Riverslea","label":"Maffra","site_oc_id":18632,"ESRI_OID":506}},{"type":"Feature","id":507,"geometry":{"type":"Point","coordinates":[147.065586101609,-38.1036547372664]},"properties":{"distrct_no":"10","distrct_label":"District 10","distrct_phone_no":"03 5149 1000","brig_name":"Sale","fs_name":"Sale","fs_type":"main","street":"426-444 Raymond Street","suburb":"Sale","pcode":"3850","grp_name":"Riverslea","label":"Sale","site_oc_id":18637,"ESRI_OID":507}},{"type":"Feature","id":508,"geometry":{"type":"Point","coordinates":[147.082438751531,-37.9660527173511]},"properties":{"distrct_no":"10","distrct_label":"District 10","distrct_phone_no":"03 5149 1000","brig_name":"Stratford","fs_name":"Stratford","fs_type":"main","street":"51 Mcfarlane Street","suburb":"Stratford","pcode":"3862","grp_name":"Avon","label":"Stratford","site_oc_id":18638,"ESRI_OID":508}},{"type":"Feature","id":509,"geometry":{"type":"Point","coordinates":[146.676666781975,-38.5653489168836]},"properties":{"distrct_no":"10","distrct_label":"District 10","distrct_phone_no":"03 5149 1000","brig_name":"Yarram","fs_name":"Yarram","fs_type":"main","street":"24 James Street","suburb":"Yarram","pcode":"3971","grp_name":"Tarra","label":"Yarram","site_oc_id":18641,"ESRI_OID":509}},{"type":"Feature","id":510,"geometry":{"type":"Point","coordinates":[146.695783002026,-38.6696679968299]},"properties":{"distrct_no":"10","distrct_label":"District 10","distrct_phone_no":"03 5149 1000","brig_name":"Port Albert Coast Guard","fs_name":"Port Albert Coast Guard","fs_type":"main","street":"31-37 Bay Street","suburb":"Port Albert","pcode":"3971","grp_name":null,"label":"Port Albert Coast Guard","site_oc_id":19688,"ESRI_OID":510}},{"type":"Feature","id":511,"geometry":{"type":"Point","coordinates":[146.531637002014,-38.5554589968459]},"properties":{"distrct_no":"10","distrct_label":"District 10","distrct_phone_no":"03 5149 1000","brig_name":"Jack River","fs_name":"Jack River","fs_type":"main","street":"237 Albert River Road","suburb":"Staceys Bridge","pcode":"3971","grp_name":"Tarra","label":"Jack River","site_oc_id":19752,"ESRI_OID":511}},{"type":"Feature","id":512,"geometry":{"type":"Point","coordinates":[146.749936001593,-37.8951509972901]},"properties":{"distrct_no":"10","distrct_label":"District 10","distrct_phone_no":"03 5149 1000","brig_name":"Glenmaggie","fs_name":"Glenmaggie","fs_type":"main","street":"151 Glenmaggie Road","suburb":"Glenmaggie","pcode":"3858","grp_name":"Riverslea","label":"Glenmaggie","site_oc_id":19870,"ESRI_OID":512}},{"type":"Feature","id":513,"geometry":{"type":"Point","coordinates":[146.77876000172,-38.1499169971523]},"properties":{"distrct_no":"10","distrct_label":"District 10","distrct_phone_no":"03 5149 1000","brig_name":"Rosedale","fs_name":"Rosedale","fs_type":"main","street":"29-31 Mackay Street","suburb":"Rosedale","pcode":"3847","grp_name":"Riverslea","label":"Rosedale","site_oc_id":19974,"ESRI_OID":513}},{"type":"Feature","id":514,"geometry":{"type":"Point","coordinates":[146.891997001587,-37.9640739972939]},"properties":{"distrct_no":"10","distrct_label":"District 10","distrct_phone_no":"03 5149 1000","brig_name":"Tinamba","fs_name":"Tinamba","fs_type":"main","street":"17 Traralgon-Maffra Road","suburb":"Tinamba","pcode":"3859","grp_name":"Riverslea","label":"Tinamba","site_oc_id":20061,"ESRI_OID":514}},{"type":"Feature","id":515,"geometry":{"type":"Point","coordinates":[146.698555001633,-37.9403409972483]},"properties":{"distrct_no":"10","distrct_label":"District 10","distrct_phone_no":"03 5149 1000","brig_name":"Seaton","fs_name":"Seaton","fs_type":"main","street":"7 Seymours Lane","suburb":"Seaton","pcode":"3858","grp_name":"Riverslea","label":"Seaton","site_oc_id":20082,"ESRI_OID":515}},{"type":"Feature","id":516,"geometry":{"type":"Point","coordinates":[146.691947002027,-38.6698869968287]},"properties":{"distrct_no":"10","distrct_label":"District 10","distrct_phone_no":"03 5149 1000","brig_name":"Port Albert","fs_name":"Port Albert","fs_type":"main","street":"56 Tarraville Road","suburb":"Port Albert","pcode":"3971","grp_name":"Tarra","label":"Port Albert","site_oc_id":20147,"ESRI_OID":516}},{"type":"Feature","id":517,"geometry":{"type":"Point","coordinates":[146.726911001837,-38.3386779970283]},"properties":{"distrct_no":"10","distrct_label":"District 10","distrct_phone_no":"03 5149 1000","brig_name":"Willung South","fs_name":"Willung South","fs_type":"main","street":"5 Martins Road","suburb":"Willung South","pcode":"3847","grp_name":"Tarra","label":"Willung South","site_oc_id":20165,"ESRI_OID":517}},{"type":"Feature","id":518,"geometry":{"type":"Point","coordinates":[146.456079002055,-38.5872069968052]},"properties":{"distrct_no":"10","distrct_label":"District 10","distrct_phone_no":"03 5149 1000","brig_name":"Jack River","fs_name":"Jack River Satellite","fs_type":"satellite","street":"675 Albert River-Welshpool Road","suburb":"Binginwarri","pcode":"3966","grp_name":"Tarra","label":"Jack River Satellite (Binginwarri)","site_oc_id":20378,"ESRI_OID":518}},{"type":"Feature","id":519,"geometry":{"type":"Point","coordinates":[147.031066001619,-38.1040389972556]},"properties":{"distrct_no":"10","distrct_label":"District 10","distrct_phone_no":"03 5149 1000","brig_name":"Sale","fs_name":"Sale Satellite","fs_type":"satellite","street":"6-8 Frith Street","suburb":"Wurruk","pcode":"3850","grp_name":"Riverslea","label":"Sale Satellite (Wurruk)","site_oc_id":20391,"ESRI_OID":519}},{"type":"Feature","id":520,"geometry":{"type":"Point","coordinates":[146.700828601821,-38.2934599970463]},"properties":{"distrct_no":"10","distrct_label":"District 10","distrct_phone_no":"03 5149 1000","brig_name":"Willung South","fs_name":"Willung South Satellite","fs_type":"satellite","street":"18 Main Road","suburb":"Gormandale","pcode":"3873","grp_name":"Tarra","label":"Willung South Satellite (Gormandale)","site_oc_id":20405,"ESRI_OID":520}},{"type":"Feature","id":521,"geometry":{"type":"Point","coordinates":[146.986111491776,-38.371103487088]},"properties":{"distrct_no":"10","distrct_label":"District 10","distrct_phone_no":"03 5149 1000","brig_name":"Stradbroke","fs_name":"Stradbroke Satellite","fs_type":"satellite","street":"3869 South Gippsland Highway","suburb":"Giffard West","pcode":"3851","grp_name":"Banksia","label":"Stradbroke Satellite (Giffard West)","site_oc_id":20489,"ESRI_OID":521}},{"type":"Feature","id":522,"geometry":{"type":"Point","coordinates":[146.890026001567,-37.9251739973158]},"properties":{"distrct_no":"10","distrct_label":"District 10","distrct_phone_no":"03 5149 1000","brig_name":"Newry","fs_name":"Newry","fs_type":"main","street":"30 Main Street","suburb":"Newry","pcode":"3859","grp_name":"Riverslea","label":"Newry","site_oc_id":20496,"ESRI_OID":522}},{"type":"Feature","id":523,"geometry":{"type":"Point","coordinates":[147.70406300082,-36.9554649981373]},"properties":{"distrct_no":"11","distrct_label":"District 11","distrct_phone_no":"03 5153 7400","brig_name":"Benambra","fs_name":"Benambra","fs_type":"main","street":"78 Foster Street","suburb":"Benambra","pcode":"3900","grp_name":"Omeo","label":"Benambra","site_oc_id":18528,"ESRI_OID":523}},{"type":"Feature","id":524,"geometry":{"type":"Point","coordinates":[148.884643480585,-37.1490436783957]},"properties":{"distrct_no":"11","distrct_label":"District 11","distrct_phone_no":"03 5153 7400","brig_name":"Bendoc","fs_name":"Bendoc","fs_type":"main","street":"25 Clarkeville Road","suburb":"Bendoc","pcode":"3888","grp_name":"Mount Delegate","label":"Bendoc","site_oc_id":18529,"ESRI_OID":524}},{"type":"Feature","id":525,"geometry":{"type":"Point","coordinates":[147.46656405142,-37.9726502974651]},"properties":{"distrct_no":"11","distrct_label":"District 11","distrct_phone_no":"03 5153 7400","brig_name":"Bengworden","fs_name":"Bengworden","fs_type":"main","street":"1810 Bengworden Road","suburb":"Bengworden","pcode":"3875","grp_name":"Mitchell","label":"Bengworden","site_oc_id":18532,"ESRI_OID":525}},{"type":"Feature","id":526,"geometry":{"type":"Point","coordinates":[147.830905351173,-37.7066352877334]},"properties":{"distrct_no":"11","distrct_label":"District 11","distrct_phone_no":"03 5153 7400","brig_name":"Bruthen","fs_name":"Bruthen","fs_type":"main","street":"8 Church Street","suburb":"Bruthen","pcode":"3885","grp_name":"Tambo","label":"Bruthen","site_oc_id":18533,"ESRI_OID":526}},{"type":"Feature","id":527,"geometry":{"type":"Point","coordinates":[147.829366331232,-37.8195259276665]},"properties":{"distrct_no":"11","distrct_label":"District 11","distrct_phone_no":"03 5153 7400","brig_name":"Johnsonville","fs_name":"Johnsonville","fs_type":"main","street":"1749 Princes Highway","suburb":"Johnsonville","pcode":"3902","grp_name":"Tambo","label":"Johnsonville","site_oc_id":18535,"ESRI_OID":527}},{"type":"Feature","id":528,"geometry":{"type":"Point","coordinates":[149.152679000727,-37.5711339982256]},"properties":{"distrct_no":"11","distrct_label":"District 11","distrct_phone_no":"03 5153 7400","brig_name":"Cann Valley","fs_name":"Cann Valley","fs_type":"main","street":"12 Tamboon Road","suburb":"Cann River","pcode":"3890","grp_name":"Orbost","label":"Cann Valley","site_oc_id":18538,"ESRI_OID":528}},{"type":"Feature","id":529,"geometry":{"type":"Point","coordinates":[147.322494001408,-37.8701669974806]},"properties":{"distrct_no":"11","distrct_label":"District 11","distrct_phone_no":"03 5153 7400","brig_name":"Fernbank","fs_name":"Fernbank","fs_type":"main","street":"4 Pearce Street","suburb":"Fernbank","pcode":"3864","grp_name":"Mitchell","label":"Fernbank","site_oc_id":18540,"ESRI_OID":529}},{"type":"Feature","id":530,"geometry":{"type":"Point","coordinates":[147.482440631303,-37.7594488775945]},"properties":{"distrct_no":"11","distrct_label":"District 11","distrct_phone_no":"03 5153 7400","brig_name":"Flaggy Creek","fs_name":"Flaggy Creek","fs_type":"main","street":"244 Lower Flaggy Creek Road","suburb":"Flaggy Creek","pcode":"3875","grp_name":"Mitchell","label":"Flaggy Creek","site_oc_id":18541,"ESRI_OID":530}},{"type":"Feature","id":531,"geometry":{"type":"Point","coordinates":[147.349273001346,-37.7663189975493]},"properties":{"distrct_no":"11","distrct_label":"District 11","distrct_phone_no":"03 5153 7400","brig_name":"Glenaladale","fs_name":"Glenaladale","fs_type":"main","street":"1735 Fernbank-Glenaladale Road","suburb":"Glenaladale","pcode":"3864","grp_name":"Mitchell","label":"Glenaladale","site_oc_id":18543,"ESRI_OID":531}},{"type":"Feature","id":532,"geometry":{"type":"Point","coordinates":[147.531446001324,-37.8284259975693]},"properties":{"distrct_no":"11","distrct_label":"District 11","distrct_phone_no":"03 5153 7400","brig_name":"Hillside","fs_name":"Hillside","fs_type":"main","street":"535 Bairnsdale-Dargo Road","suburb":"Hillside (Bairnsdale)","pcode":"3875","grp_name":"Mitchell","label":"Hillside","site_oc_id":18544,"ESRI_OID":532}},{"type":"Feature","id":533,"geometry":{"type":"Point","coordinates":[147.90245603123,-37.8547552176683]},"properties":{"distrct_no":"11","distrct_label":"District 11","distrct_phone_no":"03 5153 7400","brig_name":"Kalimna West","fs_name":"Kalimna West","fs_type":"main","street":"265 Nungurner Road","suburb":"Nungurner","pcode":"3909","grp_name":"Tambo","label":"Kalimna West","site_oc_id":18545,"ESRI_OID":533}},{"type":"Feature","id":534,"geometry":{"type":"Point","coordinates":[147.988915951217,-37.8795246976804]},"properties":{"distrct_no":"11","distrct_label":"District 11","distrct_phone_no":"03 5153 7400","brig_name":"Lakes Entrance","fs_name":"Lakes Entrance","fs_type":"main","street":"12 Bulmer Street","suburb":"Lakes Entrance","pcode":"3909","grp_name":"Tambo","label":"Lakes Entrance","site_oc_id":18546,"ESRI_OID":534}},{"type":"Feature","id":535,"geometry":{"type":"Point","coordinates":[147.457011641332,-37.8013193375622]},"properties":{"distrct_no":"11","distrct_label":"District 11","distrct_phone_no":"03 5153 7400","brig_name":"Lindenow & District","fs_name":"Lindenow & District","fs_type":"main","street":"108 Henry Street","suburb":"Lindenow","pcode":"3865","grp_name":"Mitchell","label":"Lindenow & District","site_oc_id":18547,"ESRI_OID":535}},{"type":"Feature","id":536,"geometry":{"type":"Point","coordinates":[149.750908240557,-37.5607550284189]},"properties":{"distrct_no":"11","distrct_label":"District 11","distrct_phone_no":"03 5153 7400","brig_name":"Mallacoota","fs_name":"Mallacoota","fs_type":"main","street":"108 Bastion Point Road","suburb":"Mallacoota","pcode":"3892","grp_name":"Orbost","label":"Mallacoota","site_oc_id":18549,"ESRI_OID":536}},{"type":"Feature","id":537,"geometry":{"type":"Point","coordinates":[148.533327881017,-37.7964306678979]},"properties":{"distrct_no":"11","distrct_label":"District 11","distrct_phone_no":"03 5153 7400","brig_name":"Marlo Coast Guard","fs_name":"Marlo / Marlo Coast Guard","fs_type":"main","street":"2 Jorgensen Street","suburb":"Marlo","pcode":"3888","grp_name":"Orbost","label":"Marlo / Marlo Coast Guard","site_oc_id":18552,"ESRI_OID":537}},{"type":"Feature","id":538,"geometry":{"type":"Point","coordinates":[147.852797181261,-37.8867663176342]},"properties":{"distrct_no":"11","distrct_label":"District 11","distrct_phone_no":"03 5153 7400","brig_name":"Metung","fs_name":"Metung","fs_type":"main","street":"1 Wood Street","suburb":"Metung","pcode":"3904","grp_name":"Tambo","label":"Metung","site_oc_id":18553,"ESRI_OID":538}},{"type":"Feature","id":539,"geometry":{"type":"Point","coordinates":[147.810965771192,-37.7328855977118]},"properties":{"distrct_no":"11","distrct_label":"District 11","distrct_phone_no":"03 5153 7400","brig_name":"Mossi - Tambo","fs_name":"Mossi - Tambo","fs_type":"main","street":"1165 Swan Reach-Bruthen Road","suburb":"Mossiface","pcode":"3885","grp_name":"Tambo","label":"Mossi - Tambo","site_oc_id":18554,"ESRI_OID":539}},{"type":"Feature","id":540,"geometry":{"type":"Point","coordinates":[147.608499201283,-37.7928778376139]},"properties":{"distrct_no":"11","distrct_label":"District 11","distrct_phone_no":"03 5153 7400","brig_name":"Mount Taylor","fs_name":"Mount Taylor","fs_type":"main","street":"5 Gammons Road","suburb":"Wy-Yung","pcode":"3875","grp_name":"Mitchell","label":"Mount Taylor","site_oc_id":18555,"ESRI_OID":540}},{"type":"Feature","id":541,"geometry":{"type":"Point","coordinates":[148.429428611016,-37.737160267901]},"properties":{"distrct_no":"11","distrct_label":"District 11","distrct_phone_no":"03 5153 7400","brig_name":"Newmerella","fs_name":"Newmerella","fs_type":"main","street":"2 Corringle Road","suburb":"Newmerella","pcode":"3886","grp_name":"Orbost","label":"Newmerella","site_oc_id":18556,"ESRI_OID":541}},{"type":"Feature","id":542,"geometry":{"type":"Point","coordinates":[148.45702300099,-37.7023109979303]},"properties":{"distrct_no":"11","distrct_label":"District 11","distrct_phone_no":"03 5153 7400","brig_name":"Orbost","fs_name":"Orbost","fs_type":"main","street":"31-35 Gladstone Street","suburb":"Orbost","pcode":"3888","grp_name":"Orbost","label":"Orbost","site_oc_id":18557,"ESRI_OID":542}},{"type":"Feature","id":543,"geometry":{"type":"Point","coordinates":[147.669148411266,-37.7944174776317]},"properties":{"distrct_no":"11","distrct_label":"District 11","distrct_phone_no":"03 5153 7400","brig_name":"Sarsfield","fs_name":"Sarsfield","fs_type":"main","street":"360 Great Alpine Road","suburb":"Sarsfield","pcode":"3875","grp_name":"Mitchell","label":"Sarsfield","site_oc_id":18560,"ESRI_OID":543}},{"type":"Feature","id":544,"geometry":{"type":"Point","coordinates":[147.722631700974,-37.2642528979605]},"properties":{"distrct_no":"11","distrct_label":"District 11","distrct_phone_no":"03 5153 7400","brig_name":"Swifts Creek","fs_name":"Swifts Creek","fs_type":"main","street":"6870 Great Alpine Road","suburb":"Swifts Creek","pcode":"3896","grp_name":"Omeo","label":"Swifts Creek","site_oc_id":18561,"ESRI_OID":544}},{"type":"Feature","id":545,"geometry":{"type":"Point","coordinates":[148.049135591186,-37.8520145477153]},"properties":{"distrct_no":"11","distrct_label":"District 11","distrct_phone_no":"03 5153 7400","brig_name":"Toorloo","fs_name":"Toorloo","fs_type":"main","street":"316 Lake Tyers Beach Road","suburb":"Lake Tyers Beach","pcode":"3909","grp_name":"Tambo","label":"Toorloo","site_oc_id":18563,"ESRI_OID":545}},{"type":"Feature","id":546,"geometry":{"type":"Point","coordinates":[148.170102001066,-37.6891909978489]},"properties":{"distrct_no":"11","distrct_label":"District 11","distrct_phone_no":"03 5153 7400","brig_name":"Wairewa","fs_name":"Wairewa","fs_type":"main","street":"2 Trevaskis Road","suburb":"Wairewa","pcode":"3887","grp_name":"Orbost","label":"Wairewa","site_oc_id":18564,"ESRI_OID":546}},{"type":"Feature","id":547,"geometry":{"type":"Point","coordinates":[147.722639081314,-37.9154575675773]},"properties":{"distrct_no":"11","distrct_label":"District 11","distrct_phone_no":"03 5153 7400","brig_name":"Paynesville","fs_name":"Paynesville","fs_type":"main","street":"38 Wellington Street","suburb":"Paynesville","pcode":"3880","grp_name":"Mitchell","label":"Paynesville","site_oc_id":19483,"ESRI_OID":547}},{"type":"Feature","id":548,"geometry":{"type":"Point","coordinates":[147.625689441297,-37.8283781875984]},"properties":{"distrct_no":"11","distrct_label":"District 11","distrct_phone_no":"03 5153 7400","brig_name":"District 11 Headquarters","fs_name":"District 11 Headquarters RFB","fs_type":"main","street":"130 Macleod Street","suburb":"Bairnsdale","pcode":"3875","grp_name":null,"label":"District 11 Headquarters RFB","site_oc_id":19541,"ESRI_OID":548}},{"type":"Feature","id":549,"geometry":{"type":"Point","coordinates":[148.70086500073,-37.3322439982275]},"properties":{"distrct_no":"11","distrct_label":"District 11","distrct_phone_no":"03 5153 7400","brig_name":"Goongerah","fs_name":"Goongerah","fs_type":"main","street":"6917 Bonang Road","suburb":"Goongerah","pcode":"3888","grp_name":"Mount Delegate","label":"Goongerah","site_oc_id":19634,"ESRI_OID":549}},{"type":"Feature","id":550,"geometry":{"type":"Point","coordinates":[147.988428841218,-37.8805813076797]},"properties":{"distrct_no":"11","distrct_label":"District 11","distrct_phone_no":"03 5153 7400","brig_name":"Lakes Entrance Coast Guard","fs_name":"Lakes Entrance Coast Guard","fs_type":"main","street":"420 Esplanade","suburb":"Lakes Entrance","pcode":"3909","grp_name":null,"label":"Lakes Entrance Coast Guard","site_oc_id":19684,"ESRI_OID":550}},{"type":"Feature","id":551,"geometry":{"type":"Point","coordinates":[147.601400000924,-37.0985539980202]},"properties":{"distrct_no":"11","distrct_label":"District 11","distrct_phone_no":"03 5153 7400","brig_name":"Omeo","fs_name":"Omeo","fs_type":"main","street":"110 Bilton Street","suburb":"Omeo","pcode":"3898","grp_name":"Omeo","label":"Omeo","site_oc_id":19722,"ESRI_OID":551}},{"type":"Feature","id":552,"geometry":{"type":"Point","coordinates":[147.723254001316,-37.919613997575]},"properties":{"distrct_no":"11","distrct_label":"District 11","distrct_phone_no":"03 5153 7400","brig_name":"Paynesville Coast Guard","fs_name":"Paynesville Coast Guard","fs_type":"main","street":"55 Esplanade","suburb":"Paynesville","pcode":"3880","grp_name":null,"label":"Paynesville Coast Guard","site_oc_id":19850,"ESRI_OID":552}},{"type":"Feature","id":553,"geometry":{"type":"Point","coordinates":[148.579099000628,-37.0650319983495]},"properties":{"distrct_no":"11","distrct_label":"District 11","distrct_phone_no":"03 5153 7400","brig_name":"Bonang","fs_name":"Bonang","fs_type":"main","street":"2725 Mckillops Road","suburb":"Tubbut","pcode":"3888","grp_name":"Mount Delegate","label":"Bonang","site_oc_id":19898,"ESRI_OID":553}},{"type":"Feature","id":554,"geometry":{"type":"Point","coordinates":[149.935977000277,-37.104290998756]},"properties":{"distrct_no":"11","distrct_label":"District 11","distrct_phone_no":"03 5153 7400","brig_name":"PFS","fs_name":"PFS","fs_type":"main","street":"Edrom Road","suburb":"Eden - NSW","pcode":"2551","grp_name":"Mount Delegate","label":"PFS","site_oc_id":19965,"ESRI_OID":554}},{"type":"Feature","id":555,"geometry":{"type":"Point","coordinates":[147.834745000999,-37.3754909979299]},"properties":{"distrct_no":"11","distrct_label":"District 11","distrct_phone_no":"03 5153 7400","brig_name":"Ensay","fs_name":"Ensay","fs_type":"main","street":"5061 Great Alpine Road","suburb":"Ensay","pcode":"3895","grp_name":"Omeo","label":"Ensay","site_oc_id":19975,"ESRI_OID":555}},{"type":"Feature","id":556,"geometry":{"type":"Point","coordinates":[148.268218000778,-37.1868309981783]},"properties":{"distrct_no":"11","distrct_label":"District 11","distrct_phone_no":"03 5153 7400","brig_name":"Gelantipy","fs_name":"Gelantipy","fs_type":"main","street":"3 Saleyard Road","suburb":"Gelantipy","pcode":"3885","grp_name":"Tambo","label":"Gelantipy","site_oc_id":19978,"ESRI_OID":556}},{"type":"Feature","id":557,"geometry":{"type":"Point","coordinates":[148.962282000875,-37.7569669980546]},"properties":{"distrct_no":"11","distrct_label":"District 11","distrct_phone_no":"03 5153 7400","brig_name":"Bemm","fs_name":"Bemm","fs_type":"main","street":"2112 Sydenham Inlet Road","suburb":"Bemm River","pcode":"3889","grp_name":"Orbost","label":"Bemm","site_oc_id":20009,"ESRI_OID":557}},{"type":"Feature","id":558,"geometry":{"type":"Point","coordinates":[148.172120000967,-37.5003919979615]},"properties":{"distrct_no":"11","distrct_label":"District 11","distrct_phone_no":"03 5153 7400","brig_name":"Buchan","fs_name":"Buchan","fs_type":"main","street":"36 Main Road","suburb":"Buchan","pcode":"3885","grp_name":"Tambo","label":"Buchan","site_oc_id":20056,"ESRI_OID":558}},{"type":"Feature","id":559,"geometry":{"type":"Point","coordinates":[147.600247001307,-37.8334349975876]},"properties":{"distrct_no":"11","distrct_label":"District 11","distrct_phone_no":"03 5153 7400","brig_name":"Bairnsdale","fs_name":"Bairnsdale","fs_type":"main","street":"73 Calvert Street","suburb":"Bairnsdale","pcode":"3875","grp_name":"Mitchell","label":"Bairnsdale","site_oc_id":20330,"ESRI_OID":559}},{"type":"Feature","id":560,"geometry":{"type":"Point","coordinates":[147.432132001353,-37.8265229975398]},"properties":{"distrct_no":"11","distrct_label":"District 11","distrct_phone_no":"03 5153 7400","brig_name":"Lindenow & District","fs_name":"Lindenow & District Satellite","fs_type":"satellite","street":"18 Growcott Street","suburb":"Lindenow South","pcode":"3875","grp_name":"Mitchell","label":"Lindenow & District Satellite (Lindenow South)","site_oc_id":20349,"ESRI_OID":560}},{"type":"Feature","id":561,"geometry":{"type":"Point","coordinates":[147.729749221316,-37.9237375475746]},"properties":{"distrct_no":"11","distrct_label":"District 11","distrct_phone_no":"03 5153 7400","brig_name":"Paynesville","fs_name":"Paynesville Satellite (Raymond Island)","fs_type":"satellite","street":"31 Tenth Avenue","suburb":"Raymond Island","pcode":"3880","grp_name":"Mitchell","label":"Paynesville Satellite (Raymond Island)","site_oc_id":20350,"ESRI_OID":561}},{"type":"Feature","id":562,"geometry":{"type":"Point","coordinates":[147.69196300133,-37.9278369975606]},"properties":{"distrct_no":"11","distrct_label":"District 11","distrct_phone_no":"03 5153 7400","brig_name":"Paynesville","fs_name":"Paynesville Satellite (Newlands Arm)","fs_type":"satellite","street":"25 Meridian Way","suburb":"Newlands Arm","pcode":"3875","grp_name":"Mitchell","label":"Paynesville Satellite (Newlands Arm)","site_oc_id":20351,"ESRI_OID":562}},{"type":"Feature","id":563,"geometry":{"type":"Point","coordinates":[148.804611000561,-37.0575199984255]},"properties":{"distrct_no":"11","distrct_label":"District 11","distrct_phone_no":"03 5153 7400","brig_name":"Bonang","fs_name":"Bonang Satellite","fs_type":"satellite","street":"1946 Bonang Road","suburb":"Delegate River","pcode":"3888","grp_name":"Mount Delegate","label":"Bonang Satellite (Delegate River)","site_oc_id":20352,"ESRI_OID":563}},{"type":"Feature","id":564,"geometry":{"type":"Point","coordinates":[149.679386000536,-37.481063998445]},"properties":{"distrct_no":"11","distrct_label":"District 11","distrct_phone_no":"03 5153 7400","brig_name":"Mallacoota","fs_name":"Mallacoota Satellite","fs_type":"satellite","street":"8 Tucks Track","suburb":"Gipsy Point","pcode":"3891","grp_name":"Orbost","label":"Mallacoota Satellite (Gipsy Point)","site_oc_id":20353,"ESRI_OID":564}},{"type":"Feature","id":565,"geometry":{"type":"Point","coordinates":[147.65881800123,-37.7196409976724]},"properties":{"distrct_no":"11","distrct_label":"District 11","distrct_phone_no":"03 5153 7400","brig_name":"Sarsfield","fs_name":"Sarsfield Satellite","fs_type":"satellite","street":"810 Deptford Road","suburb":"Clifton Creek","pcode":"3875","grp_name":"Mitchell","label":"Sarsfield Satellite (Clifton Creek)","site_oc_id":20354,"ESRI_OID":565}},{"type":"Feature","id":566,"geometry":{"type":"Point","coordinates":[147.44202500092,-37.0029209980262]},"properties":{"distrct_no":"11","distrct_label":"District 11","distrct_phone_no":"03 5153 7400","brig_name":"Omeo","fs_name":"Omeo Satellite (Anglers Rest)","fs_type":"satellite","street":"550 Callaghans Road","suburb":"Anglers Rest","pcode":"3898","grp_name":"Omeo","label":"Omeo Satellite (Anglers Rest)","site_oc_id":20356,"ESRI_OID":566}},{"type":"Feature","id":567,"geometry":{"type":"Point","coordinates":[147.395882000982,-37.0953579979572]},"properties":{"distrct_no":"11","distrct_label":"District 11","distrct_phone_no":"03 5153 7400","brig_name":"Omeo","fs_name":"Omeo Satellite (Cobungra)","fs_type":"satellite","street":"2377 Great Alpine Road","suburb":"Cobungra","pcode":"3898","grp_name":"Omeo","label":"Omeo Satellite (Cobungra)","site_oc_id":20411,"ESRI_OID":567}},{"type":"Feature","id":568,"geometry":{"type":"Point","coordinates":[148.10137100116,-37.8329929977426]},"properties":{"distrct_no":"11","distrct_label":"District 11","distrct_phone_no":"03 5153 7400","brig_name":"Bunjil","fs_name":"Bunjil","fs_type":"main","street":"485 Rules Road","suburb":"Toorloo Arm","pcode":"3909","grp_name":"Tambo","label":"Bunjil","site_oc_id":20449,"ESRI_OID":568}},{"type":"Feature","id":569,"geometry":{"type":"Point","coordinates":[148.024750001197,-37.8601569977029]},"properties":{"distrct_no":"11","distrct_label":"District 11","distrct_phone_no":"03 5153 7400","brig_name":"Lakes Entrance","fs_name":"Lakes Entrance Satellite","fs_type":"satellite","street":"155 Thorpes Lane","suburb":"Lakes Entrance","pcode":"3909","grp_name":"Tambo","label":"Lakes Entrance Satellite (Lakes Entrance)","site_oc_id":20462,"ESRI_OID":569}},{"type":"Feature","id":570,"geometry":{"type":"Point","coordinates":[149.238257000368,-36.9121799986514]},"properties":{"distrct_no":"11","distrct_label":"District 11","distrct_phone_no":"03 5153 7400","brig_name":"Southern Cross Forests","fs_name":"Southern Cross Forests","fs_type":"main","street":"153 Maybe Street","suburb":"Bombala (NSW)","pcode":"2632","grp_name":null,"label":"Southern Cross Forests","site_oc_id":20482,"ESRI_OID":570}},{"type":"Feature","id":571,"geometry":{"type":"Point","coordinates":[145.552738591485,-37.0010775474313]},"properties":{"distrct_no":"12","distrct_label":"District 12","distrct_phone_no":"03 5735 3100","brig_name":"Terip Terip","fs_name":"Terip Terip","fs_type":"main","street":"8 Springs Road","suburb":"Terip Terip","pcode":"3719","grp_name":"Alexandra","label":"Terip Terip","site_oc_id":18324,"ESRI_OID":571}},{"type":"Feature","id":572,"geometry":{"type":"Point","coordinates":[144.981080741884,-37.4164681670179]},"properties":{"distrct_no":"12","distrct_label":"District 12","distrct_phone_no":"03 5735 3100","brig_name":"Wallan","fs_name":"Wallan","fs_type":"main","street":"96-98 Watson Street","suburb":"Wallan","pcode":"3756","grp_name":"Mitchell Shire","label":"Wallan","site_oc_id":18393,"ESRI_OID":572}},{"type":"Feature","id":573,"geometry":{"type":"Point","coordinates":[145.256982301832,-37.4809939870667]},"properties":{"distrct_no":"12","distrct_label":"District 12","distrct_phone_no":"03 5735 3100","brig_name":"Kinglake West","fs_name":"Kinglake West","fs_type":"main","street":"1065 Whittlesea-Kinglake Road","suburb":"Kinglake West","pcode":"3757","grp_name":"Yea","label":"Kinglake West","site_oc_id":18452,"ESRI_OID":573}},{"type":"Feature","id":574,"geometry":{"type":"Point","coordinates":[145.706179301571,-37.2529438373356]},"properties":{"distrct_no":"12","distrct_label":"District 12","distrct_phone_no":"03 5735 3100","brig_name":"Acheron","fs_name":"Acheron","fs_type":"main","street":"29 Mccoll Lane","suburb":"Acheron","pcode":"3714","grp_name":"Alexandra","label":"Acheron","site_oc_id":18475,"ESRI_OID":574}},{"type":"Feature","id":575,"geometry":{"type":"Point","coordinates":[145.709347701534,-37.1836956573761]},"properties":{"distrct_no":"12","distrct_label":"District 12","distrct_phone_no":"03 5735 3100","brig_name":"Alexandra","fs_name":"Alexandra","fs_type":"main","street":"2 Shamrock Street","suburb":"Alexandra","pcode":"3714","grp_name":"Alexandra","label":"Alexandra","site_oc_id":18477,"ESRI_OID":575}},{"type":"Feature","id":576,"geometry":{"type":"Point","coordinates":[145.705405901664,-37.4270333372361]},"properties":{"distrct_no":"12","distrct_label":"District 12","distrct_phone_no":"03 5735 3100","brig_name":"Buxton","fs_name":"Buxton","fs_type":"main","street":"2121 Maroondah Highway","suburb":"Buxton","pcode":"3711","grp_name":"Alexandra","label":"Buxton","site_oc_id":18484,"ESRI_OID":576}},{"type":"Feature","id":577,"geometry":{"type":"Point","coordinates":[144.959611001731,-37.1161689971803]},"properties":{"distrct_no":"12","distrct_label":"District 12","distrct_phone_no":"03 5735 3100","brig_name":"Glenaroua","fs_name":"Glenaroua","fs_type":"main","street":"Broadford-Glenaroura Road","suburb":"Glenaroua","pcode":"3764","grp_name":"Mitchell Shire","label":"Glenaroua","site_oc_id":18488,"ESRI_OID":577}},{"type":"Feature","id":578,"geometry":{"type":"Point","coordinates":[145.405180501579,-37.0911048973337]},"properties":{"distrct_no":"12","distrct_label":"District 12","distrct_phone_no":"03 5735 3100","brig_name":"Highlands-Caveat","fs_name":"Highlands-Caveat","fs_type":"main","street":"1601 Ghin Ghin Road","suburb":"Highlands","pcode":"3660","grp_name":"Yea","label":"Highlands-Caveat","site_oc_id":18492,"ESRI_OID":578}},{"type":"Feature","id":579,"geometry":{"type":"Point","coordinates":[145.332863001656,-37.1946769972523]},"properties":{"distrct_no":"12","distrct_label":"District 12","distrct_phone_no":"03 5735 3100","brig_name":"Homewood","fs_name":"Homewood","fs_type":"main","street":"Homewood Road","suburb":"Homewood","pcode":"3717","grp_name":"Yea","label":"Homewood","site_oc_id":18493,"ESRI_OID":579}},{"type":"Feature","id":580,"geometry":{"type":"Point","coordinates":[144.947140431832,-37.2974079070743]},"properties":{"distrct_no":"12","distrct_label":"District 12","distrct_phone_no":"03 5735 3100","brig_name":"Kilmore","fs_name":"Kilmore","fs_type":"main","street":"20 Conway Street","suburb":"Kilmore","pcode":"3764","grp_name":"Mitchell Shire","label":"Kilmore","site_oc_id":18496,"ESRI_OID":580}},{"type":"Feature","id":581,"geometry":{"type":"Point","coordinates":[145.703569601497,-37.1120357974152]},"properties":{"distrct_no":"12","distrct_label":"District 12","distrct_phone_no":"03 5735 3100","brig_name":"Koriella","fs_name":"Koriella","fs_type":"main","street":"Stoney Creek Road","suburb":"Fawcett","pcode":"3714","grp_name":"Alexandra","label":"Koriella","site_oc_id":18499,"ESRI_OID":581}},{"type":"Feature","id":582,"geometry":{"type":"Point","coordinates":[145.535008301579,-37.1674733973309]},"properties":{"distrct_no":"12","distrct_label":"District 12","distrct_phone_no":"03 5735 3100","brig_name":"Molesworth","fs_name":"Molesworth","fs_type":"main","street":"Hood Street","suburb":"Molesworth","pcode":"3718","grp_name":"Yea","label":"Molesworth","site_oc_id":18501,"ESRI_OID":582}},{"type":"Feature","id":583,"geometry":{"type":"Point","coordinates":[144.753833301826,-37.173414817084]},"properties":{"distrct_no":"12","distrct_label":"District 12","distrct_phone_no":"03 5735 3100","brig_name":"Nulla Vale","fs_name":"Nulla Vale","fs_type":"main","street":"Walshs Road","suburb":"Nulla Vale","pcode":"3435","grp_name":"Mitchell Shire","label":"Nulla Vale","site_oc_id":18503,"ESRI_OID":583}},{"type":"Feature","id":584,"geometry":{"type":"Point","coordinates":[145.135297501628,-37.0259618172863]},"properties":{"distrct_no":"12","distrct_label":"District 12","distrct_phone_no":"03 5735 3100","brig_name":"Seymour","fs_name":"Seymour","fs_type":"main","street":"11 Gordon Crescent","suburb":"Seymour","pcode":"3660","grp_name":"Mitchell Shire","label":"Seymour","site_oc_id":18505,"ESRI_OID":584}},{"type":"Feature","id":585,"geometry":{"type":"Point","coordinates":[145.713193601605,-37.3212799772987]},"properties":{"distrct_no":"12","distrct_label":"District 12","distrct_phone_no":"03 5735 3100","brig_name":"Taggerty","fs_name":"Taggerty","fs_type":"main","street":"8 Taggerty-Thornton Road","suburb":"Taggerty","pcode":"3714","grp_name":"Alexandra","label":"Taggerty","site_oc_id":18509,"ESRI_OID":585}},{"type":"Feature","id":586,"geometry":{"type":"Point","coordinates":[145.103606001673,-37.0927579972385]},"properties":{"distrct_no":"12","distrct_label":"District 12","distrct_phone_no":"03 5735 3100","brig_name":"Tallarook","fs_name":"Tallarook","fs_type":"main","street":"11 Railway Place","suburb":"Tallarook","pcode":"3659","grp_name":"Mitchell Shire","label":"Tallarook","site_oc_id":18510,"ESRI_OID":586}},{"type":"Feature","id":587,"geometry":{"type":"Point","coordinates":[145.797437001545,-37.256492337362]},"properties":{"distrct_no":"12","distrct_label":"District 12","distrct_phone_no":"03 5735 3100","brig_name":"Thornton","fs_name":"Thornton","fs_type":"main","street":"1344 Taggerty-Thornton Road","suburb":"Thornton","pcode":"3712","grp_name":"Alexandra","label":"Thornton","site_oc_id":18511,"ESRI_OID":587}},{"type":"Feature","id":588,"geometry":{"type":"Point","coordinates":[144.797785501745,-37.0473138071686]},"properties":{"distrct_no":"12","distrct_label":"District 12","distrct_phone_no":"03 5735 3100","brig_name":"Tooborac","fs_name":"Tooborac","fs_type":"main","street":"2925 Lancefield-Tooborac Road","suburb":"Tooborac","pcode":"3522","grp_name":"Mitchell Shire","label":"Tooborac","site_oc_id":18512,"ESRI_OID":588}},{"type":"Feature","id":589,"geometry":{"type":"Point","coordinates":[145.215213701654,-37.1214730672571]},"properties":{"distrct_no":"12","distrct_label":"District 12","distrct_phone_no":"03 5735 3100","brig_name":"Trawool","fs_name":"Trawool","fs_type":"main","street":"Goulbourn Valley Highway","suburb":"Trawool","pcode":"3660","grp_name":"Mitchell Shire","label":"Trawool","site_oc_id":18513,"ESRI_OID":589}},{"type":"Feature","id":590,"geometry":{"type":"Point","coordinates":[145.027394801842,-37.3638455370618]},"properties":{"distrct_no":"12","distrct_label":"District 12","distrct_phone_no":"03 5735 3100","brig_name":"Wandong","fs_name":"Wandong","fs_type":"main","street":"Rail Street","suburb":"Wandong","pcode":"3758","grp_name":"Mitchell Shire","label":"Wandong","site_oc_id":18514,"ESRI_OID":590}},{"type":"Feature","id":591,"geometry":{"type":"Point","coordinates":[145.603568801576,-37.2024013273323]},"properties":{"distrct_no":"12","distrct_label":"District 12","distrct_phone_no":"03 5735 3100","brig_name":"Whanregarwen","fs_name":"Whanregarwen","fs_type":"main","street":"865 Whanregarwen Road","suburb":"Whanregarwen","pcode":"3718","grp_name":"Alexandra","label":"Whanregarwen","site_oc_id":18515,"ESRI_OID":591}},{"type":"Feature","id":592,"geometry":{"type":"Point","coordinates":[145.616452801519,-37.1015488773939]},"properties":{"distrct_no":"12","distrct_label":"District 12","distrct_phone_no":"03 5735 3100","brig_name":"Yarck","fs_name":"Yarck","fs_type":"main","street":"6589 Maroondah Highway","suburb":"Yarck","pcode":"3719","grp_name":"Alexandra","label":"Yarck","site_oc_id":18516,"ESRI_OID":592}},{"type":"Feature","id":593,"geometry":{"type":"Point","coordinates":[145.423699401636,-37.2105471472716]},"properties":{"distrct_no":"12","distrct_label":"District 12","distrct_phone_no":"03 5735 3100","brig_name":"Yea","fs_name":"Yea","fs_type":"main","street":"23 Snodgrass Street","suburb":"Yea","pcode":"3717","grp_name":"Yea","label":"Yea","site_oc_id":18517,"ESRI_OID":593}},{"type":"Feature","id":594,"geometry":{"type":"Point","coordinates":[145.265386401601,-37.0514224373125]},"properties":{"distrct_no":"12","distrct_label":"District 12","distrct_phone_no":"03 5735 3100","brig_name":"Whiteheads Creek-Tarcombe","fs_name":"Whiteheads Creek-Tarcombe","fs_type":"main","street":"Kobyboyn Road","suburb":"Whiteheads Creek","pcode":"3660","grp_name":"Mitchell Shire","label":"Whiteheads Creek-Tarcombe","site_oc_id":18520,"ESRI_OID":594}},{"type":"Feature","id":595,"geometry":{"type":"Point","coordinates":[145.661876401742,-37.5491291771532]},"properties":{"distrct_no":"12","distrct_label":"District 12","distrct_phone_no":"03 5735 3100","brig_name":"Narbethong","fs_name":"Narbethong","fs_type":"main","street":"Maroondah Highway","suburb":"Narbethong","pcode":"3778","grp_name":"Alexandra","label":"Narbethong","site_oc_id":18521,"ESRI_OID":595}},{"type":"Feature","id":596,"geometry":{"type":"Point","coordinates":[145.740726701697,-37.5100798671998]},"properties":{"distrct_no":"12","distrct_label":"District 12","distrct_phone_no":"03 5735 3100","brig_name":"Marysville","fs_name":"Marysville","fs_type":"main","street":"11 Barton Avenue","suburb":"Marysville","pcode":"3779","grp_name":"Alexandra","label":"Marysville","site_oc_id":18522,"ESRI_OID":596}},{"type":"Feature","id":597,"geometry":{"type":"Point","coordinates":[145.069543201794,-37.2984526071117]},"properties":{"distrct_no":"12","distrct_label":"District 12","distrct_phone_no":"03 5735 3100","brig_name":"Clonbinane","fs_name":"Clonbinane","fs_type":"main","street":"155 Ryans Road","suburb":"Clonbinane","pcode":"3658","grp_name":"Mitchell Shire","label":"Clonbinane","site_oc_id":18523,"ESRI_OID":597}},{"type":"Feature","id":598,"geometry":{"type":"Point","coordinates":[145.494861801632,-37.245309197274]},"properties":{"distrct_no":"12","distrct_label":"District 12","distrct_phone_no":"03 5735 3100","brig_name":"Limestone","fs_name":"Limestone","fs_type":"main","street":"604 Limestone Road","suburb":"Limestone","pcode":"3717","grp_name":"Yea","label":"Limestone","site_oc_id":19501,"ESRI_OID":598}},{"type":"Feature","id":599,"geometry":{"type":"Point","coordinates":[145.501976001673,-37.3262709972303]},"properties":{"distrct_no":"12","distrct_label":"District 12","distrct_phone_no":"03 5735 3100","brig_name":"Murrindindi & Woodbourne","fs_name":"Murrindindi & Woodbourne","fs_type":"main","street":"815 Murrindindi Road","suburb":"Murrindindi","pcode":"3717","grp_name":"Yea","label":"Murrindindi & Woodbourne","site_oc_id":19825,"ESRI_OID":599}},{"type":"Feature","id":600,"geometry":{"type":"Point","coordinates":[145.081553001647,-37.0294399972674]},"properties":{"distrct_no":"12","distrct_label":"District 12","distrct_phone_no":"03 5735 3100","brig_name":"Hilldene","fs_name":"Hilldene","fs_type":"main","street":"470 Seymour-Tooborac Road","suburb":"Hilldene","pcode":"3660","grp_name":"Mitchell Shire","label":"Hilldene","site_oc_id":19826,"ESRI_OID":600}},{"type":"Feature","id":601,"geometry":{"type":"Point","coordinates":[145.340417001835,-37.5340349970625]},"properties":{"distrct_no":"12","distrct_label":"District 12","distrct_phone_no":"03 5735 3100","brig_name":"Kinglake District","fs_name":"Kinglake District","fs_type":"main","street":"2983 Heidelberg-Kinglake Road","suburb":"Kinglake","pcode":"3763","grp_name":"Yea","label":"Kinglake District","site_oc_id":19873,"ESRI_OID":601}},{"type":"Feature","id":602,"geometry":{"type":"Point","coordinates":[145.903790001502,-37.2360939974069]},"properties":{"distrct_no":"12","distrct_label":"District 12","distrct_phone_no":"03 5735 3100","brig_name":"Eildon","fs_name":"Eildon","fs_type":"main","street":"46 High Street","suburb":"Eildon","pcode":"3713","grp_name":"Alexandra","label":"Eildon","site_oc_id":19936,"ESRI_OID":602}},{"type":"Feature","id":603,"geometry":{"type":"Point","coordinates":[145.140582001625,-37.0231669972894]},"properties":{"distrct_no":"12","distrct_label":"District 12","distrct_phone_no":"03 5735 3100","brig_name":"District 12 Headquarters","fs_name":"District 12 Headquarters RFB","fs_type":"main","street":"39 Mcintyre Street","suburb":"Seymour","pcode":"3660","grp_name":"Mitchell Shire","label":"District 12 Headquarters RFB","site_oc_id":19952,"ESRI_OID":603}},{"type":"Feature","id":604,"geometry":{"type":"Point","coordinates":[145.220084001714,-37.2377569971927]},"properties":{"distrct_no":"12","distrct_label":"District 12","distrct_phone_no":"03 5735 3100","brig_name":"Strath Creek-Reedy Creek","fs_name":"Strath Creek-Reedy Creek","fs_type":"main","street":"4 Ferguson Street","suburb":"Strath Creek","pcode":"3658","grp_name":"Yea","label":"Strath Creek-Reedy Creek","site_oc_id":19984,"ESRI_OID":604}},{"type":"Feature","id":605,"geometry":{"type":"Point","coordinates":[145.474578001797,-37.5419709970994]},"properties":{"distrct_no":"12","distrct_label":"District 12","distrct_phone_no":"03 5735 3100","brig_name":"Toolangi","fs_name":"Toolangi","fs_type":"main","street":"1683 Healesville-Kinglake Road","suburb":"Toolangi","pcode":"3777","grp_name":"Yea","label":"Toolangi","site_oc_id":19992,"ESRI_OID":605}},{"type":"Feature","id":606,"geometry":{"type":"Point","coordinates":[145.425804001747,-37.4194509971538]},"properties":{"distrct_no":"12","distrct_label":"District 12","distrct_phone_no":"03 5735 3100","brig_name":"Glenburn","fs_name":"Glenburn","fs_type":"main","street":"3873 Melba Highway","suburb":"Glenburn","pcode":"3717","grp_name":"Yea","label":"Glenburn","site_oc_id":20023,"ESRI_OID":606}},{"type":"Feature","id":607,"geometry":{"type":"Point","coordinates":[145.281226001767,-37.3739659971347]},"properties":{"distrct_no":"12","distrct_label":"District 12","distrct_phone_no":"03 5735 3100","brig_name":"Flowerdale","fs_name":"Flowerdale","fs_type":"main","street":"2646 Whittlesea-Yea Road","suburb":"Flowerdale","pcode":"3717","grp_name":"Yea","label":"Flowerdale","site_oc_id":20127,"ESRI_OID":607}},{"type":"Feature","id":608,"geometry":{"type":"Point","coordinates":[145.048139001752,-37.208012997156]},"properties":{"distrct_no":"12","distrct_label":"District 12","distrct_phone_no":"03 5735 3100","brig_name":"Broadford","fs_name":"Broadford","fs_type":"main","street":"47 Hamilton Street","suburb":"Broadford","pcode":"3658","grp_name":"Mitchell Shire","label":"Broadford","site_oc_id":20168,"ESRI_OID":608}},{"type":"Feature","id":609,"geometry":{"type":"Point","coordinates":[145.127568001756,-37.26244899715]},"properties":{"distrct_no":"12","distrct_label":"District 12","distrct_phone_no":"03 5735 3100","brig_name":"Strath Creek-Reedy Creek","fs_name":"Strath Creek-Reedy Creek Satellite","fs_type":"satellite","street":"24 Doyle Street","suburb":"Reedy Creek","pcode":"3658","grp_name":"Yea","label":"Strath Creek-Reedy Creek Satellite (Reedy Creek)","site_oc_id":20397,"ESRI_OID":609}},{"type":"Feature","id":610,"geometry":{"type":"Point","coordinates":[145.367368501538,-36.9928261073778]},"properties":{"distrct_no":"12","distrct_label":"District 12","distrct_phone_no":"03 5735 3100","brig_name":"Whiteheads Creek-Tarcombe","fs_name":"Whiteheads Creek-Tarcombe Satellite","fs_type":"satellite","street":"1150 Hughes Creek Road","suburb":"Tarcombe","pcode":"3666","grp_name":"Mitchell Shire","label":"Whiteheads Creek-Tarcombe Satellite (Tarcombe)","site_oc_id":20403,"ESRI_OID":610}},{"type":"Feature","id":611,"geometry":{"type":"Point","coordinates":[144.978871001916,-37.4742799969847]},"properties":{"distrct_no":"12","distrct_label":"District 12","distrct_phone_no":"03 5735 3100","brig_name":"Beveridge","fs_name":"Beveridge","fs_type":"main","street":"354 Lithgow Street","suburb":"Beveridge","pcode":"3753","grp_name":"Mitchell Shire","label":"Beveridge","site_oc_id":20461,"ESRI_OID":611}},{"type":"Feature","id":612,"geometry":{"type":"Point","coordinates":[144.858409001766,-37.1221659971453]},"properties":{"distrct_no":"12","distrct_label":"District 12","distrct_phone_no":"03 5735 3100","brig_name":"Pyalong","fs_name":"Pyalong","fs_type":"main","street":"28 High Street","suburb":"Pyalong","pcode":"3521","grp_name":"Mitchell Shire","label":"Pyalong","site_oc_id":20493,"ESRI_OID":612}},{"type":"Feature","id":613,"geometry":{"type":"Point","coordinates":[145.532303361853,-37.6798767570392]},"properties":{"distrct_no":"13","distrct_label":"District 13","distrct_phone_no":"03 8739 1300","brig_name":"Badger Creek","fs_name":"Badger Creek","fs_type":"main","street":"360 Badger Creek Road","suburb":"Badger Creek","pcode":"3777","grp_name":"Maroondah","label":"Badger Creek","site_oc_id":18415,"ESRI_OID":613}},{"type":"Feature","id":614,"geometry":{"type":"Point","coordinates":[145.355561532041,-37.926789346846]},"properties":{"distrct_no":"13","distrct_label":"District 13","distrct_phone_no":"03 8739 1300","brig_name":"Belgrave Heights & South","fs_name":"Belgrave Heights & South","fs_type":"main","street":"90 Colby Drive","suburb":"Belgrave Heights","pcode":"3160","grp_name":"Dandenong Ranges","label":"Belgrave Heights & South","site_oc_id":18416,"ESRI_OID":614}},{"type":"Feature","id":615,"geometry":{"type":"Point","coordinates":[145.421135502023,-37.9314336968633]},"properties":{"distrct_no":"13","distrct_label":"District 13","distrct_phone_no":"03 8739 1300","brig_name":"Clematis","fs_name":"Clematis","fs_type":"main","street":"2072 Wellington Road","suburb":"Clematis","pcode":"3782","grp_name":"Dandenong Ranges","label":"Clematis","site_oc_id":18417,"ESRI_OID":615}},{"type":"Feature","id":616,"geometry":{"type":"Point","coordinates":[145.417638671847,-37.6034750970471]},"properties":{"distrct_no":"13","distrct_label":"District 13","distrct_phone_no":"03 8739 1300","brig_name":"Dixons Creek","fs_name":"Dixons Creek","fs_type":"main","street":"1671 Melba Highway","suburb":"Dixons Creek","pcode":"3775","grp_name":"Maroondah","label":"Dixons Creek","site_oc_id":18419,"ESRI_OID":616}},{"type":"Feature","id":617,"geometry":{"type":"Point","coordinates":[145.654499521892,-37.8243142469949]},"properties":{"distrct_no":"13","distrct_label":"District 13","distrct_phone_no":"03 8739 1300","brig_name":"Little Yarra","fs_name":"Little Yarra","fs_type":"main","street":"Yarra Junction-Noojee Road","suburb":"Gladysdale","pcode":"3797","grp_name":"Yarra Valley","label":"Little Yarra","site_oc_id":18420,"ESRI_OID":617}},{"type":"Feature","id":618,"geometry":{"type":"Point","coordinates":[145.449890421908,-37.7342922869832]},"properties":{"distrct_no":"13","distrct_label":"District 13","distrct_phone_no":"03 8739 1300","brig_name":"Gruyere","fs_name":"Gruyere","fs_type":"main","street":"Killara Road","suburb":"Gruyere","pcode":"3770","grp_name":"Yarra Valley","label":"Gruyere","site_oc_id":18421,"ESRI_OID":618}},{"type":"Feature","id":619,"geometry":{"type":"Point","coordinates":[145.59294400192,-37.8399179969673]},"properties":{"distrct_no":"13","distrct_label":"District 13","distrct_phone_no":"03 8739 1300","brig_name":"Hoddle's Creek","fs_name":"Hoddle's Creek","fs_type":"main","street":"795 Lusatia Park Road","suburb":"Hoddles Creek","pcode":"3139","grp_name":"Yarra Valley","label":"Hoddle's Creek","site_oc_id":18422,"ESRI_OID":619}},{"type":"Feature","id":620,"geometry":{"type":"Point","coordinates":[145.371558732014,-37.8854124668741]},"properties":{"distrct_no":"13","distrct_label":"District 13","distrct_phone_no":"03 8739 1300","brig_name":"Kallista-The Patch","fs_name":"Kallista-The Patch","fs_type":"main","street":"1 Kallista-Emerald Road","suburb":"Kallista","pcode":"3791","grp_name":"Dandenong Ranges","label":"Kallista-The Patch","site_oc_id":18424,"ESRI_OID":620}},{"type":"Feature","id":621,"geometry":{"type":"Point","coordinates":[145.361658931983,-37.823321236906]},"properties":{"distrct_no":"13","distrct_label":"District 13","distrct_phone_no":"03 8739 1300","brig_name":"Kalorama & Mt Dandenong","fs_name":"Kalorama & Mt Dandenong","fs_type":"main","street":"33 Ridge Road","suburb":"Mount Dandenong","pcode":"3767","grp_name":"Dandenong Ranges","label":"Kalorama & Mt Dandenong","site_oc_id":18425,"ESRI_OID":621}},{"type":"Feature","id":622,"geometry":{"type":"Point","coordinates":[145.47716175198,-37.8855758269062]},"properties":{"distrct_no":"13","distrct_label":"District 13","distrct_phone_no":"03 8739 1300","brig_name":"Macclesfield","fs_name":"Macclesfield","fs_type":"main","street":"454 Macclesfield Road","suburb":"Macclesfield","pcode":"3782","grp_name":"Dandenong Ranges","label":"Macclesfield","site_oc_id":18427,"ESRI_OID":622}},{"type":"Feature","id":623,"geometry":{"type":"Point","coordinates":[145.407762322021,-37.921179666865]},"properties":{"distrct_no":"13","distrct_label":"District 13","distrct_phone_no":"03 8739 1300","brig_name":"Menzies Creek","fs_name":"Menzies Creek","fs_type":"main","street":"5 Menzies Road","suburb":"Menzies Creek","pcode":"3159","grp_name":"Dandenong Ranges","label":"Menzies Creek","site_oc_id":18428,"ESRI_OID":623}},{"type":"Feature","id":624,"geometry":{"type":"Point","coordinates":[145.405180091997,-37.8739830568907]},"properties":{"distrct_no":"13","distrct_label":"District 13","distrct_phone_no":"03 8739 1300","brig_name":"Monbulk","fs_name":"Monbulk","fs_type":"main","street":"32 Nugent Street","suburb":"Monbulk","pcode":"3793","grp_name":"Dandenong Ranges","label":"Monbulk","site_oc_id":18429,"ESRI_OID":624}},{"type":"Feature","id":625,"geometry":{"type":"Point","coordinates":[145.340120431983,-37.8105261369066]},"properties":{"distrct_no":"13","distrct_label":"District 13","distrct_phone_no":"03 8739 1300","brig_name":"Montrose","fs_name":"Montrose","fs_type":"main","street":"877-879 Mt Dandenong Road","suburb":"Montrose","pcode":"3765","grp_name":"Knox","label":"Montrose","site_oc_id":18430,"ESRI_OID":625}},{"type":"Feature","id":626,"geometry":{"type":"Point","coordinates":[145.361574892058,-37.9622614168279]},"properties":{"distrct_no":"13","distrct_label":"District 13","distrct_phone_no":"03 8739 1300","brig_name":"Narre Warren East","fs_name":"Narre Warren East","fs_type":"main","street":"503 Berwick Road","suburb":"Narre Warren East","pcode":"3804","grp_name":"Dandenong Ranges","label":"Narre Warren East","site_oc_id":18431,"ESRI_OID":626}},{"type":"Feature","id":627,"geometry":{"type":"Point","coordinates":[145.365515392,-37.8564050868885]},"properties":{"distrct_no":"13","distrct_label":"District 13","distrct_phone_no":"03 8739 1300","brig_name":"Olinda","fs_name":"Olinda","fs_type":"main","street":"547 Mt Dandenong Tourist Road","suburb":"Olinda","pcode":"3788","grp_name":"Dandenong Ranges","label":"Olinda","site_oc_id":18432,"ESRI_OID":627}},{"type":"Feature","id":628,"geometry":{"type":"Point","coordinates":[145.344585692017,-37.8752203668716]},"properties":{"distrct_no":"13","distrct_label":"District 13","distrct_phone_no":"03 8739 1300","brig_name":"Sassafras & Ferny Creek","fs_name":"Sassafras & Ferny Creek","fs_type":"main","street":"21 Clarkmont Road","suburb":"Sassafras","pcode":"3787","grp_name":"Dandenong Ranges","label":"Sassafras & Ferny Creek","site_oc_id":18434,"ESRI_OID":628}},{"type":"Feature","id":629,"geometry":{"type":"Point","coordinates":[145.368009872029,-37.9115622868583]},"properties":{"distrct_no":"13","distrct_label":"District 13","distrct_phone_no":"03 8739 1300","brig_name":"Selby","fs_name":"Selby","fs_type":"main","street":"104 Belgrave-Gembrook Road","suburb":"Selby","pcode":"3159","grp_name":"Dandenong Ranges","label":"Selby","site_oc_id":18436,"ESRI_OID":629}},{"type":"Feature","id":630,"geometry":{"type":"Point","coordinates":[145.457870731928,-37.7775774269612]},"properties":{"distrct_no":"13","distrct_label":"District 13","distrct_phone_no":"03 8739 1300","brig_name":"Seville","fs_name":"Seville","fs_type":"main","street":"5 Link Road","suburb":"Seville","pcode":"3139","grp_name":"Yarra Valley","label":"Seville","site_oc_id":18437,"ESRI_OID":630}},{"type":"Feature","id":631,"geometry":{"type":"Point","coordinates":[145.413942901967,-37.823298506922]},"properties":{"distrct_no":"13","distrct_label":"District 13","distrct_phone_no":"03 8739 1300","brig_name":"Silvan","fs_name":"Silvan","fs_type":"main","street":"2 Stonyford Road","suburb":"Silvan","pcode":"3795","grp_name":"Dandenong Ranges","label":"Silvan","site_oc_id":18438,"ESRI_OID":631}},{"type":"Feature","id":632,"geometry":{"type":"Point","coordinates":[145.312539922036,-37.8930930268518]},"properties":{"distrct_no":"13","distrct_label":"District 13","distrct_phone_no":"03 8739 1300","brig_name":"Upper Ferntree Gully","fs_name":"Upper Ferntree Gully","fs_type":"main","street":"1253 Burwood Highway","suburb":"Upper Ferntree Gully","pcode":"3156","grp_name":"Knox","label":"Upper Ferntree Gully","site_oc_id":18441,"ESRI_OID":632}},{"type":"Feature","id":633,"geometry":{"type":"Point","coordinates":[145.329062582036,-37.9028465168513]},"properties":{"distrct_no":"13","distrct_label":"District 13","distrct_phone_no":"03 8739 1300","brig_name":"Upwey","fs_name":"Upwey","fs_type":"main","street":"134 Old Belgrave Road","suburb":"Upwey","pcode":"3158","grp_name":"Dandenong Ranges","label":"Upwey","site_oc_id":18442,"ESRI_OID":633}},{"type":"Feature","id":634,"geometry":{"type":"Point","coordinates":[145.431429221939,-37.7818409769507]},"properties":{"distrct_no":"13","distrct_label":"District 13","distrct_phone_no":"03 8739 1300","brig_name":"Wandin","fs_name":"Wandin","fs_type":"main","street":"434 Clegg Road","suburb":"Wandin","pcode":"3139","grp_name":"Yarra Valley","label":"Wandin","site_oc_id":18443,"ESRI_OID":634}},{"type":"Feature","id":635,"geometry":{"type":"Point","coordinates":[145.654405001855,-37.7545779970344]},"properties":{"distrct_no":"13","distrct_label":"District 13","distrct_phone_no":"03 8739 1300","brig_name":"Wesburn-Millgrove","fs_name":"Wesburn-Millgrove","fs_type":"main","street":"3060 Warburton Highway","suburb":"Millgrove","pcode":"3799","grp_name":"Yarra Valley","label":"Wesburn-Millgrove","site_oc_id":18446,"ESRI_OID":635}},{"type":"Feature","id":636,"geometry":{"type":"Point","coordinates":[145.269210971968,-37.7407338269242]},"properties":{"distrct_no":"13","distrct_label":"District 13","distrct_phone_no":"03 8739 1300","brig_name":"Wonga Park","fs_name":"Wonga Park","fs_type":"main","street":"Old Yarra Road","suburb":"Wonga Park","pcode":"3115","grp_name":"Maroondah","label":"Wonga Park","site_oc_id":18448,"ESRI_OID":636}},{"type":"Feature","id":637,"geometry":{"type":"Point","coordinates":[145.37345303189,-37.6568562370034]},"properties":{"distrct_no":"13","distrct_label":"District 13","distrct_phone_no":"03 8739 1300","brig_name":"Yarra Glen","fs_name":"Yarra Glen","fs_type":"main","street":"Anzac Avenue","suburb":"Yarra Glen","pcode":"3775","grp_name":"Maroondah","label":"Yarra Glen","site_oc_id":18450,"ESRI_OID":637}},{"type":"Feature","id":638,"geometry":{"type":"Point","coordinates":[145.509732591931,-37.8127670669572]},"properties":{"distrct_no":"13","distrct_label":"District 13","distrct_phone_no":"03 8739 1300","brig_name":"Yellingbo","fs_name":"Yellingbo","fs_type":"main","street":"6 Tudor Court Road","suburb":"Yellingbo","pcode":"3139","grp_name":"Yarra Valley","label":"Yellingbo","site_oc_id":18451,"ESRI_OID":638}},{"type":"Feature","id":639,"geometry":{"type":"Point","coordinates":[145.848120771757,-37.6845266571336]},"properties":{"distrct_no":"13","distrct_label":"District 13","distrct_phone_no":"03 8739 1300","brig_name":"Reefton","fs_name":"Reefton","fs_type":"main","street":"1853 Warburton-Woods Point Road","suburb":"Reefton","pcode":"3799","grp_name":"Yarra Valley","label":"Reefton","site_oc_id":18453,"ESRI_OID":639}},{"type":"Feature","id":640,"geometry":{"type":"Point","coordinates":[145.356798042031,-37.9091874368562]},"properties":{"distrct_no":"13","distrct_label":"District 13","distrct_phone_no":"03 8739 1300","brig_name":"Belgrave","fs_name":"Belgrave","fs_type":"main","street":"4 Bayview Road","suburb":"Belgrave","pcode":"3160","grp_name":"Dandenong Ranges","label":"Belgrave","site_oc_id":18455,"ESRI_OID":640}},{"type":"Feature","id":641,"geometry":{"type":"Point","coordinates":[145.265469962033,-37.8602127368559]},"properties":{"distrct_no":"13","distrct_label":"District 13","distrct_phone_no":"03 8739 1300","brig_name":"Boronia","fs_name":"Boronia","fs_type":"main","street":"296-306 Boronia Road","suburb":"Boronia","pcode":"3155","grp_name":"Knox","label":"Boronia","site_oc_id":18458,"ESRI_OID":641}},{"type":"Feature","id":642,"geometry":{"type":"Point","coordinates":[145.294269432037,-37.8831584568518]},"properties":{"distrct_no":"13","distrct_label":"District 13","distrct_phone_no":"03 8739 1300","brig_name":"Ferntree Gully","fs_name":"Ferntree Gully","fs_type":"main","street":"5-7 The Avenue","suburb":"Ferntree Gully","pcode":"3156","grp_name":"Knox","label":"Ferntree Gully","site_oc_id":18463,"ESRI_OID":642}},{"type":"Feature","id":643,"geometry":{"type":"Point","coordinates":[145.517876881844,-37.6558770870483]},"properties":{"distrct_no":"13","distrct_label":"District 13","distrct_phone_no":"03 8739 1300","brig_name":"Healesville","fs_name":"Healesville","fs_type":"main","street":"62 Crowley Road","suburb":"Healesville","pcode":"3777","grp_name":"Maroondah","label":"Healesville","site_oc_id":18464,"ESRI_OID":643}},{"type":"Feature","id":644,"geometry":{"type":"Point","coordinates":[145.353427361951,-37.75846980694]},"properties":{"distrct_no":"13","distrct_label":"District 13","distrct_phone_no":"03 8739 1300","brig_name":"Lilydale","fs_name":"Lilydale","fs_type":"main","street":"300 Main Street","suburb":"Lilydale","pcode":"3140","grp_name":"Maroondah","label":"Lilydale","site_oc_id":18466,"ESRI_OID":644}},{"type":"Feature","id":645,"geometry":{"type":"Point","coordinates":[145.380188131958,-37.7872784069319]},"properties":{"distrct_no":"13","distrct_label":"District 13","distrct_phone_no":"03 8739 1300","brig_name":"Mt Evelyn","fs_name":"Mt Evelyn","fs_type":"main","street":"21 York Road","suburb":"Mount Evelyn","pcode":"3796","grp_name":"Maroondah","label":"Mt Evelyn","site_oc_id":18467,"ESRI_OID":645}},{"type":"Feature","id":646,"geometry":{"type":"Point","coordinates":[145.234418612064,-37.8979844868252]},"properties":{"distrct_no":"13","distrct_label":"District 13","distrct_phone_no":"03 8739 1300","brig_name":"Scoresby","fs_name":"Scoresby","fs_type":"main","street":"8 Sara Road","suburb":"Scoresby","pcode":"3179","grp_name":"Knox","label":"Scoresby","site_oc_id":18470,"ESRI_OID":646}},{"type":"Feature","id":647,"geometry":{"type":"Point","coordinates":[145.609340041884,-37.7824740570048]},"properties":{"distrct_no":"13","distrct_label":"District 13","distrct_phone_no":"03 8739 1300","brig_name":"Yarra Junction","fs_name":"Yarra Junction","fs_type":"main","street":"37 Yarra Street","suburb":"Yarra Junction","pcode":"3797","grp_name":"Yarra Valley","label":"Yarra Junction","site_oc_id":18471,"ESRI_OID":647}},{"type":"Feature","id":648,"geometry":{"type":"Point","coordinates":[145.314845632016,-37.8568087368729]},"properties":{"distrct_no":"13","distrct_label":"District 13","distrct_phone_no":"03 8739 1300","brig_name":"The Basin","fs_name":"The Basin","fs_type":"main","street":"362 Forest Road","suburb":"The Basin","pcode":"3154","grp_name":"Knox","label":"The Basin","site_oc_id":18472,"ESRI_OID":648}},{"type":"Feature","id":649,"geometry":{"type":"Point","coordinates":[145.209647981991,-37.7480799569018]},"properties":{"distrct_no":"13","distrct_label":"District 13","distrct_phone_no":"03 8739 1300","brig_name":"Warrandyte","fs_name":"Warrandyte","fs_type":"main","street":"Harris Gully Road","suburb":"Warrandyte","pcode":"3113","grp_name":"Maroondah","label":"Warrandyte","site_oc_id":18473,"ESRI_OID":649}},{"type":"Feature","id":650,"geometry":{"type":"Point","coordinates":[145.320119871976,-37.7856853469144]},"properties":{"distrct_no":"13","distrct_label":"District 13","distrct_phone_no":"03 8739 1300","brig_name":"Mooroolbark","fs_name":"Mooroolbark","fs_type":"main","street":"278-280 Hull Road","suburb":"Mooroolbark","pcode":"3138","grp_name":"Maroondah","label":"Mooroolbark","site_oc_id":19472,"ESRI_OID":650}},{"type":"Feature","id":651,"geometry":{"type":"Point","coordinates":[145.317277941958,-37.7499449369337]},"properties":{"distrct_no":"13","distrct_label":"District 13","distrct_phone_no":"03 8739 1300","brig_name":"Chirnside Park","fs_name":"Chirnside Park","fs_type":"main","street":"79 Edward Road","suburb":"Chirnside Park","pcode":"3116","grp_name":"Maroondah","label":"Chirnside Park","site_oc_id":19653,"ESRI_OID":651}},{"type":"Feature","id":652,"geometry":{"type":"Point","coordinates":[145.444250612013,-37.9275644168725]},"properties":{"distrct_no":"13","distrct_label":"District 13","distrct_phone_no":"03 8739 1300","brig_name":"Emerald","fs_name":"Emerald","fs_type":"main","street":"5 Emerald-Monbulk Road","suburb":"Emerald","pcode":"3782","grp_name":"Dandenong Ranges","label":"Emerald","site_oc_id":19830,"ESRI_OID":652}},{"type":"Feature","id":653,"geometry":{"type":"Point","coordinates":[145.69914000184,-37.7530969970489]},"properties":{"distrct_no":"13","distrct_label":"District 13","distrct_phone_no":"03 8739 1300","brig_name":"Warburton","fs_name":"Warburton","fs_type":"main","street":"3484 Warburton Highway","suburb":"Warburton","pcode":"3799","grp_name":"Yarra Valley","label":"Warburton","site_oc_id":19905,"ESRI_OID":653}},{"type":"Feature","id":654,"geometry":{"type":"Point","coordinates":[145.248388002075,-37.9263909968136]},"properties":{"distrct_no":"13","distrct_label":"District 13","distrct_phone_no":"03 8739 1300","brig_name":"Rowville","fs_name":"Rowville","fs_type":"main","street":"1063 Wellington Road","suburb":"Rowville","pcode":"3178","grp_name":"Knox","label":"Rowville","site_oc_id":20006,"ESRI_OID":654}},{"type":"Feature","id":655,"geometry":{"type":"Point","coordinates":[145.546897001905,-37.7860049969836]},"properties":{"distrct_no":"13","distrct_label":"District 13","distrct_phone_no":"03 8739 1300","brig_name":"Hillcrest","fs_name":"Hillcrest","fs_type":"main","street":"1763 Warburton Highway","suburb":"Woori Yallock","pcode":"3139","grp_name":"Yarra Valley","label":"Hillcrest","site_oc_id":20007,"ESRI_OID":655}},{"type":"Feature","id":656,"geometry":{"type":"Point","coordinates":[145.221476001999,-37.7703589968929]},"properties":{"distrct_no":"13","distrct_label":"District 13","distrct_phone_no":"03 8739 1300","brig_name":"South Warrandyte","fs_name":"South Warrandyte","fs_type":"main","street":"29 Falconer Road","suburb":"Park Orchards","pcode":"3114","grp_name":"Maroondah","label":"South Warrandyte","site_oc_id":20031,"ESRI_OID":656}},{"type":"Feature","id":657,"geometry":{"type":"Point","coordinates":[145.270646002021,-37.8402379968687]},"properties":{"distrct_no":"13","distrct_label":"District 13","distrct_phone_no":"03 8739 1300","brig_name":"Bayswater","fs_name":"Bayswater","fs_type":"main","street":"2a Scoresby Road","suburb":"Bayswater","pcode":"3153","grp_name":"Knox","label":"Bayswater","site_oc_id":20180,"ESRI_OID":657}},{"type":"Feature","id":658,"geometry":{"type":"Point","coordinates":[145.306942001969,-37.765091996922]},"properties":{"distrct_no":"13","distrct_label":"District 13","distrct_phone_no":"03 8739 1300","brig_name":"District 13 Headquarters","fs_name":"District 13 Headquarters RFB","fs_type":"main","street":"272 Maroondah Highway","suburb":"Chirnside Park","pcode":"3116","grp_name":null,"label":"District 13 Headquarters RFB","site_oc_id":20283,"ESRI_OID":658}},{"type":"Feature","id":659,"geometry":{"type":"Point","coordinates":[145.496092771839,-37.6343541970538]},"properties":{"distrct_no":"13","distrct_label":"District 13","distrct_phone_no":"03 8739 1300","brig_name":"Healesville","fs_name":"Healesville Satellite","fs_type":"satellite","street":"29 Mt Lebanon Road","suburb":"Chum Creek","pcode":"3777","grp_name":"Maroondah","label":"Healesville Satellite (Chum Creek)","site_oc_id":20375,"ESRI_OID":659}},{"type":"Feature","id":660,"geometry":{"type":"Point","coordinates":[145.585828201879,-37.7601756570102]},"properties":{"distrct_no":"13","distrct_label":"District 13","distrct_phone_no":"03 8739 1300","brig_name":"Hillcrest","fs_name":"Hillcrest Satellite","fs_type":"satellite","street":"10 Old Dalry Road","suburb":"Don Valley","pcode":"3139","grp_name":"Yarra Valley","label":"Hillcrest Satellite (Don Valley)","site_oc_id":20377,"ESRI_OID":660}},{"type":"Feature","id":661,"geometry":{"type":"Point","coordinates":[145.749188001883,-37.8626549970022]},"properties":{"distrct_no":"13","distrct_label":"District 13","distrct_phone_no":"03 8739 1300","brig_name":"Little Yarra","fs_name":"Little Yarra Satellite","fs_type":"satellite","street":"1626 Little Yarra Road","suburb":"Powelltown","pcode":"3797","grp_name":"Yarra Valley","label":"Little Yarra Satellite (Powelltown)","site_oc_id":20382,"ESRI_OID":661}},{"type":"Feature","id":662,"geometry":{"type":"Point","coordinates":[145.736935001822,-37.7425719970665]},"properties":{"distrct_no":"13","distrct_label":"District 13","distrct_phone_no":"03 8739 1300","brig_name":"Warburton","fs_name":"Warburton Satellite","fs_type":"satellite","street":"1a Surman Avenue","suburb":"East Warburton","pcode":"3799","grp_name":"Yarra Valley","label":"Warburton Satellite (Warburton East)","site_oc_id":20402,"ESRI_OID":662}},{"type":"Feature","id":663,"geometry":{"type":"Point","coordinates":[145.380711001924,-37.7242039969676]},"properties":{"distrct_no":"13","distrct_label":"District 13","distrct_phone_no":"03 8739 1300","brig_name":"Coldstream","fs_name":"Coldstream","fs_type":"main","street":"7a Killara Road","suburb":"Coldstream","pcode":"3770","grp_name":"Maroondah","label":"Coldstream","site_oc_id":20465,"ESRI_OID":663}},{"type":"Feature","id":664,"geometry":{"type":"Point","coordinates":[145.207282451903,-37.5840863369933]},"properties":{"distrct_no":"14","distrct_label":"District 14","distrct_phone_no":"03 8746 1400","brig_name":"Arthurs Creek","fs_name":"Arthurs Creek","fs_type":"main","street":"834 Hurstbridge-Arthurs Creek Road","suburb":"Arthurs Creek","pcode":"3099","grp_name":"Whittlesea/D.Valley","label":"Arthurs Creek","site_oc_id":18369,"ESRI_OID":664}},{"type":"Feature","id":665,"geometry":{"type":"Point","coordinates":[144.95100423196,-37.540345996939]},"properties":{"distrct_no":"14","distrct_label":"District 14","distrct_phone_no":"03 8746 1400","brig_name":"Kalkallo","fs_name":"Kalkallo","fs_type":"main","street":"651 Donnybrook Road","suburb":"Kalkallo","pcode":"3064","grp_name":"Hume","label":"Kalkallo","site_oc_id":18379,"ESRI_OID":665}},{"type":"Feature","id":666,"geometry":{"type":"Point","coordinates":[144.659375322156,-37.7311702067431]},"properties":{"distrct_no":"14","distrct_label":"District 14","distrct_phone_no":"03 8746 1400","brig_name":"Rockbank","fs_name":"Rockbank","fs_type":"main","street":"129 Westcott Parade","suburb":"Rockbank","pcode":"3335","grp_name":"Mount Cottrell","label":"Rockbank","site_oc_id":18389,"ESRI_OID":666}},{"type":"Feature","id":667,"geometry":{"type":"Point","coordinates":[144.59171363211,-37.6051582467925]},"properties":{"distrct_no":"14","distrct_label":"District 14","distrct_phone_no":"03 8746 1400","brig_name":"Toolern Vale","fs_name":"Toolern Vale","fs_type":"main","street":"203-215 Creamery Road","suburb":"Toolern Vale","pcode":"3337","grp_name":"Mount Cottrell","label":"Toolern Vale","site_oc_id":18392,"ESRI_OID":667}},{"type":"Feature","id":668,"geometry":{"type":"Point","coordinates":[145.033123661962,-37.5918005869354]},"properties":{"distrct_no":"14","distrct_label":"District 14","distrct_phone_no":"03 8746 1400","brig_name":"Wollert & District","fs_name":"Wollert & District","fs_type":"main","street":"523 Epping Road","suburb":"Wollert","pcode":"3750","grp_name":"Hume","label":"Wollert & District","site_oc_id":18395,"ESRI_OID":668}},{"type":"Feature","id":669,"geometry":{"type":"Point","coordinates":[145.136908321955,-37.6398338469403]},"properties":{"distrct_no":"14","distrct_label":"District 14","distrct_phone_no":"03 8746 1400","brig_name":"Yarrambat","fs_name":"Yarrambat","fs_type":"main","street":"446 Ironbark Road","suburb":"Yarrambat","pcode":"3091","grp_name":"Whittlesea/D.Valley","label":"Yarrambat","site_oc_id":18396,"ESRI_OID":669}},{"type":"Feature","id":670,"geometry":{"type":"Point","coordinates":[145.102533451942,-37.5950593069549]},"properties":{"distrct_no":"14","distrct_label":"District 14","distrct_phone_no":"03 8746 1400","brig_name":"Mernda","fs_name":"Mernda","fs_type":"main","street":"79 Schotters Road","suburb":"Mernda","pcode":"3754","grp_name":"Whittlesea/D.Valley","label":"Mernda","site_oc_id":18397,"ESRI_OID":670}},{"type":"Feature","id":671,"geometry":{"type":"Point","coordinates":[144.792511982024,-37.5653690868763]},"properties":{"distrct_no":"14","distrct_label":"District 14","distrct_phone_no":"03 8746 1400","brig_name":"Wildwood","fs_name":"Wildwood","fs_type":"main","street":"700 Wildwood Road","suburb":"Wildwood","pcode":"3429","grp_name":"Hume","label":"Wildwood","site_oc_id":18398,"ESRI_OID":671}},{"type":"Feature","id":672,"geometry":{"type":"Point","coordinates":[144.804697652058,-37.6359939968406]},"properties":{"distrct_no":"14","distrct_label":"District 14","distrct_phone_no":"03 8746 1400","brig_name":"Bulla","fs_name":"Bulla","fs_type":"main","street":"5 Green Street","suburb":"Bulla","pcode":"3428","grp_name":"Hume","label":"Bulla","site_oc_id":18400,"ESRI_OID":672}},{"type":"Feature","id":673,"geometry":{"type":"Point","coordinates":[144.66251775225,-37.9047749566476]},"properties":{"distrct_no":"14","distrct_label":"District 14","distrct_phone_no":"03 8746 1400","brig_name":"Werribee","fs_name":"Werribee","fs_type":"main","street":"32 Gibbons Street","suburb":"Werribee","pcode":"3030","grp_name":"Mount Cottrell","label":"Werribee","site_oc_id":18409,"ESRI_OID":673}},{"type":"Feature","id":674,"geometry":{"type":"Point","coordinates":[144.681747932231,-37.8828268066657]},"properties":{"distrct_no":"14","distrct_label":"District 14","distrct_phone_no":"03 8746 1400","brig_name":"Hoppers Crossing","fs_name":"Hoppers Crossing","fs_type":"main","street":"119 Derrimut Road","suburb":"Werribee","pcode":"3030","grp_name":"Mount Cottrell","label":"Hoppers Crossing","site_oc_id":18411,"ESRI_OID":674}},{"type":"Feature","id":675,"geometry":{"type":"Point","coordinates":[145.025928001989,-37.6369509969079]},"properties":{"distrct_no":"14","distrct_label":"District 14","distrct_phone_no":"03 8746 1400","brig_name":"Epping","fs_name":"Epping","fs_type":"main","street":"2 Oherns Road","suburb":"Epping","pcode":"3076","grp_name":"Hume","label":"Epping","site_oc_id":18413,"ESRI_OID":675}},{"type":"Feature","id":676,"geometry":{"type":"Point","coordinates":[145.199914521933,-37.635815136962]},"properties":{"distrct_no":"14","distrct_label":"District 14","distrct_phone_no":"03 8746 1400","brig_name":"Hurstbridge","fs_name":"Hurstbridge","fs_type":"main","street":"1011-1021 Heidelberg-Kinglake Road","suburb":"Hurstbridge","pcode":"3099","grp_name":"Nillumbik","label":"Hurstbridge","site_oc_id":18423,"ESRI_OID":676}},{"type":"Feature","id":677,"geometry":{"type":"Point","coordinates":[145.219506801953,-37.6843625269406]},"properties":{"distrct_no":"14","distrct_label":"District 14","distrct_phone_no":"03 8746 1400","brig_name":"Kangaroo Ground","fs_name":"Kangaroo Ground","fs_type":"main","street":"50 Kangaroo Ground-St Andrews Road","suburb":"Kangaroo Ground","pcode":"3097","grp_name":"Nillumbik","label":"Kangaroo Ground","site_oc_id":18426,"ESRI_OID":677}},{"type":"Feature","id":678,"geometry":{"type":"Point","coordinates":[145.243447541921,-37.6382869369739]},"properties":{"distrct_no":"14","distrct_label":"District 14","distrct_phone_no":"03 8746 1400","brig_name":"Panton Hill","fs_name":"Panton Hill","fs_type":"main","street":"642 Kangaroo Ground-St Andrews Road","suburb":"Panton Hill","pcode":"3759","grp_name":"Nillumbik","label":"Panton Hill","site_oc_id":18433,"ESRI_OID":678}},{"type":"Feature","id":679,"geometry":{"type":"Point","coordinates":[145.27575095189,-37.598935867006]},"properties":{"distrct_no":"14","distrct_label":"District 14","distrct_phone_no":"03 8746 1400","brig_name":"St Andrews","fs_name":"St Andrews","fs_type":"main","street":"67 Caledonia Street","suburb":"St Andrews","pcode":"3761","grp_name":"Nillumbik","label":"St Andrews","site_oc_id":18439,"ESRI_OID":679}},{"type":"Feature","id":680,"geometry":{"type":"Point","coordinates":[145.185319001955,-37.6683179969392]},"properties":{"distrct_no":"14","distrct_label":"District 14","distrct_phone_no":"03 8746 1400","brig_name":"Wattle Glen","fs_name":"Wattle Glen","fs_type":"main","street":"37 Kangaroo Ground-Wattle Glen Road","suburb":"Wattle Glen","pcode":"3096","grp_name":"Nillumbik","label":"Wattle Glen","site_oc_id":18445,"ESRI_OID":680}},{"type":"Feature","id":681,"geometry":{"type":"Point","coordinates":[145.147935731992,-37.7149666069015]},"properties":{"distrct_no":"14","distrct_label":"District 14","distrct_phone_no":"03 8746 1400","brig_name":"Eltham","fs_name":"Eltham","fs_type":"main","street":"909 Main Road","suburb":"Eltham","pcode":"3095","grp_name":"Nillumbik","label":"Eltham","site_oc_id":18462,"ESRI_OID":681}},{"type":"Feature","id":682,"geometry":{"type":"Point","coordinates":[145.180443781977,-37.705130966917]},"properties":{"distrct_no":"14","distrct_label":"District 14","distrct_phone_no":"03 8746 1400","brig_name":"Research","fs_name":"Research","fs_type":"main","street":"Research-Warrandyte Road","suburb":"Research","pcode":"3095","grp_name":"Nillumbik","label":"Research","site_oc_id":18474,"ESRI_OID":682}},{"type":"Feature","id":683,"geometry":{"type":"Point","coordinates":[144.709681372081,-37.6215274768195]},"properties":{"distrct_no":"14","distrct_label":"District 14","distrct_phone_no":"03 8746 1400","brig_name":"Diggers Rest","fs_name":"Diggers Rest","fs_type":"main","street":"48-66 Plumpton Road","suburb":"Diggers Rest","pcode":"3427","grp_name":"Mount Cottrell","label":"Diggers Rest","site_oc_id":19461,"ESRI_OID":683}},{"type":"Feature","id":684,"geometry":{"type":"Point","coordinates":[144.587236002154,-37.6837369967475]},"properties":{"distrct_no":"14","distrct_label":"District 14","distrct_phone_no":"03 8746 1400","brig_name":"District 14 Headquarters","fs_name":"District 14 Headquarters RFB","fs_type":"main","street":"239 High Street","suburb":"Melton","pcode":"3337","grp_name":null,"label":"District 14 Headquarters RFB","site_oc_id":19557,"ESRI_OID":684}},{"type":"Feature","id":685,"geometry":{"type":"Point","coordinates":[144.740357002143,-37.7551839967544]},"properties":{"distrct_no":"14","distrct_label":"District 14","distrct_phone_no":"03 8746 1400","brig_name":"Caroline Springs","fs_name":"Caroline Springs","fs_type":"main","street":"8-10 Caroline Springs Boulevard","suburb":"Caroline Springs","pcode":"3023","grp_name":"Mount Cottrell","label":"Caroline Springs","site_oc_id":19625,"ESRI_OID":685}},{"type":"Feature","id":686,"geometry":{"type":"Point","coordinates":[144.746763502213,-37.8863487266835]},"properties":{"distrct_no":"14","distrct_label":"District 14","distrct_phone_no":"03 8746 1400","brig_name":"Point Cook","fs_name":"Point Cook","fs_type":"main","street":"85-93 Dunnings Road","suburb":"Point Cook","pcode":"3030","grp_name":"Mount Cottrell","label":"Point Cook","site_oc_id":19626,"ESRI_OID":686}},{"type":"Feature","id":687,"geometry":{"type":"Point","coordinates":[144.710718372057,-37.578204186844]},"properties":{"distrct_no":"14","distrct_label":"District 14","distrct_phone_no":"03 8746 1400","brig_name":"Sunbury","fs_name":"Sunbury","fs_type":"main","street":"144 Gap Road","suburb":"Sunbury","pcode":"3429","grp_name":"Hume","label":"Sunbury","site_oc_id":19627,"ESRI_OID":687}},{"type":"Feature","id":688,"geometry":{"type":"Point","coordinates":[144.932502371998,-37.5984227569008]},"properties":{"distrct_no":"14","distrct_label":"District 14","distrct_phone_no":"03 8746 1400","brig_name":"Craigieburn","fs_name":"Craigieburn","fs_type":"main","street":"2 Belsay Place","suburb":"Craigieburn","pcode":"3064","grp_name":"Hume","label":"Craigieburn","site_oc_id":19633,"ESRI_OID":688}},{"type":"Feature","id":689,"geometry":{"type":"Point","coordinates":[145.161128831966,-37.6741603569285]},"properties":{"distrct_no":"14","distrct_label":"District 14","distrct_phone_no":"03 8746 1400","brig_name":"Diamond Creek","fs_name":"Diamond Creek","fs_type":"main","street":"83 Main Hurstbridge Road","suburb":"Diamond Creek","pcode":"3089","grp_name":"Whittlesea/D.Valley","label":"Diamond Creek","site_oc_id":19635,"ESRI_OID":689}},{"type":"Feature","id":690,"geometry":{"type":"Point","coordinates":[144.894373262038,-37.6507200668599]},"properties":{"distrct_no":"14","distrct_label":"District 14","distrct_phone_no":"03 8746 1400","brig_name":"Greenvale","fs_name":"Greenvale","fs_type":"main","street":"33 Barrymore Road","suburb":"Greenvale","pcode":"3059","grp_name":"Hume","label":"Greenvale","site_oc_id":19638,"ESRI_OID":690}},{"type":"Feature","id":691,"geometry":{"type":"Point","coordinates":[145.091101691974,-37.6478257769218]},"properties":{"distrct_no":"14","distrct_label":"District 14","distrct_phone_no":"03 8746 1400","brig_name":"South Morang","fs_name":"South Morang","fs_type":"main","street":"875 Plenty Road","suburb":"South Morang","pcode":"3752","grp_name":"Whittlesea/D.Valley","label":"South Morang","site_oc_id":19639,"ESRI_OID":691}},{"type":"Feature","id":692,"geometry":{"type":"Point","coordinates":[145.140449551928,-37.5919625169684]},"properties":{"distrct_no":"14","distrct_label":"District 14","distrct_phone_no":"03 8746 1400","brig_name":"Doreen","fs_name":"Doreen","fs_type":"main","street":"1075 Yan Yean Road","suburb":"Doreen","pcode":"3754","grp_name":"Whittlesea/D.Valley","label":"Doreen","site_oc_id":19641,"ESRI_OID":692}},{"type":"Feature","id":693,"geometry":{"type":"Point","coordinates":[144.581794002157,-37.6855839967448]},"properties":{"distrct_no":"14","distrct_label":"District 14","distrct_phone_no":"03 8746 1400","brig_name":"Melton","fs_name":"Melton","fs_type":"main","street":"40-44 Henry Street","suburb":"Melton","pcode":"3337","grp_name":"Mount Cottrell","label":"Melton","site_oc_id":19661,"ESRI_OID":693}},{"type":"Feature","id":694,"geometry":{"type":"Point","coordinates":[144.692481002278,-37.9739729966183]},"properties":{"distrct_no":"14","distrct_label":"District 14","distrct_phone_no":"03 8746 1400","brig_name":"Werribee Coast Guard","fs_name":"Werribee Coast Guard","fs_type":"main","street":"39a Beach Road","suburb":"Werribee South","pcode":"3030","grp_name":"Mount Cottrell","label":"Werribee Coast Guard","site_oc_id":19686,"ESRI_OID":694}},{"type":"Feature","id":695,"geometry":{"type":"Point","coordinates":[145.317312001909,-37.6592299969848]},"properties":{"distrct_no":"14","distrct_label":"District 14","distrct_phone_no":"03 8746 1400","brig_name":"Christmas Hills","fs_name":"Christmas Hills","fs_type":"main","street":"720 Ridge Road","suburb":"Christmas Hills","pcode":"3775","grp_name":"Nillumbik","label":"Christmas Hills","site_oc_id":19696,"ESRI_OID":695}},{"type":"Feature","id":696,"geometry":{"type":"Point","coordinates":[145.214179001979,-37.7292759969138]},"properties":{"distrct_no":"14","distrct_label":"District 14","distrct_phone_no":"03 8746 1400","brig_name":"North Warrandyte","fs_name":"North Warrandyte","fs_type":"main","street":"184 Research-Warrandyte Road","suburb":"North Warrandyte","pcode":"3113","grp_name":"Nillumbik","label":"North Warrandyte","site_oc_id":19833,"ESRI_OID":696}},{"type":"Feature","id":697,"geometry":{"type":"Point","coordinates":[145.116119001894,-37.5144799970044]},"properties":{"distrct_no":"14","distrct_label":"District 14","distrct_phone_no":"03 8746 1400","brig_name":"Whittlesea","fs_name":"Whittlesea","fs_type":"main","street":"11 Laurel Street","suburb":"Whittlesea","pcode":"3757","grp_name":"Whittlesea/D.Valley","label":"Whittlesea","site_oc_id":19834,"ESRI_OID":697}},{"type":"Feature","id":698,"geometry":{"type":"Point","coordinates":[144.548005002225,-37.7915989966756]},"properties":{"distrct_no":"14","distrct_label":"District 14","distrct_phone_no":"03 8746 1400","brig_name":"Eynesbury","fs_name":"Eynesbury","fs_type":"main","street":"49 St Arnaud Road","suburb":"Eynesbury","pcode":"3338","grp_name":"Mount Cottrell","label":"Eynesbury","site_oc_id":20028,"ESRI_OID":698}},{"type":"Feature","id":699,"geometry":{"type":"Point","coordinates":[145.269282001864,-37.5481889970326]},"properties":{"distrct_no":"14","distrct_label":"District 14","distrct_phone_no":"03 8746 1400","brig_name":"Arthurs Creek","fs_name":"Arthurs Creek Satellite","fs_type":"satellite","street":"10 School Ridge Road","suburb":"Strathewen","pcode":"3099","grp_name":"Whittlesea/D.Valley","label":"Arthurs Creek Satellite (Strathewen)","site_oc_id":20358,"ESRI_OID":699}},{"type":"Feature","id":700,"geometry":{"type":"Point","coordinates":[144.743797002109,-37.6929839967902]},"properties":{"distrct_no":"14","distrct_label":"District 14","distrct_phone_no":"03 8746 1400","brig_name":"Caroline Springs","fs_name":"Caroline Springs Satellite","fs_type":"satellite","street":"4 Gourlay Road","suburb":"Hillside (Greater Melbourne)","pcode":"3037","grp_name":"Mount Cottrell","label":"Caroline Springs Satellite (Hillside)","site_oc_id":20365,"ESRI_OID":700}},{"type":"Feature","id":701,"geometry":{"type":"Point","coordinates":[145.285488001941,-37.7006889969517]},"properties":{"distrct_no":"14","distrct_label":"District 14","distrct_phone_no":"03 8746 1400","brig_name":"Christmas Hills","fs_name":"Christmas Hills Satellite","fs_type":"satellite","street":"6 Catani Boulevard","suburb":"Bend Of Islands","pcode":"3097","grp_name":"Nillumbik","label":"Christmas Hills Satellite (Bend Of Islands)","site_oc_id":20366,"ESRI_OID":701}},{"type":"Feature","id":702,"geometry":{"type":"Point","coordinates":[144.57418405217,-37.7060254067311]},"properties":{"distrct_no":"14","distrct_label":"District 14","distrct_phone_no":"03 8746 1400","brig_name":"Melton","fs_name":"Melton Satellite","fs_type":"satellite","street":"29 Exford Road","suburb":"Melton South","pcode":"3338","grp_name":"Mount Cottrell","label":"Melton Satellite (Melton South)","site_oc_id":20386,"ESRI_OID":702}},{"type":"Feature","id":703,"geometry":{"type":"Point","coordinates":[144.736397802051,-37.58171218685]},"properties":{"distrct_no":"14","distrct_label":"District 14","distrct_phone_no":"03 8746 1400","brig_name":"Sunbury","fs_name":"Sunbury Satellite","fs_type":"satellite","street":"25 Jackson Street","suburb":"Sunbury","pcode":"3429","grp_name":"Hume","label":"Sunbury Satellite (Jackson Road)","site_oc_id":20398,"ESRI_OID":703}},{"type":"Feature","id":704,"geometry":{"type":"Point","coordinates":[145.073997771898,-37.4961348370018]},"properties":{"distrct_no":"14","distrct_label":"District 14","distrct_phone_no":"03 8746 1400","brig_name":"Whittlesea","fs_name":"Whittlesea Satellite","fs_type":"satellite","street":"311 Sixth Avenue","suburb":"Eden Park","pcode":"3757","grp_name":"Whittlesea/D.Valley","label":"Whittlesea Satellite (Eden Park)","site_oc_id":20404,"ESRI_OID":704}},{"type":"Feature","id":705,"geometry":{"type":"Point","coordinates":[144.646657992197,-37.7976535667023]},"properties":{"distrct_no":"14","distrct_label":"District 14","distrct_phone_no":"03 8746 1400","brig_name":"Truganina","fs_name":"Truganina Satellite","fs_type":"satellite","street":"Mayfair Avenue","suburb":"Mount Cottrell","pcode":"3024","grp_name":"Mount Cottrell","label":"Truganina Satellite (Chartwell)","site_oc_id":20430,"ESRI_OID":705}},{"type":"Feature","id":706,"geometry":{"type":"Point","coordinates":[145.122159001976,-37.6702529969187]},"properties":{"distrct_no":"14","distrct_label":"District 14","distrct_phone_no":"03 8746 1400","brig_name":"Plenty","fs_name":"Plenty","fs_type":"main","street":"8-10 Memorial Drive","suburb":"Plenty","pcode":"3090","grp_name":"Whittlesea/D.Valley","label":"Plenty","site_oc_id":20436,"ESRI_OID":706}},{"type":"Feature","id":707,"geometry":{"type":"Point","coordinates":[144.622942002258,-37.89695429664]},"properties":{"distrct_no":"14","distrct_label":"District 14","distrct_phone_no":"03 8746 1400","brig_name":"Wyndham Vale","fs_name":"Wyndham Vale Satellite","fs_type":"satellite","street":"Honour Avenue","suburb":"Wyndham Vale","pcode":"3024","grp_name":"Mount Cottrell","label":"Wyndham Vale Satellite (Honour Avenue)","site_oc_id":20447,"ESRI_OID":707}},{"type":"Feature","id":708,"geometry":{"type":"Point","coordinates":[144.653071002212,-37.8300509966863]},"properties":{"distrct_no":"14","distrct_label":"District 14","distrct_phone_no":"03 8746 1400","brig_name":"Truganina","fs_name":"Truganina","fs_type":"main","street":"1079 Leakes Road","suburb":"Tarneit","pcode":"3029","grp_name":"Mount Cottrell","label":"Truganina","site_oc_id":20460,"ESRI_OID":708}},{"type":"Feature","id":709,"geometry":{"type":"Point","coordinates":[144.610080002249,-37.8719379966499]},"properties":{"distrct_no":"14","distrct_label":"District 14","distrct_phone_no":"03 8746 1400","brig_name":"Wyndham Vale","fs_name":"Wyndham Vale","fs_type":"main","street":"858 Armstrong Road","suburb":"Manor Lakes","pcode":"3024","grp_name":"Mount Cottrell","label":"Wyndham Vale","site_oc_id":20500,"ESRI_OID":709}},{"type":"Feature","id":710,"geometry":{"type":"Point","coordinates":[144.349549972312,-37.833796666592]},"properties":{"distrct_no":"15","distrct_label":"District 15","distrct_phone_no":"03 5329 5500","brig_name":"Balliang & District","fs_name":"Balliang & District","fs_type":"main","street":"1272 Bacchus Marsh-Balliang Road","suburb":"Balliang","pcode":"3340","grp_name":"Pentland","label":"Balliang & District","site_oc_id":18371,"ESRI_OID":710}},{"type":"Feature","id":711,"geometry":{"type":"Point","coordinates":[144.466512692152,-37.6092228967519]},"properties":{"distrct_no":"15","distrct_label":"District 15","distrct_phone_no":"03 5329 5500","brig_name":"Coimadai","fs_name":"Coimadai","fs_type":"main","street":"17 Russells Road","suburb":"Coimadai","pcode":"3340","grp_name":"Pentland","label":"Coimadai","site_oc_id":18376,"ESRI_OID":711}},{"type":"Feature","id":712,"geometry":{"type":"Point","coordinates":[144.344316902196,-37.6176665167099]},"properties":{"distrct_no":"15","distrct_label":"District 15","distrct_phone_no":"03 5329 5500","brig_name":"Myrniong","fs_name":"Myrniong","fs_type":"main","street":"Short Street","suburb":"Myrniong","pcode":"3341","grp_name":"Pentland","label":"Myrniong","site_oc_id":18384,"ESRI_OID":712}},{"type":"Feature","id":713,"geometry":{"type":"Point","coordinates":[144.469990402204,-37.706485456699]},"properties":{"distrct_no":"15","distrct_label":"District 15","distrct_phone_no":"03 5329 5500","brig_name":"Parwan","fs_name":"Parwan","fs_type":"main","street":"107 Parwan-Exford Road","suburb":"Parwan","pcode":"3340","grp_name":"Pentland","label":"Parwan","site_oc_id":18387,"ESRI_OID":713}},{"type":"Feature","id":714,"geometry":{"type":"Point","coordinates":[144.339237732249,-37.7130102966556]},"properties":{"distrct_no":"15","distrct_label":"District 15","distrct_phone_no":"03 5329 5500","brig_name":"Rowsley","fs_name":"Rowsley","fs_type":"main","street":"Glenmore Road","suburb":"Rowsley","pcode":"3340","grp_name":"Pentland","label":"Rowsley","site_oc_id":18391,"ESRI_OID":714}},{"type":"Feature","id":715,"geometry":{"type":"Point","coordinates":[144.434382002198,-37.6756129967053]},"properties":{"distrct_no":"15","distrct_label":"District 15","distrct_phone_no":"03 5329 5500","brig_name":"Bacchus Marsh","fs_name":"Bacchus Marsh","fs_type":"main","street":"93-95 Main Street","suburb":"Bacchus Marsh","pcode":"3340","grp_name":"Pentland","label":"Bacchus Marsh","site_oc_id":18402,"ESRI_OID":715}},{"type":"Feature","id":716,"geometry":{"type":"Point","coordinates":[144.30642995213,-37.4728320567786]},"properties":{"distrct_no":"15","distrct_label":"District 15","distrct_phone_no":"03 5329 5500","brig_name":"Blackwood","fs_name":"Blackwood","fs_type":"main","street":"2 Terrill Street","suburb":"Blackwood","pcode":"3458","grp_name":"Ballan","label":"Blackwood","site_oc_id":18975,"ESRI_OID":716}},{"type":"Feature","id":717,"geometry":{"type":"Point","coordinates":[144.026539832385,-37.7751002965263]},"properties":{"distrct_no":"15","distrct_label":"District 15","distrct_phone_no":"03 5329 5500","brig_name":"Elaine","fs_name":"Elaine","fs_type":"main","street":"3 Elaine-Mount Mercer Road","suburb":"Elaine","pcode":"3334","grp_name":"Buninyong","label":"Elaine","site_oc_id":18978,"ESRI_OID":717}},{"type":"Feature","id":718,"geometry":{"type":"Point","coordinates":[144.097778832054,-37.2075389368613]},"properties":{"distrct_no":"15","distrct_label":"District 15","distrct_phone_no":"03 5329 5500","brig_name":"Franklinford","fs_name":"Franklinford","fs_type":"main","street":"1160 Hepburn Newstead Road","suburb":"Yandoit","pcode":"3461","grp_name":"Glenlyon","label":"Franklinford","site_oc_id":18979,"ESRI_OID":718}},{"type":"Feature","id":719,"geometry":{"type":"Point","coordinates":[144.099606352255,-37.5802686066557]},"properties":{"distrct_no":"15","distrct_label":"District 15","distrct_phone_no":"03 5329 5500","brig_name":"Gordon","fs_name":"Gordon","fs_type":"main","street":"53 Brougham Street","suburb":"Gordon","pcode":"3345","grp_name":"Ballan","label":"Gordon","site_oc_id":18981,"ESRI_OID":719}},{"type":"Feature","id":720,"geometry":{"type":"Point","coordinates":[144.30178197218,-37.5628941967272]},"properties":{"distrct_no":"15","distrct_label":"District 15","distrct_phone_no":"03 5329 5500","brig_name":"Greendale","fs_name":"Greendale","fs_type":"main","street":"34 Greendale-Myrniong Road","suburb":"Greendale","pcode":"3341","grp_name":"Ballan","label":"Greendale","site_oc_id":18982,"ESRI_OID":720}},{"type":"Feature","id":721,"geometry":{"type":"Point","coordinates":[144.026346362119,-37.2861459967957]},"properties":{"distrct_no":"15","distrct_label":"District 15","distrct_phone_no":"03 5329 5500","brig_name":"Kooroocheang Werona","fs_name":"Kooroocheang Werona","fs_type":"main","street":"1166 Werona-Kingston Road","suburb":"Kooroocheang","pcode":"3364","grp_name":"Birch","label":"Kooroocheang Werona","site_oc_id":18985,"ESRI_OID":721}},{"type":"Feature","id":722,"geometry":{"type":"Point","coordinates":[144.115843622166,-37.4254453367462]},"properties":{"distrct_no":"15","distrct_label":"District 15","distrct_phone_no":"03 5329 5500","brig_name":"Leonards Hill & District","fs_name":"Leonards Hill & District","fs_type":"main","street":"Ballan Road","suburb":"Leonards Hill","pcode":"3461","grp_name":"Glenlyon","label":"Leonards Hill & District","site_oc_id":18986,"ESRI_OID":722}},{"type":"Feature","id":723,"geometry":{"type":"Point","coordinates":[144.050297592275,-37.5880521666364]},"properties":{"distrct_no":"15","distrct_label":"District 15","distrct_phone_no":"03 5329 5500","brig_name":"Millbrook","fs_name":"Millbrook","fs_type":"main","street":"Old Melbourne Road","suburb":"Millbrook","pcode":"3352","grp_name":"Ballan","label":"Millbrook","site_oc_id":18988,"ESRI_OID":723}},{"type":"Feature","id":724,"geometry":{"type":"Point","coordinates":[144.094610582363,-37.7752846065468]},"properties":{"distrct_no":"15","distrct_label":"District 15","distrct_phone_no":"03 5329 5500","brig_name":"Morrisons & District","fs_name":"Morrisons & District","fs_type":"main","street":"552 Elaine-Morrisons Road","suburb":"Morrisons","pcode":"3334","grp_name":"Ballan","label":"Morrisons & District","site_oc_id":18990,"ESRI_OID":724}},{"type":"Feature","id":725,"geometry":{"type":"Point","coordinates":[144.10550229228,-37.6292504266305]},"properties":{"distrct_no":"15","distrct_label":"District 15","distrct_phone_no":"03 5329 5500","brig_name":"Mt Egerton","fs_name":"Mt Egerton","fs_type":"main","street":"83 Main Road","suburb":"Mount Egerton","pcode":"3352","grp_name":"Ballan","label":"Mt Egerton","site_oc_id":18991,"ESRI_OID":725}},{"type":"Feature","id":726,"geometry":{"type":"Point","coordinates":[144.223319492305,-37.7455083866023]},"properties":{"distrct_no":"15","distrct_label":"District 15","distrct_phone_no":"03 5329 5500","brig_name":"Mt Wallace","fs_name":"Mt Wallace","fs_type":"main","street":"10 Brisbane Ranges Road","suburb":"Mount Wallace","pcode":"3342","grp_name":"Ballan","label":"Mt Wallace","site_oc_id":18992,"ESRI_OID":726}},{"type":"Feature","id":727,"geometry":{"type":"Point","coordinates":[144.194408842063,-37.2825568568496]},"properties":{"distrct_no":"15","distrct_label":"District 15","distrct_phone_no":"03 5329 5500","brig_name":"Porcupine Ridge","fs_name":"Porcupine Ridge","fs_type":"main","street":"Porcupine Ridge Road","suburb":"Porcupine Ridge","pcode":"3461","grp_name":"Glenlyon","label":"Porcupine Ridge","site_oc_id":18996,"ESRI_OID":727}},{"type":"Feature","id":728,"geometry":{"type":"Point","coordinates":[144.051310782256,-37.553033786656]},"properties":{"distrct_no":"15","distrct_label":"District 15","distrct_phone_no":"03 5329 5500","brig_name":"Wallace","fs_name":"Wallace","fs_type":"main","street":"15a Ormond Road","suburb":"Wallace","pcode":"3352","grp_name":"Ballan","label":"Wallace","site_oc_id":18999,"ESRI_OID":728}},{"type":"Feature","id":729,"geometry":{"type":"Point","coordinates":[144.225254482225,-37.6009107566828]},"properties":{"distrct_no":"15","distrct_label":"District 15","distrct_phone_no":"03 5329 5500","brig_name":"Ballan","fs_name":"Ballan","fs_type":"main","street":"27-29 Fisken Street","suburb":"Ballan","pcode":"3342","grp_name":"Ballan","label":"Ballan","site_oc_id":19002,"ESRI_OID":729}},{"type":"Feature","id":730,"geometry":{"type":"Point","coordinates":[144.140801452113,-37.3425682367998]},"properties":{"distrct_no":"15","distrct_label":"District 15","distrct_phone_no":"03 5329 5500","brig_name":"Daylesford","fs_name":"Daylesford","fs_type":"main","street":"26 Bridport Street","suburb":"Daylesford","pcode":"3460","grp_name":"Glenlyon","label":"Daylesford","site_oc_id":19006,"ESRI_OID":730}},{"type":"Feature","id":731,"geometry":{"type":"Point","coordinates":[144.32269371208,-37.3897928568296]},"properties":{"distrct_no":"15","distrct_label":"District 15","distrct_phone_no":"03 5329 5500","brig_name":"Trentham","fs_name":"Trentham","fs_type":"main","street":"25 Market Street","suburb":"Trentham","pcode":"3458","grp_name":"Glenlyon","label":"Trentham","site_oc_id":19013,"ESRI_OID":731}},{"type":"Feature","id":732,"geometry":{"type":"Point","coordinates":[143.999444362275,-37.5581601566373]},"properties":{"distrct_no":"15","distrct_label":"District 15","distrct_phone_no":"03 5329 5500","brig_name":"Bungaree","fs_name":"Bungaree","fs_type":"main","street":"289 Bungaree-Wallace Road","suburb":"Bungaree","pcode":"3352","grp_name":"Buninyong","label":"Bungaree","site_oc_id":19015,"ESRI_OID":732}},{"type":"Feature","id":733,"geometry":{"type":"Point","coordinates":[143.657535352339,-37.4697637865813]},"properties":{"distrct_no":"15","distrct_label":"District 15","distrct_phone_no":"03 5329 5500","brig_name":"Burrumbeet","fs_name":"Burrumbeet","fs_type":"main","street":"50 Burrumbeet Road","suburb":"Burrumbeet","pcode":"3352","grp_name":"Ballarat","label":"Burrumbeet","site_oc_id":19016,"ESRI_OID":733}},{"type":"Feature","id":734,"geometry":{"type":"Point","coordinates":[143.945352232103,-37.2077175968141]},"properties":{"distrct_no":"15","distrct_label":"District 15","distrct_phone_no":"03 5329 5500","brig_name":"Campbelltown","fs_name":"Campbelltown","fs_type":"main","street":"1 Chapman Street","suburb":"Campbelltown","pcode":"3364","grp_name":"Birch","label":"Campbelltown","site_oc_id":19017,"ESRI_OID":734}},{"type":"Feature","id":735,"geometry":{"type":"Point","coordinates":[143.613030742527,-37.7866031663947]},"properties":{"distrct_no":"15","distrct_label":"District 15","distrct_phone_no":"03 5329 5500","brig_name":"Cape Clear","fs_name":"Cape Clear","fs_type":"main","street":"1461 Scarsdale-Pitfield Road","suburb":"Cape Clear","pcode":"3351","grp_name":"Grenville","label":"Cape Clear","site_oc_id":19018,"ESRI_OID":735}},{"type":"Feature","id":736,"geometry":{"type":"Point","coordinates":[143.710633982345,-37.5138112265734]},"properties":{"distrct_no":"15","distrct_label":"District 15","distrct_phone_no":"03 5329 5500","brig_name":"Cardigan & Windermere","fs_name":"Cardigan & Windermere","fs_type":"main","street":"749 Remembrance Drive","suburb":"Cardigan Village","pcode":"3352","grp_name":"Ballarat","label":"Cardigan & Windermere","site_oc_id":19019,"ESRI_OID":736}},{"type":"Feature","id":737,"geometry":{"type":"Point","coordinates":[143.910956002155,-37.2834889967616]},"properties":{"distrct_no":"15","distrct_label":"District 15","distrct_phone_no":"03 5329 5500","brig_name":"Ullina","fs_name":"Ullina","fs_type":"main","street":"357 Ullina-Kooroocheang Road","suburb":"Ullina","pcode":"3370","grp_name":"Birch","label":"Ullina","site_oc_id":19021,"ESRI_OID":737}},{"type":"Feature","id":738,"geometry":{"type":"Point","coordinates":[143.720026152251,-37.3457811866685]},"properties":{"distrct_no":"15","distrct_label":"District 15","distrct_phone_no":"03 5329 5500","brig_name":"Glendaruel & Mt Beckworth","fs_name":"Glendaruel & Mt Beckworth","fs_type":"main","street":"1 Kinnersleys Road","suburb":"Glendaruel","pcode":"3363","grp_name":"Ballarat","label":"Glendaruel & Mt Beckworth","site_oc_id":19022,"ESRI_OID":738}},{"type":"Feature","id":739,"geometry":{"type":"Point","coordinates":[143.934475792278,-37.5242794266361]},"properties":{"distrct_no":"15","distrct_label":"District 15","distrct_phone_no":"03 5329 5500","brig_name":"Glen Park","fs_name":"Glen Park","fs_type":"main","street":"158 Longs Hill Road","suburb":"Glen Park","pcode":"3352","grp_name":"Birch","label":"Glen Park","site_oc_id":19023,"ESRI_OID":739}},{"type":"Feature","id":740,"geometry":{"type":"Point","coordinates":[143.872490822297,-37.5219769266184]},"properties":{"distrct_no":"15","distrct_label":"District 15","distrct_phone_no":"03 5329 5500","brig_name":"Invermay","fs_name":"Invermay","fs_type":"main","street":"Swinglers Road","suburb":"Invermay","pcode":"3352","grp_name":"Ballarat","label":"Invermay","site_oc_id":19025,"ESRI_OID":740}},{"type":"Feature","id":741,"geometry":{"type":"Point","coordinates":[143.714098662294,-37.4213826866252]},"properties":{"distrct_no":"15","distrct_label":"District 15","distrct_phone_no":"03 5329 5500","brig_name":"Learmonth-Addington","fs_name":"Learmonth-Addington","fs_type":"main","street":"413 High Street","suburb":"Learmonth","pcode":"3352","grp_name":"Ballarat","label":"Learmonth-Addington","site_oc_id":19026,"ESRI_OID":741}},{"type":"Feature","id":742,"geometry":{"type":"Point","coordinates":[143.496015672551,-37.7611234863731]},"properties":{"distrct_no":"15","distrct_label":"District 15","distrct_phone_no":"03 5329 5500","brig_name":"Mannibadar","fs_name":"Mannibadar","fs_type":"main","street":"Skipton Road","suburb":"Mannibadar","pcode":"3360","grp_name":"Grenville","label":"Mannibadar","site_oc_id":19030,"ESRI_OID":742}},{"type":"Feature","id":743,"geometry":{"type":"Point","coordinates":[143.798914382298,-37.479935606619]},"properties":{"distrct_no":"15","distrct_label":"District 15","distrct_phone_no":"03 5329 5500","brig_name":"Miners Rest","fs_name":"Miners Rest","fs_type":"main","street":"4 Creswick Street","suburb":"Miners Rest","pcode":"3352","grp_name":"Ballarat","label":"Miners Rest","site_oc_id":19031,"ESRI_OID":743}},{"type":"Feature","id":744,"geometry":{"type":"Point","coordinates":[143.974612882332,-37.6465873165811]},"properties":{"distrct_no":"15","distrct_label":"District 15","distrct_phone_no":"03 5329 5500","brig_name":"Mt Buninyong","fs_name":"Mt Buninyong","fs_type":"main","street":"Harbours Road","suburb":"Yendon","pcode":"3352","grp_name":"Buninyong","label":"Mt Buninyong","site_oc_id":19033,"ESRI_OID":744}},{"type":"Feature","id":745,"geometry":{"type":"Point","coordinates":[143.685976752424,-37.643368576495]},"properties":{"distrct_no":"15","distrct_label":"District 15","distrct_phone_no":"03 5329 5500","brig_name":"Smythesdale","fs_name":"Smythesdale","fs_type":"main","street":"74 Brooke Street","suburb":"Smythesdale","pcode":"3351","grp_name":"Grenville","label":"Smythesdale","site_oc_id":19035,"ESRI_OID":745}},{"type":"Feature","id":746,"geometry":{"type":"Point","coordinates":[143.95015882217,-37.333590976746]},"properties":{"distrct_no":"15","distrct_label":"District 15","distrct_phone_no":"03 5329 5500","brig_name":"Smeaton","fs_name":"Smeaton","fs_type":"main","street":"46 Calder Street","suburb":"Smeaton","pcode":"3364","grp_name":"Birch","label":"Smeaton","site_oc_id":19036,"ESRI_OID":746}},{"type":"Feature","id":747,"geometry":{"type":"Point","coordinates":[143.511309432601,-37.8602794463239]},"properties":{"distrct_no":"15","distrct_label":"District 15","distrct_phone_no":"03 5329 5500","brig_name":"Wallinduc & District","fs_name":"Wallinduc & District","fs_type":"main","street":"Lismore Road","suburb":"Wallinduc","pcode":"3351","grp_name":"Grenville","label":"Wallinduc & District","site_oc_id":19038,"ESRI_OID":747}},{"type":"Feature","id":748,"geometry":{"type":"Point","coordinates":[143.721876582383,-37.5891999665356]},"properties":{"distrct_no":"15","distrct_label":"District 15","distrct_phone_no":"03 5329 5500","brig_name":"Haddon","fs_name":"Haddon","fs_type":"main","street":"399 Sago Hill Road","suburb":"Haddon","pcode":"3351","grp_name":"Grenville","label":"Haddon","site_oc_id":19040,"ESRI_OID":748}},{"type":"Feature","id":749,"geometry":{"type":"Point","coordinates":[143.925775372309,-37.5755144666053]},"properties":{"distrct_no":"15","distrct_label":"District 15","distrct_phone_no":"03 5329 5500","brig_name":"Mt Warrenheip","fs_name":"Mt Warrenheip","fs_type":"main","street":"Ti Tree Road","suburb":"Warrenheip","pcode":"3352","grp_name":"Buninyong","label":"Mt Warrenheip","site_oc_id":19041,"ESRI_OID":749}},{"type":"Feature","id":750,"geometry":{"type":"Point","coordinates":[143.638642752285,-37.359371566636]},"properties":{"distrct_no":"15","distrct_label":"District 15","distrct_phone_no":"03 5329 5500","brig_name":"Waubra","fs_name":"Waubra","fs_type":"main","street":"2041 Sunraysia Highway","suburb":"Waubra","pcode":"3352","grp_name":"Ballarat","label":"Waubra","site_oc_id":19042,"ESRI_OID":750}},{"type":"Feature","id":751,"geometry":{"type":"Point","coordinates":[143.780669522204,-37.2947210367153]},"properties":{"distrct_no":"15","distrct_label":"District 15","distrct_phone_no":"03 5329 5500","brig_name":"Clunes","fs_name":"Clunes","fs_type":"main","street":"19 Alliance Street","suburb":"Clunes","pcode":"3370","grp_name":"Birch","label":"Clunes","site_oc_id":19046,"ESRI_OID":751}},{"type":"Feature","id":752,"geometry":{"type":"Point","coordinates":[143.895792732236,-37.4226742166802]},"properties":{"distrct_no":"15","distrct_label":"District 15","distrct_phone_no":"03 5329 5500","brig_name":"Creswick","fs_name":"Creswick","fs_type":"main","street":"52 Albert Street","suburb":"Creswick","pcode":"3363","grp_name":"Birch","label":"Creswick","site_oc_id":19047,"ESRI_OID":752}},{"type":"Feature","id":753,"geometry":{"type":"Point","coordinates":[143.954418092193,-37.3782725467227]},"properties":{"distrct_no":"15","distrct_label":"District 15","distrct_phone_no":"03 5329 5500","brig_name":"Kingston","fs_name":"Kingston","fs_type":"main","street":"376 Kingston Road","suburb":"Kingston","pcode":"3364","grp_name":"Birch","label":"Kingston","site_oc_id":19048,"ESRI_OID":753}},{"type":"Feature","id":754,"geometry":{"type":"Point","coordinates":[143.819752602322,-37.5354779165948]},"properties":{"distrct_no":"15","distrct_label":"District 15","distrct_phone_no":"03 5329 5500","brig_name":"Wendouree","fs_name":"Wendouree","fs_type":"main","street":"82 Learmonth Road","suburb":"Wendouree","pcode":"3355","grp_name":"Eureka","label":"Wendouree","site_oc_id":19053,"ESRI_OID":754}},{"type":"Feature","id":755,"geometry":{"type":"Point","coordinates":[143.868607062321,-37.5639051365942]},"properties":{"distrct_no":"15","distrct_label":"District 15","distrct_phone_no":"03 5329 5500","brig_name":"Ballarat","fs_name":"Ballarat","fs_type":"main","street":"20-22 Barkly Street","suburb":"Ballarat East","pcode":"3350","grp_name":"Eureka","label":"Ballarat","site_oc_id":19056,"ESRI_OID":755}},{"type":"Feature","id":756,"geometry":{"type":"Point","coordinates":[143.840822612348,-37.5968042165676]},"properties":{"distrct_no":"15","distrct_label":"District 15","distrct_phone_no":"03 5329 5500","brig_name":"Sebastopol","fs_name":"Sebastopol","fs_type":"main","street":"178-180 Albert Street","suburb":"Sebastopol","pcode":"3356","grp_name":"Eureka","label":"Sebastopol","site_oc_id":19057,"ESRI_OID":756}},{"type":"Feature","id":757,"geometry":{"type":"Point","coordinates":[143.843605782327,-37.5599981865887]},"properties":{"distrct_no":"15","distrct_label":"District 15","distrct_phone_no":"03 5329 5500","brig_name":"Ballarat City","fs_name":"Ballarat City","fs_type":"main","street":"1112-1120 Sturt Street","suburb":"Ballarat Central","pcode":"3350","grp_name":"Eureka","label":"Ballarat City","site_oc_id":19058,"ESRI_OID":757}},{"type":"Feature","id":758,"geometry":{"type":"Point","coordinates":[143.806430822321,-37.5261731165959]},"properties":{"distrct_no":"15","distrct_label":"District 15","distrct_phone_no":"03 5329 5500","brig_name":"HVP Ballarat Plantations","fs_name":"HVP Ballarat Plantations","fs_type":"main","street":"243 Ring Road","suburb":"Mitchell Park","pcode":"3355","grp_name":"Ballarat","label":"HVP Ballarat Plantations","site_oc_id":19509,"ESRI_OID":758}},{"type":"Feature","id":759,"geometry":{"type":"Point","coordinates":[143.819529002323,-37.5373609965938]},"properties":{"distrct_no":"15","distrct_label":"District 15","distrct_phone_no":"03 5329 5500","brig_name":"Central Highlands Water","fs_name":"Central Highlands Water","fs_type":"main","street":"7 Learmonth Road","suburb":"Wendouree","pcode":"3355","grp_name":null,"label":"Central Highlands Water","site_oc_id":19642,"ESRI_OID":759}},{"type":"Feature","id":760,"geometry":{"type":"Point","coordinates":[143.659749342536,-37.8327677963837]},"properties":{"distrct_no":"15","distrct_label":"District 15","distrct_phone_no":"03 5329 5500","brig_name":"Rokewood Junction & Dist","fs_name":"Rokewood Junction & Dist","fs_type":"main","street":"Chathams Road","suburb":"Rokewood Junction","pcode":"3351","grp_name":"Grenville","label":"Rokewood Junction & Dist","site_oc_id":19660,"ESRI_OID":760}},{"type":"Feature","id":761,"geometry":{"type":"Point","coordinates":[143.819148002322,-37.5365209965941]},"properties":{"distrct_no":"15","distrct_label":"District 15","distrct_phone_no":"03 5329 5500","brig_name":"District 15 Headquarters","fs_name":"District 15 Headquarters RFB","fs_type":"main","street":"19 Learmonth Road","suburb":"Wendouree","pcode":"3355","grp_name":null,"label":"District 15 Headquarters RFB","site_oc_id":19755,"ESRI_OID":761}},{"type":"Feature","id":762,"geometry":{"type":"Point","coordinates":[143.799339002253,-37.3961299966652]},"properties":{"distrct_no":"15","distrct_label":"District 15","distrct_phone_no":"03 5329 5500","brig_name":"Ascot & District","fs_name":"Ascot & District","fs_type":"main","street":"47b Ascot Hall Road","suburb":"Ascot (Ballarat)","pcode":"3364","grp_name":"Ballarat","label":"Ascot & District","site_oc_id":19802,"ESRI_OID":762}},{"type":"Feature","id":763,"geometry":{"type":"Point","coordinates":[143.826668002398,-37.6801339965176]},"properties":{"distrct_no":"15","distrct_label":"District 15","distrct_phone_no":"03 5329 5500","brig_name":"Napoleons-Enfield","fs_name":"Napoleons-Enfield","fs_type":"main","street":"4707 Colac-Ballarat Road","suburb":"Napoleons","pcode":"3352","grp_name":"Buninyong","label":"Napoleons-Enfield","site_oc_id":19803,"ESRI_OID":763}},{"type":"Feature","id":764,"geometry":{"type":"Point","coordinates":[143.986694002201,-37.4130549967134]},"properties":{"distrct_no":"15","distrct_label":"District 15","distrct_phone_no":"03 5329 5500","brig_name":"Newlyn Dean","fs_name":"Newlyn Dean","fs_type":"main","street":"683 Dean-Newlyn Road","suburb":"Newlyn","pcode":"3364","grp_name":"Birch","label":"Newlyn Dean","site_oc_id":19805,"ESRI_OID":764}},{"type":"Feature","id":765,"geometry":{"type":"Point","coordinates":[144.195941002111,-37.3720339968004]},"properties":{"distrct_no":"15","distrct_label":"District 15","distrct_phone_no":"03 5329 5500","brig_name":"Musk","fs_name":"Musk","fs_type":"main","street":"Dairy Flat Road","suburb":"Musk","pcode":"3461","grp_name":"Glenlyon","label":"Musk","site_oc_id":19900,"ESRI_OID":765}},{"type":"Feature","id":766,"geometry":{"type":"Point","coordinates":[144.244283002055,-37.2962089968575]},"properties":{"distrct_no":"15","distrct_label":"District 15","distrct_phone_no":"03 5329 5500","brig_name":"Glenlyon","fs_name":"Glenlyon","fs_type":"main","street":"25 Barkly Street","suburb":"Glenlyon","pcode":"3461","grp_name":"Glenlyon","label":"Glenlyon","site_oc_id":19937,"ESRI_OID":766}},{"type":"Feature","id":767,"geometry":{"type":"Point","coordinates":[144.132596002097,-37.3088369968159]},"properties":{"distrct_no":"15","distrct_label":"District 15","distrct_phone_no":"03 5329 5500","brig_name":"Hepburn","fs_name":"Hepburn","fs_type":"main","street":"149 Main Road","suburb":"Hepburn","pcode":"3461","grp_name":"Glenlyon","label":"Hepburn","site_oc_id":19938,"ESRI_OID":767}},{"type":"Feature","id":768,"geometry":{"type":"Point","coordinates":[143.555558002492,-37.6892419964304]},"properties":{"distrct_no":"15","distrct_label":"District 15","distrct_phone_no":"03 5329 5500","brig_name":"Linton","fs_name":"Linton","fs_type":"main","street":"3053 Glenelg Highway","suburb":"Linton","pcode":"3360","grp_name":"Grenville","label":"Linton","site_oc_id":20044,"ESRI_OID":768}},{"type":"Feature","id":769,"geometry":{"type":"Point","coordinates":[144.034798002218,-37.4741859966945]},"properties":{"distrct_no":"15","distrct_label":"District 15","distrct_phone_no":"03 5329 5500","brig_name":"Mollongghip","fs_name":"Mollongghip","fs_type":"main","street":"506 Dean-Mollongghip Road","suburb":"Mollongghip","pcode":"3352","grp_name":"Birch","label":"Mollongghip","site_oc_id":20050,"ESRI_OID":769}},{"type":"Feature","id":770,"geometry":{"type":"Point","coordinates":[143.891163002413,-37.7452219965016]},"properties":{"distrct_no":"15","distrct_label":"District 15","distrct_phone_no":"03 5329 5500","brig_name":"Hardies Hill","fs_name":"Hardies Hill","fs_type":"main","street":"1174 Buninyong-Mt Mercer Road","suburb":"Grenville","pcode":"3352","grp_name":"Buninyong","label":"Hardies Hill","site_oc_id":20143,"ESRI_OID":770}},{"type":"Feature","id":771,"geometry":{"type":"Point","coordinates":[143.876783802365,-37.6491669965499]},"properties":{"distrct_no":"15","distrct_label":"District 15","distrct_phone_no":"03 5329 5500","brig_name":"Buninyong-Mt Helen","fs_name":"Buninyong-Mt Helen","fs_type":"main","street":"611a Learmonth Street","suburb":"Buninyong","pcode":"3357","grp_name":"Eureka","label":"Buninyong-Mt Helen","site_oc_id":20333,"ESRI_OID":771}},{"type":"Feature","id":772,"geometry":{"type":"Point","coordinates":[144.437449002186,-37.6540189967182]},"properties":{"distrct_no":"15","distrct_label":"District 15","distrct_phone_no":"03 5329 5500","brig_name":"Bacchus Marsh","fs_name":"Bacchus Marsh Satellite","fs_type":"satellite","street":"75a Albert Street","suburb":"Darley","pcode":"3340","grp_name":"Pentland","label":"Bacchus Marsh Satellite (Darley)","site_oc_id":20359,"ESRI_OID":772}},{"type":"Feature","id":773,"geometry":{"type":"Point","coordinates":[143.694003802493,-37.7744242364259]},"properties":{"distrct_no":"15","distrct_label":"District 15","distrct_phone_no":"03 5329 5500","brig_name":"Cape Clear","fs_name":"Cape Clear Satellite","fs_type":"satellite","street":"20 Berringa Road","suburb":"Berringa","pcode":"3351","grp_name":"Grenville","label":"Cape Clear Satellite (Berringa)","site_oc_id":20364,"ESRI_OID":773}},{"type":"Feature","id":774,"geometry":{"type":"Point","coordinates":[143.767224162372,-37.5963258665454]},"properties":{"distrct_no":"15","distrct_label":"District 15","distrct_phone_no":"03 5329 5500","brig_name":"Haddon","fs_name":"Haddon Satellite","fs_type":"satellite","street":"Bells Road","suburb":"Smythes Creek","pcode":"3351","grp_name":"Grenville","label":"Haddon Satellite (Smythes Creek)","site_oc_id":20373,"ESRI_OID":774}},{"type":"Feature","id":775,"geometry":{"type":"Point","coordinates":[143.9209422422,-37.3710614967163]},"properties":{"distrct_no":"15","distrct_label":"District 15","distrct_phone_no":"03 5329 5500","brig_name":"Kingston","fs_name":"Kingston Satellite","fs_type":"satellite","street":"3 Elizabeth Street","suburb":"Allendale","pcode":"3364","grp_name":"Birch","label":"Kingston Satellite (Allendale)","site_oc_id":20381,"ESRI_OID":775}},{"type":"Feature","id":776,"geometry":{"type":"Point","coordinates":[143.800710002429,-37.7204299964877]},"properties":{"distrct_no":"15","distrct_label":"District 15","distrct_phone_no":"03 5329 5500","brig_name":"Napoleons-Enfield","fs_name":"Napoleons-Enfield Satellite","fs_type":"satellite","street":"11 Woodlands Road","suburb":"Enfield","pcode":"3352","grp_name":"Buninyong","label":"Napoleons-Enfield Satellite (Enfield)","site_oc_id":20388,"ESRI_OID":776}},{"type":"Feature","id":777,"geometry":{"type":"Point","coordinates":[143.654225882449,-37.6697546164709]},"properties":{"distrct_no":"15","distrct_label":"District 15","distrct_phone_no":"03 5329 5500","brig_name":"Smythesdale","fs_name":"Smythesdale Satellite (Scarsdale)","fs_type":"satellite","street":"12 Scarsdale-Pitfield Road","suburb":"Scarsdale","pcode":"3351","grp_name":"Grenville","label":"Smythesdale Satellite (Scarsdale)","site_oc_id":20392,"ESRI_OID":777}},{"type":"Feature","id":778,"geometry":{"type":"Point","coordinates":[143.754792812397,-37.634185166521]},"properties":{"distrct_no":"15","distrct_label":"District 15","distrct_phone_no":"03 5329 5500","brig_name":"Smythesdale","fs_name":"Smythesdale Satellite (Ross Creek)","fs_type":"satellite","street":"335 Post Office Road","suburb":"Ross Creek","pcode":"3351","grp_name":"Grenville","label":"Smythesdale Satellite (Ross Creek)","site_oc_id":20393,"ESRI_OID":778}},{"type":"Feature","id":779,"geometry":{"type":"Point","coordinates":[143.877050002348,-37.6176719965673]},"properties":{"distrct_no":"15","distrct_label":"District 15","distrct_phone_no":"03 5329 5500","brig_name":"Buninyong-Mt Helen","fs_name":"Buninyong-Mt Helen Satellite","fs_type":"satellite","street":"14 Greenhill Road","suburb":"Mount Helen","pcode":"3350","grp_name":"Eureka","label":"Buninyong-Mt Helen Satellite (Mount Helen)","site_oc_id":20412,"ESRI_OID":779}},{"type":"Feature","id":780,"geometry":{"type":"Point","coordinates":[144.2579990021,-37.38918799681]},"properties":{"distrct_no":"15","distrct_label":"District 15","distrct_phone_no":"03 5329 5500","brig_name":"Trentham","fs_name":"Trentham Satellite","fs_type":"satellite","street":"2 Bremner Avenue","suburb":"Lyonville","pcode":"3461","grp_name":"Glenlyon","label":"Trentham Satellite (Lyonville)","site_oc_id":20426,"ESRI_OID":780}},{"type":"Feature","id":781,"geometry":{"type":"Point","coordinates":[143.826623002343,-37.5796032965728]},"properties":{"distrct_no":"15","distrct_label":"District 15","distrct_phone_no":"03 5329 5500","brig_name":"Ballarat City","fs_name":"Ballarat City Satellite","fs_type":"satellite","street":"426 Sutton Street","suburb":"Delacombe","pcode":"3356","grp_name":"Eureka","label":"Ballarat City Satellite (Delacombe)","site_oc_id":20433,"ESRI_OID":781}},{"type":"Feature","id":782,"geometry":{"type":"Point","coordinates":[142.826213002102,-36.5249819968409]},"properties":{"distrct_no":"16","distrct_label":"District 16","distrct_phone_no":"03 5352 9600","brig_name":"Rich Avon","fs_name":"Rich Avon","fs_type":"main","street":"1338 Banyena Silo Road","suburb":"Rich Avon West","pcode":"3480","grp_name":"St Arnaud","label":"Rich Avon","site_oc_id":18892,"ESRI_OID":782}},{"type":"Feature","id":783,"geometry":{"type":"Point","coordinates":[142.93201093248,-37.2883621464581]},"properties":{"distrct_no":"16","distrct_label":"District 16","distrct_phone_no":"03 5352 9600","brig_name":"Ararat","fs_name":"Ararat","fs_type":"main","street":"8 Tuson Street","suburb":"Ararat","pcode":"3377","grp_name":"Ararat","label":"Ararat","site_oc_id":18916,"ESRI_OID":783}},{"type":"Feature","id":784,"geometry":{"type":"Point","coordinates":[142.603369142733,-37.5496614262172]},"properties":{"distrct_no":"16","distrct_label":"District 16","distrct_phone_no":"03 5352 9600","brig_name":"Bornes Hill","fs_name":"Bornes Hill","fs_type":"main","street":"983 Powells Lane","suburb":"Bornes Hill","pcode":"3379","grp_name":"Westmere","label":"Bornes Hill","site_oc_id":18928,"ESRI_OID":784}},{"type":"Feature","id":785,"geometry":{"type":"Point","coordinates":[143.172433512443,-37.3681830964883]},"properties":{"distrct_no":"16","distrct_label":"District 16","distrct_phone_no":"03 5352 9600","brig_name":"Buangor & Middle Creek","fs_name":"Buangor & Middle Creek","fs_type":"main","street":"22 Main Street","suburb":"Buangor","pcode":"3375","grp_name":"Ararat","label":"Buangor & Middle Creek","site_oc_id":18929,"ESRI_OID":785}},{"type":"Feature","id":786,"geometry":{"type":"Point","coordinates":[143.162482002627,-37.6981179963065]},"properties":{"distrct_no":"16","distrct_label":"District 16","distrct_phone_no":"03 5352 9600","brig_name":"Carranballac","fs_name":"Carranballac","fs_type":"main","street":"6675 Glenelg Highway","suburb":"Carranballac","pcode":"3361","grp_name":"Westmere","label":"Carranballac","site_oc_id":18930,"ESRI_OID":786}},{"type":"Feature","id":787,"geometry":{"type":"Point","coordinates":[143.243371572477,-37.473053526453]},"properties":{"distrct_no":"16","distrct_label":"District 16","distrct_phone_no":"03 5352 9600","brig_name":"Cross Roads","fs_name":"Cross Roads","fs_type":"main","street":"990 Eurambeen-Streatham Road","suburb":"Cross Roads","pcode":"3373","grp_name":"Beaufort","label":"Cross Roads","site_oc_id":18931,"ESRI_OID":787}},{"type":"Feature","id":788,"geometry":{"type":"Point","coordinates":[143.109721002346,-37.1503319665877]},"properties":{"distrct_no":"16","distrct_label":"District 16","distrct_phone_no":"03 5352 9600","brig_name":"Crowlands","fs_name":"Crowlands","fs_type":"main","street":"51 Wright Street","suburb":"Crowlands","pcode":"3377","grp_name":"Pyrenees","label":"Crowlands","site_oc_id":18932,"ESRI_OID":788}},{"type":"Feature","id":789,"geometry":{"type":"Point","coordinates":[143.247789462315,-37.1788123366147]},"properties":{"distrct_no":"16","distrct_label":"District 16","distrct_phone_no":"03 5352 9600","brig_name":"Elmhurst","fs_name":"Elmhurst","fs_type":"main","street":"59 High Street","suburb":"Elmhurst","pcode":"3469","grp_name":"Pyrenees","label":"Elmhurst","site_oc_id":18934,"ESRI_OID":789}},{"type":"Feature","id":790,"geometry":{"type":"Point","coordinates":[142.661933572363,-36.9089640965805]},"properties":{"distrct_no":"16","distrct_label":"District 16","distrct_phone_no":"03 5352 9600","brig_name":"Glenorchy & Riachella","fs_name":"Glenorchy & Riachella","fs_type":"main","street":"19 Forest Street","suburb":"Glenorchy","pcode":"3385","grp_name":"Stawell","label":"Glenorchy & Riachella","site_oc_id":18936,"ESRI_OID":790}},{"type":"Feature","id":791,"geometry":{"type":"Point","coordinates":[142.85533826243,-37.1512072165089]},"properties":{"distrct_no":"16","distrct_label":"District 16","distrct_phone_no":"03 5352 9600","brig_name":"Great Western","fs_name":"Great Western","fs_type":"main","street":"102 Stephenson Street","suburb":"Great Western","pcode":"3374","grp_name":"Ararat","label":"Great Western","site_oc_id":18937,"ESRI_OID":791}},{"type":"Feature","id":792,"geometry":{"type":"Point","coordinates":[142.990109922307,-37.0058932266294]},"properties":{"distrct_no":"16","distrct_label":"District 16","distrct_phone_no":"03 5352 9600","brig_name":"Joel Joel","fs_name":"Joel Joel","fs_type":"main","street":"142 Wimmera Downs Road","suburb":"Joel Joel","pcode":"3380","grp_name":"Stawell","label":"Joel Joel","site_oc_id":18938,"ESRI_OID":792}},{"type":"Feature","id":793,"geometry":{"type":"Point","coordinates":[142.84385678274,-37.7103933562036]},"properties":{"distrct_no":"16","distrct_label":"District 16","distrct_phone_no":"03 5352 9600","brig_name":"Lake Bolac","fs_name":"Lake Bolac","fs_type":"main","street":"Glenelg Highway","suburb":"Lake Bolac","pcode":"3351","grp_name":"Westmere","label":"Lake Bolac","site_oc_id":18939,"ESRI_OID":793}},{"type":"Feature","id":794,"geometry":{"type":"Point","coordinates":[143.384850072474,-37.5536735164523]},"properties":{"distrct_no":"16","distrct_label":"District 16","distrct_phone_no":"03 5352 9600","brig_name":"Lake Goldsmith-Stockyard","fs_name":"Lake Goldsmith-Stockyard","fs_type":"main","street":"Lake Goldsmith Road","suburb":"Lake Goldsmith","pcode":"3373","grp_name":"Beaufort","label":"Lake Goldsmith-Stockyard","site_oc_id":18940,"ESRI_OID":794}},{"type":"Feature","id":795,"geometry":{"type":"Point","coordinates":[143.132242222261,-37.0075868166725]},"properties":{"distrct_no":"16","distrct_label":"District 16","distrct_phone_no":"03 5352 9600","brig_name":"Landsborough","fs_name":"Landsborough","fs_type":"main","street":"49 Burke Street","suburb":"Landsborough","pcode":"3384","grp_name":"Pyrenees","label":"Landsborough","site_oc_id":18941,"ESRI_OID":795}},{"type":"Feature","id":796,"geometry":{"type":"Point","coordinates":[143.520334202342,-37.3930135365813]},"properties":{"distrct_no":"16","distrct_label":"District 16","distrct_phone_no":"03 5352 9600","brig_name":"Langi Kal Kal","fs_name":"Langi Kal Kal","fs_type":"main","street":"762 Black Bottom Road","suburb":"Ercildoune","pcode":"3352","grp_name":"Beaufort","label":"Langi Kal Kal","site_oc_id":18942,"ESRI_OID":796}},{"type":"Feature","id":797,"geometry":{"type":"Point","coordinates":[143.513135542281,-37.2759405666432]},"properties":{"distrct_no":"16","distrct_label":"District 16","distrct_phone_no":"03 5352 9600","brig_name":"Lexton","fs_name":"Lexton","fs_type":"main","street":"Williamson Street","suburb":"Lexton","pcode":"3352","grp_name":"Pyrenees","label":"Lexton","site_oc_id":18943,"ESRI_OID":797}},{"type":"Feature","id":798,"geometry":{"type":"Point","coordinates":[142.859800592587,-37.440067926354]},"properties":{"distrct_no":"16","distrct_label":"District 16","distrct_phone_no":"03 5352 9600","brig_name":"Maroona","fs_name":"Maroona","fs_type":"main","street":"7348 Mortlake-Ararat Road","suburb":"Maroona","pcode":"3377","grp_name":"Westmere","label":"Maroona","site_oc_id":18944,"ESRI_OID":798}},{"type":"Feature","id":799,"geometry":{"type":"Point","coordinates":[142.960259902643,-37.6048193362956]},"properties":{"distrct_no":"16","distrct_label":"District 16","distrct_phone_no":"03 5352 9600","brig_name":"Mininera","fs_name":"Mininera","fs_type":"main","street":"786 Mininera East Road","suburb":"Mininera","pcode":"3351","grp_name":"Westmere","label":"Mininera","site_oc_id":18945,"ESRI_OID":799}},{"type":"Feature","id":800,"geometry":{"type":"Point","coordinates":[142.765541332544,-37.3043409163985]},"properties":{"distrct_no":"16","distrct_label":"District 16","distrct_phone_no":"03 5352 9600","brig_name":"Moyston","fs_name":"Moyston","fs_type":"main","street":"33 Campbells Reef Road","suburb":"Moyston","pcode":"3377","grp_name":"Ararat","label":"Moyston","site_oc_id":18946,"ESRI_OID":800}},{"type":"Feature","id":801,"geometry":{"type":"Point","coordinates":[143.111137682209,-36.8991858967252]},"properties":{"distrct_no":"16","distrct_label":"District 16","distrct_phone_no":"03 5352 9600","brig_name":"Navarre","fs_name":"Navarre","fs_type":"main","street":"20 Airey Street","suburb":"Navarre","pcode":"3384","grp_name":"Pyrenees","label":"Navarre","site_oc_id":18947,"ESRI_OID":801}},{"type":"Feature","id":802,"geometry":{"type":"Point","coordinates":[143.347210142383,-37.3639220565441]},"properties":{"distrct_no":"16","distrct_label":"District 16","distrct_phone_no":"03 5352 9600","brig_name":"Raglan","fs_name":"Raglan","fs_type":"main","street":"2 Windham Street","suburb":"Raglan","pcode":"3373","grp_name":"Beaufort","label":"Raglan","site_oc_id":18949,"ESRI_OID":802}},{"type":"Feature","id":803,"geometry":{"type":"Point","coordinates":[143.324401992159,-36.936458706771]},"properties":{"distrct_no":"16","distrct_label":"District 16","distrct_phone_no":"03 5352 9600","brig_name":"Redbank","fs_name":"Redbank","fs_type":"main","street":"77 Navarre Street","suburb":"Redbank","pcode":"3478","grp_name":"Pyrenees","label":"Redbank","site_oc_id":18950,"ESRI_OID":803}},{"type":"Feature","id":804,"geometry":{"type":"Point","coordinates":[143.359524182555,-37.6849628163732]},"properties":{"distrct_no":"16","distrct_label":"District 16","distrct_phone_no":"03 5352 9600","brig_name":"Skipton","fs_name":"Skipton","fs_type":"main","street":"54-56 Montgomery Street","suburb":"Skipton","pcode":"3361","grp_name":"Beaufort","label":"Skipton","site_oc_id":18951,"ESRI_OID":804}},{"type":"Feature","id":805,"geometry":{"type":"Point","coordinates":[142.782310542401,-37.0533785665394]},"properties":{"distrct_no":"16","distrct_label":"District 16","distrct_phone_no":"03 5352 9600","brig_name":"Stawell","fs_name":"Stawell","fs_type":"main","street":"3-7 Byrne Street","suburb":"Stawell","pcode":"3380","grp_name":"Stawell","label":"Stawell","site_oc_id":18953,"ESRI_OID":805}},{"type":"Feature","id":806,"geometry":{"type":"Point","coordinates":[143.219684322554,-37.5988887063775]},"properties":{"distrct_no":"16","distrct_label":"District 16","distrct_phone_no":"03 5352 9600","brig_name":"Stoneleigh","fs_name":"Stoneleigh","fs_type":"main","street":"1868 Beaufort-Carranballac Road","suburb":"Stoneleigh","pcode":"3373","grp_name":"Westmere","label":"Stoneleigh","site_oc_id":18957,"ESRI_OID":806}},{"type":"Feature","id":807,"geometry":{"type":"Point","coordinates":[143.06255209265,-37.6798167062861]},"properties":{"distrct_no":"16","distrct_label":"District 16","distrct_phone_no":"03 5352 9600","brig_name":"Streatham","fs_name":"Streatham","fs_type":"main","street":"27 Campbell Street","suburb":"Streatham","pcode":"3351","grp_name":"Westmere","label":"Streatham","site_oc_id":18958,"ESRI_OID":807}},{"type":"Feature","id":808,"geometry":{"type":"Point","coordinates":[142.944356002605,-37.5244569963342]},"properties":{"distrct_no":"16","distrct_label":"District 16","distrct_phone_no":"03 5352 9600","brig_name":"Tatyoon","fs_name":"Tatyoon","fs_type":"main","street":"2728 Tatyoon Road","suburb":"Tatyoon","pcode":"3378","grp_name":"Westmere","label":"Tatyoon","site_oc_id":18959,"ESRI_OID":808}},{"type":"Feature","id":809,"geometry":{"type":"Point","coordinates":[143.320899642189,-36.9886134367413]},"properties":{"distrct_no":"16","distrct_label":"District 16","distrct_phone_no":"03 5352 9600","brig_name":"Warrenmang & District","fs_name":"Warrenmang & District","fs_type":"main","street":"Brooke Street","suburb":"Moonambel","pcode":"3478","grp_name":"Pyrenees","label":"Warrenmang & District","site_oc_id":18962,"ESRI_OID":809}},{"type":"Feature","id":810,"geometry":{"type":"Point","coordinates":[142.966653572688,-37.689441606252]},"properties":{"distrct_no":"16","distrct_label":"District 16","distrct_phone_no":"03 5352 9600","brig_name":"Westmere","fs_name":"Westmere","fs_type":"main","street":"Glenelg Highway","suburb":"Westmere","pcode":"3351","grp_name":"Westmere","label":"Westmere","site_oc_id":18963,"ESRI_OID":810}},{"type":"Feature","id":811,"geometry":{"type":"Point","coordinates":[142.72271280277,-37.6905874361777]},"properties":{"distrct_no":"16","distrct_label":"District 16","distrct_phone_no":"03 5352 9600","brig_name":"Wickliffe","fs_name":"Wickliffe","fs_type":"main","street":"35 Walker Street","suburb":"Wickliffe","pcode":"3379","grp_name":"Westmere","label":"Wickliffe","site_oc_id":18964,"ESRI_OID":811}},{"type":"Feature","id":812,"geometry":{"type":"Point","coordinates":[142.741539872684,-37.5454815962613]},"properties":{"distrct_no":"16","distrct_label":"District 16","distrct_phone_no":"03 5352 9600","brig_name":"Willaura","fs_name":"Willaura","fs_type":"main","street":"86-88 Main Street","suburb":"Willaura","pcode":"3379","grp_name":"Westmere","label":"Willaura","site_oc_id":18965,"ESRI_OID":812}},{"type":"Feature","id":813,"geometry":{"type":"Point","coordinates":[143.069046022563,-37.5244259463721]},"properties":{"distrct_no":"16","distrct_label":"District 16","distrct_phone_no":"03 5352 9600","brig_name":"Yalla Y Poora","fs_name":"Yalla Y Poora","fs_type":"main","street":"3215 Mount William Road","suburb":"Tatyoon","pcode":"3378","grp_name":"Westmere","label":"Yalla Y Poora","site_oc_id":18968,"ESRI_OID":813}},{"type":"Feature","id":814,"geometry":{"type":"Point","coordinates":[142.603414152823,-37.7130993961298]},"properties":{"distrct_no":"16","distrct_label":"District 16","distrct_phone_no":"03 5352 9600","brig_name":"Narrapumelap South","fs_name":"Narrapumelap South","fs_type":"main","street":"458 Yarrack Road","suburb":"Narrapumelap South","pcode":"3293","grp_name":"Westmere","label":"Narrapumelap South","site_oc_id":18969,"ESRI_OID":814}},{"type":"Feature","id":815,"geometry":{"type":"Point","coordinates":[143.016805472711,-37.7616444862282]},"properties":{"distrct_no":"16","distrct_label":"District 16","distrct_phone_no":"03 5352 9600","brig_name":"Nerrin Nerrin","fs_name":"Nerrin Nerrin","fs_type":"main","street":"2442 Woorndoo-Streatham Road","suburb":"Nerrin Nerrin","pcode":"3351","grp_name":"Westmere","label":"Nerrin Nerrin","site_oc_id":18970,"ESRI_OID":815}},{"type":"Feature","id":816,"geometry":{"type":"Point","coordinates":[143.08292975272,-37.8182426062177]},"properties":{"distrct_no":"16","distrct_label":"District 16","distrct_phone_no":"03 5352 9600","brig_name":"Pura Pura","fs_name":"Pura Pura","fs_type":"main","street":"2164 Darlington-Carranballac Road","suburb":"Pura Pura","pcode":"3271","grp_name":"Westmere","label":"Pura Pura","site_oc_id":18971,"ESRI_OID":816}},{"type":"Feature","id":817,"geometry":{"type":"Point","coordinates":[142.645017912891,-37.8608206560633]},"properties":{"distrct_no":"16","distrct_label":"District 16","distrct_phone_no":"03 5352 9600","brig_name":"Chatsworth","fs_name":"Chatsworth","fs_type":"main","street":"1580 Caramut-Chatsworth Road","suburb":"Chatsworth","pcode":"3379","grp_name":"Westmere","label":"Chatsworth","site_oc_id":18972,"ESRI_OID":817}},{"type":"Feature","id":818,"geometry":{"type":"Point","coordinates":[142.798554052854,-37.8886267060945]},"properties":{"distrct_no":"16","distrct_label":"District 16","distrct_phone_no":"03 5352 9600","brig_name":"Woorndoo","fs_name":"Woorndoo","fs_type":"main","street":"3 Stanley Street","suburb":"Woorndoo","pcode":"3272","grp_name":"Westmere","label":"Woorndoo","site_oc_id":18974,"ESRI_OID":818}},{"type":"Feature","id":819,"geometry":{"type":"Point","coordinates":[143.182821622072,-36.6881589968632]},"properties":{"distrct_no":"16","distrct_label":"District 16","distrct_phone_no":"03 5352 9600","brig_name":"Beazley's Bridge","fs_name":"Beazley's Bridge","fs_type":"main","street":"19 Sandy Creek Road","suburb":"Beazleys Bridge","pcode":"3478","grp_name":"St Arnaud","label":"Beazley's Bridge","site_oc_id":19321,"ESRI_OID":819}},{"type":"Feature","id":820,"geometry":{"type":"Point","coordinates":[143.349273682008,-36.6702239969253]},"properties":{"distrct_no":"16","distrct_label":"District 16","distrct_phone_no":"03 5352 9600","brig_name":"Carapooee","fs_name":"Carapooee","fs_type":"main","street":"428 Kooreh Road","suburb":"Carapooee","pcode":"3477","grp_name":"St Arnaud","label":"Carapooee","site_oc_id":19323,"ESRI_OID":820}},{"type":"Feature","id":821,"geometry":{"type":"Point","coordinates":[143.404357451971,-36.6338539769626]},"properties":{"distrct_no":"16","distrct_label":"District 16","distrct_phone_no":"03 5352 9600","brig_name":"Kooreh","fs_name":"Kooreh","fs_type":"main","street":"72 Proctor Road","suburb":"Kooreh","pcode":"3477","grp_name":"St Arnaud","label":"Kooreh","site_oc_id":19333,"ESRI_OID":821}},{"type":"Feature","id":822,"geometry":{"type":"Point","coordinates":[143.256609102008,-36.6134702969275]},"properties":{"distrct_no":"16","distrct_label":"District 16","distrct_phone_no":"03 5352 9600","brig_name":"St Arnaud","fs_name":"St Arnaud","fs_type":"main","street":"8-12 Alma Street","suburb":"St Arnaud","pcode":"3478","grp_name":"St Arnaud","label":"St Arnaud","site_oc_id":19337,"ESRI_OID":822}},{"type":"Feature","id":823,"geometry":{"type":"Point","coordinates":[143.52755339239,-37.4853777965331]},"properties":{"distrct_no":"16","distrct_label":"District 16","distrct_phone_no":"03 5352 9600","brig_name":"Brewster","fs_name":"Brewster","fs_type":"main","street":"358 Kayleys Lane","suburb":"Brewster","pcode":"3352","grp_name":"Beaufort","label":"Brewster","site_oc_id":19466,"ESRI_OID":823}},{"type":"Feature","id":824,"geometry":{"type":"Point","coordinates":[143.2875270021,-36.8043869968321]},"properties":{"distrct_no":"16","distrct_label":"District 16","distrct_phone_no":"03 5352 9600","brig_name":"Stuart Mill","fs_name":"Stuart Mill","fs_type":"main","street":"1126 Stuart Mill Low Road","suburb":"Stuart Mill","pcode":"3477","grp_name":"St Arnaud","label":"Stuart Mill","site_oc_id":19719,"ESRI_OID":824}},{"type":"Feature","id":825,"geometry":{"type":"Point","coordinates":[143.399833002268,-37.1827279966594]},"properties":{"distrct_no":"16","distrct_label":"District 16","distrct_phone_no":"03 5352 9600","brig_name":"Amphitheatre","fs_name":"Amphitheatre","fs_type":"main","street":"73 Bailey Street","suburb":"Amphitheatre","pcode":"3468","grp_name":"Pyrenees","label":"Amphitheatre","site_oc_id":19727,"ESRI_OID":825}},{"type":"Feature","id":826,"geometry":{"type":"Point","coordinates":[142.518862002535,-37.1367049964133]},"properties":{"distrct_no":"16","distrct_label":"District 16","distrct_phone_no":"03 5352 9600","brig_name":"Halls Gap","fs_name":"Halls Gap","fs_type":"main","street":"78 Grampians Road","suburb":"Halls Gap","pcode":"3381","grp_name":"Stawell","label":"Halls Gap","site_oc_id":19796,"ESRI_OID":826}},{"type":"Feature","id":827,"geometry":{"type":"Point","coordinates":[143.600528002233,-37.2410069966893]},"properties":{"distrct_no":"16","distrct_label":"District 16","distrct_phone_no":"03 5352 9600","brig_name":"Burnbank","fs_name":"Burnbank","fs_type":"main","street":"243 Browns Road","suburb":"Burnbank","pcode":"3371","grp_name":"Pyrenees","label":"Burnbank","site_oc_id":19806,"ESRI_OID":827}},{"type":"Feature","id":828,"geometry":{"type":"Point","coordinates":[143.585241002442,-37.61470699648]},"properties":{"distrct_no":"16","distrct_label":"District 16","distrct_phone_no":"03 5352 9600","brig_name":"Snake Valley & District","fs_name":"Snake Valley & District","fs_type":"main","street":"848 Linton-Carngham Road","suburb":"Snake Valley","pcode":"3351","grp_name":"Beaufort","label":"Snake Valley & District","site_oc_id":19902,"ESRI_OID":828}},{"type":"Feature","id":829,"geometry":{"type":"Point","coordinates":[142.870484002166,-36.6713619967747]},"properties":{"distrct_no":"16","distrct_label":"District 16","distrct_phone_no":"03 5352 9600","brig_name":"Marnoo","fs_name":"Marnoo","fs_type":"main","street":"5 Park Road","suburb":"Marnoo","pcode":"3387","grp_name":"Stawell","label":"Marnoo","site_oc_id":19914,"ESRI_OID":829}},{"type":"Feature","id":830,"geometry":{"type":"Point","coordinates":[142.785865002273,-36.8181739966683]},"properties":{"distrct_no":"16","distrct_label":"District 16","distrct_phone_no":"03 5352 9600","brig_name":"Callawadda","fs_name":"Callawadda","fs_type":"main","street":"6045 Donald-Stawell Road","suburb":"Callawadda","pcode":"3387","grp_name":"Stawell","label":"Callawadda","site_oc_id":19915,"ESRI_OID":830}},{"type":"Feature","id":831,"geometry":{"type":"Point","coordinates":[142.937174002524,-37.3730409964138]},"properties":{"distrct_no":"16","distrct_label":"District 16","distrct_phone_no":"03 5352 9600","brig_name":"Langi Logan","fs_name":"Langi Logan","fs_type":"main","street":"424 Langi Logan Road","suburb":"Langi Logan","pcode":"3377","grp_name":"Ararat","label":"Langi Logan","site_oc_id":19917,"ESRI_OID":831}},{"type":"Feature","id":832,"geometry":{"type":"Point","coordinates":[143.301499001955,-36.5411449969814]},"properties":{"distrct_no":"16","distrct_label":"District 16","distrct_phone_no":"03 5352 9600","brig_name":"Slaty Creek","fs_name":"Slaty Creek","fs_type":"main","street":"3232 Charlton-St Arnaud Road","suburb":"Slaty Creek","pcode":"3477","grp_name":"St Arnaud","label":"Slaty Creek","site_oc_id":19945,"ESRI_OID":832}},{"type":"Feature","id":833,"geometry":{"type":"Point","coordinates":[143.318810001914,-36.4746339970236]},"properties":{"distrct_no":"16","distrct_label":"District 16","distrct_phone_no":"03 5352 9600","brig_name":"Coonooer Bridge","fs_name":"Coonooer Bridge","fs_type":"main","street":"32 Hall Lane","suburb":"Coonooer Bridge","pcode":"3477","grp_name":"St Arnaud","label":"Coonooer Bridge","site_oc_id":20025,"ESRI_OID":833}},{"type":"Feature","id":834,"geometry":{"type":"Point","coordinates":[143.2011200022,-36.9362539967329]},"properties":{"distrct_no":"16","distrct_label":"District 16","distrct_phone_no":"03 5352 9600","brig_name":"Barkly & Frenchman's","fs_name":"Barkly & Frenchman's","fs_type":"main","street":"120 Barkly-Navarre Road","suburb":"Barkly","pcode":"3384","grp_name":"Pyrenees","label":"Barkly & Frenchman's","site_oc_id":20053,"ESRI_OID":834}},{"type":"Feature","id":835,"geometry":{"type":"Point","coordinates":[142.522944002419,-36.926595996528]},"properties":{"distrct_no":"16","distrct_label":"District 16","distrct_phone_no":"03 5352 9600","brig_name":"Dadswells Bridge","fs_name":"Dadswells Bridge","fs_type":"main","street":"28 Jackmans Road","suburb":"Dadswells Bridge","pcode":"3385","grp_name":"Stawell","label":"Dadswells Bridge","site_oc_id":20054,"ESRI_OID":835}},{"type":"Feature","id":836,"geometry":{"type":"Point","coordinates":[142.931106002207,-36.7853269967314]},"properties":{"distrct_no":"16","distrct_label":"District 16","distrct_phone_no":"03 5352 9600","brig_name":"Wallaloo East","fs_name":"Wallaloo East","fs_type":"main","street":"1801 Wallaloo East Road","suburb":"Wallaloo East","pcode":"3387","grp_name":"Stawell","label":"Wallaloo East","site_oc_id":20071,"ESRI_OID":836}},{"type":"Feature","id":837,"geometry":{"type":"Point","coordinates":[143.199334001948,-36.4665579969904]},"properties":{"distrct_no":"16","distrct_label":"District 16","distrct_phone_no":"03 5352 9600","brig_name":"Gooroc","fs_name":"Gooroc","fs_type":"main","street":"22 Church Road","suburb":"Gooroc","pcode":"3477","grp_name":"St Arnaud","label":"Gooroc","site_oc_id":20075,"ESRI_OID":837}},{"type":"Feature","id":838,"geometry":{"type":"Point","coordinates":[142.992639002074,-36.5755099968654]},"properties":{"distrct_no":"16","distrct_label":"District 16","distrct_phone_no":"03 5352 9600","brig_name":"Traynor's Lagoon","fs_name":"Traynor's Lagoon","fs_type":"main","street":"669 Traynors Lagoon Road","suburb":"Traynors Lagoon","pcode":"3477","grp_name":"St Arnaud","label":"Traynor's Lagoon","site_oc_id":20081,"ESRI_OID":838}},{"type":"Feature","id":839,"geometry":{"type":"Point","coordinates":[142.608522002536,-37.1943039964098]},"properties":{"distrct_no":"16","distrct_label":"District 16","distrct_phone_no":"03 5352 9600","brig_name":"Pomonal","fs_name":"Pomonal","fs_type":"main","street":"3369 Ararat-Halls Gap Road","suburb":"Pomonal","pcode":"3381","grp_name":"Ararat","label":"Pomonal","site_oc_id":20098,"ESRI_OID":839}},{"type":"Feature","id":840,"geometry":{"type":"Point","coordinates":[143.150063002396,-37.268018996536]},"properties":{"distrct_no":"16","distrct_label":"District 16","distrct_phone_no":"03 5352 9600","brig_name":"Warrak","fs_name":"Warrak","fs_type":"main","street":"1072 Buangor-Ben Nevis Road","suburb":"Warrak","pcode":"3377","grp_name":"Ararat","label":"Warrak","site_oc_id":20106,"ESRI_OID":840}},{"type":"Feature","id":841,"geometry":{"type":"Point","coordinates":[143.022835002104,-36.6487859968347]},"properties":{"distrct_no":"16","distrct_label":"District 16","distrct_phone_no":"03 5352 9600","brig_name":"Gre Gre Village","fs_name":"Gre Gre Village","fs_type":"main","street":"82 Knights Road","suburb":"Gre Gre South","pcode":"3477","grp_name":"St Arnaud","label":"Gre Gre Village","site_oc_id":20109,"ESRI_OID":841}},{"type":"Feature","id":842,"geometry":{"type":"Point","coordinates":[143.476738002188,-37.0814369967387]},"properties":{"distrct_no":"16","distrct_label":"District 16","distrct_phone_no":"03 5352 9600","brig_name":"Avoca","fs_name":"Avoca","fs_type":"main","street":"2 Station Street","suburb":"Avoca","pcode":"3467","grp_name":"Pyrenees","label":"Avoca","site_oc_id":20176,"ESRI_OID":842}},{"type":"Feature","id":843,"geometry":{"type":"Point","coordinates":[142.939734002471,-37.278175996466]},"properties":{"distrct_no":"16","distrct_label":"District 16","distrct_phone_no":"03 5352 9600","brig_name":"District 16 Headquarters","fs_name":"District 16 Headquarters RFB","fs_type":"main","street":"31-33 Baird Street","suburb":"Ararat","pcode":"3377","grp_name":null,"label":"District 16 Headquarters RFB","site_oc_id":20187,"ESRI_OID":843}},{"type":"Feature","id":844,"geometry":{"type":"Point","coordinates":[142.976498002796,-37.891979996146]},"properties":{"distrct_no":"16","distrct_label":"District 16","distrct_phone_no":"03 5352 9600","brig_name":"Dundonnell","fs_name":"Dundonnell","fs_type":"main","street":"1297 Darlington-Nerrin Road","suburb":"Dundonnell","pcode":"3271","grp_name":"Westmere","label":"Dundonnell","site_oc_id":20464,"ESRI_OID":844}},{"type":"Feature","id":845,"geometry":{"type":"Point","coordinates":[143.391218002405,-37.4294769965219]},"properties":{"distrct_no":"16","distrct_label":"District 16","distrct_phone_no":"03 5352 9600","brig_name":"Beaufort","fs_name":"Beaufort","fs_type":"main","street":"29 High Street","suburb":"Beaufort","pcode":"3373","grp_name":"Beaufort","label":"Beaufort","site_oc_id":20479,"ESRI_OID":845}},{"type":"Feature","id":846,"geometry":{"type":"Point","coordinates":[141.083153992931,-36.9675959760638]},"properties":{"distrct_no":"17","distrct_label":"District 17","distrct_phone_no":"03 5362 1700","brig_name":"Apsley","fs_name":"Apsley","fs_type":"main","street":"11 Splatt Street","suburb":"Apsley","pcode":"3319","grp_name":"Apsley","label":"Apsley","site_oc_id":18817,"ESRI_OID":846}},{"type":"Feature","id":847,"geometry":{"type":"Point","coordinates":[142.632237692027,-36.2661242469214]},"properties":{"distrct_no":"17","distrct_label":"District 17","distrct_phone_no":"03 5362 1700","brig_name":"Areegra","fs_name":"Areegra","fs_type":"main","street":"1898 Rupanyup Road","suburb":"Areegra","pcode":"3480","grp_name":"Warracknabeal","label":"Areegra","site_oc_id":18819,"ESRI_OID":847}},{"type":"Feature","id":848,"geometry":{"type":"Point","coordinates":[142.568358002012,-36.1979479969385]},"properties":{"distrct_no":"17","distrct_label":"District 17","distrct_phone_no":"03 5362 1700","brig_name":"Bangerang","fs_name":"Bangerang","fs_type":"main","street":"1524 Bangerang Road","suburb":"Bangerang","pcode":"3393","grp_name":"Warracknabeal","label":"Bangerang","site_oc_id":18820,"ESRI_OID":848}},{"type":"Feature","id":849,"geometry":{"type":"Point","coordinates":[142.666217932056,-36.3410345268911]},"properties":{"distrct_no":"17","distrct_label":"District 17","distrct_phone_no":"03 5362 1700","brig_name":"Boolite","fs_name":"Boolite","fs_type":"main","street":"4 Boolite-Hall Road","suburb":"Boolite","pcode":"3392","grp_name":"Warracknabeal","label":"Boolite","site_oc_id":18821,"ESRI_OID":849}},{"type":"Feature","id":850,"geometry":{"type":"Point","coordinates":[142.214530952582,-37.0351941863745]},"properties":{"distrct_no":"17","distrct_label":"District 17","distrct_phone_no":"03 5362 1700","brig_name":"Brimpaen","fs_name":"Brimpaen","fs_type":"main","street":"167 Brimpaen-Laharum Road","suburb":"Brimpaen","pcode":"3401","grp_name":"Grampians","label":"Brimpaen","site_oc_id":18822,"ESRI_OID":850}},{"type":"Feature","id":851,"geometry":{"type":"Point","coordinates":[141.160113622924,-37.0027558260689]},"properties":{"distrct_no":"17","distrct_label":"District 17","distrct_phone_no":"03 5362 1700","brig_name":"Bringalbert South","fs_name":"Bringalbert South","fs_type":"main","street":"1342 Wimmera Highway","suburb":"Apsley","pcode":"3319","grp_name":"Apsley","label":"Bringalbert South","site_oc_id":18824,"ESRI_OID":851}},{"type":"Feature","id":852,"geometry":{"type":"Point","coordinates":[141.351886112403,-36.1673099665712]},"properties":{"distrct_no":"17","distrct_label":"District 17","distrct_phone_no":"03 5362 1700","brig_name":"Broughton","fs_name":"Broughton","fs_type":"main","street":"851 Broughton Road","suburb":"Broughton","pcode":"3418","grp_name":"Lowan","label":"Broughton","site_oc_id":18825,"ESRI_OID":852}},{"type":"Feature","id":853,"geometry":{"type":"Point","coordinates":[142.219661752177,-36.2908387167777]},"properties":{"distrct_no":"17","distrct_label":"District 17","distrct_phone_no":"03 5362 1700","brig_name":"Cannum","fs_name":"Cannum","fs_type":"main","street":"4540 Blue Ribbon Road","suburb":"Cannum","pcode":"3393","grp_name":"Warracknabeal","label":"Cannum","site_oc_id":18826,"ESRI_OID":853}},{"type":"Feature","id":854,"geometry":{"type":"Point","coordinates":[141.491908762804,-36.9923821761756]},"properties":{"distrct_no":"17","distrct_label":"District 17","distrct_phone_no":"03 5362 1700","brig_name":"Charam","fs_name":"Charam","fs_type":"main","street":"1098 Charam-Wombelano Road","suburb":"Charam","pcode":"3318","grp_name":"Edenhope","label":"Charam","site_oc_id":18827,"ESRI_OID":854}},{"type":"Feature","id":855,"geometry":{"type":"Point","coordinates":[141.860645242644,-36.929957806322]},"properties":{"distrct_no":"17","distrct_label":"District 17","distrct_phone_no":"03 5362 1700","brig_name":"Clear Lake","fs_name":"Clear Lake","fs_type":"main","street":"4014 Harrow-Clear Lake Road","suburb":"Clear Lake","pcode":"3409","grp_name":"Jilpanger","label":"Clear Lake","site_oc_id":18828,"ESRI_OID":855}},{"type":"Feature","id":856,"geometry":{"type":"Point","coordinates":[141.461724042929,-37.2009923760563]},"properties":{"distrct_no":"17","distrct_label":"District 17","distrct_phone_no":"03 5362 1700","brig_name":"Connewirricoo","fs_name":"Connewirricoo","fs_type":"main","street":"951 Kadnook-Connewirricoo Road","suburb":"Connewirricoo","pcode":"3318","grp_name":"Jilpanger","label":"Connewirricoo","site_oc_id":18829,"ESRI_OID":856}},{"type":"Feature","id":857,"geometry":{"type":"Point","coordinates":[142.509176002221,-36.551450996727]},"properties":{"distrct_no":"17","distrct_label":"District 17","distrct_phone_no":"03 5362 1700","brig_name":"Coromby","fs_name":"Coromby","fs_type":"main","street":"2884 Banyena-Pimpinio Road","suburb":"Murtoa","pcode":"3390","grp_name":"Dunmunkle","label":"Coromby","site_oc_id":18830,"ESRI_OID":857}},{"type":"Feature","id":858,"geometry":{"type":"Point","coordinates":[142.259669642083,-36.1403070368722]},"properties":{"distrct_no":"17","distrct_label":"District 17","distrct_phone_no":"03 5362 1700","brig_name":"Crymelon","fs_name":"Crymelon","fs_type":"main","street":"1992 Rainbow Road","suburb":"Crymelon","pcode":"3393","grp_name":"Warracknabeal","label":"Crymelon","site_oc_id":18831,"ESRI_OID":858}},{"type":"Feature","id":859,"geometry":{"type":"Point","coordinates":[141.861223222211,-36.1301811667516]},"properties":{"distrct_no":"17","distrct_label":"District 17","distrct_phone_no":"03 5362 1700","brig_name":"Detpa & Lake Hindmarsh","fs_name":"Detpa & Lake Hindmarsh","fs_type":"main","street":"28 Fireshed Road","suburb":"Jeparit","pcode":"3423","grp_name":"Ebenezer","label":"Detpa & Lake Hindmarsh","site_oc_id":18832,"ESRI_OID":859}},{"type":"Feature","id":860,"geometry":{"type":"Point","coordinates":[141.45744852245,-36.3214788865219]},"properties":{"distrct_no":"17","distrct_label":"District 17","distrct_phone_no":"03 5362 1700","brig_name":"Diapur","fs_name":"Diapur","fs_type":"main","street":"1283 Nhill-Diapur Road","suburb":"Nhill","pcode":"3418","grp_name":"Lowan","label":"Diapur","site_oc_id":18833,"ESRI_OID":860}},{"type":"Feature","id":861,"geometry":{"type":"Point","coordinates":[141.074271942573,-36.3059350964103]},"properties":{"distrct_no":"17","distrct_label":"District 17","distrct_phone_no":"03 5362 1700","brig_name":"Dinyarrak","fs_name":"Dinyarrak","fs_type":"main","street":"765 Dinyarrak Road","suburb":"Lillimur","pcode":"3420","grp_name":"Kaniva","label":"Dinyarrak","site_oc_id":18836,"ESRI_OID":861}},{"type":"Feature","id":862,"geometry":{"type":"Point","coordinates":[142.256805502362,-36.657091276591]},"properties":{"distrct_no":"17","distrct_label":"District 17","distrct_phone_no":"03 5362 1700","brig_name":"Dooen","fs_name":"Dooen","fs_type":"main","street":"835 Henty Highway","suburb":"Dooen","pcode":"3401","grp_name":"Horsham","label":"Dooen","site_oc_id":18837,"ESRI_OID":862}},{"type":"Feature","id":863,"geometry":{"type":"Point","coordinates":[141.729368382746,-37.0339504162263]},"properties":{"distrct_no":"17","distrct_label":"District 17","distrct_phone_no":"03 5362 1700","brig_name":"Douglas","fs_name":"Douglas","fs_type":"main","street":"2060 Harrow-Clear Lake Road","suburb":"Douglas","pcode":"3401","grp_name":"Jilpanger","label":"Douglas","site_oc_id":18838,"ESRI_OID":863}},{"type":"Feature","id":864,"geometry":{"type":"Point","coordinates":[141.885656212333,-36.3718235766289]},"properties":{"distrct_no":"17","distrct_label":"District 17","distrct_phone_no":"03 5362 1700","brig_name":"Gerang","fs_name":"Gerang","fs_type":"main","street":"12 Albrecht Road","suburb":"Gerang Gerung","pcode":"3418","grp_name":"Ebenezer","label":"Gerang","site_oc_id":18842,"ESRI_OID":864}},{"type":"Feature","id":865,"geometry":{"type":"Point","coordinates":[141.47584570266,-36.7200122863151]},"properties":{"distrct_no":"17","distrct_label":"District 17","distrct_phone_no":"03 5362 1700","brig_name":"Goroke","fs_name":"Goroke","fs_type":"main","street":"9 Station Street","suburb":"Goroke","pcode":"3412","grp_name":"Goroke","label":"Goroke","site_oc_id":18843,"ESRI_OID":865}},{"type":"Feature","id":866,"geometry":{"type":"Point","coordinates":[142.303186782418,-36.789391836534]},"properties":{"distrct_no":"17","distrct_label":"District 17","distrct_phone_no":"03 5362 1700","brig_name":"Green Lake","fs_name":"Green Lake","fs_type":"main","street":"4 Taylors Road","suburb":"Bungalally","pcode":"3401","grp_name":"Grampians","label":"Green Lake","site_oc_id":18845,"ESRI_OID":866}},{"type":"Feature","id":867,"geometry":{"type":"Point","coordinates":[141.591834442628,-36.7327202063442]},"properties":{"distrct_no":"17","distrct_label":"District 17","distrct_phone_no":"03 5362 1700","brig_name":"Gymbowen","fs_name":"Gymbowen","fs_type":"main","street":"14 Hennessys Road","suburb":"Gymbowen","pcode":"3401","grp_name":"Goroke","label":"Gymbowen","site_oc_id":18846,"ESRI_OID":867}},{"type":"Feature","id":868,"geometry":{"type":"Point","coordinates":[141.592822002864,-37.1649606761152]},"properties":{"distrct_no":"17","distrct_label":"District 17","distrct_phone_no":"03 5362 1700","brig_name":"Harrow","fs_name":"Harrow","fs_type":"main","street":"20-22 Blair Street","suburb":"Harrow","pcode":"3317","grp_name":"Jilpanger","label":"Harrow","site_oc_id":18847,"ESRI_OID":868}},{"type":"Feature","id":869,"geometry":{"type":"Point","coordinates":[142.204067182413,-36.7182225165417]},"properties":{"distrct_no":"17","distrct_label":"District 17","distrct_phone_no":"03 5362 1700","brig_name":"Horsham","fs_name":"Horsham","fs_type":"main","street":"35-39 Hamilton Street","suburb":"Horsham","pcode":"3400","grp_name":"Horsham","label":"Horsham","site_oc_id":18850,"ESRI_OID":869}},{"type":"Feature","id":870,"geometry":{"type":"Point","coordinates":[141.987671822174,-36.140489966786]},"properties":{"distrct_no":"17","distrct_label":"District 17","distrct_phone_no":"03 5362 1700","brig_name":"Jeparit","fs_name":"Jeparit","fs_type":"main","street":"77 Broadway","suburb":"Jeparit","pcode":"3423","grp_name":"Ebenezer","label":"Jeparit","site_oc_id":18853,"ESRI_OID":870}},{"type":"Feature","id":871,"geometry":{"type":"Point","coordinates":[142.359481002301,-36.6076489966498]},"properties":{"distrct_no":"17","distrct_label":"District 17","distrct_phone_no":"03 5362 1700","brig_name":"Jung","fs_name":"Jung","fs_type":"main","street":"4 Main Street","suburb":"Jung","pcode":"3401","grp_name":"Horsham","label":"Jung","site_oc_id":18854,"ESRI_OID":871}},{"type":"Feature","id":872,"geometry":{"type":"Point","coordinates":[141.385553742924,-37.1437639360633]},"properties":{"distrct_no":"17","distrct_label":"District 17","distrct_phone_no":"03 5362 1700","brig_name":"Kadnook","fs_name":"Kadnook","fs_type":"main","street":"5321 Casterton Road","suburb":"Kadnook","pcode":"3318","grp_name":"Edenhope","label":"Kadnook","site_oc_id":18855,"ESRI_OID":872}},{"type":"Feature","id":873,"geometry":{"type":"Point","coordinates":[141.240961082554,-36.3776035464243]},"properties":{"distrct_no":"17","distrct_label":"District 17","distrct_phone_no":"03 5362 1700","brig_name":"Kaniva","fs_name":"Kaniva","fs_type":"main","street":"31 Progress Street","suburb":"Kaniva","pcode":"3419","grp_name":"Kaniva","label":"Kaniva","site_oc_id":18856,"ESRI_OID":873}},{"type":"Feature","id":874,"geometry":{"type":"Point","coordinates":[142.173948361989,-35.91079528697]},"properties":{"distrct_no":"17","distrct_label":"District 17","distrct_phone_no":"03 5362 1700","brig_name":"Kenmare","fs_name":"Kenmare","fs_type":"main","street":"6257 Birchip-Rainbow Road","suburb":"Kenmare","pcode":"3395","grp_name":"Rainbow","label":"Kenmare","site_oc_id":18862,"ESRI_OID":874}},{"type":"Feature","id":875,"geometry":{"type":"Point","coordinates":[142.420178492023,-36.1278853169298]},"properties":{"distrct_no":"17","distrct_label":"District 17","distrct_phone_no":"03 5362 1700","brig_name":"Lah","fs_name":"Lah","fs_type":"main","street":"1425 Henty Highway","suburb":"Lah","pcode":"3393","grp_name":"Warracknabeal","label":"Lah","site_oc_id":18863,"ESRI_OID":875}},{"type":"Feature","id":876,"geometry":{"type":"Point","coordinates":[142.324428952515,-36.979882406438]},"properties":{"distrct_no":"17","distrct_label":"District 17","distrct_phone_no":"03 5362 1700","brig_name":"Laharum","fs_name":"Laharum","fs_type":"main","street":"1960 Northern Grampians Road","suburb":"Laharum","pcode":"3401","grp_name":"Grampians","label":"Laharum","site_oc_id":18864,"ESRI_OID":876}},{"type":"Feature","id":877,"geometry":{"type":"Point","coordinates":[141.03580696302,-37.0987468059807]},"properties":{"distrct_no":"17","distrct_label":"District 17","distrct_phone_no":"03 5362 1700","brig_name":"Langkoop","fs_name":"Langkoop","fs_type":"main","street":"7037 Casterton-Apsley Road","suburb":"Langkoop","pcode":"3318","grp_name":"Apsley","label":"Langkoop","site_oc_id":18865,"ESRI_OID":877}},{"type":"Feature","id":878,"geometry":{"type":"Point","coordinates":[140.989083502641,-36.3780045163456]},"properties":{"distrct_no":"17","distrct_label":"District 17","distrct_phone_no":"03 5362 1700","brig_name":"Leeor","fs_name":"Leeor","fs_type":"main","street":"Kent Street","suburb":"Serviceton","pcode":"3420","grp_name":"Kaniva","label":"Leeor","site_oc_id":18867,"ESRI_OID":878}},{"type":"Feature","id":879,"geometry":{"type":"Point","coordinates":[141.759200002257,-36.1518299967077]},"properties":{"distrct_no":"17","distrct_label":"District 17","distrct_phone_no":"03 5362 1700","brig_name":"Lorquon","fs_name":"Lorquon","fs_type":"main","street":"124 Affleck Street","suburb":"Lorquon","pcode":"3418","grp_name":"Lowan","label":"Lorquon","site_oc_id":18868,"ESRI_OID":879}},{"type":"Feature","id":880,"geometry":{"type":"Point","coordinates":[142.549353002313,-36.7467009966336]},"properties":{"distrct_no":"17","distrct_label":"District 17","distrct_phone_no":"03 5362 1700","brig_name":"Lubeck","fs_name":"Lubeck","fs_type":"main","street":"3555 Horsham-Lubeck Road","suburb":"Lubeck","pcode":"3385","grp_name":"Dunmunkle","label":"Lubeck","site_oc_id":18869,"ESRI_OID":880}},{"type":"Feature","id":881,"geometry":{"type":"Point","coordinates":[141.625838522739,-36.9566709462356]},"properties":{"distrct_no":"17","distrct_label":"District 17","distrct_phone_no":"03 5362 1700","brig_name":"Miga Lake","fs_name":"Miga Lake","fs_type":"main","street":"7422 Nhill-Harrow Road","suburb":"Wombelano","pcode":"3409","grp_name":"Jilpanger","label":"Miga Lake","site_oc_id":18870,"ESRI_OID":881}},{"type":"Feature","id":882,"geometry":{"type":"Point","coordinates":[141.178587232759,-36.713314766227]},"properties":{"distrct_no":"17","distrct_label":"District 17","distrct_phone_no":"03 5362 1700","brig_name":"Minimay","fs_name":"Minimay","fs_type":"main","street":"577 Minimay-Frances Road","suburb":"Minimay","pcode":"3413","grp_name":"Goroke","label":"Minimay","site_oc_id":18871,"ESRI_OID":882}},{"type":"Feature","id":883,"geometry":{"type":"Point","coordinates":[142.588589812145,-36.4600663568017]},"properties":{"distrct_no":"17","distrct_label":"District 17","distrct_phone_no":"03 5362 1700","brig_name":"Minyip","fs_name":"Minyip","fs_type":"main","street":"20 Wimmera Street","suburb":"Minyip","pcode":"3392","grp_name":"Dunmunkle","label":"Minyip","site_oc_id":18872,"ESRI_OID":883}},{"type":"Feature","id":884,"geometry":{"type":"Point","coordinates":[142.469642352271,-36.6198482666776]},"properties":{"distrct_no":"17","distrct_label":"District 17","distrct_phone_no":"03 5362 1700","brig_name":"Murtoa","fs_name":"Murtoa","fs_type":"main","street":"33 Cromie Street","suburb":"Murtoa","pcode":"3390","grp_name":"Dunmunkle","label":"Murtoa","site_oc_id":18873,"ESRI_OID":884}},{"type":"Feature","id":885,"geometry":{"type":"Point","coordinates":[141.939100932516,-36.743295426446]},"properties":{"distrct_no":"17","distrct_label":"District 17","distrct_phone_no":"03 5362 1700","brig_name":"Natimuk","fs_name":"Natimuk","fs_type":"main","street":"111 Main Street","suburb":"Natimuk","pcode":"3409","grp_name":"Natimuk","label":"Natimuk","site_oc_id":18874,"ESRI_OID":885}},{"type":"Feature","id":886,"geometry":{"type":"Point","coordinates":[141.65238462227,-36.1084339566974]},"properties":{"distrct_no":"17","distrct_label":"District 17","distrct_phone_no":"03 5362 1700","brig_name":"Netherby","fs_name":"Netherby","fs_type":"main","street":"4 William Street","suburb":"Netherby","pcode":"3418","grp_name":"Lowan","label":"Netherby","site_oc_id":18876,"ESRI_OID":886}},{"type":"Feature","id":887,"geometry":{"type":"Point","coordinates":[141.070317002811,-36.7407939961792]},"properties":{"distrct_no":"17","distrct_label":"District 17","distrct_phone_no":"03 5362 1700","brig_name":"Neuarpurr","fs_name":"Neuarpurr","fs_type":"main","street":"26 W Burns Road","suburb":"Neuarpurr","pcode":"3413","grp_name":"Goroke","label":"Neuarpurr","site_oc_id":18877,"ESRI_OID":887}},{"type":"Feature","id":888,"geometry":{"type":"Point","coordinates":[141.649768142391,-36.3325055865762]},"properties":{"distrct_no":"17","distrct_label":"District 17","distrct_phone_no":"03 5362 1700","brig_name":"Nhill","fs_name":"Nhill","fs_type":"main","street":"104 Nelson Street","suburb":"Nhill","pcode":"3418","grp_name":"Lowan","label":"Nhill","site_oc_id":18878,"ESRI_OID":888}},{"type":"Feature","id":889,"geometry":{"type":"Point","coordinates":[141.965901852558,-36.8375159264038]},"properties":{"distrct_no":"17","distrct_label":"District 17","distrct_phone_no":"03 5362 1700","brig_name":"Noradjuha","fs_name":"Noradjuha","fs_type":"main","street":"1851 Horsham Noradjuha Road","suburb":"Noradjuha","pcode":"3401","grp_name":"Natimuk","label":"Noradjuha","site_oc_id":18881,"ESRI_OID":889}},{"type":"Feature","id":890,"geometry":{"type":"Point","coordinates":[141.342008132757,-36.8131133262246]},"properties":{"distrct_no":"17","distrct_label":"District 17","distrct_phone_no":"03 5362 1700","brig_name":"Ozenkadnook","fs_name":"Ozenkadnook","fs_type":"main","street":"841 Ozenkadnook-Mortat Road","suburb":"Ozenkadnook","pcode":"3412","grp_name":"Goroke","label":"Ozenkadnook","site_oc_id":18883,"ESRI_OID":890}},{"type":"Feature","id":891,"geometry":{"type":"Point","coordinates":[141.300720882832,-36.9243839161531]},"properties":{"distrct_no":"17","distrct_label":"District 17","distrct_phone_no":"03 5362 1700","brig_name":"Patyah","fs_name":"Patyah","fs_type":"main","street":"7 Ian Forsters Road","suburb":"Patyah","pcode":"3318","grp_name":"Edenhope","label":"Patyah","site_oc_id":18884,"ESRI_OID":891}},{"type":"Feature","id":892,"geometry":{"type":"Point","coordinates":[141.345786132709,-36.7278133962709]},"properties":{"distrct_no":"17","distrct_label":"District 17","distrct_phone_no":"03 5362 1700","brig_name":"Peronne","fs_name":"Peronne","fs_type":"main","street":"3 Diggers Lane","suburb":"Peronne","pcode":"3412","grp_name":"Goroke","label":"Peronne","site_oc_id":18885,"ESRI_OID":892}},{"type":"Feature","id":893,"geometry":{"type":"Point","coordinates":[141.818861502087,-35.8725090168776]},"properties":{"distrct_no":"17","distrct_label":"District 17","distrct_phone_no":"03 5362 1700","brig_name":"Pigick","fs_name":"Pigick","fs_type":"main","street":"830 Pigick Bus Route Road","suburb":"Rainbow","pcode":"3424","grp_name":"Rainbow","label":"Pigick","site_oc_id":18886,"ESRI_OID":893}},{"type":"Feature","id":894,"geometry":{"type":"Point","coordinates":[142.116976262369,-36.5822824965878]},"properties":{"distrct_no":"17","distrct_label":"District 17","distrct_phone_no":"03 5362 1700","brig_name":"Pimpinio","fs_name":"Pimpinio","fs_type":"main","street":"3 Pimpinio Tip Road","suburb":"Pimpinio","pcode":"3401","grp_name":"Horsham","label":"Pimpinio","site_oc_id":18887,"ESRI_OID":894}},{"type":"Feature","id":895,"geometry":{"type":"Point","coordinates":[141.583467102361,-36.2348963066077]},"properties":{"distrct_no":"17","distrct_label":"District 17","distrct_phone_no":"03 5362 1700","brig_name":"Propodollah","fs_name":"Propodollah","fs_type":"main","street":"128 Propodollah Extension Road","suburb":"Nhill","pcode":"3418","grp_name":"Lowan","label":"Propodollah","site_oc_id":18888,"ESRI_OID":895}},{"type":"Feature","id":896,"geometry":{"type":"Point","coordinates":[141.995199852043,-35.8992069869193]},"properties":{"distrct_no":"17","distrct_label":"District 17","distrct_phone_no":"03 5362 1700","brig_name":"Rainbow","fs_name":"Rainbow","fs_type":"main","street":"13 King Street","suburb":"Rainbow","pcode":"3424","grp_name":"Rainbow","label":"Rainbow","site_oc_id":18889,"ESRI_OID":896}},{"type":"Feature","id":897,"geometry":{"type":"Point","coordinates":[142.632250102224,-36.6326162667214]},"properties":{"distrct_no":"17","distrct_label":"District 17","distrct_phone_no":"03 5362 1700","brig_name":"Rupanyup","fs_name":"Rupanyup","fs_type":"main","street":"23 Wood Street","suburb":"Rupanyup","pcode":"3388","grp_name":"Dunmunkle","label":"Rupanyup","site_oc_id":18893,"ESRI_OID":897}},{"type":"Feature","id":898,"geometry":{"type":"Point","coordinates":[141.130162322584,-36.3627052663976]},"properties":{"distrct_no":"17","distrct_label":"District 17","distrct_phone_no":"03 5362 1700","brig_name":"South Lillimur","fs_name":"South Lillimur","fs_type":"main","street":"27 Commercial Street","suburb":"Lillimur","pcode":"3419","grp_name":"Kaniva","label":"South Lillimur","site_oc_id":18897,"ESRI_OID":898}},{"type":"Feature","id":899,"geometry":{"type":"Point","coordinates":[142.035502432196,-36.2116301367626]},"properties":{"distrct_no":"17","distrct_label":"District 17","distrct_phone_no":"03 5362 1700","brig_name":"Tarranyurk","fs_name":"Tarranyurk","fs_type":"main","street":"8 Tarranyurk East Road","suburb":"Tarranyurk","pcode":"3414","grp_name":"Ebenezer","label":"Tarranyurk","site_oc_id":18898,"ESRI_OID":899}},{"type":"Feature","id":900,"geometry":{"type":"Point","coordinates":[141.847732002758,-37.1303969962113]},"properties":{"distrct_no":"17","distrct_label":"District 17","distrct_phone_no":"03 5362 1700","brig_name":"Telangatuk","fs_name":"Telangatuk","fs_type":"main","street":"4857 Natimuk-Hamilton Road","suburb":"Kanagulk","pcode":"3401","grp_name":"Jilpanger","label":"Telangatuk","site_oc_id":18899,"ESRI_OID":900}},{"type":"Feature","id":901,"geometry":{"type":"Point","coordinates":[141.110497392463,-36.1260131265173]},"properties":{"distrct_no":"17","distrct_label":"District 17","distrct_phone_no":"03 5362 1700","brig_name":"Telopea Downs","fs_name":"Telopea Downs","fs_type":"main","street":"1140 Edgerley Road","suburb":"Telopea Downs","pcode":"3420","grp_name":"Kaniva","label":"Telopea Downs","site_oc_id":18900,"ESRI_OID":901}},{"type":"Feature","id":902,"geometry":{"type":"Point","coordinates":[141.936054882652,-36.9907283063127]},"properties":{"distrct_no":"17","distrct_label":"District 17","distrct_phone_no":"03 5362 1700","brig_name":"Toolondo","fs_name":"Toolondo","fs_type":"main","street":"15 Mckenry Lane","suburb":"Toolondo","pcode":"3401","grp_name":"Jilpanger","label":"Toolondo","site_oc_id":18902,"ESRI_OID":902}},{"type":"Feature","id":903,"geometry":{"type":"Point","coordinates":[141.398050552799,-36.9245433861828]},"properties":{"distrct_no":"17","distrct_label":"District 17","distrct_phone_no":"03 5362 1700","brig_name":"Ullswater","fs_name":"Ullswater","fs_type":"main","street":"774 Ullswater-Mortat Road","suburb":"Ullswater","pcode":"3318","grp_name":"Edenhope","label":"Ullswater","site_oc_id":18903,"ESRI_OID":903}},{"type":"Feature","id":904,"geometry":{"type":"Point","coordinates":[142.044568912451,-36.690434156507]},"properties":{"distrct_no":"17","distrct_label":"District 17","distrct_phone_no":"03 5362 1700","brig_name":"Vectis","fs_name":"Vectis","fs_type":"main","street":"539 Quantong Cemetery Road","suburb":"Vectis","pcode":"3401","grp_name":"Horsham","label":"Vectis","site_oc_id":18904,"ESRI_OID":904}},{"type":"Feature","id":905,"geometry":{"type":"Point","coordinates":[142.218748912049,-36.050726866908]},"properties":{"distrct_no":"17","distrct_label":"District 17","distrct_phone_no":"03 5362 1700","brig_name":"Willenabrina","fs_name":"Willenabrina","fs_type":"main","street":"3100 Rainbow Road","suburb":"Willenabrina","pcode":"3393","grp_name":"Warracknabeal","label":"Willenabrina","site_oc_id":18911,"ESRI_OID":905}},{"type":"Feature","id":906,"geometry":{"type":"Point","coordinates":[142.134020322523,-36.8771648164345]},"properties":{"distrct_no":"17","distrct_label":"District 17","distrct_phone_no":"03 5362 1700","brig_name":"Wonwondah","fs_name":"Wonwondah","fs_type":"main","street":"31 Wonwondah-Toolondo Road","suburb":"Wonwondah","pcode":"3401","grp_name":"Grampians","label":"Wonwondah","site_oc_id":18912,"ESRI_OID":906}},{"type":"Feature","id":907,"geometry":{"type":"Point","coordinates":[141.197472002532,-36.3094979964469]},"properties":{"distrct_no":"17","distrct_label":"District 17","distrct_phone_no":"03 5362 1700","brig_name":"Yearinga - Yarrock","fs_name":"Yearinga - Yarrock","fs_type":"main","street":"52 Darts Road","suburb":"Kaniva","pcode":"3419","grp_name":"Kaniva","label":"Yearinga - Yarrock","site_oc_id":18915,"ESRI_OID":907}},{"type":"Feature","id":908,"geometry":{"type":"Point","coordinates":[141.419678262986,-37.278129206003]},"properties":{"distrct_no":"17","distrct_label":"District 17","distrct_phone_no":"03 5362 1700","brig_name":"Chetwynd","fs_name":"Chetwynd","fs_type":"main","street":"22 Heenans Road","suburb":"Chetwynd","pcode":"3312","grp_name":"Jilpanger","label":"Chetwynd","site_oc_id":19262,"ESRI_OID":908}},{"type":"Feature","id":909,"geometry":{"type":"Point","coordinates":[141.215627003107,-37.3697379958934]},"properties":{"distrct_no":"17","distrct_label":"District 17","distrct_phone_no":"03 5362 1700","brig_name":"Dergholm","fs_name":"Dergholm","fs_type":"main","street":"5 Dergholm-Chetwynd Road","suburb":"Dergholm","pcode":"3312","grp_name":"Apsley","label":"Dergholm","site_oc_id":19267,"ESRI_OID":909}},{"type":"Feature","id":910,"geometry":{"type":"Point","coordinates":[141.10055100306,-37.2115869959413]},"properties":{"distrct_no":"17","distrct_label":"District 17","distrct_phone_no":"03 5362 1700","brig_name":"Poolaijelo","fs_name":"Poolaijelo","fs_type":"main","street":"Casterton-Apsley Road","suburb":"Poolaijelo","pcode":"3312","grp_name":"Apsley","label":"Poolaijelo","site_oc_id":19300,"ESRI_OID":910}},{"type":"Feature","id":911,"geometry":{"type":"Point","coordinates":[142.200877162411,-36.7133525065433]},"properties":{"distrct_no":"17","distrct_label":"District 17","distrct_phone_no":"03 5362 1700","brig_name":"District 17 Headquarters","fs_name":"District 17 Headquarters RFB","fs_type":"main","street":"19 Mclachlan Street","suburb":"Horsham","pcode":"3400","grp_name":null,"label":"District 17 Headquarters RFB","site_oc_id":19630,"ESRI_OID":911}},{"type":"Feature","id":912,"geometry":{"type":"Point","coordinates":[141.006855002884,-36.8340849961106]},"properties":{"distrct_no":"17","distrct_label":"District 17","distrct_phone_no":"03 5362 1700","brig_name":"Benayeo","fs_name":"Benayeo","fs_type":"main","street":"1640 Benayeo Road","suburb":"Benayeo","pcode":"3319","grp_name":"Apsley","label":"Benayeo","site_oc_id":19673,"ESRI_OID":912}},{"type":"Feature","id":913,"geometry":{"type":"Point","coordinates":[142.416437001997,-36.0764579969567]},"properties":{"distrct_no":"17","distrct_label":"District 17","distrct_phone_no":"03 5362 1700","brig_name":"Brim","fs_name":"Brim","fs_type":"main","street":"29 Swann Street","suburb":"Brim","pcode":"3391","grp_name":"Warracknabeal","label":"Brim","site_oc_id":19677,"ESRI_OID":913}},{"type":"Feature","id":914,"geometry":{"type":"Point","coordinates":[141.639291002445,-36.4249569965233]},"properties":{"distrct_no":"17","distrct_label":"District 17","distrct_phone_no":"03 5362 1700","brig_name":"Winiam & District","fs_name":"Winiam & District","fs_type":"main","street":"3 Winiam Hall Road","suburb":"Nhill","pcode":"3418","grp_name":"Lowan","label":"Winiam & District","site_oc_id":19751,"ESRI_OID":914}},{"type":"Feature","id":915,"geometry":{"type":"Point","coordinates":[141.781060002561,-36.7282839964051]},"properties":{"distrct_no":"17","distrct_label":"District 17","distrct_phone_no":"03 5362 1700","brig_name":"Mitre","fs_name":"Mitre","fs_type":"main","street":"1435 Natimuk-Frances Road","suburb":"Mitre","pcode":"3409","grp_name":"Natimuk","label":"Mitre","site_oc_id":19901,"ESRI_OID":915}},{"type":"Feature","id":916,"geometry":{"type":"Point","coordinates":[142.530932002103,-36.3457079968459]},"properties":{"distrct_no":"17","distrct_label":"District 17","distrct_phone_no":"03 5362 1700","brig_name":"Sheep Hills","fs_name":"Sheep Hills","fs_type":"main","street":"469 Sheep Hills-Minyip Road","suburb":"Sheep Hills","pcode":"3392","grp_name":"Warracknabeal","label":"Sheep Hills","site_oc_id":19918,"ESRI_OID":916}},{"type":"Feature","id":917,"geometry":{"type":"Point","coordinates":[141.850810002512,-36.6823089964513]},"properties":{"distrct_no":"17","distrct_label":"District 17","distrct_phone_no":"03 5362 1700","brig_name":"Grass Flat","fs_name":"Grass Flat","fs_type":"main","street":"949 Mitre-Grass Flat Road","suburb":"Grass Flat","pcode":"3409","grp_name":"Natimuk","label":"Grass Flat","site_oc_id":19919,"ESRI_OID":917}},{"type":"Feature","id":918,"geometry":{"type":"Point","coordinates":[142.680590001921,-36.0969459970294]},"properties":{"distrct_no":"17","distrct_label":"District 17","distrct_phone_no":"03 5362 1700","brig_name":"Wilkur South","fs_name":"Wilkur South","fs_type":"main","street":"2808 Warracknabeal-Birchip Road","suburb":"Wilkur","pcode":"3393","grp_name":"Warracknabeal","label":"Wilkur South","site_oc_id":19939,"ESRI_OID":918}},{"type":"Feature","id":919,"geometry":{"type":"Point","coordinates":[142.412280002198,-36.4489789967524]},"properties":{"distrct_no":"17","distrct_label":"District 17","distrct_phone_no":"03 5362 1700","brig_name":"Kellalac","fs_name":"Kellalac","fs_type":"main","street":"1940 Longerenong-Warracknabeal Road","suburb":"Kewell","pcode":"3390","grp_name":"Warracknabeal","label":"Kellalac","site_oc_id":20021,"ESRI_OID":919}},{"type":"Feature","id":920,"geometry":{"type":"Point","coordinates":[141.334023002527,-36.3854289964491]},"properties":{"distrct_no":"17","distrct_label":"District 17","distrct_phone_no":"03 5362 1700","brig_name":"Lawloit","fs_name":"Lawloit","fs_type":"main","street":"63 Golf Course Road","suburb":"Miram","pcode":"3415","grp_name":"Kaniva","label":"Lawloit","site_oc_id":20022,"ESRI_OID":920}},{"type":"Feature","id":921,"geometry":{"type":"Point","coordinates":[141.287219002899,-37.0383109960889]},"properties":{"distrct_no":"17","distrct_label":"District 17","distrct_phone_no":"03 5362 1700","brig_name":"Edenhope","fs_name":"Edenhope","fs_type":"main","street":"26 Mollison Street","suburb":"Edenhope","pcode":"3318","grp_name":"Edenhope","label":"Edenhope","site_oc_id":20033,"ESRI_OID":921}},{"type":"Feature","id":922,"geometry":{"type":"Point","coordinates":[141.762957002324,-36.27977199664]},"properties":{"distrct_no":"17","distrct_label":"District 17","distrct_phone_no":"03 5362 1700","brig_name":"Woorak","fs_name":"Woorak","fs_type":"main","street":"981 Nhill-Jeparit Road","suburb":"Nhill","pcode":"3418","grp_name":"Lowan","label":"Woorak","site_oc_id":20037,"ESRI_OID":922}},{"type":"Feature","id":923,"geometry":{"type":"Point","coordinates":[141.973928002087,-35.968351996875]},"properties":{"distrct_no":"17","distrct_label":"District 17","distrct_phone_no":"03 5362 1700","brig_name":"Werrap","fs_name":"Werrap","fs_type":"main","street":"10 Werrap Road","suburb":"Rainbow","pcode":"3424","grp_name":"Rainbow","label":"Werrap","site_oc_id":20039,"ESRI_OID":923}},{"type":"Feature","id":924,"geometry":{"type":"Point","coordinates":[142.027159002245,-36.2976129967134]},"properties":{"distrct_no":"17","distrct_label":"District 17","distrct_phone_no":"03 5362 1700","brig_name":"Antwerp","fs_name":"Antwerp","fs_type":"main","street":"12 Antwerp-Warracknabeal Road","suburb":"Antwerp","pcode":"3414","grp_name":"Ebenezer","label":"Antwerp","site_oc_id":20043,"ESRI_OID":924}},{"type":"Feature","id":925,"geometry":{"type":"Point","coordinates":[141.435982002357,-36.1345979966151]},"properties":{"distrct_no":"17","distrct_label":"District 17","distrct_phone_no":"03 5362 1700","brig_name":"Yanac","fs_name":"Yanac","fs_type":"main","street":"16 Maude Street","suburb":"Yanac","pcode":"3418","grp_name":"Lowan","label":"Yanac","site_oc_id":20048,"ESRI_OID":925}},{"type":"Feature","id":926,"geometry":{"type":"Point","coordinates":[142.220364002274,-36.4709469966803]},"properties":{"distrct_no":"17","distrct_label":"District 17","distrct_phone_no":"03 5362 1700","brig_name":"North Wimmera","fs_name":"North Wimmera","fs_type":"main","street":"2533 Blue Ribbon Road","suburb":"Murra Warra","pcode":"3401","grp_name":"Warracknabeal","label":"North Wimmera","site_oc_id":20077,"ESRI_OID":926}},{"type":"Feature","id":927,"geometry":{"type":"Point","coordinates":[141.299173002495,-36.3045639964813]},"properties":{"distrct_no":"17","distrct_label":"District 17","distrct_phone_no":"03 5362 1700","brig_name":"Sandsmere","fs_name":"Sandsmere","fs_type":"main","street":"1131 Broughton Road","suburb":"Kaniva","pcode":"3419","grp_name":"Kaniva","label":"Sandsmere","site_oc_id":20090,"ESRI_OID":927}},{"type":"Feature","id":928,"geometry":{"type":"Point","coordinates":[142.21624553265,-37.162080626307]},"properties":{"distrct_no":"17","distrct_label":"District 17","distrct_phone_no":"03 5362 1700","brig_name":"Brimpaen","fs_name":"Brimpaen Satellite","fs_type":"satellite","street":"7484 Henty Highway","suburb":"Glenisla","pcode":"3314","grp_name":"Grampians","label":"Brimpaen Satellite (Glenisla)","site_oc_id":20363,"ESRI_OID":928}},{"type":"Feature","id":929,"geometry":{"type":"Point","coordinates":[141.066875243139,-37.3329988958678]},"properties":{"distrct_no":"17","distrct_label":"District 17","distrct_phone_no":"03 5362 1700","brig_name":"Dergholm","fs_name":"Dergholm Satellite","fs_type":"satellite","street":"11 Newmans Road","suburb":"Dorodong","pcode":"3312","grp_name":"Apsley","label":"Dergholm Satellite (Dorodong)","site_oc_id":20413,"ESRI_OID":929}},{"type":"Feature","id":930,"geometry":{"type":"Point","coordinates":[142.323052002469,-36.8942999964836]},"properties":{"distrct_no":"17","distrct_label":"District 17","distrct_phone_no":"03 5362 1700","brig_name":"Laharum","fs_name":"Laharum Satellite","fs_type":"satellite","street":"1004 Northern Grampians Road","suburb":"Laharum","pcode":"3401","grp_name":"Grampians","label":"Laharum Satellite (Laharum)","site_oc_id":20414,"ESRI_OID":930}},{"type":"Feature","id":931,"geometry":{"type":"Point","coordinates":[142.44944800238,-36.8092839965686]},"properties":{"distrct_no":"17","distrct_label":"District 17","distrct_phone_no":"03 5362 1700","brig_name":"Green Lake","fs_name":"Green Lake Satellite","fs_type":"satellite","street":"721 Golton Road","suburb":"St Helens Plains","pcode":"3401","grp_name":"Grampians","label":"Green Lake Satellite (St Helens Plains)","site_oc_id":20415,"ESRI_OID":931}},{"type":"Feature","id":932,"geometry":{"type":"Point","coordinates":[142.025364002493,-36.7548919964665]},"properties":{"distrct_no":"17","distrct_label":"District 17","distrct_phone_no":"03 5362 1700","brig_name":"Vectis","fs_name":"Vectis Satellite","fs_type":"satellite","street":"54 Chequers Road","suburb":"Quantong","pcode":"3401","grp_name":"Horsham","label":"Vectis Satellite (Vectis South)","site_oc_id":20416,"ESRI_OID":932}},{"type":"Feature","id":933,"geometry":{"type":"Point","coordinates":[142.034327002583,-36.925109996378]},"properties":{"distrct_no":"17","distrct_label":"District 17","distrct_phone_no":"03 5362 1700","brig_name":"Toolondo","fs_name":"Toolondo Satellite","fs_type":"satellite","street":"1170 Wonwondah-Toolondo Road","suburb":"Nurrabiel","pcode":"3401","grp_name":"Jilpanger","label":"Toolondo Satellite (Nurrabiel)","site_oc_id":20425,"ESRI_OID":933}},{"type":"Feature","id":934,"geometry":{"type":"Point","coordinates":[142.104673002477,-36.7744769964805]},"properties":{"distrct_no":"17","distrct_label":"District 17","distrct_phone_no":"03 5362 1700","brig_name":"Noradjuha","fs_name":"Noradjuha Satellite","fs_type":"satellite","street":"417 Horsham-Noradjuha Road","suburb":"Lower Norton","pcode":"3401","grp_name":"Natimuk","label":"Noradjuha Satellite (Lower Norton)","site_oc_id":20427,"ESRI_OID":934}},{"type":"Feature","id":935,"geometry":{"type":"Point","coordinates":[141.47164801272,-36.8264428362574]},"properties":{"distrct_no":"17","distrct_label":"District 17","distrct_phone_no":"03 5362 1700","brig_name":"Goroke","fs_name":"Goroke Satellite","fs_type":"satellite","street":"888 Edenhope-Goroke Road","suburb":"Karnak","pcode":"3401","grp_name":"Goroke","label":"Goroke Satellite (Karnak)","site_oc_id":20434,"ESRI_OID":935}},{"type":"Feature","id":936,"geometry":{"type":"Point","coordinates":[142.03063500233,-36.4568599966285]},"properties":{"distrct_no":"17","distrct_label":"District 17","distrct_phone_no":"03 5362 1700","brig_name":"Dimboola","fs_name":"Dimboola","fs_type":"main","street":"4 High Street","suburb":"Dimboola","pcode":"3414","grp_name":"Ebenezer","label":"Dimboola","site_oc_id":20440,"ESRI_OID":936}},{"type":"Feature","id":937,"geometry":{"type":"Point","coordinates":[142.393825002098,-36.2512269968542]},"properties":{"distrct_no":"17","distrct_label":"District 17","distrct_phone_no":"03 5362 1700","brig_name":"Warracknabeal","fs_name":"Warracknabeal","fs_type":"main","street":"31-35 Jamouneau Street","suburb":"Warracknabeal","pcode":"3393","grp_name":"Warracknabeal","label":"Warracknabeal","site_oc_id":20453,"ESRI_OID":937}},{"type":"Feature","id":938,"geometry":{"type":"Point","coordinates":[142.174706002467,-36.8003089964883]},"properties":{"distrct_no":"17","distrct_label":"District 17","distrct_phone_no":"03 5362 1700","brig_name":"Wonwondah","fs_name":"Wonwondah Satellite","fs_type":"satellite","street":"3838 Henty Highway","suburb":"Mckenzie Creek","pcode":"3401","grp_name":"Grampians","label":"Wonwondah Satellite (Mckenzie Creek)","site_oc_id":20456,"ESRI_OID":938}},{"type":"Feature","id":939,"geometry":{"type":"Point","coordinates":[142.833414001221,-34.8546429977681]},"properties":{"distrct_no":"18","distrct_label":"District 18","distrct_phone_no":"03 5036 2800","brig_name":"Annuello","fs_name":"Annuello","fs_type":"main","street":"2994 Robinvale-Sea Lake Road","suburb":"Annuello","pcode":"3549","grp_name":"Robinvale and District","label":"Annuello","site_oc_id":18778,"ESRI_OID":939}},{"type":"Feature","id":940,"geometry":{"type":"Point","coordinates":[142.419420001923,-35.9383079970333]},"properties":{"distrct_no":"18","distrct_label":"District 18","distrct_phone_no":"03 5036 2800","brig_name":"Beulah","fs_name":"Beulah","fs_type":"main","street":"28 Bell Street","suburb":"Beulah","pcode":"3395","grp_name":"Southern Mallee","label":"Beulah","site_oc_id":18779,"ESRI_OID":940}},{"type":"Feature","id":941,"geometry":{"type":"Point","coordinates":[142.20125556122,-34.4577289377798]},"properties":{"distrct_no":"18","distrct_label":"District 18","distrct_phone_no":"03 5036 2800","brig_name":"Carwarp","fs_name":"Carwarp","fs_type":"main","street":"11 Brownport Road","suburb":"Carwarp","pcode":"3494","grp_name":"Sunraysia","label":"Carwarp","site_oc_id":18780,"ESRI_OID":941}},{"type":"Feature","id":942,"geometry":{"type":"Point","coordinates":[142.945776421357,-35.1879646076186]},"properties":{"distrct_no":"18","distrct_label":"District 18","distrct_phone_no":"03 5036 2800","brig_name":"Chinkapook","fs_name":"Chinkapook","fs_type":"main","street":"2 William Street","suburb":"Chinkapook","pcode":"3546","grp_name":"Robinvale and District","label":"Chinkapook","site_oc_id":18781,"ESRI_OID":942}},{"type":"Feature","id":943,"geometry":{"type":"Point","coordinates":[143.450152111361,-35.5054829776055]},"properties":{"distrct_no":"18","distrct_label":"District 18","distrct_phone_no":"03 5036 2800","brig_name":"Goschen","fs_name":"Goschen","fs_type":"main","street":"3923 Donald-Swan Hill Road","suburb":"Goschen","pcode":"3585","grp_name":"Mid Murray","label":"Goschen","site_oc_id":18782,"ESRI_OID":943}},{"type":"Feature","id":944,"geometry":{"type":"Point","coordinates":[143.146279601132,-34.8769309978591]},"properties":{"distrct_no":"18","distrct_label":"District 18","distrct_phone_no":"03 5036 2800","brig_name":"Kooloonong","fs_name":"Kooloonong","fs_type":"main","street":"1838 Boundary Bend-Kooloonong Road","suburb":"Kooloonong","pcode":"3597","grp_name":"Robinvale and District","label":"Kooloonong","site_oc_id":18787,"ESRI_OID":944}},{"type":"Feature","id":945,"geometry":{"type":"Point","coordinates":[143.631859531281,-35.4621319476891]},"properties":{"distrct_no":"18","distrct_label":"District 18","distrct_phone_no":"03 5036 2800","brig_name":"Lake Boga","fs_name":"Lake Boga","fs_type":"main","street":"5 Station Street","suburb":"Lake Boga","pcode":"3584","grp_name":"Mid Murray","label":"Lake Boga","site_oc_id":18788,"ESRI_OID":945}},{"type":"Feature","id":946,"geometry":{"type":"Point","coordinates":[142.581413611695,-35.6079299472669]},"properties":{"distrct_no":"18","distrct_label":"District 18","distrct_phone_no":"03 5036 2800","brig_name":"Lascelles","fs_name":"Lascelles","fs_type":"main","street":"Boree Street","suburb":"Lascelles","pcode":"3487","grp_name":"Southern Mallee","label":"Lascelles","site_oc_id":18791,"ESRI_OID":946}},{"type":"Feature","id":947,"geometry":{"type":"Point","coordinates":[142.882175971309,-35.055124237672]},"properties":{"distrct_no":"18","distrct_label":"District 18","distrct_phone_no":"03 5036 2800","brig_name":"Manangatang","fs_name":"Manangatang","fs_type":"main","street":"Larundel Street","suburb":"Manangatang","pcode":"3546","grp_name":"Robinvale and District","label":"Manangatang","site_oc_id":18792,"ESRI_OID":947}},{"type":"Feature","id":948,"geometry":{"type":"Point","coordinates":[142.058919661117,-34.1663185778944]},"properties":{"distrct_no":"18","distrct_label":"District 18","distrct_phone_no":"03 5036 2800","brig_name":"Merbein","fs_name":"Merbein","fs_type":"main","street":"Box Street","suburb":"Merbein","pcode":"3505","grp_name":"Sunraysia","label":"Merbein","site_oc_id":18793,"ESRI_OID":948}},{"type":"Feature","id":949,"geometry":{"type":"Point","coordinates":[142.657531381434,-35.155956337542]},"properties":{"distrct_no":"18","distrct_label":"District 18","distrct_phone_no":"03 5036 2800","brig_name":"Mittyack","fs_name":"Mittyack","fs_type":"main","street":"Mcervale Street","suburb":"Mittyack","pcode":"3490","grp_name":"Ouyen and District","label":"Mittyack","site_oc_id":18795,"ESRI_OID":949}},{"type":"Feature","id":950,"geometry":{"type":"Point","coordinates":[142.360773501178,-34.4759978778227]},"properties":{"distrct_no":"18","distrct_label":"District 18","distrct_phone_no":"03 5036 2800","brig_name":"Nangiloc","fs_name":"Nangiloc","fs_type":"main","street":"2660 Kulkyne Way","suburb":"Nangiloc","pcode":"3494","grp_name":"Sunraysia","label":"Nangiloc","site_oc_id":18796,"ESRI_OID":950}},{"type":"Feature","id":951,"geometry":{"type":"Point","coordinates":[143.227609511148,-34.9574008578407]},"properties":{"distrct_no":"18","distrct_label":"District 18","distrct_phone_no":"03 5036 2800","brig_name":"Natya","fs_name":"Natya","fs_type":"main","street":"3131 Bolton-Natya Road","suburb":"Natya","pcode":"3597","grp_name":"Mid Murray","label":"Natya","site_oc_id":18797,"ESRI_OID":951}},{"type":"Feature","id":952,"geometry":{"type":"Point","coordinates":[143.348101221228,-35.1858117077518]},"properties":{"distrct_no":"18","distrct_label":"District 18","distrct_phone_no":"03 5036 2800","brig_name":"Nyah Nyah West","fs_name":"Nyah Nyah West","fs_type":"main","street":"Monash Avenue","suburb":"Nyah West","pcode":"3595","grp_name":"Mid Murray","label":"Nyah Nyah West","site_oc_id":18798,"ESRI_OID":952}},{"type":"Feature","id":953,"geometry":{"type":"Point","coordinates":[142.313778001501,-35.0699249974772]},"properties":{"distrct_no":"18","distrct_label":"District 18","distrct_phone_no":"03 5036 2800","brig_name":"Ouyen","fs_name":"Ouyen","fs_type":"main","street":"31-33 Pickering Street","suburb":"Ouyen","pcode":"3490","grp_name":"Ouyen and District","label":"Ouyen","site_oc_id":18799,"ESRI_OID":953}},{"type":"Feature","id":954,"geometry":{"type":"Point","coordinates":[142.190829971705,-35.3826917472646]},"properties":{"distrct_no":"18","distrct_label":"District 18","distrct_phone_no":"03 5036 2800","brig_name":"Patchewollock","fs_name":"Patchewollock","fs_type":"main","street":"Main Street","suburb":"Patchewollock","pcode":"3491","grp_name":"Southern Mallee","label":"Patchewollock","site_oc_id":18802,"ESRI_OID":954}},{"type":"Feature","id":955,"geometry":{"type":"Point","coordinates":[142.188841851147,-34.3081274178589]},"properties":{"distrct_no":"18","distrct_label":"District 18","distrct_phone_no":"03 5036 2800","brig_name":"Red Cliffs","fs_name":"Red Cliffs","fs_type":"main","street":"29 Jamieson Avenue","suburb":"Red Cliffs","pcode":"3496","grp_name":"Sunraysia","label":"Red Cliffs","site_oc_id":18803,"ESRI_OID":955}},{"type":"Feature","id":956,"geometry":{"type":"Point","coordinates":[142.421596481867,-35.834252397091]},"properties":{"distrct_no":"18","distrct_label":"District 18","distrct_phone_no":"03 5036 2800","brig_name":"Rosebery","fs_name":"Rosebery","fs_type":"main","street":"99 Windy Ridge Road","suburb":"Rosebery","pcode":"3395","grp_name":"Southern Mallee","label":"Rosebery","site_oc_id":18804,"ESRI_OID":956}},{"type":"Feature","id":957,"geometry":{"type":"Point","coordinates":[142.440335841633,-35.4011295073354]},"properties":{"distrct_no":"18","distrct_label":"District 18","distrct_phone_no":"03 5036 2800","brig_name":"Speed","fs_name":"Speed","fs_type":"main","street":"Carter Street","suburb":"Speed","pcode":"3488","grp_name":"Ouyen and District","label":"Speed","site_oc_id":18805,"ESRI_OID":957}},{"type":"Feature","id":958,"geometry":{"type":"Point","coordinates":[142.425486041608,-35.3442392673619]},"properties":{"distrct_no":"18","distrct_label":"District 18","distrct_phone_no":"03 5036 2800","brig_name":"Tempy","fs_name":"Tempy","fs_type":"main","street":"Harrison Street","suburb":"Tempy","pcode":"3489","grp_name":"Ouyen and District","label":"Tempy","site_oc_id":18806,"ESRI_OID":958}},{"type":"Feature","id":959,"geometry":{"type":"Point","coordinates":[143.267394211401,-35.4708937575654]},"properties":{"distrct_no":"18","distrct_label":"District 18","distrct_phone_no":"03 5036 2800","brig_name":"Ultima","fs_name":"Ultima","fs_type":"main","street":"Dillon Street","suburb":"Ultima","pcode":"3544","grp_name":"Mid Murray","label":"Ultima","site_oc_id":18807,"ESRI_OID":959}},{"type":"Feature","id":960,"geometry":{"type":"Point","coordinates":[141.80851108172,-35.1726233772556]},"properties":{"distrct_no":"18","distrct_label":"District 18","distrct_phone_no":"03 5036 2800","brig_name":"Underbool","fs_name":"Underbool","fs_type":"main","street":"Fasham Street","suburb":"Underbool","pcode":"3509","grp_name":"Ouyen and District","label":"Underbool","site_oc_id":18808,"ESRI_OID":960}},{"type":"Feature","id":961,"geometry":{"type":"Point","coordinates":[143.101585641399,-35.3647243175708]},"properties":{"distrct_no":"18","distrct_label":"District 18","distrct_phone_no":"03 5036 2800","brig_name":"Waitchie","fs_name":"Waitchie","fs_type":"main","street":"2190 Waitchie Road","suburb":"Waitchie","pcode":"3544","grp_name":"Mid Murray","label":"Waitchie","site_oc_id":18809,"ESRI_OID":961}},{"type":"Feature","id":962,"geometry":{"type":"Point","coordinates":[142.023069401631,-35.1376817773447]},"properties":{"distrct_no":"18","distrct_label":"District 18","distrct_phone_no":"03 5036 2800","brig_name":"Walpeup","fs_name":"Walpeup","fs_type":"main","street":"Glen Street","suburb":"Walpeup","pcode":"3507","grp_name":"Ouyen and District","label":"Walpeup","site_oc_id":18810,"ESRI_OID":962}},{"type":"Feature","id":963,"geometry":{"type":"Point","coordinates":[143.45248047125,-35.2928417477259]},"properties":{"distrct_no":"18","distrct_label":"District 18","distrct_phone_no":"03 5036 2800","brig_name":"Woorinen South","fs_name":"Woorinen South","fs_type":"main","street":"Station Street","suburb":"Woorinen South","pcode":"3588","grp_name":"Mid Murray","label":"Woorinen South","site_oc_id":18813,"ESRI_OID":963}},{"type":"Feature","id":964,"geometry":{"type":"Point","coordinates":[142.056159261953,-35.7689345770097]},"properties":{"distrct_no":"18","distrct_label":"District 18","distrct_phone_no":"03 5036 2800","brig_name":"Yaapeet","fs_name":"Yaapeet","fs_type":"main","street":"Raggett Street","suburb":"Yaapeet","pcode":"3424","grp_name":"Southern Mallee","label":"Yaapeet","site_oc_id":18814,"ESRI_OID":964}},{"type":"Feature","id":965,"geometry":{"type":"Point","coordinates":[142.6996811115,-35.3096472574704]},"properties":{"distrct_no":"18","distrct_label":"District 18","distrct_phone_no":"03 5036 2800","brig_name":"Nandaly","fs_name":"Nandaly","fs_type":"main","street":"Mckenzie Street","suburb":"Nandaly","pcode":"3533","grp_name":"Tyrrell","label":"Nandaly","site_oc_id":18815,"ESRI_OID":965}},{"type":"Feature","id":966,"geometry":{"type":"Point","coordinates":[142.917601211782,-35.9805683671691]},"properties":{"distrct_no":"18","distrct_label":"District 18","distrct_phone_no":"03 5036 2800","brig_name":"Birchip","fs_name":"Birchip","fs_type":"main","street":"83-87 Cumming Avenue","suburb":"Birchip","pcode":"3483","grp_name":"Buloke West","label":"Birchip","site_oc_id":19410,"ESRI_OID":966}},{"type":"Feature","id":967,"geometry":{"type":"Point","coordinates":[143.507890131741,-36.2649669171998]},"properties":{"distrct_no":"18","distrct_label":"District 18","distrct_phone_no":"03 5036 2800","brig_name":"Buckrabanyule","fs_name":"Buckrabanyule","fs_type":"main","street":"1119 Wedderburn-Buckrabanyule Road","suburb":"Buckrabanyule","pcode":"3525","grp_name":"Charlton","label":"Buckrabanyule","site_oc_id":19417,"ESRI_OID":967}},{"type":"Feature","id":968,"geometry":{"type":"Point","coordinates":[143.347562381794,-36.2672387071475]},"properties":{"distrct_no":"18","distrct_label":"District 18","distrct_phone_no":"03 5036 2800","brig_name":"Charlton","fs_name":"Charlton","fs_type":"main","street":"2 Halliday Street","suburb":"Charlton","pcode":"3525","grp_name":"Charlton","label":"Charlton","site_oc_id":19418,"ESRI_OID":968}},{"type":"Feature","id":969,"geometry":{"type":"Point","coordinates":[143.053838291995,-36.4643010369458]},"properties":{"distrct_no":"18","distrct_label":"District 18","distrct_phone_no":"03 5036 2800","brig_name":"Cope Cope","fs_name":"Cope Cope","fs_type":"main","street":"2176 Traynors Lagoon Road","suburb":"Cope Cope","pcode":"3480","grp_name":"Buloke West","label":"Cope Cope","site_oc_id":19421,"ESRI_OID":969}},{"type":"Feature","id":970,"geometry":{"type":"Point","coordinates":[143.055368481886,-36.2620827770576]},"properties":{"distrct_no":"18","distrct_label":"District 18","distrct_phone_no":"03 5036 2800","brig_name":"Corack","fs_name":"Corack","fs_type":"main","street":"210 Banyenong-Jeffcott Road","suburb":"Jeffcott North","pcode":"3480","grp_name":"Buloke West","label":"Corack","site_oc_id":19422,"ESRI_OID":970}},{"type":"Feature","id":971,"geometry":{"type":"Point","coordinates":[143.04296010184,-36.1666016971064]},"properties":{"distrct_no":"18","distrct_label":"District 18","distrct_phone_no":"03 5036 2800","brig_name":"Corack East","fs_name":"Corack East","fs_type":"main","street":"1558b Donald-Swan Hill Road","suburb":"Corack East","pcode":"3480","grp_name":"Buloke West","label":"Corack East","site_oc_id":19423,"ESRI_OID":971}},{"type":"Feature","id":972,"geometry":{"type":"Point","coordinates":[143.107449921582,-35.717465727376]},"properties":{"distrct_no":"18","distrct_label":"District 18","distrct_phone_no":"03 5036 2800","brig_name":"Culgoa","fs_name":"Culgoa","fs_type":"main","street":"2 Main Street","suburb":"Culgoa","pcode":"3530","grp_name":"Tyrrell","label":"Culgoa","site_oc_id":19424,"ESRI_OID":972}},{"type":"Feature","id":973,"geometry":{"type":"Point","coordinates":[142.785837561756,-35.8500168971991]},"properties":{"distrct_no":"18","distrct_label":"District 18","distrct_phone_no":"03 5036 2800","brig_name":"Curyo","fs_name":"Curyo","fs_type":"main","street":"47 Coutts Street","suburb":"Curyo","pcode":"3483","grp_name":"Buloke West","label":"Curyo","site_oc_id":19425,"ESRI_OID":973}},{"type":"Feature","id":974,"geometry":{"type":"Point","coordinates":[142.985116071966,-36.3690459269765]},"properties":{"distrct_no":"18","distrct_label":"District 18","distrct_phone_no":"03 5036 2800","brig_name":"Donald","fs_name":"Donald","fs_type":"main","street":"36 Mcculloch Street","suburb":"Donald","pcode":"3480","grp_name":"Buloke West","label":"Donald","site_oc_id":19426,"ESRI_OID":974}},{"type":"Feature","id":975,"geometry":{"type":"Point","coordinates":[143.100421311926,-36.3646355870154]},"properties":{"distrct_no":"18","distrct_label":"District 18","distrct_phone_no":"03 5036 2800","brig_name":"Jeffcott","fs_name":"Jeffcott","fs_type":"main","street":"Donald-Jeffcott Road","suburb":"Jeffcott North","pcode":"3480","grp_name":"Buloke West","label":"Jeffcott","site_oc_id":19431,"ESRI_OID":975}},{"type":"Feature","id":976,"geometry":{"type":"Point","coordinates":[142.852466062034,-36.41396700691]},"properties":{"distrct_no":"18","distrct_label":"District 18","distrct_phone_no":"03 5036 2800","brig_name":"Laen East","fs_name":"Laen East","fs_type":"main","street":"Carnes Road","suburb":"Laen","pcode":"3480","grp_name":"Buloke West","label":"Laen East","site_oc_id":19436,"ESRI_OID":976}},{"type":"Feature","id":977,"geometry":{"type":"Point","coordinates":[142.845033401973,-36.2962246369722]},"properties":{"distrct_no":"18","distrct_label":"District 18","distrct_phone_no":"03 5036 2800","brig_name":"Litchfield","fs_name":"Litchfield","fs_type":"main","street":"16 Borung Highway","suburb":"Litchfield","pcode":"3480","grp_name":"Buloke West","label":"Litchfield","site_oc_id":19439,"ESRI_OID":977}},{"type":"Feature","id":978,"geometry":{"type":"Point","coordinates":[143.448739761653,-36.0625374272936]},"properties":{"distrct_no":"18","distrct_label":"District 18","distrct_phone_no":"03 5036 2800","brig_name":"Glenloth East","fs_name":"Glenloth East","fs_type":"main","street":"Hall Road","suburb":"Glenloth East","pcode":"3527","grp_name":"Charlton","label":"Glenloth East","site_oc_id":19444,"ESRI_OID":978}},{"type":"Feature","id":979,"geometry":{"type":"Point","coordinates":[143.178816961631,-35.8543316973228]},"properties":{"distrct_no":"18","distrct_label":"District 18","distrct_phone_no":"03 5036 2800","brig_name":"Nullawil","fs_name":"Nullawil","fs_type":"main","street":"Quambatook Road","suburb":"Nullawil","pcode":"3529","grp_name":"Tyrrell","label":"Nullawil","site_oc_id":19445,"ESRI_OID":979}},{"type":"Feature","id":980,"geometry":{"type":"Point","coordinates":[142.698698431846,-35.9659403471073]},"properties":{"distrct_no":"18","distrct_label":"District 18","distrct_phone_no":"03 5036 2800","brig_name":"Reedy Dam","fs_name":"Reedy Dam","fs_type":"main","street":"1585 Wilkur-Watchupga Road","suburb":"Reedy Dam","pcode":"3395","grp_name":"Buloke West","label":"Reedy Dam","site_oc_id":19447,"ESRI_OID":980}},{"type":"Feature","id":981,"geometry":{"type":"Point","coordinates":[142.862449841887,-36.1455895570606]},"properties":{"distrct_no":"18","distrct_label":"District 18","distrct_phone_no":"03 5036 2800","brig_name":"Watchem","fs_name":"Watchem","fs_type":"main","street":"High Street","suburb":"Watchem","pcode":"3482","grp_name":"Buloke West","label":"Watchem","site_oc_id":19450,"ESRI_OID":981}},{"type":"Feature","id":982,"geometry":{"type":"Point","coordinates":[142.725324791727,-35.7578810872305]},"properties":{"distrct_no":"18","distrct_label":"District 18","distrct_phone_no":"03 5036 2800","brig_name":"Watchupga","fs_name":"Watchupga","fs_type":"main","street":"39 Watchupga East Road","suburb":"Watchupga","pcode":"3485","grp_name":"Buloke West","label":"Watchupga","site_oc_id":19451,"ESRI_OID":982}},{"type":"Feature","id":983,"geometry":{"type":"Point","coordinates":[143.171864621779,-36.1304247271674]},"properties":{"distrct_no":"18","distrct_label":"District 18","distrct_phone_no":"03 5036 2800","brig_name":"Wycheproof South","fs_name":"Wycheproof South","fs_type":"main","street":"54 J Keanes Road","suburb":"Wycheproof South","pcode":"3527","grp_name":"Tyrrell","label":"Wycheproof South","site_oc_id":19455,"ESRI_OID":983}},{"type":"Feature","id":984,"geometry":{"type":"Point","coordinates":[143.550119791243,-35.3399513977313]},"properties":{"distrct_no":"18","distrct_label":"District 18","distrct_phone_no":"03 5036 2800","brig_name":"Swan Hill","fs_name":"Swan Hill","fs_type":"main","street":"116-118 Mccallum Street","suburb":"Swan Hill","pcode":"3585","grp_name":"Mid Murray","label":"Swan Hill","site_oc_id":19462,"ESRI_OID":984}},{"type":"Feature","id":985,"geometry":{"type":"Point","coordinates":[142.644125701242,-34.7773745577486]},"properties":{"distrct_no":"18","distrct_label":"District 18","distrct_phone_no":"03 5036 2800","brig_name":"Wemen","fs_name":"Wemen","fs_type":"main","street":"3668 Hattah-Robinvale Road","suburb":"Wemen","pcode":"3549","grp_name":"Robinvale and District","label":"Wemen","site_oc_id":19511,"ESRI_OID":985}},{"type":"Feature","id":986,"geometry":{"type":"Point","coordinates":[143.560479581239,-35.3380312477358]},"properties":{"distrct_no":"18","distrct_label":"District 18","distrct_phone_no":"03 5036 2800","brig_name":"District 18 Headquarters","fs_name":"District 18 Headquarters RFB","fs_type":"main","street":"120 Curlewis Street","suburb":"Swan Hill","pcode":"3585","grp_name":null,"label":"District 18 Headquarters RFB","site_oc_id":19572,"ESRI_OID":986}},{"type":"Feature","id":987,"geometry":{"type":"Point","coordinates":[143.342279491759,-36.1971470371847]},"properties":{"distrct_no":"18","distrct_label":"District 18","distrct_phone_no":"03 5036 2800","brig_name":"Teddywaddy","fs_name":"Teddywaddy","fs_type":"main","street":"Teddywaddy East Road","suburb":"Teddywaddy","pcode":"3525","grp_name":"Charlton","label":"Teddywaddy","site_oc_id":19669,"ESRI_OID":987}},{"type":"Feature","id":988,"geometry":{"type":"Point","coordinates":[143.482953001212,-35.2388249977663]},"properties":{"distrct_no":"18","distrct_label":"District 18","distrct_phone_no":"03 5036 2800","brig_name":"Beverford & District","fs_name":"Beverford & District","fs_type":"main","street":"1384 Murray Valley Highway","suburb":"Beverford","pcode":"3590","grp_name":"Mid Murray","label":"Beverford & District","site_oc_id":19676,"ESRI_OID":988}},{"type":"Feature","id":989,"geometry":{"type":"Point","coordinates":[142.770773001103,-34.5860999978978]},"properties":{"distrct_no":"18","distrct_label":"District 18","distrct_phone_no":"03 5036 2800","brig_name":"Robinvale","fs_name":"Robinvale","fs_type":"main","street":"101 Bromley Road","suburb":"Robinvale","pcode":"3549","grp_name":"Robinvale and District","label":"Robinvale","site_oc_id":19851,"ESRI_OID":989}},{"type":"Feature","id":990,"geometry":{"type":"Point","coordinates":[141.185978001978,-35.2663199970027]},"properties":{"distrct_no":"18","distrct_label":"District 18","distrct_phone_no":"03 5036 2800","brig_name":"Murrayville","fs_name":"Murrayville","fs_type":"main","street":"3-5 Poole Street","suburb":"Murrayville","pcode":"3512","grp_name":"Murrayville and Border","label":"Murrayville","site_oc_id":19861,"ESRI_OID":990}},{"type":"Feature","id":991,"geometry":{"type":"Point","coordinates":[142.471261001651,-35.456221997315]},"properties":{"distrct_no":"18","distrct_label":"District 18","distrct_phone_no":"03 5036 2800","brig_name":"Turriff","fs_name":"Turriff","fs_type":"main","street":"2110 Sunraysia Highway","suburb":"Turriff","pcode":"3488","grp_name":"Ouyen and District","label":"Turriff","site_oc_id":19872,"ESRI_OID":991}},{"type":"Feature","id":992,"geometry":{"type":"Point","coordinates":[142.149757001107,-34.2043579979037]},"properties":{"distrct_no":"18","distrct_label":"District 18","distrct_phone_no":"03 5036 2800","brig_name":"Mildura","fs_name":"Mildura","fs_type":"main","street":"326 San Mateo Avenue","suburb":"Mildura","pcode":"3500","grp_name":"Sunraysia","label":"Mildura","site_oc_id":19910,"ESRI_OID":992}},{"type":"Feature","id":993,"geometry":{"type":"Point","coordinates":[141.378869001896,-35.2342019970826]},"properties":{"distrct_no":"18","distrct_label":"District 18","distrct_phone_no":"03 5036 2800","brig_name":"Cowangie","fs_name":"Cowangie","fs_type":"main","street":"45 Dayman Street","suburb":"Cowangie","pcode":"3506","grp_name":"Murrayville and Border","label":"Cowangie","site_oc_id":19922,"ESRI_OID":993}},{"type":"Feature","id":994,"geometry":{"type":"Point","coordinates":[143.310826001171,-35.0538419978139]},"properties":{"distrct_no":"18","distrct_label":"District 18","distrct_phone_no":"03 5036 2800","brig_name":"Piangil","fs_name":"Piangil","fs_type":"main","street":"76-78 Murray Street","suburb":"Piangil","pcode":"3597","grp_name":"Mid Murray","label":"Piangil","site_oc_id":19923,"ESRI_OID":994}},{"type":"Feature","id":995,"geometry":{"type":"Point","coordinates":[143.150239001049,-34.7170789979505]},"properties":{"distrct_no":"18","distrct_label":"District 18","distrct_phone_no":"03 5036 2800","brig_name":"Boundary Bend","fs_name":"Boundary Bend","fs_type":"main","street":"10 Boundary Bend-Kooloonong Road","suburb":"Boundary Bend","pcode":"3599","grp_name":"Robinvale and District","label":"Boundary Bend","site_oc_id":19924,"ESRI_OID":995}},{"type":"Feature","id":996,"geometry":{"type":"Point","coordinates":[142.178394001896,-35.7371369970663]},"properties":{"distrct_no":"18","distrct_label":"District 18","distrct_phone_no":"03 5036 2800","brig_name":"Hopetoun West","fs_name":"Hopetoun West","fs_type":"main","street":"1653 Hopetoun-Yaapeet Road","suburb":"Hopetoun","pcode":"3396","grp_name":"Southern Mallee","label":"Hopetoun West","site_oc_id":19928,"ESRI_OID":996}},{"type":"Feature","id":997,"geometry":{"type":"Point","coordinates":[142.873520001838,-36.0590379971117]},"properties":{"distrct_no":"18","distrct_label":"District 18","distrct_phone_no":"03 5036 2800","brig_name":"Warmur","fs_name":"Warmur","fs_type":"main","street":"38 Combs Road","suburb":"Morton Plains","pcode":"3482","grp_name":"Buloke West","label":"Warmur","site_oc_id":20059,"ESRI_OID":997}},{"type":"Feature","id":998,"geometry":{"type":"Point","coordinates":[143.229954001656,-35.9337329972951]},"properties":{"distrct_no":"18","distrct_label":"District 18","distrct_phone_no":"03 5036 2800","brig_name":"Dumosa","fs_name":"Dumosa","fs_type":"main","street":"4711 Donald-Swan Hill Road","suburb":"Dumosa","pcode":"3527","grp_name":"Tyrrell","label":"Dumosa","site_oc_id":20062,"ESRI_OID":998}},{"type":"Feature","id":999,"geometry":{"type":"Point","coordinates":[143.386158001841,-36.378632997098]},"properties":{"distrct_no":"18","distrct_label":"District 18","distrct_phone_no":"03 5036 2800","brig_name":"Yeungroon","fs_name":"Yeungroon","fs_type":"main","street":"87 Yeungroon Road","suburb":"Yeungroon","pcode":"3525","grp_name":"Charlton","label":"Yeungroon","site_oc_id":20063,"ESRI_OID":999}},{"type":"Feature","id":1000,"geometry":{"type":"Point","coordinates":[142.850580001555,-35.5082859974091]},"properties":{"distrct_no":"18","distrct_label":"District 18","distrct_phone_no":"03 5036 2800","brig_name":"Sea Lake","fs_name":"Sea Lake","fs_type":"main","street":"3 Cox Street","suburb":"Sea Lake","pcode":"3533","grp_name":"Tyrrell","label":"Sea Lake","site_oc_id":20069,"ESRI_OID":1000}},{"type":"Feature","id":1001,"geometry":{"type":"Point","coordinates":[143.223887001733,-36.0764949972139]},"properties":{"distrct_no":"18","distrct_label":"District 18","distrct_phone_no":"03 5036 2800","brig_name":"Wycheproof","fs_name":"Wycheproof","fs_type":"main","street":"61-65 Dempsey Street","suburb":"Wycheproof","pcode":"3527","grp_name":"Tyrrell","label":"Wycheproof","site_oc_id":20095,"ESRI_OID":1001}},{"type":"Feature","id":1002,"geometry":{"type":"Point","coordinates":[141.33089000147,-34.3884589975284]},"properties":{"distrct_no":"18","distrct_label":"District 18","distrct_phone_no":"03 5036 2800","brig_name":"Meringur & District","fs_name":"Meringur & District","fs_type":"main","street":"8038 Millewa Road","suburb":"Meringur","pcode":"3496","grp_name":"Sunraysia","label":"Meringur & District","site_oc_id":20134,"ESRI_OID":1002}},{"type":"Feature","id":1003,"geometry":{"type":"Point","coordinates":[142.672480001704,-35.6811719972558]},"properties":{"distrct_no":"18","distrct_label":"District 18","distrct_phone_no":"03 5036 2800","brig_name":"Woomelang","fs_name":"Woomelang","fs_type":"main","street":"6509 Berriwillock-Woomelang Road","suburb":"Woomelang","pcode":"3485","grp_name":"Southern Mallee","label":"Woomelang","site_oc_id":20135,"ESRI_OID":1003}},{"type":"Feature","id":1004,"geometry":{"type":"Point","coordinates":[142.994659001576,-35.6361279973848]},"properties":{"distrct_no":"18","distrct_label":"District 18","distrct_phone_no":"03 5036 2800","brig_name":"Berriwillock","fs_name":"Berriwillock","fs_type":"main","street":"69 Taverner Street","suburb":"Berriwillock","pcode":"3531","grp_name":"Tyrrell","label":"Berriwillock","site_oc_id":20174,"ESRI_OID":1004}},{"type":"Feature","id":1005,"geometry":{"type":"Point","coordinates":[143.056443001756,-36.0162269971938]},"properties":{"distrct_no":"18","distrct_label":"District 18","distrct_phone_no":"03 5036 2800","brig_name":"Narraport","fs_name":"Narraport","fs_type":"main","street":"1439 Birchip-Wycheproof Road","suburb":"Narraport","pcode":"3483","grp_name":"Tyrrell","label":"Narraport","site_oc_id":20190,"ESRI_OID":1005}},{"type":"Feature","id":1006,"geometry":{"type":"Point","coordinates":[142.369687001831,-35.7341119971293]},"properties":{"distrct_no":"18","distrct_label":"District 18","distrct_phone_no":"03 5036 2800","brig_name":"Hopetoun","fs_name":"Hopetoun","fs_type":"main","street":"148 Lascelles Street","suburb":"Hopetoun","pcode":"3396","grp_name":"Southern Mallee","label":"Hopetoun","site_oc_id":20321,"ESRI_OID":1006}},{"type":"Feature","id":1007,"geometry":{"type":"Point","coordinates":[141.594290471383,-34.3886861576158]},"properties":{"distrct_no":"18","distrct_label":"District 18","distrct_phone_no":"03 5036 2800","brig_name":"Meringur & District","fs_name":"Meringur & District Satellite","fs_type":"satellite","street":"7 Tower Street","suburb":"Werrimull","pcode":"3496","grp_name":"Sunraysia","label":"Meringur & District Satellite (Werrimull)","site_oc_id":20428,"ESRI_OID":1007}},{"type":"Feature","id":1008,"geometry":{"type":"Point","coordinates":[143.211024001835,-36.2600649971081]},"properties":{"distrct_no":"18","distrct_label":"District 18","distrct_phone_no":"03 5036 2800","brig_name":"Wooroonook","fs_name":"Wooroonook","fs_type":"main","street":"4055 St Arnaud-Wycheproof Road","suburb":"Wooroonook","pcode":"3525","grp_name":"Charlton","label":"Wooroonook","site_oc_id":20474,"ESRI_OID":1008}},{"type":"Feature","id":1009,"geometry":{"type":"Point","coordinates":[142.187982001103,-34.2208999979073]},"properties":{"distrct_no":"18","distrct_label":"District 18","distrct_phone_no":"03 5036 2800","brig_name":"Irymple","fs_name":"Irymple","fs_type":"main","street":"363 Koorlong Avenue","suburb":"Irymple","pcode":"3498","grp_name":"Sunraysia","label":"Irymple","site_oc_id":20485,"ESRI_OID":1009}},{"type":"Feature","id":1010,"geometry":{"type":"Point","coordinates":[144.793570721504,-36.5896408874258]},"properties":{"distrct_no":"20","distrct_label":"District 20","distrct_phone_no":"03 5450 9400","brig_name":"Colbinabbin","fs_name":"Colbinabbin","fs_type":"main","street":"18 Meade Lane","suburb":"Colbinabbin","pcode":"3559","grp_name":"Waranga","label":"Colbinabbin","site_oc_id":18285,"ESRI_OID":1010}},{"type":"Feature","id":1011,"geometry":{"type":"Point","coordinates":[144.796290281434,-36.4580926675013]},"properties":{"distrct_no":"20","distrct_label":"District 20","distrct_phone_no":"03 5450 9400","brig_name":"Corop","fs_name":"Corop","fs_type":"main","street":"1926a Midland Highway","suburb":"Corop","pcode":"3559","grp_name":"Waranga","label":"Corop","site_oc_id":18287,"ESRI_OID":1011}},{"type":"Feature","id":1012,"geometry":{"type":"Point","coordinates":[144.724843861471,-36.4860853974627]},"properties":{"distrct_no":"20","distrct_label":"District 20","distrct_phone_no":"03 5450 9400","brig_name":"Corop West","fs_name":"Corop West","fs_type":"main","street":"976 Midland Highway","suburb":"Corop","pcode":"3559","grp_name":"Waranga","label":"Corop West","site_oc_id":18288,"ESRI_OID":1012}},{"type":"Feature","id":1013,"geometry":{"type":"Point","coordinates":[144.979983121345,-36.396195237595]},"properties":{"distrct_no":"20","distrct_label":"District 20","distrct_phone_no":"03 5450 9400","brig_name":"Girgarre","fs_name":"Girgarre","fs_type":"main","street":"33 Dickman Street","suburb":"Girgarre","pcode":"3624","grp_name":"Deakin","label":"Girgarre","site_oc_id":18296,"ESRI_OID":1013}},{"type":"Feature","id":1014,"geometry":{"type":"Point","coordinates":[144.687796461606,-36.7190252873191]},"properties":{"distrct_no":"20","distrct_label":"District 20","distrct_phone_no":"03 5450 9400","brig_name":"Toolleen","fs_name":"Toolleen","fs_type":"main","street":"48 Cornella-Toolleen Road","suburb":"Toolleen","pcode":"3551","grp_name":"Waranga","label":"Toolleen","site_oc_id":18328,"ESRI_OID":1014}},{"type":"Feature","id":1015,"geometry":{"type":"Point","coordinates":[145.060823861216,-36.1970351477347]},"properties":{"distrct_no":"20","distrct_label":"District 20","distrct_phone_no":"03 5450 9400","brig_name":"Wyuna","fs_name":"Wyuna","fs_type":"main","street":"Alfred Street","suburb":"Wyuna","pcode":"3620","grp_name":"Deakin","label":"Wyuna","site_oc_id":18331,"ESRI_OID":1015}},{"type":"Feature","id":1016,"geometry":{"type":"Point","coordinates":[144.981027041224,-36.1660615077268]},"properties":{"distrct_no":"20","distrct_label":"District 20","distrct_phone_no":"03 5450 9400","brig_name":"Yambuna","fs_name":"Yambuna","fs_type":"main","street":"Curr Road","suburb":"Yambuna","pcode":"3621","grp_name":"Deakin","label":"Yambuna","site_oc_id":18334,"ESRI_OID":1016}},{"type":"Feature","id":1017,"geometry":{"type":"Point","coordinates":[145.04823408128,-36.3123308876647]},"properties":{"distrct_no":"20","distrct_label":"District 20","distrct_phone_no":"03 5450 9400","brig_name":"Kyabram","fs_name":"Kyabram","fs_type":"main","street":"Bradley Street","suburb":"Kyabram","pcode":"3620","grp_name":"Deakin","label":"Kyabram","site_oc_id":18340,"ESRI_OID":1017}},{"type":"Feature","id":1018,"geometry":{"type":"Point","coordinates":[144.949004401278,-36.2495931276687]},"properties":{"distrct_no":"20","distrct_label":"District 20","distrct_phone_no":"03 5450 9400","brig_name":"Tongala","fs_name":"Tongala","fs_type":"main","street":"114 Mangan Street","suburb":"Tongala","pcode":"3621","grp_name":"Deakin","label":"Tongala","site_oc_id":18362,"ESRI_OID":1018}},{"type":"Feature","id":1019,"geometry":{"type":"Point","coordinates":[143.472964001874,-36.4936239770617]},"properties":{"distrct_no":"20","distrct_label":"District 20","distrct_phone_no":"03 5450 9400","brig_name":"Berrimal","fs_name":"Berrimal","fs_type":"main","street":"1111 Berrimal-Wedderburn Road","suburb":"Berrimal","pcode":"3518","grp_name":"Wedderburn","label":"Berrimal","site_oc_id":19322,"ESRI_OID":1019}},{"type":"Feature","id":1020,"geometry":{"type":"Point","coordinates":[143.521471841892,-36.5566002770422]},"properties":{"distrct_no":"20","distrct_label":"District 20","distrct_phone_no":"03 5450 9400","brig_name":"Fentons Creek","fs_name":"Fentons Creek","fs_type":"main","street":"1778 Logan-Wedderburn Road","suburb":"Fentons Creek","pcode":"3518","grp_name":"Wedderburn","label":"Fentons Creek","site_oc_id":19327,"ESRI_OID":1020}},{"type":"Feature","id":1021,"geometry":{"type":"Point","coordinates":[143.697319011888,-36.6564475770422]},"properties":{"distrct_no":"20","distrct_label":"District 20","distrct_phone_no":"03 5450 9400","brig_name":"Rheola","fs_name":"Rheola","fs_type":"main","street":"Dunolly Road","suburb":"Rheola","pcode":"3517","grp_name":"Loddon South","label":"Rheola","site_oc_id":19336,"ESRI_OID":1021}},{"type":"Feature","id":1022,"geometry":{"type":"Point","coordinates":[143.829794251906,-36.769487477021]},"properties":{"distrct_no":"20","distrct_label":"District 20","distrct_phone_no":"03 5450 9400","brig_name":"Tarnagulla","fs_name":"Tarnagulla","fs_type":"main","street":"53 Gladstone Street","suburb":"Tarnagulla","pcode":"3551","grp_name":"Loddon South","label":"Tarnagulla","site_oc_id":19340,"ESRI_OID":1022}},{"type":"Feature","id":1023,"geometry":{"type":"Point","coordinates":[143.612000621789,-36.4187218071473]},"properties":{"distrct_no":"20","distrct_label":"District 20","distrct_phone_no":"03 5450 9400","brig_name":"Wedderburn","fs_name":"Wedderburn","fs_type":"main","street":"18 Chapel Street","suburb":"Wedderburn","pcode":"3518","grp_name":"Wedderburn","label":"Wedderburn","site_oc_id":19342,"ESRI_OID":1023}},{"type":"Feature","id":1024,"geometry":{"type":"Point","coordinates":[143.599453961716,-36.2735012272241]},"properties":{"distrct_no":"20","distrct_label":"District 20","distrct_phone_no":"03 5450 9400","brig_name":"Wychitella","fs_name":"Wychitella","fs_type":"main","street":"16 Tormeys Road","suburb":"Wychitella","pcode":"3525","grp_name":"Wedderburn","label":"Wychitella","site_oc_id":19346,"ESRI_OID":1024}},{"type":"Feature","id":1025,"geometry":{"type":"Point","coordinates":[143.756281781643,-36.2301528272983]},"properties":{"distrct_no":"20","distrct_label":"District 20","distrct_phone_no":"03 5450 9400","brig_name":"Mysia","fs_name":"Mysia","fs_type":"main","street":"Days Road","suburb":"Mysia","pcode":"3518","grp_name":"Wedderburn","label":"Mysia","site_oc_id":19347,"ESRI_OID":1025}},{"type":"Feature","id":1026,"geometry":{"type":"Point","coordinates":[143.943180251781,-36.6028555271494]},"properties":{"distrct_no":"20","distrct_label":"District 20","distrct_phone_no":"03 5450 9400","brig_name":"Bridgewater","fs_name":"Bridgewater","fs_type":"main","street":"28 Main Street","suburb":"Bridgewater On Loddon","pcode":"3516","grp_name":"Loddon South","label":"Bridgewater","site_oc_id":19349,"ESRI_OID":1026}},{"type":"Feature","id":1027,"geometry":{"type":"Point","coordinates":[143.968561001596,-36.2697059973438]},"properties":{"distrct_no":"20","distrct_label":"District 20","distrct_phone_no":"03 5450 9400","brig_name":"Jarklin","fs_name":"Jarklin","fs_type":"main","street":"18 Jarklin East Road","suburb":"Jarklin","pcode":"3517","grp_name":"Terrick","label":"Jarklin","site_oc_id":19350,"ESRI_OID":1027}},{"type":"Feature","id":1028,"geometry":{"type":"Point","coordinates":[143.900425611867,-36.7393644470599]},"properties":{"distrct_no":"20","distrct_label":"District 20","distrct_phone_no":"03 5450 9400","brig_name":"Newbridge","fs_name":"Newbridge","fs_type":"main","street":"Burke Street","suburb":"Newbridge","pcode":"3551","grp_name":"Loddon South","label":"Newbridge","site_oc_id":19351,"ESRI_OID":1028}},{"type":"Feature","id":1029,"geometry":{"type":"Point","coordinates":[143.901665961913,-36.8260033670121]},"properties":{"distrct_no":"20","distrct_label":"District 20","distrct_phone_no":"03 5450 9400","brig_name":"Woodstock West","fs_name":"Woodstock West","fs_type":"main","street":"6 Guiney Street","suburb":"Laanecoorie","pcode":"3463","grp_name":"Loddon South","label":"Woodstock West","site_oc_id":19354,"ESRI_OID":1029}},{"type":"Feature","id":1030,"geometry":{"type":"Point","coordinates":[144.10370226173,-36.6041746071993]},"properties":{"distrct_no":"20","distrct_label":"District 20","distrct_phone_no":"03 5450 9400","brig_name":"Campbells Forest","fs_name":"Campbells Forest","fs_type":"main","street":"1434 Sebastian Road","suburb":"Campbells Forest","pcode":"3556","grp_name":"Loddon South","label":"Campbells Forest","site_oc_id":19360,"ESRI_OID":1030}},{"type":"Feature","id":1031,"geometry":{"type":"Point","coordinates":[144.231610001566,-36.3713119973705]},"properties":{"distrct_no":"20","distrct_label":"District 20","distrct_phone_no":"03 5450 9400","brig_name":"Dingee-Tandarra","fs_name":"Dingee-Tandarra","fs_type":"main","street":"6 Queen Street","suburb":"Dingee","pcode":"3571","grp_name":"Terrick","label":"Dingee-Tandarra","site_oc_id":19362,"ESRI_OID":1031}},{"type":"Feature","id":1032,"geometry":{"type":"Point","coordinates":[144.231793961481,-36.2101731874614]},"properties":{"distrct_no":"20","distrct_label":"District 20","distrct_phone_no":"03 5450 9400","brig_name":"Mitiamo","fs_name":"Mitiamo","fs_type":"main","street":"9 Haig Street","suburb":"Mitiamo","pcode":"3573","grp_name":"Terrick","label":"Mitiamo","site_oc_id":19380,"ESRI_OID":1032}},{"type":"Feature","id":1033,"geometry":{"type":"Point","coordinates":[144.630100601333,-36.1650692576145]},"properties":{"distrct_no":"20","distrct_label":"District 20","distrct_phone_no":"03 5450 9400","brig_name":"Bamawm Extension","fs_name":"Bamawm Extension","fs_type":"main","street":"917 Echuca West School Road","suburb":"Echuca West","pcode":"3564","grp_name":"Northern Campaspe","label":"Bamawm Extension","site_oc_id":19388,"ESRI_OID":1033}},{"type":"Feature","id":1034,"geometry":{"type":"Point","coordinates":[144.535663011417,-36.2703140975245]},"properties":{"distrct_no":"20","distrct_label":"District 20","distrct_phone_no":"03 5450 9400","brig_name":"Lockington","fs_name":"Lockington","fs_type":"main","street":"2417 Lockington Road","suburb":"Lockington","pcode":"3563","grp_name":"Northern Campaspe","label":"Lockington","site_oc_id":19389,"ESRI_OID":1034}},{"type":"Feature","id":1035,"geometry":{"type":"Point","coordinates":[144.219009821276,-35.809063957684]},"properties":{"distrct_no":"20","distrct_label":"District 20","distrct_phone_no":"03 5450 9400","brig_name":"Cohuna","fs_name":"Cohuna","fs_type":"main","street":"37 King Edward Street","suburb":"Cohuna","pcode":"3568","grp_name":"Gannawarra","label":"Cohuna","site_oc_id":19392,"ESRI_OID":1035}},{"type":"Feature","id":1036,"geometry":{"type":"Point","coordinates":[144.371771181305,-35.9573400576493]},"properties":{"distrct_no":"20","distrct_label":"District 20","distrct_phone_no":"03 5450 9400","brig_name":"Gunbower","fs_name":"Gunbower","fs_type":"main","street":"Weir Road","suburb":"Gunbower","pcode":"3566","grp_name":"Northern Campaspe","label":"Gunbower","site_oc_id":19394,"ESRI_OID":1036}},{"type":"Feature","id":1037,"geometry":{"type":"Point","coordinates":[144.130790851217,-35.6432647277493]},"properties":{"distrct_no":"20","distrct_label":"District 20","distrct_phone_no":"03 5450 9400","brig_name":"Koondrook","fs_name":"Koondrook","fs_type":"main","street":"84 Main Street","suburb":"Koondrook","pcode":"3580","grp_name":"Gannawarra","label":"Koondrook","site_oc_id":19395,"ESRI_OID":1037}},{"type":"Feature","id":1038,"geometry":{"type":"Point","coordinates":[144.534122531381,-36.1992851375644]},"properties":{"distrct_no":"20","distrct_label":"District 20","distrct_phone_no":"03 5450 9400","brig_name":"Kotta","fs_name":"Kotta","fs_type":"main","street":"Echuca Mitiamo Road","suburb":"Kotta","pcode":"3564","grp_name":"Northern Campaspe","label":"Kotta","site_oc_id":19396,"ESRI_OID":1038}},{"type":"Feature","id":1039,"geometry":{"type":"Point","coordinates":[144.3015772413,-35.9061633976557]},"properties":{"distrct_no":"20","distrct_label":"District 20","distrct_phone_no":"03 5450 9400","brig_name":"Leitchville","fs_name":"Leitchville","fs_type":"main","street":"33 King Albert Avenue","suburb":"Leitchville","pcode":"3567","grp_name":"Gannawarra","label":"Leitchville","site_oc_id":19397,"ESRI_OID":1039}},{"type":"Feature","id":1040,"geometry":{"type":"Point","coordinates":[144.028312321394,-35.9212442875589]},"properties":{"distrct_no":"20","distrct_label":"District 20","distrct_phone_no":"03 5450 9400","brig_name":"Macorna","fs_name":"Macorna","fs_type":"main","street":"Poyners Road","suburb":"Macorna","pcode":"3579","grp_name":"Gannawarra","label":"Macorna","site_oc_id":19398,"ESRI_OID":1040}},{"type":"Feature","id":1041,"geometry":{"type":"Point","coordinates":[144.114555931437,-36.0540106675119]},"properties":{"distrct_no":"20","distrct_label":"District 20","distrct_phone_no":"03 5450 9400","brig_name":"Pyramid Hill","fs_name":"Pyramid Hill","fs_type":"main","street":"15 Kelly Street","suburb":"Pyramid Hill","pcode":"3575","grp_name":"Terrick","label":"Pyramid Hill","site_oc_id":19399,"ESRI_OID":1041}},{"type":"Feature","id":1042,"geometry":{"type":"Point","coordinates":[144.700208761414,-36.3627958375247]},"properties":{"distrct_no":"20","distrct_label":"District 20","distrct_phone_no":"03 5450 9400","brig_name":"Rochester","fs_name":"Rochester","fs_type":"main","street":"Mackay Street","suburb":"Rochester","pcode":"3561","grp_name":"Northern Campaspe","label":"Rochester","site_oc_id":19401,"ESRI_OID":1042}},{"type":"Feature","id":1043,"geometry":{"type":"Point","coordinates":[144.032378071528,-36.1782493074155]},"properties":{"distrct_no":"20","distrct_label":"District 20","distrct_phone_no":"03 5450 9400","brig_name":"Yarrawalla","fs_name":"Yarrawalla","fs_type":"main","street":"4 Yarrawalla East Road","suburb":"Yarrawalla","pcode":"3575","grp_name":"Terrick","label":"Yarrawalla","site_oc_id":19404,"ESRI_OID":1043}},{"type":"Feature","id":1044,"geometry":{"type":"Point","coordinates":[143.869278261447,-35.9255087375053]},"properties":{"distrct_no":"20","distrct_label":"District 20","distrct_phone_no":"03 5450 9400","brig_name":"Appin South","fs_name":"Appin South","fs_type":"main","street":"1150 Appin South Road","suburb":"Appin South","pcode":"3579","grp_name":"Gannawarra","label":"Appin South","site_oc_id":19405,"ESRI_OID":1044}},{"type":"Feature","id":1045,"geometry":{"type":"Point","coordinates":[143.59849987137,-35.6125099875937]},"properties":{"distrct_no":"20","distrct_label":"District 20","distrct_phone_no":"03 5450 9400","brig_name":"Beauchamp","fs_name":"Beauchamp","fs_type":"main","street":"650 Mystic Park-Beauchamp Road","suburb":"Beauchamp","pcode":"3579","grp_name":"Gannawarra","label":"Beauchamp","site_oc_id":19408,"ESRI_OID":1045}},{"type":"Feature","id":1046,"geometry":{"type":"Point","coordinates":[143.723431211593,-36.1151800573521]},"properties":{"distrct_no":"20","distrct_label":"District 20","distrct_phone_no":"03 5450 9400","brig_name":"Boort","fs_name":"Boort","fs_type":"main","street":"1-3 King Street West","suburb":"Boort","pcode":"3537","grp_name":"Terrick","label":"Boort","site_oc_id":19414,"ESRI_OID":1046}},{"type":"Feature","id":1047,"geometry":{"type":"Point","coordinates":[143.91906606133,-35.7312350376308]},"properties":{"distrct_no":"20","distrct_label":"District 20","distrct_phone_no":"03 5450 9400","brig_name":"Kerang","fs_name":"Kerang","fs_type":"main","street":"49 Fitzroy Street","suburb":"Kerang","pcode":"3579","grp_name":"Gannawarra","label":"Kerang","site_oc_id":19432,"ESRI_OID":1047}},{"type":"Feature","id":1048,"geometry":{"type":"Point","coordinates":[143.375382961473,-35.6734571674871]},"properties":{"distrct_no":"20","distrct_label":"District 20","distrct_phone_no":"03 5450 9400","brig_name":"Lalbert","fs_name":"Lalbert","fs_type":"main","street":"23 Main Street","suburb":"Lalbert","pcode":"3542","grp_name":"Gannawarra","label":"Lalbert","site_oc_id":19438,"ESRI_OID":1048}},{"type":"Feature","id":1049,"geometry":{"type":"Point","coordinates":[143.938979291485,-36.0410792574627]},"properties":{"distrct_no":"20","distrct_label":"District 20","distrct_phone_no":"03 5450 9400","brig_name":"Loddon Vale","fs_name":"Loddon Vale","fs_type":"main","street":"Hopefield Road","suburb":"Loddon Vale","pcode":"3575","grp_name":"Terrick","label":"Loddon Vale","site_oc_id":19440,"ESRI_OID":1049}},{"type":"Feature","id":1050,"geometry":{"type":"Point","coordinates":[143.957408171212,-35.5281963077581]},"properties":{"distrct_no":"20","distrct_label":"District 20","distrct_phone_no":"03 5450 9400","brig_name":"Murrabit","fs_name":"Murrabit","fs_type":"main","street":"28 Gonn Avenue","suburb":"Murrabit","pcode":"3578","grp_name":"Gannawarra","label":"Murrabit","site_oc_id":19442,"ESRI_OID":1050}},{"type":"Feature","id":1051,"geometry":{"type":"Point","coordinates":[143.520323211518,-35.8496178674354]},"properties":{"distrct_no":"20","distrct_label":"District 20","distrct_phone_no":"03 5450 9400","brig_name":"Quambatook","fs_name":"Quambatook","fs_type":"main","street":"30 Guthrie Street","suburb":"Quambatook","pcode":"3540","grp_name":"Gannawarra","label":"Quambatook","site_oc_id":19446,"ESRI_OID":1051}},{"type":"Feature","id":1052,"geometry":{"type":"Point","coordinates":[143.800936601549,-36.0794426673969]},"properties":{"distrct_no":"20","distrct_label":"District 20","distrct_phone_no":"03 5450 9400","brig_name":"Yando","fs_name":"Yando","fs_type":"main","street":"Boort Road","suburb":"Yando","pcode":"3537","grp_name":"Terrick","label":"Yando","site_oc_id":19456,"ESRI_OID":1052}},{"type":"Feature","id":1053,"geometry":{"type":"Point","coordinates":[144.431010001465,-36.298854997475]},"properties":{"distrct_no":"20","distrct_label":"District 20","distrct_phone_no":"03 5450 9400","brig_name":"Tennyson","fs_name":"Tennyson","fs_type":"main","street":"2342 Prairie-Rochester Road","suburb":"Tennyson","pcode":"3572","grp_name":"Northern Campaspe","label":"Tennyson","site_oc_id":19921,"ESRI_OID":1053}},{"type":"Feature","id":1054,"geometry":{"type":"Point","coordinates":[143.703380001727,-36.3568099972107]},"properties":{"distrct_no":"20","distrct_label":"District 20","distrct_phone_no":"03 5450 9400","brig_name":"Korong Vale","fs_name":"Korong Vale","fs_type":"main","street":"76-78 Vernon Street","suburb":"Korong Vale","pcode":"3520","grp_name":"Wedderburn","label":"Korong Vale","site_oc_id":19925,"ESRI_OID":1054}},{"type":"Feature","id":1055,"geometry":{"type":"Point","coordinates":[144.432254001427,-36.2260849975165]},"properties":{"distrct_no":"20","distrct_label":"District 20","distrct_phone_no":"03 5450 9400","brig_name":"Pine Grove","fs_name":"Pine Grove","fs_type":"main","street":"2691 Whinfield Road","suburb":"Lockington","pcode":"3563","grp_name":"Northern Campaspe","label":"Pine Grove","site_oc_id":19927,"ESRI_OID":1055}},{"type":"Feature","id":1056,"geometry":{"type":"Point","coordinates":[143.801817881303,-35.6091211476617]},"properties":{"distrct_no":"20","distrct_label":"District 20","distrct_phone_no":"03 5450 9400","brig_name":"Lake Charm","fs_name":"Lake Charm","fs_type":"main","street":"57 Benjeroop-Lake Charm Road","suburb":"Lake Charm","pcode":"3581","grp_name":"Gannawarra","label":"Lake Charm","site_oc_id":19929,"ESRI_OID":1056}},{"type":"Feature","id":1057,"geometry":{"type":"Point","coordinates":[145.020780001432,-36.587653997499]},"properties":{"distrct_no":"20","distrct_label":"District 20","distrct_phone_no":"03 5450 9400","brig_name":"Rushworth","fs_name":"Rushworth","fs_type":"main","street":"20-24 Murchison Road","suburb":"Rushworth","pcode":"3612","grp_name":"Waranga","label":"Rushworth","site_oc_id":19996,"ESRI_OID":1057}},{"type":"Feature","id":1058,"geometry":{"type":"Point","coordinates":[143.777742001382,-35.7461049975766]},"properties":{"distrct_no":"20","distrct_label":"District 20","distrct_phone_no":"03 5450 9400","brig_name":"Sandhill Lake & District","fs_name":"Sandhill Lake & District","fs_type":"main","street":"1131 Kerang-Quambatook Road","suburb":"Wandella","pcode":"3579","grp_name":"Gannawarra","label":"Sandhill Lake & District","site_oc_id":20024,"ESRI_OID":1058}},{"type":"Feature","id":1059,"geometry":{"type":"Point","coordinates":[143.490867001811,-36.3867159971267]},"properties":{"distrct_no":"20","distrct_label":"District 20","distrct_phone_no":"03 5450 9400","brig_name":"Woosang","fs_name":"Woosang","fs_type":"main","street":"6 Lang Road","suburb":"Richmond Plains","pcode":"3518","grp_name":"Wedderburn","label":"Woosang","site_oc_id":20047,"ESRI_OID":1059}},{"type":"Feature","id":1060,"geometry":{"type":"Point","coordinates":[144.990928001368,-36.44624799757]},"properties":{"distrct_no":"20","distrct_label":"District 20","distrct_phone_no":"03 5450 9400","brig_name":"Stanhope","fs_name":"Stanhope","fs_type":"main","street":"Midland Highway","suburb":"Stanhope","pcode":"3623","grp_name":"Waranga","label":"Stanhope","site_oc_id":20049,"ESRI_OID":1060}},{"type":"Feature","id":1061,"geometry":{"type":"Point","coordinates":[143.783414001892,-36.7164679970359]},"properties":{"distrct_no":"20","distrct_label":"District 20","distrct_phone_no":"03 5450 9400","brig_name":"Murphy's Creek","fs_name":"Murphy's Creek","fs_type":"main","street":"46 Oxleys Lane","suburb":"Murphys Creek","pcode":"3551","grp_name":"Loddon South","label":"Murphy's Creek","site_oc_id":20055,"ESRI_OID":1061}},{"type":"Feature","id":1062,"geometry":{"type":"Point","coordinates":[143.855681001734,-36.4614979972006]},"properties":{"distrct_no":"20","distrct_label":"District 20","distrct_phone_no":"03 5450 9400","brig_name":"Powlett-Salisbury","fs_name":"Powlett-Salisbury","fs_type":"main","street":"1338 Inglewood-Powlett Road","suburb":"Powlett Plains","pcode":"3517","grp_name":"Loddon South","label":"Powlett-Salisbury","site_oc_id":20057,"ESRI_OID":1062}},{"type":"Feature","id":1063,"geometry":{"type":"Point","coordinates":[143.669515001555,-36.0099899973937]},"properties":{"distrct_no":"20","distrct_label":"District 20","distrct_phone_no":"03 5450 9400","brig_name":"Barraport-Gredgwin","fs_name":"Barraport-Gredgwin","fs_type":"main","street":"8 Barraport West Road","suburb":"Barraport","pcode":"3537","grp_name":"Terrick","label":"Barraport-Gredgwin","site_oc_id":20073,"ESRI_OID":1063}},{"type":"Feature","id":1064,"geometry":{"type":"Point","coordinates":[144.752066001283,-36.141695997667]},"properties":{"distrct_no":"20","distrct_label":"District 20","distrct_phone_no":"03 5450 9400","brig_name":"Echuca","fs_name":"Echuca","fs_type":"main","street":"290 High Street","suburb":"Echuca","pcode":"3564","grp_name":"Deakin","label":"Echuca","site_oc_id":20087,"ESRI_OID":1064}},{"type":"Feature","id":1065,"geometry":{"type":"Point","coordinates":[144.814272001263,-36.140036997688]},"properties":{"distrct_no":"20","distrct_label":"District 20","distrct_phone_no":"03 5450 9400","brig_name":"Echuca Village","fs_name":"Echuca Village","fs_type":"main","street":"401 Mitchell Road","suburb":"Echuca Village","pcode":"3564","grp_name":"Deakin","label":"Echuca Village","site_oc_id":20092,"ESRI_OID":1065}},{"type":"Feature","id":1066,"geometry":{"type":"Point","coordinates":[144.892065001352,-36.3572959975891]},"properties":{"distrct_no":"20","distrct_label":"District 20","distrct_phone_no":"03 5450 9400","brig_name":"Timmering","fs_name":"Timmering","fs_type":"main","street":"1280 Webb Road","suburb":"Timmering","pcode":"3561","grp_name":"Deakin","label":"Timmering","site_oc_id":20124,"ESRI_OID":1066}},{"type":"Feature","id":1067,"geometry":{"type":"Point","coordinates":[144.513769001283,-36.0001659976708]},"properties":{"distrct_no":"20","distrct_label":"District 20","distrct_phone_no":"03 5450 9400","brig_name":"Torrumbarry","fs_name":"Torrumbarry","fs_type":"main","street":"314 Headworks Road","suburb":"Torrumbarry","pcode":"3562","grp_name":"Northern Campaspe","label":"Torrumbarry","site_oc_id":20164,"ESRI_OID":1067}},{"type":"Feature","id":1068,"geometry":{"type":"Point","coordinates":[143.727840001482,-35.9063019974705]},"properties":{"distrct_no":"20","distrct_label":"District 20","distrct_phone_no":"03 5450 9400","brig_name":"Meering West","fs_name":"Meering West","fs_type":"main","street":"457 Meering West Road","suburb":"Meering West","pcode":"3579","grp_name":"Gannawarra","label":"Meering West","site_oc_id":20166,"ESRI_OID":1068}},{"type":"Feature","id":1069,"geometry":{"type":"Point","coordinates":[143.873437001788,-36.5747999971431]},"properties":{"distrct_no":"20","distrct_label":"District 20","distrct_phone_no":"03 5450 9400","brig_name":"Inglewood","fs_name":"Inglewood","fs_type":"main","street":"130 Southey Street","suburb":"Inglewood","pcode":"3517","grp_name":"Loddon South","label":"Inglewood","site_oc_id":20311,"ESRI_OID":1069}},{"type":"Feature","id":1070,"geometry":{"type":"Point","coordinates":[143.61959326155,-35.9700518373999]},"properties":{"distrct_no":"20","distrct_label":"District 20","distrct_phone_no":"03 5450 9400","brig_name":"Barraport-Gredgwin","fs_name":"Barraport-Gredgwin Satellite","fs_type":"satellite","street":"2005 Boort-Quambatook Road","suburb":"Gredgwin","pcode":"3537","grp_name":"Terrick","label":"Barraport-Gredgwin Satellite (Gredgwin)","site_oc_id":20417,"ESRI_OID":1070}},{"type":"Feature","id":1071,"geometry":{"type":"Point","coordinates":[143.976839001667,-36.4098259972679]},"properties":{"distrct_no":"20","distrct_label":"District 20","distrct_phone_no":"03 5450 9400","brig_name":"Serpentine","fs_name":"Serpentine","fs_type":"main","street":"23-27 Treloar Street","suburb":"Serpentine","pcode":"3517","grp_name":"Terrick","label":"Serpentine","site_oc_id":20499,"ESRI_OID":1071}},{"type":"Feature","id":1072,"geometry":{"type":"Point","coordinates":[146.160704850815,-36.0654238181658]},"properties":{"distrct_no":"22","distrct_label":"District 22","distrct_phone_no":"03 5833 2400","brig_name":"Bundalong","fs_name":"Bundalong","fs_type":"main","street":"149 Munros Road","suburb":"Bundalong","pcode":"3730","grp_name":"Yarrawonga","label":"Bundalong","site_oc_id":18221,"ESRI_OID":1072}},{"type":"Feature","id":1073,"geometry":{"type":"Point","coordinates":[146.018154170905,-36.1582779980656]},"properties":{"distrct_no":"22","distrct_label":"District 22","distrct_phone_no":"03 5833 2400","brig_name":"Wilby","fs_name":"Wilby","fs_type":"main","street":"Swanston Street","suburb":"Wilby","pcode":"3728","grp_name":"Yarrawonga","label":"Wilby","site_oc_id":18273,"ESRI_OID":1073}},{"type":"Feature","id":1074,"geometry":{"type":"Point","coordinates":[146.012993350834,-36.0166010281464]},"properties":{"distrct_no":"22","distrct_label":"District 22","distrct_phone_no":"03 5833 2400","brig_name":"Yarrawonga","fs_name":"Yarrawonga","fs_type":"main","street":"65 Woods Road","suburb":"Yarrawonga","pcode":"3730","grp_name":"Yarrawonga","label":"Yarrawonga","site_oc_id":18276,"ESRI_OID":1074}},{"type":"Feature","id":1075,"geometry":{"type":"Point","coordinates":[145.333074021323,-36.5633138476121]},"properties":{"distrct_no":"22","distrct_label":"District 22","distrct_phone_no":"03 5833 2400","brig_name":"Arcadia","fs_name":"Arcadia","fs_type":"main","street":"12 Main Road","suburb":"Arcadia","pcode":"3631","grp_name":"Cogs","label":"Arcadia","site_oc_id":18279,"ESRI_OID":1075}},{"type":"Feature","id":1076,"geometry":{"type":"Point","coordinates":[145.135305001478,-36.7418409974476]},"properties":{"distrct_no":"22","distrct_label":"District 22","distrct_phone_no":"03 5833 2400","brig_name":"Bailieston","fs_name":"Bailieston","fs_type":"main","street":"5 Mcleod Street","suburb":"Kirwans Bridge","pcode":"3608","grp_name":"Tabilk","label":"Bailieston","site_oc_id":18280,"ESRI_OID":1076}},{"type":"Feature","id":1077,"geometry":{"type":"Point","coordinates":[145.647302921304,-36.7101201176278]},"properties":{"distrct_no":"22","distrct_label":"District 22","distrct_phone_no":"03 5833 2400","brig_name":"Balmattum","fs_name":"Balmattum","fs_type":"main","street":"1059 Sheans Creek Road","suburb":"Balmattum","pcode":"3666","grp_name":"Violet Town","label":"Balmattum","site_oc_id":18281,"ESRI_OID":1077}},{"type":"Feature","id":1078,"geometry":{"type":"Point","coordinates":[145.80368458122,-36.6408184577173]},"properties":{"distrct_no":"22","distrct_label":"District 22","distrct_phone_no":"03 5833 2400","brig_name":"Boho","fs_name":"Boho","fs_type":"main","street":"381 Boho Church Road","suburb":"Boho","pcode":"3669","grp_name":"Violet Town","label":"Boho","site_oc_id":18282,"ESRI_OID":1078}},{"type":"Feature","id":1079,"geometry":{"type":"Point","coordinates":[145.426331441366,-36.6997172775637]},"properties":{"distrct_no":"22","distrct_label":"District 22","distrct_phone_no":"03 5833 2400","brig_name":"Branjee","fs_name":"Branjee","fs_type":"main","street":"788 Curries Road","suburb":"Molka","pcode":"3666","grp_name":"Euroa","label":"Branjee","site_oc_id":18283,"ESRI_OID":1079}},{"type":"Feature","id":1080,"geometry":{"type":"Point","coordinates":[145.631254221183,-36.4689414377614]},"properties":{"distrct_no":"22","distrct_label":"District 22","distrct_phone_no":"03 5833 2400","brig_name":"Caniambo","fs_name":"Caniambo","fs_type":"main","street":"476 Bridge Road","suburb":"Caniambo","pcode":"3630","grp_name":"Cogs","label":"Caniambo","site_oc_id":18284,"ESRI_OID":1080}},{"type":"Feature","id":1081,"geometry":{"type":"Point","coordinates":[145.068051741327,-36.4134764276133]},"properties":{"distrct_no":"22","distrct_label":"District 22","distrct_phone_no":"03 5833 2400","brig_name":"Cooma","fs_name":"Cooma","fs_type":"main","street":"992 Kyabram-Cooma Road","suburb":"Cooma","pcode":"3616","grp_name":"Cogs","label":"Cooma","site_oc_id":18286,"ESRI_OID":1081}},{"type":"Feature","id":1082,"geometry":{"type":"Point","coordinates":[145.577187951136,-36.3477685678139]},"properties":{"distrct_no":"22","distrct_label":"District 22","distrct_phone_no":"03 5833 2400","brig_name":"Cosgrove & Pine Lodge","fs_name":"Cosgrove & Pine Lodge","fs_type":"main","street":"395 Cosgrove-Lemnos Road","suburb":"Pine Lodge","pcode":"3631","grp_name":"Cogs","label":"Cosgrove & Pine Lodge","site_oc_id":18289,"ESRI_OID":1082}},{"type":"Feature","id":1083,"geometry":{"type":"Point","coordinates":[145.528348751429,-36.879683917493]},"properties":{"distrct_no":"22","distrct_label":"District 22","distrct_phone_no":"03 5833 2400","brig_name":"Creightons Creek","fs_name":"Creightons Creek","fs_type":"main","street":"1489 Creightons Creek Road","suburb":"Creightons Creek","pcode":"3666","grp_name":"Euroa","label":"Creightons Creek","site_oc_id":18290,"ESRI_OID":1083}},{"type":"Feature","id":1084,"geometry":{"type":"Point","coordinates":[145.684659381093,-36.32759504786]},"properties":{"distrct_no":"22","distrct_label":"District 22","distrct_phone_no":"03 5833 2400","brig_name":"Dookie","fs_name":"Dookie","fs_type":"main","street":"65 Mary Street","suburb":"Dookie","pcode":"3646","grp_name":"Cogs","label":"Dookie","site_oc_id":18292,"ESRI_OID":1084}},{"type":"Feature","id":1085,"geometry":{"type":"Point","coordinates":[145.706195441115,-36.3817121478357]},"properties":{"distrct_no":"22","distrct_label":"District 22","distrct_phone_no":"03 5833 2400","brig_name":"Currawa","fs_name":"Currawa","fs_type":"main","street":"North Drive","suburb":"Dookie College","pcode":"3647","grp_name":"Cogs","label":"Currawa","site_oc_id":18293,"ESRI_OID":1085}},{"type":"Feature","id":1086,"geometry":{"type":"Point","coordinates":[145.504037001055,-36.1491269979049]},"properties":{"distrct_no":"22","distrct_label":"District 22","distrct_phone_no":"03 5833 2400","brig_name":"Drumanure","fs_name":"Drumanure","fs_type":"main","street":"556 Gordons Road","suburb":"Drumanure","pcode":"3636","grp_name":"Moira West","label":"Drumanure","site_oc_id":18294,"ESRI_OID":1086}},{"type":"Feature","id":1087,"geometry":{"type":"Point","coordinates":[145.583301451405,-36.8662584575181]},"properties":{"distrct_no":"22","distrct_label":"District 22","distrct_phone_no":"03 5833 2400","brig_name":"Gooram","fs_name":"Gooram","fs_type":"main","street":"6 Sargoods Road","suburb":"Gooram","pcode":"3666","grp_name":"Euroa","label":"Gooram","site_oc_id":18297,"ESRI_OID":1087}},{"type":"Feature","id":1088,"geometry":{"type":"Point","coordinates":[145.498073521259,-36.5375384976795]},"properties":{"distrct_no":"22","distrct_label":"District 22","distrct_phone_no":"03 5833 2400","brig_name":"Karramomus","fs_name":"Karramomus","fs_type":"main","street":"1460 Coach Road","suburb":"Karramomus","pcode":"3631","grp_name":"Cogs","label":"Karramomus","site_oc_id":18299,"ESRI_OID":1088}},{"type":"Feature","id":1089,"geometry":{"type":"Point","coordinates":[145.688728650963,-36.0788408580052]},"properties":{"distrct_no":"22","distrct_label":"District 22","distrct_phone_no":"03 5833 2400","brig_name":"Katamatite","fs_name":"Katamatite","fs_type":"main","street":"32 Beek Street","suburb":"Katamatite","pcode":"3649","grp_name":"Tungamah","label":"Katamatite","site_oc_id":18300,"ESRI_OID":1089}},{"type":"Feature","id":1090,"geometry":{"type":"Point","coordinates":[145.559194551078,-36.2256380678785]},"properties":{"distrct_no":"22","distrct_label":"District 22","distrct_phone_no":"03 5833 2400","brig_name":"Katandra","fs_name":"Katandra","fs_type":"main","street":"15 Bankin Street","suburb":"Katandra West","pcode":"3634","grp_name":"Cogs","label":"Katandra","site_oc_id":18301,"ESRI_OID":1090}},{"type":"Feature","id":1091,"geometry":{"type":"Point","coordinates":[145.457312900992,-35.9992604579763]},"properties":{"distrct_no":"22","distrct_label":"District 22","distrct_phone_no":"03 5833 2400","brig_name":"Katunga","fs_name":"Katunga","fs_type":"main","street":"9a Carter Street","suburb":"Katunga","pcode":"3640","grp_name":"Moira West","label":"Katunga","site_oc_id":18302,"ESRI_OID":1091}},{"type":"Feature","id":1092,"geometry":{"type":"Point","coordinates":[145.677746001356,-36.8271529975703]},"properties":{"distrct_no":"22","distrct_label":"District 22","distrct_phone_no":"03 5833 2400","brig_name":"Kelvin View","fs_name":"Kelvin View","fs_type":"main","street":"1449 Euroa-Strathbogie Road","suburb":"Kelvin View","pcode":"3666","grp_name":"Euroa","label":"Kelvin View","site_oc_id":18303,"ESRI_OID":1092}},{"type":"Feature","id":1093,"geometry":{"type":"Point","coordinates":[145.431973811235,-36.452960217707]},"properties":{"distrct_no":"22","distrct_label":"District 22","distrct_phone_no":"03 5833 2400","brig_name":"Kialla & District","fs_name":"Kialla & District","fs_type":"main","street":"133 Central Kialla Road","suburb":"Kialla.","pcode":"3631","grp_name":"Cogs","label":"Kialla & District","site_oc_id":18304,"ESRI_OID":1093}},{"type":"Feature","id":1094,"geometry":{"type":"Point","coordinates":[145.752028071149,-36.475837947796]},"properties":{"distrct_no":"22","distrct_label":"District 22","distrct_phone_no":"03 5833 2400","brig_name":"Koonda","fs_name":"Koonda","fs_type":"main","street":"1984 Cemetery Road","suburb":"Koonda","pcode":"3669","grp_name":"Violet Town","label":"Koonda","site_oc_id":18305,"ESRI_OID":1094}},{"type":"Feature","id":1095,"geometry":{"type":"Point","coordinates":[145.129620611168,-36.1462005277859]},"properties":{"distrct_no":"22","distrct_label":"District 22","distrct_phone_no":"03 5833 2400","brig_name":"Kotupna","fs_name":"Kotupna","fs_type":"main","street":"22 Kotupna-Barmah Road","suburb":"Kotupna","pcode":"3638","grp_name":"Moira West","label":"Kotupna","site_oc_id":18306,"ESRI_OID":1095}},{"type":"Feature","id":1096,"geometry":{"type":"Point","coordinates":[145.331593441465,-36.8333922474574]},"properties":{"distrct_no":"22","distrct_label":"District 22","distrct_phone_no":"03 5833 2400","brig_name":"Locksley","fs_name":"Locksley","fs_type":"main","street":"1768 Nagambie-Locksley Road","suburb":"Locksley","pcode":"3665","grp_name":"Euroa","label":"Locksley","site_oc_id":18307,"ESRI_OID":1096}},{"type":"Feature","id":1097,"geometry":{"type":"Point","coordinates":[145.422874531421,-36.8029665375036]},"properties":{"distrct_no":"22","distrct_label":"District 22","distrct_phone_no":"03 5833 2400","brig_name":"Longwood","fs_name":"Longwood","fs_type":"main","street":"65 Down Street","suburb":"Longwood","pcode":"3665","grp_name":"Euroa","label":"Longwood","site_oc_id":18308,"ESRI_OID":1097}},{"type":"Feature","id":1098,"geometry":{"type":"Point","coordinates":[145.347756551402,-36.7229719375256]},"properties":{"distrct_no":"22","distrct_label":"District 22","distrct_phone_no":"03 5833 2400","brig_name":"Molka","fs_name":"Molka","fs_type":"main","street":"346 Longwood-Shepparton Road","suburb":"Pranjip","pcode":"3666","grp_name":"Euroa","label":"Molka","site_oc_id":18310,"ESRI_OID":1098}},{"type":"Feature","id":1099,"geometry":{"type":"Point","coordinates":[145.295789291359,-36.6100810575735]},"properties":{"distrct_no":"22","distrct_label":"District 22","distrct_phone_no":"03 5833 2400","brig_name":"Moorilim","fs_name":"Moorilim","fs_type":"main","street":"Flynns Road","suburb":"Moorilim","pcode":"3610","grp_name":"Cogs","label":"Moorilim","site_oc_id":18311,"ESRI_OID":1099}},{"type":"Feature","id":1100,"geometry":{"type":"Point","coordinates":[145.531217430999,-36.0554853579678]},"properties":{"distrct_no":"22","distrct_label":"District 22","distrct_phone_no":"03 5833 2400","brig_name":"Naring","fs_name":"Naring","fs_type":"main","street":"Naring Hall Road","suburb":"Naring","pcode":"3636","grp_name":"Moira West","label":"Naring","site_oc_id":18313,"ESRI_OID":1100}},{"type":"Feature","id":1101,"geometry":{"type":"Point","coordinates":[145.111054411098,-35.9988264378645]},"properties":{"distrct_no":"22","distrct_label":"District 22","distrct_phone_no":"03 5833 2400","brig_name":"Picola","fs_name":"Picola","fs_type":"main","street":"Moran Street","suburb":"Picola","pcode":"3639","grp_name":"Moira West","label":"Picola","site_oc_id":18315,"ESRI_OID":1101}},{"type":"Feature","id":1102,"geometry":{"type":"Point","coordinates":[145.5433544413,-36.6421016976339]},"properties":{"distrct_no":"22","distrct_label":"District 22","distrct_phone_no":"03 5833 2400","brig_name":"Rigg's Creek","fs_name":"Rigg's Creek","fs_type":"main","street":"272 Moglonemby Hall Road","suburb":"Moglonemby","pcode":"3666","grp_name":"Euroa","label":"Rigg's Creek","site_oc_id":18316,"ESRI_OID":1102}},{"type":"Feature","id":1103,"geometry":{"type":"Point","coordinates":[145.502239361487,-36.9743982074307]},"properties":{"distrct_no":"22","distrct_label":"District 22","distrct_phone_no":"03 5833 2400","brig_name":"Ruffy","fs_name":"Ruffy","fs_type":"main","street":"1 Nolans Road","suburb":"Ruffy","pcode":"3666","grp_name":"Euroa","label":"Ruffy","site_oc_id":18317,"ESRI_OID":1103}},{"type":"Feature","id":1104,"geometry":{"type":"Point","coordinates":[145.894193670999,-36.2687034579615]},"properties":{"distrct_no":"22","distrct_label":"District 22","distrct_phone_no":"03 5833 2400","brig_name":"St James & District","fs_name":"St James & District","fs_type":"main","street":"Devenish Road","suburb":"St James","pcode":"3727","grp_name":"Tungamah","label":"St James & District","site_oc_id":18318,"ESRI_OID":1104}},{"type":"Feature","id":1105,"geometry":{"type":"Point","coordinates":[145.636460081341,-36.7760964175865]},"properties":{"distrct_no":"22","distrct_label":"District 22","distrct_phone_no":"03 5833 2400","brig_name":"Shean's Creek","fs_name":"Shean's Creek","fs_type":"main","street":"193 Sheans Creek Road","suburb":"Shean's Creek","pcode":"3666","grp_name":"Euroa","label":"Shean's Creek","site_oc_id":18319,"ESRI_OID":1105}},{"type":"Feature","id":1106,"geometry":{"type":"Point","coordinates":[145.432468681124,-36.2387138378302]},"properties":{"distrct_no":"22","distrct_label":"District 22","distrct_phone_no":"03 5833 2400","brig_name":"Tallygaroopna","fs_name":"Tallygaroopna","fs_type":"main","street":"Victoria Street","suburb":"Tallygaroopna","pcode":"3634","grp_name":"Cogs","label":"Tallygaroopna","site_oc_id":18320,"ESRI_OID":1106}},{"type":"Feature","id":1107,"geometry":{"type":"Point","coordinates":[145.735919711353,-36.8571143475715]},"properties":{"distrct_no":"22","distrct_label":"District 22","distrct_phone_no":"03 5833 2400","brig_name":"Strathbogie","fs_name":"Strathbogie","fs_type":"main","street":"28 Main Street","suburb":"Strathbogie","pcode":"3666","grp_name":"Euroa","label":"Strathbogie","site_oc_id":18321,"ESRI_OID":1107}},{"type":"Feature","id":1108,"geometry":{"type":"Point","coordinates":[145.476638220949,-35.925844948025]},"properties":{"distrct_no":"22","distrct_label":"District 22","distrct_phone_no":"03 5833 2400","brig_name":"Strathmerton","fs_name":"Strathmerton","fs_type":"main","street":"68 Main Street","suburb":"Strathmerton","pcode":"3641","grp_name":"Moira West","label":"Strathmerton","site_oc_id":18322,"ESRI_OID":1108}},{"type":"Feature","id":1109,"geometry":{"type":"Point","coordinates":[145.336159761284,-36.4902832076549]},"properties":{"distrct_no":"22","distrct_label":"District 22","distrct_phone_no":"03 5833 2400","brig_name":"Toolamba","fs_name":"Toolamba","fs_type":"main","street":"20 Wren Street","suburb":"Toolamba","pcode":"3614","grp_name":"Cogs","label":"Toolamba","site_oc_id":18327,"ESRI_OID":1109}},{"type":"Feature","id":1110,"geometry":{"type":"Point","coordinates":[145.331633901058,-36.0516747079054]},"properties":{"distrct_no":"22","distrct_label":"District 22","distrct_phone_no":"03 5833 2400","brig_name":"Waaia","fs_name":"Waaia","fs_type":"main","street":"Waaia-Beari Road","suburb":"Waaia","pcode":"3637","grp_name":"Moira West","label":"Waaia","site_oc_id":18330,"ESRI_OID":1110}},{"type":"Feature","id":1111,"geometry":{"type":"Point","coordinates":[145.690315281034,-36.2159949479264]},"properties":{"distrct_no":"22","distrct_label":"District 22","distrct_phone_no":"03 5833 2400","brig_name":"Yabba North","fs_name":"Yabba North","fs_type":"main","street":"1-3 Railway Parade","suburb":"Yabba North","pcode":"3646","grp_name":"Tungamah","label":"Yabba North","site_oc_id":18332,"ESRI_OID":1111}},{"type":"Feature","id":1112,"geometry":{"type":"Point","coordinates":[145.235835911023,-35.9280165979456]},"properties":{"distrct_no":"22","distrct_label":"District 22","distrct_phone_no":"03 5833 2400","brig_name":"Yalca & Yielima","fs_name":"Yalca & Yielima","fs_type":"main","street":"2194 Murray Valley Highway","suburb":"Yalca","pcode":"3637","grp_name":"Moira West","label":"Yalca & Yielima","site_oc_id":18333,"ESRI_OID":1112}},{"type":"Feature","id":1113,"geometry":{"type":"Point","coordinates":[145.560719840923,-35.9247957080529]},"properties":{"distrct_no":"22","distrct_label":"District 22","distrct_phone_no":"03 5833 2400","brig_name":"Yarroweyah","fs_name":"Yarroweyah","fs_type":"main","street":"1a Gooley Street","suburb":"Yarroweyah","pcode":"3644","grp_name":"Moira West","label":"Yarroweyah","site_oc_id":18335,"ESRI_OID":1113}},{"type":"Feature","id":1114,"geometry":{"type":"Point","coordinates":[145.478523371194,-36.4008904877517]},"properties":{"distrct_no":"22","distrct_label":"District 22","distrct_phone_no":"03 5833 2400","brig_name":"Shepparton East","fs_name":"Shepparton East","fs_type":"main","street":"Cook Drive","suburb":"Shepparton East","pcode":"3631","grp_name":"Cogs","label":"Shepparton East","site_oc_id":18336,"ESRI_OID":1114}},{"type":"Feature","id":1115,"geometry":{"type":"Point","coordinates":[145.431207721081,-36.1552980578779]},"properties":{"distrct_no":"22","distrct_label":"District 22","distrct_phone_no":"03 5833 2400","brig_name":"Wunghnu","fs_name":"Wunghnu","fs_type":"main","street":"Carlisle Street","suburb":"Wunghnu","pcode":"3635","grp_name":"Moira West","label":"Wunghnu","site_oc_id":18337,"ESRI_OID":1115}},{"type":"Feature","id":1116,"geometry":{"type":"Point","coordinates":[144.961005081152,-36.0152371578066]},"properties":{"distrct_no":"22","distrct_label":"District 22","distrct_phone_no":"03 5833 2400","brig_name":"Barmah","fs_name":"Barmah","fs_type":"main","street":"27 Lawford Street","suburb":"Barmah","pcode":"3639","grp_name":"Moira West","label":"Barmah","site_oc_id":18338,"ESRI_OID":1116}},{"type":"Feature","id":1117,"geometry":{"type":"Point","coordinates":[145.356281921226,-36.3912861377181]},"properties":{"distrct_no":"22","distrct_label":"District 22","distrct_phone_no":"03 5833 2400","brig_name":"Mooroopna","fs_name":"Mooroopna","fs_type":"main","street":"40 Ann Street","suburb":"Mooroopna","pcode":"3629","grp_name":"Cogs","label":"Mooroopna","site_oc_id":18342,"ESRI_OID":1117}},{"type":"Feature","id":1118,"geometry":{"type":"Point","coordinates":[145.218640001387,-36.6180449975445]},"properties":{"distrct_no":"22","distrct_label":"District 22","distrct_phone_no":"03 5833 2400","brig_name":"Murchison","fs_name":"Murchison","fs_type":"main","street":"9 Robinson Street","suburb":"Murchison","pcode":"3610","grp_name":"Cogs","label":"Murchison","site_oc_id":18346,"ESRI_OID":1118}},{"type":"Feature","id":1119,"geometry":{"type":"Point","coordinates":[145.2028773111,-36.0569970678608]},"properties":{"distrct_no":"22","distrct_label":"District 22","distrct_phone_no":"03 5833 2400","brig_name":"Nathalia","fs_name":"Nathalia","fs_type":"main","street":"6 Weir Street","suburb":"Nathalia","pcode":"3638","grp_name":"Moira West","label":"Nathalia","site_oc_id":18349,"ESRI_OID":1119}},{"type":"Feature","id":1120,"geometry":{"type":"Point","coordinates":[145.443274741043,-36.0884983179202]},"properties":{"distrct_no":"22","distrct_label":"District 22","distrct_phone_no":"03 5833 2400","brig_name":"Numurkah","fs_name":"Numurkah","fs_type":"main","street":"27 Saxton Street","suburb":"Numurkah","pcode":"3636","grp_name":"Moira West","label":"Numurkah","site_oc_id":18352,"ESRI_OID":1120}},{"type":"Feature","id":1121,"geometry":{"type":"Point","coordinates":[145.878754090951,-36.1652481080165]},"properties":{"distrct_no":"22","distrct_label":"District 22","distrct_phone_no":"03 5833 2400","brig_name":"Tungamah","fs_name":"Tungamah","fs_type":"main","street":"26 Boyd Street","suburb":"Tungamah","pcode":"3728","grp_name":"Tungamah","label":"Tungamah","site_oc_id":18363,"ESRI_OID":1121}},{"type":"Feature","id":1122,"geometry":{"type":"Point","coordinates":[145.714766181244,-36.6360676776918]},"properties":{"distrct_no":"22","distrct_label":"District 22","distrct_phone_no":"03 5833 2400","brig_name":"Violet Town","fs_name":"Violet Town","fs_type":"main","street":"59 Cowslip Street","suburb":"Violet Town","pcode":"3669","grp_name":"Violet Town","label":"Violet Town","site_oc_id":18365,"ESRI_OID":1122}},{"type":"Feature","id":1123,"geometry":{"type":"Point","coordinates":[145.22983040153,-36.8956890073899]},"properties":{"distrct_no":"22","distrct_label":"District 22","distrct_phone_no":"03 5833 2400","brig_name":"Avenel","fs_name":"Avenel","fs_type":"main","street":"16 Queen Street","suburb":"Avenel","pcode":"3664","grp_name":"Tabilk","label":"Avenel","site_oc_id":18481,"ESRI_OID":1123}},{"type":"Feature","id":1124,"geometry":{"type":"Point","coordinates":[145.402701001191,-36.3510319977561]},"properties":{"distrct_no":"22","distrct_label":"District 22","distrct_phone_no":"03 5833 2400","brig_name":"District 22 Headquarters","fs_name":"District 22 Headquarters RFB","fs_type":"main","street":"205 Numurkah Road","suburb":"Shepparton","pcode":"3630","grp_name":null,"label":"District 22 Headquarters RFB","site_oc_id":19651,"ESRI_OID":1124}},{"type":"Feature","id":1125,"geometry":{"type":"Point","coordinates":[145.877324000897,-36.0594529980775]},"properties":{"distrct_no":"22","distrct_label":"District 22","distrct_phone_no":"03 5833 2400","brig_name":"Burramine","fs_name":"Burramine","fs_type":"main","street":"1161 Tungamah Road","suburb":"Burramine South","pcode":"3730","grp_name":"Yarrawonga","label":"Burramine","site_oc_id":19665,"ESRI_OID":1125}},{"type":"Feature","id":1126,"geometry":{"type":"Point","coordinates":[145.795320000887,-35.9936789980891]},"properties":{"distrct_no":"22","distrct_label":"District 22","distrct_phone_no":"03 5833 2400","brig_name":"Cobram East & Boosey","fs_name":"Cobram East & Boosey","fs_type":"main","street":"9 Dead River Track","suburb":"Cobram East","pcode":"3644","grp_name":"Tungamah","label":"Cobram East & Boosey","site_oc_id":19718,"ESRI_OID":1126}},{"type":"Feature","id":1127,"geometry":{"type":"Point","coordinates":[145.208590001438,-36.7083519974898]},"properties":{"distrct_no":"22","distrct_label":"District 22","distrct_phone_no":"03 5833 2400","brig_name":"Wahring","fs_name":"Wahring","fs_type":"main","street":"86 Wahring-Euroa Road","suburb":"Wahring","pcode":"3608","grp_name":"Tabilk","label":"Wahring","site_oc_id":19816,"ESRI_OID":1127}},{"type":"Feature","id":1128,"geometry":{"type":"Point","coordinates":[145.377953001492,-36.9111299974277]},"properties":{"distrct_no":"22","distrct_label":"District 22","distrct_phone_no":"03 5833 2400","brig_name":"Upton Hill","fs_name":"Upton Hill","fs_type":"main","street":"1475 Upton Road","suburb":"Upton Hill","pcode":"3664","grp_name":"Euroa","label":"Upton Hill","site_oc_id":19817,"ESRI_OID":1128}},{"type":"Feature","id":1129,"geometry":{"type":"Point","coordinates":[145.569302001352,-36.7571879975761]},"properties":{"distrct_no":"22","distrct_label":"District 22","distrct_phone_no":"03 5833 2400","brig_name":"Euroa","fs_name":"Euroa","fs_type":"main","street":"19-23 Clifton Street","suburb":"Euroa","pcode":"3666","grp_name":"Euroa","label":"Euroa","site_oc_id":19818,"ESRI_OID":1129}},{"type":"Feature","id":1130,"geometry":{"type":"Point","coordinates":[145.09592700155,-36.8560299973703]},"properties":{"distrct_no":"22","distrct_label":"District 22","distrct_phone_no":"03 5833 2400","brig_name":"Wirrate","fs_name":"Wirrate","fs_type":"main","street":"468 Mitchellstown Road","suburb":"Mitchellstown","pcode":"3608","grp_name":"Tabilk","label":"Wirrate","site_oc_id":19822,"ESRI_OID":1130}},{"type":"Feature","id":1131,"geometry":{"type":"Point","coordinates":[145.802268001297,-36.7887169976318]},"properties":{"distrct_no":"22","distrct_label":"District 22","distrct_phone_no":"03 5833 2400","brig_name":"Marraweeny","fs_name":"Marraweeny","fs_type":"main","street":"556 Boundary Hill Road","suburb":"Boho South","pcode":"3669","grp_name":"Euroa","label":"Marraweeny","site_oc_id":19824,"ESRI_OID":1131}},{"type":"Feature","id":1132,"geometry":{"type":"Point","coordinates":[146.031555000929,-36.2122129980385]},"properties":{"distrct_no":"22","distrct_label":"District 22","distrct_phone_no":"03 5833 2400","brig_name":"Almonds","fs_name":"Almonds","fs_type":"main","street":"322 Wilby Road","suburb":"Almonds","pcode":"3727","grp_name":"Tungamah","label":"Almonds","site_oc_id":19832,"ESRI_OID":1132}},{"type":"Feature","id":1133,"geometry":{"type":"Point","coordinates":[145.240585001246,-36.3620609976979]},"properties":{"distrct_no":"22","distrct_label":"District 22","distrct_phone_no":"03 5833 2400","brig_name":"Nw Mooroopna","fs_name":"Nw Mooroopna","fs_type":"main","street":"545 Hooper Road","suburb":"Tatura","pcode":"3616","grp_name":"Cogs","label":"Nw Mooroopna","site_oc_id":19976,"ESRI_OID":1133}},{"type":"Feature","id":1134,"geometry":{"type":"Point","coordinates":[145.132366001285,-36.3721729976575]},"properties":{"distrct_no":"22","distrct_label":"District 22","distrct_phone_no":"03 5833 2400","brig_name":"Merrigum","fs_name":"Merrigum","fs_type":"main","street":"101-103 Waverley Avenue","suburb":"Merrigum","pcode":"3618","grp_name":"Cogs","label":"Merrigum","site_oc_id":19977,"ESRI_OID":1134}},{"type":"Feature","id":1135,"geometry":{"type":"Point","coordinates":[146.210246000841,-36.1444869981357]},"properties":{"distrct_no":"22","distrct_label":"District 22","distrct_phone_no":"03 5833 2400","brig_name":"Peechelba","fs_name":"Peechelba","fs_type":"main","street":"2719 Wangaratta-Yarrawonga Road","suburb":"Peechelba","pcode":"3678","grp_name":"Yarrawonga","label":"Peechelba","site_oc_id":19990,"ESRI_OID":1135}},{"type":"Feature","id":1136,"geometry":{"type":"Point","coordinates":[145.636344000938,-35.9992819980343]},"properties":{"distrct_no":"22","distrct_label":"District 22","distrct_phone_no":"03 5833 2400","brig_name":"Muckatah","fs_name":"Muckatah","fs_type":"main","street":"15 Sandmount Road","suburb":"Muckatah","pcode":"3644","grp_name":"Tungamah","label":"Muckatah","site_oc_id":20113,"ESRI_OID":1136}},{"type":"Feature","id":1137,"geometry":{"type":"Point","coordinates":[145.667283001199,-36.5204109977433]},"properties":{"distrct_no":"22","distrct_label":"District 22","distrct_phone_no":"03 5833 2400","brig_name":"Earlston","fs_name":"Earlston","fs_type":"main","street":"586 Paynters Road","suburb":"Earlston","pcode":"3669","grp_name":"Violet Town","label":"Earlston","site_oc_id":20128,"ESRI_OID":1137}},{"type":"Feature","id":1138,"geometry":{"type":"Point","coordinates":[145.643604000895,-35.9197429980828]},"properties":{"distrct_no":"22","distrct_label":"District 22","distrct_phone_no":"03 5833 2400","brig_name":"Cobram","fs_name":"Cobram","fs_type":"main","street":"8-14 Colgan Street","suburb":"Cobram","pcode":"3644","grp_name":"Tungamah","label":"Cobram","site_oc_id":20131,"ESRI_OID":1138}},{"type":"Feature","id":1139,"geometry":{"type":"Point","coordinates":[145.223194001208,-36.2772679977408]},"properties":{"distrct_no":"22","distrct_label":"District 22","distrct_phone_no":"03 5833 2400","brig_name":"Undera","fs_name":"Undera","fs_type":"main","street":"6 Madill Road","suburb":"Undera","pcode":"3629","grp_name":"Cogs","label":"Undera","site_oc_id":20144,"ESRI_OID":1139}},{"type":"Feature","id":1140,"geometry":{"type":"Point","coordinates":[145.313104001106,-36.1342399978519]},"properties":{"distrct_no":"22","distrct_label":"District 22","distrct_phone_no":"03 5833 2400","brig_name":"Kaarimba","fs_name":"Kaarimba","fs_type":"main","street":"300 Kaarimba Hall Road","suburb":"Kaarimba","pcode":"3635","grp_name":"Moira West","label":"Kaarimba","site_oc_id":20151,"ESRI_OID":1140}},{"type":"Feature","id":1141,"geometry":{"type":"Point","coordinates":[145.151462001502,-36.7975949974209]},"properties":{"distrct_no":"22","distrct_label":"District 22","distrct_phone_no":"03 5833 2400","brig_name":"Nagambie","fs_name":"Nagambie","fs_type":"main","street":"168 High Street","suburb":"Nagambie","pcode":"3608","grp_name":"Tabilk","label":"Nagambie","site_oc_id":20160,"ESRI_OID":1141}},{"type":"Feature","id":1142,"geometry":{"type":"Point","coordinates":[145.4811930013,-36.6058159976349]},"properties":{"distrct_no":"22","distrct_label":"District 22","distrct_phone_no":"03 5833 2400","brig_name":"Miepoll","fs_name":"Miepoll","fs_type":"main","street":"9 Harringtons Road","suburb":"Miepoll","pcode":"3666","grp_name":"Euroa","label":"Miepoll","site_oc_id":20171,"ESRI_OID":1142}},{"type":"Feature","id":1143,"geometry":{"type":"Point","coordinates":[145.412360001205,-36.38445299774]},"properties":{"distrct_no":"22","distrct_label":"District 22","distrct_phone_no":"03 5833 2400","brig_name":"Shepparton","fs_name":"Shepparton","fs_type":"main","street":"84-98 Archer Street","suburb":"Shepparton","pcode":"3630","grp_name":"Cogs","label":"Shepparton","site_oc_id":20175,"ESRI_OID":1143}},{"type":"Feature","id":1144,"geometry":{"type":"Point","coordinates":[145.223573001297,-36.4491609976426]},"properties":{"distrct_no":"22","distrct_label":"District 22","distrct_phone_no":"03 5833 2400","brig_name":"Tatura","fs_name":"Tatura","fs_type":"main","street":"1 Oreilly Road","suburb":"Tatura","pcode":"3616","grp_name":"Cogs","label":"Tatura","site_oc_id":20328,"ESRI_OID":1144}},{"type":"Feature","id":1145,"geometry":{"type":"Point","coordinates":[145.337822000977,-35.9000159979948]},"properties":{"distrct_no":"22","distrct_label":"District 22","distrct_phone_no":"03 5833 2400","brig_name":"Strathmerton","fs_name":"Strathmerton Satellite","fs_type":"satellite","street":"25 Williams Street","suburb":"Bearii","pcode":"3641","grp_name":"Moira West","label":"Strathmerton Satellite (Bearii)","site_oc_id":20348,"ESRI_OID":1145}},{"type":"Feature","id":1146,"geometry":{"type":"Point","coordinates":[146.643115000868,-36.4463919980987]},"properties":{"distrct_no":"23","distrct_label":"District 23","distrct_phone_no":"03 5720 2300","brig_name":"Bowman-Murmungee","fs_name":"Bowman-Murmungee","fs_type":"main","street":"5 Stone Bridge Lane","suburb":"Murmungee","pcode":"3747","grp_name":"Wangaratta","label":"Bowman-Murmungee","site_oc_id":18166,"ESRI_OID":1146}},{"type":"Feature","id":1147,"geometry":{"type":"Point","coordinates":[146.001711751326,-36.9590729875968]},"properties":{"distrct_no":"23","distrct_label":"District 23","distrct_phone_no":"03 5720 2300","brig_name":"Barjarg","fs_name":"Barjarg","fs_type":"main","street":"4840 Midland Highway","suburb":"Barjarg","pcode":"3723","grp_name":"Mansfield","label":"Barjarg","site_oc_id":18211,"ESRI_OID":1147}},{"type":"Feature","id":1148,"geometry":{"type":"Point","coordinates":[145.985822141118,-36.5519235678267]},"properties":{"distrct_no":"23","distrct_label":"District 23","distrct_phone_no":"03 5720 2300","brig_name":"Benalla","fs_name":"Benalla","fs_type":"main","street":"20-22 Fawckner Drive","suburb":"Benalla","pcode":"3672","grp_name":"Benalla","label":"Benalla","site_oc_id":18212,"ESRI_OID":1148}},{"type":"Feature","id":1149,"geometry":{"type":"Point","coordinates":[146.447104510965,-36.523092987991]},"properties":{"distrct_no":"23","distrct_label":"District 23","distrct_phone_no":"03 5720 2300","brig_name":"Bobinawarrah","fs_name":"Bobinawarrah","fs_type":"main","street":"614 Docker-Carboor Road","suburb":"Bobinawarrah","pcode":"3678","grp_name":"Moyhu","label":"Bobinawarrah","site_oc_id":18215,"ESRI_OID":1149}},{"type":"Feature","id":1150,"geometry":{"type":"Point","coordinates":[145.853659041406,-37.0260662875116]},"properties":{"distrct_no":"23","distrct_label":"District 23","distrct_phone_no":"03 5720 2300","brig_name":"Bonnie Doon","fs_name":"Bonnie Doon","fs_type":"main","street":"12 Bon Crescent","suburb":"Bonnie Doon","pcode":"3720","grp_name":"Mansfield","label":"Bonnie Doon","site_oc_id":18216,"ESRI_OID":1150}},{"type":"Feature","id":1151,"geometry":{"type":"Point","coordinates":[146.286087200853,-36.2114458481212]},"properties":{"distrct_no":"23","distrct_label":"District 23","distrct_phone_no":"03 5720 2300","brig_name":"Boorhaman","fs_name":"Boorhaman","fs_type":"main","street":"1541 Boorhaman Road","suburb":"Boorhaman","pcode":"3678","grp_name":"Wangaratta","label":"Boorhaman","site_oc_id":18217,"ESRI_OID":1151}},{"type":"Feature","id":1152,"geometry":{"type":"Point","coordinates":[146.131353001386,-37.1487314575283]},"properties":{"distrct_no":"23","distrct_label":"District 23","distrct_phone_no":"03 5720 2300","brig_name":"Booroolite & District","fs_name":"Booroolite & District","fs_type":"main","street":"1310 Mansfield-Woods Point Road","suburb":"Piries","pcode":"3723","grp_name":"Mansfield","label":"Booroolite & District","site_oc_id":18218,"ESRI_OID":1152}},{"type":"Feature","id":1153,"geometry":{"type":"Point","coordinates":[146.131168310929,-36.2707301280366]},"properties":{"distrct_no":"23","distrct_label":"District 23","distrct_phone_no":"03 5720 2300","brig_name":"Boweya","fs_name":"Boweya","fs_type":"main","street":"2311 Glenrowan-Boweya Road","suburb":"Boweya","pcode":"3675","grp_name":"Benalla","label":"Boweya","site_oc_id":18219,"ESRI_OID":1153}},{"type":"Feature","id":1154,"geometry":{"type":"Point","coordinates":[146.33494659087,-36.2741661281003]},"properties":{"distrct_no":"23","distrct_label":"District 23","distrct_phone_no":"03 5720 2300","brig_name":"Bowser","fs_name":"Bowser","fs_type":"main","street":"558 Plums Road","suburb":"Dockers Plains","pcode":"3678","grp_name":"Wangaratta","label":"Bowser","site_oc_id":18220,"ESRI_OID":1154}},{"type":"Feature","id":1155,"geometry":{"type":"Point","coordinates":[146.528813370982,-36.602058927971]},"properties":{"distrct_no":"23","distrct_label":"District 23","distrct_phone_no":"03 5720 2300","brig_name":"Carboor","fs_name":"Carboor","fs_type":"main","street":"1939 Carboor-Everton Road","suburb":"Carboor","pcode":"3678","grp_name":"Moyhu","label":"Carboor","site_oc_id":18222,"ESRI_OID":1155}},{"type":"Feature","id":1156,"geometry":{"type":"Point","coordinates":[146.430866501114,-36.8003558278243]},"properties":{"distrct_no":"23","distrct_label":"District 23","distrct_phone_no":"03 5720 2300","brig_name":"Cheshunt","fs_name":"Cheshunt","fs_type":"main","street":"12 Upper King River Road","suburb":"Cheshunt","pcode":"3678","grp_name":"Moyhu","label":"Cheshunt","site_oc_id":18224,"ESRI_OID":1156}},{"type":"Feature","id":1157,"geometry":{"type":"Point","coordinates":[146.022640541057,-36.4552969578945]},"properties":{"distrct_no":"23","distrct_label":"District 23","distrct_phone_no":"03 5720 2300","brig_name":"Chesney Vale","fs_name":"Chesney Vale","fs_type":"main","street":"238 Lake Mokoan Road","suburb":"Winton North","pcode":"3673","grp_name":"Benalla","label":"Chesney Vale","site_oc_id":18225,"ESRI_OID":1157}},{"type":"Feature","id":1158,"geometry":{"type":"Point","coordinates":[145.894660071033,-36.3333743279241]},"properties":{"distrct_no":"23","distrct_label":"District 23","distrct_phone_no":"03 5720 2300","brig_name":"Devenish","fs_name":"Devenish","fs_type":"main","street":"4 Woods Road","suburb":"Devenish","pcode":"3726","grp_name":"Benalla","label":"Devenish","site_oc_id":18227,"ESRI_OID":1158}},{"type":"Feature","id":1159,"geometry":{"type":"Point","coordinates":[146.523723840832,-36.3091038881407]},"properties":{"distrct_no":"23","distrct_label":"District 23","distrct_phone_no":"03 5720 2300","brig_name":"Eldorado","fs_name":"Eldorado","fs_type":"main","street":"129 Main Street","suburb":"Eldorado","pcode":"3746","grp_name":"Wangaratta","label":"Eldorado","site_oc_id":18230,"ESRI_OID":1159}},{"type":"Feature","id":1160,"geometry":{"type":"Point","coordinates":[146.543498000891,-36.4352809980732]},"properties":{"distrct_no":"23","distrct_label":"District 23","distrct_phone_no":"03 5720 2300","brig_name":"Everton","fs_name":"Everton","fs_type":"main","street":"2152 Great Alpine Road","suburb":"Everton","pcode":"3678","grp_name":"Wangaratta","label":"Everton","site_oc_id":18231,"ESRI_OID":1160}},{"type":"Feature","id":1161,"geometry":{"type":"Point","coordinates":[146.225875531,-36.463240547955]},"properties":{"distrct_no":"23","distrct_label":"District 23","distrct_phone_no":"03 5720 2300","brig_name":"Glenrowan","fs_name":"Glenrowan","fs_type":"main","street":"Gladstone Road","suburb":"Glenrowan","pcode":"3675","grp_name":"Wangaratta","label":"Glenrowan","site_oc_id":18232,"ESRI_OID":1161}},{"type":"Feature","id":1162,"geometry":{"type":"Point","coordinates":[146.258136071323,-37.1021556475949]},"properties":{"distrct_no":"23","distrct_label":"District 23","distrct_phone_no":"03 5720 2300","brig_name":"Glenroy & Merrijig","fs_name":"Glenroy & Merrijig","fs_type":"main","street":"1821 Mt Buller Road","suburb":"Merrijig (Mount Buller)","pcode":"3723","grp_name":"Mansfield","label":"Glenroy & Merrijig","site_oc_id":18233,"ESRI_OID":1162}},{"type":"Feature","id":1163,"geometry":{"type":"Point","coordinates":[145.932174001099,-36.4837649978491]},"properties":{"distrct_no":"23","distrct_label":"District 23","distrct_phone_no":"03 5720 2300","brig_name":"Goomalibee & Upotipotpon","fs_name":"Goomalibee & Upotipotpon","fs_type":"main","street":"174 Terrett Road","suburb":"Goomalibee","pcode":"3673","grp_name":"Benalla","label":"Goomalibee & Upotipotpon","site_oc_id":18234,"ESRI_OID":1163}},{"type":"Feature","id":1164,"geometry":{"type":"Point","coordinates":[145.922024961065,-36.4119694378874]},"properties":{"distrct_no":"23","distrct_label":"District 23","distrct_phone_no":"03 5720 2300","brig_name":"Goorambat Stewarton","fs_name":"Goorambat Stewarton","fs_type":"main","street":"3 Park Street","suburb":"Goorambat","pcode":"3725","grp_name":"Benalla","label":"Goorambat Stewarton","site_oc_id":18237,"ESRI_OID":1164}},{"type":"Feature","id":1165,"geometry":{"type":"Point","coordinates":[146.277291211031,-36.5519356579199]},"properties":{"distrct_no":"23","distrct_label":"District 23","distrct_phone_no":"03 5720 2300","brig_name":"Greta","fs_name":"Greta","fs_type":"main","street":"Moyhu-Glenrowan Road","suburb":"Greta","pcode":"3675","grp_name":"Wangaratta","label":"Greta","site_oc_id":18238,"ESRI_OID":1165}},{"type":"Feature","id":1166,"geometry":{"type":"Point","coordinates":[146.138939181465,-37.3035710674416]},"properties":{"distrct_no":"23","distrct_label":"District 23","distrct_phone_no":"03 5720 2300","brig_name":"Jamieson","fs_name":"Jamieson","fs_type":"main","street":"23 Brown Street","suburb":"Jamieson","pcode":"3723","grp_name":"Mansfield","label":"Jamieson","site_oc_id":18240,"ESRI_OID":1166}},{"type":"Feature","id":1167,"geometry":{"type":"Point","coordinates":[146.291388730971,-36.4440549979871]},"properties":{"distrct_no":"23","distrct_label":"District 23","distrct_phone_no":"03 5720 2300","brig_name":"Laceby West","fs_name":"Laceby West","fs_type":"main","street":"Wangaratta-Greta Road","suburb":"Laceby","pcode":"3678","grp_name":"Wangaratta","label":"Laceby West","site_oc_id":18242,"ESRI_OID":1167}},{"type":"Feature","id":1168,"geometry":{"type":"Point","coordinates":[146.008114311252,-36.8207922376785]},"properties":{"distrct_no":"23","distrct_label":"District 23","distrct_phone_no":"03 5720 2300","brig_name":"Lima South","fs_name":"Lima South","fs_type":"main","street":"3237 Midland Highway","suburb":"Lima South","pcode":"3673","grp_name":"Benalla","label":"Lima South","site_oc_id":18243,"ESRI_OID":1168}},{"type":"Feature","id":1169,"geometry":{"type":"Point","coordinates":[146.13978012109,-36.5871270678555]},"properties":{"distrct_no":"23","distrct_label":"District 23","distrct_phone_no":"03 5720 2300","brig_name":"Lurg","fs_name":"Lurg","fs_type":"main","street":"Upper Lurg Road","suburb":"Lurg","pcode":"3672","grp_name":"Benalla","label":"Lurg","site_oc_id":18244,"ESRI_OID":1169}},{"type":"Feature","id":1170,"geometry":{"type":"Point","coordinates":[145.940406121381,-37.027650317538]},"properties":{"distrct_no":"23","distrct_label":"District 23","distrct_phone_no":"03 5720 2300","brig_name":"Maindample","fs_name":"Maindample","fs_type":"main","street":"41 Main Street","suburb":"Maindample","pcode":"3722","grp_name":"Mansfield","label":"Maindample","site_oc_id":18245,"ESRI_OID":1170}},{"type":"Feature","id":1171,"geometry":{"type":"Point","coordinates":[146.087606671349,-37.0527770375698]},"properties":{"distrct_no":"23","distrct_label":"District 23","distrct_phone_no":"03 5720 2300","brig_name":"Mansfield","fs_name":"Mansfield","fs_type":"main","street":"29 Highett Street","suburb":"Mansfield","pcode":"3722","grp_name":"Mansfield","label":"Mansfield","site_oc_id":18246,"ESRI_OID":1171}},{"type":"Feature","id":1172,"geometry":{"type":"Point","coordinates":[145.710719001424,-36.976710997495]},"properties":{"distrct_no":"23","distrct_label":"District 23","distrct_phone_no":"03 5720 2300","brig_name":"Merton","fs_name":"Merton","fs_type":"main","street":"Church Street","suburb":"Merton","pcode":"3715","grp_name":"Mansfield","label":"Merton","site_oc_id":18249,"ESRI_OID":1172}},{"type":"Feature","id":1173,"geometry":{"type":"Point","coordinates":[146.431375920931,-36.44749146803]},"properties":{"distrct_no":"23","distrct_label":"District 23","distrct_phone_no":"03 5720 2300","brig_name":"Milawa","fs_name":"Milawa","fs_type":"main","street":"172 Milawa-Bobinawarrah Road","suburb":"Milawa","pcode":"3678","grp_name":"Moyhu","label":"Milawa","site_oc_id":18250,"ESRI_OID":1173}},{"type":"Feature","id":1174,"geometry":{"type":"Point","coordinates":[146.147724021107,-36.6237833178368]},"properties":{"distrct_no":"23","distrct_label":"District 23","distrct_phone_no":"03 5720 2300","brig_name":"Molyullah","fs_name":"Molyullah","fs_type":"main","street":"Molyullah-Tatong Road","suburb":"Molyullah","pcode":"3673","grp_name":"Benalla","label":"Molyullah","site_oc_id":18251,"ESRI_OID":1174}},{"type":"Feature","id":1175,"geometry":{"type":"Point","coordinates":[146.378726501013,-36.5755637879385]},"properties":{"distrct_no":"23","distrct_label":"District 23","distrct_phone_no":"03 5720 2300","brig_name":"Moyhu","fs_name":"Moyhu","fs_type":"main","street":"11-13 Byrne Street","suburb":"Moyhu","pcode":"3732","grp_name":"Moyhu","label":"Moyhu","site_oc_id":18252,"ESRI_OID":1175}},{"type":"Feature","id":1176,"geometry":{"type":"Point","coordinates":[146.303593561114,-36.7279490378259]},"properties":{"distrct_no":"23","distrct_label":"District 23","distrct_phone_no":"03 5720 2300","brig_name":"Myrrhee","fs_name":"Myrrhee","fs_type":"main","street":"Benalla-Myrrhee Road","suburb":"Myrrhee","pcode":"3732","grp_name":"Moyhu","label":"Myrrhee","site_oc_id":18255,"ESRI_OID":1176}},{"type":"Feature","id":1177,"geometry":{"type":"Point","coordinates":[146.078579001215,-36.7914147177178]},"properties":{"distrct_no":"23","distrct_label":"District 23","distrct_phone_no":"03 5720 2300","brig_name":"Samaria","fs_name":"Samaria","fs_type":"main","street":"Sawyer Road","suburb":"Samaria","pcode":"3673","grp_name":"Benalla","label":"Samaria","site_oc_id":18260,"ESRI_OID":1177}},{"type":"Feature","id":1178,"geometry":{"type":"Point","coordinates":[146.000924891214,-36.7442044077204]},"properties":{"distrct_no":"23","distrct_label":"District 23","distrct_phone_no":"03 5720 2300","brig_name":"Swanpool","fs_name":"Swanpool","fs_type":"main","street":"3 Swanpool Road","suburb":"Swanpool","pcode":"3673","grp_name":"Benalla","label":"Swanpool","site_oc_id":18262,"ESRI_OID":1178}},{"type":"Feature","id":1179,"geometry":{"type":"Point","coordinates":[146.453124000895,-36.3902169280705]},"properties":{"distrct_no":"23","distrct_label":"District 23","distrct_phone_no":"03 5720 2300","brig_name":"Tarrawingee & District","fs_name":"Tarrawingee & District","fs_type":"main","street":"2303 Beechworth-Wangaratta Road","suburb":"Tarrawingee","pcode":"3678","grp_name":"Wangaratta","label":"Tarrawingee & District","site_oc_id":18264,"ESRI_OID":1179}},{"type":"Feature","id":1180,"geometry":{"type":"Point","coordinates":[146.106982621174,-36.7300366577622]},"properties":{"distrct_no":"23","distrct_label":"District 23","distrct_phone_no":"03 5720 2300","brig_name":"Tatong","fs_name":"Tatong","fs_type":"main","street":"Tatong Road","suburb":"Tatong","pcode":"3673","grp_name":"Benalla","label":"Tatong","site_oc_id":18265,"ESRI_OID":1180}},{"type":"Feature","id":1181,"geometry":{"type":"Point","coordinates":[146.075466170982,-36.3417149979774]},"properties":{"distrct_no":"23","distrct_label":"District 23","distrct_phone_no":"03 5720 2300","brig_name":"Thoona","fs_name":"Thoona","fs_type":"main","street":"Main Street","suburb":"Thoona","pcode":"3726","grp_name":"Benalla","label":"Thoona","site_oc_id":18266,"ESRI_OID":1181}},{"type":"Feature","id":1182,"geometry":{"type":"Point","coordinates":[146.238258171242,-36.9357119676849]},"properties":{"distrct_no":"23","distrct_label":"District 23","distrct_phone_no":"03 5720 2300","brig_name":"Tolmie & District","fs_name":"Tolmie & District","fs_type":"main","street":"Old Tolmie Road","suburb":"Tolmie","pcode":"3723","grp_name":"Mansfield","label":"Tolmie & District","site_oc_id":18267,"ESRI_OID":1182}},{"type":"Feature","id":1183,"geometry":{"type":"Point","coordinates":[145.886596981223,-36.6951159977124]},"properties":{"distrct_no":"23","distrct_label":"District 23","distrct_phone_no":"03 5720 2300","brig_name":"Warrenbayne","fs_name":"Warrenbayne","fs_type":"main","street":"Dobson Road","suburb":"Warrenbayne","pcode":"3670","grp_name":"Benalla","label":"Warrenbayne","site_oc_id":18269,"ESRI_OID":1183}},{"type":"Feature","id":1184,"geometry":{"type":"Point","coordinates":[146.046484541146,-36.6400453777951]},"properties":{"distrct_no":"23","distrct_label":"District 23","distrct_phone_no":"03 5720 2300","brig_name":"Whitegate","fs_name":"Whitegate","fs_type":"main","street":"Benalla-Tatong Road","suburb":"Benalla","pcode":"3672","grp_name":"Benalla","label":"Whitegate","site_oc_id":18270,"ESRI_OID":1184}},{"type":"Feature","id":1185,"geometry":{"type":"Point","coordinates":[146.4144924311,-36.7649094378397]},"properties":{"distrct_no":"23","distrct_label":"District 23","distrct_phone_no":"03 5720 2300","brig_name":"Whitfield & District","fs_name":"Whitfield & District","fs_type":"main","street":"4896 Wangaratta-Whitfield Road","suburb":"Whitfield","pcode":"3733","grp_name":"Moyhu","label":"Whitfield & District","site_oc_id":18271,"ESRI_OID":1185}},{"type":"Feature","id":1186,"geometry":{"type":"Point","coordinates":[146.591574840931,-36.5390203280279]},"properties":{"distrct_no":"23","distrct_label":"District 23","distrct_phone_no":"03 5720 2300","brig_name":"Whorouly","fs_name":"Whorouly","fs_type":"main","street":"3530 Glenrowan-Myrtleford Road","suburb":"Whorouly South","pcode":"3735","grp_name":"Moyhu","label":"Whorouly","site_oc_id":18272,"ESRI_OID":1186}},{"type":"Feature","id":1187,"geometry":{"type":"Point","coordinates":[146.082134931069,-36.5125754678803]},"properties":{"distrct_no":"23","distrct_label":"District 23","distrct_phone_no":"03 5720 2300","brig_name":"Winton","fs_name":"Winton","fs_type":"main","street":"135 Winton-Glenrowan Road","suburb":"Winton","pcode":"3673","grp_name":"Benalla","label":"Winton","site_oc_id":18274,"ESRI_OID":1187}},{"type":"Feature","id":1188,"geometry":{"type":"Point","coordinates":[146.25038836157,-37.5662310773254]},"properties":{"distrct_no":"23","distrct_label":"District 23","distrct_phone_no":"03 5720 2300","brig_name":"Woods Point","fs_name":"Woods Point","fs_type":"main","street":"13 Scott Street","suburb":"Woods Point","pcode":"3723","grp_name":"Mansfield","label":"Woods Point","site_oc_id":18275,"ESRI_OID":1188}},{"type":"Feature","id":1189,"geometry":{"type":"Point","coordinates":[146.450689311288,-37.1464189976298]},"properties":{"distrct_no":"23","distrct_label":"District 23","distrct_phone_no":"03 5720 2300","brig_name":"Mt Buller","fs_name":"Mt Buller","fs_type":"main","street":"2 Summit Road","suburb":"Mount Buller","pcode":"3723","grp_name":"Mansfield","label":"Mt Buller","site_oc_id":19504,"ESRI_OID":1189}},{"type":"Feature","id":1190,"geometry":{"type":"Point","coordinates":[145.98824671111,-36.5369767978362]},"properties":{"distrct_no":"23","distrct_label":"District 23","distrct_phone_no":"03 5720 2300","brig_name":"HVP Delatite Plantations","fs_name":"HVP Delatite Plantations","fs_type":"main","street":"Gillies Street","suburb":"Benalla","pcode":"3672","grp_name":"Benalla","label":"HVP Delatite Plantations","site_oc_id":19506,"ESRI_OID":1190}},{"type":"Feature","id":1191,"geometry":{"type":"Point","coordinates":[146.326756000916,-36.3576059980489]},"properties":{"distrct_no":"23","distrct_label":"District 23","distrct_phone_no":"03 5720 2300","brig_name":"District 23 Headquarters","fs_name":"District 23 Headquarters RFB","fs_type":"main","street":"1 Ely Street","suburb":"Wangaratta","pcode":"3677","grp_name":null,"label":"District 23 Headquarters RFB","site_oc_id":19532,"ESRI_OID":1191}},{"type":"Feature","id":1192,"geometry":{"type":"Point","coordinates":[146.368161870947,-36.4413862180133]},"properties":{"distrct_no":"23","distrct_label":"District 23","distrct_phone_no":"03 5720 2300","brig_name":"Oxley","fs_name":"Oxley","fs_type":"main","street":"5 Oxley-Greta West Road","suburb":"Oxley","pcode":"3678","grp_name":"Wangaratta","label":"Oxley","site_oc_id":19664,"ESRI_OID":1192}},{"type":"Feature","id":1193,"geometry":{"type":"Point","coordinates":[146.253874000944,-36.3703029980181]},"properties":{"distrct_no":"23","distrct_label":"District 23","distrct_phone_no":"03 5720 2300","brig_name":"South Wangaratta","fs_name":"South Wangaratta","fs_type":"main","street":"314 Shanley Street","suburb":"Wangaratta South","pcode":"3678","grp_name":"Wangaratta","label":"South Wangaratta","site_oc_id":19666,"ESRI_OID":1193}},{"type":"Feature","id":1194,"geometry":{"type":"Point","coordinates":[146.063274001422,-37.1767509974908]},"properties":{"distrct_no":"23","distrct_label":"District 23","distrct_phone_no":"03 5720 2300","brig_name":"Goughs Bay - Howes Creek","fs_name":"Goughs Bay - Howes Creek","fs_type":"main","street":"6 Walshs Road","suburb":"Goughs Bay","pcode":"3723","grp_name":"Mansfield","label":"Goughs Bay - Howes Creek","site_oc_id":19730,"ESRI_OID":1194}},{"type":"Feature","id":1195,"geometry":{"type":"Point","coordinates":[146.439938000854,-36.3021259981177]},"properties":{"distrct_no":"23","distrct_label":"District 23","distrct_phone_no":"03 5720 2300","brig_name":"Wangaratta North","fs_name":"Wangaratta North","fs_type":"main","street":"350 Carraragarmungee Estate Road","suburb":"Byawatha","pcode":"3678","grp_name":"Wangaratta","label":"Wangaratta North","site_oc_id":19814,"ESRI_OID":1195}},{"type":"Feature","id":1196,"geometry":{"type":"Point","coordinates":[146.467135000785,-36.1841279981956]},"properties":{"distrct_no":"23","distrct_label":"District 23","distrct_phone_no":"03 5720 2300","brig_name":"Springhurst","fs_name":"Springhurst","fs_type":"main","street":"Anzac Road","suburb":"Springhurst","pcode":"3682","grp_name":"Wangaratta","label":"Springhurst","site_oc_id":19823,"ESRI_OID":1196}},{"type":"Feature","id":1197,"geometry":{"type":"Point","coordinates":[146.313783000922,-36.3614809980425]},"properties":{"distrct_no":"23","distrct_label":"District 23","distrct_phone_no":"03 5720 2300","brig_name":"Wangaratta","fs_name":"Wangaratta","fs_type":"main","street":"30 Handley Street","suburb":"Wangaratta","pcode":"3677","grp_name":"Wangaratta","label":"Wangaratta","site_oc_id":19885,"ESRI_OID":1197}},{"type":"Feature","id":1198,"geometry":{"type":"Point","coordinates":[145.859589001176,-36.589166997765]},"properties":{"distrct_no":"23","distrct_label":"District 23","distrct_phone_no":"03 5720 2300","brig_name":"Baddaginnie","fs_name":"Baddaginnie","fs_type":"main","street":"62 Palmerston Street","suburb":"Baddaginnie","pcode":"3670","grp_name":"Benalla","label":"Baddaginnie","site_oc_id":19888,"ESRI_OID":1198}},{"type":"Feature","id":1199,"geometry":{"type":"Point","coordinates":[146.24832800089,-36.2617209980796]},"properties":{"distrct_no":"23","distrct_label":"District 23","distrct_phone_no":"03 5720 2300","brig_name":"Killawarra","fs_name":"Killawarra","fs_type":"main","street":"Warby Tower Road","suburb":"Killawarra","pcode":"3678","grp_name":"Wangaratta","label":"Killawarra","site_oc_id":20032,"ESRI_OID":1199}},{"type":"Feature","id":1200,"geometry":{"type":"Point","coordinates":[146.185080000988,-36.4157189979696]},"properties":{"distrct_no":"23","distrct_label":"District 23","distrct_phone_no":"03 5720 2300","brig_name":"Taminick & North Winton","fs_name":"Taminick & North Winton","fs_type":"main","street":"563 Upper Taminick Road","suburb":"Taminick","pcode":"3675","grp_name":"Benalla","label":"Taminick & North Winton","site_oc_id":20079,"ESRI_OID":1200}},{"type":"Feature","id":1201,"geometry":{"type":"Point","coordinates":[146.45137800105,-36.6902419978949]},"properties":{"distrct_no":"23","distrct_label":"District 23","distrct_phone_no":"03 5720 2300","brig_name":"Edi","fs_name":"Edi","fs_type":"main","street":"578 Edi-Cheshunt Road","suburb":"Edi Upper","pcode":"3678","grp_name":"Moyhu","label":"Edi","site_oc_id":20149,"ESRI_OID":1201}},{"type":"Feature","id":1202,"geometry":{"type":"Point","coordinates":[145.784483001104,-36.407354997846]},"properties":{"distrct_no":"23","distrct_label":"District 23","distrct_phone_no":"03 5720 2300","brig_name":"Goorambat Stewarton","fs_name":"Goorambat Stewarton Satellite","fs_type":"satellite","street":"660 Stewarton Road","suburb":"Stewarton","pcode":"3725","grp_name":"Benalla","label":"Goorambat Stewarton Satellite (Stewarton)","site_oc_id":20424,"ESRI_OID":1202}},{"type":"Feature","id":1203,"geometry":{"type":"Point","coordinates":[146.382180250918,-36.3945901280452]},"properties":{"distrct_no":"23","distrct_label":"District 23","distrct_phone_no":"03 5720 2300","brig_name":"Oxley","fs_name":"Oxley Satellite","fs_type":"satellite","street":"708 Oxley Flats Road","suburb":"Oxley Flats","pcode":"3678","grp_name":"Wangaratta","label":"Oxley Satellite (Oxley)","site_oc_id":20486,"ESRI_OID":1203}},{"type":"Feature","id":1204,"geometry":{"type":"Point","coordinates":[146.916968350702,-36.2788047482853]},"properties":{"distrct_no":"24","distrct_label":"District 24","distrct_phone_no":"02 6043 4400","brig_name":"Allans Flat","fs_name":"Allans Flat","fs_type":"main","street":"48 Gap Flat Road","suburb":"Allans Flat","pcode":"3691","grp_name":"Bogong","label":"Allans Flat","site_oc_id":18156,"ESRI_OID":1204}},{"type":"Feature","id":1205,"geometry":{"type":"Point","coordinates":[146.953796360645,-36.1889540083503]},"properties":{"distrct_no":"24","distrct_label":"District 24","distrct_phone_no":"02 6043 4400","brig_name":"Baranduda","fs_name":"Baranduda","fs_type":"main","street":"102 Wodonga-Yackandandah Road","suburb":"Baranduda","pcode":"3691","grp_name":"Wodonga","label":"Baranduda","site_oc_id":18157,"ESRI_OID":1205}},{"type":"Feature","id":1206,"geometry":{"type":"Point","coordinates":[147.006595070606,-36.1419731783952]},"properties":{"distrct_no":"24","distrct_label":"District 24","distrct_phone_no":"02 6043 4400","brig_name":"Lake Hume Coast Guard","fs_name":"Bonegilla / Lake Hume Coast Guard","fs_type":"main","street":"1405 Mahers Road","suburb":"Bonegilla","pcode":"3691","grp_name":"Wodonga","label":"Bonegilla / Lake Hume Coast Guard","site_oc_id":18165,"ESRI_OID":1206}},{"type":"Feature","id":1207,"geometry":{"type":"Point","coordinates":[146.971211080918,-36.732237248036]},"properties":{"distrct_no":"24","distrct_label":"District 24","distrct_phone_no":"02 6043 4400","brig_name":"Bright","fs_name":"Bright","fs_type":"main","street":"20 Churchill Avenue","suburb":"Bright","pcode":"3741","grp_name":"Ovens Valley","label":"Bright","site_oc_id":18167,"ESRI_OID":1207}},{"type":"Feature","id":1208,"geometry":{"type":"Point","coordinates":[146.692934740959,-36.6512687879947]},"properties":{"distrct_no":"24","distrct_label":"District 24","distrct_phone_no":"02 6043 4400","brig_name":"Buffalo River","fs_name":"Buffalo River","fs_type":"main","street":"1237 Buffalo River Road","suburb":"Buffalo River","pcode":"3737","grp_name":"Ovens Valley","label":"Buffalo River","site_oc_id":18168,"ESRI_OID":1208}},{"type":"Feature","id":1209,"geometry":{"type":"Point","coordinates":[146.611301020725,-36.1494060882627]},"properties":{"distrct_no":"24","distrct_label":"District 24","distrct_phone_no":"02 6043 4400","brig_name":"Chiltern","fs_name":"Chiltern","fs_type":"main","street":"7 Crawford Street","suburb":"Chiltern","pcode":"3683","grp_name":"Rutherglen","label":"Chiltern","site_oc_id":18171,"ESRI_OID":1209}},{"type":"Feature","id":1210,"geometry":{"type":"Point","coordinates":[147.902914520378,-36.1967961286535]},"properties":{"distrct_no":"24","distrct_label":"District 24","distrct_phone_no":"02 6043 4400","brig_name":"Corryong","fs_name":"Corryong","fs_type":"main","street":"77 Hanson Street","suburb":"Corryong","pcode":"3707","grp_name":"Corryong","label":"Corryong","site_oc_id":18173,"ESRI_OID":1210}},{"type":"Feature","id":1211,"geometry":{"type":"Point","coordinates":[147.776456230409,-36.187427128618]},"properties":{"distrct_no":"24","distrct_label":"District 24","distrct_phone_no":"02 6043 4400","brig_name":"Cudgewa","fs_name":"Cudgewa","fs_type":"main","street":"156 Main Street","suburb":"Cudgewa","pcode":"3705","grp_name":"Corryong","label":"Cudgewa","site_oc_id":18176,"ESRI_OID":1211}},{"type":"Feature","id":1212,"geometry":{"type":"Point","coordinates":[147.496894110664,-36.5335806983214]},"properties":{"distrct_no":"24","distrct_label":"District 24","distrct_phone_no":"02 6043 4400","brig_name":"Dartmouth","fs_name":"Dartmouth","fs_type":"main","street":"1676 Dartmouth Road","suburb":"Dartmouth","pcode":"3701","grp_name":"Tallangatta","label":"Dartmouth","site_oc_id":18177,"ESRI_OID":1212}},{"type":"Feature","id":1213,"geometry":{"type":"Point","coordinates":[147.028437810772,-36.481133608202]},"properties":{"distrct_no":"24","distrct_label":"District 24","distrct_phone_no":"02 6043 4400","brig_name":"Dederang","fs_name":"Dederang","fs_type":"main","street":"4540 Kiewa Valley Highway","suburb":"Dederang","pcode":"3691","grp_name":"Bogong","label":"Dederang","site_oc_id":18178,"ESRI_OID":1213}},{"type":"Feature","id":1214,"geometry":{"type":"Point","coordinates":[146.677894290888,-36.5054268380752]},"properties":{"distrct_no":"24","distrct_label":"District 24","distrct_phone_no":"02 6043 4400","brig_name":"Gapsted","fs_name":"Gapsted","fs_type":"main","street":"31 Stony Creek Road","suburb":"Gapsted","pcode":"3737","grp_name":"Ovens Valley","label":"Gapsted","site_oc_id":18181,"ESRI_OID":1214}},{"type":"Feature","id":1215,"geometry":{"type":"Point","coordinates":[147.320531480498,-36.1085395485169]},"properties":{"distrct_no":"24","distrct_label":"District 24","distrct_phone_no":"02 6043 4400","brig_name":"Granya","fs_name":"Granya","fs_type":"main","street":"19 Webb Street","suburb":"Granya","pcode":"3701","grp_name":"Tallangatta","label":"Granya","site_oc_id":18182,"ESRI_OID":1215}},{"type":"Feature","id":1216,"geometry":{"type":"Point","coordinates":[147.061512700976,-36.8943174879695]},"properties":{"distrct_no":"24","distrct_label":"District 24","distrct_phone_no":"02 6043 4400","brig_name":"Harrietville","fs_name":"Harrietville","fs_type":"main","street":"9 Camping Park Road","suburb":"Harrietville","pcode":"3741","grp_name":"Ovens Valley","label":"Harrietville","site_oc_id":18184,"ESRI_OID":1216}},{"type":"Feature","id":1217,"geometry":{"type":"Point","coordinates":[146.741989250698,-36.1709753782923]},"properties":{"distrct_no":"24","distrct_label":"District 24","distrct_phone_no":"02 6043 4400","brig_name":"Indigo Valley","fs_name":"Indigo Valley","fs_type":"main","street":"Indigo Creek Road","suburb":"Barnawartha  South","pcode":"3688","grp_name":"Rutherglen","label":"Indigo Valley","site_oc_id":18185,"ESRI_OID":1217}},{"type":"Feature","id":1218,"geometry":{"type":"Point","coordinates":[147.030637050693,-36.3277132882932]},"properties":{"distrct_no":"24","distrct_label":"District 24","distrct_phone_no":"02 6043 4400","brig_name":"Kergunyah","fs_name":"Kergunyah","fs_type":"main","street":"25 Kergunyah Road","suburb":"Kergunyah","pcode":"3691","grp_name":"Bogong","label":"Kergunyah","site_oc_id":18186,"ESRI_OID":1218}},{"type":"Feature","id":1219,"geometry":{"type":"Point","coordinates":[147.373345660699,-36.5322518982825]},"properties":{"distrct_no":"24","distrct_label":"District 24","distrct_phone_no":"02 6043 4400","brig_name":"Mitta Mitta","fs_name":"Mitta Mitta","fs_type":"main","street":"1780 Mitta North Road","suburb":"Mitta Mitta","pcode":"3701","grp_name":"Tallangatta","label":"Mitta Mitta","site_oc_id":18191,"ESRI_OID":1219}},{"type":"Feature","id":1220,"geometry":{"type":"Point","coordinates":[147.169859400865,-36.7419955980935]},"properties":{"distrct_no":"24","distrct_label":"District 24","distrct_phone_no":"02 6043 4400","brig_name":"Mt Beauty","fs_name":"Mt Beauty","fs_type":"main","street":"5 Lakeside Avenue","suburb":"Mount Beauty","pcode":"3699","grp_name":"Bogong","label":"Mt Beauty","site_oc_id":18192,"ESRI_OID":1220}},{"type":"Feature","id":1221,"geometry":{"type":"Point","coordinates":[146.829591490837,-36.4930848281311]},"properties":{"distrct_no":"24","distrct_label":"District 24","distrct_phone_no":"02 6043 4400","brig_name":"Mudgegonga","fs_name":"Mudgegonga","fs_type":"main","street":"1391 Mytleford-Yackandandah Road","suburb":"Mudgegonga","pcode":"3737","grp_name":"Ovens Valley","label":"Mudgegonga","site_oc_id":18194,"ESRI_OID":1221}},{"type":"Feature","id":1222,"geometry":{"type":"Point","coordinates":[146.7269643609,-36.5581360180601]},"properties":{"distrct_no":"24","distrct_label":"District 24","distrct_phone_no":"02 6043 4400","brig_name":"Myrtleford","fs_name":"Myrtleford","fs_type":"main","street":"41 Duke Street","suburb":"Myrtleford","pcode":"3737","grp_name":"Ovens Valley","label":"Myrtleford","site_oc_id":18195,"ESRI_OID":1222}},{"type":"Feature","id":1223,"geometry":{"type":"Point","coordinates":[147.850866810445,-36.3019874085736]},"properties":{"distrct_no":"24","distrct_label":"District 24","distrct_phone_no":"02 6043 4400","brig_name":"Nariel Valley","fs_name":"Nariel Valley","fs_type":"main","street":"1135 Benambra-Corryong Road","suburb":"Nariel Valley","pcode":"3707","grp_name":"Corryong","label":"Nariel Valley","site_oc_id":18198,"ESRI_OID":1223}},{"type":"Feature","id":1224,"geometry":{"type":"Point","coordinates":[146.823070980906,-36.6238870580523]},"properties":{"distrct_no":"24","distrct_label":"District 24","distrct_phone_no":"02 6043 4400","brig_name":"Ovens-Eurobin","fs_name":"Ovens-Eurobin","fs_type":"main","street":"5726 Great Alpine Road","suburb":"Eurobin","pcode":"3739","grp_name":"Ovens Valley","label":"Ovens-Eurobin","site_oc_id":18199,"ESRI_OID":1224}},{"type":"Feature","id":1225,"geometry":{"type":"Point","coordinates":[146.913281070916,-36.6950772580393]},"properties":{"distrct_no":"24","distrct_label":"District 24","distrct_phone_no":"02 6043 4400","brig_name":"Porepunkah","fs_name":"Porepunkah","fs_type":"main","street":"49 Station Street","suburb":"Porepunkah","pcode":"3740","grp_name":"Ovens Valley","label":"Porepunkah","site_oc_id":18200,"ESRI_OID":1225}},{"type":"Feature","id":1226,"geometry":{"type":"Point","coordinates":[146.86017700088,-36.5938479980818]},"properties":{"distrct_no":"24","distrct_label":"District 24","distrct_phone_no":"02 6043 4400","brig_name":"Rosewhite","fs_name":"Rosewhite","fs_type":"main","street":"18 Havilah Road","suburb":"Rosewhite","pcode":"3737","grp_name":"Ovens Valley","label":"Rosewhite","site_oc_id":18201,"ESRI_OID":1226}},{"type":"Feature","id":1227,"geometry":{"type":"Point","coordinates":[146.754602030813,-36.4031855381598]},"properties":{"distrct_no":"24","distrct_label":"District 24","distrct_phone_no":"02 6043 4400","brig_name":"Stanley","fs_name":"Stanley","fs_type":"main","street":"8 Pioneer Road","suburb":"Stanley","pcode":"3747","grp_name":"Bogong","label":"Stanley","site_oc_id":18202,"ESRI_OID":1227}},{"type":"Feature","id":1228,"geometry":{"type":"Point","coordinates":[147.391839000569,-36.2878219984335]},"properties":{"distrct_no":"24","distrct_label":"District 24","distrct_phone_no":"02 6043 4400","brig_name":"Tallangatta Valley","fs_name":"Tallangatta Valley","fs_type":"main","street":"46 Polmear Street","suburb":"Tallagatta Valley","pcode":"3701","grp_name":"Tallangatta","label":"Tallangatta Valley","site_oc_id":18205,"ESRI_OID":1228}},{"type":"Feature","id":1229,"geometry":{"type":"Point","coordinates":[147.140399320845,-36.6860955881171]},"properties":{"distrct_no":"24","distrct_label":"District 24","distrct_phone_no":"02 6043 4400","brig_name":"Tawonga","fs_name":"Tawonga","fs_type":"main","street":"36 Kiewa Valley Highway","suburb":"Tawonga","pcode":"3697","grp_name":"Bogong","label":"Tawonga","site_oc_id":18206,"ESRI_OID":1229}},{"type":"Feature","id":1230,"geometry":{"type":"Point","coordinates":[147.931570610295,-36.0483352887519]},"properties":{"distrct_no":"24","distrct_label":"District 24","distrct_phone_no":"02 6043 4400","brig_name":"Tintaldra","fs_name":"Tintaldra","fs_type":"main","street":"19 Main Street","suburb":"Tintaldra","pcode":"3708","grp_name":"Corryong","label":"Tintaldra","site_oc_id":18207,"ESRI_OID":1230}},{"type":"Feature","id":1231,"geometry":{"type":"Point","coordinates":[147.734101980309,-35.9659958287368]},"properties":{"distrct_no":"24","distrct_label":"District 24","distrct_phone_no":"02 6043 4400","brig_name":"Walwa","fs_name":"Walwa","fs_type":"main","street":"Hanna Street","suburb":"Walwa","pcode":"3709","grp_name":"Corryong","label":"Walwa","site_oc_id":18208,"ESRI_OID":1231}},{"type":"Feature","id":1232,"geometry":{"type":"Point","coordinates":[146.729610990762,-36.2906756982179]},"properties":{"distrct_no":"24","distrct_label":"District 24","distrct_phone_no":"02 6043 4400","brig_name":"Wooragee","fs_name":"Wooragee","fs_type":"main","street":"999 Beechworth-Wodonga Road","suburb":"Wooragee","pcode":"3747","grp_name":"Bogong","label":"Wooragee","site_oc_id":18209,"ESRI_OID":1232}},{"type":"Feature","id":1233,"geometry":{"type":"Point","coordinates":[146.840439630741,-36.3128851982406]},"properties":{"distrct_no":"24","distrct_label":"District 24","distrct_phone_no":"02 6043 4400","brig_name":"Yackandandah","fs_name":"Yackandandah","fs_type":"main","street":"5 High Street","suburb":"Yackandandah","pcode":"3749","grp_name":"Bogong","label":"Yackandandah","site_oc_id":18210,"ESRI_OID":1233}},{"type":"Feature","id":1234,"geometry":{"type":"Point","coordinates":[146.310215950791,-36.1046791581913]},"properties":{"distrct_no":"24","distrct_label":"District 24","distrct_phone_no":"02 6043 4400","brig_name":"Norong","fs_name":"Norong","fs_type":"main","street":"Hallens Road","suburb":"Norong","pcode":"3682","grp_name":"Rutherglen","label":"Norong","site_oc_id":18256,"ESRI_OID":1234}},{"type":"Feature","id":1235,"geometry":{"type":"Point","coordinates":[146.394826060719,-36.0127095982727]},"properties":{"distrct_no":"24","distrct_label":"District 24","distrct_phone_no":"02 6043 4400","brig_name":"Wahgunyah","fs_name":"Wahgunyah","fs_type":"main","street":"20 Elizabeth Street","suburb":"Wahgunyah","pcode":"3687","grp_name":"Rutherglen","label":"Wahgunyah","site_oc_id":18268,"ESRI_OID":1235}},{"type":"Feature","id":1236,"geometry":{"type":"Point","coordinates":[147.282813000895,-36.8636119980578]},"properties":{"distrct_no":"24","distrct_label":"District 24","distrct_phone_no":"02 6043 4400","brig_name":"Falls Creek","fs_name":"Falls Creek","fs_type":"main","street":"19b Bogong High Plains Road","suburb":"Falls Creek","pcode":"3699","grp_name":"Bogong","label":"Falls Creek","site_oc_id":19458,"ESRI_OID":1236}},{"type":"Feature","id":1237,"geometry":{"type":"Point","coordinates":[147.148092701,-36.9904479379405]},"properties":{"distrct_no":"24","distrct_label":"District 24","distrct_phone_no":"02 6043 4400","brig_name":"Mt Hotham - Dinner Plain","fs_name":"Mt Hotham - Dinner Plain","fs_type":"main","street":"82 Great Alpine Road","suburb":"Hotham Heights","pcode":"3741","grp_name":"Ovens Valley","label":"Mt Hotham - Dinner Plain","site_oc_id":19477,"ESRI_OID":1237}},{"type":"Feature","id":1238,"geometry":{"type":"Point","coordinates":[146.724354420902,-36.5593160480585]},"properties":{"distrct_no":"24","distrct_label":"District 24","distrct_phone_no":"02 6043 4400","brig_name":"HVP Ovens Plantations","fs_name":"HVP Ovens Plantations","fs_type":"main","street":"33 Smith Street","suburb":"Myrtleford","pcode":"3737","grp_name":"Ovens Valley","label":"HVP Ovens Plantations","site_oc_id":19505,"ESRI_OID":1238}},{"type":"Feature","id":1239,"geometry":{"type":"Point","coordinates":[147.550782000469,-36.1812959985484]},"properties":{"distrct_no":"24","distrct_label":"District 24","distrct_phone_no":"02 6043 4400","brig_name":"HVP Shelley Plantations","fs_name":"HVP Shelley Plantations","fs_type":"main","street":"43 Avondale Road","suburb":"Shelley","pcode":"3701","grp_name":"Corryong","label":"HVP Shelley Plantations","site_oc_id":19507,"ESRI_OID":1239}},{"type":"Feature","id":1240,"geometry":{"type":"Point","coordinates":[146.46521700072,-36.0550399982707]},"properties":{"distrct_no":"24","distrct_label":"District 24","distrct_phone_no":"02 6043 4400","brig_name":"Rutherglen","fs_name":"Rutherglen","fs_type":"main","street":"55 Howlong Road","suburb":"Rutherglen","pcode":"3685","grp_name":"Rutherglen","label":"Rutherglen","site_oc_id":19725,"ESRI_OID":1240}},{"type":"Feature","id":1241,"geometry":{"type":"Point","coordinates":[146.602290000679,-36.0540909983158]},"properties":{"distrct_no":"24","distrct_label":"District 24","distrct_phone_no":"02 6043 4400","brig_name":"Browns Plains","fs_name":"Browns Plains","fs_type":"main","street":"630 Old Howlong Road","suburb":"Browns Plains","pcode":"3685","grp_name":"Rutherglen","label":"Browns Plains","site_oc_id":19732,"ESRI_OID":1241}},{"type":"Feature","id":1242,"geometry":{"type":"Point","coordinates":[147.25652300056,-36.1944639984452]},"properties":{"distrct_no":"24","distrct_label":"District 24","distrct_phone_no":"02 6043 4400","brig_name":"Old Tallangatta","fs_name":"Old Tallangatta","fs_type":"main","street":"3402 Lake Road","suburb":"Old Tallangatta","pcode":"3701","grp_name":"Tallangatta","label":"Old Tallangatta","site_oc_id":19811,"ESRI_OID":1242}},{"type":"Feature","id":1243,"geometry":{"type":"Point","coordinates":[147.109893000643,-36.2740339983505]},"properties":{"distrct_no":"24","distrct_label":"District 24","distrct_phone_no":"02 6043 4400","brig_name":"Sandy Creek & Charleroi","fs_name":"Sandy Creek & Charleroi","fs_type":"main","street":"Lockharts Gap Road","suburb":"Sandy Creek","pcode":"3695","grp_name":"Bogong","label":"Sandy Creek & Charleroi","site_oc_id":19812,"ESRI_OID":1243}},{"type":"Feature","id":1244,"geometry":{"type":"Point","coordinates":[147.241011000671,-36.4031759983164]},"properties":{"distrct_no":"24","distrct_label":"District 24","distrct_phone_no":"02 6043 4400","brig_name":"Noorongong","fs_name":"Noorongong","fs_type":"main","street":"2606 Omeo Highway","suburb":"Tallandoon","pcode":"3700","grp_name":"Tallangatta","label":"Noorongong","site_oc_id":19813,"ESRI_OID":1244}},{"type":"Feature","id":1245,"geometry":{"type":"Point","coordinates":[147.182060000594,-36.2176819984072]},"properties":{"distrct_no":"24","distrct_label":"District 24","distrct_phone_no":"02 6043 4400","brig_name":"Tallangatta","fs_name":"Tallangatta","fs_type":"main","street":"7 Wagara Street","suburb":"Tallangatta","pcode":"3700","grp_name":"Tallangatta","label":"Tallangatta","site_oc_id":19940,"ESRI_OID":1245}},{"type":"Feature","id":1246,"geometry":{"type":"Point","coordinates":[146.670790000684,-36.1027729983094]},"properties":{"distrct_no":"24","distrct_label":"District 24","distrct_phone_no":"02 6043 4400","brig_name":"Barnawartha","fs_name":"Barnawartha","fs_type":"main","street":"510 Soldiers Road","suburb":"Barnawartha","pcode":"3688","grp_name":"Rutherglen","label":"Barnawartha","site_oc_id":19985,"ESRI_OID":1246}},{"type":"Feature","id":1247,"geometry":{"type":"Point","coordinates":[146.693539000805,-36.3528079981698]},"properties":{"distrct_no":"24","distrct_label":"District 24","distrct_phone_no":"02 6043 4400","brig_name":"Beechworth Rural","fs_name":"Beechworth / Beechworth Rural","fs_type":"main","street":"3 Victoria Road","suburb":"Beechworth","pcode":"3747","grp_name":"Bogong","label":"Beechworth / Beechworth Rural","site_oc_id":19987,"ESRI_OID":1247}},{"type":"Feature","id":1248,"geometry":{"type":"Point","coordinates":[147.249727000702,-36.4684019982806]},"properties":{"distrct_no":"24","distrct_label":"District 24","distrct_phone_no":"02 6043 4400","brig_name":"Eskdale","fs_name":"Eskdale","fs_type":"main","street":"41 Little Snowy Creek Road","suburb":"Eskdale","pcode":"3701","grp_name":"Tallangatta","label":"Eskdale","site_oc_id":19988,"ESRI_OID":1248}},{"type":"Feature","id":1249,"geometry":{"type":"Point","coordinates":[147.064834000736,-36.4298359982439]},"properties":{"distrct_no":"24","distrct_label":"District 24","distrct_phone_no":"02 6043 4400","brig_name":"Gundowring","fs_name":"Gundowring","fs_type":"main","street":"2009 Gundowring Road","suburb":"Gundowring","pcode":"3691","grp_name":"Bogong","label":"Gundowring","site_oc_id":19989,"ESRI_OID":1249}},{"type":"Feature","id":1250,"geometry":{"type":"Point","coordinates":[147.160488000523,-36.0667389984898]},"properties":{"distrct_no":"24","distrct_label":"District 24","distrct_phone_no":"02 6043 4400","brig_name":"Talgarno","fs_name":"Talgarno","fs_type":"main","street":"1227 Murray River Road","suburb":"Talgarno","pcode":"3691","grp_name":"Tallangatta","label":"Talgarno","site_oc_id":19991,"ESRI_OID":1250}},{"type":"Feature","id":1251,"geometry":{"type":"Point","coordinates":[146.496892000682,-36.0002729983131]},"properties":{"distrct_no":"24","distrct_label":"District 24","distrct_phone_no":"02 6043 4400","brig_name":"Carlyle","fs_name":"Carlyle","fs_type":"main","street":"425 Up River Road","suburb":"Carlyle","pcode":"3687","grp_name":"Rutherglen","label":"Carlyle","site_oc_id":19995,"ESRI_OID":1251}},{"type":"Feature","id":1252,"geometry":{"type":"Point","coordinates":[146.887348000675,-36.2097589983165]},"properties":{"distrct_no":"24","distrct_label":"District 24","distrct_phone_no":"02 6043 4400","brig_name":"Leneva","fs_name":"Leneva","fs_type":"main","street":"2838 Beechworth-Wodonga Road","suburb":"Leneva","pcode":"3691","grp_name":"Wodonga","label":"Leneva","site_oc_id":20002,"ESRI_OID":1252}},{"type":"Feature","id":1253,"geometry":{"type":"Point","coordinates":[147.09874100057,-36.1248219984352]},"properties":{"distrct_no":"24","distrct_label":"District 24","distrct_phone_no":"02 6043 4400","brig_name":"Bethanga","fs_name":"Bethanga","fs_type":"main","street":"1 Springdale Road","suburb":"Bethanga","pcode":"3691","grp_name":"Tallangatta","label":"Bethanga","site_oc_id":20003,"ESRI_OID":1253}},{"type":"Feature","id":1254,"geometry":{"type":"Point","coordinates":[147.542927000389,-36.0171509986438]},"properties":{"distrct_no":"24","distrct_label":"District 24","distrct_phone_no":"02 6043 4400","brig_name":"Burrowye","fs_name":"Burrowye","fs_type":"main","street":"210 Guys Forrest Road","suburb":"Burrowye","pcode":"3709","grp_name":"Corryong","label":"Burrowye","site_oc_id":20036,"ESRI_OID":1254}},{"type":"Feature","id":1255,"geometry":{"type":"Point","coordinates":[148.025935000385,-36.2803709986432]},"properties":{"distrct_no":"24","distrct_label":"District 24","distrct_phone_no":"02 6043 4400","brig_name":"Biggara","fs_name":"Biggara","fs_type":"main","street":"1478 Upper Murray Road","suburb":"Biggara","pcode":"3707","grp_name":"Corryong","label":"Biggara","site_oc_id":20038,"ESRI_OID":1255}},{"type":"Feature","id":1256,"geometry":{"type":"Point","coordinates":[146.570667000705,-36.0880459982856]},"properties":{"distrct_no":"24","distrct_label":"District 24","distrct_phone_no":"02 6043 4400","brig_name":"Cornishtown","fs_name":"Cornishtown","fs_type":"main","street":"2 Indigo Post Office Road","suburb":"Cornishtown","pcode":"3683","grp_name":"Rutherglen","label":"Cornishtown","site_oc_id":20076,"ESRI_OID":1256}},{"type":"Feature","id":1257,"geometry":{"type":"Point","coordinates":[147.652715000458,-36.2168389985603]},"properties":{"distrct_no":"24","distrct_label":"District 24","distrct_phone_no":"02 6043 4400","brig_name":"Berringama","fs_name":"Berringama","fs_type":"main","street":"4006 Murray Valley Highway","suburb":"Berringama","pcode":"3691","grp_name":"Corryong","label":"Berringama","site_oc_id":20078,"ESRI_OID":1257}},{"type":"Feature","id":1258,"geometry":{"type":"Point","coordinates":[146.851311000637,-36.1141119983613]},"properties":{"distrct_no":"24","distrct_label":"District 24","distrct_phone_no":"02 6043 4400","brig_name":"District 24 Headquarters","fs_name":"District 24 Headquarters RFB","fs_type":"main","street":"55 Moorefield Park Drive","suburb":"West Wodonga","pcode":"3690","grp_name":"Wodonga","label":"District 24 Headquarters RFB","site_oc_id":20105,"ESRI_OID":1258}},{"type":"Feature","id":1259,"geometry":{"type":"Point","coordinates":[147.027772000654,-36.2479659983394]},"properties":{"distrct_no":"24","distrct_label":"District 24","distrct_phone_no":"02 6043 4400","brig_name":"Kiewa","fs_name":"Kiewa","fs_type":"main","street":"33 Kiewa-Bonegilla Road","suburb":"Tangambalanga","pcode":"3691","grp_name":"Bogong","label":"Kiewa","site_oc_id":20118,"ESRI_OID":1259}},{"type":"Feature","id":1260,"geometry":{"type":"Point","coordinates":[146.851169000637,-36.1146229983609]},"properties":{"distrct_no":"24","distrct_label":"District 24","distrct_phone_no":"02 6043 4400","brig_name":"Wodonga West","fs_name":"Wodonga West","fs_type":"main","street":"55 Moorefield Park Drive","suburb":"West Wodonga","pcode":"3690","grp_name":"Wodonga","label":"Wodonga West","site_oc_id":20140,"ESRI_OID":1260}},{"type":"Feature","id":1261,"geometry":{"type":"Point","coordinates":[146.901656000632,-36.1332789983663]},"properties":{"distrct_no":"24","distrct_label":"District 24","distrct_phone_no":"02 6043 4400","brig_name":"Wodonga","fs_name":"Wodonga","fs_type":"main","street":"81 Thomas Mitchell Drive","suburb":"Wodonga","pcode":"3690","grp_name":"Wodonga","label":"Wodonga","site_oc_id":20173,"ESRI_OID":1261}},{"type":"Feature","id":1262,"geometry":{"type":"Point","coordinates":[147.331457000539,-36.1941429984696]},"properties":{"distrct_no":"24","distrct_label":"District 24","distrct_phone_no":"02 6043 4400","brig_name":"Bullioh","fs_name":"Bullioh","fs_type":"main","street":"7954 Murray Valley Highway","suburb":"Bullioh","pcode":"3700","grp_name":"Tallangatta","label":"Bullioh","site_oc_id":20188,"ESRI_OID":1262}},{"type":"Feature","id":1263,"geometry":{"type":"Point","coordinates":[146.986306000839,-36.587199998126]},"properties":{"distrct_no":"24","distrct_label":"District 24","distrct_phone_no":"02 6043 4400","brig_name":"Dederang","fs_name":"Dederang Satellite","fs_type":"satellite","street":"304 Kancoona South Road","suburb":"Kancoona","pcode":"3691","grp_name":"Bogong","label":"Dederang Satellite (Kancoona)","site_oc_id":20368,"ESRI_OID":1263}},{"type":"Feature","id":1264,"geometry":{"type":"Point","coordinates":[147.242780000988,-37.021863997952]},"properties":{"distrct_no":"24","distrct_label":"District 24","distrct_phone_no":"02 6043 4400","brig_name":"Mt Hotham - Dinner Plain","fs_name":"Mt Hotham - Dinner Plain Satellite","fs_type":"satellite","street":"7 Tower Road","suburb":"Dinner Plain","pcode":"3898","grp_name":"Ovens Valley","label":"Mt Hotham - Dinner Plain Satellite (Dinner Plain)","site_oc_id":20387,"ESRI_OID":1264}},{"type":"Feature","id":1265,"geometry":{"type":"Point","coordinates":[147.062571000568,-36.0991189984387]},"properties":{"distrct_no":"24","distrct_label":"District 24","distrct_phone_no":"02 6043 4400","brig_name":"Bethanga","fs_name":"Bethanga Satellite","fs_type":"satellite","street":"16 Lyndon Avenue","suburb":"Bellbridge","pcode":"3691","grp_name":"Tallangatta","label":"Bethanga Satellite (Bellbridge)","site_oc_id":20418,"ESRI_OID":1265}},{"type":"Feature","id":1266,"geometry":{"type":"Point","coordinates":[146.875936000768,-36.3846379982098]},"properties":{"distrct_no":"24","distrct_label":"District 24","distrct_phone_no":"02 6043 4400","brig_name":"Yackandandah","fs_name":"Yackandandah Satellite","fs_type":"satellite","street":"Myrtleford-Yackandandah Road","suburb":"Yackandandah","pcode":"3749","grp_name":"Bogong","label":"Yackandandah Satellite (Bruarong)","site_oc_id":20419,"ESRI_OID":1266}},{"type":"Feature","id":1267,"geometry":{"type":"Point","coordinates":[146.681307000656,-36.0551309983408]},"properties":{"distrct_no":"24","distrct_label":"District 24","distrct_phone_no":"02 6043 4400","brig_name":"Barnawartha","fs_name":"Barnawartha Satellite (Howlong Rd)","fs_type":"satellite","street":"2227 Murray Valley Highway","suburb":"Barnawartha","pcode":"3688","grp_name":"Rutherglen","label":"Barnawartha Satellite (Howlong Rd)","site_oc_id":20420,"ESRI_OID":1267}},{"type":"Feature","id":1268,"geometry":{"type":"Point","coordinates":[146.739113000647,-36.0704889983505]},"properties":{"distrct_no":"24","distrct_label":"District 24","distrct_phone_no":"02 6043 4400","brig_name":"Barnawartha","fs_name":"Barnawartha Satellite (Mclindens Rd)","fs_type":"satellite","street":"29 Mclindens Road","suburb":"Barnawartha North","pcode":"3691","grp_name":"Rutherglen","label":"Barnawartha Satellite (Mclindens Rd)","site_oc_id":20421,"ESRI_OID":1268}},{"type":"Feature","id":1269,"geometry":{"type":"Point","coordinates":[146.275952401997,-38.3771212368703]},"properties":{"distrct_no":"27","distrct_label":"District 27","distrct_phone_no":"03 5120 3700","brig_name":"Boolarra","fs_name":"Boolarra","fs_type":"main","street":"11 Austin Street","suburb":"Boolarra","pcode":"3870","grp_name":"Merton","label":"Boolarra","site_oc_id":18568,"ESRI_OID":1269}},{"type":"Feature","id":1270,"geometry":{"type":"Point","coordinates":[146.693399581758,-38.171538387114]},"properties":{"distrct_no":"27","distrct_label":"District 27","distrct_phone_no":"03 5120 3700","brig_name":"Flynn","fs_name":"Flynn","fs_type":"main","street":"Princes Highway","suburb":"Flynn","pcode":"3844","grp_name":"Hyland","label":"Flynn","site_oc_id":18577,"ESRI_OID":1270}},{"type":"Feature","id":1271,"geometry":{"type":"Point","coordinates":[146.57485733177,-38.1269436971035]},"properties":{"distrct_no":"27","distrct_label":"District 27","distrct_phone_no":"03 5120 3700","brig_name":"Glengarry","fs_name":"Glengarry","fs_type":"main","street":"97 Cairnbrook Road","suburb":"Glengarry","pcode":"3854","grp_name":"Hyland","label":"Glengarry","site_oc_id":18580,"ESRI_OID":1271}},{"type":"Feature","id":1272,"geometry":{"type":"Point","coordinates":[146.522693381798,-38.1494398170747]},"properties":{"distrct_no":"27","distrct_label":"District 27","distrct_phone_no":"03 5120 3700","brig_name":"Maryvale","fs_name":"Maryvale","fs_type":"main","street":"285 Glengarry West Road","suburb":"Glengarry West","pcode":"3854","grp_name":"Hyland","label":"Maryvale","site_oc_id":18582,"ESRI_OID":1272}},{"type":"Feature","id":1273,"geometry":{"type":"Point","coordinates":[146.488275911876,-38.2753309469924]},"properties":{"distrct_no":"27","distrct_label":"District 27","distrct_phone_no":"03 5120 3700","brig_name":"Hazelwood North","fs_name":"Hazelwood North","fs_type":"main","street":"Jeeralang North Road","suburb":"North Hazelwood","pcode":"3840","grp_name":"Merton","label":"Hazelwood North","site_oc_id":18594,"ESRI_OID":1273}},{"type":"Feature","id":1274,"geometry":{"type":"Point","coordinates":[146.62316347172,-38.0615414671556]},"properties":{"distrct_no":"27","distrct_label":"District 27","distrct_phone_no":"03 5120 3700","brig_name":"Toongabbie","fs_name":"Toongabbie","fs_type":"main","street":"32 Main Street","suburb":"Toongabbie","pcode":"3856","grp_name":"Hyland","label":"Toongabbie","site_oc_id":18604,"ESRI_OID":1274}},{"type":"Feature","id":1275,"geometry":{"type":"Point","coordinates":[146.538669491872,-38.2967101269954]},"properties":{"distrct_no":"27","distrct_label":"District 27","distrct_phone_no":"03 5120 3700","brig_name":"Traralgon South","fs_name":"Traralgon South","fs_type":"main","street":"1 Keith Morgan Drive","suburb":"Traralgon South","pcode":"3844","grp_name":"Hyland","label":"Traralgon South","site_oc_id":18608,"ESRI_OID":1275}},{"type":"Feature","id":1276,"geometry":{"type":"Point","coordinates":[146.591917981803,-38.1976070770682]},"properties":{"distrct_no":"27","distrct_label":"District 27","distrct_phone_no":"03 5120 3700","brig_name":"Traralgon East","fs_name":"Traralgon East","fs_type":"main","street":"16 Hourigan Drive","suburb":"Traralgon East","pcode":"3844","grp_name":"Hyland","label":"Traralgon East","site_oc_id":18610,"ESRI_OID":1276}},{"type":"Feature","id":1277,"geometry":{"type":"Point","coordinates":[146.475561901846,-38.2115165270249]},"properties":{"distrct_no":"27","distrct_label":"District 27","distrct_phone_no":"03 5120 3700","brig_name":"Traralgon West","fs_name":"Traralgon West","fs_type":"main","street":"Aerodrome Road","suburb":"Traralgon West","pcode":"3844","grp_name":"Hyland","label":"Traralgon West","site_oc_id":18612,"ESRI_OID":1277}},{"type":"Feature","id":1278,"geometry":{"type":"Point","coordinates":[146.481215001811,-38.149532097062]},"properties":{"distrct_no":"27","distrct_label":"District 27","distrct_phone_no":"03 5120 3700","brig_name":"Tyers","fs_name":"Tyers","fs_type":"main","street":"1 Community Lane","suburb":"Tyers","pcode":"3844","grp_name":"Hyland","label":"Tyers","site_oc_id":18614,"ESRI_OID":1278}},{"type":"Feature","id":1279,"geometry":{"type":"Point","coordinates":[146.329262541949,-38.3199664669189]},"properties":{"distrct_no":"27","distrct_label":"District 27","distrct_phone_no":"03 5120 3700","brig_name":"Yinnar","fs_name":"Yinnar / Driffield","fs_type":"main","street":"1 Main Street","suburb":"Yinnar","pcode":"3869","grp_name":"Merton","label":"Yinnar / Driffield","site_oc_id":18625,"ESRI_OID":1279}},{"type":"Feature","id":1280,"geometry":{"type":"Point","coordinates":[146.360857301958,-38.3542868669089]},"properties":{"distrct_no":"27","distrct_label":"District 27","distrct_phone_no":"03 5120 3700","brig_name":"Yinnar South","fs_name":"Yinnar South","fs_type":"main","street":"Middle Creek Road","suburb":"Yinnar South","pcode":"3869","grp_name":"Merton","label":"Yinnar South","site_oc_id":18627,"ESRI_OID":1280}},{"type":"Feature","id":1281,"geometry":{"type":"Point","coordinates":[146.422143441917,-38.3123153569513]},"properties":{"distrct_no":"27","distrct_label":"District 27","distrct_phone_no":"03 5120 3700","brig_name":"Churchill","fs_name":"Churchill","fs_type":"main","street":"1-3 Philip Parade","suburb":"Churchill","pcode":"3842","grp_name":"Merton","label":"Churchill","site_oc_id":18646,"ESRI_OID":1281}},{"type":"Feature","id":1282,"geometry":{"type":"Point","coordinates":[146.360889721854,-38.1616109870186]},"properties":{"distrct_no":"27","distrct_label":"District 27","distrct_phone_no":"03 5120 3700","brig_name":"Yallourn North","fs_name":"Yallourn North","fs_type":"main","street":"3 Anderson Avenue","suburb":"Yallourn North","pcode":"3825","grp_name":"Merton","label":"Yallourn North","site_oc_id":18698,"ESRI_OID":1282}},{"type":"Feature","id":1283,"geometry":{"type":"Point","coordinates":[146.325409951853,-38.1388316970208]},"properties":{"distrct_no":"27","distrct_label":"District 27","distrct_phone_no":"03 5120 3700","brig_name":"Tanjil","fs_name":"Tanjil","fs_type":"main","street":"Anderson Road","suburb":"Yallourn North","pcode":"3825","grp_name":"Merton","label":"Tanjil","site_oc_id":18703,"ESRI_OID":1283}},{"type":"Feature","id":1284,"geometry":{"type":"Point","coordinates":[146.255802131915,-38.2141620769568]},"properties":{"distrct_no":"27","distrct_label":"District 27","distrct_phone_no":"03 5120 3700","brig_name":"Moe South","fs_name":"Moe South","fs_type":"main","street":"9 Lynne Avenue","suburb":"Moe South","pcode":"3825","grp_name":"Merton","label":"Moe South","site_oc_id":18705,"ESRI_OID":1284}},{"type":"Feature","id":1285,"geometry":{"type":"Point","coordinates":[146.40616158188,-38.2357537369901]},"properties":{"distrct_no":"27","distrct_label":"District 27","distrct_phone_no":"03 5120 3700","brig_name":"Morwell","fs_name":"Morwell","fs_type":"main","street":"26 Mcdonald Street","suburb":"Morwell","pcode":"3840","grp_name":"Merton","label":"Morwell","site_oc_id":19644,"ESRI_OID":1285}},{"type":"Feature","id":1286,"geometry":{"type":"Point","coordinates":[146.522458001826,-38.2020189970446]},"properties":{"distrct_no":"27","distrct_label":"District 27","distrct_phone_no":"03 5120 3700","brig_name":"Traralgon","fs_name":"Traralgon","fs_type":"main","street":"158 Princes Street","suburb":"Traralgon","pcode":"3844","grp_name":"Hyland","label":"Traralgon","site_oc_id":19734,"ESRI_OID":1286}},{"type":"Feature","id":1287,"geometry":{"type":"Point","coordinates":[146.583664001881,-38.3389419969849]},"properties":{"distrct_no":"27","distrct_label":"District 27","distrct_phone_no":"03 5120 3700","brig_name":"Callignee","fs_name":"Callignee","fs_type":"main","street":"438 Old Callignee Road","suburb":"Callignee","pcode":"3844","grp_name":"Hyland","label":"Callignee","site_oc_id":19867,"ESRI_OID":1287}},{"type":"Feature","id":1288,"geometry":{"type":"Point","coordinates":[146.424907001915,-38.3104659969532]},"properties":{"distrct_no":"27","distrct_label":"District 27","distrct_phone_no":"03 5120 3700","brig_name":"HVP Gippsland Plantations","fs_name":"HVP Gippsland Plantations","fs_type":"main","street":"50 Northways Road","suburb":"Churchill","pcode":"3842","grp_name":"Merton","label":"HVP Gippsland Plantations","site_oc_id":19963,"ESRI_OID":1288}},{"type":"Feature","id":1289,"geometry":{"type":"Point","coordinates":[146.274247002034,-38.4443809968317]},"properties":{"distrct_no":"27","distrct_label":"District 27","distrct_phone_no":"03 5120 3700","brig_name":"Boolarra","fs_name":"Boolarra Satellite","fs_type":"satellite","street":"1410 Grand Ridge Road","suburb":"Mirboo","pcode":"3871","grp_name":"Merton","label":"Boolarra Satellite (Boolarra South)","site_oc_id":20362,"ESRI_OID":1289}},{"type":"Feature","id":1290,"geometry":{"type":"Point","coordinates":[146.259571641893,-38.1747319069804]},"properties":{"distrct_no":"27","distrct_label":"District 27","distrct_phone_no":"03 5120 3700","brig_name":"Moe","fs_name":"Moe","fs_type":"main","street":"95-97 Albert Street","suburb":"Moe","pcode":"3825","grp_name":"Merton","label":"Moe","site_oc_id":20457,"ESRI_OID":1290}},{"type":"Feature","id":1291,"geometry":{"type":"Point","coordinates":[146.299916001884,-38.181124996989]},"properties":{"distrct_no":"27","distrct_label":"District 27","distrct_phone_no":"03 5120 3700","brig_name":"Newborough","fs_name":"Newborough","fs_type":"main","street":"Monash Road","suburb":"Newborough","pcode":"3825","grp_name":"Merton","label":"Newborough","site_oc_id":20495,"ESRI_OID":1291}}]}