{
  "type": "FeatureCollection",
  "metadata": {"source": "Digital Atlas of Australia — Police Stations", "source_url": "https://digital.atlas.gov.au/datasets/police-stations/about", "licence": "Creative Commons Attribution 4.0 International (CC BY 4.0)", "licence_url": "https://creativecommons.org/licenses/by/4.0/", "description": "Police station point locations, Victoria (state subset of Geoscience Australia national dataset)."}, "features": [
    {
      "type": "Feature",
      "id": 4,
      "geometry": { "type": "Point", "coordinates": [142.162069999841, -34.1860500000602] },
      "properties": {
        "OBJECTID": 4,
        "ufi": 27085349,
        "place_id": 5145,
        "name_id": 16988,
        "vicmap_id": 140667,
        "place_name": "MILDURA POLICE STATION",
        "feature_code": "POLS",
        "feature": "POLICE STATION",
        "name_status_code": "REG",
        "name_status": "REGISTERED",
        "longitude": 142.16207,
        "latitude": -34.18605,
        "registration_date": "1966-05-02",
        "gazette_published_date": null,
        "gazette_reference": null,
        "gazette_url": null,
        "aboriginal_origin": null,
        "gender": null,
        "create_date_ufi": 1721981049837
      }
    },
    {
      "type": "Feature",
      "id": 90,
      "geometry": { "type": "Point", "coordinates": [142.289790000163, -37.8746300001374] },
      "properties": {
        "OBJECTID": 90,
        "ufi": 27085435,
        "place_id": 6235,
        "name_id": 21020,
        "vicmap_id": 141900,
        "place_name": "PENSHURST POLICE STATION",
        "feature_code": "POLS",
        "feature": "POLICE STATION",
        "name_status_code": "REG",
        "name_status": "REGISTERED",
        "longitude": 142.28979,
        "latitude": -37.87463,
        "registration_date": "1966-05-02",
        "gazette_published_date": null,
        "gazette_reference": null,
        "gazette_url": null,
        "aboriginal_origin": null,
        "gender": null,
        "create_date_ufi": 1721981049837
      }
    },
    {
      "type": "Feature",
      "id": 140,
      "geometry": { "type": "Point", "coordinates": [145.650979999629, -35.9203699998816] },
      "properties": {
        "OBJECTID": 140,
        "ufi": 27085485,
        "place_id": 13161,
        "name_id": 5776,
        "vicmap_id": 136599,
        "place_name": "COBRAM POLICE STATION",
        "feature_code": "POLS",
        "feature": "POLICE STATION",
        "name_status_code": "REG",
        "name_status": "REGISTERED",
        "longitude": 145.65098,
        "latitude": -35.92037,
        "registration_date": "1966-05-02",
        "gazette_published_date": null,
        "gazette_reference": null,
        "gazette_url": null,
        "aboriginal_origin": null,
        "gender": null,
        "create_date_ufi": 1721981049837
      }
    },
    {
      "type": "Feature",
      "id": 311,
      "geometry": { "type": "Point", "coordinates": [145.025899999675, -37.6467299996953] },
      "properties": {
        "OBJECTID": 311,
        "ufi": 27085660,
        "place_id": 15206,
        "name_id": 8639,
        "vicmap_id": 137581,
        "place_name": "EPPING POLICE STATION",
        "feature_code": "POLS",
        "feature": "POLICE STATION",
        "name_status_code": "REG",
        "name_status": "REGISTERED",
        "longitude": 145.0259,
        "latitude": -37.646730000000005,
        "registration_date": "1966-05-02",
        "gazette_published_date": null,
        "gazette_reference": null,
        "gazette_url": null,
        "aboriginal_origin": null,
        "gender": null,
        "create_date_ufi": 1721981049837
      }
    },
    {
      "type": "Feature",
      "id": 329,
      "geometry": { "type": "Point", "coordinates": [146.375140000053, -37.975680000232] },
      "properties": {
        "OBJECTID": 329,
        "ufi": 27085678,
        "place_id": 15224,
        "name_id": 8659,
        "vicmap_id": null,
        "place_name": "ERICA POLICE STATION",
        "feature_code": "POLS",
        "feature": "POLICE STATION",
        "name_status_code": "REG",
        "name_status": "REGISTERED",
        "longitude": 146.37514000000002,
        "latitude": -37.97568,
        "registration_date": "1966-05-02",
        "gazette_published_date": null,
        "gazette_reference": null,
        "gazette_url": null,
        "aboriginal_origin": null,
        "gender": "No Gender",
        "create_date_ufi": 1721981049837
      }
    },
    {
      "type": "Feature",
      "id": 330,
      "geometry": { "type": "Point", "coordinates": [146.395420000293, -37.9559599999586] },
      "properties": {
        "OBJECTID": 330,
        "ufi": 27085679,
        "place_id": 15225,
        "name_id": 8661,
        "vicmap_id": null,
        "place_name": "ERICA RAWSON POLICE STATION",
        "feature_code": "POLS",
        "feature": "POLICE STATION",
        "name_status_code": "REG",
        "name_status": "REGISTERED",
        "longitude": 146.39542,
        "latitude": -37.95596,
        "registration_date": "1966-05-02",
        "gazette_published_date": null,
        "gazette_reference": null,
        "gazette_url": null,
        "aboriginal_origin": null,
        "gender": "No Gender",
        "create_date_ufi": 1721981049837
      }
    },
    {
      "type": "Feature",
      "id": 546,
      "geometry": { "type": "Point", "coordinates": [144.856849999842, -37.1233100001006] },
      "properties": {
        "OBJECTID": 546,
        "ufi": 27085895,
        "place_id": 23965,
        "name_id": 21952,
        "vicmap_id": 142159,
        "place_name": "PYALONG POLICE STATION",
        "feature_code": "POLS",
        "feature": "POLICE STATION",
        "name_status_code": "REG",
        "name_status": "REGISTERED",
        "longitude": 144.85684999999998,
        "latitude": -37.123310000000004,
        "registration_date": "1966-05-02",
        "gazette_published_date": null,
        "gazette_reference": null,
        "gazette_url": null,
        "aboriginal_origin": null,
        "gender": null,
        "create_date_ufi": 1721981049837
      }
    },
    {
      "type": "Feature",
      "id": 594,
      "geometry": { "type": "Point", "coordinates": [144.21936999976, -37.0637200001734] },
      "properties": {
        "OBJECTID": 594,
        "ufi": 27085943,
        "place_id": 12584,
        "name_id": 4973,
        "vicmap_id": 136302,
        "place_name": "CASTLEMAINE POLICE STATION",
        "feature_code": "POLS",
        "feature": "POLICE STATION",
        "name_status_code": "REG",
        "name_status": "REGISTERED",
        "longitude": 144.21937,
        "latitude": -37.063719999999996,
        "registration_date": "1966-05-02",
        "gazette_published_date": null,
        "gazette_reference": null,
        "gazette_url": null,
        "aboriginal_origin": null,
        "gender": null,
        "create_date_ufi": 1721981049837
      }
    },
    {
      "type": "Feature",
      "id": 649,
      "geometry": { "type": "Point", "coordinates": [145.079719999724, -37.8628600003026] },
      "properties": {
        "OBJECTID": 649,
        "ufi": 27086000,
        "place_id": 9563,
        "name_id": 652,
        "vicmap_id": 134933,
        "place_name": "ASHBURTON POLICE STATION",
        "feature_code": "POLS",
        "feature": "POLICE STATION",
        "name_status_code": "REG",
        "name_status": "REGISTERED",
        "longitude": 145.07972,
        "latitude": -37.86286,
        "registration_date": "1966-05-02",
        "gazette_published_date": null,
        "gazette_reference": null,
        "gazette_url": null,
        "aboriginal_origin": null,
        "gender": "No Gender",
        "create_date_ufi": 1721981049837
      }
    },
    {
      "type": "Feature",
      "id": 692,
      "geometry": { "type": "Point", "coordinates": [144.192229999582, -38.4033899998934] },
      "properties": {
        "OBJECTID": 692,
        "ufi": 27086044,
        "place_id": 9418,
        "name_id": 392,
        "vicmap_id": 134827,
        "place_name": "ANGLESEA POLICE STATION",
        "feature_code": "POLS",
        "feature": "POLICE STATION",
        "name_status_code": "REG",
        "name_status": "REGISTERED",
        "longitude": 144.19223000000002,
        "latitude": -38.40339,
        "registration_date": "1966-05-02",
        "gazette_published_date": null,
        "gazette_reference": null,
        "gazette_url": null,
        "aboriginal_origin": null,
        "gender": null,
        "create_date_ufi": 1721981049837
      }
    },
    {
      "type": "Feature",
      "id": 2232,
      "geometry": { "type": "Point", "coordinates": [145.07073999997, -37.7575099999121] },
      "properties": {
        "OBJECTID": 2232,
        "ufi": 27087639,
        "place_id": 17345,
        "name_id": 11549,
        "vicmap_id": 138662,
        "place_name": "HEIDELBERG POLICE STATION",
        "feature_code": "POLS",
        "feature": "POLICE STATION",
        "name_status_code": "REG",
        "name_status": "REGISTERED",
        "longitude": 145.07074,
        "latitude": -37.75751,
        "registration_date": "1966-05-02",
        "gazette_published_date": null,
        "gazette_reference": null,
        "gazette_url": null,
        "aboriginal_origin": null,
        "gender": "No Gender",
        "create_date_ufi": 1721981049837
      }
    },
    {
      "type": "Feature",
      "id": 2234,
      "geometry": { "type": "Point", "coordinates": [145.047919999789, -37.7467899998189] },
      "properties": {
        "OBJECTID": 2234,
        "ufi": 27087641,
        "place_id": 17350,
        "name_id": 11554,
        "vicmap_id": null,
        "place_name": "HEIDELBERG WEST POLICE STATION",
        "feature_code": "POLS",
        "feature": "POLICE STATION",
        "name_status_code": "REG",
        "name_status": "REGISTERED",
        "longitude": 145.04792,
        "latitude": -37.74679,
        "registration_date": "1966-05-02",
        "gazette_published_date": null,
        "gazette_reference": null,
        "gazette_url": null,
        "aboriginal_origin": null,
        "gender": "No Gender",
        "create_date_ufi": 1721981049837
      }
    },
    {
      "type": "Feature",
      "id": 2295,
      "geometry": { "type": "Point", "coordinates": [145.342400000249, -37.7555900000295] },
      "properties": {
        "OBJECTID": 2295,
        "ufi": 27087702,
        "place_id": 19519,
        "name_id": 14982,
        "vicmap_id": 139962,
        "place_name": "LILYDALE POLICE STATION",
        "feature_code": "POLS",
        "feature": "POLICE STATION",
        "name_status_code": "REG",
        "name_status": "REGISTERED",
        "longitude": 145.3424,
        "latitude": -37.75559,
        "registration_date": "1966-05-02",
        "gazette_published_date": null,
        "gazette_reference": null,
        "gazette_url": null,
        "aboriginal_origin": null,
        "gender": null,
        "create_date_ufi": 1721981049837
      }
    },
    {
      "type": "Feature",
      "id": 2373,
      "geometry": { "type": "Point", "coordinates": [144.569769999994, -38.1749599998272] },
      "properties": {
        "OBJECTID": 2373,
        "ufi": 27087790,
        "place_id": 14720,
        "name_id": 7952,
        "vicmap_id": 137306,
        "place_name": "DRYSDALE POLICE STATION",
        "feature_code": "POLS",
        "feature": "POLICE STATION",
        "name_status_code": "REG",
        "name_status": "REGISTERED",
        "longitude": 144.56977,
        "latitude": -38.17496,
        "registration_date": "1966-05-02",
        "gazette_published_date": null,
        "gazette_reference": null,
        "gazette_url": null,
        "aboriginal_origin": null,
        "gender": null,
        "create_date_ufi": 1721981049837
      }
    },
    {
      "type": "Feature",
      "id": 2432,
      "geometry": { "type": "Point", "coordinates": [144.963069999733, -37.7627999999321] },
      "properties": {
        "OBJECTID": 2432,
        "ufi": 27087851,
        "place_id": 11688,
        "name_id": 3666,
        "vicmap_id": 135916,
        "place_name": "BRUNSWICK POLICE STATION",
        "feature_code": "POLS",
        "feature": "POLICE STATION",
        "name_status_code": "REG",
        "name_status": "REGISTERED",
        "longitude": 144.96307,
        "latitude": -37.7628,
        "registration_date": "1966-05-02",
        "gazette_published_date": null,
        "gazette_reference": null,
        "gazette_url": null,
        "aboriginal_origin": null,
        "gender": null,
        "create_date_ufi": 1721981049837
      }
    },
    {
      "type": "Feature",
      "id": 2444,
      "geometry": { "type": "Point", "coordinates": [147.831120000006, -37.7075000001905] },
      "properties": {
        "OBJECTID": 2444,
        "ufi": 27087863,
        "place_id": 11708,
        "name_id": 3686,
        "vicmap_id": 135924,
        "place_name": "BRUTHEN POLICE STATION",
        "feature_code": "POLS",
        "feature": "POLICE STATION",
        "name_status_code": "REG",
        "name_status": "REGISTERED",
        "longitude": 147.83112,
        "latitude": -37.7075,
        "registration_date": "1966-05-02",
        "gazette_published_date": null,
        "gazette_reference": null,
        "gazette_url": null,
        "aboriginal_origin": null,
        "gender": null,
        "create_date_ufi": 1721981049837
      }
    },
    {
      "type": "Feature",
      "id": 2455,
      "geometry": { "type": "Point", "coordinates": [148.171320000295, -37.4998600001821] },
      "properties": {
        "OBJECTID": 2455,
        "ufi": 27087874,
        "place_id": 11726,
        "name_id": 3723,
        "vicmap_id": 135932,
        "place_name": "BUCHAN POLICE STATION",
        "feature_code": "POLS",
        "feature": "POLICE STATION",
        "name_status_code": "REG",
        "name_status": "REGISTERED",
        "longitude": 148.17132,
        "latitude": -37.49986,
        "registration_date": "1966-05-02",
        "gazette_published_date": null,
        "gazette_reference": null,
        "gazette_url": null,
        "aboriginal_origin": null,
        "gender": null,
        "create_date_ufi": 1721981049837
      }
    },
    {
      "type": "Feature",
      "id": 2823,
      "geometry": { "type": "Point", "coordinates": [146.84251999999, -36.3106200002835] },
      "properties": {
        "OBJECTID": 2823,
        "ufi": 27088291,
        "place_id": 30015,
        "name_id": 30303,
        "vicmap_id": 612861,
        "place_name": "YACKANDANDAH POLICE STATION",
        "feature_code": "POLS",
        "feature": "POLICE STATION",
        "name_status_code": "REG",
        "name_status": "REGISTERED",
        "longitude": 146.84252,
        "latitude": -36.31062,
        "registration_date": "1966-05-02",
        "gazette_published_date": null,
        "gazette_reference": null,
        "gazette_url": null,
        "aboriginal_origin": null,
        "gender": null,
        "create_date_ufi": 1721981049837
      }
    },
    {
      "type": "Feature",
      "id": 2979,
      "geometry": { "type": "Point", "coordinates": [144.889659999905, -38.3698100000397] },
      "properties": {
        "OBJECTID": 2979,
        "ufi": 27089150,
        "place_id": 24673,
        "name_id": 22945,
        "vicmap_id": 142520,
        "place_name": "ROSEBUD POLICE STATION",
        "feature_code": "POLS",
        "feature": "POLICE STATION",
        "name_status_code": "REG",
        "name_status": "REGISTERED",
        "longitude": 144.88966,
        "latitude": -38.36981,
        "registration_date": "1966-05-02",
        "gazette_published_date": null,
        "gazette_reference": null,
        "gazette_url": null,
        "aboriginal_origin": null,
        "gender": null,
        "create_date_ufi": 1721981049837
      }
    },
    {
      "type": "Feature",
      "id": 2985,
      "geometry": { "type": "Point", "coordinates": [146.789350000219, -38.150690000074] },
      "properties": {
        "OBJECTID": 2985,
        "ufi": 27089156,
        "place_id": 24684,
        "name_id": 22958,
        "vicmap_id": 142528,
        "place_name": "ROSEDALE POLICE STATION",
        "feature_code": "POLS",
        "feature": "POLICE STATION",
        "name_status_code": "REG",
        "name_status": "REGISTERED",
        "longitude": 146.78934999999998,
        "latitude": -38.15069,
        "registration_date": "1966-05-02",
        "gazette_published_date": null,
        "gazette_reference": null,
        "gazette_url": null,
        "aboriginal_origin": null,
        "gender": null,
        "create_date_ufi": 1721981049837
      }
    },
    {
      "type": "Feature",
      "id": 3060,
      "geometry": { "type": "Point", "coordinates": [145.227140000328, -37.8131199999437] },
      "properties": {
        "OBJECTID": 3060,
        "ufi": 27089233,
        "place_id": 24446,
        "name_id": 22645,
        "vicmap_id": 142337,
        "place_name": "RINGWOOD POLICE STATION",
        "feature_code": "POLS",
        "feature": "POLICE STATION",
        "name_status_code": "REG",
        "name_status": "REGISTERED",
        "longitude": 145.22714000000002,
        "latitude": -37.81312,
        "registration_date": "1966-05-02",
        "gazette_published_date": null,
        "gazette_reference": null,
        "gazette_url": null,
        "aboriginal_origin": null,
        "gender": null,
        "create_date_ufi": 1721981049837
      }
    },
    {
      "type": "Feature",
      "id": 3122,
      "geometry": { "type": "Point", "coordinates": [141.809929999733, -35.1711100000245] },
      "properties": {
        "OBJECTID": 3122,
        "ufi": 27089348,
        "place_id": 8092,
        "name_id": 27872,
        "vicmap_id": 144673,
        "place_name": "UNDERBOOL POLICE STATION",
        "feature_code": "POLS",
        "feature": "POLICE STATION",
        "name_status_code": "REG",
        "name_status": "REGISTERED",
        "longitude": 141.80993,
        "latitude": -35.171110000000006,
        "registration_date": "1966-05-02",
        "gazette_published_date": null,
        "gazette_reference": null,
        "gazette_url": null,
        "aboriginal_origin": null,
        "gender": null,
        "create_date_ufi": 1721981049837
      }
    },
    {
      "type": "Feature",
      "id": 3339,
      "geometry": { "type": "Point", "coordinates": [146.68887999968, -36.3583600000592] },
      "properties": {
        "OBJECTID": 3339,
        "ufi": 27089946,
        "place_id": 10285,
        "name_id": 1711,
        "vicmap_id": 135306,
        "place_name": "BEECHWORTH POLICE STATION",
        "feature_code": "POLS",
        "feature": "POLICE STATION",
        "name_status_code": "REG",
        "name_status": "REGISTERED",
        "longitude": 146.68887999999998,
        "latitude": -36.35836,
        "registration_date": "1966-05-02",
        "gazette_published_date": null,
        "gazette_reference": null,
        "gazette_url": null,
        "aboriginal_origin": null,
        "gender": null,
        "create_date_ufi": 1721981049837
      }
    },
    {
      "type": "Feature",
      "id": 3398,
      "geometry": { "type": "Point", "coordinates": [144.491810000014, -38.2779000001757] },
      "properties": {
        "OBJECTID": 3398,
        "ufi": 27090009,
        "place_id": 10102,
        "name_id": 1447,
        "vicmap_id": null,
        "place_name": "BARWON HEADS POLICE STATION",
        "feature_code": "POLS",
        "feature": "POLICE STATION",
        "name_status_code": "REG",
        "name_status": "REGISTERED",
        "longitude": 144.49181000000002,
        "latitude": -38.2779,
        "registration_date": "1966-05-02",
        "gazette_published_date": null,
        "gazette_reference": null,
        "gazette_url": null,
        "aboriginal_origin": null,
        "gender": null,
        "create_date_ufi": 1721981049837
      }
    },
    {
      "type": "Feature",
      "id": 3575,
      "geometry": { "type": "Point", "coordinates": [144.961060000421, -38.3347199997943] },
      "properties": {
        "OBJECTID": 3575,
        "ufi": 27090217,
        "place_id": 14632,
        "name_id": 7851,
        "vicmap_id": 137283,
        "place_name": "DROMANA POLICE STATION",
        "feature_code": "POLS",
        "feature": "POLICE STATION",
        "name_status_code": "REG",
        "name_status": "REGISTERED",
        "longitude": 144.96106,
        "latitude": -38.33472,
        "registration_date": "1966-05-02",
        "gazette_published_date": null,
        "gazette_reference": null,
        "gazette_url": null,
        "aboriginal_origin": null,
        "gender": null,
        "create_date_ufi": 1721981049837
      }
    },
    {
      "type": "Feature",
      "id": 3757,
      "geometry": { "type": "Point", "coordinates": [142.770619999641, -34.5855199999723] },
      "properties": {
        "OBJECTID": 3757,
        "ufi": 27090411,
        "place_id": 6775,
        "name_id": 22765,
        "vicmap_id": 142415,
        "place_name": "ROBINVALE POLICE STATION",
        "feature_code": "POLS",
        "feature": "POLICE STATION",
        "name_status_code": "REG",
        "name_status": "REGISTERED",
        "longitude": 142.77062,
        "latitude": -34.58552,
        "registration_date": "1966-05-02",
        "gazette_published_date": null,
        "gazette_reference": null,
        "gazette_url": null,
        "aboriginal_origin": null,
        "gender": null,
        "create_date_ufi": 1721981049837
      }
    },
    {
      "type": "Feature",
      "id": 3797,
      "geometry": { "type": "Point", "coordinates": [145.151439999907, -37.9552300002633] },
      "properties": {
        "OBJECTID": 3797,
        "ufi": 27090452,
        "place_id": 26220,
        "name_id": 25014,
        "vicmap_id": 143230,
        "place_name": "SPRINGVALE POLICE STATION",
        "feature_code": "POLS",
        "feature": "POLICE STATION",
        "name_status_code": "REG",
        "name_status": "REGISTERED",
        "longitude": 145.15144,
        "latitude": -37.95523,
        "registration_date": "1966-05-02",
        "gazette_published_date": null,
        "gazette_reference": null,
        "gazette_url": null,
        "aboriginal_origin": null,
        "gender": null,
        "create_date_ufi": 1721981049837
      }
    },
    {
      "type": "Feature",
      "id": 3841,
      "geometry": { "type": "Point", "coordinates": [144.985109999939, -36.4464199998412] },
      "properties": {
        "OBJECTID": 3841,
        "ufi": 27090499,
        "place_id": 26264,
        "name_id": 25069,
        "vicmap_id": 143741,
        "place_name": "STANHOPE POLICE STATION",
        "feature_code": "POLS",
        "feature": "POLICE STATION",
        "name_status_code": "REG",
        "name_status": "REGISTERED",
        "longitude": 144.98511,
        "latitude": -36.446419999999996,
        "registration_date": "1966-05-02",
        "gazette_published_date": null,
        "gazette_reference": null,
        "gazette_url": null,
        "aboriginal_origin": null,
        "gender": "No Gender",
        "create_date_ufi": 1721981049837
      }
    },
    {
      "type": "Feature",
      "id": 3892,
      "geometry": { "type": "Point", "coordinates": [145.127299999976, -37.8180700002515] },
      "properties": {
        "OBJECTID": 3892,
        "ufi": 27090552,
        "place_id": 11371,
        "name_id": 3198,
        "vicmap_id": 685753,
        "place_name": "BOX HILL POLICE STATION",
        "feature_code": "POLS",
        "feature": "POLICE STATION",
        "name_status_code": "REG",
        "name_status": "REGISTERED",
        "longitude": 145.1273,
        "latitude": -37.81807,
        "registration_date": "1966-05-02",
        "gazette_published_date": null,
        "gazette_reference": null,
        "gazette_url": null,
        "aboriginal_origin": null,
        "gender": null,
        "create_date_ufi": 1721981049837
      }
    },
    {
      "type": "Feature",
      "id": 3956,
      "geometry": { "type": "Point", "coordinates": [145.098179999724, -37.8508800001166] },
      "properties": {
        "OBJECTID": 3956,
        "ufi": 27090737,
        "place_id": 12139,
        "name_id": 4255,
        "vicmap_id": 136043,
        "place_name": "BURWOOD POLICE STATION",
        "feature_code": "POLS",
        "feature": "POLICE STATION",
        "name_status_code": "REG",
        "name_status": "REGISTERED",
        "longitude": 145.09817999999999,
        "latitude": -37.85088,
        "registration_date": "1966-05-02",
        "gazette_published_date": null,
        "gazette_reference": null,
        "gazette_url": null,
        "aboriginal_origin": null,
        "gender": null,
        "create_date_ufi": 1721981049837
      }
    },
    {
      "type": "Feature",
      "id": 3976,
      "geometry": { "type": "Point", "coordinates": [141.947049999934, -36.7397200000609] },
      "properties": {
        "OBJECTID": 3976,
        "ufi": 27090758,
        "place_id": 5738,
        "name_id": 19450,
        "vicmap_id": 141303,
        "place_name": "NATIMUK POLICE STATION",
        "feature_code": "POLS",
        "feature": "POLICE STATION",
        "name_status_code": "REG",
        "name_status": "REGISTERED",
        "longitude": 141.94705,
        "latitude": -36.73972,
        "registration_date": "1966-05-02",
        "gazette_published_date": null,
        "gazette_reference": null,
        "gazette_url": null,
        "aboriginal_origin": null,
        "gender": null,
        "create_date_ufi": 1721981049837
      }
    },
    {
      "type": "Feature",
      "id": 3997,
      "geometry": { "type": "Point", "coordinates": [143.733660000418, -36.8571100000711] },
      "properties": {
        "OBJECTID": 3997,
        "ufi": 27090781,
        "place_id": 2550,
        "name_id": 8083,
        "vicmap_id": 137337,
        "place_name": "DUNOLLY POLICE STATION",
        "feature_code": "POLS",
        "feature": "POLICE STATION",
        "name_status_code": "REG",
        "name_status": "REGISTERED",
        "longitude": 143.73366,
        "latitude": -36.857110000000006,
        "registration_date": "1966-05-02",
        "gazette_published_date": null,
        "gazette_reference": null,
        "gazette_url": null,
        "aboriginal_origin": null,
        "gender": "No Gender",
        "create_date_ufi": 1721981049837
      }
    },
    {
      "type": "Feature",
      "id": 4098,
      "geometry": { "type": "Point", "coordinates": [145.607019999766, -37.7801899998205] },
      "properties": {
        "OBJECTID": 4098,
        "ufi": 27090901,
        "place_id": 30138,
        "name_id": 30480,
        "vicmap_id": 612917,
        "place_name": "YARRA JUNCTION POLICE STATION",
        "feature_code": "POLS",
        "feature": "POLICE STATION",
        "name_status_code": "REG",
        "name_status": "REGISTERED",
        "longitude": 145.60702,
        "latitude": -37.78019,
        "registration_date": "1966-05-02",
        "gazette_published_date": null,
        "gazette_reference": null,
        "gazette_url": null,
        "aboriginal_origin": null,
        "gender": null,
        "create_date_ufi": 1721981049837
      }
    },
    {
      "type": "Feature",
      "id": 4179,
      "geometry": { "type": "Point", "coordinates": [144.962919999946, -37.7398500001238] },
      "properties": {
        "OBJECTID": 4179,
        "ufi": 27091018,
        "place_id": 13187,
        "name_id": 5809,
        "vicmap_id": null,
        "place_name": "COBURG POLICE STATION",
        "feature_code": "POLS",
        "feature": "POLICE STATION",
        "name_status_code": "REG",
        "name_status": "REGISTERED",
        "longitude": 144.96292,
        "latitude": -37.739850000000004,
        "registration_date": "1966-05-02",
        "gazette_published_date": null,
        "gazette_reference": null,
        "gazette_url": null,
        "aboriginal_origin": null,
        "gender": null,
        "create_date_ufi": 1721981049837
      }
    },
    {
      "type": "Feature",
      "id": 4255,
      "geometry": { "type": "Point", "coordinates": [145.235269999788, -38.450070000273] },
      "properties": {
        "OBJECTID": 4255,
        "ufi": 27091133,
        "place_id": 13611,
        "name_id": 6424,
        "vicmap_id": 136861,
        "place_name": "COWES POLICE STATION",
        "feature_code": "POLS",
        "feature": "POLICE STATION",
        "name_status_code": "REG",
        "name_status": "REGISTERED",
        "longitude": 145.23526999999999,
        "latitude": -38.450070000000004,
        "registration_date": "1966-05-02",
        "gazette_published_date": null,
        "gazette_reference": null,
        "gazette_url": null,
        "aboriginal_origin": null,
        "gender": "No Gender",
        "create_date_ufi": 1721981049837
      }
    },
    {
      "type": "Feature",
      "id": 4393,
      "geometry": { "type": "Point", "coordinates": [145.033480000212, -37.9845699998356] },
      "properties": {
        "OBJECTID": 4393,
        "ufi": 27091285,
        "place_id": 10257,
        "name_id": 1661,
        "vicmap_id": null,
        "place_name": "BEAUMARIS POLICE STATION",
        "feature_code": "POLS",
        "feature": "POLICE STATION",
        "name_status_code": "REG",
        "name_status": "REGISTERED",
        "longitude": 145.03348,
        "latitude": -37.98457,
        "registration_date": "1966-05-02",
        "gazette_published_date": null,
        "gazette_reference": null,
        "gazette_url": null,
        "aboriginal_origin": null,
        "gender": "No Gender",
        "create_date_ufi": 1721981049837
      }
    },
    {
      "type": "Feature",
      "id": 4476,
      "geometry": { "type": "Point", "coordinates": [141.406030000015, -37.5853100001145] },
      "properties": {
        "OBJECTID": 4476,
        "ufi": 27091374,
        "place_id": 1577,
        "name_id": 4945,
        "vicmap_id": 136295,
        "place_name": "CASTERTON POLICE STATION",
        "feature_code": "POLS",
        "feature": "POLICE STATION",
        "name_status_code": "REG",
        "name_status": "REGISTERED",
        "longitude": 141.40603000000002,
        "latitude": -37.58531,
        "registration_date": "1966-05-02",
        "gazette_published_date": null,
        "gazette_reference": null,
        "gazette_url": null,
        "aboriginal_origin": null,
        "gender": null,
        "create_date_ufi": 1721981049837
      }
    },
    {
      "type": "Feature",
      "id": 4513,
      "geometry": { "type": "Point", "coordinates": [143.339769999776, -37.9532699997548] },
      "properties": {
        "OBJECTID": 4513,
        "ufi": 27091414,
        "place_id": 4604,
        "name_id": 15075,
        "vicmap_id": 140004,
        "place_name": "LISMORE POLICE STATION",
        "feature_code": "POLS",
        "feature": "POLICE STATION",
        "name_status_code": "REG",
        "name_status": "REGISTERED",
        "longitude": 143.33977,
        "latitude": -37.95327,
        "registration_date": "1966-05-02",
        "gazette_published_date": null,
        "gazette_reference": null,
        "gazette_url": null,
        "aboriginal_origin": null,
        "gender": "No Gender",
        "create_date_ufi": 1721981049837
      }
    },
    {
      "type": "Feature",
      "id": 4570,
      "geometry": { "type": "Point", "coordinates": [143.513820000022, -37.2752500001642] },
      "properties": {
        "OBJECTID": 4570,
        "ufi": 27091474,
        "place_id": 4545,
        "name_id": 14909,
        "vicmap_id": 139945,
        "place_name": "LEXTON POLICE STATION",
        "feature_code": "POLS",
        "feature": "POLICE STATION",
        "name_status_code": "REG",
        "name_status": "REGISTERED",
        "longitude": 143.51382,
        "latitude": -37.27525,
        "registration_date": "1966-05-02",
        "gazette_published_date": null,
        "gazette_reference": null,
        "gazette_url": null,
        "aboriginal_origin": null,
        "gender": null,
        "create_date_ufi": 1721981049837
      }
    },
    {
      "type": "Feature",
      "id": 4618,
      "geometry": { "type": "Point", "coordinates": [149.152240000214, -37.5647199999713] },
      "properties": {
        "OBJECTID": 4618,
        "ufi": 27091521,
        "place_id": 12392,
        "name_id": 4622,
        "vicmap_id": 136150,
        "place_name": "CANN RIVER POLICE STATION",
        "feature_code": "POLS",
        "feature": "POLICE STATION",
        "name_status_code": "REG",
        "name_status": "REGISTERED",
        "longitude": 149.15224,
        "latitude": -37.56472,
        "registration_date": "1966-05-02",
        "gazette_published_date": null,
        "gazette_reference": null,
        "gazette_url": null,
        "aboriginal_origin": null,
        "gender": null,
        "create_date_ufi": 1721981049837
      }
    },
    {
      "type": "Feature",
      "id": 4657,
      "geometry": { "type": "Point", "coordinates": [141.54994999988, -37.7202599996955] },
      "properties": {
        "OBJECTID": 4657,
        "ufi": 27091565,
        "place_id": 5080,
        "name_id": 16751,
        "vicmap_id": 140588,
        "place_name": "MERINO POLICE STATION",
        "feature_code": "POLS",
        "feature": "POLICE STATION",
        "name_status_code": "REG",
        "name_status": "REGISTERED",
        "longitude": 141.54995,
        "latitude": -37.720259999999996,
        "registration_date": "1966-05-02",
        "gazette_published_date": null,
        "gazette_reference": null,
        "gazette_url": null,
        "aboriginal_origin": null,
        "gender": null,
        "create_date_ufi": 1721981049837
      }
    },
    {
      "type": "Feature",
      "id": 4763,
      "geometry": { "type": "Point", "coordinates": [144.949860000393, -37.3070499997905] },
      "properties": {
        "OBJECTID": 4763,
        "ufi": 27091684,
        "place_id": 18778,
        "name_id": 13543,
        "vicmap_id": 139501,
        "place_name": "KILMORE POLICE STATION",
        "feature_code": "POLS",
        "feature": "POLICE STATION",
        "name_status_code": "REG",
        "name_status": "REGISTERED",
        "longitude": 144.94986,
        "latitude": -37.307050000000004,
        "registration_date": "1966-05-02",
        "gazette_published_date": null,
        "gazette_reference": null,
        "gazette_url": null,
        "aboriginal_origin": null,
        "gender": null,
        "create_date_ufi": 1721981049837
      }
    },
    {
      "type": "Feature",
      "id": 4897,
      "geometry": { "type": "Point", "coordinates": [145.426729999723, -37.2105099998806] },
      "properties": {
        "OBJECTID": 4897,
        "ufi": 27091834,
        "place_id": 30245,
        "name_id": 30622,
        "vicmap_id": 612977,
        "place_name": "YEA POLICE STATION",
        "feature_code": "POLS",
        "feature": "POLICE STATION",
        "name_status_code": "REG",
        "name_status": "REGISTERED",
        "longitude": 145.42673000000002,
        "latitude": -37.210510000000006,
        "registration_date": "1966-05-02",
        "gazette_published_date": null,
        "gazette_reference": null,
        "gazette_url": null,
        "aboriginal_origin": null,
        "gender": null,
        "create_date_ufi": 1721981049837
      }
    },
    {
      "type": "Feature",
      "id": 5007,
      "geometry": { "type": "Point", "coordinates": [144.962339999988, -37.7181600002304] },
      "properties": {
        "OBJECTID": 5007,
        "ufi": 27091950,
        "place_id": 15452,
        "name_id": 8929,
        "vicmap_id": 137710,
        "place_name": "FAWKNER POLICE STATION",
        "feature_code": "POLS",
        "feature": "POLICE STATION",
        "name_status_code": "REG",
        "name_status": "REGISTERED",
        "longitude": 144.96234,
        "latitude": -37.71816,
        "registration_date": "1966-05-02",
        "gazette_published_date": null,
        "gazette_reference": null,
        "gazette_url": null,
        "aboriginal_origin": null,
        "gender": null,
        "create_date_ufi": 1721981049837
      }
    },
    {
      "type": "Feature",
      "id": 5024,
      "geometry": { "type": "Point", "coordinates": [144.910419999646, -37.7462400003517] },
      "properties": {
        "OBJECTID": 5024,
        "ufi": 27091968,
        "place_id": 15262,
        "name_id": 8699,
        "vicmap_id": null,
        "place_name": "ESSENDON POLICE STATION",
        "feature_code": "POLS",
        "feature": "POLICE STATION",
        "name_status_code": "REG",
        "name_status": "REGISTERED",
        "longitude": 144.91042000000002,
        "latitude": -37.74624,
        "registration_date": "1966-05-02",
        "gazette_published_date": null,
        "gazette_reference": null,
        "gazette_url": null,
        "aboriginal_origin": null,
        "gender": null,
        "create_date_ufi": 1721981049837
      }
    },
    {
      "type": "Feature",
      "id": 5034,
      "geometry": { "type": "Point", "coordinates": [144.887639999648, -37.6754000003479] },
      "properties": {
        "OBJECTID": 5034,
        "ufi": 27091979,
        "place_id": 29237,
        "name_id": 29153,
        "vicmap_id": null,
        "place_name": "WESTMEADOWS POLICE STATION",
        "feature_code": "POLS",
        "feature": "POLICE STATION",
        "name_status_code": "REG",
        "name_status": "REGISTERED",
        "longitude": 144.88764,
        "latitude": -37.6754,
        "registration_date": "1966-05-02",
        "gazette_published_date": null,
        "gazette_reference": null,
        "gazette_url": null,
        "aboriginal_origin": null,
        "gender": null,
        "create_date_ufi": 1721981049837
      }
    },
    {
      "type": "Feature",
      "id": 5079,
      "geometry": { "type": "Point", "coordinates": [144.509229999748, -36.6140400002462] },
      "properties": {
        "OBJECTID": 5079,
        "ufi": 27092028,
        "place_id": 16584,
        "name_id": 10445,
        "vicmap_id": 138259,
        "place_name": "GOORNONG POLICE STATION",
        "feature_code": "POLS",
        "feature": "POLICE STATION",
        "name_status_code": "REG",
        "name_status": "REGISTERED",
        "longitude": 144.50923,
        "latitude": -36.614039999999996,
        "registration_date": "1966-05-02",
        "gazette_published_date": null,
        "gazette_reference": null,
        "gazette_url": null,
        "aboriginal_origin": null,
        "gender": null,
        "create_date_ufi": 1721981049837
      }
    },
    {
      "type": "Feature",
      "id": 5157,
      "geometry": { "type": "Point", "coordinates": [145.880829999999, -36.1650300000287] },
      "properties": {
        "OBJECTID": 5157,
        "ufi": 27092122,
        "place_id": 28263,
        "name_id": 27646,
        "vicmap_id": 144623,
        "place_name": "TUNGAMAH POLICE STATION",
        "feature_code": "POLS",
        "feature": "POLICE STATION",
        "name_status_code": "REG",
        "name_status": "REGISTERED",
        "longitude": 145.88083,
        "latitude": -36.16503,
        "registration_date": "1966-05-02",
        "gazette_published_date": null,
        "gazette_reference": null,
        "gazette_url": null,
        "aboriginal_origin": null,
        "gender": null,
        "create_date_ufi": 1721981049837
      }
    },
    {
      "type": "Feature",
      "id": 5442,
      "geometry": { "type": "Point", "coordinates": [146.010660000092, -38.5800499996824] },
      "properties": {
        "OBJECTID": 5442,
        "ufi": 27092428,
        "place_id": 20749,
        "name_id": 16606,
        "vicmap_id": 140488,
        "place_name": "MEENIYAN POLICE STATION",
        "feature_code": "POLS",
        "feature": "POLICE STATION",
        "name_status_code": "REG",
        "name_status": "REGISTERED",
        "longitude": 146.01066,
        "latitude": -38.58005,
        "registration_date": "1966-05-02",
        "gazette_published_date": null,
        "gazette_reference": null,
        "gazette_url": null,
        "aboriginal_origin": null,
        "gender": null,
        "create_date_ufi": 1721981049837
      }
    },
    {
      "type": "Feature",
      "id": 5484,
      "geometry": { "type": "Point", "coordinates": [144.892640000062, -37.8162400001301] },
      "properties": {
        "OBJECTID": 5484,
        "ufi": 27092472,
        "place_id": 30201,
        "name_id": 30556,
        "vicmap_id": null,
        "place_name": "YARRAVILLE POLICE STATION",
        "feature_code": "POLS",
        "feature": "POLICE STATION",
        "name_status_code": "H",
        "name_status": "HISTORICAL",
        "longitude": 144.89264,
        "latitude": -37.81624,
        "registration_date": "1966-05-02",
        "gazette_published_date": null,
        "gazette_reference": null,
        "gazette_url": null,
        "aboriginal_origin": null,
        "gender": null,
        "create_date_ufi": 1721981049837
      }
    },
    {
      "type": "Feature",
      "id": 5760,
      "geometry": { "type": "Point", "coordinates": [146.138190000443, -37.3033200002138] },
      "properties": {
        "OBJECTID": 5760,
        "ufi": 27092770,
        "place_id": 18079,
        "name_id": 12559,
        "vicmap_id": 139086,
        "place_name": "JAMIESON POLICE STATION",
        "feature_code": "POLS",
        "feature": "POLICE STATION",
        "name_status_code": "REG",
        "name_status": "REGISTERED",
        "longitude": 146.13819,
        "latitude": -37.30332,
        "registration_date": "2012-12-20",
        "gazette_published_date": null,
        "gazette_reference": null,
        "gazette_url": null,
        "aboriginal_origin": null,
        "gender": null,
        "create_date_ufi": 1721981049837
      }
    },
    {
      "type": "Feature",
      "id": 5889,
      "geometry": { "type": "Point", "coordinates": [144.933480000026, -37.8151299998824] },
      "properties": {
        "OBJECTID": 5889,
        "ufi": 27092949,
        "place_id": 28532,
        "name_id": 28030,
        "vicmap_id": null,
        "place_name": "VICTORIA DOCK POLICE STATION",
        "feature_code": "POLS",
        "feature": "POLICE STATION",
        "name_status_code": "REG",
        "name_status": "REGISTERED",
        "longitude": 144.93348,
        "latitude": -37.81513,
        "registration_date": "1966-05-02",
        "gazette_published_date": null,
        "gazette_reference": null,
        "gazette_url": null,
        "aboriginal_origin": null,
        "gender": null,
        "create_date_ufi": 1721981049837
      }
    },
    {
      "type": "Feature",
      "id": 6033,
      "geometry": { "type": "Point", "coordinates": [145.042920000274, -37.8898500002625] },
      "properties": {
        "OBJECTID": 6033,
        "ufi": 27093116,
        "place_id": 16403,
        "name_id": 10068,
        "vicmap_id": null,
        "place_name": "GLEN HUNTLY POLICE STATION",
        "feature_code": "POLS",
        "feature": "POLICE STATION",
        "name_status_code": "REG",
        "name_status": "REGISTERED",
        "longitude": 145.04292,
        "latitude": -37.88985,
        "registration_date": "1966-05-02",
        "gazette_published_date": null,
        "gazette_reference": null,
        "gazette_url": null,
        "aboriginal_origin": null,
        "gender": null,
        "create_date_ufi": 1721981049837
      }
    },
    {
      "type": "Feature",
      "id": 6346,
      "geometry": { "type": "Point", "coordinates": [144.131320000338, -35.6450000001026] },
      "properties": {
        "OBJECTID": 6346,
        "ufi": 27093462,
        "place_id": 18981,
        "name_id": 13827,
        "vicmap_id": 139621,
        "place_name": "KOONDROOK POLICE STATION",
        "feature_code": "POLS",
        "feature": "POLICE STATION",
        "name_status_code": "REG",
        "name_status": "REGISTERED",
        "longitude": 144.13132000000002,
        "latitude": -35.645,
        "registration_date": "1966-05-02",
        "gazette_published_date": null,
        "gazette_reference": null,
        "gazette_url": null,
        "aboriginal_origin": null,
        "gender": null,
        "create_date_ufi": 1721981049837
      }
    },
    {
      "type": "Feature",
      "id": 6371,
      "geometry": { "type": "Point", "coordinates": [144.901379999617, -37.8038500001512] },
      "properties": {
        "OBJECTID": 6371,
        "ufi": 27093490,
        "place_id": 15753,
        "name_id": 9293,
        "vicmap_id": 137790,
        "place_name": "FOOTSCRAY POLICE STATION",
        "feature_code": "POLS",
        "feature": "POLICE STATION",
        "name_status_code": "REG",
        "name_status": "REGISTERED",
        "longitude": 144.90138,
        "latitude": -37.803850000000004,
        "registration_date": "1966-05-02",
        "gazette_published_date": null,
        "gazette_reference": null,
        "gazette_url": null,
        "aboriginal_origin": null,
        "gender": null,
        "create_date_ufi": 1721981049837
      }
    },
    {
      "type": "Feature",
      "id": 6471,
      "geometry": { "type": "Point", "coordinates": [146.536610000247, -38.1948399996549] },
      "properties": {
        "OBJECTID": 6471,
        "ufi": 27093599,
        "place_id": 28155,
        "name_id": 27491,
        "vicmap_id": 144547,
        "place_name": "TRARALGON POLICE STATION",
        "feature_code": "POLS",
        "feature": "POLICE STATION",
        "name_status_code": "REG",
        "name_status": "REGISTERED",
        "longitude": 146.53661,
        "latitude": -38.19484,
        "registration_date": "1966-05-02",
        "gazette_published_date": null,
        "gazette_reference": null,
        "gazette_url": null,
        "aboriginal_origin": null,
        "gender": null,
        "create_date_ufi": 1721981049837
      }
    },
    {
      "type": "Feature",
      "id": 6533,
      "geometry": { "type": "Point", "coordinates": [145.824320000221, -38.4345599999417] },
      "properties": {
        "OBJECTID": 6533,
        "ufi": 27093677,
        "place_id": 19037,
        "name_id": 13926,
        "vicmap_id": 139662,
        "place_name": "KORUMBURRA POLICE STATION",
        "feature_code": "POLS",
        "feature": "POLICE STATION",
        "name_status_code": "REG",
        "name_status": "REGISTERED",
        "longitude": 145.82432,
        "latitude": -38.43456,
        "registration_date": "1966-05-02",
        "gazette_published_date": null,
        "gazette_reference": null,
        "gazette_url": null,
        "aboriginal_origin": null,
        "gender": null,
        "create_date_ufi": 1721981049837
      }
    },
    {
      "type": "Feature",
      "id": 6699,
      "geometry": { "type": "Point", "coordinates": [145.703720000128, -38.3686600001963] },
      "properties": {
        "OBJECTID": 6699,
        "ufi": 27105231,
        "place_id": 19765,
        "name_id": 15308,
        "vicmap_id": 140025,
        "place_name": "LOCH POLICE STATION",
        "feature_code": "POLS",
        "feature": "POLICE STATION",
        "name_status_code": "REG",
        "name_status": "REGISTERED",
        "longitude": 145.70372,
        "latitude": -38.36866,
        "registration_date": "1966-05-02",
        "gazette_published_date": null,
        "gazette_reference": null,
        "gazette_url": null,
        "aboriginal_origin": null,
        "gender": null,
        "create_date_ufi": 1721981479413
      }
    },
    {
      "type": "Feature",
      "id": 6795,
      "geometry": { "type": "Point", "coordinates": [145.217389999747, -37.9902399997252] },
      "properties": {
        "OBJECTID": 6795,
        "ufi": 27105342,
        "place_id": 13896,
        "name_id": 6861,
        "vicmap_id": 137030,
        "place_name": "DANDENONG POLICE STATION",
        "feature_code": "POLS",
        "feature": "POLICE STATION",
        "name_status_code": "REG",
        "name_status": "REGISTERED",
        "longitude": 145.21739,
        "latitude": -37.99024,
        "registration_date": "1966-05-02",
        "gazette_published_date": null,
        "gazette_reference": null,
        "gazette_url": null,
        "aboriginal_origin": null,
        "gender": null,
        "create_date_ufi": 1721981496328
      }
    },
    {
      "type": "Feature",
      "id": 6833,
      "geometry": { "type": "Point", "coordinates": [145.096160000365, -37.7040299998189] },
      "properties": {
        "OBJECTID": 6833,
        "ufi": 27105382,
        "place_id": 16843,
        "name_id": 10855,
        "vicmap_id": 138380,
        "place_name": "GREENSBOROUGH POLICE STATION",
        "feature_code": "POLS",
        "feature": "POLICE STATION",
        "name_status_code": "REG",
        "name_status": "REGISTERED",
        "longitude": 145.09616,
        "latitude": -37.70403,
        "registration_date": "1966-05-02",
        "gazette_published_date": null,
        "gazette_reference": null,
        "gazette_url": null,
        "aboriginal_origin": null,
        "gender": "Man",
        "create_date_ufi": 1721981496328
      }
    },
    {
      "type": "Feature",
      "id": 6928,
      "geometry": { "type": "Point", "coordinates": [147.703199999667, -36.9523500000025] },
      "properties": {
        "OBJECTID": 6928,
        "ufi": 27105491,
        "place_id": 10444,
        "name_id": 1899,
        "vicmap_id": null,
        "place_name": "BENAMBRA POLICE STATION",
        "feature_code": "POLS",
        "feature": "POLICE STATION",
        "name_status_code": "REG",
        "name_status": "REGISTERED",
        "longitude": 147.7032,
        "latitude": -36.95235,
        "registration_date": "1966-05-02",
        "gazette_published_date": null,
        "gazette_reference": null,
        "gazette_url": null,
        "aboriginal_origin": null,
        "gender": null,
        "create_date_ufi": 1721981496328
      }
    },
    {
      "type": "Feature",
      "id": 6937,
      "geometry": { "type": "Point", "coordinates": [142.784049999988, -37.0556899997975] },
      "properties": {
        "OBJECTID": 6937,
        "ufi": 27105500,
        "place_id": 7397,
        "name_id": 25137,
        "vicmap_id": 143755,
        "place_name": "STAWELL POLICE STATION",
        "feature_code": "POLS",
        "feature": "POLICE STATION",
        "name_status_code": "REG",
        "name_status": "REGISTERED",
        "longitude": 142.78404999999998,
        "latitude": -37.05569,
        "registration_date": "1966-05-02",
        "gazette_published_date": null,
        "gazette_reference": null,
        "gazette_url": null,
        "aboriginal_origin": null,
        "gender": "Man",
        "create_date_ufi": 1721981496328
      }
    },
    {
      "type": "Feature",
      "id": 6958,
      "geometry": { "type": "Point", "coordinates": [143.361189999841, -37.6839499996792] },
      "properties": {
        "OBJECTID": 6958,
        "ufi": 27105521,
        "place_id": 7218,
        "name_id": 24453,
        "vicmap_id": 143063,
        "place_name": "SKIPTON POLICE STATION",
        "feature_code": "POLS",
        "feature": "POLICE STATION",
        "name_status_code": "REG",
        "name_status": "REGISTERED",
        "longitude": 143.36119,
        "latitude": -37.68395,
        "registration_date": "1966-05-02",
        "gazette_published_date": null,
        "gazette_reference": null,
        "gazette_url": null,
        "aboriginal_origin": null,
        "gender": "No Gender",
        "create_date_ufi": 1721981496328
      }
    },
    {
      "type": "Feature",
      "id": 7155,
      "geometry": { "type": "Point", "coordinates": [146.250939999662, -37.5673899999243] },
      "properties": {
        "OBJECTID": 7155,
        "ufi": 27105743,
        "place_id": 29819,
        "name_id": 29978,
        "vicmap_id": 612736,
        "place_name": "WOODS POINT POLICE STATION",
        "feature_code": "POLS",
        "feature": "POLICE STATION",
        "name_status_code": "REG",
        "name_status": "REGISTERED",
        "longitude": 146.25094,
        "latitude": -37.56739,
        "registration_date": "2012-12-20",
        "gazette_published_date": null,
        "gazette_reference": null,
        "gazette_url": null,
        "aboriginal_origin": null,
        "gender": null,
        "create_date_ufi": 1721981496328
      }
    },
    {
      "type": "Feature",
      "id": 7279,
      "geometry": { "type": "Point", "coordinates": [145.192839999737, -37.6399700001545] },
      "properties": {
        "OBJECTID": 7279,
        "ufi": 27105879,
        "place_id": 17865,
        "name_id": 12224,
        "vicmap_id": 138927,
        "place_name": "HURSTBRIDGE POLICE STATION",
        "feature_code": "POLS",
        "feature": "POLICE STATION",
        "name_status_code": "REG",
        "name_status": "REGISTERED",
        "longitude": 145.19284000000002,
        "latitude": -37.63997,
        "registration_date": "1966-05-02",
        "gazette_published_date": null,
        "gazette_reference": null,
        "gazette_url": null,
        "aboriginal_origin": null,
        "gender": null,
        "create_date_ufi": 1721981496328
      }
    },
    {
      "type": "Feature",
      "id": 7382,
      "geometry": { "type": "Point", "coordinates": [144.966530000289, -37.8165100003136] },
      "properties": {
        "OBJECTID": 7382,
        "ufi": 27105997,
        "place_id": 20798,
        "name_id": 32970,
        "vicmap_id": null,
        "place_name": "MELBOURNE FLINDERS LAND",
        "feature_code": "POLS",
        "feature": "POLICE STATION",
        "name_status_code": "H",
        "name_status": "HISTORICAL",
        "longitude": 144.96653,
        "latitude": -37.81651,
        "registration_date": "1966-05-02",
        "gazette_published_date": null,
        "gazette_reference": null,
        "gazette_url": null,
        "aboriginal_origin": null,
        "gender": null,
        "create_date_ufi": 1721981496328
      }
    },
    {
      "type": "Feature",
      "id": 7383,
      "geometry": { "type": "Point", "coordinates": [144.966530000289, -37.8165100003136] },
      "properties": {
        "OBJECTID": 7383,
        "ufi": 27105998,
        "place_id": 20798,
        "name_id": 9219,
        "vicmap_id": null,
        "place_name": "FLINDERS LANE",
        "feature_code": "POLS",
        "feature": "POLICE STATION",
        "name_status_code": "REG",
        "name_status": "REGISTERED",
        "longitude": 144.96653,
        "latitude": -37.81651,
        "registration_date": "1966-05-02",
        "gazette_published_date": null,
        "gazette_reference": null,
        "gazette_url": null,
        "aboriginal_origin": null,
        "gender": null,
        "create_date_ufi": 1721981496328
      }
    },
    {
      "type": "Feature",
      "id": 7384,
      "geometry": { "type": "Point", "coordinates": [144.967920000359, -37.807629999993] },
      "properties": {
        "OBJECTID": 7384,
        "ufi": 27105999,
        "place_id": 20799,
        "name_id": 32971,
        "vicmap_id": null,
        "place_name": "MELBOURNE RUSSELL STREET",
        "feature_code": "POLS",
        "feature": "POLICE STATION",
        "name_status_code": "H",
        "name_status": "HISTORICAL",
        "longitude": 144.96792,
        "latitude": -37.80763,
        "registration_date": "1966-05-02",
        "gazette_published_date": null,
        "gazette_reference": null,
        "gazette_url": null,
        "aboriginal_origin": null,
        "gender": null,
        "create_date_ufi": 1721981496328
      }
    },
    {
      "type": "Feature",
      "id": 7385,
      "geometry": { "type": "Point", "coordinates": [144.967920000359, -37.807629999993] },
      "properties": {
        "OBJECTID": 7385,
        "ufi": 27106000,
        "place_id": 20799,
        "name_id": 23221,
        "vicmap_id": null,
        "place_name": "RUSSELL STREET",
        "feature_code": "POLS",
        "feature": "POLICE STATION",
        "name_status_code": "REG",
        "name_status": "REGISTERED",
        "longitude": 144.96792,
        "latitude": -37.80763,
        "registration_date": "1966-05-02",
        "gazette_published_date": null,
        "gazette_reference": null,
        "gazette_url": null,
        "aboriginal_origin": null,
        "gender": null,
        "create_date_ufi": 1721981496328
      }
    },
    {
      "type": "Feature",
      "id": 7386,
      "geometry": { "type": "Point", "coordinates": [144.973479999741, -37.8103999997302] },
      "properties": {
        "OBJECTID": 7386,
        "ufi": 27106001,
        "place_id": 20800,
        "name_id": 32972,
        "vicmap_id": null,
        "place_name": "MELBOURNE SPRING STREET",
        "feature_code": "POLS",
        "feature": "POLICE STATION",
        "name_status_code": "H",
        "name_status": "HISTORICAL",
        "longitude": 144.97348,
        "latitude": -37.8104,
        "registration_date": "1966-05-02",
        "gazette_published_date": null,
        "gazette_reference": null,
        "gazette_url": null,
        "aboriginal_origin": null,
        "gender": null,
        "create_date_ufi": 1721981496328
      }
    },
    {
      "type": "Feature",
      "id": 7387,
      "geometry": { "type": "Point", "coordinates": [144.973479999741, -37.8103999997302] },
      "properties": {
        "OBJECTID": 7387,
        "ufi": 27106002,
        "place_id": 20800,
        "name_id": 24977,
        "vicmap_id": null,
        "place_name": "SPRING ST",
        "feature_code": "POLS",
        "feature": "POLICE STATION",
        "name_status_code": "REG",
        "name_status": "REGISTERED",
        "longitude": 144.97348,
        "latitude": -37.8104,
        "registration_date": "1966-05-02",
        "gazette_published_date": null,
        "gazette_reference": null,
        "gazette_url": null,
        "aboriginal_origin": null,
        "gender": null,
        "create_date_ufi": 1721981496328
      }
    },
    {
      "type": "Feature",
      "id": 7398,
      "geometry": { "type": "Point", "coordinates": [144.577949999682, -37.6858199996856] },
      "properties": {
        "OBJECTID": 7398,
        "ufi": 27106016,
        "place_id": 20813,
        "name_id": 16661,
        "vicmap_id": 140528,
        "place_name": "MELTON POLICE STATION",
        "feature_code": "POLS",
        "feature": "POLICE STATION",
        "name_status_code": "REG",
        "name_status": "REGISTERED",
        "longitude": 144.57795,
        "latitude": -37.68582,
        "registration_date": "1966-05-02",
        "gazette_published_date": null,
        "gazette_reference": null,
        "gazette_url": null,
        "aboriginal_origin": null,
        "gender": null,
        "create_date_ufi": 1721981496328
      }
    },
    {
      "type": "Feature",
      "id": 7617,
      "geometry": { "type": "Point", "coordinates": [144.906210000151, -37.8633699997881] },
      "properties": {
        "OBJECTID": 7617,
        "ufi": 27106263,
        "place_id": 29516,
        "name_id": 29560,
        "vicmap_id": 612478,
        "place_name": "WILLIAMSTOWN POLICE STATION",
        "feature_code": "POLS",
        "feature": "POLICE STATION",
        "name_status_code": "REG",
        "name_status": "REGISTERED",
        "longitude": 144.90621000000002,
        "latitude": -37.86337,
        "registration_date": "1966-05-02",
        "gazette_published_date": null,
        "gazette_reference": null,
        "gazette_url": null,
        "aboriginal_origin": null,
        "gender": null,
        "create_date_ufi": 1721981496328
      }
    },
    {
      "type": "Feature",
      "id": 7700,
      "geometry": { "type": "Point", "coordinates": [147.46125999969, -37.8017899999734] },
      "properties": {
        "OBJECTID": 7700,
        "ufi": 27106353,
        "place_id": 19549,
        "name_id": 15017,
        "vicmap_id": null,
        "place_name": "LINDENOW POLICE STATION",
        "feature_code": "POLS",
        "feature": "POLICE STATION",
        "name_status_code": "REG",
        "name_status": "REGISTERED",
        "longitude": 147.46125999999998,
        "latitude": -37.80179,
        "registration_date": "1966-05-02",
        "gazette_published_date": null,
        "gazette_reference": null,
        "gazette_url": null,
        "aboriginal_origin": null,
        "gender": null,
        "create_date_ufi": 1721981496328
      }
    },
    {
      "type": "Feature",
      "id": 7841,
      "geometry": { "type": "Point", "coordinates": [145.380549999586, -37.7871300002189] },
      "properties": {
        "OBJECTID": 7841,
        "ufi": 27106508,
        "place_id": 21738,
        "name_id": 18184,
        "vicmap_id": 140984,
        "place_name": "MOUNT EVELYN POLICE STATION",
        "feature_code": "POLS",
        "feature": "POLICE STATION",
        "name_status_code": "REG",
        "name_status": "REGISTERED",
        "longitude": 145.38055,
        "latitude": -37.787130000000005,
        "registration_date": "1966-05-02",
        "gazette_published_date": null,
        "gazette_reference": null,
        "gazette_url": null,
        "aboriginal_origin": null,
        "gender": null,
        "create_date_ufi": 1721981496328
      }
    },
    {
      "type": "Feature",
      "id": 7868,
      "geometry": { "type": "Point", "coordinates": [142.062669999705, -34.1677100001611] },
      "properties": {
        "OBJECTID": 7868,
        "ufi": 27106541,
        "place_id": 5053,
        "name_id": 16711,
        "vicmap_id": 140562,
        "place_name": "MERBEIN POLICE STATION",
        "feature_code": "POLS",
        "feature": "POLICE STATION",
        "name_status_code": "REG",
        "name_status": "REGISTERED",
        "longitude": 142.06267,
        "latitude": -34.16771000000001,
        "registration_date": "1966-05-02",
        "gazette_published_date": null,
        "gazette_reference": null,
        "gazette_url": null,
        "aboriginal_origin": null,
        "gender": null,
        "create_date_ufi": 1721981496328
      }
    },
    {
      "type": "Feature",
      "id": 7959,
      "geometry": { "type": "Point", "coordinates": [145.05923000032, -37.8332000001972] },
      "properties": {
        "OBJECTID": 7959,
        "ufi": 27106645,
        "place_id": 12274,
        "name_id": 4460,
        "vicmap_id": 136105,
        "place_name": "CAMBERWELL POLICE STATION",
        "feature_code": "POLS",
        "feature": "POLICE STATION",
        "name_status_code": "REG",
        "name_status": "REGISTERED",
        "longitude": 145.05923,
        "latitude": -37.8332,
        "registration_date": "1966-05-02",
        "gazette_published_date": null,
        "gazette_reference": null,
        "gazette_url": null,
        "aboriginal_origin": null,
        "gender": "No Gender",
        "create_date_ufi": 1721981496328
      }
    },
    {
      "type": "Feature",
      "id": 8176,
      "geometry": { "type": "Point", "coordinates": [145.013199999972, -37.6804000001225] },
      "properties": {
        "OBJECTID": 8176,
        "ufi": 27106879,
        "place_id": 27686,
        "name_id": 26909,
        "vicmap_id": null,
        "place_name": "THOMASTOWN POLICE STATION",
        "feature_code": "POLS",
        "feature": "POLICE STATION",
        "name_status_code": "REG",
        "name_status": "REGISTERED",
        "longitude": 145.0132,
        "latitude": -37.6804,
        "registration_date": "1966-05-02",
        "gazette_published_date": null,
        "gazette_reference": null,
        "gazette_url": null,
        "aboriginal_origin": null,
        "gender": null,
        "create_date_ufi": 1721981496328
      }
    },
    {
      "type": "Feature",
      "id": 8324,
      "geometry": { "type": "Point", "coordinates": [147.903949999876, -36.1944999999124] },
      "properties": {
        "OBJECTID": 8324,
        "ufi": 27107045,
        "place_id": 13558,
        "name_id": 6356,
        "vicmap_id": 136835,
        "place_name": "CORRYONG POLICE STATION",
        "feature_code": "POLS",
        "feature": "POLICE STATION",
        "name_status_code": "REG",
        "name_status": "REGISTERED",
        "longitude": 147.90394999999998,
        "latitude": -36.1945,
        "registration_date": "1966-05-02",
        "gazette_published_date": null,
        "gazette_reference": null,
        "gazette_url": null,
        "aboriginal_origin": null,
        "gender": null,
        "create_date_ufi": 1721981496328
      }
    },
    {
      "type": "Feature",
      "id": 8395,
      "geometry": { "type": "Point", "coordinates": [144.924080000147, -37.764700000284] },
      "properties": {
        "OBJECTID": 8395,
        "ufi": 27107123,
        "place_id": 21381,
        "name_id": 17513,
        "vicmap_id": 140859,
        "place_name": "MOONEE PONDS POLICE STATION",
        "feature_code": "POLS",
        "feature": "POLICE STATION",
        "name_status_code": "REG",
        "name_status": "REGISTERED",
        "longitude": 144.92408,
        "latitude": -37.7647,
        "registration_date": "1966-05-02",
        "gazette_published_date": null,
        "gazette_reference": null,
        "gazette_url": null,
        "aboriginal_origin": null,
        "gender": null,
        "create_date_ufi": 1721981496328
      }
    },
    {
      "type": "Feature",
      "id": 8411,
      "geometry": { "type": "Point", "coordinates": [145.03823000038, -37.9373799997961] },
      "properties": {
        "OBJECTID": 8411,
        "ufi": 27107142,
        "place_id": 21408,
        "name_id": 17553,
        "vicmap_id": 140868,
        "place_name": "MOORABBIN POLICE STATION",
        "feature_code": "POLS",
        "feature": "POLICE STATION",
        "name_status_code": "REG",
        "name_status": "REGISTERED",
        "longitude": 145.03823,
        "latitude": -37.93738,
        "registration_date": "1966-05-02",
        "gazette_published_date": null,
        "gazette_reference": null,
        "gazette_url": null,
        "aboriginal_origin": null,
        "gender": null,
        "create_date_ufi": 1721981496328
      }
    },
    {
      "type": "Feature",
      "id": 8463,
      "geometry": { "type": "Point", "coordinates": [142.867920000053, -36.6692900001686] },
      "properties": {
        "OBJECTID": 8463,
        "ufi": 27107195,
        "place_id": 4913,
        "name_id": 16223,
        "vicmap_id": null,
        "place_name": "MARNOO POLICE STATION",
        "feature_code": "POLS",
        "feature": "POLICE STATION",
        "name_status_code": "REG",
        "name_status": "REGISTERED",
        "longitude": 142.86792,
        "latitude": -36.669290000000004,
        "registration_date": "1966-05-02",
        "gazette_published_date": null,
        "gazette_reference": null,
        "gazette_url": null,
        "aboriginal_origin": null,
        "gender": null,
        "create_date_ufi": 1721981496328
      }
    },
    {
      "type": "Feature",
      "id": 8480,
      "geometry": { "type": "Point", "coordinates": [143.735469999714, -37.047300000105] },
      "properties": {
        "OBJECTID": 8480,
        "ufi": 27107217,
        "place_id": 4943,
        "name_id": 16292,
        "vicmap_id": 140392,
        "place_name": "MARYBOROUGH POLICE STATION",
        "feature_code": "POLS",
        "feature": "POLICE STATION",
        "name_status_code": "REG",
        "name_status": "REGISTERED",
        "longitude": 143.73547,
        "latitude": -37.0473,
        "registration_date": "1966-05-02",
        "gazette_published_date": null,
        "gazette_reference": null,
        "gazette_url": null,
        "aboriginal_origin": null,
        "gender": "No Gender",
        "create_date_ufi": 1721981496328
      }
    },
    {
      "type": "Feature",
      "id": 8502,
      "geometry": { "type": "Point", "coordinates": [148.884920000025, -37.1470600000545] },
      "properties": {
        "OBJECTID": 8502,
        "ufi": 27107242,
        "place_id": 10485,
        "name_id": 1944,
        "vicmap_id": 135441,
        "place_name": "BENDOC POLICE STATION",
        "feature_code": "POLS",
        "feature": "POLICE STATION",
        "name_status_code": "REG",
        "name_status": "REGISTERED",
        "longitude": 148.88492,
        "latitude": -37.147059999999996,
        "registration_date": "1966-05-02",
        "gazette_published_date": null,
        "gazette_reference": null,
        "gazette_url": null,
        "aboriginal_origin": null,
        "gender": null,
        "create_date_ufi": 1721981496328
      }
    },
    {
      "type": "Feature",
      "id": 8587,
      "geometry": { "type": "Point", "coordinates": [145.310540000039, -37.789520000118] },
      "properties": {
        "OBJECTID": 8587,
        "ufi": 27107331,
        "place_id": 21457,
        "name_id": 17616,
        "vicmap_id": 140887,
        "place_name": "MOOROOLBARK POLICE STATION",
        "feature_code": "POLS",
        "feature": "POLICE STATION",
        "name_status_code": "REG",
        "name_status": "REGISTERED",
        "longitude": 145.31054,
        "latitude": -37.789519999999996,
        "registration_date": "1966-05-02",
        "gazette_published_date": null,
        "gazette_reference": null,
        "gazette_url": null,
        "aboriginal_origin": null,
        "gender": null,
        "create_date_ufi": 1721981496328
      }
    },
    {
      "type": "Feature",
      "id": 8594,
      "geometry": { "type": "Point", "coordinates": [145.356130000172, -36.395409999695] },
      "properties": {
        "OBJECTID": 8594,
        "ufi": 27107338,
        "place_id": 21472,
        "name_id": 17631,
        "vicmap_id": 140892,
        "place_name": "MOOROOPNA POLICE STATION",
        "feature_code": "POLS",
        "feature": "POLICE STATION",
        "name_status_code": "REG",
        "name_status": "REGISTERED",
        "longitude": 145.35613,
        "latitude": -36.395410000000005,
        "registration_date": "1966-05-02",
        "gazette_published_date": null,
        "gazette_reference": null,
        "gazette_url": null,
        "aboriginal_origin": null,
        "gender": null,
        "create_date_ufi": 1721981496328
      }
    },
    {
      "type": "Feature",
      "id": 9079,
      "geometry": { "type": "Point", "coordinates": [144.220899999572, -37.5999399999971] },
      "properties": {
        "OBJECTID": 9079,
        "ufi": 27107851,
        "place_id": 9849,
        "name_id": 1035,
        "vicmap_id": 135081,
        "place_name": "BALLAN POLICE STATION",
        "feature_code": "POLS",
        "feature": "POLICE STATION",
        "name_status_code": "REG",
        "name_status": "REGISTERED",
        "longitude": 144.2209,
        "latitude": -37.59994,
        "registration_date": "1966-05-02",
        "gazette_published_date": null,
        "gazette_reference": null,
        "gazette_url": null,
        "aboriginal_origin": null,
        "gender": null,
        "create_date_ufi": 1721981496328
      }
    },
    {
      "type": "Feature",
      "id": 9090,
      "geometry": { "type": "Point", "coordinates": [146.314150000443, -36.3609400000267] },
      "properties": {
        "OBJECTID": 9090,
        "ufi": 27107864,
        "place_id": 28807,
        "name_id": 28444,
        "vicmap_id": 612091,
        "place_name": "WANGARATTA POLICE STATION",
        "feature_code": "POLS",
        "feature": "POLICE STATION",
        "name_status_code": "REG",
        "name_status": "REGISTERED",
        "longitude": 146.31414999999998,
        "latitude": -36.36094,
        "registration_date": "1966-05-02",
        "gazette_published_date": null,
        "gazette_reference": null,
        "gazette_url": null,
        "aboriginal_origin": null,
        "gender": null,
        "create_date_ufi": 1721981496328
      }
    },
    {
      "type": "Feature",
      "id": 9184,
      "geometry": { "type": "Point", "coordinates": [144.957640000048, -37.770400000328] },
      "properties": {
        "OBJECTID": 9184,
        "ufi": 27107990,
        "place_id": 23687,
        "name_id": 21529,
        "vicmap_id": null,
        "place_name": "POLICE MOBILE DIVISION",
        "feature_code": "POLS",
        "feature": "POLICE STATION",
        "name_status_code": "REG",
        "name_status": "REGISTERED",
        "longitude": 144.95764000000003,
        "latitude": -37.7704,
        "registration_date": "1966-05-02",
        "gazette_published_date": null,
        "gazette_reference": null,
        "gazette_url": null,
        "aboriginal_origin": null,
        "gender": null,
        "create_date_ufi": 1721981496328
      }
    },
    {
      "type": "Feature",
      "id": 9186,
      "geometry": { "type": "Point", "coordinates": [145.174870000182, -37.8920700002357] },
      "properties": {
        "OBJECTID": 9186,
        "ufi": 27107992,
        "place_id": 23689,
        "name_id": 21531,
        "vicmap_id": null,
        "place_name": "POLICE TRAINING ACADEMY",
        "feature_code": "POLS",
        "feature": "POLICE STATION",
        "name_status_code": "REG",
        "name_status": "REGISTERED",
        "longitude": 145.17487,
        "latitude": -37.892070000000004,
        "registration_date": "1966-05-02",
        "gazette_published_date": null,
        "gazette_reference": null,
        "gazette_url": null,
        "aboriginal_origin": null,
        "gender": null,
        "create_date_ufi": 1721981496328
      }
    },
    {
      "type": "Feature",
      "id": 9242,
      "geometry": { "type": "Point", "coordinates": [145.68652999965, -37.7556800002271] },
      "properties": {
        "OBJECTID": 9242,
        "ufi": 27108057,
        "place_id": 28855,
        "name_id": 28517,
        "vicmap_id": null,
        "place_name": "WARBURTON POLICE STAION",
        "feature_code": "POLS",
        "feature": "POLICE STATION",
        "name_status_code": "REG",
        "name_status": "REGISTERED",
        "longitude": 145.68653,
        "latitude": -37.75568,
        "registration_date": "1966-05-02",
        "gazette_published_date": null,
        "gazette_reference": null,
        "gazette_url": null,
        "aboriginal_origin": null,
        "gender": null,
        "create_date_ufi": 1721981496328
      }
    },
    {
      "type": "Feature",
      "id": 9948,
      "geometry": { "type": "Point", "coordinates": [144.585659999916, -37.4853699998044] },
      "properties": {
        "OBJECTID": 9948,
        "ufi": 27111187,
        "place_id": 16303,
        "name_id": 10026,
        "vicmap_id": 137986,
        "place_name": "GISBORNE POLICE STATION",
        "feature_code": "POLS",
        "feature": "POLICE STATION",
        "name_status_code": "REG",
        "name_status": "REGISTERED",
        "longitude": 144.58566,
        "latitude": -37.48537,
        "registration_date": "1966-05-02",
        "gazette_published_date": null,
        "gazette_reference": null,
        "gazette_url": null,
        "aboriginal_origin": null,
        "gender": null,
        "create_date_ufi": 1721981496328
      }
    },
    {
      "type": "Feature",
      "id": 9998,
      "geometry": { "type": "Point", "coordinates": [141.832329999789, -37.2522000001316] },
      "properties": {
        "OBJECTID": 9998,
        "ufi": 27111243,
        "place_id": 362,
        "name_id": 1118,
        "vicmap_id": 135118,
        "place_name": "BALMORAL POLICE STATION",
        "feature_code": "POLS",
        "feature": "POLICE STATION",
        "name_status_code": "REG",
        "name_status": "REGISTERED",
        "longitude": 141.83233,
        "latitude": -37.2522,
        "registration_date": "1966-05-02",
        "gazette_published_date": null,
        "gazette_reference": null,
        "gazette_url": null,
        "aboriginal_origin": null,
        "gender": null,
        "create_date_ufi": 1721981496328
      }
    },
    {
      "type": "Feature",
      "id": 10170,
      "geometry": { "type": "Point", "coordinates": [144.797089999571, -37.7431799999923] },
      "properties": {
        "OBJECTID": 10170,
        "ufi": 27111459,
        "place_id": 24965,
        "name_id": 23327,
        "vicmap_id": null,
        "place_name": "SAINT ALBANS POLICE STATION",
        "feature_code": "POLS",
        "feature": "POLICE STATION",
        "name_status_code": "H",
        "name_status": "HISTORICAL",
        "longitude": 144.79709,
        "latitude": -37.743179999999995,
        "registration_date": "1966-05-02",
        "gazette_published_date": null,
        "gazette_reference": null,
        "gazette_url": null,
        "aboriginal_origin": null,
        "gender": "No Gender",
        "create_date_ufi": 1721981496328
      }
    },
    {
      "type": "Feature",
      "id": 10244,
      "geometry": { "type": "Point", "coordinates": [143.98990000023, -38.2442499998963] },
      "properties": {
        "OBJECTID": 10244,
        "ufi": 27111565,
        "place_id": 8725,
        "name_id": 29654,
        "vicmap_id": 612548,
        "place_name": "WINCHELSEA POLICE STATION",
        "feature_code": "POLS",
        "feature": "POLICE STATION",
        "name_status_code": "REG",
        "name_status": "REGISTERED",
        "longitude": 143.9899,
        "latitude": -38.24425,
        "registration_date": "1966-05-02",
        "gazette_published_date": null,
        "gazette_reference": null,
        "gazette_url": null,
        "aboriginal_origin": null,
        "gender": null,
        "create_date_ufi": 1721981496328
      }
    },
    {
      "type": "Feature",
      "id": 10329,
      "geometry": { "type": "Point", "coordinates": [145.895699999747, -36.2695700001848] },
      "properties": {
        "OBJECTID": 10329,
        "ufi": 27111680,
        "place_id": 24998,
        "name_id": 23390,
        "vicmap_id": null,
        "place_name": "SAINT JAMES POLICE STATION",
        "feature_code": "POLS",
        "feature": "POLICE STATION",
        "name_status_code": "H",
        "name_status": "HISTORICAL",
        "longitude": 145.8957,
        "latitude": -36.26957,
        "registration_date": "1966-05-02",
        "gazette_published_date": null,
        "gazette_reference": null,
        "gazette_url": null,
        "aboriginal_origin": null,
        "gender": null,
        "create_date_ufi": 1721981496328
      }
    },
    {
      "type": "Feature",
      "id": 10424,
      "geometry": { "type": "Point", "coordinates": [146.397580000292, -37.9561399996708] },
      "properties": {
        "OBJECTID": 10424,
        "ufi": 27111786,
        "place_id": 24129,
        "name_id": 22207,
        "vicmap_id": 142237,
        "place_name": "RAWSON POLICE STATION",
        "feature_code": "POLS",
        "feature": "POLICE STATION",
        "name_status_code": "REG",
        "name_status": "REGISTERED",
        "longitude": 146.39758,
        "latitude": -37.95614,
        "registration_date": "1966-05-02",
        "gazette_published_date": null,
        "gazette_reference": null,
        "gazette_url": null,
        "aboriginal_origin": null,
        "gender": "Multi Gender",
        "create_date_ufi": 1721981496328
      }
    },
    {
      "type": "Feature",
      "id": 10507,
      "geometry": { "type": "Point", "coordinates": [144.990680000265, -37.8678699998471] },
      "properties": {
        "OBJECTID": 10507,
        "ufi": 27111881,
        "place_id": 25019,
        "name_id": 23414,
        "vicmap_id": 143510,
        "place_name": "SAINT KILDA POLICE STATION",
        "feature_code": "POLS",
        "feature": "POLICE STATION",
        "name_status_code": "H",
        "name_status": "HISTORICAL",
        "longitude": 144.99068,
        "latitude": -37.86787,
        "registration_date": "1966-05-02",
        "gazette_published_date": null,
        "gazette_reference": null,
        "gazette_url": null,
        "aboriginal_origin": null,
        "gender": null,
        "create_date_ufi": 1721981496328
      }
    },
    {
      "type": "Feature",
      "id": 10510,
      "geometry": { "type": "Point", "coordinates": [144.974029999562, -37.8348500002674] },
      "properties": {
        "OBJECTID": 10510,
        "ufi": 27111884,
        "place_id": 25021,
        "name_id": 23416,
        "vicmap_id": null,
        "place_name": "SAINT KILDA ROAD POLICE STATION",
        "feature_code": "POLS",
        "feature": "POLICE STATION",
        "name_status_code": "REG",
        "name_status": "REGISTERED",
        "longitude": 144.97403,
        "latitude": -37.83485,
        "registration_date": "1966-05-02",
        "gazette_published_date": null,
        "gazette_reference": null,
        "gazette_url": null,
        "aboriginal_origin": null,
        "gender": null,
        "create_date_ufi": 1721981496328
      }
    },
    {
      "type": "Feature",
      "id": 10524,
      "geometry": { "type": "Point", "coordinates": [144.741719999617, -37.3437399998221] },
      "properties": {
        "OBJECTID": 10524,
        "ufi": 27111902,
        "place_id": 24636,
        "name_id": 22899,
        "vicmap_id": 142486,
        "place_name": "ROMSEY POLICE STATION",
        "feature_code": "POLS",
        "feature": "POLICE STATION",
        "name_status_code": "REG",
        "name_status": "REGISTERED",
        "longitude": 144.74172000000002,
        "latitude": -37.34374,
        "registration_date": "1966-05-02",
        "gazette_published_date": null,
        "gazette_reference": null,
        "gazette_url": null,
        "aboriginal_origin": null,
        "gender": null,
        "create_date_ufi": 1721981496328
      }
    },
    {
      "type": "Feature",
      "id": 10631,
      "geometry": { "type": "Point", "coordinates": [141.608099999973, -38.3525099996483] },
      "properties": {
        "OBJECTID": 10631,
        "ufi": 27112018,
        "place_id": 6434,
        "name_id": 21687,
        "vicmap_id": 142064,
        "place_name": "PORTLAND POLICE STATION",
        "feature_code": "POLS",
        "feature": "POLICE STATION",
        "name_status_code": "REG",
        "name_status": "REGISTERED",
        "longitude": 141.6081,
        "latitude": -38.35251,
        "registration_date": "1966-05-02",
        "gazette_published_date": null,
        "gazette_reference": null,
        "gazette_url": null,
        "aboriginal_origin": null,
        "gender": null,
        "create_date_ufi": 1721981496328
      }
    },
    {
      "type": "Feature",
      "id": 10856,
      "geometry": { "type": "Point", "coordinates": [145.283440000044, -38.113349999676] },
      "properties": {
        "OBJECTID": 10856,
        "ufi": 27112260,
        "place_id": 13646,
        "name_id": 6473,
        "vicmap_id": 136884,
        "place_name": "CRANBOURNE POLICE STATION",
        "feature_code": "POLS",
        "feature": "POLICE STATION",
        "name_status_code": "REG",
        "name_status": "REGISTERED",
        "longitude": 145.28344,
        "latitude": -38.113350000000004,
        "registration_date": "1966-05-02",
        "gazette_published_date": null,
        "gazette_reference": null,
        "gazette_url": null,
        "aboriginal_origin": null,
        "gender": null,
        "create_date_ufi": 1721981496328
      }
    },
    {
      "type": "Feature",
      "id": 10910,
      "geometry": { "type": "Point", "coordinates": [146.265220000304, -38.1760800000427] },
      "properties": {
        "OBJECTID": 10910,
        "ufi": 27112317,
        "place_id": 21210,
        "name_id": 17291,
        "vicmap_id": 140785,
        "place_name": "MOE POLICE STATION",
        "feature_code": "POLS",
        "feature": "POLICE STATION",
        "name_status_code": "REG",
        "name_status": "REGISTERED",
        "longitude": 146.26522,
        "latitude": -38.17608,
        "registration_date": "1966-05-02",
        "gazette_published_date": null,
        "gazette_reference": null,
        "gazette_url": null,
        "aboriginal_origin": null,
        "gender": null,
        "create_date_ufi": 1721981496328
      }
    },
    {
      "type": "Feature",
      "id": 11023,
      "geometry": { "type": "Point", "coordinates": [143.348379999635, -36.2695899998991] },
      "properties": {
        "OBJECTID": 11023,
        "ufi": 27112437,
        "place_id": 1695,
        "name_id": 5288,
        "vicmap_id": 136402,
        "place_name": "CHARLTON POLICE STATION",
        "feature_code": "POLS",
        "feature": "POLICE STATION",
        "name_status_code": "REG",
        "name_status": "REGISTERED",
        "longitude": 143.34838,
        "latitude": -36.26959,
        "registration_date": "1966-05-02",
        "gazette_published_date": null,
        "gazette_reference": null,
        "gazette_url": null,
        "aboriginal_origin": null,
        "gender": "No Gender",
        "create_date_ufi": 1721981496328
      }
    },
    {
      "type": "Feature",
      "id": 11172,
      "geometry": { "type": "Point", "coordinates": [147.080240000427, -37.9635199997234] },
      "properties": {
        "OBJECTID": 11172,
        "ufi": 27112606,
        "place_id": 26557,
        "name_id": 25420,
        "vicmap_id": 143814,
        "place_name": "STRATFORD POLICE STATION",
        "feature_code": "POLS",
        "feature": "POLICE STATION",
        "name_status_code": "REG",
        "name_status": "REGISTERED",
        "longitude": 147.08024,
        "latitude": -37.96352,
        "registration_date": "1966-05-02",
        "gazette_published_date": null,
        "gazette_reference": null,
        "gazette_url": null,
        "aboriginal_origin": null,
        "gender": null,
        "create_date_ufi": 1721981496328
      }
    },
    {
      "type": "Feature",
      "id": 11178,
      "geometry": { "type": "Point", "coordinates": [146.458650000267, -36.0564799998508] },
      "properties": {
        "OBJECTID": 11178,
        "ufi": 27112615,
        "place_id": 24896,
        "name_id": 23237,
        "vicmap_id": 142797,
        "place_name": "RUTHERGLEN POLICE STATION",
        "feature_code": "POLS",
        "feature": "POLICE STATION",
        "name_status_code": "REG",
        "name_status": "REGISTERED",
        "longitude": 146.45864999999998,
        "latitude": -36.05647999999999,
        "registration_date": "1966-05-02",
        "gazette_published_date": null,
        "gazette_reference": null,
        "gazette_url": null,
        "aboriginal_origin": null,
        "gender": null,
        "create_date_ufi": 1721981496328
      }
    },
    {
      "type": "Feature",
      "id": 11191,
      "geometry": { "type": "Point", "coordinates": [144.203920000054, -36.5386600000503] },
      "properties": {
        "OBJECTID": 11191,
        "ufi": 27112628,
        "place_id": 24148,
        "name_id": 22224,
        "vicmap_id": 142240,
        "place_name": "RAYWOOD POLICE STATION",
        "feature_code": "POLS",
        "feature": "POLICE STATION",
        "name_status_code": "REG",
        "name_status": "REGISTERED",
        "longitude": 144.20392,
        "latitude": -36.53866,
        "registration_date": "1966-05-02",
        "gazette_published_date": null,
        "gazette_reference": null,
        "gazette_url": null,
        "aboriginal_origin": null,
        "gender": null,
        "create_date_ufi": 1721981496328
      }
    },
    {
      "type": "Feature",
      "id": 11207,
      "geometry": { "type": "Point", "coordinates": [145.365049999652, -37.8560899996948] },
      "properties": {
        "OBJECTID": 11207,
        "ufi": 27112644,
        "place_id": 22965,
        "name_id": 20440,
        "vicmap_id": 141642,
        "place_name": "OLINDA POLICE STATION",
        "feature_code": "POLS",
        "feature": "POLICE STATION",
        "name_status_code": "REG",
        "name_status": "REGISTERED",
        "longitude": 145.36505,
        "latitude": -37.85609,
        "registration_date": "1966-05-02",
        "gazette_published_date": null,
        "gazette_reference": null,
        "gazette_url": null,
        "aboriginal_origin": null,
        "gender": null,
        "create_date_ufi": 1721981496328
      }
    },
    {
      "type": "Feature",
      "id": 11227,
      "geometry": { "type": "Point", "coordinates": [147.59234000011, -37.1020299996523] },
      "properties": {
        "OBJECTID": 11227,
        "ufi": 27112667,
        "place_id": 22988,
        "name_id": 20469,
        "vicmap_id": 141657,
        "place_name": "OMEO POLICE STATION",
        "feature_code": "POLS",
        "feature": "POLICE STATION",
        "name_status_code": "REG",
        "name_status": "REGISTERED",
        "longitude": 147.59234,
        "latitude": -37.10203,
        "registration_date": "1966-05-02",
        "gazette_published_date": null,
        "gazette_reference": null,
        "gazette_url": null,
        "aboriginal_origin": null,
        "gender": null,
        "create_date_ufi": 1721981496328
      }
    },
    {
      "type": "Feature",
      "id": 11261,
      "geometry": { "type": "Point", "coordinates": [143.721660000323, -37.9009400002807] },
      "properties": {
        "OBJECTID": 11261,
        "ufi": 27112702,
        "place_id": 6800,
        "name_id": 22885,
        "vicmap_id": 142474,
        "place_name": "ROKEWOOD POLICE STATION",
        "feature_code": "POLS",
        "feature": "POLICE STATION",
        "name_status_code": "REG",
        "name_status": "REGISTERED",
        "longitude": 143.72165999999999,
        "latitude": -37.90094,
        "registration_date": "1966-05-02",
        "gazette_published_date": null,
        "gazette_reference": null,
        "gazette_url": null,
        "aboriginal_origin": null,
        "gender": null,
        "create_date_ufi": 1721981496328
      }
    },
    {
      "type": "Feature",
      "id": 11336,
      "geometry": { "type": "Point", "coordinates": [145.18468000014, -38.3078499997324] },
      "properties": {
        "OBJECTID": 11336,
        "ufi": 27112784,
        "place_id": 17194,
        "name_id": 11350,
        "vicmap_id": 138579,
        "place_name": "HASTINGS POLICE STATION",
        "feature_code": "POLS",
        "feature": "POLICE STATION",
        "name_status_code": "REG",
        "name_status": "REGISTERED",
        "longitude": 145.18468,
        "latitude": -38.30785,
        "registration_date": "1966-05-02",
        "gazette_published_date": null,
        "gazette_reference": null,
        "gazette_url": null,
        "aboriginal_origin": null,
        "gender": null,
        "create_date_ufi": 1721981496328
      }
    },
    {
      "type": "Feature",
      "id": 11360,
      "geometry": { "type": "Point", "coordinates": [144.396050000359, -38.0234499997212] },
      "properties": {
        "OBJECTID": 11360,
        "ufi": 27112808,
        "place_id": 19300,
        "name_id": 14660,
        "vicmap_id": 139830,
        "place_name": "LARA POLICE STATION",
        "feature_code": "POLS",
        "feature": "POLICE STATION",
        "name_status_code": "REG",
        "name_status": "REGISTERED",
        "longitude": 144.39604999999997,
        "latitude": -38.023450000000004,
        "registration_date": "1966-05-02",
        "gazette_published_date": null,
        "gazette_reference": null,
        "gazette_url": null,
        "aboriginal_origin": null,
        "gender": null,
        "create_date_ufi": 1721981496328
      }
    },
    {
      "type": "Feature",
      "id": 11466,
      "geometry": { "type": "Point", "coordinates": [147.060990000407, -38.1111100003112] },
      "properties": {
        "OBJECTID": 11466,
        "ufi": 27112928,
        "place_id": 25057,
        "name_id": 23456,
        "vicmap_id": 142833,
        "place_name": "SALE POLICE STATION",
        "feature_code": "POLS",
        "feature": "POLICE STATION",
        "name_status_code": "REG",
        "name_status": "REGISTERED",
        "longitude": 147.06099,
        "latitude": -38.111110000000004,
        "registration_date": "1966-05-02",
        "gazette_published_date": null,
        "gazette_reference": null,
        "gazette_url": null,
        "aboriginal_origin": null,
        "gender": null,
        "create_date_ufi": 1721981496328
      }
    },
    {
      "type": "Feature",
      "id": 11484,
      "geometry": { "type": "Point", "coordinates": [145.016709999858, -36.590419999811] },
      "properties": {
        "OBJECTID": 11484,
        "ufi": 27112950,
        "place_id": 24868,
        "name_id": 23201,
        "vicmap_id": 142792,
        "place_name": "RUSHWORTH POLICE STATION",
        "feature_code": "POLS",
        "feature": "POLICE STATION",
        "name_status_code": "REG",
        "name_status": "REGISTERED",
        "longitude": 145.01671,
        "latitude": -36.59042,
        "registration_date": "1966-05-02",
        "gazette_published_date": null,
        "gazette_reference": null,
        "gazette_url": null,
        "aboriginal_origin": null,
        "gender": "No Gender",
        "create_date_ufi": 1721981496328
      }
    },
    {
      "type": "Feature",
      "id": 11524,
      "geometry": { "type": "Point", "coordinates": [144.522090000183, -38.2656800002725] },
      "properties": {
        "OBJECTID": 11524,
        "ufi": 27112991,
        "place_id": 22899,
        "name_id": 20360,
        "vicmap_id": null,
        "place_name": "OCEAN GROVE POLICE STATION",
        "feature_code": "POLS",
        "feature": "POLICE STATION",
        "name_status_code": "REG",
        "name_status": "REGISTERED",
        "longitude": 144.52209,
        "latitude": -38.265679999999996,
        "registration_date": "1966-05-02",
        "gazette_published_date": null,
        "gazette_reference": null,
        "gazette_url": null,
        "aboriginal_origin": null,
        "gender": null,
        "create_date_ufi": 1721981496328
      }
    },
    {
      "type": "Feature",
      "id": 11683,
      "geometry": { "type": "Point", "coordinates": [144.932160000276, -37.7851100003075] },
      "properties": {
        "OBJECTID": 11683,
        "ufi": 27113155,
        "place_id": 15671,
        "name_id": 9204,
        "vicmap_id": 137773,
        "place_name": "FLEMINGTON POLICE STATION",
        "feature_code": "POLS",
        "feature": "POLICE STATION",
        "name_status_code": "REG",
        "name_status": "REGISTERED",
        "longitude": 144.93215999999998,
        "latitude": -37.78511,
        "registration_date": "1966-05-02",
        "gazette_published_date": null,
        "gazette_reference": null,
        "gazette_url": null,
        "aboriginal_origin": null,
        "gender": null,
        "create_date_ufi": 1721981496328
      }
    },
    {
      "type": "Feature",
      "id": 11890,
      "geometry": { "type": "Point", "coordinates": [145.292090000086, -37.8884600002665] },
      "properties": {
        "OBJECTID": 11890,
        "ufi": 27113374,
        "place_id": 15509,
        "name_id": 9004,
        "vicmap_id": null,
        "place_name": "FERNTREE GULLY POLICE STATION",
        "feature_code": "POLS",
        "feature": "POLICE STATION",
        "name_status_code": "REG",
        "name_status": "REGISTERED",
        "longitude": 145.29209,
        "latitude": -37.888459999999995,
        "registration_date": "1966-05-02",
        "gazette_published_date": null,
        "gazette_reference": null,
        "gazette_url": null,
        "aboriginal_origin": null,
        "gender": null,
        "create_date_ufi": 1721981496328
      }
    },
    {
      "type": "Feature",
      "id": 11945,
      "geometry": { "type": "Point", "coordinates": [146.39442000021, -38.2372800001098] },
      "properties": {
        "OBJECTID": 11945,
        "ufi": 27113438,
        "place_id": 21612,
        "name_id": 17814,
        "vicmap_id": 140939,
        "place_name": "MORWELL POLICE STATION",
        "feature_code": "POLS",
        "feature": "POLICE STATION",
        "name_status_code": "REG",
        "name_status": "REGISTERED",
        "longitude": 146.39442,
        "latitude": -38.23728,
        "registration_date": "1966-05-02",
        "gazette_published_date": null,
        "gazette_reference": null,
        "gazette_url": null,
        "aboriginal_origin": null,
        "gender": null,
        "create_date_ufi": 1721981496328
      }
    },
    {
      "type": "Feature",
      "id": 12045,
      "geometry": { "type": "Point", "coordinates": [145.032639999963, -37.8067899997147] },
      "properties": {
        "OBJECTID": 12045,
        "ufi": 27113540,
        "place_id": 18706,
        "name_id": 13446,
        "vicmap_id": null,
        "place_name": "KEW POLICE STATION",
        "feature_code": "POLS",
        "feature": "POLICE STATION",
        "name_status_code": "REG",
        "name_status": "REGISTERED",
        "longitude": 145.03264000000001,
        "latitude": -37.80679,
        "registration_date": "1966-05-02",
        "gazette_published_date": null,
        "gazette_reference": null,
        "gazette_url": null,
        "aboriginal_origin": null,
        "gender": "No Gender",
        "create_date_ufi": 1721981496328
      }
    },
    {
      "type": "Feature",
      "id": 12155,
      "geometry": { "type": "Point", "coordinates": [145.087749999625, -37.8982800000642] },
      "properties": {
        "OBJECTID": 12155,
        "ufi": 27113669,
        "place_id": 22871,
        "name_id": 20330,
        "vicmap_id": 141572,
        "place_name": "OAKLEIGH POLICE STATION",
        "feature_code": "POLS",
        "feature": "POLICE STATION",
        "name_status_code": "REG",
        "name_status": "REGISTERED",
        "longitude": 145.08775,
        "latitude": -37.89828,
        "registration_date": "1966-05-02",
        "gazette_published_date": null,
        "gazette_reference": null,
        "gazette_url": null,
        "aboriginal_origin": null,
        "gender": null,
        "create_date_ufi": 1721981496328
      }
    },
    {
      "type": "Feature",
      "id": 12466,
      "geometry": { "type": "Point", "coordinates": [145.016810000315, -37.9698499996531] },
      "properties": {
        "OBJECTID": 12466,
        "ufi": 27114023,
        "place_id": 10840,
        "name_id": 2458,
        "vicmap_id": null,
        "place_name": "BLACK ROCK POLICE STATION",
        "feature_code": "POLS",
        "feature": "POLICE STATION",
        "name_status_code": "REG",
        "name_status": "REGISTERED",
        "longitude": 145.01681,
        "latitude": -37.96985,
        "registration_date": "1966-05-02",
        "gazette_published_date": null,
        "gazette_reference": null,
        "gazette_url": null,
        "aboriginal_origin": null,
        "gender": "No Gender",
        "create_date_ufi": 1721981496328
      }
    },
    {
      "type": "Feature",
      "id": 12720,
      "geometry": { "type": "Point", "coordinates": [144.232369999937, -36.2101299997352] },
      "properties": {
        "OBJECTID": 12720,
        "ufi": 27114302,
        "place_id": 21171,
        "name_id": 17231,
        "vicmap_id": null,
        "place_name": "MITIAMO POLICE STATION",
        "feature_code": "POLS",
        "feature": "POLICE STATION",
        "name_status_code": "REG",
        "name_status": "REGISTERED",
        "longitude": 144.23237,
        "latitude": -36.21013,
        "registration_date": "1966-05-02",
        "gazette_published_date": null,
        "gazette_reference": null,
        "gazette_url": null,
        "aboriginal_origin": null,
        "gender": null,
        "create_date_ufi": 1721981496328
      }
    },
    {
      "type": "Feature",
      "id": 12731,
      "geometry": { "type": "Point", "coordinates": [147.377799999704, -36.5371600000131] },
      "properties": {
        "OBJECTID": 12731,
        "ufi": 27114313,
        "place_id": 21183,
        "name_id": 17252,
        "vicmap_id": 140769,
        "place_name": "MITTA MITTA POLICE STATION",
        "feature_code": "POLS",
        "feature": "POLICE STATION",
        "name_status_code": "REG",
        "name_status": "REGISTERED",
        "longitude": 147.3778,
        "latitude": -36.53716,
        "registration_date": "1966-05-02",
        "gazette_published_date": null,
        "gazette_reference": null,
        "gazette_url": null,
        "aboriginal_origin": null,
        "gender": null,
        "create_date_ufi": 1721981496328
      }
    },
    {
      "type": "Feature",
      "id": 12912,
      "geometry": { "type": "Point", "coordinates": [145.373210000147, -37.6601999998059] },
      "properties": {
        "OBJECTID": 12912,
        "ufi": 27114614,
        "place_id": 30134,
        "name_id": 30476,
        "vicmap_id": 612914,
        "place_name": "YARRA GLEN POLICE STATION",
        "feature_code": "POLS",
        "feature": "POLICE STATION",
        "name_status_code": "REG",
        "name_status": "REGISTERED",
        "longitude": 145.37321,
        "latitude": -37.6602,
        "registration_date": "1966-05-02",
        "gazette_published_date": null,
        "gazette_reference": null,
        "gazette_url": null,
        "aboriginal_origin": null,
        "gender": null,
        "create_date_ufi": 1721981496328
      }
    },
    {
      "type": "Feature",
      "id": 12924,
      "geometry": { "type": "Point", "coordinates": [147.034620000157, -36.2512700001487] },
      "properties": {
        "OBJECTID": 12924,
        "ufi": 27114630,
        "place_id": 27062,
        "name_id": 26068,
        "vicmap_id": 144063,
        "place_name": "TANGAMBALANGA POLICE STATION",
        "feature_code": "POLS",
        "feature": "POLICE STATION",
        "name_status_code": "REG",
        "name_status": "REGISTERED",
        "longitude": 147.03462000000002,
        "latitude": -36.25127,
        "registration_date": "1966-05-02",
        "gazette_published_date": null,
        "gazette_reference": null,
        "gazette_url": null,
        "aboriginal_origin": null,
        "gender": null,
        "create_date_ufi": 1721981496328
      }
    },
    {
      "type": "Feature",
      "id": 12971,
      "geometry": { "type": "Point", "coordinates": [144.678580000055, -37.4619500000694] },
      "properties": {
        "OBJECTID": 12971,
        "ufi": 27114680,
        "place_id": 24404,
        "name_id": 22597,
        "vicmap_id": 142330,
        "place_name": "RIDDELLS CREEK POLICE STATION",
        "feature_code": "POLS",
        "feature": "POLICE STATION",
        "name_status_code": "REG",
        "name_status": "REGISTERED",
        "longitude": 144.67858,
        "latitude": -37.46195,
        "registration_date": "1966-05-02",
        "gazette_published_date": null,
        "gazette_reference": null,
        "gazette_url": null,
        "aboriginal_origin": null,
        "gender": null,
        "create_date_ufi": 1721981496328
      }
    },
    {
      "type": "Feature",
      "id": 13224,
      "geometry": { "type": "Point", "coordinates": [145.002149999732, -37.7661100001391] },
      "properties": {
        "OBJECTID": 13224,
        "ufi": 27115078,
        "place_id": 22681,
        "name_id": 20072,
        "vicmap_id": 141488,
        "place_name": "NORTHCOTE POLICE STATION",
        "feature_code": "POLS",
        "feature": "POLICE STATION",
        "name_status_code": "REG",
        "name_status": "REGISTERED",
        "longitude": 145.00215,
        "latitude": -37.766110000000005,
        "registration_date": "1966-05-02",
        "gazette_published_date": null,
        "gazette_reference": null,
        "gazette_url": null,
        "aboriginal_origin": null,
        "gender": null,
        "create_date_ufi": 1721981496328
      }
    },
    {
      "type": "Feature",
      "id": 13298,
      "geometry": { "type": "Point", "coordinates": [142.419509999753, -35.9432299999464] },
      "properties": {
        "OBJECTID": 13298,
        "ufi": 27115209,
        "place_id": 669,
        "name_id": 2124,
        "vicmap_id": 135508,
        "place_name": "BEULAH POLICE STATION",
        "feature_code": "POLS",
        "feature": "POLICE STATION",
        "name_status_code": "REG",
        "name_status": "REGISTERED",
        "longitude": 142.41951,
        "latitude": -35.94323,
        "registration_date": "1966-05-02",
        "gazette_published_date": null,
        "gazette_reference": null,
        "gazette_url": null,
        "aboriginal_origin": null,
        "gender": null,
        "create_date_ufi": 1721981496328
      }
    },
    {
      "type": "Feature",
      "id": 13633,
      "geometry": { "type": "Point", "coordinates": [141.242060000063, -36.3788599996956] },
      "properties": {
        "OBJECTID": 13633,
        "ufi": 27115683,
        "place_id": 3967,
        "name_id": 13097,
        "vicmap_id": 139251,
        "place_name": "KANIVA POLICE STATION",
        "feature_code": "POLS",
        "feature": "POLICE STATION",
        "name_status_code": "REG",
        "name_status": "REGISTERED",
        "longitude": 141.24205999999998,
        "latitude": -36.378859999999996,
        "registration_date": "1966-05-02",
        "gazette_published_date": null,
        "gazette_reference": null,
        "gazette_url": null,
        "aboriginal_origin": null,
        "gender": null,
        "create_date_ufi": 1721981514823
      }
    },
    {
      "type": "Feature",
      "id": 13693,
      "geometry": { "type": "Point", "coordinates": [142.741130000391, -37.545999999945] },
      "properties": {
        "OBJECTID": 13693,
        "ufi": 27115810,
        "place_id": 8687,
        "name_id": 29512,
        "vicmap_id": 612468,
        "place_name": "WILLAURA POLICE STATION",
        "feature_code": "POLS",
        "feature": "POLICE STATION",
        "name_status_code": "REG",
        "name_status": "REGISTERED",
        "longitude": 142.74113,
        "latitude": -37.546,
        "registration_date": "1966-05-02",
        "gazette_published_date": null,
        "gazette_reference": null,
        "gazette_url": null,
        "aboriginal_origin": null,
        "gender": null,
        "create_date_ufi": 1721981514823
      }
    },
    {
      "type": "Feature",
      "id": 13738,
      "geometry": { "type": "Point", "coordinates": [144.83137000007, -37.7775700001656] },
      "properties": {
        "OBJECTID": 13738,
        "ufi": 27115864,
        "place_id": 26764,
        "name_id": 25680,
        "vicmap_id": 143925,
        "place_name": "SUNSHINE POLICE STATION",
        "feature_code": "POLS",
        "feature": "POLICE STATION",
        "name_status_code": "REG",
        "name_status": "REGISTERED",
        "longitude": 144.83137,
        "latitude": -37.777570000000004,
        "registration_date": "1966-05-02",
        "gazette_published_date": null,
        "gazette_reference": null,
        "gazette_url": null,
        "aboriginal_origin": null,
        "gender": "No Gender",
        "create_date_ufi": 1721981514823
      }
    },
    {
      "type": "Feature",
      "id": 13769,
      "geometry": { "type": "Point", "coordinates": [142.393829999964, -36.2512099999569] },
      "properties": {
        "OBJECTID": 13769,
        "ufi": 27115903,
        "place_id": 8334,
        "name_id": 28575,
        "vicmap_id": 612141,
        "place_name": "WARRACKNABEAL POLICE STATION",
        "feature_code": "POLS",
        "feature": "POLICE STATION",
        "name_status_code": "REG",
        "name_status": "REGISTERED",
        "longitude": 142.39383,
        "latitude": -36.25121,
        "registration_date": "1966-05-02",
        "gazette_published_date": null,
        "gazette_reference": null,
        "gazette_url": null,
        "aboriginal_origin": null,
        "gender": null,
        "create_date_ufi": 1721981514823
      }
    },
    {
      "type": "Feature",
      "id": 13923,
      "geometry": { "type": "Point", "coordinates": [145.688840000335, -36.0793300000592] },
      "properties": {
        "OBJECTID": 13923,
        "ufi": 27116135,
        "place_id": 18502,
        "name_id": 13175,
        "vicmap_id": 139316,
        "place_name": "KATAMATITE POLICE STATION",
        "feature_code": "POLS",
        "feature": "POLICE STATION",
        "name_status_code": "REG",
        "name_status": "REGISTERED",
        "longitude": 145.68884,
        "latitude": -36.079330000000006,
        "registration_date": "1966-05-02",
        "gazette_published_date": null,
        "gazette_reference": null,
        "gazette_url": null,
        "aboriginal_origin": null,
        "gender": null,
        "create_date_ufi": 1721981514823
      }
    },
    {
      "type": "Feature",
      "id": 14119,
      "geometry": { "type": "Point", "coordinates": [142.027889999613, -36.4564300000051] },
      "properties": {
        "OBJECTID": 14119,
        "ufi": 27116450,
        "place_id": 2365,
        "name_id": 7470,
        "vicmap_id": 137193,
        "place_name": "DIMBOOLA POLICE STATION",
        "feature_code": "POLS",
        "feature": "POLICE STATION",
        "name_status_code": "REG",
        "name_status": "REGISTERED",
        "longitude": 142.02789,
        "latitude": -36.456430000000005,
        "registration_date": "1966-05-02",
        "gazette_published_date": null,
        "gazette_reference": null,
        "gazette_url": null,
        "aboriginal_origin": null,
        "gender": null,
        "create_date_ufi": 1721981514823
      }
    },
    {
      "type": "Feature",
      "id": 14216,
      "geometry": { "type": "Point", "coordinates": [142.440369999951, -35.401060000307] },
      "properties": {
        "OBJECTID": 14216,
        "ufi": 27127980,
        "place_id": 7317,
        "name_id": 24836,
        "vicmap_id": 143181,
        "place_name": "SPEED POLICE STATION",
        "feature_code": "POLS",
        "feature": "POLICE STATION",
        "name_status_code": "REG",
        "name_status": "REGISTERED",
        "longitude": 142.44037,
        "latitude": -35.40106,
        "registration_date": "1966-05-02",
        "gazette_published_date": null,
        "gazette_reference": null,
        "gazette_url": null,
        "aboriginal_origin": null,
        "gender": null,
        "create_date_ufi": 1721981533060
      }
    },
    {
      "type": "Feature",
      "id": 14345,
      "geometry": { "type": "Point", "coordinates": [145.005649999572, -37.7164700000166] },
      "properties": {
        "OBJECTID": 14345,
        "ufi": 27128134,
        "place_id": 24347,
        "name_id": 22514,
        "vicmap_id": 142297,
        "place_name": "RESERVOIR POLICE STATION",
        "feature_code": "POLS",
        "feature": "POLICE STATION",
        "name_status_code": "REG",
        "name_status": "REGISTERED",
        "longitude": 145.00564999999997,
        "latitude": -37.71647,
        "registration_date": "1966-05-02",
        "gazette_published_date": null,
        "gazette_reference": null,
        "gazette_url": null,
        "aboriginal_origin": null,
        "gender": null,
        "create_date_ufi": 1721981533060
      }
    },
    {
      "type": "Feature",
      "id": 14404,
      "geometry": { "type": "Point", "coordinates": [142.808149999736, -38.081610000288] },
      "properties": {
        "OBJECTID": 14404,
        "ufi": 27128197,
        "place_id": 5392,
        "name_id": 17792,
        "vicmap_id": 140930,
        "place_name": "MORTLAKE POLICE STATION",
        "feature_code": "POLS",
        "feature": "POLICE STATION",
        "name_status_code": "REG",
        "name_status": "REGISTERED",
        "longitude": 142.80814999999998,
        "latitude": -38.081610000000005,
        "registration_date": "1966-05-02",
        "gazette_published_date": null,
        "gazette_reference": null,
        "gazette_url": null,
        "aboriginal_origin": null,
        "gender": null,
        "create_date_ufi": 1721981533060
      }
    },
    {
      "type": "Feature",
      "id": 14465,
      "geometry": { "type": "Point", "coordinates": [144.771399999737, -37.8632600001141] },
      "properties": {
        "OBJECTID": 14465,
        "ufi": 27128262,
        "place_id": 19343,
        "name_id": 14734,
        "vicmap_id": 139877,
        "place_name": "LAVERTON POLICE STATION",
        "feature_code": "POLS",
        "feature": "POLICE STATION",
        "name_status_code": "REG",
        "name_status": "REGISTERED",
        "longitude": 144.7714,
        "latitude": -37.86326,
        "registration_date": "1966-05-02",
        "gazette_published_date": null,
        "gazette_reference": null,
        "gazette_url": null,
        "aboriginal_origin": null,
        "gender": null,
        "create_date_ufi": 1721981533060
      }
    },
    {
      "type": "Feature",
      "id": 14559,
      "geometry": { "type": "Point", "coordinates": [144.742149999788, -38.3361199998666] },
      "properties": {
        "OBJECTID": 14559,
        "ufi": 27128366,
        "place_id": 25990,
        "name_id": 24707,
        "vicmap_id": 143122,
        "place_name": "SORRENTO POLICE STATION",
        "feature_code": "POLS",
        "feature": "POLICE STATION",
        "name_status_code": "REG",
        "name_status": "REGISTERED",
        "longitude": 144.74214999999998,
        "latitude": -38.33612,
        "registration_date": "1966-05-02",
        "gazette_published_date": null,
        "gazette_reference": null,
        "gazette_url": null,
        "aboriginal_origin": null,
        "gender": null,
        "create_date_ufi": 1721981533060
      }
    },
    {
      "type": "Feature",
      "id": 14738,
      "geometry": { "type": "Point", "coordinates": [143.474099999791, -37.0871599999858] },
      "properties": {
        "OBJECTID": 14738,
        "ufi": 27128559,
        "place_id": 242,
        "name_id": 731,
        "vicmap_id": 134996,
        "place_name": "AVOCA POLICE STATION",
        "feature_code": "POLS",
        "feature": "POLICE STATION",
        "name_status_code": "REG",
        "name_status": "REGISTERED",
        "longitude": 143.4741,
        "latitude": -37.08716,
        "registration_date": "1966-05-02",
        "gazette_published_date": null,
        "gazette_reference": null,
        "gazette_url": null,
        "aboriginal_origin": null,
        "gender": null,
        "create_date_ufi": 1721981533060
      }
    },
    {
      "type": "Feature",
      "id": 14794,
      "geometry": { "type": "Point", "coordinates": [143.128540000138, -37.0036299998822] },
      "properties": {
        "OBJECTID": 14794,
        "ufi": 27128616,
        "place_id": 4418,
        "name_id": 14579,
        "vicmap_id": 139806,
        "place_name": "LANDSBOROUGH POLICE STATION",
        "feature_code": "POLS",
        "feature": "POLICE STATION",
        "name_status_code": "REG",
        "name_status": "REGISTERED",
        "longitude": 143.12854000000002,
        "latitude": -37.00363,
        "registration_date": "1966-05-02",
        "gazette_published_date": null,
        "gazette_reference": null,
        "gazette_url": null,
        "aboriginal_origin": null,
        "gender": null,
        "create_date_ufi": 1721981533060
      }
    },
    {
      "type": "Feature",
      "id": 14862,
      "geometry": { "type": "Point", "coordinates": [143.715360000252, -37.4222800001842] },
      "properties": {
        "OBJECTID": 14862,
        "ufi": 27128693,
        "place_id": 4509,
        "name_id": 14785,
        "vicmap_id": 139900,
        "place_name": "LEARMONTH POLICE STATION",
        "feature_code": "POLS",
        "feature": "POLICE STATION",
        "name_status_code": "REG",
        "name_status": "REGISTERED",
        "longitude": 143.71536,
        "latitude": -37.42227999999999,
        "registration_date": "1966-05-02",
        "gazette_published_date": null,
        "gazette_reference": null,
        "gazette_url": null,
        "aboriginal_origin": null,
        "gender": "Multi Gender",
        "create_date_ufi": 1721981533060
      }
    },
    {
      "type": "Feature",
      "id": 14895,
      "geometry": { "type": "Point", "coordinates": [143.146099999614, -38.2305000001107] },
      "properties": {
        "OBJECTID": 14895,
        "ufi": 27128732,
        "place_id": 1420,
        "name_id": 4580,
        "vicmap_id": 136128,
        "place_name": "CAMPERDOWN POLICE STATION",
        "feature_code": "POLS",
        "feature": "POLICE STATION",
        "name_status_code": "REG",
        "name_status": "REGISTERED",
        "longitude": 143.1461,
        "latitude": -38.2305,
        "registration_date": "1966-05-02",
        "gazette_published_date": null,
        "gazette_reference": null,
        "gazette_url": null,
        "aboriginal_origin": null,
        "gender": "No Gender",
        "create_date_ufi": 1721981533060
      }
    },
    {
      "type": "Feature",
      "id": 15292,
      "geometry": { "type": "Point", "coordinates": [145.129900000191, -37.0198399999254] },
      "properties": {
        "OBJECTID": 15292,
        "ufi": 27129153,
        "place_id": 25488,
        "name_id": 24061,
        "vicmap_id": 142957,
        "place_name": "SEYMOUR POLICE STATION",
        "feature_code": "POLS",
        "feature": "POLICE STATION",
        "name_status_code": "REG",
        "name_status": "REGISTERED",
        "longitude": 145.1299,
        "latitude": -37.019839999999995,
        "registration_date": "1966-05-02",
        "gazette_published_date": null,
        "gazette_reference": null,
        "gazette_url": null,
        "aboriginal_origin": null,
        "gender": null,
        "create_date_ufi": 1721981533060
      }
    },
    {
      "type": "Feature",
      "id": 15533,
      "geometry": { "type": "Point", "coordinates": [143.61160999998, -36.416809999812] },
      "properties": {
        "OBJECTID": 15533,
        "ufi": 27129429,
        "place_id": 8478,
        "name_id": 28894,
        "vicmap_id": 612267,
        "place_name": "WEDDERBURN POLICE STATION",
        "feature_code": "POLS",
        "feature": "POLICE STATION",
        "name_status_code": "REG",
        "name_status": "REGISTERED",
        "longitude": 143.61161,
        "latitude": -36.416810000000005,
        "registration_date": "1966-05-02",
        "gazette_published_date": null,
        "gazette_reference": null,
        "gazette_url": null,
        "aboriginal_origin": null,
        "gender": null,
        "create_date_ufi": 1721981533060
      }
    },
    {
      "type": "Feature",
      "id": 15558,
      "geometry": { "type": "Point", "coordinates": [142.984069999553, -36.3736400002051] },
      "properties": {
        "OBJECTID": 15558,
        "ufi": 27129455,
        "place_id": 2422,
        "name_id": 7664,
        "vicmap_id": 137231,
        "place_name": "DONALD POLICE STATION",
        "feature_code": "POLS",
        "feature": "POLICE STATION",
        "name_status_code": "REG",
        "name_status": "REGISTERED",
        "longitude": 142.98407,
        "latitude": -36.37364,
        "registration_date": "1966-05-02",
        "gazette_published_date": null,
        "gazette_reference": null,
        "gazette_url": null,
        "aboriginal_origin": null,
        "gender": "Man",
        "create_date_ufi": 1721981533060
      }
    },
    {
      "type": "Feature",
      "id": 15740,
      "geometry": { "type": "Point", "coordinates": [145.407699999811, -37.8752300003487] },
      "properties": {
        "OBJECTID": 15740,
        "ufi": 27129664,
        "place_id": 21274,
        "name_id": 17376,
        "vicmap_id": 140819,
        "place_name": "MONBULK POLICE STATION",
        "feature_code": "POLS",
        "feature": "POLICE STATION",
        "name_status_code": "REG",
        "name_status": "REGISTERED",
        "longitude": 145.4077,
        "latitude": -37.87523,
        "registration_date": "1966-05-02",
        "gazette_published_date": null,
        "gazette_reference": null,
        "gazette_url": null,
        "aboriginal_origin": null,
        "gender": null,
        "create_date_ufi": 1721981533060
      }
    },
    {
      "type": "Feature",
      "id": 15811,
      "geometry": { "type": "Point", "coordinates": [145.239310000302, -37.9948499997421] },
      "properties": {
        "OBJECTID": 15811,
        "ufi": 27129746,
        "place_id": 14584,
        "name_id": 7794,
        "vicmap_id": null,
        "place_name": "DOVETON POLICE STATION",
        "feature_code": "POLS",
        "feature": "POLICE STATION",
        "name_status_code": "REG",
        "name_status": "REGISTERED",
        "longitude": 145.23931,
        "latitude": -37.99485,
        "registration_date": "1966-05-02",
        "gazette_published_date": null,
        "gazette_reference": null,
        "gazette_url": null,
        "aboriginal_origin": null,
        "gender": "Multi Gender",
        "create_date_ufi": 1721981533060
      }
    },
    {
      "type": "Feature",
      "id": 15834,
      "geometry": { "type": "Point", "coordinates": [145.157840000436, -37.7884100000444] },
      "properties": {
        "OBJECTID": 15834,
        "ufi": 27129769,
        "place_id": 14497,
        "name_id": 7681,
        "vicmap_id": 137238,
        "place_name": "DONCASTER POLICE STATION",
        "feature_code": "POLS",
        "feature": "POLICE STATION",
        "name_status_code": "REG",
        "name_status": "REGISTERED",
        "longitude": 145.15784000000002,
        "latitude": -37.788410000000006,
        "registration_date": "1966-05-02",
        "gazette_published_date": null,
        "gazette_reference": null,
        "gazette_url": null,
        "aboriginal_origin": null,
        "gender": null,
        "create_date_ufi": 1721981533060
      }
    },
    {
      "type": "Feature",
      "id": 15980,
      "geometry": { "type": "Point", "coordinates": [144.050610000355, -38.101559999938] },
      "properties": {
        "OBJECTID": 15980,
        "ufi": 27129919,
        "place_id": 17935,
        "name_id": 12323,
        "vicmap_id": 139008,
        "place_name": "INVERLEIGH POLICE STATION",
        "feature_code": "POLS",
        "feature": "POLICE STATION",
        "name_status_code": "REG",
        "name_status": "REGISTERED",
        "longitude": 144.05061,
        "latitude": -38.10156,
        "registration_date": "1966-05-02",
        "gazette_published_date": null,
        "gazette_reference": null,
        "gazette_url": null,
        "aboriginal_origin": null,
        "gender": null,
        "create_date_ufi": 1721981533060
      }
    },
    {
      "type": "Feature",
      "id": 15982,
      "geometry": { "type": "Point", "coordinates": [145.727480000117, -38.631110000226] },
      "properties": {
        "OBJECTID": 15982,
        "ufi": 27129921,
        "place_id": 17940,
        "name_id": 12328,
        "vicmap_id": 139011,
        "place_name": "INVERLOCH POLICE STATION",
        "feature_code": "POLS",
        "feature": "POLICE STATION",
        "name_status_code": "REG",
        "name_status": "REGISTERED",
        "longitude": 145.72747999999999,
        "latitude": -38.63111000000001,
        "registration_date": "1966-05-02",
        "gazette_published_date": null,
        "gazette_reference": null,
        "gazette_url": null,
        "aboriginal_origin": null,
        "gender": "Man",
        "create_date_ufi": 1721981533060
      }
    },
    {
      "type": "Feature",
      "id": 16135,
      "geometry": { "type": "Point", "coordinates": [146.785499999676, -37.9817299998897] },
      "properties": {
        "OBJECTID": 16135,
        "ufi": 27130096,
        "place_id": 17419,
        "name_id": 11657,
        "vicmap_id": 138698,
        "place_name": "HEYFIELD POLICE STATION",
        "feature_code": "POLS",
        "feature": "POLICE STATION",
        "name_status_code": "REG",
        "name_status": "REGISTERED",
        "longitude": 146.7855,
        "latitude": -37.981730000000006,
        "registration_date": "1966-05-02",
        "gazette_published_date": null,
        "gazette_reference": null,
        "gazette_url": null,
        "aboriginal_origin": null,
        "gender": null,
        "create_date_ufi": 1721981533060
      }
    },
    {
      "type": "Feature",
      "id": 16231,
      "geometry": { "type": "Point", "coordinates": [145.910330000193, -37.2322600002855] },
      "properties": {
        "OBJECTID": 16231,
        "ufi": 27130196,
        "place_id": 15012,
        "name_id": 8401,
        "vicmap_id": 137471,
        "place_name": "EILDON POLICE STATION",
        "feature_code": "POLS",
        "feature": "POLICE STATION",
        "name_status_code": "REG",
        "name_status": "REGISTERED",
        "longitude": 145.91033000000002,
        "latitude": -37.23226,
        "registration_date": "1966-05-02",
        "gazette_published_date": null,
        "gazette_reference": null,
        "gazette_url": null,
        "aboriginal_origin": null,
        "gender": null,
        "create_date_ufi": 1721981533060
      }
    },
    {
      "type": "Feature",
      "id": 16349,
      "geometry": { "type": "Point", "coordinates": [141.628970000217, -38.1334799996534] },
      "properties": {
        "OBJECTID": 16349,
        "ufi": 27130326,
        "place_id": 3566,
        "name_id": 11681,
        "vicmap_id": 138704,
        "place_name": "HEYWOOD POLICE STATION",
        "feature_code": "POLS",
        "feature": "POLICE STATION",
        "name_status_code": "REG",
        "name_status": "REGISTERED",
        "longitude": 141.62896999999998,
        "latitude": -38.13348,
        "registration_date": "1966-05-02",
        "gazette_published_date": null,
        "gazette_reference": null,
        "gazette_url": null,
        "aboriginal_origin": null,
        "gender": null,
        "create_date_ufi": 1721981533060
      }
    },
    {
      "type": "Feature",
      "id": 16389,
      "geometry": { "type": "Point", "coordinates": [143.892349999573, -37.4298900002297] },
      "properties": {
        "OBJECTID": 16389,
        "ufi": 27130366,
        "place_id": 2082,
        "name_id": 6540,
        "vicmap_id": 136914,
        "place_name": "CRESWICK POLICE STATION",
        "feature_code": "POLS",
        "feature": "POLICE STATION",
        "name_status_code": "REG",
        "name_status": "REGISTERED",
        "longitude": 143.89235,
        "latitude": -37.42989,
        "registration_date": "1966-05-02",
        "gazette_published_date": null,
        "gazette_reference": null,
        "gazette_url": null,
        "aboriginal_origin": null,
        "gender": null,
        "create_date_ufi": 1721981533060
      }
    },
    {
      "type": "Feature",
      "id": 16489,
      "geometry": { "type": "Point", "coordinates": [143.973760000063, -38.540840000181] },
      "properties": {
        "OBJECTID": 16489,
        "ufi": 27130474,
        "place_id": 4722,
        "name_id": 15574,
        "vicmap_id": 140087,
        "place_name": "LORNE POLICE STATION",
        "feature_code": "POLS",
        "feature": "POLICE STATION",
        "name_status_code": "REG",
        "name_status": "REGISTERED",
        "longitude": 143.97376,
        "latitude": -38.540839999999996,
        "registration_date": "1966-05-02",
        "gazette_published_date": null,
        "gazette_reference": null,
        "gazette_url": null,
        "aboriginal_origin": null,
        "gender": null,
        "create_date_ufi": 1721981533060
      }
    },
    {
      "type": "Feature",
      "id": 16558,
      "geometry": { "type": "Point", "coordinates": [147.17137999961, -36.7439599997904] },
      "properties": {
        "OBJECTID": 16558,
        "ufi": 27130549,
        "place_id": 21681,
        "name_id": 17933,
        "vicmap_id": 140961,
        "place_name": "MOUNT BEAUTY POLICE STATION",
        "feature_code": "POLS",
        "feature": "POLICE STATION",
        "name_status_code": "REG",
        "name_status": "REGISTERED",
        "longitude": 147.17138,
        "latitude": -36.743959999999994,
        "registration_date": "1966-05-02",
        "gazette_published_date": null,
        "gazette_reference": null,
        "gazette_url": null,
        "aboriginal_origin": null,
        "gender": null,
        "create_date_ufi": 1721981533060
      }
    },
    {
      "type": "Feature",
      "id": 16674,
      "geometry": { "type": "Point", "coordinates": [142.000849999892, -38.0324800002344] },
      "properties": {
        "OBJECTID": 16674,
        "ufi": 27130680,
        "place_id": 4789,
        "name_id": 15789,
        "vicmap_id": 140187,
        "place_name": "MACARTHUR POLICE STATION",
        "feature_code": "POLS",
        "feature": "POLICE STATION",
        "name_status_code": "REG",
        "name_status": "REGISTERED",
        "longitude": 142.00084999999999,
        "latitude": -38.03248,
        "registration_date": "1966-05-02",
        "gazette_published_date": null,
        "gazette_reference": null,
        "gazette_url": null,
        "aboriginal_origin": null,
        "gender": null,
        "create_date_ufi": 1721981533060
      }
    },
    {
      "type": "Feature",
      "id": 16810,
      "geometry": { "type": "Point", "coordinates": [141.281509999957, -37.9218199998651] },
      "properties": {
        "OBJECTID": 16810,
        "ufi": 27130828,
        "place_id": 2221,
        "name_id": 6970,
        "vicmap_id": 137075,
        "place_name": "DARTMOOR POLICE STATION",
        "feature_code": "POLS",
        "feature": "POLICE STATION",
        "name_status_code": "REG",
        "name_status": "REGISTERED",
        "longitude": 141.28151,
        "latitude": -37.92182,
        "registration_date": "1966-05-02",
        "gazette_published_date": null,
        "gazette_reference": null,
        "gazette_url": null,
        "aboriginal_origin": null,
        "gender": null,
        "create_date_ufi": 1721981533060
      }
    },
    {
      "type": "Feature",
      "id": 17060,
      "geometry": { "type": "Point", "coordinates": [144.990419999974, -37.8170699997537] },
      "properties": {
        "OBJECTID": 17060,
        "ufi": 27131137,
        "place_id": 14877,
        "name_id": 8224,
        "vicmap_id": null,
        "place_name": "EAST MELBOURNE POLICE STATION",
        "feature_code": "POLS",
        "feature": "POLICE STATION",
        "name_status_code": "REG",
        "name_status": "REGISTERED",
        "longitude": 144.99042,
        "latitude": -37.81707,
        "registration_date": "1966-05-02",
        "gazette_published_date": null,
        "gazette_reference": null,
        "gazette_url": null,
        "aboriginal_origin": null,
        "gender": null,
        "create_date_ufi": 1721981533060
      }
    },
    {
      "type": "Feature",
      "id": 17099,
      "geometry": { "type": "Point", "coordinates": [144.818939999806, -38.3706300000786] },
      "properties": {
        "OBJECTID": 17099,
        "ufi": 27131179,
        "place_id": 24927,
        "name_id": 23275,
        "vicmap_id": 142810,
        "place_name": "RYE POLICE STATION",
        "feature_code": "POLS",
        "feature": "POLICE STATION",
        "name_status_code": "REG",
        "name_status": "REGISTERED",
        "longitude": 144.81894000000003,
        "latitude": -38.370630000000006,
        "registration_date": "1966-05-02",
        "gazette_published_date": null,
        "gazette_reference": null,
        "gazette_url": null,
        "aboriginal_origin": null,
        "gender": null,
        "create_date_ufi": 1721981533060
      }
    },
    {
      "type": "Feature",
      "id": 17130,
      "geometry": { "type": "Point", "coordinates": [144.958199999915, -37.790400000229] },
      "properties": {
        "OBJECTID": 17130,
        "ufi": 27131214,
        "place_id": 24786,
        "name_id": 23096,
        "vicmap_id": null,
        "place_name": "ROYAL PARK POLICE STATION",
        "feature_code": "POLS",
        "feature": "POLICE STATION",
        "name_status_code": "REG",
        "name_status": "REGISTERED",
        "longitude": 144.9582,
        "latitude": -37.7904,
        "registration_date": "1966-05-02",
        "gazette_published_date": null,
        "gazette_reference": null,
        "gazette_url": null,
        "aboriginal_origin": null,
        "gender": null,
        "create_date_ufi": 1721981533060
      }
    },
    {
      "type": "Feature",
      "id": 17179,
      "geometry": { "type": "Point", "coordinates": [141.783480000015, -37.5990099997112] },
      "properties": {
        "OBJECTID": 17179,
        "ufi": 27131288,
        "place_id": 1890,
        "name_id": 5942,
        "vicmap_id": null,
        "place_name": "COLERAINE POLICE STATION",
        "feature_code": "POLS",
        "feature": "POLICE STATION",
        "name_status_code": "REG",
        "name_status": "REGISTERED",
        "longitude": 141.78348,
        "latitude": -37.59901,
        "registration_date": "1966-05-02",
        "gazette_published_date": null,
        "gazette_reference": null,
        "gazette_url": null,
        "aboriginal_origin": null,
        "gender": null,
        "create_date_ufi": 1721981533060
      }
    },
    {
      "type": "Feature",
      "id": 17204,
      "geometry": { "type": "Point", "coordinates": [146.973360000211, -37.9649300002296] },
      "properties": {
        "OBJECTID": 17204,
        "ufi": 27131328,
        "place_id": 20191,
        "name_id": 15876,
        "vicmap_id": 140215,
        "place_name": "MAFFRA POLICE STATION",
        "feature_code": "POLS",
        "feature": "POLICE STATION",
        "name_status_code": "REG",
        "name_status": "REGISTERED",
        "longitude": 146.97335999999999,
        "latitude": -37.96493,
        "registration_date": "1966-05-02",
        "gazette_published_date": null,
        "gazette_reference": null,
        "gazette_url": null,
        "aboriginal_origin": null,
        "gender": null,
        "create_date_ufi": 1721981533060
      }
    },
    {
      "type": "Feature",
      "id": 17282,
      "geometry": { "type": "Point", "coordinates": [143.56265999975, -35.3560700002571] },
      "properties": {
        "OBJECTID": 17282,
        "ufi": 27131413,
        "place_id": 7537,
        "name_id": 25779,
        "vicmap_id": 143960,
        "place_name": "SWAN HILL POLICE STATION",
        "feature_code": "POLS",
        "feature": "POLICE STATION",
        "name_status_code": "REG",
        "name_status": "REGISTERED",
        "longitude": 143.56266,
        "latitude": -35.35607,
        "registration_date": "1966-05-02",
        "gazette_published_date": null,
        "gazette_reference": null,
        "gazette_url": null,
        "aboriginal_origin": null,
        "gender": null,
        "create_date_ufi": 1721981533060
      }
    },
    {
      "type": "Feature",
      "id": 17356,
      "geometry": { "type": "Point", "coordinates": [144.681049999675, -37.8939599999461] },
      "properties": {
        "OBJECTID": 17356,
        "ufi": 27131542,
        "place_id": 29148,
        "name_id": 29033,
        "vicmap_id": 612322,
        "place_name": "WERRIBEE POLICE STATION",
        "feature_code": "POLS",
        "feature": "POLICE STATION",
        "name_status_code": "REG",
        "name_status": "REGISTERED",
        "longitude": 144.68105,
        "latitude": -37.89396,
        "registration_date": "1966-05-02",
        "gazette_published_date": null,
        "gazette_reference": null,
        "gazette_url": null,
        "aboriginal_origin": null,
        "gender": null,
        "create_date_ufi": 1721981533060
      }
    },
    {
      "type": "Feature",
      "id": 17362,
      "geometry": { "type": "Point", "coordinates": [144.52665000038, -37.3543899996528] },
      "properties": {
        "OBJECTID": 17362,
        "ufi": 27131548,
        "place_id": 29794,
        "name_id": 29942,
        "vicmap_id": 612698,
        "place_name": "WOODEND POLICE STATION",
        "feature_code": "POLS",
        "feature": "POLICE STATION",
        "name_status_code": "REG",
        "name_status": "REGISTERED",
        "longitude": 144.52665,
        "latitude": -37.35439,
        "registration_date": "1966-05-02",
        "gazette_published_date": null,
        "gazette_reference": null,
        "gazette_url": null,
        "aboriginal_origin": null,
        "gender": null,
        "create_date_ufi": 1721981533060
      }
    },
    {
      "type": "Feature",
      "id": 17437,
      "geometry": { "type": "Point", "coordinates": [146.962059999726, -36.7317799998547] },
      "properties": {
        "OBJECTID": 17437,
        "ufi": 27131639,
        "place_id": 11521,
        "name_id": 3423,
        "vicmap_id": 135828,
        "place_name": "BRIGHT POLICE STATION",
        "feature_code": "POLS",
        "feature": "POLICE STATION",
        "name_status_code": "REG",
        "name_status": "REGISTERED",
        "longitude": 146.96205999999998,
        "latitude": -36.73178,
        "registration_date": "1966-05-02",
        "gazette_published_date": null,
        "gazette_reference": null,
        "gazette_url": null,
        "aboriginal_origin": null,
        "gender": "Man",
        "create_date_ufi": 1721981533060
      }
    },
    {
      "type": "Feature",
      "id": 17444,
      "geometry": { "type": "Point", "coordinates": [144.999029999833, -37.9098500000462] },
      "properties": {
        "OBJECTID": 17444,
        "ufi": 27131647,
        "place_id": 11535,
        "name_id": 3440,
        "vicmap_id": null,
        "place_name": "BRIGHTON POLICE STATION",
        "feature_code": "POLS",
        "feature": "POLICE STATION",
        "name_status_code": "REG",
        "name_status": "REGISTERED",
        "longitude": 144.99903,
        "latitude": -37.90985,
        "registration_date": "1966-05-02",
        "gazette_published_date": null,
        "gazette_reference": null,
        "gazette_url": null,
        "aboriginal_origin": null,
        "gender": "No Gender",
        "create_date_ufi": 1721981533060
      }
    },
    {
      "type": "Feature",
      "id": 17496,
      "geometry": { "type": "Point", "coordinates": [141.655949999664, -36.333179999956] },
      "properties": {
        "OBJECTID": 17496,
        "ufi": 27131753,
        "place_id": 5854,
        "name_id": 19759,
        "vicmap_id": 141401,
        "place_name": "NHILL POLICE STATION",
        "feature_code": "POLS",
        "feature": "POLICE STATION",
        "name_status_code": "REG",
        "name_status": "REGISTERED",
        "longitude": 141.65595,
        "latitude": -36.33318,
        "registration_date": "1966-05-02",
        "gazette_published_date": null,
        "gazette_reference": null,
        "gazette_url": null,
        "aboriginal_origin": null,
        "gender": null,
        "create_date_ufi": 1721981533060
      }
    },
    {
      "type": "Feature",
      "id": 17520,
      "geometry": { "type": "Point", "coordinates": [141.007129999812, -38.0485500003126] },
      "properties": {
        "OBJECTID": 17520,
        "ufi": 27131779,
        "place_id": 5777,
        "name_id": 19556,
        "vicmap_id": null,
        "place_name": "NELSON POLICE STATION",
        "feature_code": "POLS",
        "feature": "POLICE STATION",
        "name_status_code": "H",
        "name_status": "HISTORICAL",
        "longitude": 141.00713000000002,
        "latitude": -38.04855,
        "registration_date": "1966-05-02",
        "gazette_published_date": null,
        "gazette_reference": null,
        "gazette_url": null,
        "aboriginal_origin": null,
        "gender": null,
        "create_date_ufi": 1721981533060
      }
    },
    {
      "type": "Feature",
      "id": 17794,
      "geometry": { "type": "Point", "coordinates": [145.84932999964, -38.1301999998578] },
      "properties": {
        "OBJECTID": 17794,
        "ufi": 27132089,
        "place_id": 14645,
        "name_id": 7866,
        "vicmap_id": 137291,
        "place_name": "DROUIN POLICE STATION",
        "feature_code": "POLS",
        "feature": "POLICE STATION",
        "name_status_code": "REG",
        "name_status": "REGISTERED",
        "longitude": 145.84933,
        "latitude": -38.1302,
        "registration_date": "1966-05-02",
        "gazette_published_date": null,
        "gazette_reference": null,
        "gazette_url": null,
        "aboriginal_origin": null,
        "gender": "Man",
        "create_date_ufi": 1721981533060
      }
    },
    {
      "type": "Feature",
      "id": 17907,
      "geometry": { "type": "Point", "coordinates": [141.0836300003, -36.9670499999792] },
      "properties": {
        "OBJECTID": 17907,
        "ufi": 27132228,
        "place_id": 134,
        "name_id": 474,
        "vicmap_id": 134862,
        "place_name": "APSLEY POLICE STATION",
        "feature_code": "POLS",
        "feature": "POLICE STATION",
        "name_status_code": "REG",
        "name_status": "REGISTERED",
        "longitude": 141.08363,
        "latitude": -36.96705,
        "registration_date": "1966-05-02",
        "gazette_published_date": null,
        "gazette_reference": null,
        "gazette_url": null,
        "aboriginal_origin": null,
        "gender": null,
        "create_date_ufi": 1721981533060
      }
    },
    {
      "type": "Feature",
      "id": 17927,
      "geometry": { "type": "Point", "coordinates": [143.921510000009, -35.7338899999666] },
      "properties": {
        "OBJECTID": 17927,
        "ufi": 27132265,
        "place_id": 4066,
        "name_id": 13385,
        "vicmap_id": 139398,
        "place_name": "KERANG POLICE STATION",
        "feature_code": "POLS",
        "feature": "POLICE STATION",
        "name_status_code": "REG",
        "name_status": "REGISTERED",
        "longitude": 143.92151,
        "latitude": -35.73389,
        "registration_date": "1966-05-02",
        "gazette_published_date": null,
        "gazette_reference": null,
        "gazette_url": null,
        "aboriginal_origin": null,
        "gender": null,
        "create_date_ufi": 1721981533060
      }
    },
    {
      "type": "Feature",
      "id": 17979,
      "geometry": { "type": "Point", "coordinates": [144.661019999681, -38.2700999996857] },
      "properties": {
        "OBJECTID": 17979,
        "ufi": 27132321,
        "place_id": 24028,
        "name_id": 22053,
        "vicmap_id": 142181,
        "place_name": "QUEENSCLIFF POLICE STATION",
        "feature_code": "POLS",
        "feature": "POLICE STATION",
        "name_status_code": "REG",
        "name_status": "REGISTERED",
        "longitude": 144.66102,
        "latitude": -38.2701,
        "registration_date": "1966-05-02",
        "gazette_published_date": null,
        "gazette_reference": null,
        "gazette_url": null,
        "aboriginal_origin": null,
        "gender": null,
        "create_date_ufi": 1721981533060
      }
    },
    {
      "type": "Feature",
      "id": 18003,
      "geometry": { "type": "Point", "coordinates": [145.285490000438, -37.8599200002465] },
      "properties": {
        "OBJECTID": 18003,
        "ufi": 27132350,
        "place_id": 11265,
        "name_id": 3040,
        "vicmap_id": 135732,
        "place_name": "BORONIA POLICE STATION",
        "feature_code": "POLS",
        "feature": "POLICE STATION",
        "name_status_code": "REG",
        "name_status": "REGISTERED",
        "longitude": 145.28549,
        "latitude": -37.85992,
        "registration_date": "1966-05-02",
        "gazette_published_date": null,
        "gazette_reference": null,
        "gazette_url": null,
        "aboriginal_origin": null,
        "gender": null,
        "create_date_ufi": 1721981533060
      }
    },
    {
      "type": "Feature",
      "id": 18059,
      "geometry": { "type": "Point", "coordinates": [142.201230000205, -36.7140499999362] },
      "properties": {
        "OBJECTID": 18059,
        "ufi": 27132411,
        "place_id": 3667,
        "name_id": 12044,
        "vicmap_id": 138880,
        "place_name": "HORSHAM POLICE STATION",
        "feature_code": "POLS",
        "feature": "POLICE STATION",
        "name_status_code": "REG",
        "name_status": "REGISTERED",
        "longitude": 142.20123,
        "latitude": -36.71405,
        "registration_date": "1966-05-02",
        "gazette_published_date": null,
        "gazette_reference": null,
        "gazette_url": null,
        "aboriginal_origin": null,
        "gender": null,
        "create_date_ufi": 1721981533060
      }
    },
    {
      "type": "Feature",
      "id": 18070,
      "geometry": { "type": "Point", "coordinates": [144.735489999866, -37.5798099997171] },
      "properties": {
        "OBJECTID": 18070,
        "ufi": 27132422,
        "place_id": 26724,
        "name_id": 25628,
        "vicmap_id": 143880,
        "place_name": "SUNBURY POLICE STATION",
        "feature_code": "POLS",
        "feature": "POLICE STATION",
        "name_status_code": "REG",
        "name_status": "REGISTERED",
        "longitude": 144.73549,
        "latitude": -37.57981,
        "registration_date": "1966-05-02",
        "gazette_published_date": null,
        "gazette_reference": null,
        "gazette_url": null,
        "aboriginal_origin": null,
        "gender": null,
        "create_date_ufi": 1721981533060
      }
    },
    {
      "type": "Feature",
      "id": 18096,
      "geometry": { "type": "Point", "coordinates": [142.882720000378, -35.0503499998124] },
      "properties": {
        "OBJECTID": 18096,
        "ufi": 27132449,
        "place_id": 4870,
        "name_id": 16071,
        "vicmap_id": 140273,
        "place_name": "MANANGATANG POLICE STATION",
        "feature_code": "POLS",
        "feature": "POLICE STATION",
        "name_status_code": "REG",
        "name_status": "REGISTERED",
        "longitude": 142.88272,
        "latitude": -35.05035,
        "registration_date": "1966-05-02",
        "gazette_published_date": null,
        "gazette_reference": null,
        "gazette_url": null,
        "aboriginal_origin": null,
        "gender": null,
        "create_date_ufi": 1721981533060
      }
    },
    {
      "type": "Feature",
      "id": 18370,
      "geometry": { "type": "Point", "coordinates": [143.631690000204, -35.4595400003584] },
      "properties": {
        "OBJECTID": 18370,
        "ufi": 27132751,
        "place_id": 4339,
        "name_id": 14171,
        "vicmap_id": 139747,
        "place_name": "LAKE BOGA POLICE STATION",
        "feature_code": "POLS",
        "feature": "POLICE STATION",
        "name_status_code": "REG",
        "name_status": "REGISTERED",
        "longitude": 143.63169,
        "latitude": -35.45954,
        "registration_date": "1966-05-02",
        "gazette_published_date": null,
        "gazette_reference": null,
        "gazette_url": null,
        "aboriginal_origin": null,
        "gender": null,
        "create_date_ufi": 1721981533060
      }
    },
    {
      "type": "Feature",
      "id": 18374,
      "geometry": { "type": "Point", "coordinates": [142.841270000319, -37.7114300002048] },
      "properties": {
        "OBJECTID": 18374,
        "ufi": 27132755,
        "place_id": 4344,
        "name_id": 14178,
        "vicmap_id": 139750,
        "place_name": "LAKE BOLAC POLICE STATION",
        "feature_code": "POLS",
        "feature": "POLICE STATION",
        "name_status_code": "REG",
        "name_status": "REGISTERED",
        "longitude": 142.84126999999998,
        "latitude": -37.71143,
        "registration_date": "1966-05-02",
        "gazette_published_date": null,
        "gazette_reference": null,
        "gazette_url": null,
        "aboriginal_origin": null,
        "gender": null,
        "create_date_ufi": 1721981533060
      }
    },
    {
      "type": "Feature",
      "id": 18425,
      "geometry": { "type": "Point", "coordinates": [145.160599999586, -37.6740799997474] },
      "properties": {
        "OBJECTID": 18425,
        "ufi": 27132816,
        "place_id": 14302,
        "name_id": 7401,
        "vicmap_id": 137176,
        "place_name": "DIAMOND CREEK POLICE STATION",
        "feature_code": "POLS",
        "feature": "POLICE STATION",
        "name_status_code": "REG",
        "name_status": "REGISTERED",
        "longitude": 145.1606,
        "latitude": -37.67408,
        "registration_date": "1966-05-02",
        "gazette_published_date": null,
        "gazette_reference": null,
        "gazette_url": null,
        "aboriginal_origin": null,
        "gender": null,
        "create_date_ufi": 1721981533060
      }
    },
    {
      "type": "Feature",
      "id": 18586,
      "geometry": { "type": "Point", "coordinates": [142.367879999839, -38.2925800000753] },
      "properties": {
        "OBJECTID": 18586,
        "ufi": 27132998,
        "place_id": 4228,
        "name_id": 13897,
        "vicmap_id": 139656,
        "place_name": "KOROIT POLICE STATION",
        "feature_code": "POLS",
        "feature": "POLICE STATION",
        "name_status_code": "REG",
        "name_status": "REGISTERED",
        "longitude": 142.36787999999999,
        "latitude": -38.292579999999994,
        "registration_date": "1966-05-02",
        "gazette_published_date": null,
        "gazette_reference": null,
        "gazette_url": null,
        "aboriginal_origin": null,
        "gender": null,
        "create_date_ufi": 1721981533060
      }
    },
    {
      "type": "Feature",
      "id": 18611,
      "geometry": { "type": "Point", "coordinates": [143.633650000186, -38.0316900000218] },
      "properties": {
        "OBJECTID": 18611,
        "ufi": 27133027,
        "place_id": 2069,
        "name_id": 6524,
        "vicmap_id": 136908,
        "place_name": "CRESSY POLICE STATION",
        "feature_code": "POLS",
        "feature": "POLICE STATION",
        "name_status_code": "REG",
        "name_status": "REGISTERED",
        "longitude": 143.63365,
        "latitude": -38.03169,
        "registration_date": "1966-05-02",
        "gazette_published_date": null,
        "gazette_reference": null,
        "gazette_url": null,
        "aboriginal_origin": null,
        "gender": "No Gender",
        "create_date_ufi": 1721981533060
      }
    },
    {
      "type": "Feature",
      "id": 18696,
      "geometry": { "type": "Point", "coordinates": [143.716629999773, -38.5210099999204] },
      "properties": {
        "OBJECTID": 18696,
        "ufi": 27133145,
        "place_id": 2839,
        "name_id": 9363,
        "vicmap_id": 137813,
        "place_name": "FORREST POLICE STATION",
        "feature_code": "POLS",
        "feature": "POLICE STATION",
        "name_status_code": "REG",
        "name_status": "REGISTERED",
        "longitude": 143.71663,
        "latitude": -38.521010000000004,
        "registration_date": "1966-05-02",
        "gazette_published_date": null,
        "gazette_reference": null,
        "gazette_url": null,
        "aboriginal_origin": null,
        "gender": "Man",
        "create_date_ufi": 1721981533060
      }
    },
    {
      "type": "Feature",
      "id": 18746,
      "geometry": { "type": "Point", "coordinates": [143.333760000132, -35.187349999989] },
      "properties": {
        "OBJECTID": 18746,
        "ufi": 27133215,
        "place_id": 5991,
        "name_id": 20233,
        "vicmap_id": null,
        "place_name": "NYAH POLICE STATION",
        "feature_code": "POLS",
        "feature": "POLICE STATION",
        "name_status_code": "REG",
        "name_status": "REGISTERED",
        "longitude": 143.33375999999998,
        "latitude": -35.18735,
        "registration_date": "1966-05-02",
        "gazette_published_date": null,
        "gazette_reference": null,
        "gazette_url": null,
        "aboriginal_origin": null,
        "gender": null,
        "create_date_ufi": 1721981533060
      }
    },
    {
      "type": "Feature",
      "id": 18782,
      "geometry": { "type": "Point", "coordinates": [142.345049999613, -37.6499700002125] },
      "properties": {
        "OBJECTID": 18782,
        "ufi": 27133251,
        "place_id": 2523,
        "name_id": 8047,
        "vicmap_id": 137328,
        "place_name": "DUNKELD POLICE STATION",
        "feature_code": "POLS",
        "feature": "POLICE STATION",
        "name_status_code": "REG",
        "name_status": "REGISTERED",
        "longitude": 142.34505,
        "latitude": -37.64997,
        "registration_date": "1966-05-02",
        "gazette_published_date": null,
        "gazette_reference": null,
        "gazette_url": null,
        "aboriginal_origin": null,
        "gender": null,
        "create_date_ufi": 1721981533060
      }
    },
    {
      "type": "Feature",
      "id": 18802,
      "geometry": { "type": "Point", "coordinates": [144.255699999755, -36.7198499999926] },
      "properties": {
        "OBJECTID": 18802,
        "ufi": 27133273,
        "place_id": 14841,
        "name_id": 8179,
        "vicmap_id": null,
        "place_name": "EAGLEHAWK POLICE STATION",
        "feature_code": "POLS",
        "feature": "POLICE STATION",
        "name_status_code": "REG",
        "name_status": "REGISTERED",
        "longitude": 144.2557,
        "latitude": -36.71985,
        "registration_date": "1966-05-02",
        "gazette_published_date": null,
        "gazette_reference": null,
        "gazette_url": null,
        "aboriginal_origin": null,
        "gender": null,
        "create_date_ufi": 1721981533060
      }
    },
    {
      "type": "Feature",
      "id": 19041,
      "geometry": { "type": "Point", "coordinates": [145.685710000391, -36.3304399997285] },
      "properties": {
        "OBJECTID": 19041,
        "ufi": 27133561,
        "place_id": 14534,
        "name_id": 7733,
        "vicmap_id": 137251,
        "place_name": "DOOKIE POLICE STATION",
        "feature_code": "POLS",
        "feature": "POLICE STATION",
        "name_status_code": "REG",
        "name_status": "REGISTERED",
        "longitude": 145.68571,
        "latitude": -36.330439999999996,
        "registration_date": "1966-05-02",
        "gazette_published_date": null,
        "gazette_reference": null,
        "gazette_url": null,
        "aboriginal_origin": null,
        "gender": null,
        "create_date_ufi": 1721981533060
      }
    },
    {
      "type": "Feature",
      "id": 19086,
      "geometry": { "type": "Point", "coordinates": [145.278499999905, -37.799199999865] },
      "properties": {
        "OBJECTID": 19086,
        "ufi": 27133611,
        "place_id": 13756,
        "name_id": 6639,
        "vicmap_id": 136932,
        "place_name": "CROYDON POLICE STATION",
        "feature_code": "POLS",
        "feature": "POLICE STATION",
        "name_status_code": "REG",
        "name_status": "REGISTERED",
        "longitude": 145.2785,
        "latitude": -37.7992,
        "registration_date": "1966-05-02",
        "gazette_published_date": null,
        "gazette_reference": null,
        "gazette_url": null,
        "aboriginal_origin": null,
        "gender": null,
        "create_date_ufi": 1721981533060
      }
    },
    {
      "type": "Feature",
      "id": 19181,
      "geometry": { "type": "Point", "coordinates": [148.455999999944, -37.7066400001133] },
      "properties": {
        "OBJECTID": 19181,
        "ufi": 27133734,
        "place_id": 23038,
        "name_id": 20532,
        "vicmap_id": 141678,
        "place_name": "ORBOST POLICE STATION",
        "feature_code": "POLS",
        "feature": "POLICE STATION",
        "name_status_code": "REG",
        "name_status": "REGISTERED",
        "longitude": 148.456,
        "latitude": -37.70664,
        "registration_date": "1966-05-02",
        "gazette_published_date": null,
        "gazette_reference": null,
        "gazette_url": null,
        "aboriginal_origin": null,
        "gender": null,
        "create_date_ufi": 1721981533060
      }
    },
    {
      "type": "Feature",
      "id": 20532,
      "geometry": { "type": "Point", "coordinates": [143.723420000289, -36.1160500002759] },
      "properties": {
        "OBJECTID": 20532,
        "ufi": 27116566,
        "place_id": 922,
        "name_id": 2998,
        "vicmap_id": 135712,
        "place_name": "BOORT POLICE STATION",
        "feature_code": "POLS",
        "feature": "POLICE STATION",
        "name_status_code": "REG",
        "name_status": "REGISTERED",
        "longitude": 143.72342,
        "latitude": -36.11605,
        "registration_date": "1966-05-02",
        "gazette_published_date": null,
        "gazette_reference": null,
        "gazette_url": null,
        "aboriginal_origin": null,
        "gender": null,
        "create_date_ufi": 1721981514823
      }
    },
    {
      "type": "Feature",
      "id": 20606,
      "geometry": { "type": "Point", "coordinates": [147.994550000183, -37.877220000078] },
      "properties": {
        "OBJECTID": 20606,
        "ufi": 27116699,
        "place_id": 19196,
        "name_id": 14494,
        "vicmap_id": 139768,
        "place_name": "LAKES ENTRANCE POLICE STATION",
        "feature_code": "POLS",
        "feature": "POLICE STATION",
        "name_status_code": "REG",
        "name_status": "REGISTERED",
        "longitude": 147.99454999999998,
        "latitude": -37.87722,
        "registration_date": "1966-05-02",
        "gazette_published_date": null,
        "gazette_reference": null,
        "gazette_url": null,
        "aboriginal_origin": null,
        "gender": null,
        "create_date_ufi": 1721981514823
      }
    },
    {
      "type": "Feature",
      "id": 20621,
      "geometry": { "type": "Point", "coordinates": [141.182659999642, -35.2640899996722] },
      "properties": {
        "OBJECTID": 20621,
        "ufi": 27116717,
        "place_id": 5592,
        "name_id": 19052,
        "vicmap_id": 141156,
        "place_name": "MURRAYVILLE POLICE STATION",
        "feature_code": "POLS",
        "feature": "POLICE STATION",
        "name_status_code": "REG",
        "name_status": "REGISTERED",
        "longitude": 141.18266,
        "latitude": -35.26409,
        "registration_date": "1966-05-02",
        "gazette_published_date": null,
        "gazette_reference": null,
        "gazette_url": null,
        "aboriginal_origin": null,
        "gender": "Man",
        "create_date_ufi": 1721981514823
      }
    },
    {
      "type": "Feature",
      "id": 20637,
      "geometry": { "type": "Point", "coordinates": [142.46988000019, -36.6167099999839] },
      "properties": {
        "OBJECTID": 20637,
        "ufi": 27116734,
        "place_id": 5611,
        "name_id": 19098,
        "vicmap_id": 141174,
        "place_name": "MURTOA POLICE STATION",
        "feature_code": "POLS",
        "feature": "POLICE STATION",
        "name_status_code": "REG",
        "name_status": "REGISTERED",
        "longitude": 142.46988,
        "latitude": -36.616710000000005,
        "registration_date": "1966-05-02",
        "gazette_published_date": null,
        "gazette_reference": null,
        "gazette_url": null,
        "aboriginal_origin": null,
        "gender": null,
        "create_date_ufi": 1721981514823
      }
    },
    {
      "type": "Feature",
      "id": 20728,
      "geometry": { "type": "Point", "coordinates": [144.736279999886, -37.278520000356] },
      "properties": {
        "OBJECTID": 20728,
        "ufi": 27116877,
        "place_id": 19246,
        "name_id": 14570,
        "vicmap_id": 139799,
        "place_name": "LANCEFIELD POLICE STATION",
        "feature_code": "POLS",
        "feature": "POLICE STATION",
        "name_status_code": "REG",
        "name_status": "REGISTERED",
        "longitude": 144.73628,
        "latitude": -37.27852,
        "registration_date": "1966-05-02",
        "gazette_published_date": null,
        "gazette_reference": null,
        "gazette_url": null,
        "aboriginal_origin": null,
        "gender": null,
        "create_date_ufi": 1721981514823
      }
    },
    {
      "type": "Feature",
      "id": 20747,
      "geometry": { "type": "Point", "coordinates": [144.451750000025, -37.2476600000376] },
      "properties": {
        "OBJECTID": 20747,
        "ufi": 27116905,
        "place_id": 19110,
        "name_id": 14044,
        "vicmap_id": 139717,
        "place_name": "KYNETON POLICE STATION",
        "feature_code": "POLS",
        "feature": "POLICE STATION",
        "name_status_code": "REG",
        "name_status": "REGISTERED",
        "longitude": 144.45174999999998,
        "latitude": -37.247659999999996,
        "registration_date": "1966-05-02",
        "gazette_published_date": null,
        "gazette_reference": null,
        "gazette_url": null,
        "aboriginal_origin": null,
        "gender": null,
        "create_date_ufi": 1721981514823
      }
    },
    {
      "type": "Feature",
      "id": 20958,
      "geometry": { "type": "Point", "coordinates": [141.292869999819, -37.0363800003285] },
      "properties": {
        "OBJECTID": 20958,
        "ufi": 27117199,
        "place_id": 2633,
        "name_id": 8335,
        "vicmap_id": 137442,
        "place_name": "EDENHOPE POLICE STATION",
        "feature_code": "POLS",
        "feature": "POLICE STATION",
        "name_status_code": "REG",
        "name_status": "REGISTERED",
        "longitude": 141.29287,
        "latitude": -37.036379999999994,
        "registration_date": "1966-05-02",
        "gazette_published_date": null,
        "gazette_reference": null,
        "gazette_url": null,
        "aboriginal_origin": null,
        "gender": null,
        "create_date_ufi": 1721981514823
      }
    },
    {
      "type": "Feature",
      "id": 21010,
      "geometry": { "type": "Point", "coordinates": [141.597530000132, -34.3873600001011] },
      "properties": {
        "OBJECTID": 21010,
        "ufi": 27117259,
        "place_id": 8543,
        "name_id": 29049,
        "vicmap_id": 612333,
        "place_name": "WERRIMULL POLICE STATION",
        "feature_code": "POLS",
        "feature": "POLICE STATION",
        "name_status_code": "REG",
        "name_status": "REGISTERED",
        "longitude": 141.59753,
        "latitude": -34.38736,
        "registration_date": "1966-05-02",
        "gazette_published_date": null,
        "gazette_reference": null,
        "gazette_url": null,
        "aboriginal_origin": null,
        "gender": null,
        "create_date_ufi": 1721981514823
      }
    },
    {
      "type": "Feature",
      "id": 21107,
      "geometry": { "type": "Point", "coordinates": [141.471690000325, -36.7185600000977] },
      "properties": {
        "OBJECTID": 21107,
        "ufi": 27117361,
        "place_id": 3183,
        "name_id": 10513,
        "vicmap_id": 138271,
        "place_name": "GOROKE POLICE STATION",
        "feature_code": "POLS",
        "feature": "POLICE STATION",
        "name_status_code": "REG",
        "name_status": "REGISTERED",
        "longitude": 141.47169,
        "latitude": -36.71856,
        "registration_date": "1966-05-02",
        "gazette_published_date": null,
        "gazette_reference": null,
        "gazette_url": null,
        "aboriginal_origin": null,
        "gender": null,
        "create_date_ufi": 1721981514823
      }
    },
    {
      "type": "Feature",
      "id": 21237,
      "geometry": { "type": "Point", "coordinates": [145.747809999688, -37.5104999997899] },
      "properties": {
        "OBJECTID": 21237,
        "ufi": 27117513,
        "place_id": 20497,
        "name_id": 16302,
        "vicmap_id": 765075,
        "place_name": "MARYSVILLE POLICE STATION",
        "feature_code": "POLS",
        "feature": "POLICE STATION",
        "name_status_code": "REG",
        "name_status": "REGISTERED",
        "longitude": 145.74781000000002,
        "latitude": -37.5105,
        "registration_date": "1966-05-02",
        "gazette_published_date": null,
        "gazette_reference": null,
        "gazette_url": null,
        "aboriginal_origin": null,
        "gender": null,
        "create_date_ufi": 1721981514823
      }
    },
    {
      "type": "Feature",
      "id": 21423,
      "geometry": { "type": "Point", "coordinates": [143.250510000209, -37.180830000119] },
      "properties": {
        "OBJECTID": 21423,
        "ufi": 27117726,
        "place_id": 2680,
        "name_id": 8487,
        "vicmap_id": 137512,
        "place_name": "ELMHURST POLICE STATION",
        "feature_code": "POLS",
        "feature": "POLICE STATION",
        "name_status_code": "REG",
        "name_status": "REGISTERED",
        "longitude": 143.25051,
        "latitude": -37.18083,
        "registration_date": "1966-05-02",
        "gazette_published_date": null,
        "gazette_reference": null,
        "gazette_url": null,
        "aboriginal_origin": null,
        "gender": null,
        "create_date_ufi": 1721981514823
      }
    },
    {
      "type": "Feature",
      "id": 23981,
      "geometry": { "type": "Point", "coordinates": [144.318060000242, -38.3254999999071] },
      "properties": {
        "OBJECTID": 23981,
        "ufi": 27123740,
        "place_id": 28065,
        "name_id": 27372,
        "vicmap_id": 144518,
        "place_name": "TORQUAY POLICE STATION",
        "feature_code": "POLS",
        "feature": "POLICE STATION",
        "name_status_code": "REG",
        "name_status": "REGISTERED",
        "longitude": 144.31806,
        "latitude": -38.3255,
        "registration_date": "1966-05-02",
        "gazette_published_date": null,
        "gazette_reference": null,
        "gazette_url": null,
        "aboriginal_origin": null,
        "gender": null,
        "create_date_ufi": 1721981514823
      }
    },
    {
      "type": "Feature",
      "id": 24188,
      "geometry": { "type": "Point", "coordinates": [145.707779999835, -37.1886199997727] },
      "properties": {
        "OBJECTID": 24188,
        "ufi": 27123981,
        "place_id": 9257,
        "name_id": 188,
        "vicmap_id": 134710,
        "place_name": "ALEXANDRA POLICE STATION",
        "feature_code": "POLS",
        "feature": "POLICE STATION",
        "name_status_code": "REG",
        "name_status": "REGISTERED",
        "longitude": 145.70777999999999,
        "latitude": -37.18862,
        "registration_date": "1966-05-02",
        "gazette_published_date": null,
        "gazette_reference": null,
        "gazette_url": null,
        "aboriginal_origin": null,
        "gender": null,
        "create_date_ufi": 1721981514823
      }
    },
    {
      "type": "Feature",
      "id": 24241,
      "geometry": { "type": "Point", "coordinates": [145.34680999976, -38.0342900002862] },
      "properties": {
        "OBJECTID": 24241,
        "ufi": 27124039,
        "place_id": 10573,
        "name_id": 2071,
        "vicmap_id": null,
        "place_name": "BERWICK POLICE STATION",
        "feature_code": "POLS",
        "feature": "POLICE STATION",
        "name_status_code": "REG",
        "name_status": "REGISTERED",
        "longitude": 145.34681,
        "latitude": -38.03429,
        "registration_date": "1966-05-02",
        "gazette_published_date": null,
        "gazette_reference": null,
        "gazette_url": null,
        "aboriginal_origin": null,
        "gender": "No Gender",
        "create_date_ufi": 1721981514823
      }
    },
    {
      "type": "Feature",
      "id": 24244,
      "geometry": { "type": "Point", "coordinates": [144.267000000241, -36.7669799998872] },
      "properties": {
        "OBJECTID": 24244,
        "ufi": 27124042,
        "place_id": 10469,
        "name_id": 1926,
        "vicmap_id": 135422,
        "place_name": "BENDIGO POLICE STATION",
        "feature_code": "POLS",
        "feature": "POLICE STATION",
        "name_status_code": "REG",
        "name_status": "REGISTERED",
        "longitude": 144.267,
        "latitude": -36.76698,
        "registration_date": "1966-05-02",
        "gazette_published_date": null,
        "gazette_reference": null,
        "gazette_url": null,
        "aboriginal_origin": null,
        "gender": null,
        "create_date_ufi": 1721981514823
      }
    },
    {
      "type": "Feature",
      "id": 24273,
      "geometry": { "type": "Point", "coordinates": [143.571259999563, -38.6381799999251] },
      "properties": {
        "OBJECTID": 24273,
        "ufi": 27124079,
        "place_id": 566,
        "name_id": 1698,
        "vicmap_id": null,
        "place_name": "BEECH FOREST POLICE STATION",
        "feature_code": "POLS",
        "feature": "POLICE STATION",
        "name_status_code": "REG",
        "name_status": "REGISTERED",
        "longitude": 143.57126,
        "latitude": -38.63818,
        "registration_date": "1966-05-02",
        "gazette_published_date": null,
        "gazette_reference": null,
        "gazette_url": null,
        "aboriginal_origin": null,
        "gender": "No Gender",
        "create_date_ufi": 1721981514823
      }
    },
    {
      "type": "Feature",
      "id": 24362,
      "geometry": { "type": "Point", "coordinates": [145.00009000019, -37.8478199999325] },
      "properties": {
        "OBJECTID": 24362,
        "ufi": 27124179,
        "place_id": 23839,
        "name_id": 21779,
        "vicmap_id": 142083,
        "place_name": "PRAHRAN POLICE STATION",
        "feature_code": "POLS",
        "feature": "POLICE STATION",
        "name_status_code": "REG",
        "name_status": "REGISTERED",
        "longitude": 145.00009,
        "latitude": -37.84782,
        "registration_date": "1966-05-02",
        "gazette_published_date": null,
        "gazette_reference": null,
        "gazette_url": null,
        "aboriginal_origin": null,
        "gender": null,
        "create_date_ufi": 1721981514823
      }
    },
    {
      "type": "Feature",
      "id": 24421,
      "geometry": { "type": "Point", "coordinates": [145.00375999991, -37.947900000194] },
      "properties": {
        "OBJECTID": 24421,
        "ufi": 27124238,
        "place_id": 25138,
        "name_id": 23588,
        "vicmap_id": null,
        "place_name": "SANDRINGHAM POLICE STATION",
        "feature_code": "POLS",
        "feature": "POLICE STATION",
        "name_status_code": "REG",
        "name_status": "REGISTERED",
        "longitude": 145.00376,
        "latitude": -37.9479,
        "registration_date": "1966-05-02",
        "gazette_published_date": null,
        "gazette_reference": null,
        "gazette_url": null,
        "aboriginal_origin": null,
        "gender": "No Gender",
        "create_date_ufi": 1721981514823
      }
    },
    {
      "type": "Feature",
      "id": 24557,
      "geometry": { "type": "Point", "coordinates": [145.00594, -37.7391599997504] },
      "properties": {
        "OBJECTID": 24557,
        "ufi": 27124390,
        "place_id": 23869,
        "name_id": 21809,
        "vicmap_id": 142096,
        "place_name": "PRESTON POLICE STATION",
        "feature_code": "POLS",
        "feature": "POLICE STATION",
        "name_status_code": "REG",
        "name_status": "REGISTERED",
        "longitude": 145.00594,
        "latitude": -37.73916,
        "registration_date": "1966-05-02",
        "gazette_published_date": null,
        "gazette_reference": null,
        "gazette_url": null,
        "aboriginal_origin": null,
        "gender": null,
        "create_date_ufi": 1721981514823
      }
    },
    {
      "type": "Feature",
      "id": 24562,
      "geometry": { "type": "Point", "coordinates": [144.940699999815, -37.840399999705] },
      "properties": {
        "OBJECTID": 24562,
        "ufi": 27124395,
        "place_id": 23769,
        "name_id": 21657,
        "vicmap_id": null,
        "place_name": "PORT MELBOURNE POLICE STATION",
        "feature_code": "POLS",
        "feature": "POLICE STATION",
        "name_status_code": "REG",
        "name_status": "REGISTERED",
        "longitude": 144.9407,
        "latitude": -37.8404,
        "registration_date": "1966-05-02",
        "gazette_published_date": null,
        "gazette_reference": null,
        "gazette_url": null,
        "aboriginal_origin": null,
        "gender": null,
        "create_date_ufi": 1721981514823
      }
    },
    {
      "type": "Feature",
      "id": 24567,
      "geometry": { "type": "Point", "coordinates": [144.657889999736, -38.1153300001226] },
      "properties": {
        "OBJECTID": 24567,
        "ufi": 27124402,
        "place_id": 23777,
        "name_id": 21667,
        "vicmap_id": 142060,
        "place_name": "PORTARLINGTON POLICE STATION",
        "feature_code": "POLS",
        "feature": "POLICE STATION",
        "name_status_code": "REG",
        "name_status": "REGISTERED",
        "longitude": 144.65789,
        "latitude": -38.11533,
        "registration_date": "1966-05-02",
        "gazette_published_date": null,
        "gazette_reference": null,
        "gazette_url": null,
        "aboriginal_origin": null,
        "gender": null,
        "create_date_ufi": 1721981514823
      }
    },
    {
      "type": "Feature",
      "id": 24596,
      "geometry": { "type": "Point", "coordinates": [145.081259999582, -37.8112400001058] },
      "properties": {
        "OBJECTID": 24596,
        "ufi": 27124433,
        "place_id": 9904,
        "name_id": 1143,
        "vicmap_id": null,
        "place_name": "BALWYN POLICE STATION",
        "feature_code": "POLS",
        "feature": "POLICE STATION",
        "name_status_code": "REG",
        "name_status": "REGISTERED",
        "longitude": 145.08126,
        "latitude": -37.81124,
        "registration_date": "1966-05-02",
        "gazette_published_date": null,
        "gazette_reference": null,
        "gazette_url": null,
        "aboriginal_origin": null,
        "gender": "No Gender",
        "create_date_ufi": 1721981514823
      }
    },
    {
      "type": "Feature",
      "id": 24636,
      "geometry": { "type": "Point", "coordinates": [143.870060000021, -36.5757099996754] },
      "properties": {
        "OBJECTID": 24636,
        "ufi": 27124484,
        "place_id": 3720,
        "name_id": 12298,
        "vicmap_id": 138991,
        "place_name": "INGLEWOOD POLICE STATION",
        "feature_code": "POLS",
        "feature": "POLICE STATION",
        "name_status_code": "REG",
        "name_status": "REGISTERED",
        "longitude": 143.87006,
        "latitude": -36.57571,
        "registration_date": "1966-05-02",
        "gazette_published_date": null,
        "gazette_reference": null,
        "gazette_url": null,
        "aboriginal_origin": null,
        "gender": null,
        "create_date_ufi": 1721981514823
      }
    },
    {
      "type": "Feature",
      "id": 24679,
      "geometry": { "type": "Point", "coordinates": [145.035699999587, -37.8231799996687] },
      "properties": {
        "OBJECTID": 24679,
        "ufi": 27124535,
        "place_id": 17227,
        "name_id": 11409,
        "vicmap_id": null,
        "place_name": "HAWTHORN POLICE STATION",
        "feature_code": "POLS",
        "feature": "POLICE STATION",
        "name_status_code": "REG",
        "name_status": "REGISTERED",
        "longitude": 145.0357,
        "latitude": -37.823179999999994,
        "registration_date": "1966-05-02",
        "gazette_published_date": null,
        "gazette_reference": null,
        "gazette_url": null,
        "aboriginal_origin": null,
        "gender": "Man",
        "create_date_ufi": 1721981514823
      }
    },
    {
      "type": "Feature",
      "id": 24766,
      "geometry": { "type": "Point", "coordinates": [147.635960000215, -37.8258500003358] },
      "properties": {
        "OBJECTID": 24766,
        "ufi": 27124640,
        "place_id": 9735,
        "name_id": 897,
        "vicmap_id": 135054,
        "place_name": "BAIRNSDALE POLICE STATION",
        "feature_code": "POLS",
        "feature": "POLICE STATION",
        "name_status_code": "REG",
        "name_status": "REGISTERED",
        "longitude": 147.63595999999998,
        "latitude": -37.82585,
        "registration_date": "1966-05-02",
        "gazette_published_date": null,
        "gazette_reference": null,
        "gazette_url": null,
        "aboriginal_origin": null,
        "gender": null,
        "create_date_ufi": 1721981514823
      }
    },
    {
      "type": "Feature",
      "id": 24882,
      "geometry": { "type": "Point", "coordinates": [144.709139999708, -36.9216999999857] },
      "properties": {
        "OBJECTID": 24882,
        "ufi": 27124767,
        "place_id": 17302,
        "name_id": 11496,
        "vicmap_id": 138635,
        "place_name": "HEATHCOTE POLICE STATION",
        "feature_code": "POLS",
        "feature": "POLICE STATION",
        "name_status_code": "REG",
        "name_status": "REGISTERED",
        "longitude": 144.70914000000002,
        "latitude": -36.9217,
        "registration_date": "1966-05-02",
        "gazette_published_date": null,
        "gazette_reference": null,
        "gazette_url": null,
        "aboriginal_origin": null,
        "gender": null,
        "create_date_ufi": 1721981514823
      }
    },
    {
      "type": "Feature",
      "id": 24937,
      "geometry": { "type": "Point", "coordinates": [145.212909999915, -37.7408700000445] },
      "properties": {
        "OBJECTID": 24937,
        "ufi": 27124829,
        "place_id": 28901,
        "name_id": 28616,
        "vicmap_id": 612171,
        "place_name": "WARRANDYTE POLICE STATION",
        "feature_code": "POLS",
        "feature": "POLICE STATION",
        "name_status_code": "REG",
        "name_status": "REGISTERED",
        "longitude": 145.21291,
        "latitude": -37.74087,
        "registration_date": "1966-05-02",
        "gazette_published_date": null,
        "gazette_reference": null,
        "gazette_url": null,
        "aboriginal_origin": null,
        "gender": null,
        "create_date_ufi": 1721981514823
      }
    },
    {
      "type": "Feature",
      "id": 24959,
      "geometry": { "type": "Point", "coordinates": [145.08624999995, -38.0037600001209] },
      "properties": {
        "OBJECTID": 24959,
        "ufi": 27124853,
        "place_id": 21509,
        "name_id": 17670,
        "vicmap_id": 140905,
        "place_name": "MORDIALLOC POLICE STATION",
        "feature_code": "POLS",
        "feature": "POLICE STATION",
        "name_status_code": "REG",
        "name_status": "REGISTERED",
        "longitude": 145.08624999999998,
        "latitude": -38.00376,
        "registration_date": "1966-05-02",
        "gazette_published_date": null,
        "gazette_reference": null,
        "gazette_url": null,
        "aboriginal_origin": null,
        "gender": null,
        "create_date_ufi": 1721981514823
      }
    },
    {
      "type": "Feature",
      "id": 25102,
      "geometry": { "type": "Point", "coordinates": [145.027640000447, -37.7401300003454] },
      "properties": {
        "OBJECTID": 25102,
        "ufi": 27125024,
        "place_id": 23860,
        "name_id": 21800,
        "vicmap_id": null,
        "place_name": "PRESTON EAST POLICE STATION",
        "feature_code": "POLS",
        "feature": "POLICE STATION",
        "name_status_code": "REG",
        "name_status": "REGISTERED",
        "longitude": 145.02764000000002,
        "latitude": -37.74013,
        "registration_date": "1966-05-02",
        "gazette_published_date": null,
        "gazette_reference": null,
        "gazette_url": null,
        "aboriginal_origin": null,
        "gender": null,
        "create_date_ufi": 1721981514823
      }
    },
    {
      "type": "Feature",
      "id": 25184,
      "geometry": { "type": "Point", "coordinates": [144.113070000401, -36.0549699997888] },
      "properties": {
        "OBJECTID": 25184,
        "ufi": 27125112,
        "place_id": 23983,
        "name_id": 21972,
        "vicmap_id": 142163,
        "place_name": "PYRAMID HILL POLICE STATION",
        "feature_code": "POLS",
        "feature": "POLICE STATION",
        "name_status_code": "REG",
        "name_status": "REGISTERED",
        "longitude": 144.11307,
        "latitude": -36.054970000000004,
        "registration_date": "1966-05-02",
        "gazette_published_date": null,
        "gazette_reference": null,
        "gazette_url": null,
        "aboriginal_origin": null,
        "gender": null,
        "create_date_ufi": 1721981514823
      }
    },
    {
      "type": "Feature",
      "id": 25204,
      "geometry": { "type": "Point", "coordinates": [147.720970000104, -37.2621199998253] },
      "properties": {
        "OBJECTID": 25204,
        "ufi": 27125132,
        "place_id": 26869,
        "name_id": 25832,
        "vicmap_id": 143985,
        "place_name": "SWIFTS CREEK POLICE STATION",
        "feature_code": "POLS",
        "feature": "POLICE STATION",
        "name_status_code": "REG",
        "name_status": "REGISTERED",
        "longitude": 147.72097,
        "latitude": -37.262119999999996,
        "registration_date": "1966-05-02",
        "gazette_published_date": null,
        "gazette_reference": null,
        "gazette_url": null,
        "aboriginal_origin": null,
        "gender": null,
        "create_date_ufi": 1721981514823
      }
    },
    {
      "type": "Feature",
      "id": 25277,
      "geometry": { "type": "Point", "coordinates": [144.064880000053, -36.9954700001557] },
      "properties": {
        "OBJECTID": 25277,
        "ufi": 27125216,
        "place_id": 20281,
        "name_id": 16004,
        "vicmap_id": 140244,
        "place_name": "MALDON POLICE STATION",
        "feature_code": "POLS",
        "feature": "POLICE STATION",
        "name_status_code": "REG",
        "name_status": "REGISTERED",
        "longitude": 144.06488,
        "latitude": -36.995470000000005,
        "registration_date": "1966-05-02",
        "gazette_published_date": null,
        "gazette_reference": null,
        "gazette_url": null,
        "aboriginal_origin": null,
        "gender": null,
        "create_date_ufi": 1721981514823
      }
    },
    {
      "type": "Feature",
      "id": 25291,
      "geometry": { "type": "Point", "coordinates": [149.755279999963, -37.5586199999249] },
      "properties": {
        "OBJECTID": 25291,
        "ufi": 27125232,
        "place_id": 20295,
        "name_id": 16019,
        "vicmap_id": 140251,
        "place_name": "MALLACOOTA POLICE STATION",
        "feature_code": "POLS",
        "feature": "POLICE STATION",
        "name_status_code": "REG",
        "name_status": "REGISTERED",
        "longitude": 149.75528,
        "latitude": -37.55862,
        "registration_date": "1966-05-02",
        "gazette_published_date": null,
        "gazette_reference": null,
        "gazette_url": null,
        "aboriginal_origin": null,
        "gender": null,
        "create_date_ufi": 1721981514823
      }
    },
    {
      "type": "Feature",
      "id": 25338,
      "geometry": { "type": "Point", "coordinates": [146.414250000188, -36.7639400003141] },
      "properties": {
        "OBJECTID": 25338,
        "ufi": 27125281,
        "place_id": 29378,
        "name_id": 29336,
        "vicmap_id": 612423,
        "place_name": "WHITFIELD POLICE STATION",
        "feature_code": "POLS",
        "feature": "POLICE STATION",
        "name_status_code": "REG",
        "name_status": "REGISTERED",
        "longitude": 146.41424999999998,
        "latitude": -36.76394,
        "registration_date": "1966-05-02",
        "gazette_published_date": null,
        "gazette_reference": null,
        "gazette_url": null,
        "aboriginal_origin": null,
        "gender": null,
        "create_date_ufi": 1721981514823
      }
    },
    {
      "type": "Feature",
      "id": 25348,
      "geometry": { "type": "Point", "coordinates": [145.118629999843, -37.5101499997477] },
      "properties": {
        "OBJECTID": 25348,
        "ufi": 27125291,
        "place_id": 29391,
        "name_id": 29352,
        "vicmap_id": 612428,
        "place_name": "WHITTLESEA POLICE STATION",
        "feature_code": "POLS",
        "feature": "POLICE STATION",
        "name_status_code": "REG",
        "name_status": "REGISTERED",
        "longitude": 145.11863,
        "latitude": -37.51015,
        "registration_date": "1966-05-02",
        "gazette_published_date": null,
        "gazette_reference": null,
        "gazette_url": null,
        "aboriginal_origin": null,
        "gender": null,
        "create_date_ufi": 1721981514823
      }
    },
    {
      "type": "Feature",
      "id": 25447,
      "geometry": { "type": "Point", "coordinates": [144.859450000057, -37.7557199998852] },
      "properties": {
        "OBJECTID": 25447,
        "ufi": 27125396,
        "place_id": 9620,
        "name_id": 748,
        "vicmap_id": 135009,
        "place_name": "AVONDALE HEIGHTS POLICE STATION",
        "feature_code": "POLS",
        "feature": "POLICE STATION",
        "name_status_code": "REG",
        "name_status": "REGISTERED",
        "longitude": 144.85944999999998,
        "latitude": -37.75572,
        "registration_date": "1966-05-02",
        "gazette_published_date": null,
        "gazette_reference": null,
        "gazette_url": null,
        "aboriginal_origin": null,
        "gender": null,
        "create_date_ufi": 1721981533060
      }
    },
    {
      "type": "Feature",
      "id": 25455,
      "geometry": { "type": "Point", "coordinates": [144.501569999743, -36.7869800002703] },
      "properties": {
        "OBJECTID": 25455,
        "ufi": 27125404,
        "place_id": 9637,
        "name_id": 767,
        "vicmap_id": 135019,
        "place_name": "AXEDALE POLICE STATION",
        "feature_code": "POLS",
        "feature": "POLICE STATION",
        "name_status_code": "REG",
        "name_status": "REGISTERED",
        "longitude": 144.50157,
        "latitude": -36.78698,
        "registration_date": "1966-05-02",
        "gazette_published_date": null,
        "gazette_reference": null,
        "gazette_url": null,
        "aboriginal_origin": null,
        "gender": null,
        "create_date_ufi": 1721981533060
      }
    },
    {
      "type": "Feature",
      "id": 25463,
      "geometry": { "type": "Point", "coordinates": [144.38502000021, -37.1883599998335] },
      "properties": {
        "OBJECTID": 25463,
        "ufi": 27125415,
        "place_id": 20306,
        "name_id": 16035,
        "vicmap_id": 140262,
        "place_name": "MALMSBURY POLICE STATION",
        "feature_code": "POLS",
        "feature": "POLICE STATION",
        "name_status_code": "REG",
        "name_status": "REGISTERED",
        "longitude": 144.38502,
        "latitude": -37.188359999999996,
        "registration_date": "1966-05-02",
        "gazette_published_date": null,
        "gazette_reference": null,
        "gazette_url": null,
        "aboriginal_origin": null,
        "gender": null,
        "create_date_ufi": 1721981533060
      }
    },
    {
      "type": "Feature",
      "id": 25732,
      "geometry": { "type": "Point", "coordinates": [144.886259999624, -37.8440099996627] },
      "properties": {
        "OBJECTID": 25732,
        "ufi": 27125719,
        "place_id": 22453,
        "name_id": 19713,
        "vicmap_id": null,
        "place_name": "NEWPORT POLICE STATION",
        "feature_code": "POLS",
        "feature": "POLICE STATION",
        "name_status_code": "REG",
        "name_status": "REGISTERED",
        "longitude": 144.88626,
        "latitude": -37.844010000000004,
        "registration_date": "1966-05-02",
        "gazette_published_date": null,
        "gazette_reference": null,
        "gazette_url": null,
        "aboriginal_origin": null,
        "gender": null,
        "create_date_ufi": 1721981533060
      }
    },
    {
      "type": "Feature",
      "id": 25777,
      "geometry": { "type": "Point", "coordinates": [142.366020000314, -35.7288299998622] },
      "properties": {
        "OBJECTID": 25777,
        "ufi": 27125787,
        "place_id": 3625,
        "name_id": 11945,
        "vicmap_id": 138865,
        "place_name": "HOPETOUN POLICE STATION",
        "feature_code": "POLS",
        "feature": "POLICE STATION",
        "name_status_code": "REG",
        "name_status": "REGISTERED",
        "longitude": 142.36602000000002,
        "latitude": -35.72883,
        "registration_date": "1966-05-02",
        "gazette_published_date": null,
        "gazette_reference": null,
        "gazette_url": null,
        "aboriginal_origin": null,
        "gender": null,
        "create_date_ufi": 1721981533060
      }
    },
    {
      "type": "Feature",
      "id": 26110,
      "geometry": { "type": "Point", "coordinates": [142.589189999772, -36.4580700001136] },
      "properties": {
        "OBJECTID": 26110,
        "ufi": 27126179,
        "place_id": 5224,
        "name_id": 17151,
        "vicmap_id": 140741,
        "place_name": "MINYIP POLICE STATION",
        "feature_code": "POLS",
        "feature": "POLICE STATION",
        "name_status_code": "REG",
        "name_status": "REGISTERED",
        "longitude": 142.58919,
        "latitude": -36.45807,
        "registration_date": "1966-05-02",
        "gazette_published_date": null,
        "gazette_reference": null,
        "gazette_url": null,
        "aboriginal_origin": null,
        "gender": null,
        "create_date_ufi": 1721981533060
      }
    },
    {
      "type": "Feature",
      "id": 26207,
      "geometry": { "type": "Point", "coordinates": [146.154200000016, -38.2126200002862] },
      "properties": {
        "OBJECTID": 26207,
        "ufi": 27126284,
        "place_id": 28117,
        "name_id": 27447,
        "vicmap_id": 144537,
        "place_name": "TRAFALGAR POLICE STATION",
        "feature_code": "POLS",
        "feature": "POLICE STATION",
        "name_status_code": "REG",
        "name_status": "REGISTERED",
        "longitude": 146.1542,
        "latitude": -38.21262,
        "registration_date": "1966-05-02",
        "gazette_published_date": null,
        "gazette_reference": null,
        "gazette_url": null,
        "aboriginal_origin": null,
        "gender": "No Gender",
        "create_date_ufi": 1721981533060
      }
    },
    {
      "type": "Feature",
      "id": 26325,
      "geometry": { "type": "Point", "coordinates": [143.78363999997, -37.2951399999682] },
      "properties": {
        "OBJECTID": 26325,
        "ufi": 27126409,
        "place_id": 1801,
        "name_id": 5691,
        "vicmap_id": 136567,
        "place_name": "CLUNES POLICE STATION",
        "feature_code": "POLS",
        "feature": "POLICE STATION",
        "name_status_code": "REG",
        "name_status": "REGISTERED",
        "longitude": 143.78364000000002,
        "latitude": -37.295139999999996,
        "registration_date": "1966-05-02",
        "gazette_published_date": null,
        "gazette_reference": null,
        "gazette_url": null,
        "aboriginal_origin": null,
        "gender": null,
        "create_date_ufi": 1721981533060
      }
    },
    {
      "type": "Feature",
      "id": 26551,
      "geometry": { "type": "Point", "coordinates": [144.436029999982, -37.675770000213] },
      "properties": {
        "OBJECTID": 26551,
        "ufi": 27126663,
        "place_id": 9659,
        "name_id": 792,
        "vicmap_id": 135028,
        "place_name": "BACCHUS MARSH POLICE STATION",
        "feature_code": "POLS",
        "feature": "POLICE STATION",
        "name_status_code": "REG",
        "name_status": "REGISTERED",
        "longitude": 144.43603000000002,
        "latitude": -37.67577,
        "registration_date": "1966-05-02",
        "gazette_published_date": null,
        "gazette_reference": null,
        "gazette_url": null,
        "aboriginal_origin": null,
        "gender": "Man",
        "create_date_ufi": 1721981533060
      }
    },
    {
      "type": "Feature",
      "id": 26703,
      "geometry": { "type": "Point", "coordinates": [145.444369999565, -36.0885199996542] },
      "properties": {
        "OBJECTID": 26703,
        "ufi": 27126828,
        "place_id": 22754,
        "name_id": 20185,
        "vicmap_id": 141517,
        "place_name": "NUMURKAH POLICE STATION",
        "feature_code": "POLS",
        "feature": "POLICE STATION",
        "name_status_code": "REG",
        "name_status": "REGISTERED",
        "longitude": 145.44437,
        "latitude": -36.08852,
        "registration_date": "1966-05-02",
        "gazette_published_date": null,
        "gazette_reference": null,
        "gazette_url": null,
        "aboriginal_origin": null,
        "gender": null,
        "create_date_ufi": 1721981533060
      }
    },
    {
      "type": "Feature",
      "id": 26875,
      "geometry": { "type": "Point", "coordinates": [143.561879999775, -37.6874300001999] },
      "properties": {
        "OBJECTID": 26875,
        "ufi": 27127028,
        "place_id": 4591,
        "name_id": 15055,
        "vicmap_id": 139991,
        "place_name": "LINTON POLICE STATION",
        "feature_code": "POLS",
        "feature": "POLICE STATION",
        "name_status_code": "REG",
        "name_status": "REGISTERED",
        "longitude": 143.56188,
        "latitude": -37.68743,
        "registration_date": "1966-05-02",
        "gazette_published_date": null,
        "gazette_reference": null,
        "gazette_url": null,
        "aboriginal_origin": null,
        "gender": null,
        "create_date_ufi": 1721981533060
      }
    },
    {
      "type": "Feature",
      "id": 26972,
      "geometry": { "type": "Point", "coordinates": [143.940010000191, -36.6016899997331] },
      "properties": {
        "OBJECTID": 26972,
        "ufi": 27127129,
        "place_id": 1060,
        "name_id": 3394,
        "vicmap_id": 135820,
        "place_name": "BRIDGEWATER POLICE STATION",
        "feature_code": "POLS",
        "feature": "POLICE STATION",
        "name_status_code": "REG",
        "name_status": "REGISTERED",
        "longitude": 143.94001,
        "latitude": -36.60169,
        "registration_date": "1966-05-02",
        "gazette_published_date": null,
        "gazette_reference": null,
        "gazette_url": null,
        "aboriginal_origin": null,
        "gender": null,
        "create_date_ufi": 1721981533060
      }
    },
    {
      "type": "Feature",
      "id": 27119,
      "geometry": { "type": "Point", "coordinates": [145.060139999991, -37.92178999975] },
      "properties": {
        "OBJECTID": 27119,
        "ufi": 27127318,
        "place_id": 10523,
        "name_id": 1994,
        "vicmap_id": null,
        "place_name": "BENTLEIGH EAST POLICE STATION",
        "feature_code": "POLS",
        "feature": "POLICE STATION",
        "name_status_code": "REG",
        "name_status": "REGISTERED",
        "longitude": 145.06014000000002,
        "latitude": -37.92179,
        "registration_date": "1966-05-02",
        "gazette_published_date": null,
        "gazette_reference": null,
        "gazette_url": null,
        "aboriginal_origin": null,
        "gender": null,
        "create_date_ufi": 1721981533060
      }
    },
    {
      "type": "Feature",
      "id": 27120,
      "geometry": { "type": "Point", "coordinates": [145.03652999979, -37.916789999747] },
      "properties": {
        "OBJECTID": 27120,
        "ufi": 27127319,
        "place_id": 10527,
        "name_id": 1998,
        "vicmap_id": null,
        "place_name": "BENTLEIGH POLICE STATION",
        "feature_code": "POLS",
        "feature": "POLICE STATION",
        "name_status_code": "REG",
        "name_status": "REGISTERED",
        "longitude": 145.03653,
        "latitude": -37.91679,
        "registration_date": "1966-05-02",
        "gazette_published_date": null,
        "gazette_reference": null,
        "gazette_url": null,
        "aboriginal_origin": null,
        "gender": null,
        "create_date_ufi": 1721981533060
      }
    },
    {
      "type": "Feature",
      "id": 27270,
      "geometry": { "type": "Point", "coordinates": [143.343760000061, -35.1862400000478] },
      "properties": {
        "OBJECTID": 27270,
        "ufi": 27127570,
        "place_id": 5999,
        "name_id": 20241,
        "vicmap_id": null,
        "place_name": "NYAH WEST POLICE STATION",
        "feature_code": "POLS",
        "feature": "POLICE STATION",
        "name_status_code": "REG",
        "name_status": "REGISTERED",
        "longitude": 143.34376,
        "latitude": -35.18624,
        "registration_date": "1966-05-02",
        "gazette_published_date": null,
        "gazette_reference": null,
        "gazette_url": null,
        "aboriginal_origin": null,
        "gender": null,
        "create_date_ufi": 1721981533060
      }
    },
    {
      "type": "Feature",
      "id": 27353,
      "geometry": { "type": "Point", "coordinates": [145.055430000006, -37.2033899997052] },
      "properties": {
        "OBJECTID": 27353,
        "ufi": 27127709,
        "place_id": 11569,
        "name_id": 3507,
        "vicmap_id": 135863,
        "place_name": "BROADFORD POLICE STATION",
        "feature_code": "POLS",
        "feature": "POLICE STATION",
        "name_status_code": "REG",
        "name_status": "REGISTERED",
        "longitude": 145.05543,
        "latitude": -37.20339,
        "registration_date": "1966-05-02",
        "gazette_published_date": null,
        "gazette_reference": null,
        "gazette_url": null,
        "aboriginal_origin": null,
        "gender": null,
        "create_date_ufi": 1721981533060
      }
    },
    {
      "type": "Feature",
      "id": 27362,
      "geometry": { "type": "Point", "coordinates": [144.916879999551, -37.6832100000696] },
      "properties": {
        "OBJECTID": 27362,
        "ufi": 27127720,
        "place_id": 11580,
        "name_id": 3518,
        "vicmap_id": 135868,
        "place_name": "BROADMEADOWS POLICE STATION",
        "feature_code": "POLS",
        "feature": "POLICE STATION",
        "name_status_code": "REG",
        "name_status": "REGISTERED",
        "longitude": 144.91688,
        "latitude": -37.68321,
        "registration_date": "1966-05-02",
        "gazette_published_date": null,
        "gazette_reference": null,
        "gazette_url": null,
        "aboriginal_origin": null,
        "gender": null,
        "create_date_ufi": 1721981533060
      }
    },
    {
      "type": "Feature",
      "id": 27464,
      "geometry": { "type": "Point", "coordinates": [144.321210000278, -37.3906700000634] },
      "properties": {
        "OBJECTID": 27464,
        "ufi": 27127827,
        "place_id": 28198,
        "name_id": 27548,
        "vicmap_id": 144573,
        "place_name": "TRENTHAM POLICE STATION",
        "feature_code": "POLS",
        "feature": "POLICE STATION",
        "name_status_code": "REG",
        "name_status": "REGISTERED",
        "longitude": 144.32121,
        "latitude": -37.39067,
        "registration_date": "1966-05-02",
        "gazette_published_date": null,
        "gazette_reference": null,
        "gazette_url": null,
        "aboriginal_origin": null,
        "gender": null,
        "create_date_ufi": 1721981533060
      }
    },
    {
      "type": "Feature",
      "id": 27604,
      "geometry": { "type": "Point", "coordinates": [145.995259999716, -36.020879999823] },
      "properties": {
        "OBJECTID": 27604,
        "ufi": 27093840,
        "place_id": 30218,
        "name_id": 30573,
        "vicmap_id": 612962,
        "place_name": "YARRAWONGA POLICE STATION",
        "feature_code": "POLS",
        "feature": "POLICE STATION",
        "name_status_code": "REG",
        "name_status": "REGISTERED",
        "longitude": 145.99526,
        "latitude": -36.02088,
        "registration_date": "1966-05-02",
        "gazette_published_date": null,
        "gazette_reference": null,
        "gazette_url": null,
        "aboriginal_origin": null,
        "gender": null,
        "create_date_ufi": 1721981049837
      }
    },
    {
      "type": "Feature",
      "id": 27758,
      "geometry": { "type": "Point", "coordinates": [142.926729999572, -37.2842300003222] },
      "properties": {
        "OBJECTID": 27758,
        "ufi": 27094010,
        "place_id": 154,
        "name_id": 496,
        "vicmap_id": 134873,
        "place_name": "ARARAT POLICE STATION",
        "feature_code": "POLS",
        "feature": "POLICE STATION",
        "name_status_code": "REG",
        "name_status": "REGISTERED",
        "longitude": 142.92673000000002,
        "latitude": -37.28423,
        "registration_date": "1966-05-02",
        "gazette_published_date": null,
        "gazette_reference": null,
        "gazette_url": null,
        "aboriginal_origin": null,
        "gender": null,
        "create_date_ufi": 1721981049837
      }
    },
    {
      "type": "Feature",
      "id": 27881,
      "geometry": { "type": "Point", "coordinates": [144.221539999805, -35.8113299999372] },
      "properties": {
        "OBJECTID": 27881,
        "ufi": 27094141,
        "place_id": 13226,
        "name_id": 5872,
        "vicmap_id": 136628,
        "place_name": "COHUNA POLICE STATION",
        "feature_code": "POLS",
        "feature": "POLICE STATION",
        "name_status_code": "REG",
        "name_status": "REGISTERED",
        "longitude": 144.22154,
        "latitude": -35.811330000000005,
        "registration_date": "1966-05-02",
        "gazette_published_date": null,
        "gazette_reference": null,
        "gazette_url": null,
        "aboriginal_origin": null,
        "gender": null,
        "create_date_ufi": 1721981049837
      }
    },
    {
      "type": "Feature",
      "id": 27965,
      "geometry": { "type": "Point", "coordinates": [143.075570000383, -38.3281799999639] },
      "properties": {
        "OBJECTID": 27965,
        "ufi": 27094236,
        "place_id": 1814,
        "name_id": 5754,
        "vicmap_id": 136593,
        "place_name": "COBDEN POLICE STATION",
        "feature_code": "POLS",
        "feature": "POLICE STATION",
        "name_status_code": "REG",
        "name_status": "REGISTERED",
        "longitude": 143.07557,
        "latitude": -38.328179999999996,
        "registration_date": "1966-05-02",
        "gazette_published_date": null,
        "gazette_reference": null,
        "gazette_url": null,
        "aboriginal_origin": null,
        "gender": "Man",
        "create_date_ufi": 1721981049837
      }
    },
    {
      "type": "Feature",
      "id": 28000,
      "geometry": { "type": "Point", "coordinates": [145.023280000267, -37.8812800001309] },
      "properties": {
        "OBJECTID": 28000,
        "ufi": 27094272,
        "place_id": 12629,
        "name_id": 5037,
        "vicmap_id": 136336,
        "place_name": "CAULFIELD POLICE STATION",
        "feature_code": "POLS",
        "feature": "POLICE STATION",
        "name_status_code": "REG",
        "name_status": "REGISTERED",
        "longitude": 145.02328,
        "latitude": -37.88128,
        "registration_date": "1966-05-02",
        "gazette_published_date": null,
        "gazette_reference": null,
        "gazette_url": null,
        "aboriginal_origin": null,
        "gender": null,
        "create_date_ufi": 1721981049837
      }
    },
    {
      "type": "Feature",
      "id": 28136,
      "geometry": { "type": "Point", "coordinates": [144.969310000429, -37.7976300000587] },
      "properties": {
        "OBJECTID": 28136,
        "ufi": 27094454,
        "place_id": 12484,
        "name_id": 4821,
        "vicmap_id": null,
        "place_name": "CARLTON POLICE STATION",
        "feature_code": "POLS",
        "feature": "POLICE STATION",
        "name_status_code": "REG",
        "name_status": "REGISTERED",
        "longitude": 144.96931,
        "latitude": -37.797630000000005,
        "registration_date": "1966-05-02",
        "gazette_published_date": null,
        "gazette_reference": null,
        "gazette_url": null,
        "aboriginal_origin": null,
        "gender": null,
        "create_date_ufi": 1721981049837
      }
    },
    {
      "type": "Feature",
      "id": 28411,
      "geometry": { "type": "Point", "coordinates": [144.611040000128, -36.4959799997468] },
      "properties": {
        "OBJECTID": 28411,
        "ufi": 27094792,
        "place_id": 15084,
        "name_id": 8498,
        "vicmap_id": 137515,
        "place_name": "ELMORE POLICE STATION",
        "feature_code": "POLS",
        "feature": "POLICE STATION",
        "name_status_code": "REG",
        "name_status": "REGISTERED",
        "longitude": 144.61104,
        "latitude": -36.495979999999996,
        "registration_date": "1966-05-02",
        "gazette_published_date": null,
        "gazette_reference": null,
        "gazette_url": null,
        "aboriginal_origin": null,
        "gender": null,
        "create_date_ufi": 1721981049837
      }
    },
    {
      "type": "Feature",
      "id": 28421,
      "geometry": { "type": "Point", "coordinates": [144.999870000082, -37.8820699996575] },
      "properties": {
        "OBJECTID": 28421,
        "ufi": 27094802,
        "place_id": 15107,
        "name_id": 8521,
        "vicmap_id": null,
        "place_name": "ELSTERNWICK POLICE STATION",
        "feature_code": "POLS",
        "feature": "POLICE STATION",
        "name_status_code": "REG",
        "name_status": "REGISTERED",
        "longitude": 144.99987,
        "latitude": -37.88207,
        "registration_date": "1966-05-02",
        "gazette_published_date": null,
        "gazette_reference": null,
        "gazette_url": null,
        "aboriginal_origin": null,
        "gender": null,
        "create_date_ufi": 1721981049837
      }
    },
    {
      "type": "Feature",
      "id": 28426,
      "geometry": { "type": "Point", "coordinates": [145.15063999984, -37.7134300002912] },
      "properties": {
        "OBJECTID": 28426,
        "ufi": 27094808,
        "place_id": 15123,
        "name_id": 8537,
        "vicmap_id": 137526,
        "place_name": "ELTHAM POLICE STATION",
        "feature_code": "POLS",
        "feature": "POLICE STATION",
        "name_status_code": "REG",
        "name_status": "REGISTERED",
        "longitude": 145.15064,
        "latitude": -37.71343,
        "registration_date": "1966-05-02",
        "gazette_published_date": null,
        "gazette_reference": null,
        "gazette_url": null,
        "aboriginal_origin": null,
        "gender": null,
        "create_date_ufi": 1721981049837
      }
    },
    {
      "type": "Feature",
      "id": 28429,
      "geometry": { "type": "Point", "coordinates": [144.984030000389, -37.8809600001549] },
      "properties": {
        "OBJECTID": 28429,
        "ufi": 27094811,
        "place_id": 15133,
        "name_id": 8547,
        "vicmap_id": null,
        "place_name": "ELWOOD POLICE STATION",
        "feature_code": "POLS",
        "feature": "POLICE STATION",
        "name_status_code": "REG",
        "name_status": "REGISTERED",
        "longitude": 144.98403000000002,
        "latitude": -37.880959999999995,
        "registration_date": "1966-05-02",
        "gazette_published_date": null,
        "gazette_reference": null,
        "gazette_url": null,
        "aboriginal_origin": null,
        "gender": null,
        "create_date_ufi": 1721981049837
      }
    },
    {
      "type": "Feature",
      "id": 28432,
      "geometry": { "type": "Point", "coordinates": [145.443930000247, -37.9304999997622] },
      "properties": {
        "OBJECTID": 28432,
        "ufi": 27094814,
        "place_id": 15144,
        "name_id": 8559,
        "vicmap_id": 137539,
        "place_name": "EMERALD POLICE STATION",
        "feature_code": "POLS",
        "feature": "POLICE STATION",
        "name_status_code": "REG",
        "name_status": "REGISTERED",
        "longitude": 145.44393000000002,
        "latitude": -37.9305,
        "registration_date": "1966-05-02",
        "gazette_published_date": null,
        "gazette_reference": null,
        "gazette_url": null,
        "aboriginal_origin": null,
        "gender": null,
        "create_date_ufi": 1721981049837
      }
    },
    {
      "type": "Feature",
      "id": 28458,
      "geometry": { "type": "Point", "coordinates": [146.677060000409, -38.559950000287] },
      "properties": {
        "OBJECTID": 28458,
        "ufi": 27094843,
        "place_id": 30179,
        "name_id": 30527,
        "vicmap_id": 612941,
        "place_name": "YARRAM POLICE STATION",
        "feature_code": "POLS",
        "feature": "POLICE STATION",
        "name_status_code": "REG",
        "name_status": "REGISTERED",
        "longitude": 146.67705999999998,
        "latitude": -38.55995,
        "registration_date": "1966-05-02",
        "gazette_published_date": null,
        "gazette_reference": null,
        "gazette_url": null,
        "aboriginal_origin": null,
        "gender": null,
        "create_date_ufi": 1721981049837
      }
    },
    {
      "type": "Feature",
      "id": 28522,
      "geometry": { "type": "Point", "coordinates": [144.872369999868, -37.808740000153] },
      "properties": {
        "OBJECTID": 28522,
        "ufi": 27094925,
        "place_id": 18862,
        "name_id": 13648,
        "vicmap_id": null,
        "place_name": "KINGSVILLE POLICE STATION",
        "feature_code": "POLS",
        "feature": "POLICE STATION",
        "name_status_code": "H",
        "name_status": "HISTORICAL",
        "longitude": 144.87237,
        "latitude": -37.80874,
        "registration_date": "1966-05-02",
        "gazette_published_date": null,
        "gazette_reference": null,
        "gazette_url": null,
        "aboriginal_origin": null,
        "gender": null,
        "create_date_ufi": 1721981049837
      }
    },
    {
      "type": "Feature",
      "id": 28561,
      "geometry": { "type": "Point", "coordinates": [145.4659799996, -38.4837400002062] },
      "properties": {
        "OBJECTID": 28561,
        "ufi": 27094967,
        "place_id": 10129,
        "name_id": 1485,
        "vicmap_id": null,
        "place_name": "BASS POLICE STATION",
        "feature_code": "POLS",
        "feature": "POLICE STATION",
        "name_status_code": "REG",
        "name_status": "REGISTERED",
        "longitude": 145.46598,
        "latitude": -38.48374,
        "registration_date": "1966-05-02",
        "gazette_published_date": null,
        "gazette_reference": null,
        "gazette_url": null,
        "aboriginal_origin": null,
        "gender": null,
        "create_date_ufi": 1721981049837
      }
    },
    {
      "type": "Feature",
      "id": 28669,
      "geometry": { "type": "Point", "coordinates": [143.381060000002, -37.4314699997293] },
      "properties": {
        "OBJECTID": 28669,
        "ufi": 27095081,
        "place_id": 536,
        "name_id": 1649,
        "vicmap_id": 135285,
        "place_name": "BEAUFORT POLICE STATION",
        "feature_code": "POLS",
        "feature": "POLICE STATION",
        "name_status_code": "REG",
        "name_status": "REGISTERED",
        "longitude": 143.38106,
        "latitude": -37.43147,
        "registration_date": "1966-05-02",
        "gazette_published_date": null,
        "gazette_reference": null,
        "gazette_url": null,
        "aboriginal_origin": null,
        "gender": null,
        "create_date_ufi": 1721981049837
      }
    },
    {
      "type": "Feature",
      "id": 28790,
      "geometry": { "type": "Point", "coordinates": [142.02605000018, -37.7476600002253] },
      "properties": {
        "OBJECTID": 28790,
        "ufi": 27095260,
        "place_id": 3423,
        "name_id": 11178,
        "vicmap_id": 138531,
        "place_name": "HAMILTON POLICE STATION",
        "feature_code": "POLS",
        "feature": "POLICE STATION",
        "name_status_code": "REG",
        "name_status": "REGISTERED",
        "longitude": 142.02605,
        "latitude": -37.747659999999996,
        "registration_date": "1966-05-02",
        "gazette_published_date": null,
        "gazette_reference": null,
        "gazette_url": null,
        "aboriginal_origin": null,
        "gender": null,
        "create_date_ufi": 1721981049837
      }
    },
    {
      "type": "Feature",
      "id": 28805,
      "geometry": { "type": "Point", "coordinates": [141.59393999988, -37.1641800002331] },
      "properties": {
        "OBJECTID": 28805,
        "ufi": 27095276,
        "place_id": 3458,
        "name_id": 11323,
        "vicmap_id": 138572,
        "place_name": "HARROW POLICE STATION",
        "feature_code": "POLS",
        "feature": "POLICE STATION",
        "name_status_code": "REG",
        "name_status": "REGISTERED",
        "longitude": 141.59394,
        "latitude": -37.164179999999995,
        "registration_date": "1966-05-02",
        "gazette_published_date": null,
        "gazette_reference": null,
        "gazette_url": null,
        "aboriginal_origin": null,
        "gender": null,
        "create_date_ufi": 1721981049837
      }
    },
    {
      "type": "Feature",
      "id": 29110,
      "geometry": { "type": "Point", "coordinates": [145.39799000031, -36.3815200002694] },
      "properties": {
        "OBJECTID": 29110,
        "ufi": 27095718,
        "place_id": 25652,
        "name_id": 24262,
        "vicmap_id": 142998,
        "place_name": "SHEPPARTON POLICE STATION",
        "feature_code": "POLS",
        "feature": "POLICE STATION",
        "name_status_code": "REG",
        "name_status": "REGISTERED",
        "longitude": 145.39799,
        "latitude": -36.38152,
        "registration_date": "1966-05-02",
        "gazette_published_date": null,
        "gazette_reference": null,
        "gazette_url": null,
        "aboriginal_origin": null,
        "gender": null,
        "create_date_ufi": 1721981479413
      }
    },
    {
      "type": "Feature",
      "id": 29135,
      "geometry": { "type": "Point", "coordinates": [144.97913999958, -37.8022099999316] },
      "properties": {
        "OBJECTID": 29135,
        "ufi": 27095747,
        "place_id": 15613,
        "name_id": 9127,
        "vicmap_id": 137766,
        "place_name": "FITZROY POLICE STATION",
        "feature_code": "POLS",
        "feature": "POLICE STATION",
        "name_status_code": "REG",
        "name_status": "REGISTERED",
        "longitude": 144.97914,
        "latitude": -37.80221,
        "registration_date": "1966-05-02",
        "gazette_published_date": null,
        "gazette_reference": null,
        "gazette_url": null,
        "aboriginal_origin": null,
        "gender": null,
        "create_date_ufi": 1721981479413
      }
    },
    {
      "type": "Feature",
      "id": 29267,
      "geometry": { "type": "Point", "coordinates": [143.686530000427, -37.6432199999773] },
      "properties": {
        "OBJECTID": 29267,
        "ufi": 27095883,
        "place_id": 7269,
        "name_id": 24589,
        "vicmap_id": 143080,
        "place_name": "SMYTHESDALE POLICE STATION",
        "feature_code": "POLS",
        "feature": "POLICE STATION",
        "name_status_code": "REG",
        "name_status": "REGISTERED",
        "longitude": 143.68653,
        "latitude": -37.64322,
        "registration_date": "1966-05-02",
        "gazette_published_date": null,
        "gazette_reference": null,
        "gazette_url": null,
        "aboriginal_origin": null,
        "gender": null,
        "create_date_ufi": 1721981479413
      }
    },
    {
      "type": "Feature",
      "id": 29281,
      "geometry": { "type": "Point", "coordinates": [145.065419999889, -37.9840099996808] },
      "properties": {
        "OBJECTID": 29281,
        "ufi": 27095897,
        "place_id": 20834,
        "name_id": 16692,
        "vicmap_id": null,
        "place_name": "MENTONE POLICE STATION",
        "feature_code": "POLS",
        "feature": "POLICE STATION",
        "name_status_code": "REG",
        "name_status": "REGISTERED",
        "longitude": 145.06542000000002,
        "latitude": -37.984010000000005,
        "registration_date": "1966-05-02",
        "gazette_published_date": null,
        "gazette_reference": null,
        "gazette_url": null,
        "aboriginal_origin": null,
        "gender": null,
        "create_date_ufi": 1721981479413
      }
    },
    {
      "type": "Feature",
      "id": 29354,
      "geometry": { "type": "Point", "coordinates": [145.029619999623, -37.8558699997305] },
      "properties": {
        "OBJECTID": 29354,
        "ufi": 27095976,
        "place_id": 20324,
        "name_id": 16055,
        "vicmap_id": 140265,
        "place_name": "MALVERN POLICE STATION",
        "feature_code": "POLS",
        "feature": "POLICE STATION",
        "name_status_code": "REG",
        "name_status": "REGISTERED",
        "longitude": 145.02962,
        "latitude": -37.85587,
        "registration_date": "1966-05-02",
        "gazette_published_date": null,
        "gazette_reference": null,
        "gazette_url": null,
        "aboriginal_origin": null,
        "gender": null,
        "create_date_ufi": 1721981479413
      }
    },
    {
      "type": "Feature",
      "id": 29380,
      "geometry": { "type": "Point", "coordinates": [146.086979999756, -37.0522899999392] },
      "properties": {
        "OBJECTID": 29380,
        "ufi": 27096003,
        "place_id": 20372,
        "name_id": 16126,
        "vicmap_id": 140307,
        "place_name": "MANSFIELD POLICE STATION",
        "feature_code": "POLS",
        "feature": "POLICE STATION",
        "name_status_code": "REG",
        "name_status": "REGISTERED",
        "longitude": 146.08698,
        "latitude": -37.05229,
        "registration_date": "2012-12-20",
        "gazette_published_date": null,
        "gazette_reference": null,
        "gazette_url": null,
        "aboriginal_origin": null,
        "gender": null,
        "create_date_ufi": 1721981479413
      }
    },
    {
      "type": "Feature",
      "id": 29425,
      "geometry": { "type": "Point", "coordinates": [144.075740000323, -37.8464999997042] },
      "properties": {
        "OBJECTID": 29425,
        "ufi": 27096072,
        "place_id": 20846,
        "name_id": 16726,
        "vicmap_id": 140573,
        "place_name": "MEREDITH POLICE STATION",
        "feature_code": "POLS",
        "feature": "POLICE STATION",
        "name_status_code": "REG",
        "name_status": "REGISTERED",
        "longitude": 144.07574000000002,
        "latitude": -37.8465,
        "registration_date": "1966-05-02",
        "gazette_published_date": null,
        "gazette_reference": null,
        "gazette_url": null,
        "aboriginal_origin": null,
        "gender": null,
        "create_date_ufi": 1721981479413
      }
    },
    {
      "type": "Feature",
      "id": 29484,
      "geometry": { "type": "Point", "coordinates": [145.215910000163, -36.6181200000412] },
      "properties": {
        "OBJECTID": 29484,
        "ufi": 27096134,
        "place_id": 21974,
        "name_id": 18960,
        "vicmap_id": 141130,
        "place_name": "MURCHISON POLICE STATION",
        "feature_code": "POLS",
        "feature": "POLICE STATION",
        "name_status_code": "REG",
        "name_status": "REGISTERED",
        "longitude": 145.21591,
        "latitude": -36.61812,
        "registration_date": "1966-05-02",
        "gazette_published_date": null,
        "gazette_reference": null,
        "gazette_url": null,
        "aboriginal_origin": null,
        "gender": null,
        "create_date_ufi": 1721981479413
      }
    },
    {
      "type": "Feature",
      "id": 29565,
      "geometry": { "type": "Point", "coordinates": [144.875420000345, -37.7842899997778] },
      "properties": {
        "OBJECTID": 29565,
        "ufi": 27096215,
        "place_id": 20233,
        "name_id": 15932,
        "vicmap_id": null,
        "place_name": "MAIDSTONE POLICE STATION",
        "feature_code": "POLS",
        "feature": "POLICE STATION",
        "name_status_code": "H",
        "name_status": "HISTORICAL",
        "longitude": 144.87542000000002,
        "latitude": -37.78429,
        "registration_date": "1966-05-02",
        "gazette_published_date": null,
        "gazette_reference": null,
        "gazette_url": null,
        "aboriginal_origin": null,
        "gender": null,
        "create_date_ufi": 1721981479413
      }
    },
    {
      "type": "Feature",
      "id": 29600,
      "geometry": { "type": "Point", "coordinates": [144.1426800002, -37.340359999719] },
      "properties": {
        "OBJECTID": 29600,
        "ufi": 27096255,
        "place_id": 14028,
        "name_id": 7029,
        "vicmap_id": 137089,
        "place_name": "DAYLESFORD POLICE STATION",
        "feature_code": "POLS",
        "feature": "POLICE STATION",
        "name_status_code": "REG",
        "name_status": "REGISTERED",
        "longitude": 144.14267999999998,
        "latitude": -37.34036,
        "registration_date": "1966-05-02",
        "gazette_published_date": null,
        "gazette_reference": null,
        "gazette_url": null,
        "aboriginal_origin": null,
        "gender": null,
        "create_date_ufi": 1721981479413
      }
    },
    {
      "type": "Feature",
      "id": 29689,
      "geometry": { "type": "Point", "coordinates": [147.180449999777, -36.2154700000487] },
      "properties": {
        "OBJECTID": 29689,
        "ufi": 27096358,
        "place_id": 26990,
        "name_id": 25987,
        "vicmap_id": 144024,
        "place_name": "TALLANGATTA POLICE STATION",
        "feature_code": "POLS",
        "feature": "POLICE STATION",
        "name_status_code": "REG",
        "name_status": "REGISTERED",
        "longitude": 147.18044999999998,
        "latitude": -36.21547,
        "registration_date": "1966-05-02",
        "gazette_published_date": null,
        "gazette_reference": null,
        "gazette_url": null,
        "aboriginal_origin": null,
        "gender": null,
        "create_date_ufi": 1721981479413
      }
    },
    {
      "type": "Feature",
      "id": 29702,
      "geometry": { "type": "Point", "coordinates": [145.104030000432, -37.0942900002] },
      "properties": {
        "OBJECTID": 29702,
        "ufi": 27096372,
        "place_id": 27004,
        "name_id": 26003,
        "vicmap_id": null,
        "place_name": "TALLAROOK POLICE STATION",
        "feature_code": "POLS",
        "feature": "POLICE STATION",
        "name_status_code": "REG",
        "name_status": "REGISTERED",
        "longitude": 145.10403000000002,
        "latitude": -37.09429,
        "registration_date": "1966-05-02",
        "gazette_published_date": null,
        "gazette_reference": null,
        "gazette_url": null,
        "aboriginal_origin": null,
        "gender": null,
        "create_date_ufi": 1721981479413
      }
    },
    {
      "type": "Feature",
      "id": 29754,
      "geometry": { "type": "Point", "coordinates": [145.066809999959, -37.890399999829] },
      "properties": {
        "OBJECTID": 29754,
        "ufi": 27096435,
        "place_id": 22046,
        "name_id": 19078,
        "vicmap_id": null,
        "place_name": "MURRUMBEENA POLICE STATION",
        "feature_code": "POLS",
        "feature": "POLICE STATION",
        "name_status_code": "REG",
        "name_status": "REGISTERED",
        "longitude": 145.06681,
        "latitude": -37.8904,
        "registration_date": "1966-05-02",
        "gazette_published_date": null,
        "gazette_reference": null,
        "gazette_url": null,
        "aboriginal_origin": null,
        "gender": null,
        "create_date_ufi": 1721981479413
      }
    },
    {
      "type": "Feature",
      "id": 29829,
      "geometry": { "type": "Point", "coordinates": [145.572699999982, -36.751720000295] },
      "properties": {
        "OBJECTID": 29829,
        "ufi": 27096539,
        "place_id": 15296,
        "name_id": 8748,
        "vicmap_id": 137635,
        "place_name": "EUROA POLICE STATION",
        "feature_code": "POLS",
        "feature": "POLICE STATION",
        "name_status_code": "REG",
        "name_status": "REGISTERED",
        "longitude": 145.5727,
        "latitude": -36.75172,
        "registration_date": "1966-05-02",
        "gazette_published_date": null,
        "gazette_reference": null,
        "gazette_url": null,
        "aboriginal_origin": null,
        "gender": null,
        "create_date_ufi": 1721981479413
      }
    },
    {
      "type": "Feature",
      "id": 29869,
      "geometry": { "type": "Point", "coordinates": [145.124309999774, -38.0851300001808] },
      "properties": {
        "OBJECTID": 29869,
        "ufi": 27096583,
        "place_id": 25378,
        "name_id": 23909,
        "vicmap_id": null,
        "place_name": "SEAFORD POLICE STATION",
        "feature_code": "POLS",
        "feature": "POLICE STATION",
        "name_status_code": "REG",
        "name_status": "REGISTERED",
        "longitude": 145.12431,
        "latitude": -38.08513,
        "registration_date": "1966-05-02",
        "gazette_published_date": null,
        "gazette_reference": null,
        "gazette_url": null,
        "aboriginal_origin": null,
        "gender": null,
        "create_date_ufi": 1721981479413
      }
    },
    {
      "type": "Feature",
      "id": 29967,
      "geometry": { "type": "Point", "coordinates": [142.849759999629, -35.5024600000257] },
      "properties": {
        "OBJECTID": 29967,
        "ufi": 27096682,
        "place_id": 7072,
        "name_id": 23893,
        "vicmap_id": 142914,
        "place_name": "SEA LAKE POLICE STATION",
        "feature_code": "POLS",
        "feature": "POLICE STATION",
        "name_status_code": "REG",
        "name_status": "REGISTERED",
        "longitude": 142.84976,
        "latitude": -35.50246,
        "registration_date": "1966-05-02",
        "gazette_published_date": null,
        "gazette_reference": null,
        "gazette_url": null,
        "aboriginal_origin": null,
        "gender": "No Gender",
        "create_date_ufi": 1721981479413
      }
    },
    {
      "type": "Feature",
      "id": 29977,
      "geometry": { "type": "Point", "coordinates": [142.630710000152, -36.6330900003474] },
      "properties": {
        "OBJECTID": 29977,
        "ufi": 27096692,
        "place_id": 6874,
        "name_id": 23183,
        "vicmap_id": 142783,
        "place_name": "RUPANYUP POLICE STATION",
        "feature_code": "POLS",
        "feature": "POLICE STATION",
        "name_status_code": "REG",
        "name_status": "REGISTERED",
        "longitude": 142.63071,
        "latitude": -36.63309,
        "registration_date": "1966-05-02",
        "gazette_published_date": null,
        "gazette_reference": null,
        "gazette_url": null,
        "aboriginal_origin": null,
        "gender": null,
        "create_date_ufi": 1721981479413
      }
    },
    {
      "type": "Feature",
      "id": 30000,
      "geometry": { "type": "Point", "coordinates": [143.259520000101, -36.617060000103] },
      "properties": {
        "OBJECTID": 30000,
        "ufi": 27096722,
        "place_id": 6910,
        "name_id": 23351,
        "vicmap_id": 143293,
        "place_name": "SAINT ARNAUD POLICE STATION",
        "feature_code": "POLS",
        "feature": "POLICE STATION",
        "name_status_code": "H",
        "name_status": "HISTORICAL",
        "longitude": 143.25952,
        "latitude": -36.617059999999995,
        "registration_date": "1966-05-02",
        "gazette_published_date": null,
        "gazette_reference": null,
        "gazette_url": null,
        "aboriginal_origin": null,
        "gender": null,
        "create_date_ufi": 1721981479413
      }
    },
    {
      "type": "Feature",
      "id": 30103,
      "geometry": { "type": "Point", "coordinates": [146.41681000022, -38.3076300000085] },
      "properties": {
        "OBJECTID": 30103,
        "ufi": 27096836,
        "place_id": 12949,
        "name_id": 5512,
        "vicmap_id": null,
        "place_name": "CHURCHILL NORTH POLICE STATION",
        "feature_code": "POLS",
        "feature": "POLICE STATION",
        "name_status_code": "REG",
        "name_status": "REGISTERED",
        "longitude": 146.41681,
        "latitude": -38.30763,
        "registration_date": "1966-05-02",
        "gazette_published_date": null,
        "gazette_reference": null,
        "gazette_url": null,
        "aboriginal_origin": null,
        "gender": null,
        "create_date_ufi": 1721981479413
      }
    },
    {
      "type": "Feature",
      "id": 30118,
      "geometry": { "type": "Point", "coordinates": [141.99646999962, -35.9020899996818] },
      "properties": {
        "OBJECTID": 30118,
        "ufi": 27096851,
        "place_id": 6584,
        "name_id": 22140,
        "vicmap_id": 142206,
        "place_name": "RAINBOW POLICE STATION",
        "feature_code": "POLS",
        "feature": "POLICE STATION",
        "name_status_code": "REG",
        "name_status": "REGISTERED",
        "longitude": 141.99647,
        "latitude": -35.90209,
        "registration_date": "1966-05-02",
        "gazette_published_date": null,
        "gazette_reference": null,
        "gazette_url": null,
        "aboriginal_origin": null,
        "gender": null,
        "create_date_ufi": 1721981479413
      }
    },
    {
      "type": "Feature",
      "id": 30141,
      "geometry": { "type": "Point", "coordinates": [143.521399999661, -35.8522500000847] },
      "properties": {
        "OBJECTID": 30141,
        "ufi": 27096874,
        "place_id": 6537,
        "name_id": 21996,
        "vicmap_id": 142169,
        "place_name": "QUAMBATOOK POLICE STATION",
        "feature_code": "POLS",
        "feature": "POLICE STATION",
        "name_status_code": "REG",
        "name_status": "REGISTERED",
        "longitude": 143.5214,
        "latitude": -35.852250000000005,
        "registration_date": "1966-05-02",
        "gazette_published_date": null,
        "gazette_reference": null,
        "gazette_url": null,
        "aboriginal_origin": null,
        "gender": null,
        "create_date_ufi": 1721981479413
      }
    },
    {
      "type": "Feature",
      "id": 30226,
      "geometry": { "type": "Point", "coordinates": [143.67039000026, -38.7596500002409] },
      "properties": {
        "OBJECTID": 30226,
        "ufi": 27096962,
        "place_id": 125,
        "name_id": 454,
        "vicmap_id": 134850,
        "place_name": "APOLLO BAY POLICE STATION",
        "feature_code": "POLS",
        "feature": "POLICE STATION",
        "name_status_code": "REG",
        "name_status": "REGISTERED",
        "longitude": 143.67039,
        "latitude": -38.75965,
        "registration_date": "1966-05-02",
        "gazette_published_date": null,
        "gazette_reference": null,
        "gazette_url": null,
        "aboriginal_origin": null,
        "gender": null,
        "create_date_ufi": 1721981479413
      }
    },
    {
      "type": "Feature",
      "id": 30491,
      "geometry": { "type": "Point", "coordinates": [145.20342999967, -36.059739999962] },
      "properties": {
        "OBJECTID": 30491,
        "ufi": 27097270,
        "place_id": 22276,
        "name_id": 19438,
        "vicmap_id": 141299,
        "place_name": "NATHALIA POLICE STATION",
        "feature_code": "POLS",
        "feature": "POLICE STATION",
        "name_status_code": "REG",
        "name_status": "REGISTERED",
        "longitude": 145.20343,
        "latitude": -36.05974,
        "registration_date": "1966-05-02",
        "gazette_published_date": null,
        "gazette_reference": null,
        "gazette_url": null,
        "aboriginal_origin": null,
        "gender": null,
        "create_date_ufi": 1721981479413
      }
    },
    {
      "type": "Feature",
      "id": 30519,
      "geometry": { "type": "Point", "coordinates": [143.313710000046, -35.0539700003218] },
      "properties": {
        "OBJECTID": 30519,
        "ufi": 27097300,
        "place_id": 6280,
        "name_id": 21158,
        "vicmap_id": 141939,
        "place_name": "PIANGIL POLICE STATION",
        "feature_code": "POLS",
        "feature": "POLICE STATION",
        "name_status_code": "REG",
        "name_status": "REGISTERED",
        "longitude": 143.31371000000001,
        "latitude": -35.05397,
        "registration_date": "1966-05-02",
        "gazette_published_date": null,
        "gazette_reference": null,
        "gazette_url": null,
        "aboriginal_origin": null,
        "gender": null,
        "create_date_ufi": 1721981479413
      }
    },
    {
      "type": "Feature",
      "id": 30547,
      "geometry": { "type": "Point", "coordinates": [142.315189999569, -35.0698500000317] },
      "properties": {
        "OBJECTID": 30547,
        "ufi": 27097330,
        "place_id": 6108,
        "name_id": 20607,
        "vicmap_id": 141735,
        "place_name": "OUYEN POLICE STATION",
        "feature_code": "POLS",
        "feature": "POLICE STATION",
        "name_status_code": "REG",
        "name_status": "REGISTERED",
        "longitude": 142.31519,
        "latitude": -35.06985,
        "registration_date": "1966-05-02",
        "gazette_published_date": null,
        "gazette_reference": null,
        "gazette_url": null,
        "aboriginal_origin": null,
        "gender": null,
        "create_date_ufi": 1721981479413
      }
    },
    {
      "type": "Feature",
      "id": 30700,
      "geometry": { "type": "Point", "coordinates": [146.726759999579, -36.5604899997464] },
      "properties": {
        "OBJECTID": 30700,
        "ufi": 27097503,
        "place_id": 22141,
        "name_id": 19208,
        "vicmap_id": 141204,
        "place_name": "MYRTLEFORD POLICE STATION",
        "feature_code": "POLS",
        "feature": "POLICE STATION",
        "name_status_code": "REG",
        "name_status": "REGISTERED",
        "longitude": 146.72675999999998,
        "latitude": -36.56049,
        "registration_date": "1966-05-02",
        "gazette_published_date": null,
        "gazette_reference": null,
        "gazette_url": null,
        "aboriginal_origin": null,
        "gender": "No Gender",
        "create_date_ufi": 1721981479413
      }
    },
    {
      "type": "Feature",
      "id": 30791,
      "geometry": { "type": "Point", "coordinates": [141.988780000376, -36.1433300002212] },
      "properties": {
        "OBJECTID": 30791,
        "ufi": 27097598,
        "place_id": 3837,
        "name_id": 12656,
        "vicmap_id": 139117,
        "place_name": "JEPARIT POLICE STATION",
        "feature_code": "POLS",
        "feature": "POLICE STATION",
        "name_status_code": "REG",
        "name_status": "REGISTERED",
        "longitude": 141.98878,
        "latitude": -36.143330000000006,
        "registration_date": "1966-05-02",
        "gazette_published_date": null,
        "gazette_reference": null,
        "gazette_url": null,
        "aboriginal_origin": null,
        "gender": null,
        "create_date_ufi": 1721981479413
      }
    },
    {
      "type": "Feature",
      "id": 30857,
      "geometry": { "type": "Point", "coordinates": [145.154420000063, -36.7875900002072] },
      "properties": {
        "OBJECTID": 30857,
        "ufi": 27097680,
        "place_id": 22163,
        "name_id": 19244,
        "vicmap_id": 141217,
        "place_name": "NAGAMBIE POLICE STATION",
        "feature_code": "POLS",
        "feature": "POLICE STATION",
        "name_status_code": "REG",
        "name_status": "REGISTERED",
        "longitude": 145.15442000000002,
        "latitude": -36.78759,
        "registration_date": "1966-05-02",
        "gazette_published_date": null,
        "gazette_reference": null,
        "gazette_url": null,
        "aboriginal_origin": null,
        "gender": null,
        "create_date_ufi": 1721981479413
      }
    },
    {
      "type": "Feature",
      "id": 30927,
      "geometry": { "type": "Point", "coordinates": [144.699099999596, -36.3632799996849] },
      "properties": {
        "OBJECTID": 30927,
        "ufi": 27097756,
        "place_id": 24540,
        "name_id": 22783,
        "vicmap_id": 142425,
        "place_name": "ROCHESTER POLICE STATION",
        "feature_code": "POLS",
        "feature": "POLICE STATION",
        "name_status_code": "REG",
        "name_status": "REGISTERED",
        "longitude": 144.6991,
        "latitude": -36.363279999999996,
        "registration_date": "1966-05-02",
        "gazette_published_date": null,
        "gazette_reference": null,
        "gazette_url": null,
        "aboriginal_origin": null,
        "gender": "Man",
        "create_date_ufi": 1721981479413
      }
    },
    {
      "type": "Feature",
      "id": 31081,
      "geometry": { "type": "Point", "coordinates": [145.481529999763, -38.0756799998358] },
      "properties": {
        "OBJECTID": 31081,
        "ufi": 27097922,
        "place_id": 23151,
        "name_id": 20700,
        "vicmap_id": null,
        "place_name": "PAKENHAM POLICE STATION",
        "feature_code": "POLS",
        "feature": "POLICE STATION",
        "name_status_code": "REG",
        "name_status": "REGISTERED",
        "longitude": 145.48153000000002,
        "latitude": -38.07568,
        "registration_date": "1966-05-02",
        "gazette_published_date": null,
        "gazette_reference": null,
        "gazette_url": null,
        "aboriginal_origin": null,
        "gender": "Man",
        "create_date_ufi": 1721981479413
      }
    },
    {
      "type": "Feature",
      "id": 31161,
      "geometry": { "type": "Point", "coordinates": [145.164100000325, -37.9036299997875] },
      "properties": {
        "OBJECTID": 31161,
        "ufi": 27098011,
        "place_id": 16354,
        "name_id": 10088,
        "vicmap_id": 138052,
        "place_name": "GLEN WAVERLEY POLICE STATION",
        "feature_code": "POLS",
        "feature": "POLICE STATION",
        "name_status_code": "REG",
        "name_status": "REGISTERED",
        "longitude": 145.1641,
        "latitude": -37.90363,
        "registration_date": "1966-05-02",
        "gazette_published_date": null,
        "gazette_reference": null,
        "gazette_url": null,
        "aboriginal_origin": null,
        "gender": null,
        "create_date_ufi": 1721981479413
      }
    },
    {
      "type": "Feature",
      "id": 31294,
      "geometry": { "type": "Point", "coordinates": [145.128479999984, -37.8806800002763] },
      "properties": {
        "OBJECTID": 31294,
        "ufi": 27098152,
        "place_id": 21829,
        "name_id": 18726,
        "vicmap_id": null,
        "place_name": "MOUNT WAVERLY POLICE STATION",
        "feature_code": "POLS",
        "feature": "POLICE STATION",
        "name_status_code": "REG",
        "name_status": "REGISTERED",
        "longitude": 145.12848,
        "latitude": -37.88068,
        "registration_date": "1966-05-02",
        "gazette_published_date": null,
        "gazette_reference": null,
        "gazette_url": null,
        "aboriginal_origin": null,
        "gender": null,
        "create_date_ufi": 1721981479413
      }
    },
    {
      "type": "Feature",
      "id": 31345,
      "geometry": { "type": "Point", "coordinates": [146.227270000085, -36.4634799999864] },
      "properties": {
        "OBJECTID": 31345,
        "ufi": 27098208,
        "place_id": 16434,
        "name_id": 10243,
        "vicmap_id": 138181,
        "place_name": "GLENROWAN POLICE STATION",
        "feature_code": "POLS",
        "feature": "POLICE STATION",
        "name_status_code": "REG",
        "name_status": "REGISTERED",
        "longitude": 146.22727,
        "latitude": -36.46348,
        "registration_date": "1966-05-02",
        "gazette_published_date": null,
        "gazette_reference": null,
        "gazette_url": null,
        "aboriginal_origin": null,
        "gender": null,
        "create_date_ufi": 1721981479413
      }
    },
    {
      "type": "Feature",
      "id": 31347,
      "geometry": { "type": "Point", "coordinates": [144.915139999677, -37.7029000001586] },
      "properties": {
        "OBJECTID": 31347,
        "ufi": 27098210,
        "place_id": 16444,
        "name_id": 10252,
        "vicmap_id": null,
        "place_name": "GLENROY POLICE STATION",
        "feature_code": "POLS",
        "feature": "POLICE STATION",
        "name_status_code": "REG",
        "name_status": "REGISTERED",
        "longitude": 144.91514,
        "latitude": -37.7029,
        "registration_date": "1966-05-02",
        "gazette_published_date": null,
        "gazette_reference": null,
        "gazette_url": null,
        "aboriginal_origin": null,
        "gender": null,
        "create_date_ufi": 1721981479413
      }
    },
    {
      "type": "Feature",
      "id": 31414,
      "geometry": { "type": "Point", "coordinates": [145.056589999922, -37.964729999907] },
      "properties": {
        "OBJECTID": 31414,
        "ufi": 27098302,
        "place_id": 12820,
        "name_id": 5327,
        "vicmap_id": 136423,
        "place_name": "CHELTENHAM POLICE STATION",
        "feature_code": "POLS",
        "feature": "POLICE STATION",
        "name_status_code": "REG",
        "name_status": "REGISTERED",
        "longitude": 145.05659,
        "latitude": -37.96473,
        "registration_date": "1966-05-02",
        "gazette_published_date": null,
        "gazette_reference": null,
        "gazette_url": null,
        "aboriginal_origin": null,
        "gender": null,
        "create_date_ufi": 1721981479413
      }
    },
    {
      "type": "Feature",
      "id": 31451,
      "geometry": { "type": "Point", "coordinates": [146.375180000236, -36.578149999845] },
      "properties": {
        "OBJECTID": 31451,
        "ufi": 27098344,
        "place_id": 21877,
        "name_id": 18821,
        "vicmap_id": 141060,
        "place_name": "MOYHU POLICE STATION",
        "feature_code": "POLS",
        "feature": "POLICE STATION",
        "name_status_code": "REG",
        "name_status": "REGISTERED",
        "longitude": 146.37518,
        "latitude": -36.57815,
        "registration_date": "1966-05-02",
        "gazette_published_date": null,
        "gazette_reference": null,
        "gazette_url": null,
        "aboriginal_origin": null,
        "gender": null,
        "create_date_ufi": 1721981479413
      }
    },
    {
      "type": "Feature",
      "id": 31553,
      "geometry": { "type": "Point", "coordinates": [145.116330000102, -38.0513399997095] },
      "properties": {
        "OBJECTID": 31553,
        "ufi": 27098453,
        "place_id": 12810,
        "name_id": 5315,
        "vicmap_id": 136415,
        "place_name": "CHELSEA POLICE STATION",
        "feature_code": "POLS",
        "feature": "POLICE STATION",
        "name_status_code": "REG",
        "name_status": "REGISTERED",
        "longitude": 145.11633,
        "latitude": -38.051339999999996,
        "registration_date": "1966-05-02",
        "gazette_published_date": null,
        "gazette_reference": null,
        "gazette_url": null,
        "aboriginal_origin": null,
        "gender": null,
        "create_date_ufi": 1721981479413
      }
    },
    {
      "type": "Feature",
      "id": 31611,
      "geometry": { "type": "Point", "coordinates": [145.510890000215, -37.656609999868] },
      "properties": {
        "OBJECTID": 31611,
        "ufi": 27098516,
        "place_id": 17279,
        "name_id": 11470,
        "vicmap_id": 138623,
        "place_name": "HEALESVILLE POLICE STATION",
        "feature_code": "POLS",
        "feature": "POLICE STATION",
        "name_status_code": "REG",
        "name_status": "REGISTERED",
        "longitude": 145.51089,
        "latitude": -37.65661,
        "registration_date": "1966-05-02",
        "gazette_published_date": null,
        "gazette_reference": null,
        "gazette_url": null,
        "aboriginal_origin": null,
        "gender": null,
        "create_date_ufi": 1721981479413
      }
    },
    {
      "type": "Feature",
      "id": 31631,
      "geometry": { "type": "Point", "coordinates": [145.120470000175, -37.9201199997906] },
      "properties": {
        "OBJECTID": 31631,
        "ufi": 27098539,
        "place_id": 13005,
        "name_id": 5585,
        "vicmap_id": 136518,
        "place_name": "CLAYTON POLICE STATION",
        "feature_code": "POLS",
        "feature": "POLICE STATION",
        "name_status_code": "REG",
        "name_status": "REGISTERED",
        "longitude": 145.12046999999998,
        "latitude": -37.92012,
        "registration_date": "1966-05-02",
        "gazette_published_date": null,
        "gazette_reference": null,
        "gazette_url": null,
        "aboriginal_origin": null,
        "gender": null,
        "create_date_ufi": 1721981479413
      }
    },
    {
      "type": "Feature",
      "id": 31847,
      "geometry": { "type": "Point", "coordinates": [144.168420000262, -38.0499199999978] },
      "properties": {
        "OBJECTID": 31847,
        "ufi": 27098785,
        "place_id": 9948,
        "name_id": 1210,
        "vicmap_id": 135159,
        "place_name": "BANNOCKBURN POLICE STATION",
        "feature_code": "POLS",
        "feature": "POLICE STATION",
        "name_status_code": "REG",
        "name_status": "REGISTERED",
        "longitude": 144.16842,
        "latitude": -38.04992,
        "registration_date": "1966-05-02",
        "gazette_published_date": null,
        "gazette_reference": null,
        "gazette_url": null,
        "aboriginal_origin": null,
        "gender": null,
        "create_date_ufi": 1721981479413
      }
    },
    {
      "type": "Feature",
      "id": 31933,
      "geometry": { "type": "Point", "coordinates": [144.959579999939, -37.8348300002123] },
      "properties": {
        "OBJECTID": 31933,
        "ufi": 27098904,
        "place_id": 26031,
        "name_id": 24759,
        "vicmap_id": 143145,
        "place_name": "SOUTH MELBOURNE POLICE STATION",
        "feature_code": "POLS",
        "feature": "POLICE STATION",
        "name_status_code": "REG",
        "name_status": "REGISTERED",
        "longitude": 144.95958,
        "latitude": -37.834830000000004,
        "registration_date": "1966-05-02",
        "gazette_published_date": null,
        "gazette_reference": null,
        "gazette_url": null,
        "aboriginal_origin": null,
        "gender": null,
        "create_date_ufi": 1721981479413
      }
    },
    {
      "type": "Feature",
      "id": 32064,
      "geometry": { "type": "Point", "coordinates": [146.202439999693, -38.6521299996815] },
      "properties": {
        "OBJECTID": 32064,
        "ufi": 27099145,
        "place_id": 15821,
        "name_id": 9381,
        "vicmap_id": 137819,
        "place_name": "FOSTER POLICE STATION",
        "feature_code": "POLS",
        "feature": "POLICE STATION",
        "name_status_code": "REG",
        "name_status": "REGISTERED",
        "longitude": 146.20244000000002,
        "latitude": -38.65213,
        "registration_date": "1966-05-02",
        "gazette_published_date": null,
        "gazette_reference": null,
        "gazette_url": null,
        "aboriginal_origin": null,
        "gender": null,
        "create_date_ufi": 1721981479413
      }
    },
    {
      "type": "Feature",
      "id": 32097,
      "geometry": { "type": "Point", "coordinates": [142.998029999629, -38.6178000003439] },
      "properties": {
        "OBJECTID": 32097,
        "ufi": 27099325,
        "place_id": 6408,
        "name_id": 21638,
        "vicmap_id": 142048,
        "place_name": "PORT CAMPBELL POLICE STATION",
        "feature_code": "POLS",
        "feature": "POLICE STATION",
        "name_status_code": "REG",
        "name_status": "REGISTERED",
        "longitude": 142.99803,
        "latitude": -38.6178,
        "registration_date": "1966-05-02",
        "gazette_published_date": null,
        "gazette_reference": null,
        "gazette_url": null,
        "aboriginal_origin": null,
        "gender": "Man",
        "create_date_ufi": 1721981479413
      }
    },
    {
      "type": "Feature",
      "id": 32104,
      "geometry": { "type": "Point", "coordinates": [142.239360000349, -38.3876500000675] },
      "properties": {
        "OBJECTID": 32104,
        "ufi": 27099333,
        "place_id": 6417,
        "name_id": 21647,
        "vicmap_id": 142051,
        "place_name": "PORT FAIRY POLICE STATION",
        "feature_code": "POLS",
        "feature": "POLICE STATION",
        "name_status_code": "REG",
        "name_status": "REGISTERED",
        "longitude": 142.23935999999998,
        "latitude": -38.38765,
        "registration_date": "1966-05-02",
        "gazette_published_date": null,
        "gazette_reference": null,
        "gazette_url": null,
        "aboriginal_origin": null,
        "gender": null,
        "create_date_ufi": 1721981479413
      }
    },
    {
      "type": "Feature",
      "id": 32219,
      "geometry": { "type": "Point", "coordinates": [144.356930000178, -38.1453500001993] },
      "properties": {
        "OBJECTID": 32219,
        "ufi": 27099514,
        "place_id": 16129,
        "name_id": 9799,
        "vicmap_id": 137915,
        "place_name": "GEELONG POLICE STATION",
        "feature_code": "POLS",
        "feature": "POLICE STATION",
        "name_status_code": "REG",
        "name_status": "REGISTERED",
        "longitude": 144.35693,
        "latitude": -38.14535,
        "registration_date": "1966-05-02",
        "gazette_published_date": null,
        "gazette_reference": null,
        "gazette_url": null,
        "aboriginal_origin": null,
        "gender": null,
        "create_date_ufi": 1721981479413
      }
    },
    {
      "type": "Feature",
      "id": 32318,
      "geometry": { "type": "Point", "coordinates": [144.101499999579, -37.5797899997741] },
      "properties": {
        "OBJECTID": 32318,
        "ufi": 27099641,
        "place_id": 16608,
        "name_id": 10486,
        "vicmap_id": 138267,
        "place_name": "GORDON POLICE STATION",
        "feature_code": "POLS",
        "feature": "POLICE STATION",
        "name_status_code": "REG",
        "name_status": "REGISTERED",
        "longitude": 144.1015,
        "latitude": -37.57979,
        "registration_date": "1966-05-02",
        "gazette_published_date": null,
        "gazette_reference": null,
        "gazette_url": null,
        "aboriginal_origin": null,
        "gender": null,
        "create_date_ufi": 1721981479413
      }
    },
    {
      "type": "Feature",
      "id": 32398,
      "geometry": { "type": "Point", "coordinates": [144.355419999559, -38.0962399998745] },
      "properties": {
        "OBJECTID": 32398,
        "ufi": 27099725,
        "place_id": 22603,
        "name_id": 19970,
        "vicmap_id": null,
        "place_name": "NORLANE POLICE STATION",
        "feature_code": "POLS",
        "feature": "POLICE STATION",
        "name_status_code": "REG",
        "name_status": "REGISTERED",
        "longitude": 144.35542,
        "latitude": -38.09624,
        "registration_date": "1966-05-02",
        "gazette_published_date": null,
        "gazette_reference": null,
        "gazette_url": null,
        "aboriginal_origin": null,
        "gender": null,
        "create_date_ufi": 1721981479413
      }
    },
    {
      "type": "Feature",
      "id": 32658,
      "geometry": { "type": "Point", "coordinates": [145.354619999553, -37.9080799996672] },
      "properties": {
        "OBJECTID": 32658,
        "ufi": 27100004,
        "place_id": 10320,
        "name_id": 1753,
        "vicmap_id": 135331,
        "place_name": "BELGRAVE POLICE STATION",
        "feature_code": "POLS",
        "feature": "POLICE STATION",
        "name_status_code": "REG",
        "name_status": "REGISTERED",
        "longitude": 145.35462,
        "latitude": -37.90808,
        "registration_date": "1966-05-02",
        "gazette_published_date": null,
        "gazette_reference": null,
        "gazette_url": null,
        "aboriginal_origin": null,
        "gender": null,
        "create_date_ufi": 1721981479413
      }
    },
    {
      "type": "Feature",
      "id": 32811,
      "geometry": { "type": "Point", "coordinates": [144.937919999675, -37.7376300001038] },
      "properties": {
        "OBJECTID": 32811,
        "ufi": 27100166,
        "place_id": 23247,
        "name_id": 20838,
        "vicmap_id": null,
        "place_name": "PASCOE VALE POLICE STATION",
        "feature_code": "POLS",
        "feature": "POLICE STATION",
        "name_status_code": "REG",
        "name_status": "REGISTERED",
        "longitude": 144.93792000000002,
        "latitude": -37.73763,
        "registration_date": "1966-05-02",
        "gazette_published_date": null,
        "gazette_reference": null,
        "gazette_url": null,
        "aboriginal_origin": null,
        "gender": null,
        "create_date_ufi": 1721981479413
      }
    },
    {
      "type": "Feature",
      "id": 32845,
      "geometry": { "type": "Point", "coordinates": [144.999579999654, -37.8174400002465] },
      "properties": {
        "OBJECTID": 32845,
        "ufi": 27100201,
        "place_id": 24387,
        "name_id": 22579,
        "vicmap_id": 142321,
        "place_name": "RICHMOND POLICE STATION",
        "feature_code": "POLS",
        "feature": "POLICE STATION",
        "name_status_code": "REG",
        "name_status": "REGISTERED",
        "longitude": 144.99958,
        "latitude": -37.81744,
        "registration_date": "1966-05-02",
        "gazette_published_date": null,
        "gazette_reference": null,
        "gazette_url": null,
        "aboriginal_origin": null,
        "gender": null,
        "create_date_ufi": 1721981479413
      }
    },
    {
      "type": "Feature",
      "id": 32898,
      "geometry": { "type": "Point", "coordinates": [142.186789999729, -34.3040299997742] },
      "properties": {
        "OBJECTID": 32898,
        "ufi": 27100257,
        "place_id": 6661,
        "name_id": 22271,
        "vicmap_id": 142248,
        "place_name": "RED CLIFFS POLICE STATION",
        "feature_code": "POLS",
        "feature": "POLICE STATION",
        "name_status_code": "REG",
        "name_status": "REGISTERED",
        "longitude": 142.18679,
        "latitude": -34.304030000000004,
        "registration_date": "1966-05-02",
        "gazette_published_date": null,
        "gazette_reference": null,
        "gazette_url": null,
        "aboriginal_origin": null,
        "gender": null,
        "create_date_ufi": 1721981479413
      }
    },
    {
      "type": "Feature",
      "id": 33017,
      "geometry": { "type": "Point", "coordinates": [145.03684000031, -38.2164900001408] },
      "properties": {
        "OBJECTID": 33017,
        "ufi": 27100382,
        "place_id": 21560,
        "name_id": 17736,
        "vicmap_id": 140920,
        "place_name": "MORNINGTON POLICE STATION",
        "feature_code": "POLS",
        "feature": "POLICE STATION",
        "name_status_code": "REG",
        "name_status": "REGISTERED",
        "longitude": 145.03684,
        "latitude": -38.21649,
        "registration_date": "1966-05-02",
        "gazette_published_date": null,
        "gazette_reference": null,
        "gazette_url": null,
        "aboriginal_origin": null,
        "gender": null,
        "create_date_ufi": 1721981479413
      }
    },
    {
      "type": "Feature",
      "id": 33048,
      "geometry": { "type": "Point", "coordinates": [144.06380999965, -37.1055299999669] },
      "properties": {
        "OBJECTID": 33048,
        "ufi": 27100415,
        "place_id": 22466,
        "name_id": 19726,
        "vicmap_id": 141393,
        "place_name": "NEWSTEAD POLICE STATION",
        "feature_code": "POLS",
        "feature": "POLICE STATION",
        "name_status_code": "REG",
        "name_status": "REGISTERED",
        "longitude": 144.06381,
        "latitude": -37.10553,
        "registration_date": "1966-05-02",
        "gazette_published_date": null,
        "gazette_reference": null,
        "gazette_url": null,
        "aboriginal_origin": null,
        "gender": null,
        "create_date_ufi": 1721981479413
      }
    },
    {
      "type": "Feature",
      "id": 33175,
      "geometry": { "type": "Point", "coordinates": [145.124669999624, -38.1388899996996] },
      "properties": {
        "OBJECTID": 33175,
        "ufi": 27100591,
        "place_id": 15896,
        "name_id": 9472,
        "vicmap_id": 137846,
        "place_name": "FRANKSTON POLICE STATION",
        "feature_code": "POLS",
        "feature": "POLICE STATION",
        "name_status_code": "REG",
        "name_status": "REGISTERED",
        "longitude": 145.12466999999998,
        "latitude": -38.13889,
        "registration_date": "1966-05-02",
        "gazette_published_date": null,
        "gazette_reference": null,
        "gazette_url": null,
        "aboriginal_origin": null,
        "gender": null,
        "create_date_ufi": 1721981479413
      }
    },
    {
      "type": "Feature",
      "id": 33341,
      "geometry": { "type": "Point", "coordinates": [146.610579999942, -36.1481300001271] },
      "properties": {
        "OBJECTID": 33341,
        "ufi": 27100847,
        "place_id": 12877,
        "name_id": 5409,
        "vicmap_id": 136446,
        "place_name": "CHILTERN POLICE STATION",
        "feature_code": "POLS",
        "feature": "POLICE STATION",
        "name_status_code": "REG",
        "name_status": "REGISTERED",
        "longitude": 146.61058,
        "latitude": -36.14813,
        "registration_date": "1966-05-02",
        "gazette_published_date": null,
        "gazette_reference": null,
        "gazette_url": null,
        "aboriginal_origin": null,
        "gender": null,
        "create_date_ufi": 1721981479413
      }
    },
    {
      "type": "Feature",
      "id": 33414,
      "geometry": { "type": "Point", "coordinates": [147.733689999898, -35.9649599999007] },
      "properties": {
        "OBJECTID": 33414,
        "ufi": 27100983,
        "place_id": 28762,
        "name_id": 28381,
        "vicmap_id": 612054,
        "place_name": "WALWA POLICE STATION",
        "feature_code": "POLS",
        "feature": "POLICE STATION",
        "name_status_code": "REG",
        "name_status": "REGISTERED",
        "longitude": 147.73369,
        "latitude": -35.96496,
        "registration_date": "1966-05-02",
        "gazette_published_date": null,
        "gazette_reference": null,
        "gazette_url": null,
        "aboriginal_origin": null,
        "gender": null,
        "create_date_ufi": 1721981479413
      }
    },
    {
      "type": "Feature",
      "id": 33456,
      "geometry": { "type": "Point", "coordinates": [145.715269999961, -36.6361599999806] },
      "properties": {
        "OBJECTID": 33456,
        "ufi": 27101026,
        "place_id": 28594,
        "name_id": 28111,
        "vicmap_id": 611982,
        "place_name": "VIOLET TOWN POLICE STATION",
        "feature_code": "POLS",
        "feature": "POLICE STATION",
        "name_status_code": "REG",
        "name_status": "REGISTERED",
        "longitude": 145.71527,
        "latitude": -36.63616,
        "registration_date": "1966-05-02",
        "gazette_published_date": null,
        "gazette_reference": null,
        "gazette_url": null,
        "aboriginal_origin": null,
        "gender": null,
        "create_date_ufi": 1721981479413
      }
    },
    {
      "type": "Feature",
      "id": 33556,
      "geometry": { "type": "Point", "coordinates": [145.231480000418, -36.4399400002231] },
      "properties": {
        "OBJECTID": 33556,
        "ufi": 27101138,
        "place_id": 27191,
        "name_id": 26243,
        "vicmap_id": 144133,
        "place_name": "TATURA POLICE STATION",
        "feature_code": "POLS",
        "feature": "POLICE STATION",
        "name_status_code": "REG",
        "name_status": "REGISTERED",
        "longitude": 145.23148,
        "latitude": -36.43994,
        "registration_date": "1966-05-02",
        "gazette_published_date": null,
        "gazette_reference": null,
        "gazette_url": null,
        "aboriginal_origin": null,
        "gender": null,
        "create_date_ufi": 1721981479413
      }
    },
    {
      "type": "Feature",
      "id": 33826,
      "geometry": { "type": "Point", "coordinates": [144.567779999874, -37.4229100003199] },
      "properties": {
        "OBJECTID": 33826,
        "ufi": 27101442,
        "place_id": 20134,
        "name_id": 15801,
        "vicmap_id": 140194,
        "place_name": "MACEDON POLICE STATION",
        "feature_code": "POLS",
        "feature": "POLICE STATION",
        "name_status_code": "REG",
        "name_status": "REGISTERED",
        "longitude": 144.56778,
        "latitude": -37.42291,
        "registration_date": "1966-05-02",
        "gazette_published_date": null,
        "gazette_reference": null,
        "gazette_url": null,
        "aboriginal_origin": null,
        "gender": null,
        "create_date_ufi": 1721981479413
      }
    },
    {
      "type": "Feature",
      "id": 34031,
      "geometry": { "type": "Point", "coordinates": [146.417390000178, -38.3077199997839] },
      "properties": {
        "OBJECTID": 34031,
        "ufi": 27101653,
        "place_id": 12952,
        "name_id": 5515,
        "vicmap_id": 136480,
        "place_name": "CHURCHILL POLICE STATION",
        "feature_code": "POLS",
        "feature": "POLICE STATION",
        "name_status_code": "REG",
        "name_status": "REGISTERED",
        "longitude": 146.41739,
        "latitude": -38.307719999999996,
        "registration_date": "1966-05-02",
        "gazette_published_date": null,
        "gazette_reference": null,
        "gazette_url": null,
        "aboriginal_origin": null,
        "gender": null,
        "create_date_ufi": 1721981479413
      }
    },
    {
      "type": "Feature",
      "id": 34040,
      "geometry": { "type": "Point", "coordinates": [144.959870000367, -37.8092899996834] },
      "properties": {
        "OBJECTID": 34040,
        "ufi": 27101663,
        "place_id": 12968,
        "name_id": 5534,
        "vicmap_id": null,
        "place_name": "CITY WEST POLICE STATION",
        "feature_code": "POLS",
        "feature": "POLICE STATION",
        "name_status_code": "REG",
        "name_status": "REGISTERED",
        "longitude": 144.95987,
        "latitude": -37.80929,
        "registration_date": "1966-05-02",
        "gazette_published_date": null,
        "gazette_reference": null,
        "gazette_url": null,
        "aboriginal_origin": null,
        "gender": null,
        "create_date_ufi": 1721981479413
      }
    },
    {
      "type": "Feature",
      "id": 34145,
      "geometry": { "type": "Point", "coordinates": [143.70376000019, -36.3559600000942] },
      "properties": {
        "OBJECTID": 34145,
        "ufi": 27101778,
        "place_id": 4237,
        "name_id": 13906,
        "vicmap_id": null,
        "place_name": "KORONG VALE POLICE STATION",
        "feature_code": "POLS",
        "feature": "POLICE STATION",
        "name_status_code": "REG",
        "name_status": "REGISTERED",
        "longitude": 143.70376,
        "latitude": -36.355959999999996,
        "registration_date": "1966-05-02",
        "gazette_published_date": null,
        "gazette_reference": null,
        "gazette_url": null,
        "aboriginal_origin": null,
        "gender": null,
        "create_date_ufi": 1721981479413
      }
    },
    {
      "type": "Feature",
      "id": 35797,
      "geometry": { "type": "Point", "coordinates": [142.590420000009, -38.3851300003384] },
      "properties": {
        "OBJECTID": 35797,
        "ufi": 35487272,
        "place_id": 64,
        "name_id": 232,
        "vicmap_id": null,
        "place_name": "ALLANSFORD POLICE STATION",
        "feature_code": "POLS",
        "feature": "POLICE STATION",
        "name_status_code": "REG",
        "name_status": "REGISTERED",
        "longitude": 142.59042,
        "latitude": -38.385130000000004,
        "registration_date": "1966-05-02",
        "gazette_published_date": null,
        "gazette_reference": null,
        "gazette_url": null,
        "aboriginal_origin": null,
        "gender": "Multi Gender",
        "create_date_ufi": 1753509157808
      }
    },
    {
      "type": "Feature",
      "id": 35860,
      "geometry": { "type": "Point", "coordinates": [143.859130000329, -37.5641700002816] },
      "properties": {
        "OBJECTID": 35860,
        "ufi": 35487334,
        "place_id": 344,
        "name_id": 1071,
        "vicmap_id": 135086,
        "place_name": "BALLARAT POLICE STATION",
        "feature_code": "POLS",
        "feature": "POLICE STATION",
        "name_status_code": "REG",
        "name_status": "REGISTERED",
        "longitude": 143.85913000000002,
        "latitude": -37.564170000000004,
        "registration_date": "1966-05-02",
        "gazette_published_date": null,
        "gazette_reference": null,
        "gazette_url": null,
        "aboriginal_origin": "Aboriginal Name",
        "gender": "No Gender",
        "create_date_ufi": 1753509157808
      }
    },
    {
      "type": "Feature",
      "id": 35905,
      "geometry": { "type": "Point", "coordinates": [143.640069999909, -38.1952900002283] },
      "properties": {
        "OBJECTID": 35905,
        "ufi": 35487380,
        "place_id": 559,
        "name_id": 1689,
        "vicmap_id": 135303,
        "place_name": "BEEAC POLICE STATION",
        "feature_code": "POLS",
        "feature": "POLICE STATION",
        "name_status_code": "REG",
        "name_status": "REGISTERED",
        "longitude": 143.64006999999998,
        "latitude": -38.19529,
        "registration_date": "1966-05-02",
        "gazette_published_date": null,
        "gazette_reference": null,
        "gazette_url": null,
        "aboriginal_origin": "Aboriginal Name",
        "gender": "No Gender",
        "create_date_ufi": 1753509157808
      }
    },
    {
      "type": "Feature",
      "id": 35937,
      "geometry": { "type": "Point", "coordinates": [142.917329999692, -35.9797899998211] },
      "properties": {
        "OBJECTID": 35937,
        "ufi": 35487411,
        "place_id": 728,
        "name_id": 2323,
        "vicmap_id": 135578,
        "place_name": "BIRCHIP POLICE STATION",
        "feature_code": "POLS",
        "feature": "POLICE STATION",
        "name_status_code": "REG",
        "name_status": "REGISTERED",
        "longitude": 142.91733000000002,
        "latitude": -35.97979,
        "registration_date": "1966-05-02",
        "gazette_published_date": null,
        "gazette_reference": null,
        "gazette_url": null,
        "aboriginal_origin": "Aboriginal Name",
        "gender": "No Gender",
        "create_date_ufi": 1753509157808
      }
    },
    {
      "type": "Feature",
      "id": 35946,
      "geometry": { "type": "Point", "coordinates": [143.782720000253, -38.3362899997247] },
      "properties": {
        "OBJECTID": 35946,
        "ufi": 35487420,
        "place_id": 741,
        "name_id": 2351,
        "vicmap_id": 135589,
        "place_name": "BIRREGURRA POLICE STATION",
        "feature_code": "POLS",
        "feature": "POLICE STATION",
        "name_status_code": "REG",
        "name_status": "REGISTERED",
        "longitude": 143.78272,
        "latitude": -38.33629,
        "registration_date": "1966-05-02",
        "gazette_published_date": null,
        "gazette_reference": null,
        "gazette_url": null,
        "aboriginal_origin": "Aboriginal Name",
        "gender": "No Gender",
        "create_date_ufi": 1753509157808
      }
    },
    {
      "type": "Feature",
      "id": 35973,
      "geometry": { "type": "Point", "coordinates": [141.798759999842, -37.8584099997758] },
      "properties": {
        "OBJECTID": 35973,
        "ufi": 35487447,
        "place_id": 1017,
        "name_id": 3288,
        "vicmap_id": 135789,
        "place_name": "BRANXHOLME POLICE STATION",
        "feature_code": "POLS",
        "feature": "POLICE STATION",
        "name_status_code": "REG",
        "name_status": "REGISTERED",
        "longitude": 141.79876,
        "latitude": -37.858410000000006,
        "registration_date": "1966-05-02",
        "gazette_published_date": null,
        "gazette_reference": null,
        "gazette_url": null,
        "aboriginal_origin": null,
        "gender": "No Gender",
        "create_date_ufi": 1753509157808
      }
    },
    {
      "type": "Feature",
      "id": 36004,
      "geometry": { "type": "Point", "coordinates": [143.884650000284, -37.6515400001099] },
      "properties": {
        "OBJECTID": 36004,
        "ufi": 35487481,
        "place_id": 1258,
        "name_id": 4076,
        "vicmap_id": 135996,
        "place_name": "BUNINYONG POLICE STATION",
        "feature_code": "POLS",
        "feature": "POLICE STATION",
        "name_status_code": "REG",
        "name_status": "REGISTERED",
        "longitude": 143.88465,
        "latitude": -37.65154,
        "registration_date": "1966-05-02",
        "gazette_published_date": null,
        "gazette_reference": null,
        "gazette_url": null,
        "aboriginal_origin": "Aboriginal Name",
        "gender": "No Gender",
        "create_date_ufi": 1753509157808
      }
    },
    {
      "type": "Feature",
      "id": 36035,
      "geometry": { "type": "Point", "coordinates": [142.040420000335, -37.5271900002211] },
      "properties": {
        "OBJECTID": 36035,
        "ufi": 35487511,
        "place_id": 1614,
        "name_id": 5066,
        "vicmap_id": 136352,
        "place_name": "CAVENDISH POLICE STATION",
        "feature_code": "POLS",
        "feature": "POLICE STATION",
        "name_status_code": "REG",
        "name_status": "REGISTERED",
        "longitude": 142.04042,
        "latitude": -37.52719,
        "registration_date": "1966-05-02",
        "gazette_published_date": null,
        "gazette_reference": null,
        "gazette_url": null,
        "aboriginal_origin": null,
        "gender": "Man",
        "create_date_ufi": 1753509157808
      }
    },
    {
      "type": "Feature",
      "id": 36062,
      "geometry": { "type": "Point", "coordinates": [143.592559999977, -38.3377400002924] },
      "properties": {
        "OBJECTID": 36062,
        "ufi": 35487537,
        "place_id": 1870,
        "name_id": 5899,
        "vicmap_id": 136638,
        "place_name": "COLAC POLICE STATION",
        "feature_code": "POLS",
        "feature": "POLICE STATION",
        "name_status_code": "REG",
        "name_status": "REGISTERED",
        "longitude": 143.59256,
        "latitude": -38.33774,
        "registration_date": "1966-05-02",
        "gazette_published_date": null,
        "gazette_reference": null,
        "gazette_url": null,
        "aboriginal_origin": "Aboriginal Name",
        "gender": "No Gender",
        "create_date_ufi": 1753509157808
      }
    },
    {
      "type": "Feature",
      "id": 36106,
      "geometry": { "type": "Point", "coordinates": [143.106269999778, -35.7174599999364] },
      "properties": {
        "OBJECTID": 36106,
        "ufi": 35487581,
        "place_id": 2127,
        "name_id": 6685,
        "vicmap_id": 136966,
        "place_name": "CULGOA POLICE STATION",
        "feature_code": "POLS",
        "feature": "POLICE STATION",
        "name_status_code": "REG",
        "name_status": "REGISTERED",
        "longitude": 143.10627,
        "latitude": -35.717459999999996,
        "registration_date": "1966-05-02",
        "gazette_published_date": null,
        "gazette_reference": null,
        "gazette_url": null,
        "aboriginal_origin": "Aboriginal Name",
        "gender": "No Gender",
        "create_date_ufi": 1753509157808
      }
    },
    {
      "type": "Feature",
      "id": 36482,
      "geometry": { "type": "Point", "coordinates": [143.259520000101, -36.617060000103] },
      "properties": {
        "OBJECTID": 36482,
        "ufi": 35487954,
        "place_id": 6910,
        "name_id": 103666,
        "vicmap_id": 143293,
        "place_name": "ST ARNAUD POLICE STATION",
        "feature_code": "POLS",
        "feature": "POLICE STATION",
        "name_status_code": "REG",
        "name_status": "REGISTERED",
        "longitude": 143.25952,
        "latitude": -36.617059999999995,
        "registration_date": "2009-06-06",
        "gazette_published_date": "2009-05-07",
        "gazette_reference": "g19, p1058",
        "gazette_url": null,
        "aboriginal_origin": null,
        "gender": null,
        "create_date_ufi": 1753509157808
      }
    },
    {
      "type": "Feature",
      "id": 36551,
      "geometry": { "type": "Point", "coordinates": [143.833140000021, -36.7701099997114] },
      "properties": {
        "OBJECTID": 36551,
        "ufi": 35488021,
        "place_id": 7615,
        "name_id": 26141,
        "vicmap_id": 144106,
        "place_name": "TARNAGULLA POLICE STATION",
        "feature_code": "POLS",
        "feature": "POLICE STATION",
        "name_status_code": "REG",
        "name_status": "REGISTERED",
        "longitude": 143.83314000000001,
        "latitude": -36.77011,
        "registration_date": "1966-05-02",
        "gazette_published_date": null,
        "gazette_reference": null,
        "gazette_url": null,
        "aboriginal_origin": "Aboriginal Name",
        "gender": "No Gender",
        "create_date_ufi": 1753509157808
      }
    },
    {
      "type": "Feature",
      "id": 36588,
      "geometry": { "type": "Point", "coordinates": [142.919640000378, -38.2407999998695] },
      "properties": {
        "OBJECTID": 36588,
        "ufi": 35488058,
        "place_id": 7715,
        "name_id": 26431,
        "vicmap_id": 144185,
        "place_name": "TERANG POLICE STATION",
        "feature_code": "POLS",
        "feature": "POLICE STATION",
        "name_status_code": "REG",
        "name_status": "REGISTERED",
        "longitude": 142.91964000000002,
        "latitude": -38.2408,
        "registration_date": "1966-05-02",
        "gazette_published_date": null,
        "gazette_reference": null,
        "gazette_url": null,
        "aboriginal_origin": "Aboriginal Name",
        "gender": "No Gender",
        "create_date_ufi": 1753509157808
      }
    },
    {
      "type": "Feature",
      "id": 36605,
      "geometry": { "type": "Point", "coordinates": [142.971260000245, -38.4834300000155] },
      "properties": {
        "OBJECTID": 36605,
        "ufi": 35488075,
        "place_id": 7866,
        "name_id": 27047,
        "vicmap_id": 144427,
        "place_name": "TIMBOON POLICE STATION",
        "feature_code": "POLS",
        "feature": "POLICE STATION",
        "name_status_code": "REG",
        "name_status": "REGISTERED",
        "longitude": 142.97126,
        "latitude": -38.483430000000006,
        "registration_date": "1966-05-02",
        "gazette_published_date": null,
        "gazette_reference": null,
        "gazette_url": null,
        "aboriginal_origin": "Aboriginal Name",
        "gender": "No Gender",
        "create_date_ufi": 1753509157808
      }
    },
    {
      "type": "Feature",
      "id": 36682,
      "geometry": { "type": "Point", "coordinates": [142.478510000141, -38.3810800002152] },
      "properties": {
        "OBJECTID": 36682,
        "ufi": 35488152,
        "place_id": 8390,
        "name_id": 28680,
        "vicmap_id": 612199,
        "place_name": "WARRNAMBOOL POLICE STATION",
        "feature_code": "POLS",
        "feature": "POLICE STATION",
        "name_status_code": "REG",
        "name_status": "REGISTERED",
        "longitude": 142.47851,
        "latitude": -38.38108,
        "registration_date": "1966-05-02",
        "gazette_published_date": null,
        "gazette_reference": null,
        "gazette_url": null,
        "aboriginal_origin": "Derived Aboriginal",
        "gender": "No Gender",
        "create_date_ufi": 1753509157808
      }
    },
    {
      "type": "Feature",
      "id": 36759,
      "geometry": { "type": "Point", "coordinates": [142.665739999591, -35.6810200000807] },
      "properties": {
        "OBJECTID": 36759,
        "ufi": 35488228,
        "place_id": 8848,
        "name_id": 30061,
        "vicmap_id": 612763,
        "place_name": "WOOMELANG POLICE STATION",
        "feature_code": "POLS",
        "feature": "POLICE STATION",
        "name_status_code": "REG",
        "name_status": "REGISTERED",
        "longitude": 142.66574,
        "latitude": -35.68102,
        "registration_date": "1966-05-02",
        "gazette_published_date": null,
        "gazette_reference": null,
        "gazette_url": null,
        "aboriginal_origin": "Derived Aboriginal",
        "gender": "No Gender",
        "create_date_ufi": 1753509157808
      }
    },
    {
      "type": "Feature",
      "id": 36778,
      "geometry": { "type": "Point", "coordinates": [143.225970000245, -36.0744400000893] },
      "properties": {
        "OBJECTID": 36778,
        "ufi": 35488247,
        "place_id": 8919,
        "name_id": 30226,
        "vicmap_id": 612814,
        "place_name": "WYCHEPROOF POLICE STATION",
        "feature_code": "POLS",
        "feature": "POLICE STATION",
        "name_status_code": "REG",
        "name_status": "REGISTERED",
        "longitude": 143.22597,
        "latitude": -36.074439999999996,
        "registration_date": "1966-05-02",
        "gazette_published_date": null,
        "gazette_reference": null,
        "gazette_url": null,
        "aboriginal_origin": "Aboriginal Name",
        "gender": "No Gender",
        "create_date_ufi": 1753509157808
      }
    },
    {
      "type": "Feature",
      "id": 36871,
      "geometry": { "type": "Point", "coordinates": [144.844730000097, -37.8360800003298] },
      "properties": {
        "OBJECTID": 36871,
        "ufi": 35488340,
        "place_id": 9337,
        "name_id": 290,
        "vicmap_id": 134775,
        "place_name": "ALTONA NORTH POLICE STATION",
        "feature_code": "POLS",
        "feature": "POLICE STATION",
        "name_status_code": "REG",
        "name_status": "REGISTERED",
        "longitude": 144.84473,
        "latitude": -37.836079999999995,
        "registration_date": "1966-05-02",
        "gazette_published_date": null,
        "gazette_reference": null,
        "gazette_url": null,
        "aboriginal_origin": null,
        "gender": "No Gender",
        "create_date_ufi": 1753509157808
      }
    },
    {
      "type": "Feature",
      "id": 36985,
      "geometry": { "type": "Point", "coordinates": [146.265699999805, -37.8406800001234] },
      "properties": {
        "OBJECTID": 36985,
        "ufi": 35488455,
        "place_id": 10173,
        "name_id": 1543,
        "vicmap_id": null,
        "place_name": "BAW BAW VILLAGE POLICE STATION",
        "feature_code": "POLS",
        "feature": "POLICE STATION",
        "name_status_code": "REG",
        "name_status": "REGISTERED",
        "longitude": 146.2657,
        "latitude": -37.84068,
        "registration_date": "1966-05-02",
        "gazette_published_date": null,
        "gazette_reference": null,
        "gazette_url": null,
        "aboriginal_origin": "Aboriginal Name",
        "gender": "No Gender",
        "create_date_ufi": 1753509157808
      }
    },
    {
      "type": "Feature",
      "id": 37011,
      "geometry": { "type": "Point", "coordinates": [145.974649999763, -36.5559199999426] },
      "properties": {
        "OBJECTID": 37011,
        "ufi": 35488482,
        "place_id": 10431,
        "name_id": 1886,
        "vicmap_id": 135404,
        "place_name": "BENALLA POLICE STATION",
        "feature_code": "POLS",
        "feature": "POLICE STATION",
        "name_status_code": "REG",
        "name_status": "REGISTERED",
        "longitude": 145.97465,
        "latitude": -36.55592,
        "registration_date": "2012-12-20",
        "gazette_published_date": null,
        "gazette_reference": null,
        "gazette_url": null,
        "aboriginal_origin": "Aboriginal Name",
        "gender": "No Gender",
        "create_date_ufi": 1753509157808
      }
    },
    {
      "type": "Feature",
      "id": 37068,
      "geometry": { "type": "Point", "coordinates": [146.27232999959, -38.380430000056] },
      "properties": {
        "OBJECTID": 37068,
        "ufi": 35488540,
        "place_id": 11212,
        "name_id": 2932,
        "vicmap_id": 135694,
        "place_name": "BOOLARRA POLICE STATION",
        "feature_code": "POLS",
        "feature": "POLICE STATION",
        "name_status_code": "REG",
        "name_status": "REGISTERED",
        "longitude": 146.27233,
        "latitude": -38.380430000000004,
        "registration_date": "1966-05-02",
        "gazette_published_date": "2012-01-01",
        "gazette_reference": null,
        "gazette_url": null,
        "aboriginal_origin": "Aboriginal Name",
        "gender": null,
        "create_date_ufi": 1753509157808
      }
    },
    {
      "type": "Feature",
      "id": 37100,
      "geometry": { "type": "Point", "coordinates": [147.069630000403, -37.8434200002122] },
      "properties": {
        "OBJECTID": 37100,
        "ufi": 35488572,
        "place_id": 11481,
        "name_id": 3357,
        "vicmap_id": 135807,
        "place_name": "BRIAGOLONG POLICE STATION",
        "feature_code": "POLS",
        "feature": "POLICE STATION",
        "name_status_code": "REG",
        "name_status": "REGISTERED",
        "longitude": 147.06963000000002,
        "latitude": -37.84342,
        "registration_date": "1966-05-02",
        "gazette_published_date": null,
        "gazette_reference": null,
        "gazette_url": null,
        "aboriginal_origin": "Aboriginal Name",
        "gender": "No Gender",
        "create_date_ufi": 1753509157808
      }
    },
    {
      "type": "Feature",
      "id": 37141,
      "geometry": { "type": "Point", "coordinates": [145.717809999901, -38.0974999996937] },
      "properties": {
        "OBJECTID": 37141,
        "ufi": 35488617,
        "place_id": 12032,
        "name_id": 4101,
        "vicmap_id": 136003,
        "place_name": "BUNYIP POLICE STATION",
        "feature_code": "POLS",
        "feature": "POLICE STATION",
        "name_status_code": "REG",
        "name_status": "REGISTERED",
        "longitude": 145.71781000000001,
        "latitude": -38.0975,
        "registration_date": "1966-05-02",
        "gazette_published_date": null,
        "gazette_reference": null,
        "gazette_url": null,
        "aboriginal_origin": "Aboriginal Name",
        "gender": "No Gender",
        "create_date_ufi": 1753509157808
      }
    },
    {
      "type": "Feature",
      "id": 37271,
      "geometry": { "type": "Point", "coordinates": [144.99357000001, -37.8040300000695] },
      "properties": {
        "OBJECTID": 37271,
        "ufi": 35488753,
        "place_id": 13291,
        "name_id": 5975,
        "vicmap_id": 136672,
        "place_name": "COLLINGWOOD POLICE STATION",
        "feature_code": "POLS",
        "feature": "POLICE STATION",
        "name_status_code": "REG",
        "name_status": "REGISTERED",
        "longitude": 144.99357,
        "latitude": -37.804030000000004,
        "registration_date": "1966-05-02",
        "gazette_published_date": null,
        "gazette_reference": null,
        "gazette_url": null,
        "aboriginal_origin": null,
        "gender": "Man",
        "create_date_ufi": 1753509157808
      }
    },
    {
      "type": "Feature",
      "id": 37357,
      "geometry": { "type": "Point", "coordinates": [147.017609999604, -36.4716100002396] },
      "properties": {
        "OBJECTID": 37357,
        "ufi": 35488839,
        "place_id": 14102,
        "name_id": 7121,
        "vicmap_id": 137104,
        "place_name": "DEDERANG POLICE STATION",
        "feature_code": "POLS",
        "feature": "POLICE STATION",
        "name_status_code": "REG",
        "name_status": "REGISTERED",
        "longitude": 147.01761,
        "latitude": -36.471610000000005,
        "registration_date": "1966-05-02",
        "gazette_published_date": null,
        "gazette_reference": null,
        "gazette_url": null,
        "aboriginal_origin": "Aboriginal Name",
        "gender": "No Gender",
        "create_date_ufi": 1753509157808
      }
    },
    {
      "type": "Feature",
      "id": 37411,
      "geometry": { "type": "Point", "coordinates": [144.754270000431, -36.1258900003569] },
      "properties": {
        "OBJECTID": 37411,
        "ufi": 35488897,
        "place_id": 14938,
        "name_id": 8299,
        "vicmap_id": 137416,
        "place_name": "ECHUCA POLICE STATION",
        "feature_code": "POLS",
        "feature": "POLICE STATION",
        "name_status_code": "REG",
        "name_status": "REGISTERED",
        "longitude": 144.75427,
        "latitude": -36.12589,
        "registration_date": "1966-05-02",
        "gazette_published_date": null,
        "gazette_reference": null,
        "gazette_url": null,
        "aboriginal_origin": "Aboriginal Name",
        "gender": "No Gender",
        "create_date_ufi": 1753509157808
      }
    },
    {
      "type": "Feature",
      "id": 37523,
      "geometry": { "type": "Point", "coordinates": [144.367120000077, -35.9556899999788] },
      "properties": {
        "OBJECTID": 37523,
        "ufi": 35489013,
        "place_id": 16955,
        "name_id": 11015,
        "vicmap_id": 138463,
        "place_name": "GUNBOWER POLICE STATION",
        "feature_code": "POLS",
        "feature": "POLICE STATION",
        "name_status_code": "REG",
        "name_status": "REGISTERED",
        "longitude": 144.36712,
        "latitude": -35.95569,
        "registration_date": "1966-05-02",
        "gazette_published_date": null,
        "gazette_reference": null,
        "gazette_url": null,
        "aboriginal_origin": "Aboriginal Name",
        "gender": "No Gender",
        "create_date_ufi": 1753509157808
      }
    },
    {
      "type": "Feature",
      "id": 37532,
      "geometry": { "type": "Point", "coordinates": [147.017370000303, -36.4709600000136] },
      "properties": {
        "OBJECTID": 37532,
        "ufi": 35489022,
        "place_id": 16967,
        "name_id": 11028,
        "vicmap_id": null,
        "place_name": "GUNDOWRING POLICE STATION",
        "feature_code": "POLS",
        "feature": "POLICE STATION",
        "name_status_code": "REG",
        "name_status": "REGISTERED",
        "longitude": 147.01737,
        "latitude": -36.47096,
        "registration_date": "1966-05-02",
        "gazette_published_date": null,
        "gazette_reference": null,
        "gazette_url": null,
        "aboriginal_origin": "Aboriginal Name",
        "gender": "No Gender",
        "create_date_ufi": 1753509157808
      }
    },
    {
      "type": "Feature",
      "id": 37674,
      "geometry": { "type": "Point", "coordinates": [145.488759999598, -38.2004000003224] },
      "properties": {
        "OBJECTID": 37674,
        "ufi": 35489166,
        "place_id": 18964,
        "name_id": 13800,
        "vicmap_id": null,
        "place_name": "KOO-WEE-RUP POLICE STATION",
        "feature_code": "POLS",
        "feature": "POLICE STATION",
        "name_status_code": "REG",
        "name_status": "REGISTERED",
        "longitude": 145.48875999999998,
        "latitude": -38.2004,
        "registration_date": "1966-05-02",
        "gazette_published_date": null,
        "gazette_reference": null,
        "gazette_url": null,
        "aboriginal_origin": "Aboriginal Name",
        "gender": "No Gender",
        "create_date_ufi": 1753509157808
      }
    },
    {
      "type": "Feature",
      "id": 37700,
      "geometry": { "type": "Point", "coordinates": [145.052570000398, -36.3136800001752] },
      "properties": {
        "OBJECTID": 37700,
        "ufi": 35489197,
        "place_id": 19094,
        "name_id": 14027,
        "vicmap_id": 139698,
        "place_name": "KYABRAM POLICE STATION",
        "feature_code": "POLS",
        "feature": "POLICE STATION",
        "name_status_code": "REG",
        "name_status": "REGISTERED",
        "longitude": 145.05257,
        "latitude": -36.31368,
        "registration_date": "1966-05-02",
        "gazette_published_date": null,
        "gazette_reference": null,
        "gazette_url": null,
        "aboriginal_origin": "Aboriginal Name",
        "gender": "No Gender",
        "create_date_ufi": 1753509157808
      }
    },
    {
      "type": "Feature",
      "id": 37719,
      "geometry": { "type": "Point", "coordinates": [145.563480000028, -38.2652900001893] },
      "properties": {
        "OBJECTID": 37719,
        "ufi": 35489216,
        "place_id": 19258,
        "name_id": 14597,
        "vicmap_id": 139811,
        "place_name": "LANG LANG POLICE STATION",
        "feature_code": "POLS",
        "feature": "POLICE STATION",
        "name_status_code": "REG",
        "name_status": "REGISTERED",
        "longitude": 145.56348,
        "latitude": -38.26529,
        "registration_date": "1966-05-02",
        "gazette_published_date": null,
        "gazette_reference": null,
        "gazette_url": null,
        "aboriginal_origin": "Aboriginal Name",
        "gender": "No Gender",
        "create_date_ufi": 1753509157808
      }
    },
    {
      "type": "Feature",
      "id": 37756,
      "geometry": { "type": "Point", "coordinates": [145.945959999681, -38.4750100001765] },
      "properties": {
        "OBJECTID": 37756,
        "ufi": 35489255,
        "place_id": 19432,
        "name_id": 14858,
        "vicmap_id": 139925,
        "place_name": "LEONGATHA POLICE STATION",
        "feature_code": "POLS",
        "feature": "POLICE STATION",
        "name_status_code": "REG",
        "name_status": "REGISTERED",
        "longitude": 145.94595999999999,
        "latitude": -38.475010000000005,
        "registration_date": "1966-05-02",
        "gazette_published_date": null,
        "gazette_reference": null,
        "gazette_url": null,
        "aboriginal_origin": "Aboriginal Name",
        "gender": "No Gender",
        "create_date_ufi": 1753509157808
      }
    },
    {
      "type": "Feature",
      "id": 37857,
      "geometry": { "type": "Point", "coordinates": [146.158889999909, -38.4008700002843] },
      "properties": {
        "OBJECTID": 37857,
        "ufi": 35489356,
        "place_id": 21122,
        "name_id": 17172,
        "vicmap_id": 140744,
        "place_name": "MIRBOO NORTH POLICE STATION",
        "feature_code": "POLS",
        "feature": "POLICE STATION",
        "name_status_code": "REG",
        "name_status": "REGISTERED",
        "longitude": 146.15889,
        "latitude": -38.40087,
        "registration_date": "1966-05-02",
        "gazette_published_date": null,
        "gazette_reference": null,
        "gazette_url": null,
        "aboriginal_origin": "Aboriginal Name",
        "gender": null,
        "create_date_ufi": 1753509157808
      }
    },
    {
      "type": "Feature",
      "id": 37996,
      "geometry": { "type": "Point", "coordinates": [145.954259999919, -38.0182899996659] },
      "properties": {
        "OBJECTID": 37996,
        "ufi": 35489496,
        "place_id": 22321,
        "name_id": 19522,
        "vicmap_id": 141331,
        "place_name": "NEERIM SOUTH POLICE STATION",
        "feature_code": "POLS",
        "feature": "POLICE STATION",
        "name_status_code": "REG",
        "name_status": "REGISTERED",
        "longitude": 145.95425999999998,
        "latitude": -38.01829,
        "registration_date": "1966-05-02",
        "gazette_published_date": null,
        "gazette_reference": null,
        "gazette_url": null,
        "aboriginal_origin": "Aboriginal Name",
        "gender": "No Gender",
        "create_date_ufi": 1753509157808
      }
    },
    {
      "type": "Feature",
      "id": 38049,
      "geometry": { "type": "Point", "coordinates": [145.182370000354, -37.8173500000096] },
      "properties": {
        "OBJECTID": 38049,
        "ufi": 35489550,
        "place_id": 22764,
        "name_id": 20195,
        "vicmap_id": null,
        "place_name": "NUNAWADING POLICE STATION",
        "feature_code": "POLS",
        "feature": "POLICE STATION",
        "name_status_code": "REG",
        "name_status": "REGISTERED",
        "longitude": 145.18237,
        "latitude": -37.817350000000005,
        "registration_date": "1966-05-02",
        "gazette_published_date": null,
        "gazette_reference": null,
        "gazette_url": null,
        "aboriginal_origin": "Aboriginal Name",
        "gender": "No Gender",
        "create_date_ufi": 1753509157808
      }
    },
    {
      "type": "Feature",
      "id": 38164,
      "geometry": { "type": "Point", "coordinates": [144.797089999571, -37.7431799999923] },
      "properties": {
        "OBJECTID": 38164,
        "ufi": 35489669,
        "place_id": 24965,
        "name_id": 103607,
        "vicmap_id": null,
        "place_name": "ST ALBANS POLICE STATION",
        "feature_code": "POLS",
        "feature": "POLICE STATION",
        "name_status_code": "REG",
        "name_status": "REGISTERED",
        "longitude": 144.79709,
        "latitude": -37.743179999999995,
        "registration_date": "2009-06-06",
        "gazette_published_date": "2009-05-07",
        "gazette_reference": "g19, p1058",
        "gazette_url": null,
        "aboriginal_origin": null,
        "gender": "No Gender",
        "create_date_ufi": 1753509157808
      }
    },
    {
      "type": "Feature",
      "id": 38195,
      "geometry": { "type": "Point", "coordinates": [145.895699999747, -36.2695700001848] },
      "properties": {
        "OBJECTID": 38195,
        "ufi": 35489699,
        "place_id": 24998,
        "name_id": 103633,
        "vicmap_id": null,
        "place_name": "ST JAMES POLICE STATION",
        "feature_code": "POLS",
        "feature": "POLICE STATION",
        "name_status_code": "REG",
        "name_status": "REGISTERED",
        "longitude": 145.8957,
        "latitude": -36.26957,
        "registration_date": "2009-06-06",
        "gazette_published_date": "2009-05-07",
        "gazette_reference": "g19, p1058",
        "gazette_url": null,
        "aboriginal_origin": null,
        "gender": null,
        "create_date_ufi": 1753509157808
      }
    },
    {
      "type": "Feature",
      "id": 38210,
      "geometry": { "type": "Point", "coordinates": [144.990680000265, -37.8678699998471] },
      "properties": {
        "OBJECTID": 38210,
        "ufi": 35489714,
        "place_id": 25019,
        "name_id": 103689,
        "vicmap_id": 143510,
        "place_name": "ST KILDA POLICE STATION",
        "feature_code": "POLS",
        "feature": "POLICE STATION",
        "name_status_code": "REG",
        "name_status": "REGISTERED",
        "longitude": 144.99068,
        "latitude": -37.86787,
        "registration_date": "2009-06-06",
        "gazette_published_date": "2009-05-07",
        "gazette_reference": "g19, p1058",
        "gazette_url": null,
        "aboriginal_origin": null,
        "gender": null,
        "create_date_ufi": 1753509157808
      }
    },
    {
      "type": "Feature",
      "id": 38404,
      "geometry": { "type": "Point", "coordinates": [144.95046999959, -36.2489999999115] },
      "properties": {
        "OBJECTID": 38404,
        "ufi": 35489911,
        "place_id": 27914,
        "name_id": 27197,
        "vicmap_id": 144464,
        "place_name": "TONGALA POLICE STATION",
        "feature_code": "POLS",
        "feature": "POLICE STATION",
        "name_status_code": "REG",
        "name_status": "REGISTERED",
        "longitude": 144.95047,
        "latitude": -36.249,
        "registration_date": "1966-05-02",
        "gazette_published_date": null,
        "gazette_reference": null,
        "gazette_url": null,
        "aboriginal_origin": "Aboriginal Name",
        "gender": "No Gender",
        "create_date_ufi": 1753509157808
      }
    },
    {
      "type": "Feature",
      "id": 38424,
      "geometry": { "type": "Point", "coordinates": [146.32473000033, -38.6615599997019] },
      "properties": {
        "OBJECTID": 38424,
        "ufi": 35489931,
        "place_id": 28006,
        "name_id": 27312,
        "vicmap_id": 144494,
        "place_name": "TOORA POLICE STATION",
        "feature_code": "POLS",
        "feature": "POLICE STATION",
        "name_status_code": "REG",
        "name_status": "REGISTERED",
        "longitude": 146.32473000000002,
        "latitude": -38.661559999999994,
        "registration_date": "1966-05-02",
        "gazette_published_date": null,
        "gazette_reference": null,
        "gazette_url": null,
        "aboriginal_origin": "Aboriginal Name",
        "gender": null,
        "create_date_ufi": 1753509157808
      }
    },
    {
      "type": "Feature",
      "id": 38503,
      "geometry": { "type": "Point", "coordinates": [144.981699999612, -37.4164999998353] },
      "properties": {
        "OBJECTID": 38503,
        "ufi": 35490009,
        "place_id": 28729,
        "name_id": 28317,
        "vicmap_id": 612034,
        "place_name": "WALLAN POLICE STATION",
        "feature_code": "POLS",
        "feature": "POLICE STATION",
        "name_status_code": "REG",
        "name_status": "REGISTERED",
        "longitude": 144.9817,
        "latitude": -37.4165,
        "registration_date": "1966-05-02",
        "gazette_published_date": null,
        "gazette_reference": null,
        "gazette_url": null,
        "aboriginal_origin": "Aboriginal Name",
        "gender": "No Gender",
        "create_date_ufi": 1753509157808
      }
    },
    {
      "type": "Feature",
      "id": 38538,
      "geometry": { "type": "Point", "coordinates": [145.93328000007, -38.1617699996831] },
      "properties": {
        "OBJECTID": 38538,
        "ufi": 35490044,
        "place_id": 28887,
        "name_id": 28591,
        "vicmap_id": 612152,
        "place_name": "WARRAGUL POLICE STATION",
        "feature_code": "POLS",
        "feature": "POLICE STATION",
        "name_status_code": "REG",
        "name_status": "REGISTERED",
        "longitude": 145.93328,
        "latitude": -38.161770000000004,
        "registration_date": "1966-05-02",
        "gazette_published_date": null,
        "gazette_reference": null,
        "gazette_url": null,
        "aboriginal_origin": "Aboriginal Name",
        "gender": "No Gender",
        "create_date_ufi": 1753509157808
      }
    },
    {
      "type": "Feature",
      "id": 38614,
      "geometry": { "type": "Point", "coordinates": [146.890080000151, -36.1221399999868] },
      "properties": {
        "OBJECTID": 38614,
        "ufi": 35490121,
        "place_id": 29672,
        "name_id": 29791,
        "vicmap_id": 612626,
        "place_name": "WODONGA POLICE STATION",
        "feature_code": "POLS",
        "feature": "POLICE STATION",
        "name_status_code": "REG",
        "name_status": "REGISTERED",
        "longitude": 146.89007999999998,
        "latitude": -36.12214,
        "registration_date": "1966-05-02",
        "gazette_published_date": null,
        "gazette_reference": null,
        "gazette_url": null,
        "aboriginal_origin": "Derived Aboriginal",
        "gender": "No Gender",
        "create_date_ufi": 1753509157808
      }
    },
    {
      "type": "Feature",
      "id": 38645,
      "geometry": { "type": "Point", "coordinates": [145.589939999791, -38.6076100003244] },
      "properties": {
        "OBJECTID": 38645,
        "ufi": 35490152,
        "place_id": 29768,
        "name_id": 29902,
        "vicmap_id": 612674,
        "place_name": "WONTHAGGI POLICE STATION",
        "feature_code": "POLS",
        "feature": "POLICE STATION",
        "name_status_code": "REG",
        "name_status": "REGISTERED",
        "longitude": 145.58994,
        "latitude": -38.60761,
        "registration_date": "1966-05-02",
        "gazette_published_date": null,
        "gazette_reference": null,
        "gazette_url": null,
        "aboriginal_origin": "Aboriginal Name",
        "gender": "No Gender",
        "create_date_ufi": 1753509157808
      }
    },
    {
      "type": "Feature",
      "id": 38714,
      "geometry": { "type": "Point", "coordinates": [146.068200000089, -38.2062399996659] },
      "properties": {
        "OBJECTID": 38714,
        "ufi": 35490220,
        "place_id": 30165,
        "name_id": 30511,
        "vicmap_id": null,
        "place_name": "YARRAGON POLICE STATION",
        "feature_code": "POLS",
        "feature": "POLICE STATION",
        "name_status_code": "REG",
        "name_status": "REGISTERED",
        "longitude": 146.0682,
        "latitude": -38.20624,
        "registration_date": "1966-05-02",
        "gazette_published_date": null,
        "gazette_reference": null,
        "gazette_url": null,
        "aboriginal_origin": "Aboriginal Name",
        "gender": "No Gender",
        "create_date_ufi": 1753509157808
      }
    },
    {
      "type": "Feature",
      "id": 47991,
      "geometry": { "type": "Point", "coordinates": [143.615719999916, -36.4241900002456] },
      "properties": {
        "OBJECTID": 47991,
        "ufi": 35499517,
        "place_id": 120717,
        "name_id": 121243,
        "vicmap_id": null,
        "place_name": "WEDDERBURN POLICE STATION",
        "feature_code": "POLS",
        "feature": "POLICE STATION",
        "name_status_code": "REG",
        "name_status": "REGISTERED",
        "longitude": 143.61572,
        "latitude": -36.42419,
        "registration_date": "2015-04-02",
        "gazette_published_date": null,
        "gazette_reference": "Sourced from Vicmap Oct 2014",
        "gazette_url": null,
        "aboriginal_origin": null,
        "gender": null,
        "create_date_ufi": 1753509157808
      }
    }
  ]
}
