{
  "type": "FeatureCollection",
  "name": "Ambulance_Stations_SOUTH_AUSTRALIA",
  "crs": {
    "type": "name",
    "properties": {
      "name": "urn:ogc:def:crs:OGC:1.3:CRS84"
    }
  },
  "metadata": {"source": "Digital Atlas of Australia — Ambulance Stations", "source_url": "https://digital.atlas.gov.au/datasets/ambulance-stations", "licence": "Creative Commons Attribution 4.0 International (CC BY 4.0)", "licence_url": "https://creativecommons.org/licenses/by/4.0/", "description": "Ambulance station point locations, South Australia (split from national dataset)."}, "features": [
    {
      "type": "Feature",
      "properties": {
        "objectid": 520,
        "featuretype": "EMERGENCY FACILITY",
        "descripton": "An emergency management facility from which a particular agency\u2019s resources are commanded, coordinated and assigned to an incident or emergency",
        "class": "AMBULANCE STATION",
        "facility_name": "COOBER PEDY STATION",
        "facility_operationalstatus": "OPERATIONAL",
        "facility_address": "LOT 100 MCKENZIE ROAD",
        "abs_suburb": "COOBER PEDY",
        "facility_state": "SOUTH AUSTRALIA",
        "abs_postcode": "5723",
        "facility_attribute_source": "HTTP://WWW.SAAMBULANCE.COM.AU",
        "facility_attribute_date": null,
        "facility_source": "HTTP://WWW.SAAMBULANCE.COM.AU",
        "facility_date": null,
        "facility_spatial_confidence": null,
        "facility_revised": "2018-08-18T00:00:00Z",
        "comment_": null,
        "facility_lat": "-29.006565000999956",
        "facility_long": "134.75982900000008",
        "validated": null,
        "gnaf_building_name": null,
        "gnaf_address_detail_pid": "GASA_424191041",
        "gnaf_formatted_address": "LOT 100 MCKENZIE ROAD",
        "gnaf_confidence": "0",
        "gnaf_postcode": "5723",
        "gnaf_suburb": "COOBER PEDY",
        "distance_to_gnaf": 84,
        "gnaf_lat": "-29.005982659999972",
        "gnaf_long": "134.7592798700001"
      },
      "geometry": {
        "type": "Point",
        "coordinates": [
          134.75983706866296,
          -29.00655130192661
        ]
      }
    },
    {
      "type": "Feature",
      "properties": {
        "objectid": 521,
        "featuretype": "EMERGENCY FACILITY",
        "descripton": "An emergency management facility from which a particular agency\u2019s resources are commanded, coordinated and assigned to an incident or emergency",
        "class": "AMBULANCE STATION",
        "facility_name": "COOMANDOOK STATION",
        "facility_operationalstatus": "OPERATIONAL",
        "facility_address": "2151 OLD DUKES HIGHWAY",
        "abs_suburb": "COOMANDOOK",
        "facility_state": "SOUTH AUSTRALIA",
        "abs_postcode": "5261",
        "facility_attribute_source": "HTTP://WWW.SAAMBULANCE.COM.AU",
        "facility_attribute_date": null,
        "facility_source": "HTTP://WWW.SAAMBULANCE.COM.AU",
        "facility_date": null,
        "facility_spatial_confidence": null,
        "facility_revised": "2018-08-18T00:00:00Z",
        "comment_": null,
        "facility_lat": "-35.47247300099997",
        "facility_long": "139.70152100000007",
        "validated": null,
        "gnaf_building_name": null,
        "gnaf_address_detail_pid": "GASA_424705571",
        "gnaf_formatted_address": "2151 OLD DUKES HIGHWAY",
        "gnaf_confidence": "2",
        "gnaf_postcode": "5261",
        "gnaf_suburb": "COOMANDOOK",
        "distance_to_gnaf": 598,
        "gnaf_lat": "-35.46913017999998",
        "gnaf_long": "139.6963519100001"
      },
      "geometry": {
        "type": "Point",
        "coordinates": [
          139.70152803006897,
          -35.47245952075852
        ]
      }
    },
    {
      "type": "Feature",
      "properties": {
        "objectid": 522,
        "featuretype": "EMERGENCY FACILITY",
        "descripton": "An emergency management facility from which a particular agency\u2019s resources are commanded, coordinated and assigned to an incident or emergency",
        "class": "AMBULANCE STATION",
        "facility_name": "COONALPYN STATION",
        "facility_operationalstatus": "OPERATIONAL",
        "facility_address": "9-11 POYNTZ TERRACE",
        "abs_suburb": "COONALPYN",
        "facility_state": "SOUTH AUSTRALIA",
        "abs_postcode": "5265",
        "facility_attribute_source": "HTTP://WWW.SAAMBULANCE.COM.AU",
        "facility_attribute_date": null,
        "facility_source": "HTTP://WWW.SAAMBULANCE.COM.AU",
        "facility_date": null,
        "facility_spatial_confidence": null,
        "facility_revised": "2018-08-18T00:00:00Z",
        "comment_": null,
        "facility_lat": "-35.694125000999975",
        "facility_long": "139.85583800000006",
        "validated": null,
        "gnaf_building_name": null,
        "gnaf_address_detail_pid": "GASA_415736564",
        "gnaf_formatted_address": "9-11 POYNTZ TERRACE",
        "gnaf_confidence": "1",
        "gnaf_postcode": "5265",
        "gnaf_suburb": "COONALPYN",
        "distance_to_gnaf": 18,
        "gnaf_lat": "-35.69395887999997",
        "gnaf_long": "139.85584605000008"
      },
      "geometry": {
        "type": "Point",
        "coordinates": [
          139.85584498930916,
          -35.69411152935716
        ]
      }
    },
    {
      "type": "Feature",
      "properties": {
        "objectid": 523,
        "featuretype": "EMERGENCY FACILITY",
        "descripton": "An emergency management facility from which a particular agency\u2019s resources are commanded, coordinated and assigned to an incident or emergency",
        "class": "AMBULANCE STATION",
        "facility_name": "COWELL STATION",
        "facility_operationalstatus": "OPERATIONAL",
        "facility_address": "1 LINCOLN HIGHWAY",
        "abs_suburb": "COWELL",
        "facility_state": "SOUTH AUSTRALIA",
        "abs_postcode": "5602",
        "facility_attribute_source": "HTTP://WWW.SAAMBULANCE.COM.AU",
        "facility_attribute_date": null,
        "facility_source": "HTTP://WWW.SAAMBULANCE.COM.AU",
        "facility_date": null,
        "facility_spatial_confidence": null,
        "facility_revised": "2018-08-18T00:00:00Z",
        "comment_": null,
        "facility_lat": "-33.680710999999974",
        "facility_long": "136.92231100000004",
        "validated": null,
        "gnaf_building_name": null,
        "gnaf_address_detail_pid": "GASA_415713068",
        "gnaf_formatted_address": "1 LINCOLN HIGHWAY",
        "gnaf_confidence": "1",
        "gnaf_postcode": "5602",
        "gnaf_suburb": "COWELL",
        "distance_to_gnaf": 10,
        "gnaf_lat": "-33.68072669999998",
        "gnaf_long": "136.92241925000008"
      },
      "geometry": {
        "type": "Point",
        "coordinates": [
          136.92231857581956,
          -33.6806973959312
        ]
      }
    },
    {
      "type": "Feature",
      "properties": {
        "objectid": 524,
        "featuretype": "EMERGENCY FACILITY",
        "descripton": "An emergency management facility from which a particular agency\u2019s resources are commanded, coordinated and assigned to an incident or emergency",
        "class": "AMBULANCE STATION",
        "facility_name": "CRYSTAL BROOK STATION",
        "facility_operationalstatus": "OPERATIONAL",
        "facility_address": "35 BRANDIS STREET",
        "abs_suburb": "CRYSTAL BROOK",
        "facility_state": "SOUTH AUSTRALIA",
        "abs_postcode": "5523",
        "facility_attribute_source": "HTTP://WWW.SAAMBULANCE.COM.AU",
        "facility_attribute_date": null,
        "facility_source": "HTTP://WWW.SAAMBULANCE.COM.AU",
        "facility_date": null,
        "facility_spatial_confidence": null,
        "facility_revised": "2018-08-18T00:00:00Z",
        "comment_": null,
        "facility_lat": "-33.35294499999998",
        "facility_long": "138.208347999",
        "validated": null,
        "gnaf_building_name": null,
        "gnaf_address_detail_pid": "GASA_415513248",
        "gnaf_formatted_address": "35 BRANDIS STREET",
        "gnaf_confidence": "1",
        "gnaf_postcode": "5523",
        "gnaf_suburb": "CRYSTAL BROOK",
        "distance_to_gnaf": 13,
        "gnaf_lat": "-33.35284249999995",
        "gnaf_long": "138.20841851000012"
      },
      "geometry": {
        "type": "Point",
        "coordinates": [
          138.20835539661633,
          -33.35293144176093
        ]
      }
    },
    {
      "type": "Feature",
      "properties": {
        "objectid": 525,
        "featuretype": "EMERGENCY FACILITY",
        "descripton": "An emergency management facility from which a particular agency\u2019s resources are commanded, coordinated and assigned to an incident or emergency",
        "class": "AMBULANCE STATION",
        "facility_name": "CUMMINS STATION",
        "facility_operationalstatus": "OPERATIONAL",
        "facility_address": "19 TUMBY BAY ROAD",
        "abs_suburb": "CUMMINS",
        "facility_state": "SOUTH AUSTRALIA",
        "abs_postcode": "5631",
        "facility_attribute_source": "HTTP://WWW.SAAMBULANCE.COM.AU",
        "facility_attribute_date": null,
        "facility_source": "HTTP://WWW.SAAMBULANCE.COM.AU",
        "facility_date": null,
        "facility_spatial_confidence": null,
        "facility_revised": "2018-08-18T00:00:00Z",
        "comment_": null,
        "facility_lat": "-34.263653000999966",
        "facility_long": "135.7324840000001",
        "validated": null,
        "gnaf_building_name": null,
        "gnaf_address_detail_pid": "GASA_423016988",
        "gnaf_formatted_address": "19 TUMBY BAY ROAD",
        "gnaf_confidence": "1",
        "gnaf_postcode": "5631",
        "gnaf_suburb": "CUMMINS",
        "distance_to_gnaf": 2,
        "gnaf_lat": "-34.26367499999998",
        "gnaf_long": "135.73248386000012"
      },
      "geometry": {
        "type": "Point",
        "coordinates": [
          135.73249173387492,
          -34.26363936243516
        ]
      }
    },
    {
      "type": "Feature",
      "properties": {
        "objectid": 526,
        "featuretype": "EMERGENCY FACILITY",
        "descripton": "An emergency management facility from which a particular agency\u2019s resources are commanded, coordinated and assigned to an incident or emergency",
        "class": "AMBULANCE STATION",
        "facility_name": "STATE HEADQUARTERS",
        "facility_operationalstatus": "OPERATIONAL",
        "facility_address": "216 GREENHILL ROAD",
        "abs_suburb": "EASTWOOD",
        "facility_state": "SOUTH AUSTRALIA",
        "abs_postcode": "5063",
        "facility_attribute_source": "HTTP://WWW.SAAMBULANCE.COM.AU",
        "facility_attribute_date": null,
        "facility_source": "HTTP://WWW.SAAMBULANCE.COM.AU",
        "facility_date": null,
        "facility_spatial_confidence": null,
        "facility_revised": "2018-08-18T00:00:00Z",
        "comment_": null,
        "facility_lat": "-34.94063100099993",
        "facility_long": "138.62191299900007",
        "validated": null,
        "gnaf_building_name": null,
        "gnaf_address_detail_pid": "GASA_415467451",
        "gnaf_formatted_address": "216 GREENHILL ROAD",
        "gnaf_confidence": "1",
        "gnaf_postcode": "5063",
        "gnaf_suburb": "EASTWOOD",
        "distance_to_gnaf": 11,
        "gnaf_lat": "-34.94072499999993",
        "gnaf_long": "138.62188651000008"
      },
      "geometry": {
        "type": "Point",
        "coordinates": [
          138.62192023834425,
          -34.940617469797004
        ]
      }
    },
    {
      "type": "Feature",
      "properties": {
        "objectid": 541,
        "featuretype": "EMERGENCY FACILITY",
        "descripton": "An emergency management facility from which a particular agency\u2019s resources are commanded, coordinated and assigned to an incident or emergency",
        "class": "AMBULANCE STATION",
        "facility_name": "SPECIAL OPERATIONS STATION",
        "facility_operationalstatus": "OPERATIONAL",
        "facility_address": "LOT 42 SIR DONALD BRADMAN DRIVE",
        "abs_suburb": "ADELAIDE AIRPORT",
        "facility_state": "SOUTH AUSTRALIA",
        "abs_postcode": "5950",
        "facility_attribute_source": "HTTP://WWW.SAAMBULANCE.COM.AU",
        "facility_attribute_date": null,
        "facility_source": "HTTP://WWW.SAAMBULANCE.COM.AU",
        "facility_date": null,
        "facility_spatial_confidence": null,
        "facility_revised": "2018-08-18T00:00:00Z",
        "comment_": null,
        "facility_lat": "-34.93633599999998",
        "facility_long": "138.53236499900004",
        "validated": null,
        "gnaf_building_name": null,
        "gnaf_address_detail_pid": "GASA_423200457",
        "gnaf_formatted_address": "LOT 42 SIR DONALD BRADMAN DRIVE",
        "gnaf_confidence": "0",
        "gnaf_postcode": "5950",
        "gnaf_suburb": "ADELAIDE AIRPORT",
        "distance_to_gnaf": 1724,
        "gnaf_lat": "-34.946599049999975",
        "gnaf_long": "138.54652865000003"
      },
      "geometry": {
        "type": "Point",
        "coordinates": [
          138.5323722529589,
          -34.936322465041805
        ]
      }
    },
    {
      "type": "Feature",
      "properties": {
        "objectid": 542,
        "featuretype": "EMERGENCY FACILITY",
        "descripton": "An emergency management facility from which a particular agency\u2019s resources are commanded, coordinated and assigned to an incident or emergency",
        "class": "AMBULANCE STATION",
        "facility_name": "STIRLING STATION",
        "facility_operationalstatus": "OPERATIONAL",
        "facility_address": "298 MOUNT BARKER ROAD",
        "abs_suburb": "ALDGATE",
        "facility_state": "SOUTH AUSTRALIA",
        "abs_postcode": "5154",
        "facility_attribute_source": "HTTP://WWW.SAAMBULANCE.COM.AU",
        "facility_attribute_date": null,
        "facility_source": "HTTP://WWW.SAAMBULANCE.COM.AU",
        "facility_date": null,
        "facility_spatial_confidence": null,
        "facility_revised": "2018-08-18T00:00:00Z",
        "comment_": null,
        "facility_lat": "-35.01243600099997",
        "facility_long": "138.74377700000002",
        "validated": null,
        "gnaf_building_name": null,
        "gnaf_address_detail_pid": "GASA_416901049",
        "gnaf_formatted_address": "298 MOUNT BARKER ROAD",
        "gnaf_confidence": "1",
        "gnaf_postcode": "5154",
        "gnaf_suburb": "ALDGATE",
        "distance_to_gnaf": 20,
        "gnaf_lat": "-35.01261772999993",
        "gnaf_long": "138.74379238000006"
      },
      "geometry": {
        "type": "Point",
        "coordinates": [
          138.74378421533265,
          -35.012422475376276
        ]
      }
    },
    {
      "type": "Feature",
      "properties": {
        "objectid": 543,
        "featuretype": "EMERGENCY FACILITY",
        "descripton": "An emergency management facility from which a particular agency\u2019s resources are commanded, coordinated and assigned to an incident or emergency",
        "class": "AMBULANCE STATION",
        "facility_name": "ALDINGA STATION",
        "facility_operationalstatus": "OPERATIONAL",
        "facility_address": "186-196 PORT ROAD",
        "abs_suburb": "ALDINGA",
        "facility_state": "SOUTH AUSTRALIA",
        "abs_postcode": "5173",
        "facility_attribute_source": "HTTP://WWW.SAAMBULANCE.COM.AU",
        "facility_attribute_date": null,
        "facility_source": "HTTP://WWW.SAAMBULANCE.COM.AU",
        "facility_date": null,
        "facility_spatial_confidence": null,
        "facility_revised": "2018-08-18T00:00:00Z",
        "comment_": null,
        "facility_lat": "-35.267695999999944",
        "facility_long": "138.48222700000008",
        "validated": null,
        "gnaf_building_name": null,
        "gnaf_address_detail_pid": "GASA_425448412",
        "gnaf_formatted_address": "186-196 PORT ROAD",
        "gnaf_confidence": "0",
        "gnaf_postcode": "5173",
        "gnaf_suburb": "ALDINGA",
        "distance_to_gnaf": 110,
        "gnaf_lat": "-35.26846107999995",
        "gnaf_long": "138.48146279000002"
      },
      "geometry": {
        "type": "Point",
        "coordinates": [
          138.48223424175947,
          -35.267682465039734
        ]
      }
    },
    {
      "type": "Feature",
      "properties": {
        "objectid": 544,
        "featuretype": "EMERGENCY FACILITY",
        "descripton": "An emergency management facility from which a particular agency\u2019s resources are commanded, coordinated and assigned to an incident or emergency",
        "class": "AMBULANCE STATION",
        "facility_name": "AMERICAN RIVER STATION",
        "facility_operationalstatus": "OPERATIONAL",
        "facility_address": "LOT 13 BUICK DRIVE",
        "abs_suburb": "AMERICAN RIVER",
        "facility_state": "SOUTH AUSTRALIA",
        "abs_postcode": "5221",
        "facility_attribute_source": "HTTP://WWW.SAAMBULANCE.COM.AU",
        "facility_attribute_date": null,
        "facility_source": "HTTP://WWW.SAAMBULANCE.COM.AU",
        "facility_date": null,
        "facility_spatial_confidence": null,
        "facility_revised": "2018-08-18T00:00:00Z",
        "comment_": null,
        "facility_lat": "-35.78273500199998",
        "facility_long": "137.76930200100003",
        "validated": null,
        "gnaf_building_name": null,
        "gnaf_address_detail_pid": "GASA_425844244",
        "gnaf_formatted_address": "16 BUICK DRIVE",
        "gnaf_confidence": "1",
        "gnaf_postcode": "5221",
        "gnaf_suburb": "AMERICAN RIVER",
        "distance_to_gnaf": 4,
        "gnaf_lat": "-35.78273594999996",
        "gnaf_long": "137.76925956000002"
      },
      "geometry": {
        "type": "Point",
        "coordinates": [
          137.76930932916878,
          -35.78272144186296
        ]
      }
    },
    {
      "type": "Feature",
      "properties": {
        "objectid": 545,
        "featuretype": "EMERGENCY FACILITY",
        "descripton": "An emergency management facility from which a particular agency\u2019s resources are commanded, coordinated and assigned to an incident or emergency",
        "class": "AMBULANCE STATION",
        "facility_name": "BAROSSA VALLEY STATION",
        "facility_operationalstatus": "OPERATIONAL",
        "facility_address": "27 SCHILLING STREET",
        "abs_suburb": "ANGASTON",
        "facility_state": "SOUTH AUSTRALIA",
        "abs_postcode": "5353",
        "facility_attribute_source": "HTTP://WWW.SAAMBULANCE.COM.AU",
        "facility_attribute_date": null,
        "facility_source": "HTTP://WWW.SAAMBULANCE.COM.AU",
        "facility_date": null,
        "facility_spatial_confidence": null,
        "facility_revised": "2018-08-18T00:00:00Z",
        "comment_": null,
        "facility_lat": "-34.50332900099994",
        "facility_long": "139.05226800000003",
        "validated": null,
        "gnaf_building_name": null,
        "gnaf_address_detail_pid": "GASA_415338743",
        "gnaf_formatted_address": "27 SCHILLING STREET",
        "gnaf_confidence": "1",
        "gnaf_postcode": "5353",
        "gnaf_suburb": "ANGASTON",
        "distance_to_gnaf": 13,
        "gnaf_lat": "-34.50328209999998",
        "gnaf_long": "139.05240063000008"
      },
      "geometry": {
        "type": "Point",
        "coordinates": [
          139.05227519841677,
          -34.50331548541421
        ]
      }
    },
    {
      "type": "Feature",
      "properties": {
        "objectid": 546,
        "featuretype": "EMERGENCY FACILITY",
        "descripton": "An emergency management facility from which a particular agency\u2019s resources are commanded, coordinated and assigned to an incident or emergency",
        "class": "AMBULANCE STATION",
        "facility_name": "BAROSSA DIVISION",
        "facility_operationalstatus": "OPERATIONAL",
        "facility_address": "27 SCHILLING STREET",
        "abs_suburb": "ANGASTON",
        "facility_state": "SOUTH AUSTRALIA",
        "abs_postcode": "5353",
        "facility_attribute_source": "HTTP://WWW.STJOHNSA.COM.AU",
        "facility_attribute_date": null,
        "facility_source": "HTTP://WWW.STJOHNSA.COM.AU",
        "facility_date": null,
        "facility_spatial_confidence": null,
        "facility_revised": "2018-08-18T00:00:00Z",
        "comment_": null,
        "facility_lat": "-34.503294564999976",
        "facility_long": "139.05236846700006",
        "validated": null,
        "gnaf_building_name": null,
        "gnaf_address_detail_pid": "GASA_415338743",
        "gnaf_formatted_address": "27 SCHILLING STREET",
        "gnaf_confidence": "1",
        "gnaf_postcode": "5353",
        "gnaf_suburb": "ANGASTON",
        "distance_to_gnaf": 3,
        "gnaf_lat": "-34.50328209999998",
        "gnaf_long": "139.05240063000008"
      },
      "geometry": {
        "type": "Point",
        "coordinates": [
          139.0523756654032,
          -34.50328104941844
        ]
      }
    },
    {
      "type": "Feature",
      "properties": {
        "objectid": 547,
        "featuretype": "EMERGENCY FACILITY",
        "descripton": "An emergency management facility from which a particular agency\u2019s resources are commanded, coordinated and assigned to an incident or emergency",
        "class": "AMBULANCE STATION",
        "facility_name": "ARDROSSAN STATION",
        "facility_operationalstatus": "OPERATIONAL",
        "facility_address": "NORTH TERRACE",
        "abs_suburb": "ARDROSSAN",
        "facility_state": "SOUTH AUSTRALIA",
        "abs_postcode": "5571",
        "facility_attribute_source": "HTTP://WWW.SAAMBULANCE.COM.AU",
        "facility_attribute_date": null,
        "facility_source": "HTTP://WWW.SAAMBULANCE.COM.AU",
        "facility_date": null,
        "facility_spatial_confidence": null,
        "facility_revised": "2018-08-18T00:00:00Z",
        "comment_": null,
        "facility_lat": "-34.420842999999934",
        "facility_long": "137.9161229990001",
        "validated": null,
        "gnaf_building_name": null,
        "gnaf_address_detail_pid": "GASA_719248884",
        "gnaf_formatted_address": "LOT 423 FAIRWAY DRIVE",
        "gnaf_confidence": "-1",
        "gnaf_postcode": "5571",
        "gnaf_suburb": "ARDROSSAN",
        "distance_to_gnaf": 18,
        "gnaf_lat": "-34.42089171999993",
        "gnaf_long": "137.91631302000008"
      },
      "geometry": {
        "type": "Point",
        "coordinates": [
          137.91613038116367,
          -34.4208294370693
        ]
      }
    },
    {
      "type": "Feature",
      "properties": {
        "objectid": 548,
        "featuretype": "EMERGENCY FACILITY",
        "descripton": "An emergency management facility from which a particular agency\u2019s resources are commanded, coordinated and assigned to an incident or emergency",
        "class": "AMBULANCE STATION",
        "facility_name": "ARDROSSAN DIVISION",
        "facility_operationalstatus": "OPERATIONAL",
        "facility_address": "NORTH TERRACE",
        "abs_suburb": "ARDROSSAN",
        "facility_state": "SOUTH AUSTRALIA",
        "abs_postcode": "5571",
        "facility_attribute_source": "HTTP://WWW.STJOHNSA.COM.AU",
        "facility_attribute_date": null,
        "facility_source": "HTTP://WWW.STJOHNSA.COM.AU",
        "facility_date": null,
        "facility_spatial_confidence": null,
        "facility_revised": "2018-08-18T00:00:00Z",
        "comment_": null,
        "facility_lat": "-34.42093473299997",
        "facility_long": "137.91631936400006",
        "validated": null,
        "gnaf_building_name": null,
        "gnaf_address_detail_pid": "GASA_719248884",
        "gnaf_formatted_address": "LOT 423 FAIRWAY DRIVE",
        "gnaf_confidence": "-1",
        "gnaf_postcode": "5571",
        "gnaf_suburb": "ARDROSSAN",
        "distance_to_gnaf": 5,
        "gnaf_lat": "-34.42089171999993",
        "gnaf_long": "137.91631302000008"
      },
      "geometry": {
        "type": "Point",
        "coordinates": [
          137.91632674612754,
          -34.420921170077555
        ]
      }
    },
    {
      "type": "Feature",
      "properties": {
        "objectid": 549,
        "featuretype": "EMERGENCY FACILITY",
        "descripton": "An emergency management facility from which a particular agency\u2019s resources are commanded, coordinated and assigned to an incident or emergency",
        "class": "AMBULANCE STATION",
        "facility_name": "ARNO BAY DIVISION",
        "facility_operationalstatus": "OPERATIONAL",
        "facility_address": "ALEXANDRIA TERRACE",
        "abs_suburb": "ARNO BAY",
        "facility_state": "SOUTH AUSTRALIA",
        "abs_postcode": "5603",
        "facility_attribute_source": "HTTP://WWW.STJOHNSA.COM.AU",
        "facility_attribute_date": null,
        "facility_source": "HTTP://WWW.STJOHNSA.COM.AU",
        "facility_date": null,
        "facility_spatial_confidence": null,
        "facility_revised": "2018-08-18T00:00:00Z",
        "comment_": null,
        "facility_lat": "-33.912783273999935",
        "facility_long": "136.56918114100006",
        "validated": null,
        "gnaf_building_name": null,
        "gnaf_address_detail_pid": "GASA_424286792",
        "gnaf_formatted_address": "LOT 321 ALEXANDRIA TERRACE",
        "gnaf_confidence": "0",
        "gnaf_postcode": "5603",
        "gnaf_suburb": "ARNO BAY",
        "distance_to_gnaf": 25,
        "gnaf_lat": "-33.91270424999993",
        "gnaf_long": "136.5694295300001"
      },
      "geometry": {
        "type": "Point",
        "coordinates": [
          136.5691887600127,
          -33.912769659452785
        ]
      }
    },
    {
      "type": "Feature",
      "properties": {
        "objectid": 550,
        "featuretype": "EMERGENCY FACILITY",
        "descripton": "An emergency management facility from which a particular agency\u2019s resources are commanded, coordinated and assigned to an incident or emergency",
        "class": "AMBULANCE STATION",
        "facility_name": "ASHFORD STATION",
        "facility_operationalstatus": "OPERATIONAL",
        "facility_address": "24-28 ALEXANDER AVENUE",
        "abs_suburb": "ASHFORD",
        "facility_state": "SOUTH AUSTRALIA",
        "abs_postcode": "5035",
        "facility_attribute_source": "HTTP://WWW.SAAMBULANCE.COM.AU",
        "facility_attribute_date": null,
        "facility_source": "HTTP://WWW.SAAMBULANCE.COM.AU",
        "facility_date": null,
        "facility_spatial_confidence": null,
        "facility_revised": "2018-08-18T00:00:00Z",
        "comment_": null,
        "facility_lat": "-34.94622499999997",
        "facility_long": "138.57719100000008",
        "validated": null,
        "gnaf_building_name": null,
        "gnaf_address_detail_pid": "GASA_424345022",
        "gnaf_formatted_address": "24 ALEXANDER AVENUE",
        "gnaf_confidence": "1",
        "gnaf_postcode": "5035",
        "gnaf_suburb": "ASHFORD",
        "distance_to_gnaf": 61,
        "gnaf_lat": "-34.94661221999996",
        "gnaf_long": "138.57672020000007"
      },
      "geometry": {
        "type": "Point",
        "coordinates": [
          138.57719824616797,
          -34.94621146696595
        ]
      }
    },
    {
      "type": "Feature",
      "properties": {
        "objectid": 551,
        "featuretype": "EMERGENCY FACILITY",
        "descripton": "An emergency management facility from which a particular agency\u2019s resources are commanded, coordinated and assigned to an incident or emergency",
        "class": "AMBULANCE STATION",
        "facility_name": "BALAKLAVA DIVISION",
        "facility_operationalstatus": "OPERATIONAL",
        "facility_address": "14 WAR MEMORIAL DRIVE",
        "abs_suburb": "BALAKLAVA",
        "facility_state": "SOUTH AUSTRALIA",
        "abs_postcode": "5461",
        "facility_attribute_source": "HTTP://WWW.STJOHNSA.COM.AU",
        "facility_attribute_date": null,
        "facility_source": "HTTP://WWW.STJOHNSA.COM.AU",
        "facility_date": null,
        "facility_spatial_confidence": null,
        "facility_revised": "2018-08-18T00:00:00Z",
        "comment_": null,
        "facility_lat": "-34.14017003599997",
        "facility_long": "138.41929225800004",
        "validated": null,
        "gnaf_building_name": null,
        "gnaf_address_detail_pid": "GASA_415459379",
        "gnaf_formatted_address": "14 WAR MEMORIAL DRIVE",
        "gnaf_confidence": "1",
        "gnaf_postcode": "5461",
        "gnaf_suburb": "BALAKLAVA",
        "distance_to_gnaf": 0,
        "gnaf_lat": "-34.140169999999955",
        "gnaf_long": "138.41929238000012"
      },
      "geometry": {
        "type": "Point",
        "coordinates": [
          138.41929957769025,
          -34.14015649134852
        ]
      }
    },
    {
      "type": "Feature",
      "properties": {
        "objectid": 552,
        "featuretype": "EMERGENCY FACILITY",
        "descripton": "An emergency management facility from which a particular agency\u2019s resources are commanded, coordinated and assigned to an incident or emergency",
        "class": "AMBULANCE STATION",
        "facility_name": "BALAKLAVA STATION",
        "facility_operationalstatus": "OPERATIONAL",
        "facility_address": "WAR MEMORIAL DRIVE",
        "abs_suburb": "BALAKLAVA",
        "facility_state": "SOUTH AUSTRALIA",
        "abs_postcode": "5461",
        "facility_attribute_source": "HTTP://WWW.SAAMBULANCE.COM.AU",
        "facility_attribute_date": null,
        "facility_source": "HTTP://WWW.SAAMBULANCE.COM.AU",
        "facility_date": null,
        "facility_spatial_confidence": null,
        "facility_revised": "2018-08-18T00:00:00Z",
        "comment_": null,
        "facility_lat": "-34.140076000999954",
        "facility_long": "138.41888000000006",
        "validated": null,
        "gnaf_building_name": null,
        "gnaf_address_detail_pid": "GASA_415459379",
        "gnaf_formatted_address": "14 WAR MEMORIAL DRIVE",
        "gnaf_confidence": "1",
        "gnaf_postcode": "5461",
        "gnaf_suburb": "BALAKLAVA",
        "distance_to_gnaf": 39,
        "gnaf_lat": "-34.140169999999955",
        "gnaf_long": "138.41929238000012"
      },
      "geometry": {
        "type": "Point",
        "coordinates": [
          138.4188873197599,
          -34.14006245633104
        ]
      }
    },
    {
      "type": "Feature",
      "properties": {
        "objectid": 553,
        "featuretype": "EMERGENCY FACILITY",
        "descripton": "An emergency management facility from which a particular agency\u2019s resources are commanded, coordinated and assigned to an incident or emergency",
        "class": "AMBULANCE STATION",
        "facility_name": "BERRI / BARMERA DIVISION",
        "facility_operationalstatus": "OPERATIONAL",
        "facility_address": "LOT 674 LANGDON TERRACE",
        "abs_suburb": "BARMERA",
        "facility_state": "SOUTH AUSTRALIA",
        "abs_postcode": "5345",
        "facility_attribute_source": "HTTP://WWW.STJOHNSA.COM.AU",
        "facility_attribute_date": null,
        "facility_source": "HTTP://WWW.STJOHNSA.COM.AU",
        "facility_date": null,
        "facility_spatial_confidence": null,
        "facility_revised": "2018-08-18T00:00:00Z",
        "comment_": null,
        "facility_lat": "-34.25310873899997",
        "facility_long": "140.46666237600004",
        "validated": null,
        "gnaf_building_name": null,
        "gnaf_address_detail_pid": "GASA_424185404",
        "gnaf_formatted_address": "LOT 674 LANGDON TERRACE",
        "gnaf_confidence": "0",
        "gnaf_postcode": "5345",
        "gnaf_suburb": "BARMERA",
        "distance_to_gnaf": 2,
        "gnaf_lat": "-34.25312302999998",
        "gnaf_long": "140.4666716900001"
      },
      "geometry": {
        "type": "Point",
        "coordinates": [
          140.4666693705845,
          -34.25309528767605
        ]
      }
    },
    {
      "type": "Feature",
      "properties": {
        "objectid": 554,
        "featuretype": "EMERGENCY FACILITY",
        "descripton": "An emergency management facility from which a particular agency\u2019s resources are commanded, coordinated and assigned to an incident or emergency",
        "class": "AMBULANCE STATION",
        "facility_name": "BARMERA STATION",
        "facility_operationalstatus": "OPERATIONAL",
        "facility_address": "LOT 674 LANGDON TERRACE",
        "abs_suburb": "BARMERA",
        "facility_state": "SOUTH AUSTRALIA",
        "abs_postcode": "5345",
        "facility_attribute_source": "HTTP://WWW.SAAMBULANCE.COM.AU",
        "facility_attribute_date": null,
        "facility_source": "HTTP://WWW.SAAMBULANCE.COM.AU",
        "facility_date": null,
        "facility_spatial_confidence": null,
        "facility_revised": "2018-08-18T00:00:00Z",
        "comment_": null,
        "facility_lat": "-34.25299800099998",
        "facility_long": "140.46647500000006",
        "validated": null,
        "gnaf_building_name": null,
        "gnaf_address_detail_pid": "GASA_424185404",
        "gnaf_formatted_address": "LOT 674 LANGDON TERRACE",
        "gnaf_confidence": "0",
        "gnaf_postcode": "5345",
        "gnaf_suburb": "BARMERA",
        "distance_to_gnaf": 23,
        "gnaf_lat": "-34.25312302999998",
        "gnaf_long": "140.4666716900001"
      },
      "geometry": {
        "type": "Point",
        "coordinates": [
          140.4664819946215,
          -34.252984549666074
        ]
      }
    },
    {
      "type": "Feature",
      "properties": {
        "objectid": 564,
        "featuretype": "EMERGENCY FACILITY",
        "descripton": "An emergency management facility from which a particular agency\u2019s resources are commanded, coordinated and assigned to an incident or emergency",
        "class": "AMBULANCE STATION",
        "facility_name": "BERRI STATION",
        "facility_operationalstatus": "OPERATIONAL",
        "facility_address": "LOT 801 CORNWALL STREET",
        "abs_suburb": "BERRI",
        "facility_state": "SOUTH AUSTRALIA",
        "abs_postcode": "5343",
        "facility_attribute_source": "HTTP://WWW.SAAMBULANCE.COM.AU",
        "facility_attribute_date": null,
        "facility_source": "HTTP://WWW.SAAMBULANCE.COM.AU",
        "facility_date": null,
        "facility_spatial_confidence": null,
        "facility_revised": "2018-08-18T00:00:00Z",
        "comment_": null,
        "facility_lat": "-34.277383000999976",
        "facility_long": "140.60180200000002",
        "validated": null,
        "gnaf_building_name": "SA AMBULANCE SERVIE",
        "gnaf_address_detail_pid": "GASA_417038982",
        "gnaf_formatted_address": "25 CORNWALL STREET",
        "gnaf_confidence": "1",
        "gnaf_postcode": "5343",
        "gnaf_suburb": "BERRI",
        "distance_to_gnaf": 25,
        "gnaf_lat": "-34.27731705999997",
        "gnaf_long": "140.60206613000003"
      },
      "geometry": {
        "type": "Point",
        "coordinates": [
          140.60180897189485,
          -34.277369556565574
        ]
      }
    },
    {
      "type": "Feature",
      "properties": {
        "objectid": 565,
        "featuretype": "EMERGENCY FACILITY",
        "descripton": "An emergency management facility from which a particular agency\u2019s resources are commanded, coordinated and assigned to an incident or emergency",
        "class": "AMBULANCE STATION",
        "facility_name": "BLACKWOOD DIVISION",
        "facility_operationalstatus": "OPERATIONAL",
        "facility_address": "155 MAIN ROAD",
        "abs_suburb": "BLACKWOOD",
        "facility_state": "SOUTH AUSTRALIA",
        "abs_postcode": "5051",
        "facility_attribute_source": "HTTP://WWW.STJOHNSA.COM.AU",
        "facility_attribute_date": null,
        "facility_source": "HTTP://WWW.STJOHNSA.COM.AU",
        "facility_date": null,
        "facility_spatial_confidence": null,
        "facility_revised": "2018-08-18T00:00:00Z",
        "comment_": null,
        "facility_lat": "-35.013256990999935",
        "facility_long": "138.62157164100006",
        "validated": null,
        "gnaf_building_name": null,
        "gnaf_address_detail_pid": "GASA_415471575",
        "gnaf_formatted_address": "155 MAIN ROAD",
        "gnaf_confidence": "1",
        "gnaf_postcode": "5051",
        "gnaf_suburb": "BLACKWOOD",
        "distance_to_gnaf": 1,
        "gnaf_lat": "-35.01325038999994",
        "gnaf_long": "138.6215629300001"
      },
      "geometry": {
        "type": "Point",
        "coordinates": [
          138.62157887591536,
          -35.0132434602385
        ]
      }
    },
    {
      "type": "Feature",
      "properties": {
        "objectid": 566,
        "featuretype": "EMERGENCY FACILITY",
        "descripton": "An emergency management facility from which a particular agency\u2019s resources are commanded, coordinated and assigned to an incident or emergency",
        "class": "AMBULANCE STATION",
        "facility_name": "BOOLEROO CENTRE STATION",
        "facility_operationalstatus": "OPERATIONAL",
        "facility_address": "3-13 STEPHENS STREET",
        "abs_suburb": "BOOLEROO CENTRE",
        "facility_state": "SOUTH AUSTRALIA",
        "abs_postcode": "5482",
        "facility_attribute_source": "HTTP://WWW.SAAMBULANCE.COM.AU",
        "facility_attribute_date": null,
        "facility_source": "HTTP://WWW.SAAMBULANCE.COM.AU",
        "facility_date": null,
        "facility_spatial_confidence": null,
        "facility_revised": "2018-08-18T00:00:00Z",
        "comment_": null,
        "facility_lat": "-32.87703800099996",
        "facility_long": "138.3508290000001",
        "validated": null,
        "gnaf_building_name": "HOSPITAL",
        "gnaf_address_detail_pid": "GASA_425452329",
        "gnaf_formatted_address": "3-13 STEPHENS STREET",
        "gnaf_confidence": "1",
        "gnaf_postcode": "5482",
        "gnaf_suburb": "BOOLEROO CENTRE",
        "distance_to_gnaf": 76,
        "gnaf_lat": "-32.87757511999996",
        "gnaf_long": "138.35133730000007"
      },
      "geometry": {
        "type": "Point",
        "coordinates": [
          138.35083640339488,
          -32.87702444540248
        ]
      }
    },
    {
      "type": "Feature",
      "properties": {
        "objectid": 567,
        "featuretype": "EMERGENCY FACILITY",
        "descripton": "An emergency management facility from which a particular agency\u2019s resources are commanded, coordinated and assigned to an incident or emergency",
        "class": "AMBULANCE STATION",
        "facility_name": "BORDERTOWN STATION",
        "facility_operationalstatus": "OPERATIONAL",
        "facility_address": "SEC 980 TATIARA TERRACE",
        "abs_suburb": "BORDERTOWN",
        "facility_state": "SOUTH AUSTRALIA",
        "abs_postcode": "5268",
        "facility_attribute_source": "HTTP://WWW.SAAMBULANCE.COM.AU",
        "facility_attribute_date": null,
        "facility_source": "HTTP://WWW.SAAMBULANCE.COM.AU",
        "facility_date": null,
        "facility_spatial_confidence": null,
        "facility_revised": "2018-08-18T00:00:00Z",
        "comment_": null,
        "facility_lat": "-36.30821500099995",
        "facility_long": "140.76980199900004",
        "validated": null,
        "gnaf_building_name": null,
        "gnaf_address_detail_pid": "GASA_424406152",
        "gnaf_formatted_address": "LOT 980 TATIARA TERRACE",
        "gnaf_confidence": "-1",
        "gnaf_postcode": "5268",
        "gnaf_suburb": "BORDERTOWN",
        "distance_to_gnaf": 3,
        "gnaf_lat": "-36.30824484999994",
        "gnaf_long": "140.76979775000007"
      },
      "geometry": {
        "type": "Point",
        "coordinates": [
          140.76980879117272,
          -36.30820157795872
        ]
      }
    },
    {
      "type": "Feature",
      "properties": {
        "objectid": 568,
        "featuretype": "EMERGENCY FACILITY",
        "descripton": "An emergency management facility from which a particular agency\u2019s resources are commanded, coordinated and assigned to an incident or emergency",
        "class": "AMBULANCE STATION",
        "facility_name": "MARION DIVISION",
        "facility_operationalstatus": "OPERATIONAL",
        "facility_address": "7 ARUNDEL ROAD",
        "abs_suburb": "BRIGHTON",
        "facility_state": "SOUTH AUSTRALIA",
        "abs_postcode": "5048",
        "facility_attribute_source": "HTTP://WWW.STJOHNSA.COM.AU",
        "facility_attribute_date": null,
        "facility_source": "HTTP://WWW.STJOHNSA.COM.AU",
        "facility_date": null,
        "facility_spatial_confidence": null,
        "facility_revised": "2018-08-18T00:00:00Z",
        "comment_": null,
        "facility_lat": "-35.02015536399995",
        "facility_long": "138.52449077900008",
        "validated": null,
        "gnaf_building_name": null,
        "gnaf_address_detail_pid": "GASA_415247759",
        "gnaf_formatted_address": "7 ARUNDEL ROAD",
        "gnaf_confidence": "1",
        "gnaf_postcode": "5048",
        "gnaf_suburb": "BRIGHTON",
        "distance_to_gnaf": 0,
        "gnaf_lat": "-35.02015529999994",
        "gnaf_long": "138.52449088000003"
      },
      "geometry": {
        "type": "Point",
        "coordinates": [
          138.5244980290968,
          -35.02014182924099
        ]
      }
    },
    {
      "type": "Feature",
      "properties": {
        "objectid": 569,
        "featuretype": "EMERGENCY FACILITY",
        "descripton": "An emergency management facility from which a particular agency\u2019s resources are commanded, coordinated and assigned to an incident or emergency",
        "class": "AMBULANCE STATION",
        "facility_name": "LOGISTICS DIVISION",
        "facility_operationalstatus": "OPERATIONAL",
        "facility_address": "11 ACORN ROAD",
        "abs_suburb": "CAMDEN PARK",
        "facility_state": "SOUTH AUSTRALIA",
        "abs_postcode": "5038",
        "facility_attribute_source": "HTTP://WWW.STJOHNSA.COM.AU",
        "facility_attribute_date": null,
        "facility_source": "HTTP://WWW.STJOHNSA.COM.AU",
        "facility_date": null,
        "facility_spatial_confidence": null,
        "facility_revised": "2018-08-18T00:00:00Z",
        "comment_": null,
        "facility_lat": "-34.96189895799995",
        "facility_long": "138.543184321",
        "validated": null,
        "gnaf_building_name": null,
        "gnaf_address_detail_pid": "GASA_414915826",
        "gnaf_formatted_address": "11 ACORN ROAD",
        "gnaf_confidence": "1",
        "gnaf_postcode": "5038",
        "gnaf_suburb": "CAMDEN PARK",
        "distance_to_gnaf": 0,
        "gnaf_lat": "-34.96189899999996",
        "gnaf_long": "138.54318438000007"
      },
      "geometry": {
        "type": "Point",
        "coordinates": [
          138.54319157166034,
          -34.961885423650806
        ]
      }
    },
    {
      "type": "Feature",
      "properties": {
        "objectid": 570,
        "featuretype": "EMERGENCY FACILITY",
        "descripton": "An emergency management facility from which a particular agency\u2019s resources are commanded, coordinated and assigned to an incident or emergency",
        "class": "AMBULANCE STATION",
        "facility_name": "WEST TORRENS DIVISION",
        "facility_operationalstatus": "OPERATIONAL",
        "facility_address": "11 ACORN ROAD",
        "abs_suburb": "CAMDEN PARK",
        "facility_state": "SOUTH AUSTRALIA",
        "abs_postcode": "5038",
        "facility_attribute_source": "HTTP://WWW.STJOHNSA.COM.AU",
        "facility_attribute_date": null,
        "facility_source": "HTTP://WWW.STJOHNSA.COM.AU",
        "facility_date": null,
        "facility_spatial_confidence": null,
        "facility_revised": "2018-08-18T00:00:00Z",
        "comment_": null,
        "facility_lat": "-34.96189895799995",
        "facility_long": "138.543184321",
        "validated": null,
        "gnaf_building_name": null,
        "gnaf_address_detail_pid": "GASA_414915826",
        "gnaf_formatted_address": "11 ACORN ROAD",
        "gnaf_confidence": "1",
        "gnaf_postcode": "5038",
        "gnaf_suburb": "CAMDEN PARK",
        "distance_to_gnaf": 0,
        "gnaf_lat": "-34.96189899999996",
        "gnaf_long": "138.54318438000007"
      },
      "geometry": {
        "type": "Point",
        "coordinates": [
          138.54319157166034,
          -34.961885423650806
        ]
      }
    },
    {
      "type": "Feature",
      "properties": {
        "objectid": 571,
        "featuretype": "EMERGENCY FACILITY",
        "descripton": "An emergency management facility from which a particular agency\u2019s resources are commanded, coordinated and assigned to an incident or emergency",
        "class": "AMBULANCE STATION",
        "facility_name": "CAMDEN PARK STATION",
        "facility_operationalstatus": "OPERATIONAL",
        "facility_address": "65-69 MORPHETT ROAD",
        "abs_suburb": "CAMDEN PARK",
        "facility_state": "SOUTH AUSTRALIA",
        "abs_postcode": "5038",
        "facility_attribute_source": "HTTP://WWW.SAAMBULANCE.COM.AU",
        "facility_attribute_date": null,
        "facility_source": "HTTP://WWW.SAAMBULANCE.COM.AU",
        "facility_date": null,
        "facility_spatial_confidence": null,
        "facility_revised": "2018-08-18T00:00:00Z",
        "comment_": null,
        "facility_lat": "-34.96635600099995",
        "facility_long": "138.53736300100002",
        "validated": null,
        "gnaf_building_name": "SAMFS",
        "gnaf_address_detail_pid": "GASA_415011985",
        "gnaf_formatted_address": "65-69 MORPHETT ROAD",
        "gnaf_confidence": "2",
        "gnaf_postcode": "5038",
        "gnaf_suburb": "CAMDEN PARK",
        "distance_to_gnaf": 13,
        "gnaf_lat": "-34.96645211999993",
        "gnaf_long": "138.5374450800001"
      },
      "geometry": {
        "type": "Point",
        "coordinates": [
          138.53737025232152,
          -34.96634246643731
        ]
      }
    },
    {
      "type": "Feature",
      "properties": {
        "objectid": 572,
        "featuretype": "EMERGENCY FACILITY",
        "descripton": "An emergency management facility from which a particular agency\u2019s resources are commanded, coordinated and assigned to an incident or emergency",
        "class": "AMBULANCE STATION",
        "facility_name": "BROOKLYN PARK STATION",
        "facility_operationalstatus": "OPERATIONAL",
        "facility_address": "65-69 MORPHETT ROAD",
        "abs_suburb": "CAMDEN PARK",
        "facility_state": "SOUTH AUSTRALIA",
        "abs_postcode": "5038",
        "facility_attribute_source": "HTTP://WWW.SAAMBULANCE.COM.AU",
        "facility_attribute_date": null,
        "facility_source": "HTTP://WWW.SAAMBULANCE.COM.AU",
        "facility_date": null,
        "facility_spatial_confidence": null,
        "facility_revised": "2018-08-18T00:00:00Z",
        "comment_": null,
        "facility_lat": "-34.96634200099993",
        "facility_long": "138.5373720010001",
        "validated": null,
        "gnaf_building_name": "SAMFS",
        "gnaf_address_detail_pid": "GASA_415011985",
        "gnaf_formatted_address": "65-69 MORPHETT ROAD",
        "gnaf_confidence": "2",
        "gnaf_postcode": "5038",
        "gnaf_suburb": "CAMDEN PARK",
        "distance_to_gnaf": 14,
        "gnaf_lat": "-34.96645211999993",
        "gnaf_long": "138.5374450800001"
      },
      "geometry": {
        "type": "Point",
        "coordinates": [
          138.53737925232105,
          -34.96632846643756
        ]
      }
    },
    {
      "type": "Feature",
      "properties": {
        "objectid": 573,
        "featuretype": "EMERGENCY FACILITY",
        "descripton": "An emergency management facility from which a particular agency\u2019s resources are commanded, coordinated and assigned to an incident or emergency",
        "class": "AMBULANCE STATION",
        "facility_name": "CEDUNA STATION",
        "facility_operationalstatus": "OPERATIONAL",
        "facility_address": "32 POYNTON STREET",
        "abs_suburb": "CEDUNA",
        "facility_state": "SOUTH AUSTRALIA",
        "abs_postcode": "5690",
        "facility_attribute_source": "HTTP://WWW.SAAMBULANCE.COM.AU",
        "facility_attribute_date": null,
        "facility_source": "HTTP://WWW.SAAMBULANCE.COM.AU",
        "facility_date": null,
        "facility_spatial_confidence": null,
        "facility_revised": "2018-08-18T00:00:00Z",
        "comment_": null,
        "facility_lat": "-32.127697000999945",
        "facility_long": "133.67402199900005",
        "validated": null,
        "gnaf_building_name": null,
        "gnaf_address_detail_pid": "GASA_415071011",
        "gnaf_formatted_address": "32 POYNTON STREET",
        "gnaf_confidence": "1",
        "gnaf_postcode": "5690",
        "gnaf_suburb": "CEDUNA",
        "distance_to_gnaf": 14,
        "gnaf_lat": "-32.12766134999998",
        "gnaf_long": "133.67416140000012"
      },
      "geometry": {
        "type": "Point",
        "coordinates": [
          133.6740301205431,
          -32.12768329746934
        ]
      }
    },
    {
      "type": "Feature",
      "properties": {
        "objectid": 574,
        "featuretype": "EMERGENCY FACILITY",
        "descripton": "An emergency management facility from which a particular agency\u2019s resources are commanded, coordinated and assigned to an incident or emergency",
        "class": "AMBULANCE STATION",
        "facility_name": "CLARE STATION",
        "facility_operationalstatus": "OPERATIONAL",
        "facility_address": "WEBB STREET",
        "abs_suburb": "CLARE",
        "facility_state": "SOUTH AUSTRALIA",
        "abs_postcode": "5453",
        "facility_attribute_source": "HTTP://WWW.SAAMBULANCE.COM.AU",
        "facility_attribute_date": null,
        "facility_source": "HTTP://WWW.SAAMBULANCE.COM.AU",
        "facility_date": null,
        "facility_spatial_confidence": null,
        "facility_revised": "2018-08-18T00:00:00Z",
        "comment_": null,
        "facility_lat": "-33.83006800099997",
        "facility_long": "138.613643001",
        "validated": null,
        "gnaf_building_name": null,
        "gnaf_address_detail_pid": "GASA_424339852",
        "gnaf_formatted_address": "LOT 10 WEBB STREET",
        "gnaf_confidence": "0",
        "gnaf_postcode": "5453",
        "gnaf_suburb": "CLARE",
        "distance_to_gnaf": 17,
        "gnaf_lat": "-33.829977809999946",
        "gnaf_long": "138.61379109000006"
      },
      "geometry": {
        "type": "Point",
        "coordinates": [
          138.6136503091387,
          -33.83005446239268
        ]
      }
    },
    {
      "type": "Feature",
      "properties": {
        "objectid": 575,
        "featuretype": "EMERGENCY FACILITY",
        "descripton": "An emergency management facility from which a particular agency\u2019s resources are commanded, coordinated and assigned to an incident or emergency",
        "class": "AMBULANCE STATION",
        "facility_name": "CLARE DIVISION",
        "facility_operationalstatus": "OPERATIONAL",
        "facility_address": "324 MAIN NORTH ROAD",
        "abs_suburb": "CLARE",
        "facility_state": "SOUTH AUSTRALIA",
        "abs_postcode": "5453",
        "facility_attribute_source": "HTTP://WWW.STJOHNSA.COM.AU",
        "facility_attribute_date": null,
        "facility_source": "HTTP://WWW.STJOHNSA.COM.AU",
        "facility_date": null,
        "facility_spatial_confidence": null,
        "facility_revised": "2018-08-18T00:00:00Z",
        "comment_": null,
        "facility_lat": "-33.83031737299996",
        "facility_long": "138.6081346080001",
        "validated": null,
        "gnaf_building_name": null,
        "gnaf_address_detail_pid": "GASA_415502095",
        "gnaf_formatted_address": "324 MAIN NORTH ROAD",
        "gnaf_confidence": "1",
        "gnaf_postcode": "5453",
        "gnaf_suburb": "CLARE",
        "distance_to_gnaf": 0,
        "gnaf_lat": "-33.830317399999956",
        "gnaf_long": "138.6081346200001"
      },
      "geometry": {
        "type": "Point",
        "coordinates": [
          138.6081419169691,
          -33.830303834164546
        ]
      }
    },
    {
      "type": "Feature",
      "properties": {
        "objectid": 576,
        "featuretype": "EMERGENCY FACILITY",
        "descripton": "An emergency management facility from which a particular agency\u2019s resources are commanded, coordinated and assigned to an incident or emergency",
        "class": "AMBULANCE STATION",
        "facility_name": "CLEVE STATION",
        "facility_operationalstatus": "OPERATIONAL",
        "facility_address": "20 FOURTH STREET",
        "abs_suburb": "CLEVE",
        "facility_state": "SOUTH AUSTRALIA",
        "abs_postcode": "5640",
        "facility_attribute_source": "HTTP://WWW.SAAMBULANCE.COM.AU",
        "facility_attribute_date": null,
        "facility_source": "HTTP://WWW.SAAMBULANCE.COM.AU",
        "facility_date": null,
        "facility_spatial_confidence": null,
        "facility_revised": "2018-08-18T00:00:00Z",
        "comment_": null,
        "facility_lat": "-33.70086799999996",
        "facility_long": "136.49385800100004",
        "validated": null,
        "gnaf_building_name": null,
        "gnaf_address_detail_pid": "GASA_415501293",
        "gnaf_formatted_address": "20 FOURTH STREET",
        "gnaf_confidence": "1",
        "gnaf_postcode": "5640",
        "gnaf_suburb": "CLEVE",
        "distance_to_gnaf": 18,
        "gnaf_lat": "-33.700864499999966",
        "gnaf_long": "136.49366425000005"
      },
      "geometry": {
        "type": "Point",
        "coordinates": [
          136.49386564164786,
          -33.70085438164062
        ]
      }
    },
    {
      "type": "Feature",
      "properties": {
        "objectid": 577,
        "featuretype": "EMERGENCY FACILITY",
        "descripton": "An emergency management facility from which a particular agency\u2019s resources are commanded, coordinated and assigned to an incident or emergency",
        "class": "AMBULANCE STATION",
        "facility_name": "COFFIN BAY STATION",
        "facility_operationalstatus": "OPERATIONAL",
        "facility_address": "165-181 ESPLANADE",
        "abs_suburb": "COFFIN BAY",
        "facility_state": "SOUTH AUSTRALIA",
        "abs_postcode": "5607",
        "facility_attribute_source": "HTTP://WWW.SAAMBULANCE.COM.AU",
        "facility_attribute_date": null,
        "facility_source": "HTTP://WWW.SAAMBULANCE.COM.AU",
        "facility_date": null,
        "facility_spatial_confidence": null,
        "facility_revised": "2018-08-18T00:00:00Z",
        "comment_": null,
        "facility_lat": "-34.62262100099997",
        "facility_long": "135.46345800100005",
        "validated": null,
        "gnaf_building_name": null,
        "gnaf_address_detail_pid": "GASA_425436498",
        "gnaf_formatted_address": "165-181 ESPLANADE ",
        "gnaf_confidence": "1",
        "gnaf_postcode": "5607",
        "gnaf_suburb": "COFFIN BAY",
        "distance_to_gnaf": 122,
        "gnaf_lat": "-34.62152261999995",
        "gnaf_long": "135.46343531000002"
      },
      "geometry": {
        "type": "Point",
        "coordinates": [
          135.4634657623986,
          -34.62260735683834
        ]
      }
    },
    {
      "type": "Feature",
      "properties": {
        "objectid": 578,
        "featuretype": "EMERGENCY FACILITY",
        "descripton": "An emergency management facility from which a particular agency\u2019s resources are commanded, coordinated and assigned to an incident or emergency",
        "class": "AMBULANCE STATION",
        "facility_name": "KAROONDA DIVISION",
        "facility_operationalstatus": "OPERATIONAL",
        "facility_address": "LOT 55 STOKES ROAD",
        "abs_suburb": "KAROONDA",
        "facility_state": "SOUTH AUSTRALIA",
        "abs_postcode": "5307",
        "facility_attribute_source": "HTTP://WWW.STJOHNSA.COM.AU",
        "facility_attribute_date": null,
        "facility_source": "HTTP://WWW.STJOHNSA.COM.AU",
        "facility_date": null,
        "facility_spatial_confidence": null,
        "facility_revised": "2018-08-18T00:00:00Z",
        "comment_": null,
        "facility_lat": "-35.09499331999996",
        "facility_long": "139.88962805300002",
        "validated": null,
        "gnaf_building_name": null,
        "gnaf_address_detail_pid": "GASA_424416242",
        "gnaf_formatted_address": "LOT 55 STOKES ROAD",
        "gnaf_confidence": "-1",
        "gnaf_postcode": "5307",
        "gnaf_suburb": "KAROONDA",
        "distance_to_gnaf": 10,
        "gnaf_lat": "-35.09503979999994",
        "gnaf_long": "139.88972488000002"
      },
      "geometry": {
        "type": "Point",
        "coordinates": [
          139.88963507892132,
          -35.0949798461778
        ]
      }
    },
    {
      "type": "Feature",
      "properties": {
        "objectid": 579,
        "featuretype": "EMERGENCY FACILITY",
        "descripton": "An emergency management facility from which a particular agency\u2019s resources are commanded, coordinated and assigned to an incident or emergency",
        "class": "AMBULANCE STATION",
        "facility_name": "KAROONDA STATION",
        "facility_operationalstatus": "OPERATIONAL",
        "facility_address": "LOT 55 STOKES ROAD",
        "abs_suburb": "KAROONDA",
        "facility_state": "SOUTH AUSTRALIA",
        "abs_postcode": "5307",
        "facility_attribute_source": "HTTP://WWW.SAAMBULANCE.COM.AU",
        "facility_attribute_date": null,
        "facility_source": "HTTP://WWW.SAAMBULANCE.COM.AU",
        "facility_date": null,
        "facility_spatial_confidence": null,
        "facility_revised": "2018-08-18T00:00:00Z",
        "comment_": null,
        "facility_lat": "-35.09495000199996",
        "facility_long": "139.88981",
        "validated": null,
        "gnaf_building_name": null,
        "gnaf_address_detail_pid": "GASA_424416242",
        "gnaf_formatted_address": "LOT 55 STOKES ROAD",
        "gnaf_confidence": "-1",
        "gnaf_postcode": "5307",
        "gnaf_suburb": "KAROONDA",
        "distance_to_gnaf": 13,
        "gnaf_lat": "-35.09503979999994",
        "gnaf_long": "139.88972488000002"
      },
      "geometry": {
        "type": "Point",
        "coordinates": [
          139.88981702589516,
          -35.09493652818611
        ]
      }
    },
    {
      "type": "Feature",
      "properties": {
        "objectid": 580,
        "featuretype": "EMERGENCY FACILITY",
        "descripton": "An emergency management facility from which a particular agency\u2019s resources are commanded, coordinated and assigned to an incident or emergency",
        "class": "AMBULANCE STATION",
        "facility_name": "KEITH STATION",
        "facility_operationalstatus": "OPERATIONAL",
        "facility_address": "LOT 24 HILL AVENUE",
        "abs_suburb": "KEITH",
        "facility_state": "SOUTH AUSTRALIA",
        "abs_postcode": "5267",
        "facility_attribute_source": "HTTP://WWW.SAAMBULANCE.COM.AU",
        "facility_attribute_date": null,
        "facility_source": "HTTP://WWW.SAAMBULANCE.COM.AU",
        "facility_date": null,
        "facility_spatial_confidence": null,
        "facility_revised": "2018-08-18T00:00:00Z",
        "comment_": null,
        "facility_lat": "-36.09751500099998",
        "facility_long": "140.34606900000006",
        "validated": null,
        "gnaf_building_name": null,
        "gnaf_address_detail_pid": "GASA_425064653",
        "gnaf_formatted_address": "LOT 24 HILL AVENUE",
        "gnaf_confidence": "-1",
        "gnaf_postcode": "5267",
        "gnaf_suburb": "KEITH",
        "distance_to_gnaf": 2,
        "gnaf_lat": "-36.097503089999975",
        "gnaf_long": "140.34608097000012"
      },
      "geometry": {
        "type": "Point",
        "coordinates": [
          140.34607587896124,
          -36.097501555450805
        ]
      }
    },
    {
      "type": "Feature",
      "properties": {
        "objectid": 581,
        "featuretype": "EMERGENCY FACILITY",
        "descripton": "An emergency management facility from which a particular agency\u2019s resources are commanded, coordinated and assigned to an incident or emergency",
        "class": "AMBULANCE STATION",
        "facility_name": "KIMBA STATION",
        "facility_operationalstatus": "OPERATIONAL",
        "facility_address": "8A CROSS STREET",
        "abs_suburb": "KIMBA",
        "facility_state": "SOUTH AUSTRALIA",
        "abs_postcode": "5641",
        "facility_attribute_source": "HTTP://WWW.SAAMBULANCE.COM.AU",
        "facility_attribute_date": null,
        "facility_source": "HTTP://WWW.SAAMBULANCE.COM.AU",
        "facility_date": null,
        "facility_spatial_confidence": null,
        "facility_revised": "2018-08-18T00:00:00Z",
        "comment_": null,
        "facility_lat": "-33.138619999999946",
        "facility_long": "136.4192719990001",
        "validated": null,
        "gnaf_building_name": null,
        "gnaf_address_detail_pid": "GASA_423681440",
        "gnaf_formatted_address": "8 CROSS STREET",
        "gnaf_confidence": "1",
        "gnaf_postcode": "5641",
        "gnaf_suburb": "KIMBA",
        "distance_to_gnaf": 13,
        "gnaf_lat": "-33.13863774999993",
        "gnaf_long": "136.4194042800001"
      },
      "geometry": {
        "type": "Point",
        "coordinates": [
          136.41927967702696,
          -33.13860637564917
        ]
      }
    },
    {
      "type": "Feature",
      "properties": {
        "objectid": 582,
        "featuretype": "EMERGENCY FACILITY",
        "descripton": "An emergency management facility from which a particular agency\u2019s resources are commanded, coordinated and assigned to an incident or emergency",
        "class": "AMBULANCE STATION",
        "facility_name": "KINGSCOTE STATION",
        "facility_operationalstatus": "OPERATIONAL",
        "facility_address": "17 MURRAY STREET",
        "abs_suburb": "KINGSCOTE",
        "facility_state": "SOUTH AUSTRALIA",
        "abs_postcode": "5223",
        "facility_attribute_source": "HTTP://WWW.SAAMBULANCE.COM.AU",
        "facility_attribute_date": null,
        "facility_source": "HTTP://WWW.SAAMBULANCE.COM.AU",
        "facility_date": null,
        "facility_spatial_confidence": null,
        "facility_revised": "2018-08-18T00:00:00Z",
        "comment_": null,
        "facility_lat": "-35.65467900099998",
        "facility_long": "137.6367980000001",
        "validated": null,
        "gnaf_building_name": null,
        "gnaf_address_detail_pid": "GASA_415557147",
        "gnaf_formatted_address": "17 MURRAY STREET",
        "gnaf_confidence": "1",
        "gnaf_postcode": "5223",
        "gnaf_suburb": "KINGSCOTE",
        "distance_to_gnaf": 6,
        "gnaf_lat": "-35.65468779999998",
        "gnaf_long": "137.63673388000007"
      },
      "geometry": {
        "type": "Point",
        "coordinates": [
          137.63680535743524,
          -35.654665435045246
        ]
      }
    },
    {
      "type": "Feature",
      "properties": {
        "objectid": 583,
        "featuretype": "EMERGENCY FACILITY",
        "descripton": "An emergency management facility from which a particular agency\u2019s resources are commanded, coordinated and assigned to an incident or emergency",
        "class": "AMBULANCE STATION",
        "facility_name": "KINGSTON STATION",
        "facility_operationalstatus": "OPERATIONAL",
        "facility_address": "2 SMITHS LANE",
        "abs_suburb": "KINGSTON SE",
        "facility_state": "SOUTH AUSTRALIA",
        "abs_postcode": "5275",
        "facility_attribute_source": "HTTP://WWW.SAAMBULANCE.COM.AU",
        "facility_attribute_date": null,
        "facility_source": "HTTP://WWW.SAAMBULANCE.COM.AU",
        "facility_date": null,
        "facility_spatial_confidence": null,
        "facility_revised": "2018-08-18T00:00:00Z",
        "comment_": null,
        "facility_lat": "-36.840368000999945",
        "facility_long": "139.853783001",
        "validated": null,
        "gnaf_building_name": null,
        "gnaf_address_detail_pid": "GASA_425353760",
        "gnaf_formatted_address": "LOT 4 EAST TERRACE",
        "gnaf_confidence": "0",
        "gnaf_postcode": "5275",
        "gnaf_suburb": "KINGSTON SE",
        "distance_to_gnaf": 25,
        "gnaf_lat": "-36.840176749999955",
        "gnaf_long": "139.8536426500001"
      },
      "geometry": {
        "type": "Point",
        "coordinates": [
          139.85378990834337,
          -36.84035453632993
        ]
      }
    },
    {
      "type": "Feature",
      "properties": {
        "objectid": 584,
        "featuretype": "EMERGENCY FACILITY",
        "descripton": "An emergency management facility from which a particular agency\u2019s resources are commanded, coordinated and assigned to an incident or emergency",
        "class": "AMBULANCE STATION",
        "facility_name": "LAMEROO DIVISION",
        "facility_operationalstatus": "OPERATIONAL",
        "facility_address": "LOT 1 CHANDOS TERRACE",
        "abs_suburb": "LAMEROO",
        "facility_state": "SOUTH AUSTRALIA",
        "abs_postcode": "5302",
        "facility_attribute_source": "HTTP://WWW.STJOHNSA.COM.AU",
        "facility_attribute_date": null,
        "facility_source": "HTTP://WWW.STJOHNSA.COM.AU",
        "facility_date": null,
        "facility_spatial_confidence": null,
        "facility_revised": "2018-08-18T00:00:00Z",
        "comment_": null,
        "facility_lat": "-35.32895472799993",
        "facility_long": "140.5148929510001",
        "validated": null,
        "gnaf_building_name": null,
        "gnaf_address_detail_pid": "GASA_424149530",
        "gnaf_formatted_address": "LOT 1 CHANDOS TERRACE",
        "gnaf_confidence": "1",
        "gnaf_postcode": "5302",
        "gnaf_suburb": "LAMEROO",
        "distance_to_gnaf": 1444,
        "gnaf_lat": "-35.33970372999994",
        "gnaf_long": "140.50594619000003"
      },
      "geometry": {
        "type": "Point",
        "coordinates": [
          140.51489985944187,
          -35.328941285973784
        ]
      }
    },
    {
      "type": "Feature",
      "properties": {
        "objectid": 585,
        "featuretype": "EMERGENCY FACILITY",
        "descripton": "An emergency management facility from which a particular agency\u2019s resources are commanded, coordinated and assigned to an incident or emergency",
        "class": "AMBULANCE STATION",
        "facility_name": "LAMEROO STATION",
        "facility_operationalstatus": "OPERATIONAL",
        "facility_address": "LOT 1 CHANDOS TERRACE",
        "abs_suburb": "LAMEROO",
        "facility_state": "SOUTH AUSTRALIA",
        "abs_postcode": "5302",
        "facility_attribute_source": "HTTP://WWW.SAAMBULANCE.COM.AU",
        "facility_attribute_date": null,
        "facility_source": "HTTP://WWW.SAAMBULANCE.COM.AU",
        "facility_date": null,
        "facility_spatial_confidence": null,
        "facility_revised": "2018-08-18T00:00:00Z",
        "comment_": null,
        "facility_lat": "-35.32877999999994",
        "facility_long": "140.51514100000009",
        "validated": null,
        "gnaf_building_name": null,
        "gnaf_address_detail_pid": "GASA_424149530",
        "gnaf_formatted_address": "LOT 1 CHANDOS TERRACE",
        "gnaf_confidence": "1",
        "gnaf_postcode": "5302",
        "gnaf_suburb": "LAMEROO",
        "distance_to_gnaf": 1472,
        "gnaf_lat": "-35.33970372999994",
        "gnaf_long": "140.50594619000003"
      },
      "geometry": {
        "type": "Point",
        "coordinates": [
          140.51514790841475,
          -35.32876655798505
        ]
      }
    },
    {
      "type": "Feature",
      "properties": {
        "objectid": 586,
        "featuretype": "EMERGENCY FACILITY",
        "descripton": "An emergency management facility from which a particular agency\u2019s resources are commanded, coordinated and assigned to an incident or emergency",
        "class": "AMBULANCE STATION",
        "facility_name": "LEIGH CREEK STATION",
        "facility_operationalstatus": "OPERATIONAL",
        "facility_address": "PT LT 305 BLACK OAK DRIVE",
        "abs_suburb": "LEIGH CREEK",
        "facility_state": "SOUTH AUSTRALIA",
        "abs_postcode": "5731",
        "facility_attribute_source": "HTTP://WWW.SAAMBULANCE.COM.AU",
        "facility_attribute_date": null,
        "facility_source": "HTTP://WWW.SAAMBULANCE.COM.AU",
        "facility_date": null,
        "facility_spatial_confidence": null,
        "facility_revised": "2018-08-18T00:00:00Z",
        "comment_": null,
        "facility_lat": "-30.591509000999963",
        "facility_long": "138.3983210010001",
        "validated": null,
        "gnaf_building_name": null,
        "gnaf_address_detail_pid": "GASA_424289860",
        "gnaf_formatted_address": "LOT 305 BLACK OAK DRIVE",
        "gnaf_confidence": "0",
        "gnaf_postcode": "5731",
        "gnaf_suburb": "LEIGH CREEK",
        "distance_to_gnaf": 21,
        "gnaf_lat": "-30.591603539999937",
        "gnaf_long": "138.39851131000012"
      },
      "geometry": {
        "type": "Point",
        "coordinates": [
          138.39832852466418,
          -30.591495432055105
        ]
      }
    },
    {
      "type": "Feature",
      "properties": {
        "objectid": 587,
        "featuretype": "EMERGENCY FACILITY",
        "descripton": "An emergency management facility from which a particular agency\u2019s resources are commanded, coordinated and assigned to an incident or emergency",
        "class": "AMBULANCE STATION",
        "facility_name": "LOCK STATION",
        "facility_operationalstatus": "OPERATIONAL",
        "facility_address": "34 DEARMAN STREET",
        "abs_suburb": "LOCK",
        "facility_state": "SOUTH AUSTRALIA",
        "abs_postcode": "5633",
        "facility_attribute_source": "HTTP://WWW.SAAMBULANCE.COM.AU",
        "facility_attribute_date": null,
        "facility_source": "HTTP://WWW.SAAMBULANCE.COM.AU",
        "facility_date": null,
        "facility_spatial_confidence": null,
        "facility_revised": "2018-08-18T00:00:00Z",
        "comment_": null,
        "facility_lat": "-33.56555900099994",
        "facility_long": "135.75564900000006",
        "validated": null,
        "gnaf_building_name": null,
        "gnaf_address_detail_pid": "GASA_416100813",
        "gnaf_formatted_address": "34 DEARMAN STREET",
        "gnaf_confidence": "1",
        "gnaf_postcode": "5633",
        "gnaf_suburb": "LOCK",
        "distance_to_gnaf": 16,
        "gnaf_lat": "-33.56549861999997",
        "gnaf_long": "135.75580137000009"
      },
      "geometry": {
        "type": "Point",
        "coordinates": [
          135.7556567599817,
          -33.5655453587783
        ]
      }
    },
    {
      "type": "Feature",
      "properties": {
        "objectid": 588,
        "featuretype": "EMERGENCY FACILITY",
        "descripton": "An emergency management facility from which a particular agency\u2019s resources are commanded, coordinated and assigned to an incident or emergency",
        "class": "AMBULANCE STATION",
        "facility_name": "LOXTON DIVISION",
        "facility_operationalstatus": "OPERATIONAL",
        "facility_address": "KOKODA TERRACE",
        "abs_suburb": "LOXTON",
        "facility_state": "SOUTH AUSTRALIA",
        "abs_postcode": "5333",
        "facility_attribute_source": "HTTP://WWW.STJOHNSA.COM.AU",
        "facility_attribute_date": null,
        "facility_source": "HTTP://WWW.STJOHNSA.COM.AU",
        "facility_date": null,
        "facility_spatial_confidence": null,
        "facility_revised": "2018-08-18T00:00:00Z",
        "comment_": null,
        "facility_lat": "-34.453343562999976",
        "facility_long": "140.57334886700005",
        "validated": null,
        "gnaf_building_name": null,
        "gnaf_address_detail_pid": "GASA_424111468",
        "gnaf_formatted_address": "LOT 87 KOKODA TERRACE",
        "gnaf_confidence": "0",
        "gnaf_postcode": "5333",
        "gnaf_suburb": "LOXTON",
        "distance_to_gnaf": 44,
        "gnaf_lat": "-34.45356923999998",
        "gnaf_long": "140.5729613000001"
      },
      "geometry": {
        "type": "Point",
        "coordinates": [
          140.57335583051344,
          -34.45333011828205
        ]
      }
    },
    {
      "type": "Feature",
      "properties": {
        "objectid": 589,
        "featuretype": "EMERGENCY FACILITY",
        "descripton": "An emergency management facility from which a particular agency\u2019s resources are commanded, coordinated and assigned to an incident or emergency",
        "class": "AMBULANCE STATION",
        "facility_name": "LOXTON STATION",
        "facility_operationalstatus": "OPERATIONAL",
        "facility_address": "KOKODA TERRACE",
        "abs_suburb": "LOXTON",
        "facility_state": "SOUTH AUSTRALIA",
        "abs_postcode": "5333",
        "facility_attribute_source": "HTTP://WWW.SAAMBULANCE.COM.AU",
        "facility_attribute_date": null,
        "facility_source": "HTTP://WWW.SAAMBULANCE.COM.AU",
        "facility_date": null,
        "facility_spatial_confidence": null,
        "facility_revised": "2018-08-18T00:00:00Z",
        "comment_": null,
        "facility_lat": "-34.45344000099993",
        "facility_long": "140.573523001",
        "validated": null,
        "gnaf_building_name": null,
        "gnaf_address_detail_pid": "GASA_424111468",
        "gnaf_formatted_address": "LOT 87 KOKODA TERRACE",
        "gnaf_confidence": "0",
        "gnaf_postcode": "5333",
        "gnaf_suburb": "LOXTON",
        "distance_to_gnaf": 54,
        "gnaf_lat": "-34.45356923999998",
        "gnaf_long": "140.5729613000001"
      },
      "geometry": {
        "type": "Point",
        "coordinates": [
          140.57352996447918,
          -34.45342655629133
        ]
      }
    },
    {
      "type": "Feature",
      "properties": {
        "objectid": 590,
        "featuretype": "EMERGENCY FACILITY",
        "descripton": "An emergency management facility from which a particular agency\u2019s resources are commanded, coordinated and assigned to an incident or emergency",
        "class": "AMBULANCE STATION",
        "facility_name": "LUCINDALE STATION",
        "facility_operationalstatus": "OPERATIONAL",
        "facility_address": "MUSGRAVE AVENUE",
        "abs_suburb": "LUCINDALE",
        "facility_state": "SOUTH AUSTRALIA",
        "abs_postcode": "5272",
        "facility_attribute_source": "HTTP://WWW.SAAMBULANCE.COM.AU",
        "facility_attribute_date": null,
        "facility_source": "HTTP://WWW.SAAMBULANCE.COM.AU",
        "facility_date": null,
        "facility_spatial_confidence": null,
        "facility_revised": "2018-08-18T00:00:00Z",
        "comment_": null,
        "facility_lat": "-36.97244300099993",
        "facility_long": "140.3671260000001",
        "validated": null,
        "gnaf_building_name": null,
        "gnaf_address_detail_pid": "GASA_424194533",
        "gnaf_formatted_address": "LOT 221 MUSGRAVE AVENUE",
        "gnaf_confidence": "0",
        "gnaf_postcode": "5272",
        "gnaf_suburb": "LUCINDALE",
        "distance_to_gnaf": 19,
        "gnaf_lat": "-36.97228661999998",
        "gnaf_long": "140.36704413000007"
      },
      "geometry": {
        "type": "Point",
        "coordinates": [
          140.36713280928987,
          -36.972429561874286
        ]
      }
    },
    {
      "type": "Feature",
      "properties": {
        "objectid": 591,
        "featuretype": "EMERGENCY FACILITY",
        "descripton": "An emergency management facility from which a particular agency\u2019s resources are commanded, coordinated and assigned to an incident or emergency",
        "class": "AMBULANCE STATION",
        "facility_name": "MAITLAND STATION",
        "facility_operationalstatus": "OPERATIONAL",
        "facility_address": "68 ROBERT STREET",
        "abs_suburb": "MAITLAND",
        "facility_state": "SOUTH AUSTRALIA",
        "abs_postcode": "5573",
        "facility_attribute_source": "HTTP://WWW.SAAMBULANCE.COM.AU",
        "facility_attribute_date": null,
        "facility_source": "HTTP://WWW.SAAMBULANCE.COM.AU",
        "facility_date": null,
        "facility_spatial_confidence": null,
        "facility_revised": "2018-08-18T00:00:00Z",
        "comment_": null,
        "facility_lat": "-34.370890000999964",
        "facility_long": "137.67376500000012",
        "validated": null,
        "gnaf_building_name": "HOSPITAL",
        "gnaf_address_detail_pid": "GASA_417122975",
        "gnaf_formatted_address": "68 ROBERT STREET",
        "gnaf_confidence": "2",
        "gnaf_postcode": "5573",
        "gnaf_suburb": "MAITLAND",
        "distance_to_gnaf": 70,
        "gnaf_lat": "-34.37033352999998",
        "gnaf_long": "137.67412323000008"
      },
      "geometry": {
        "type": "Point",
        "coordinates": [
          137.6737724230802,
          -34.37087642847254
        ]
      }
    },
    {
      "type": "Feature",
      "properties": {
        "objectid": 592,
        "featuretype": "EMERGENCY FACILITY",
        "descripton": "An emergency management facility from which a particular agency\u2019s resources are commanded, coordinated and assigned to an incident or emergency",
        "class": "AMBULANCE STATION",
        "facility_name": "MALLALA STATION",
        "facility_operationalstatus": "OPERATIONAL",
        "facility_address": "LOT 747 ADELAIDE ROAD",
        "abs_suburb": "MALLALA",
        "facility_state": "SOUTH AUSTRALIA",
        "abs_postcode": "5502",
        "facility_attribute_source": "HTTP://WWW.SAAMBULANCE.COM.AU",
        "facility_attribute_date": null,
        "facility_source": "HTTP://WWW.SAAMBULANCE.COM.AU",
        "facility_date": null,
        "facility_spatial_confidence": null,
        "facility_revised": "2018-08-18T00:00:00Z",
        "comment_": null,
        "facility_lat": "-34.43837100099995",
        "facility_long": "138.50954199900002",
        "validated": null,
        "gnaf_building_name": null,
        "gnaf_address_detail_pid": "GASA_424151334",
        "gnaf_formatted_address": "LOT 747 ADELAIDE ROAD",
        "gnaf_confidence": "0",
        "gnaf_postcode": "5502",
        "gnaf_suburb": "MALLALA",
        "distance_to_gnaf": 9,
        "gnaf_lat": "-34.43841380999993",
        "gnaf_long": "138.50962285000003"
      },
      "geometry": {
        "type": "Point",
        "coordinates": [
          138.5095492867839,
          -34.438357461955725
        ]
      }
    },
    {
      "type": "Feature",
      "properties": {
        "objectid": 593,
        "featuretype": "EMERGENCY FACILITY",
        "descripton": "An emergency management facility from which a particular agency\u2019s resources are commanded, coordinated and assigned to an incident or emergency",
        "class": "AMBULANCE STATION",
        "facility_name": "MALLALA DIVISION",
        "facility_operationalstatus": "OPERATIONAL",
        "facility_address": "LOT 747 ADELAIDE ROAD",
        "abs_suburb": "MALLALA",
        "facility_state": "SOUTH AUSTRALIA",
        "abs_postcode": "5502",
        "facility_attribute_source": "HTTP://WWW.STJOHNSA.COM.AU",
        "facility_attribute_date": null,
        "facility_source": "HTTP://WWW.STJOHNSA.COM.AU",
        "facility_date": null,
        "facility_spatial_confidence": null,
        "facility_revised": "2018-08-18T00:00:00Z",
        "comment_": null,
        "facility_lat": "-34.43841843799993",
        "facility_long": "138.50962897300008",
        "validated": null,
        "gnaf_building_name": null,
        "gnaf_address_detail_pid": "GASA_424151334",
        "gnaf_formatted_address": "LOT 747 ADELAIDE ROAD",
        "gnaf_confidence": "0",
        "gnaf_postcode": "5502",
        "gnaf_suburb": "MALLALA",
        "distance_to_gnaf": 1,
        "gnaf_lat": "-34.43841380999993",
        "gnaf_long": "138.50962285000003"
      },
      "geometry": {
        "type": "Point",
        "coordinates": [
          138.50963626076745,
          -34.43840489895959
        ]
      }
    },
    {
      "type": "Feature",
      "properties": {
        "objectid": 594,
        "featuretype": "EMERGENCY FACILITY",
        "descripton": "An emergency management facility from which a particular agency\u2019s resources are commanded, coordinated and assigned to an incident or emergency",
        "class": "AMBULANCE STATION",
        "facility_name": "MANNUM STATION",
        "facility_operationalstatus": "OPERATIONAL",
        "facility_address": "ADELAIDE ROAD",
        "abs_suburb": "MANNUM",
        "facility_state": "SOUTH AUSTRALIA",
        "abs_postcode": "5238",
        "facility_attribute_source": "HTTP://WWW.SAAMBULANCE.COM.AU",
        "facility_attribute_date": null,
        "facility_source": "HTTP://WWW.SAAMBULANCE.COM.AU",
        "facility_date": null,
        "facility_spatial_confidence": null,
        "facility_revised": "2018-08-18T00:00:00Z",
        "comment_": null,
        "facility_lat": "-34.91450700099995",
        "facility_long": "139.30196300000011",
        "validated": null,
        "gnaf_building_name": null,
        "gnaf_address_detail_pid": "GASA_424922194",
        "gnaf_formatted_address": "56 ADELAIDE ROAD",
        "gnaf_confidence": "1",
        "gnaf_postcode": "5238",
        "gnaf_suburb": "MANNUM",
        "distance_to_gnaf": 29,
        "gnaf_lat": "-34.914732079999965",
        "gnaf_long": "139.30179528000008"
      },
      "geometry": {
        "type": "Point",
        "coordinates": [
          139.30197013222505,
          -34.914493499047225
        ]
      }
    },
    {
      "type": "Feature",
      "properties": {
        "objectid": 595,
        "featuretype": "EMERGENCY FACILITY",
        "descripton": "An emergency management facility from which a particular agency\u2019s resources are commanded, coordinated and assigned to an incident or emergency",
        "class": "AMBULANCE STATION",
        "facility_name": "MARION BAY STATION",
        "facility_operationalstatus": "OPERATIONAL",
        "facility_address": "10-20 SLOW STREET",
        "abs_suburb": "MARION BAY",
        "facility_state": "SOUTH AUSTRALIA",
        "abs_postcode": "5575",
        "facility_attribute_source": "HTTP://WWW.SAAMBULANCE.COM.AU",
        "facility_attribute_date": null,
        "facility_source": "HTTP://WWW.SAAMBULANCE.COM.AU",
        "facility_date": null,
        "facility_spatial_confidence": null,
        "facility_revised": "2018-08-18T00:00:00Z",
        "comment_": null,
        "facility_lat": "-35.23745799999995",
        "facility_long": "136.98030199900006",
        "validated": null,
        "gnaf_building_name": null,
        "gnaf_address_detail_pid": "GASA_415035700",
        "gnaf_formatted_address": "10-20 SLOW STREET",
        "gnaf_confidence": "2",
        "gnaf_postcode": "5575",
        "gnaf_suburb": "MARION BAY",
        "distance_to_gnaf": 26,
        "gnaf_lat": "-35.23763584999995",
        "gnaf_long": "136.98048075000008"
      },
      "geometry": {
        "type": "Point",
        "coordinates": [
          136.98030948681793,
          -35.23744440765011
        ]
      }
    },
    {
      "type": "Feature",
      "properties": {
        "objectid": 596,
        "featuretype": "EMERGENCY FACILITY",
        "descripton": "An emergency management facility from which a particular agency\u2019s resources are commanded, coordinated and assigned to an incident or emergency",
        "class": "AMBULANCE STATION",
        "facility_name": "MARLA STATION",
        "facility_operationalstatus": "OPERATIONAL",
        "facility_address": "LOT 9 PLOVER STREET",
        "abs_suburb": "MARLA",
        "facility_state": "SOUTH AUSTRALIA",
        "abs_postcode": "5724",
        "facility_attribute_source": "HTTP://WWW.SAAMBULANCE.COM.AU",
        "facility_attribute_date": null,
        "facility_source": "HTTP://WWW.SAAMBULANCE.COM.AU",
        "facility_date": null,
        "facility_spatial_confidence": null,
        "facility_revised": "2018-08-18T00:00:00Z",
        "comment_": null,
        "facility_lat": "-27.302073999999948",
        "facility_long": "133.622830001",
        "validated": null,
        "gnaf_building_name": null,
        "gnaf_address_detail_pid": "GASA_424201306",
        "gnaf_formatted_address": "LOT 9 PLOVER STREET",
        "gnaf_confidence": "0",
        "gnaf_postcode": "5724",
        "gnaf_suburb": "MARLA",
        "distance_to_gnaf": 67,
        "gnaf_lat": "-27.30149500999994",
        "gnaf_long": "133.62303063000002"
      },
      "geometry": {
        "type": "Point",
        "coordinates": [
          133.62283825810633,
          -27.30206026380419
        ]
      }
    },
    {
      "type": "Feature",
      "properties": {
        "objectid": 597,
        "featuretype": "EMERGENCY FACILITY",
        "descripton": "An emergency management facility from which a particular agency\u2019s resources are commanded, coordinated and assigned to an incident or emergency",
        "class": "AMBULANCE STATION",
        "facility_name": "MCLAREN VALE STATION",
        "facility_operationalstatus": "OPERATIONAL",
        "facility_address": "ALDERSEY STREET",
        "abs_suburb": "MCLAREN VALE",
        "facility_state": "SOUTH AUSTRALIA",
        "abs_postcode": "5171",
        "facility_attribute_source": "HTTP://WWW.SAAMBULANCE.COM.AU",
        "facility_attribute_date": null,
        "facility_source": "HTTP://WWW.SAAMBULANCE.COM.AU",
        "facility_date": null,
        "facility_spatial_confidence": null,
        "facility_revised": "2018-08-18T00:00:00Z",
        "comment_": null,
        "facility_lat": "-35.22079099999996",
        "facility_long": "138.5445390010001",
        "validated": null,
        "gnaf_building_name": "MCLAREN VALE HOSPITAL",
        "gnaf_address_detail_pid": "GASA_424737914",
        "gnaf_formatted_address": "5-9 ALDERSEY STREET",
        "gnaf_confidence": "1",
        "gnaf_postcode": "5171",
        "gnaf_suburb": "MCLAREN VALE",
        "distance_to_gnaf": 43,
        "gnaf_lat": "-35.22108644999997",
        "gnaf_long": "138.54484633000004"
      },
      "geometry": {
        "type": "Point",
        "coordinates": [
          138.5445462355366,
          -35.22077746732631
        ]
      }
    },
    {
      "type": "Feature",
      "properties": {
        "objectid": 598,
        "featuretype": "EMERGENCY FACILITY",
        "descripton": "An emergency management facility from which a particular agency\u2019s resources are commanded, coordinated and assigned to an incident or emergency",
        "class": "AMBULANCE STATION",
        "facility_name": "MEADOWS STATION",
        "facility_operationalstatus": "OPERATIONAL",
        "facility_address": "70-72 MAWSON ROAD",
        "abs_suburb": "MEADOWS",
        "facility_state": "SOUTH AUSTRALIA",
        "abs_postcode": "5201",
        "facility_attribute_source": "HTTP://WWW.SAAMBULANCE.COM.AU",
        "facility_attribute_date": null,
        "facility_source": "HTTP://WWW.SAAMBULANCE.COM.AU",
        "facility_date": null,
        "facility_spatial_confidence": null,
        "facility_revised": "2018-08-18T00:00:00Z",
        "comment_": null,
        "facility_lat": "-35.18116700099995",
        "facility_long": "138.76281600000004",
        "validated": null,
        "gnaf_building_name": null,
        "gnaf_address_detail_pid": "GASA_425444354",
        "gnaf_formatted_address": "70-72 MAWSON ROAD",
        "gnaf_confidence": "-1",
        "gnaf_postcode": "5201",
        "gnaf_suburb": "MEADOWS",
        "distance_to_gnaf": 10,
        "gnaf_lat": "-35.181144109999934",
        "gnaf_long": "138.76291875000004"
      },
      "geometry": {
        "type": "Point",
        "coordinates": [
          138.7628232016766,
          -35.18115347724071
        ]
      }
    },
    {
      "type": "Feature",
      "properties": {
        "objectid": 599,
        "featuretype": "EMERGENCY FACILITY",
        "descripton": "An emergency management facility from which a particular agency\u2019s resources are commanded, coordinated and assigned to an incident or emergency",
        "class": "AMBULANCE STATION",
        "facility_name": "MENINGIE STATION",
        "facility_operationalstatus": "OPERATIONAL",
        "facility_address": "102 PRINCES HIGHWAY",
        "abs_suburb": "MENINGIE",
        "facility_state": "SOUTH AUSTRALIA",
        "abs_postcode": "5264",
        "facility_attribute_source": "HTTP://WWW.SAAMBULANCE.COM.AU",
        "facility_attribute_date": null,
        "facility_source": "HTTP://WWW.SAAMBULANCE.COM.AU",
        "facility_date": null,
        "facility_spatial_confidence": null,
        "facility_revised": "2018-08-18T00:00:00Z",
        "comment_": null,
        "facility_lat": "-35.69239200099997",
        "facility_long": "139.3367829990001",
        "validated": null,
        "gnaf_building_name": null,
        "gnaf_address_detail_pid": "GASA_415615233",
        "gnaf_formatted_address": "102 PRINCES HIGHWAY",
        "gnaf_confidence": "1",
        "gnaf_postcode": "5264",
        "gnaf_suburb": "MENINGIE",
        "distance_to_gnaf": 23,
        "gnaf_lat": "-35.69219329999993",
        "gnaf_long": "139.33686101000012"
      },
      "geometry": {
        "type": "Point",
        "coordinates": [
          139.33679007374297,
          -35.69237850548666
        ]
      }
    },
    {
      "type": "Feature",
      "properties": {
        "objectid": 600,
        "featuretype": "EMERGENCY FACILITY",
        "descripton": "An emergency management facility from which a particular agency\u2019s resources are commanded, coordinated and assigned to an incident or emergency",
        "class": "AMBULANCE STATION",
        "facility_name": "MILLICENT STATION",
        "facility_operationalstatus": "OPERATIONAL",
        "facility_address": "MOUNT GAMBIER ROAD",
        "abs_suburb": "MILLICENT",
        "facility_state": "SOUTH AUSTRALIA",
        "abs_postcode": "5280",
        "facility_attribute_source": "HTTP://WWW.SAAMBULANCE.COM.AU",
        "facility_attribute_date": null,
        "facility_source": "HTTP://WWW.SAAMBULANCE.COM.AU",
        "facility_date": null,
        "facility_spatial_confidence": null,
        "facility_revised": "2018-08-18T00:00:00Z",
        "comment_": null,
        "facility_lat": "-37.598176000999956",
        "facility_long": "140.35800000000006",
        "validated": null,
        "gnaf_building_name": "HOSP LODGE",
        "gnaf_address_detail_pid": "GASA_424319613",
        "gnaf_formatted_address": "LOT 1 MOUNT GAMBIER ROAD",
        "gnaf_confidence": "1",
        "gnaf_postcode": "5280",
        "gnaf_suburb": "MILLICENT",
        "distance_to_gnaf": 109,
        "gnaf_lat": "-37.59829525999993",
        "gnaf_long": "140.3592207900001"
      },
      "geometry": {
        "type": "Point",
        "coordinates": [
          140.35800676258677,
          -37.59816256520786
        ]
      }
    },
    {
      "type": "Feature",
      "properties": {
        "objectid": 601,
        "featuretype": "EMERGENCY FACILITY",
        "descripton": "An emergency management facility from which a particular agency\u2019s resources are commanded, coordinated and assigned to an incident or emergency",
        "class": "AMBULANCE STATION",
        "facility_name": "MILLICENT DIVISION",
        "facility_operationalstatus": "OPERATIONAL",
        "facility_address": "PT LT 1 MOUNT GAMBIER ROAD",
        "abs_suburb": "MILLICENT",
        "facility_state": "SOUTH AUSTRALIA",
        "abs_postcode": "5280",
        "facility_attribute_source": "HTTP://WWW.STJOHNSA.COM.AU",
        "facility_attribute_date": null,
        "facility_source": "HTTP://WWW.STJOHNSA.COM.AU",
        "facility_date": null,
        "facility_spatial_confidence": null,
        "facility_revised": "2018-08-18T00:00:00Z",
        "comment_": null,
        "facility_lat": "-37.59846227299994",
        "facility_long": "140.3582834780001",
        "validated": null,
        "gnaf_building_name": "HOSP LODGE",
        "gnaf_address_detail_pid": "GASA_424319613",
        "gnaf_formatted_address": "LOT 1 MOUNT GAMBIER ROAD",
        "gnaf_confidence": "1",
        "gnaf_postcode": "5280",
        "gnaf_suburb": "MILLICENT",
        "distance_to_gnaf": 85,
        "gnaf_lat": "-37.59829525999993",
        "gnaf_long": "140.3592207900001"
      },
      "geometry": {
        "type": "Point",
        "coordinates": [
          140.35829024051458,
          -37.59844883722352
        ]
      }
    },
    {
      "type": "Feature",
      "properties": {
        "objectid": 602,
        "featuretype": "EMERGENCY FACILITY",
        "descripton": "An emergency management facility from which a particular agency\u2019s resources are commanded, coordinated and assigned to an incident or emergency",
        "class": "AMBULANCE STATION",
        "facility_name": "MINLATON STATION",
        "facility_operationalstatus": "OPERATIONAL",
        "facility_address": "LOT 198 MAIN STREET",
        "abs_suburb": "MINLATON",
        "facility_state": "SOUTH AUSTRALIA",
        "abs_postcode": "5575",
        "facility_attribute_source": "HTTP://WWW.SAAMBULANCE.COM.AU",
        "facility_attribute_date": null,
        "facility_source": "HTTP://WWW.SAAMBULANCE.COM.AU",
        "facility_date": null,
        "facility_spatial_confidence": null,
        "facility_revised": "2018-08-18T00:00:00Z",
        "comment_": null,
        "facility_lat": "-34.77386300099994",
        "facility_long": "137.59379300000012",
        "validated": null,
        "gnaf_building_name": "MINLATON DISTRICT HOSPITAL",
        "gnaf_address_detail_pid": "GASA_417123934",
        "gnaf_formatted_address": "69 MAIN STREET",
        "gnaf_confidence": "1",
        "gnaf_postcode": "5575",
        "gnaf_suburb": "MINLATON",
        "distance_to_gnaf": 40,
        "gnaf_lat": "-34.773960159999945",
        "gnaf_long": "137.59337111000002"
      },
      "geometry": {
        "type": "Point",
        "coordinates": [
          137.59380041359424,
          -34.77384942798814
        ]
      }
    },
    {
      "type": "Feature",
      "properties": {
        "objectid": 603,
        "featuretype": "EMERGENCY FACILITY",
        "descripton": "An emergency management facility from which a particular agency\u2019s resources are commanded, coordinated and assigned to an incident or emergency",
        "class": "AMBULANCE STATION",
        "facility_name": "MARION STATION",
        "facility_operationalstatus": "OPERATIONAL",
        "facility_address": "346A STURT ROAD",
        "abs_suburb": "MITCHELL PARK",
        "facility_state": "SOUTH AUSTRALIA",
        "abs_postcode": "5043",
        "facility_attribute_source": "HTTP://WWW.SAAMBULANCE.COM.AU",
        "facility_attribute_date": null,
        "facility_source": "HTTP://WWW.SAAMBULANCE.COM.AU",
        "facility_date": null,
        "facility_spatial_confidence": null,
        "facility_revised": "2018-08-18T00:00:00Z",
        "comment_": null,
        "facility_lat": "-35.016554001999964",
        "facility_long": "138.56474400000002",
        "validated": null,
        "gnaf_building_name": null,
        "gnaf_address_detail_pid": "GASA_415252613",
        "gnaf_formatted_address": "346 STURT ROAD",
        "gnaf_confidence": "0",
        "gnaf_postcode": "5043",
        "gnaf_suburb": "MITCHELL PARK",
        "distance_to_gnaf": 3,
        "gnaf_lat": "-35.01657155999993",
        "gnaf_long": "138.56476342000008"
      },
      "geometry": {
        "type": "Point",
        "coordinates": [
          138.56475124384585,
          -35.016540468889076
        ]
      }
    },
    {
      "type": "Feature",
      "properties": {
        "objectid": 604,
        "featuretype": "EMERGENCY FACILITY",
        "descripton": "An emergency management facility from which a particular agency\u2019s resources are commanded, coordinated and assigned to an incident or emergency",
        "class": "AMBULANCE STATION",
        "facility_name": "TEA TREE GULLY DIVISION",
        "facility_operationalstatus": "OPERATIONAL",
        "facility_address": "LOT 220 SMART ROAD",
        "abs_suburb": "MODBURY",
        "facility_state": "SOUTH AUSTRALIA",
        "abs_postcode": "5092",
        "facility_attribute_source": "HTTP://WWW.STJOHNSA.COM.AU",
        "facility_attribute_date": null,
        "facility_source": "HTTP://WWW.STJOHNSA.COM.AU",
        "facility_date": null,
        "facility_spatial_confidence": null,
        "facility_revised": "2018-08-18T00:00:00Z",
        "comment_": null,
        "facility_lat": "-34.83474295399998",
        "facility_long": "138.69053140000005",
        "validated": null,
        "gnaf_building_name": null,
        "gnaf_address_detail_pid": "GASA_424210205",
        "gnaf_formatted_address": "LOT 220 SMART ROAD",
        "gnaf_confidence": "-1",
        "gnaf_postcode": "5092",
        "gnaf_suburb": "MODBURY",
        "distance_to_gnaf": 48,
        "gnaf_lat": "-34.83448146999996",
        "gnaf_long": "138.69011810000006"
      },
      "geometry": {
        "type": "Point",
        "coordinates": [
          138.69053863491678,
          -34.834729425010565
        ]
      }
    },
    {
      "type": "Feature",
      "properties": {
        "objectid": 605,
        "featuretype": "EMERGENCY FACILITY",
        "descripton": "An emergency management facility from which a particular agency\u2019s resources are commanded, coordinated and assigned to an incident or emergency",
        "class": "AMBULANCE STATION",
        "facility_name": "BAND DIVISION",
        "facility_operationalstatus": "OPERATIONAL",
        "facility_address": "75 SMART ROAD",
        "abs_suburb": "MODBURY",
        "facility_state": "SOUTH AUSTRALIA",
        "abs_postcode": "5092",
        "facility_attribute_source": "HTTP://WWW.STJOHNSA.COM.AU",
        "facility_attribute_date": null,
        "facility_source": "HTTP://WWW.STJOHNSA.COM.AU",
        "facility_date": null,
        "facility_spatial_confidence": null,
        "facility_revised": "2018-08-18T00:00:00Z",
        "comment_": null,
        "facility_lat": "-34.833586536999974",
        "facility_long": "138.6917235090001",
        "validated": null,
        "gnaf_building_name": null,
        "gnaf_address_detail_pid": "GASA_415235409",
        "gnaf_formatted_address": "75 SMART ROAD",
        "gnaf_confidence": "1",
        "gnaf_postcode": "5092",
        "gnaf_suburb": "MODBURY",
        "distance_to_gnaf": 0,
        "gnaf_lat": "-34.83358659999993",
        "gnaf_long": "138.69172363000007"
      },
      "geometry": {
        "type": "Point",
        "coordinates": [
          138.69173074379825,
          -34.83357300805347
        ]
      }
    },
    {
      "type": "Feature",
      "properties": {
        "objectid": 606,
        "featuretype": "EMERGENCY FACILITY",
        "descripton": "An emergency management facility from which a particular agency\u2019s resources are commanded, coordinated and assigned to an incident or emergency",
        "class": "AMBULANCE STATION",
        "facility_name": "MOONTA STATION",
        "facility_operationalstatus": "OPERATIONAL",
        "facility_address": "7 RYAN STREET",
        "abs_suburb": "MOONTA",
        "facility_state": "SOUTH AUSTRALIA",
        "abs_postcode": "5558",
        "facility_attribute_source": "HTTP://WWW.SAAMBULANCE.COM.AU",
        "facility_attribute_date": null,
        "facility_source": "HTTP://WWW.SAAMBULANCE.COM.AU",
        "facility_date": null,
        "facility_spatial_confidence": null,
        "facility_revised": "2018-08-18T00:00:00Z",
        "comment_": null,
        "facility_lat": "-34.06832100099996",
        "facility_long": "137.59268799900008",
        "validated": null,
        "gnaf_building_name": null,
        "gnaf_address_detail_pid": "GASA_415516258",
        "gnaf_formatted_address": "7 RYAN STREET",
        "gnaf_confidence": "2",
        "gnaf_postcode": "5558",
        "gnaf_suburb": "MOONTA",
        "distance_to_gnaf": 14,
        "gnaf_lat": "-34.06840990999996",
        "gnaf_long": "137.59279791000006"
      },
      "geometry": {
        "type": "Point",
        "coordinates": [
          137.59269545124417,
          -34.06830742351348
        ]
      }
    },
    {
      "type": "Feature",
      "properties": {
        "objectid": 607,
        "featuretype": "EMERGENCY FACILITY",
        "descripton": "An emergency management facility from which a particular agency\u2019s resources are commanded, coordinated and assigned to an incident or emergency",
        "class": "AMBULANCE STATION",
        "facility_name": "PLAYFORD DIVISION",
        "facility_operationalstatus": "OPERATIONAL",
        "facility_address": "LOT 15 ELIZABETH WAY",
        "abs_suburb": "ELIZABETH",
        "facility_state": "SOUTH AUSTRALIA",
        "abs_postcode": "5112",
        "facility_attribute_source": "HTTP://WWW.STJOHNSA.COM.AU",
        "facility_attribute_date": null,
        "facility_source": "HTTP://WWW.STJOHNSA.COM.AU",
        "facility_date": null,
        "facility_spatial_confidence": null,
        "facility_revised": "2018-08-18T00:00:00Z",
        "comment_": null,
        "facility_lat": "-34.71464282499994",
        "facility_long": "138.67123663100006",
        "validated": null,
        "gnaf_building_name": null,
        "gnaf_address_detail_pid": "GASA_416853352",
        "gnaf_formatted_address": "81 ELIZABETH WAY",
        "gnaf_confidence": "1",
        "gnaf_postcode": "5112",
        "gnaf_suburb": "ELIZABETH",
        "distance_to_gnaf": 8,
        "gnaf_lat": "-34.714586639999936",
        "gnaf_long": "138.67117724000002"
      },
      "geometry": {
        "type": "Point",
        "coordinates": [
          138.67124387640771,
          -34.714629294441465
        ]
      }
    },
    {
      "type": "Feature",
      "properties": {
        "objectid": 608,
        "featuretype": "EMERGENCY FACILITY",
        "descripton": "An emergency management facility from which a particular agency\u2019s resources are commanded, coordinated and assigned to an incident or emergency",
        "class": "AMBULANCE STATION",
        "facility_name": "PLAYFORD STATION",
        "facility_operationalstatus": "OPERATIONAL",
        "facility_address": "LOT 1 TOLMER ROAD",
        "abs_suburb": "ELIZABETH PARK",
        "facility_state": "SOUTH AUSTRALIA",
        "abs_postcode": "5113",
        "facility_attribute_source": "HTTP://WWW.SAAMBULANCE.COM.AU",
        "facility_attribute_date": null,
        "facility_source": "HTTP://WWW.SAAMBULANCE.COM.AU",
        "facility_date": null,
        "facility_spatial_confidence": null,
        "facility_revised": "2018-08-18T00:00:00Z",
        "comment_": null,
        "facility_lat": "-34.707813999999985",
        "facility_long": "138.67928799900005",
        "validated": null,
        "gnaf_building_name": null,
        "gnaf_address_detail_pid": "GASA_424123855",
        "gnaf_formatted_address": "LOT 1 TOLMER ROAD",
        "gnaf_confidence": "1",
        "gnaf_postcode": "5113",
        "gnaf_suburb": "ELIZABETH PARK",
        "distance_to_gnaf": 3,
        "gnaf_lat": "-34.70783504999997",
        "gnaf_long": "138.6792638400001"
      },
      "geometry": {
        "type": "Point",
        "coordinates": [
          138.67929524355011,
          -34.707800469736824
        ]
      }
    },
    {
      "type": "Feature",
      "properties": {
        "objectid": 609,
        "featuretype": "EMERGENCY FACILITY",
        "descripton": "An emergency management facility from which a particular agency\u2019s resources are commanded, coordinated and assigned to an incident or emergency",
        "class": "AMBULANCE STATION",
        "facility_name": "ELLISTON STATION",
        "facility_operationalstatus": "OPERATIONAL",
        "facility_address": "4-6 MEMORIAL DRIVE",
        "abs_suburb": "ELLISTON",
        "facility_state": "SOUTH AUSTRALIA",
        "abs_postcode": "5670",
        "facility_attribute_source": "HTTP://WWW.SAAMBULANCE.COM.AU",
        "facility_attribute_date": null,
        "facility_source": "HTTP://WWW.SAAMBULANCE.COM.AU",
        "facility_date": null,
        "facility_spatial_confidence": null,
        "facility_revised": "2018-08-18T00:00:00Z",
        "comment_": null,
        "facility_lat": "-33.64801399999993",
        "facility_long": "134.8927870000001",
        "validated": null,
        "gnaf_building_name": null,
        "gnaf_address_detail_pid": "GASA_425444771",
        "gnaf_formatted_address": "4-6 MEMORIAL DRIVE",
        "gnaf_confidence": "0",
        "gnaf_postcode": "5670",
        "gnaf_suburb": "ELLISTON",
        "distance_to_gnaf": 22,
        "gnaf_lat": "-33.647850339999934",
        "gnaf_long": "134.89266036000004"
      },
      "geometry": {
        "type": "Point",
        "coordinates": [
          134.8927948893004,
          -33.64800033433011
        ]
      }
    },
    {
      "type": "Feature",
      "properties": {
        "objectid": 610,
        "featuretype": "EMERGENCY FACILITY",
        "descripton": "An emergency management facility from which a particular agency\u2019s resources are commanded, coordinated and assigned to an incident or emergency",
        "class": "AMBULANCE STATION",
        "facility_name": "EUDUNDA STATION",
        "facility_operationalstatus": "OPERATIONAL",
        "facility_address": "BRUCE STREET",
        "abs_suburb": "EUDUNDA",
        "facility_state": "SOUTH AUSTRALIA",
        "abs_postcode": "5374",
        "facility_attribute_source": "HTTP://WWW.SAAMBULANCE.COM.AU",
        "facility_attribute_date": null,
        "facility_source": "HTTP://WWW.SAAMBULANCE.COM.AU",
        "facility_date": null,
        "facility_spatial_confidence": null,
        "facility_revised": "2018-08-18T00:00:00Z",
        "comment_": null,
        "facility_lat": "-34.171010000999956",
        "facility_long": "139.0840779990001",
        "validated": null,
        "gnaf_building_name": null,
        "gnaf_address_detail_pid": "GASA_424292109",
        "gnaf_formatted_address": "LOT 26 BRUCE STREET",
        "gnaf_confidence": "-1",
        "gnaf_postcode": "5374",
        "gnaf_suburb": "EUDUNDA",
        "distance_to_gnaf": 4,
        "gnaf_lat": "-34.17099146999993",
        "gnaf_long": "139.08411438000007"
      },
      "geometry": {
        "type": "Point",
        "coordinates": [
          139.08408521353317,
          -34.17099648467908
        ]
      }
    },
    {
      "type": "Feature",
      "properties": {
        "objectid": 611,
        "featuretype": "EMERGENCY FACILITY",
        "descripton": "An emergency management facility from which a particular agency\u2019s resources are commanded, coordinated and assigned to an incident or emergency",
        "class": "AMBULANCE STATION",
        "facility_name": "FULHAM STATION",
        "facility_operationalstatus": "OPERATIONAL",
        "facility_address": "396 GRANGE ROAD",
        "abs_suburb": "FULHAM GARDENS",
        "facility_state": "SOUTH AUSTRALIA",
        "abs_postcode": "5024",
        "facility_attribute_source": "HTTP://WWW.SAAMBULANCE.COM.AU",
        "facility_attribute_date": null,
        "facility_source": "HTTP://WWW.SAAMBULANCE.COM.AU",
        "facility_date": null,
        "facility_spatial_confidence": null,
        "facility_revised": "2018-08-18T00:00:00Z",
        "comment_": null,
        "facility_lat": "-34.906515001999935",
        "facility_long": "138.51957300100003",
        "validated": null,
        "gnaf_building_name": null,
        "gnaf_address_detail_pid": "GASA_415755354",
        "gnaf_formatted_address": "396 GRANGE ROAD",
        "gnaf_confidence": "1",
        "gnaf_postcode": "5024",
        "gnaf_suburb": "FULHAM GARDENS",
        "distance_to_gnaf": 69,
        "gnaf_lat": "-34.907139719999975",
        "gnaf_long": "138.5196159400001"
      },
      "geometry": {
        "type": "Point",
        "coordinates": [
          138.5195802588286,
          -34.906501466324755
        ]
      }
    },
    {
      "type": "Feature",
      "properties": {
        "objectid": 612,
        "featuretype": "EMERGENCY FACILITY",
        "descripton": "An emergency management facility from which a particular agency\u2019s resources are commanded, coordinated and assigned to an incident or emergency",
        "class": "AMBULANCE STATION",
        "facility_name": "GAWLER DIVISION",
        "facility_operationalstatus": "OPERATIONAL",
        "facility_address": "MURRAY STREET",
        "abs_suburb": "GAWLER",
        "facility_state": "SOUTH AUSTRALIA",
        "abs_postcode": "5118",
        "facility_attribute_source": "HTTP://WWW.STJOHNSA.COM.AU",
        "facility_attribute_date": null,
        "facility_source": "HTTP://WWW.STJOHNSA.COM.AU",
        "facility_date": null,
        "facility_spatial_confidence": null,
        "facility_revised": "2018-08-18T00:00:00Z",
        "comment_": null,
        "facility_lat": "-34.60588211899994",
        "facility_long": "138.74972742300008",
        "validated": null,
        "gnaf_building_name": null,
        "gnaf_address_detail_pid": "GASA_425110051",
        "gnaf_formatted_address": "LOT 96 MURRAY STREET",
        "gnaf_confidence": "0",
        "gnaf_postcode": "5118",
        "gnaf_suburb": "GAWLER",
        "distance_to_gnaf": 81,
        "gnaf_lat": "-34.60516074999998",
        "gnaf_long": "138.74987908000003"
      },
      "geometry": {
        "type": "Point",
        "coordinates": [
          138.7497346626889,
          -34.6058685910642
        ]
      }
    },
    {
      "type": "Feature",
      "properties": {
        "objectid": 613,
        "featuretype": "EMERGENCY FACILITY",
        "descripton": "An emergency management facility from which a particular agency\u2019s resources are commanded, coordinated and assigned to an incident or emergency",
        "class": "AMBULANCE STATION",
        "facility_name": "GAWLER STATION",
        "facility_operationalstatus": "OPERATIONAL",
        "facility_address": "1B FIRST STREET",
        "abs_suburb": "GAWLER SOUTH",
        "facility_state": "SOUTH AUSTRALIA",
        "abs_postcode": "5118",
        "facility_attribute_source": "HTTP://WWW.SAAMBULANCE.COM.AU",
        "facility_attribute_date": null,
        "facility_source": "HTTP://WWW.SAAMBULANCE.COM.AU",
        "facility_date": null,
        "facility_spatial_confidence": null,
        "facility_revised": "2018-08-18T00:00:00Z",
        "comment_": null,
        "facility_lat": "-34.607504752999944",
        "facility_long": "138.74880456300002",
        "validated": null,
        "gnaf_building_name": null,
        "gnaf_address_detail_pid": "GASA_415461635",
        "gnaf_formatted_address": "1 FIRST STREET",
        "gnaf_confidence": "2",
        "gnaf_postcode": "5118",
        "gnaf_suburb": "GAWLER SOUTH",
        "distance_to_gnaf": 6,
        "gnaf_lat": "-34.60754979999996",
        "gnaf_long": "138.74882838000008"
      },
      "geometry": {
        "type": "Point",
        "coordinates": [
          138.74881180273425,
          -34.60749122503541
        ]
      }
    },
    {
      "type": "Feature",
      "properties": {
        "objectid": 614,
        "featuretype": "EMERGENCY FACILITY",
        "descripton": "An emergency management facility from which a particular agency\u2019s resources are commanded, coordinated and assigned to an incident or emergency",
        "class": "AMBULANCE STATION",
        "facility_name": "GLADSTONE STATION",
        "facility_operationalstatus": "OPERATIONAL",
        "facility_address": "24 HIGH STREET",
        "abs_suburb": "GLADSTONE",
        "facility_state": "SOUTH AUSTRALIA",
        "abs_postcode": "5473",
        "facility_attribute_source": "HTTP://WWW.SAAMBULANCE.COM.AU",
        "facility_attribute_date": null,
        "facility_source": "HTTP://WWW.SAAMBULANCE.COM.AU",
        "facility_date": null,
        "facility_spatial_confidence": null,
        "facility_revised": "2018-08-18T00:00:00Z",
        "comment_": null,
        "facility_lat": "-33.26872100099996",
        "facility_long": "138.35400000000004",
        "validated": null,
        "gnaf_building_name": null,
        "gnaf_address_detail_pid": "GASA_415701675",
        "gnaf_formatted_address": "24 HIGH STREET",
        "gnaf_confidence": "1",
        "gnaf_postcode": "5473",
        "gnaf_suburb": "GLADSTONE",
        "distance_to_gnaf": 9,
        "gnaf_lat": "-33.26872609999998",
        "gnaf_long": "138.35390026000005"
      },
      "geometry": {
        "type": "Point",
        "coordinates": [
          138.3540073805082,
          -33.26870744808219
        ]
      }
    },
    {
      "type": "Feature",
      "properties": {
        "objectid": 615,
        "featuretype": "EMERGENCY FACILITY",
        "descripton": "An emergency management facility from which a particular agency\u2019s resources are commanded, coordinated and assigned to an incident or emergency",
        "class": "AMBULANCE STATION",
        "facility_name": "MORGAN CADET DIVISION",
        "facility_operationalstatus": "OPERATIONAL",
        "facility_address": "1 SIXTH STREET",
        "abs_suburb": "MORGAN",
        "facility_state": "SOUTH AUSTRALIA",
        "abs_postcode": "5320",
        "facility_attribute_source": "HTTP://WWW.STJOHNSA.COM.AU",
        "facility_attribute_date": null,
        "facility_source": "HTTP://WWW.STJOHNSA.COM.AU",
        "facility_date": null,
        "facility_spatial_confidence": null,
        "facility_revised": "2018-08-18T00:00:00Z",
        "comment_": null,
        "facility_lat": "-34.02963625299998",
        "facility_long": "139.66878229600002",
        "validated": null,
        "gnaf_building_name": null,
        "gnaf_address_detail_pid": "GASA_415678288",
        "gnaf_formatted_address": "1 SIXTH STREET",
        "gnaf_confidence": "1",
        "gnaf_postcode": "5320",
        "gnaf_suburb": "MORGAN",
        "distance_to_gnaf": 0,
        "gnaf_lat": "-34.029636299999936",
        "gnaf_long": "139.66878251000003"
      },
      "geometry": {
        "type": "Point",
        "coordinates": [
          139.6687894292959,
          -34.02962276204809
        ]
      }
    },
    {
      "type": "Feature",
      "properties": {
        "objectid": 616,
        "featuretype": "EMERGENCY FACILITY",
        "descripton": "An emergency management facility from which a particular agency\u2019s resources are commanded, coordinated and assigned to an incident or emergency",
        "class": "AMBULANCE STATION",
        "facility_name": "NOARLUNGA DIVISION",
        "facility_operationalstatus": "OPERATIONAL",
        "facility_address": "LOT 500 FLAXMILL ROAD",
        "abs_suburb": "MORPHETT VALE",
        "facility_state": "SOUTH AUSTRALIA",
        "abs_postcode": "5162",
        "facility_attribute_source": "HTTP://WWW.STJOHNSA.COM.AU",
        "facility_attribute_date": null,
        "facility_source": "HTTP://WWW.STJOHNSA.COM.AU",
        "facility_date": null,
        "facility_spatial_confidence": null,
        "facility_revised": "2018-08-18T00:00:00Z",
        "comment_": null,
        "facility_lat": "-35.12716464099998",
        "facility_long": "138.511116377",
        "validated": null,
        "gnaf_building_name": null,
        "gnaf_address_detail_pid": "GASA_424171445",
        "gnaf_formatted_address": "LOT 500 FLAXMILL ROAD",
        "gnaf_confidence": "-1",
        "gnaf_postcode": "5162",
        "gnaf_suburb": "MORPHETT VALE",
        "distance_to_gnaf": 27,
        "gnaf_lat": "-35.12729541999994",
        "gnaf_long": "138.51136076000012"
      },
      "geometry": {
        "type": "Point",
        "coordinates": [
          138.51112362269802,
          -35.127151106356806
        ]
      }
    },
    {
      "type": "Feature",
      "properties": {
        "objectid": 617,
        "featuretype": "EMERGENCY FACILITY",
        "descripton": "An emergency management facility from which a particular agency\u2019s resources are commanded, coordinated and assigned to an incident or emergency",
        "class": "AMBULANCE STATION",
        "facility_name": "SOUTHERN JUNIORS DIVISION",
        "facility_operationalstatus": "OPERATIONAL",
        "facility_address": "LOT 500 FLAXMILL ROAD",
        "abs_suburb": "MORPHETT VALE",
        "facility_state": "SOUTH AUSTRALIA",
        "abs_postcode": "5162",
        "facility_attribute_source": "HTTP://WWW.STJOHNSA.COM.AU",
        "facility_attribute_date": null,
        "facility_source": "HTTP://WWW.STJOHNSA.COM.AU",
        "facility_date": null,
        "facility_spatial_confidence": null,
        "facility_revised": "2018-08-18T00:00:00Z",
        "comment_": null,
        "facility_lat": "-35.12729713599998",
        "facility_long": "138.51129689900006",
        "validated": null,
        "gnaf_building_name": null,
        "gnaf_address_detail_pid": "GASA_424171445",
        "gnaf_formatted_address": "LOT 500 FLAXMILL ROAD",
        "gnaf_confidence": "-1",
        "gnaf_postcode": "5162",
        "gnaf_suburb": "MORPHETT VALE",
        "distance_to_gnaf": 6,
        "gnaf_lat": "-35.12729541999994",
        "gnaf_long": "138.51136076000012"
      },
      "geometry": {
        "type": "Point",
        "coordinates": [
          138.51130414466078,
          -35.12728360136508
        ]
      }
    },
    {
      "type": "Feature",
      "properties": {
        "objectid": 618,
        "featuretype": "EMERGENCY FACILITY",
        "descripton": "An emergency management facility from which a particular agency\u2019s resources are commanded, coordinated and assigned to an incident or emergency",
        "class": "AMBULANCE STATION",
        "facility_name": "NOARLUNGA STATION",
        "facility_operationalstatus": "OPERATIONAL",
        "facility_address": "LOT 500 FLAXMILL ROAD",
        "abs_suburb": "MORPHETT VALE",
        "facility_state": "SOUTH AUSTRALIA",
        "abs_postcode": "5162",
        "facility_attribute_source": "HTTP://WWW.SAAMBULANCE.COM.AU",
        "facility_attribute_date": null,
        "facility_source": "HTTP://WWW.SAAMBULANCE.COM.AU",
        "facility_date": null,
        "facility_spatial_confidence": null,
        "facility_revised": "2018-08-18T00:00:00Z",
        "comment_": null,
        "facility_lat": "-35.12723299999993",
        "facility_long": "138.5113480000001",
        "validated": null,
        "gnaf_building_name": null,
        "gnaf_address_detail_pid": "GASA_424171445",
        "gnaf_formatted_address": "LOT 500 FLAXMILL ROAD",
        "gnaf_confidence": "-1",
        "gnaf_postcode": "5162",
        "gnaf_suburb": "MORPHETT VALE",
        "distance_to_gnaf": 7,
        "gnaf_lat": "-35.12729541999994",
        "gnaf_long": "138.51136076000012"
      },
      "geometry": {
        "type": "Point",
        "coordinates": [
          138.51135524565652,
          -35.127219465366764
        ]
      }
    },
    {
      "type": "Feature",
      "properties": {
        "objectid": 619,
        "featuretype": "EMERGENCY FACILITY",
        "descripton": "An emergency management facility from which a particular agency\u2019s resources are commanded, coordinated and assigned to an incident or emergency",
        "class": "AMBULANCE STATION",
        "facility_name": "HAPPY VALLEY DIVISION",
        "facility_operationalstatus": "OPERATIONAL",
        "facility_address": "LOT 500 FLAXMILL ROAD",
        "abs_suburb": "MORPHETT VALE",
        "facility_state": "SOUTH AUSTRALIA",
        "abs_postcode": "5162",
        "facility_attribute_source": "HTTP://WWW.STJOHNSA.COM.AU",
        "facility_attribute_date": null,
        "facility_source": "HTTP://WWW.STJOHNSA.COM.AU",
        "facility_date": null,
        "facility_spatial_confidence": null,
        "facility_revised": "2018-08-18T00:00:00Z",
        "comment_": null,
        "facility_lat": "-35.127151556999934",
        "facility_long": "138.51151580600003",
        "validated": null,
        "gnaf_building_name": null,
        "gnaf_address_detail_pid": "GASA_424171445",
        "gnaf_formatted_address": "LOT 500 FLAXMILL ROAD",
        "gnaf_confidence": "-1",
        "gnaf_postcode": "5162",
        "gnaf_suburb": "MORPHETT VALE",
        "distance_to_gnaf": 21,
        "gnaf_lat": "-35.12729541999994",
        "gnaf_long": "138.51136076000012"
      },
      "geometry": {
        "type": "Point",
        "coordinates": [
          138.51152305163436,
          -35.127138022373195
        ]
      }
    },
    {
      "type": "Feature",
      "properties": {
        "objectid": 620,
        "featuretype": "EMERGENCY FACILITY",
        "descripton": "An emergency management facility from which a particular agency\u2019s resources are commanded, coordinated and assigned to an incident or emergency",
        "class": "AMBULANCE STATION",
        "facility_name": "MOUNT BARKER STATION",
        "facility_operationalstatus": "OPERATIONAL",
        "facility_address": "21 MANN STREET",
        "abs_suburb": "MOUNT BARKER",
        "facility_state": "SOUTH AUSTRALIA",
        "abs_postcode": "5251",
        "facility_attribute_source": "HTTP://WWW.SAAMBULANCE.COM.AU",
        "facility_attribute_date": null,
        "facility_source": "HTTP://WWW.SAAMBULANCE.COM.AU",
        "facility_date": null,
        "facility_spatial_confidence": null,
        "facility_revised": "2018-08-18T00:00:00Z",
        "comment_": null,
        "facility_lat": "-35.06860500099998",
        "facility_long": "138.86016100000006",
        "validated": null,
        "gnaf_building_name": null,
        "gnaf_address_detail_pid": "GASA_422065687",
        "gnaf_formatted_address": "21 MANN STREET",
        "gnaf_confidence": "1",
        "gnaf_postcode": "5251",
        "gnaf_suburb": "MOUNT BARKER",
        "distance_to_gnaf": 3,
        "gnaf_lat": "-35.06859317999994",
        "gnaf_long": "138.8601300900001"
      },
      "geometry": {
        "type": "Point",
        "coordinates": [
          138.86016819308588,
          -35.068591480685484
        ]
      }
    },
    {
      "type": "Feature",
      "properties": {
        "objectid": 621,
        "featuretype": "EMERGENCY FACILITY",
        "descripton": "An emergency management facility from which a particular agency\u2019s resources are commanded, coordinated and assigned to an incident or emergency",
        "class": "AMBULANCE STATION",
        "facility_name": "MT GAMBIER DIVISION",
        "facility_operationalstatus": "OPERATIONAL",
        "facility_address": "46 PENOLA ROAD",
        "abs_suburb": "MOUNT GAMBIER",
        "facility_state": "SOUTH AUSTRALIA",
        "abs_postcode": "5290",
        "facility_attribute_source": "HTTP://WWW.STJOHNSA.COM.AU",
        "facility_attribute_date": null,
        "facility_source": "HTTP://WWW.STJOHNSA.COM.AU",
        "facility_date": null,
        "facility_spatial_confidence": null,
        "facility_revised": "2018-08-18T00:00:00Z",
        "comment_": null,
        "facility_lat": "-37.82496084299993",
        "facility_long": "140.783030305",
        "validated": null,
        "gnaf_building_name": null,
        "gnaf_address_detail_pid": "GASA_415542445",
        "gnaf_formatted_address": "46 PENOLA ROAD",
        "gnaf_confidence": "1",
        "gnaf_postcode": "5290",
        "gnaf_suburb": "MOUNT GAMBIER",
        "distance_to_gnaf": 11,
        "gnaf_lat": "-37.825038839999934",
        "gnaf_long": "140.78310351000005"
      },
      "geometry": {
        "type": "Point",
        "coordinates": [
          140.78303697444497,
          -37.82494742988799
        ]
      }
    },
    {
      "type": "Feature",
      "properties": {
        "objectid": 622,
        "featuretype": "EMERGENCY FACILITY",
        "descripton": "An emergency management facility from which a particular agency\u2019s resources are commanded, coordinated and assigned to an incident or emergency",
        "class": "AMBULANCE STATION",
        "facility_name": "GOOLWA DIVISION",
        "facility_operationalstatus": "OPERATIONAL",
        "facility_address": "13 GARDINER STREET",
        "abs_suburb": "GOOLWA",
        "facility_state": "SOUTH AUSTRALIA",
        "abs_postcode": "5214",
        "facility_attribute_source": "HTTP://WWW.STJOHNSA.COM.AU",
        "facility_attribute_date": null,
        "facility_source": "HTTP://WWW.STJOHNSA.COM.AU",
        "facility_date": null,
        "facility_spatial_confidence": null,
        "facility_revised": "2018-08-18T00:00:00Z",
        "comment_": null,
        "facility_lat": "-35.499212316999945",
        "facility_long": "138.77980627600004",
        "validated": null,
        "gnaf_building_name": null,
        "gnaf_address_detail_pid": "GASA_415033151",
        "gnaf_formatted_address": "13 GARDINER STREET",
        "gnaf_confidence": "1",
        "gnaf_postcode": "5214",
        "gnaf_suburb": "GOOLWA",
        "distance_to_gnaf": 2,
        "gnaf_lat": "-35.49922595999993",
        "gnaf_long": "138.7797896200001"
      },
      "geometry": {
        "type": "Point",
        "coordinates": [
          138.77981345479088,
          -35.49919879594519
        ]
      }
    },
    {
      "type": "Feature",
      "properties": {
        "objectid": 623,
        "featuretype": "EMERGENCY FACILITY",
        "descripton": "An emergency management facility from which a particular agency\u2019s resources are commanded, coordinated and assigned to an incident or emergency",
        "class": "AMBULANCE STATION",
        "facility_name": "GOOLWA STATION",
        "facility_operationalstatus": "OPERATIONAL",
        "facility_address": "13 GARDINER STREET",
        "abs_suburb": "GOOLWA",
        "facility_state": "SOUTH AUSTRALIA",
        "abs_postcode": "5214",
        "facility_attribute_source": "HTTP://WWW.SAAMBULANCE.COM.AU",
        "facility_attribute_date": null,
        "facility_source": "HTTP://WWW.SAAMBULANCE.COM.AU",
        "facility_date": null,
        "facility_spatial_confidence": null,
        "facility_revised": "2018-08-18T00:00:00Z",
        "comment_": null,
        "facility_lat": "-35.49922099999998",
        "facility_long": "138.77975700000002",
        "validated": null,
        "gnaf_building_name": null,
        "gnaf_address_detail_pid": "GASA_415033151",
        "gnaf_formatted_address": "13 GARDINER STREET",
        "gnaf_confidence": "1",
        "gnaf_postcode": "5214",
        "gnaf_suburb": "GOOLWA",
        "distance_to_gnaf": 3,
        "gnaf_lat": "-35.49922595999993",
        "gnaf_long": "138.7797896200001"
      },
      "geometry": {
        "type": "Point",
        "coordinates": [
          138.77976417879836,
          -35.4992074789432
        ]
      }
    },
    {
      "type": "Feature",
      "properties": {
        "objectid": 624,
        "featuretype": "EMERGENCY FACILITY",
        "descripton": "An emergency management facility from which a particular agency\u2019s resources are commanded, coordinated and assigned to an incident or emergency",
        "class": "AMBULANCE STATION",
        "facility_name": "HAMLEY BRIDGE STATION",
        "facility_operationalstatus": "OPERATIONAL",
        "facility_address": "8 LIGHT",
        "abs_suburb": "HAMLEY BRIDGE",
        "facility_state": "SOUTH AUSTRALIA",
        "abs_postcode": "5401",
        "facility_attribute_source": "HTTP://WWW.SAAMBULANCE.COM.AU",
        "facility_attribute_date": null,
        "facility_source": "HTTP://WWW.SAAMBULANCE.COM.AU",
        "facility_date": null,
        "facility_spatial_confidence": null,
        "facility_revised": "2018-08-18T00:00:00Z",
        "comment_": null,
        "facility_lat": "-34.35715300099997",
        "facility_long": "138.68202600000006",
        "validated": null,
        "gnaf_building_name": null,
        "gnaf_address_detail_pid": "GASA_415172837",
        "gnaf_formatted_address": "8 LIGHT STREET",
        "gnaf_confidence": "1",
        "gnaf_postcode": "5401",
        "gnaf_suburb": "HAMLEY BRIDGE",
        "distance_to_gnaf": 20,
        "gnaf_lat": "-34.357327459999965",
        "gnaf_long": "138.68197859000009"
      },
      "geometry": {
        "type": "Point",
        "coordinates": [
          138.68203326564569,
          -34.35713946862859
        ]
      }
    },
    {
      "type": "Feature",
      "properties": {
        "objectid": 625,
        "featuretype": "EMERGENCY FACILITY",
        "descripton": "An emergency management facility from which a particular agency\u2019s resources are commanded, coordinated and assigned to an incident or emergency",
        "class": "AMBULANCE STATION",
        "facility_name": "HAWKER STATION",
        "facility_operationalstatus": "OPERATIONAL",
        "facility_address": "WIRREANDA TERRACE",
        "abs_suburb": "HAWKER",
        "facility_state": "SOUTH AUSTRALIA",
        "abs_postcode": "5434",
        "facility_attribute_source": "HTTP://WWW.SAAMBULANCE.COM.AU",
        "facility_attribute_date": null,
        "facility_source": "HTTP://WWW.SAAMBULANCE.COM.AU",
        "facility_date": null,
        "facility_spatial_confidence": null,
        "facility_revised": "2018-08-18T00:00:00Z",
        "comment_": null,
        "facility_lat": "-31.893519999999967",
        "facility_long": "138.42758800000001",
        "validated": null,
        "gnaf_building_name": null,
        "gnaf_address_detail_pid": "GASA_424341413",
        "gnaf_formatted_address": "LOT 474 WIRREANDA TERRACE",
        "gnaf_confidence": "0",
        "gnaf_postcode": "5434",
        "gnaf_suburb": "HAWKER",
        "distance_to_gnaf": 101,
        "gnaf_lat": "-31.892779839999946",
        "gnaf_long": "138.4269691600001"
      },
      "geometry": {
        "type": "Point",
        "coordinates": [
          138.42759544783075,
          -31.893506441029963
        ]
      }
    },
    {
      "type": "Feature",
      "properties": {
        "objectid": 626,
        "featuretype": "EMERGENCY FACILITY",
        "descripton": "An emergency management facility from which a particular agency\u2019s resources are commanded, coordinated and assigned to an incident or emergency",
        "class": "AMBULANCE STATION",
        "facility_name": "JAMESTOWN STATION",
        "facility_operationalstatus": "OPERATIONAL",
        "facility_address": "LOT 14 MUIRKIRK STREET",
        "abs_suburb": "JAMESTOWN",
        "facility_state": "SOUTH AUSTRALIA",
        "abs_postcode": "5491",
        "facility_attribute_source": "HTTP://WWW.SAAMBULANCE.COM.AU",
        "facility_attribute_date": null,
        "facility_source": "HTTP://WWW.SAAMBULANCE.COM.AU",
        "facility_date": null,
        "facility_spatial_confidence": null,
        "facility_revised": "2018-08-18T00:00:00Z",
        "comment_": null,
        "facility_lat": "-33.20665400099995",
        "facility_long": "138.60473600000012",
        "validated": null,
        "gnaf_building_name": null,
        "gnaf_address_detail_pid": "GASA_424194061",
        "gnaf_formatted_address": "LOT 14 MUIRKIRK STREET",
        "gnaf_confidence": "-1",
        "gnaf_postcode": "5491",
        "gnaf_suburb": "JAMESTOWN",
        "distance_to_gnaf": 22,
        "gnaf_lat": "-33.20647476999994",
        "gnaf_long": "138.60482549000005"
      },
      "geometry": {
        "type": "Point",
        "coordinates": [
          138.6047433465228,
          -33.2066404579868
        ]
      }
    },
    {
      "type": "Feature",
      "properties": {
        "objectid": 627,
        "featuretype": "EMERGENCY FACILITY",
        "descripton": "An emergency management facility from which a particular agency\u2019s resources are commanded, coordinated and assigned to an incident or emergency",
        "class": "AMBULANCE STATION",
        "facility_name": "KADINA DIVISION",
        "facility_operationalstatus": "OPERATIONAL",
        "facility_address": "6 TAYLOR STREET",
        "abs_suburb": "KADINA",
        "facility_state": "SOUTH AUSTRALIA",
        "abs_postcode": "5554",
        "facility_attribute_source": "HTTP://WWW.STJOHNSA.COM.AU",
        "facility_attribute_date": null,
        "facility_source": "HTTP://WWW.STJOHNSA.COM.AU",
        "facility_date": null,
        "facility_spatial_confidence": null,
        "facility_revised": "2018-08-18T00:00:00Z",
        "comment_": null,
        "facility_lat": "-33.96347408499997",
        "facility_long": "137.71067273200003",
        "validated": null,
        "gnaf_building_name": null,
        "gnaf_address_detail_pid": "GASA_415517578",
        "gnaf_formatted_address": "6 TAYLOR STREET",
        "gnaf_confidence": "0",
        "gnaf_postcode": "5554",
        "gnaf_suburb": "KADINA",
        "distance_to_gnaf": 0,
        "gnaf_lat": "-33.96347419999995",
        "gnaf_long": "137.71067288000006"
      },
      "geometry": {
        "type": "Point",
        "coordinates": [
          137.71068017164163,
          -33.963460511292794
        ]
      }
    },
    {
      "type": "Feature",
      "properties": {
        "objectid": 628,
        "featuretype": "EMERGENCY FACILITY",
        "descripton": "An emergency management facility from which a particular agency\u2019s resources are commanded, coordinated and assigned to an incident or emergency",
        "class": "AMBULANCE STATION",
        "facility_name": "KADINA STATION",
        "facility_operationalstatus": "OPERATIONAL",
        "facility_address": "6 TAYLOR STREET",
        "abs_suburb": "KADINA",
        "facility_state": "SOUTH AUSTRALIA",
        "abs_postcode": "5554",
        "facility_attribute_source": "HTTP://WWW.SAAMBULANCE.COM.AU",
        "facility_attribute_date": null,
        "facility_source": "HTTP://WWW.SAAMBULANCE.COM.AU",
        "facility_date": null,
        "facility_spatial_confidence": null,
        "facility_revised": "2018-08-18T00:00:00Z",
        "comment_": null,
        "facility_lat": "-33.963435999999945",
        "facility_long": "137.71071200000006",
        "validated": null,
        "gnaf_building_name": null,
        "gnaf_address_detail_pid": "GASA_415517578",
        "gnaf_formatted_address": "6 TAYLOR STREET",
        "gnaf_confidence": "0",
        "gnaf_postcode": "5554",
        "gnaf_suburb": "KADINA",
        "distance_to_gnaf": 6,
        "gnaf_lat": "-33.96347419999995",
        "gnaf_long": "137.71067288000006"
      },
      "geometry": {
        "type": "Point",
        "coordinates": [
          137.71071943963764,
          -33.963422426294024
        ]
      }
    },
    {
      "type": "Feature",
      "properties": {
        "objectid": 629,
        "featuretype": "EMERGENCY FACILITY",
        "descripton": "An emergency management facility from which a particular agency\u2019s resources are commanded, coordinated and assigned to an incident or emergency",
        "class": "AMBULANCE STATION",
        "facility_name": "KAPUNDA STATION",
        "facility_operationalstatus": "OPERATIONAL",
        "facility_address": "10 HILL STREET",
        "abs_suburb": "KAPUNDA",
        "facility_state": "SOUTH AUSTRALIA",
        "abs_postcode": "5373",
        "facility_attribute_source": "HTTP://WWW.SAAMBULANCE.COM.AU",
        "facility_attribute_date": null,
        "facility_source": "HTTP://WWW.SAAMBULANCE.COM.AU",
        "facility_date": null,
        "facility_spatial_confidence": null,
        "facility_revised": "2018-08-18T00:00:00Z",
        "comment_": null,
        "facility_lat": "-34.34055699999993",
        "facility_long": "138.9144960000001",
        "validated": null,
        "gnaf_building_name": null,
        "gnaf_address_detail_pid": "GASA_415399437",
        "gnaf_formatted_address": "10 HILL STREET",
        "gnaf_confidence": "0",
        "gnaf_postcode": "5373",
        "gnaf_suburb": "KAPUNDA",
        "distance_to_gnaf": 8,
        "gnaf_lat": "-34.34053119999993",
        "gnaf_long": "138.91457488000003"
      },
      "geometry": {
        "type": "Point",
        "coordinates": [
          138.91450323029102,
          -34.34054347740932
        ]
      }
    },
    {
      "type": "Feature",
      "properties": {
        "objectid": 630,
        "featuretype": "EMERGENCY FACILITY",
        "descripton": "An emergency management facility from which a particular agency\u2019s resources are commanded, coordinated and assigned to an incident or emergency",
        "class": "AMBULANCE STATION",
        "facility_name": "TAILEM BEND STATION",
        "facility_operationalstatus": "OPERATIONAL",
        "facility_address": "LOT 502 GRANITES ROAD",
        "abs_suburb": "TAILEM BEND",
        "facility_state": "SOUTH AUSTRALIA",
        "abs_postcode": "5260",
        "facility_attribute_source": "HTTP://WWW.SAAMBULANCE.COM.AU",
        "facility_attribute_date": null,
        "facility_source": "HTTP://WWW.SAAMBULANCE.COM.AU",
        "facility_date": null,
        "facility_spatial_confidence": null,
        "facility_revised": "2018-08-18T00:00:00Z",
        "comment_": null,
        "facility_lat": "-35.244168000999935",
        "facility_long": "139.4534479990001",
        "validated": null,
        "gnaf_building_name": null,
        "gnaf_address_detail_pid": "GASA_424175471",
        "gnaf_formatted_address": "LOT 502 GRANITES ROAD",
        "gnaf_confidence": "0",
        "gnaf_postcode": "5260",
        "gnaf_suburb": "TAILEM BEND",
        "distance_to_gnaf": 176,
        "gnaf_lat": "-35.24397910999994",
        "gnaf_long": "139.45152857000005"
      },
      "geometry": {
        "type": "Point",
        "coordinates": [
          139.453455084929,
          -35.24415450794561
        ]
      }
    },
    {
      "type": "Feature",
      "properties": {
        "objectid": 631,
        "featuretype": "EMERGENCY FACILITY",
        "descripton": "An emergency management facility from which a particular agency\u2019s resources are commanded, coordinated and assigned to an incident or emergency",
        "class": "AMBULANCE STATION",
        "facility_name": "TINTINARA STATION",
        "facility_operationalstatus": "OPERATIONAL",
        "facility_address": "28-30 WENDT TERRACE",
        "abs_suburb": "TINTINARA",
        "facility_state": "SOUTH AUSTRALIA",
        "abs_postcode": "5266",
        "facility_attribute_source": "HTTP://WWW.SAAMBULANCE.COM.AU",
        "facility_attribute_date": null,
        "facility_source": "HTTP://WWW.SAAMBULANCE.COM.AU",
        "facility_date": null,
        "facility_spatial_confidence": null,
        "facility_revised": "2018-08-18T00:00:00Z",
        "comment_": null,
        "facility_lat": "-35.88211700099998",
        "facility_long": "140.05721200000005",
        "validated": null,
        "gnaf_building_name": null,
        "gnaf_address_detail_pid": "GASA_425455066",
        "gnaf_formatted_address": "28-30 WENDT TERRACE",
        "gnaf_confidence": "0",
        "gnaf_postcode": "5266",
        "gnaf_suburb": "TINTINARA",
        "distance_to_gnaf": 9,
        "gnaf_lat": "-35.88211957999994",
        "gnaf_long": "140.0573139500001"
      },
      "geometry": {
        "type": "Point",
        "coordinates": [
          140.05721894269053,
          -35.882103540092956
        ]
      }
    },
    {
      "type": "Feature",
      "properties": {
        "objectid": 632,
        "featuretype": "EMERGENCY FACILITY",
        "descripton": "An emergency management facility from which a particular agency\u2019s resources are commanded, coordinated and assigned to an incident or emergency",
        "class": "AMBULANCE STATION",
        "facility_name": "MITCHAM STATION",
        "facility_operationalstatus": "OPERATIONAL",
        "facility_address": "221 BELAIR ROAD",
        "abs_suburb": "TORRENS PARK",
        "facility_state": "SOUTH AUSTRALIA",
        "abs_postcode": "5062",
        "facility_attribute_source": "HTTP://WWW.SAAMBULANCE.COM.AU",
        "facility_attribute_date": null,
        "facility_source": "HTTP://WWW.SAAMBULANCE.COM.AU",
        "facility_date": null,
        "facility_spatial_confidence": null,
        "facility_revised": "2018-08-18T00:00:00Z",
        "comment_": null,
        "facility_lat": "-34.98571600099996",
        "facility_long": "138.61195300000009",
        "validated": null,
        "gnaf_building_name": null,
        "gnaf_address_detail_pid": "GASA_415203785",
        "gnaf_formatted_address": "221 BELAIR ROAD",
        "gnaf_confidence": "1",
        "gnaf_postcode": "5062",
        "gnaf_suburb": "TORRENS PARK",
        "distance_to_gnaf": 1,
        "gnaf_lat": "-34.98571909999998",
        "gnaf_long": "138.6119656300001"
      },
      "geometry": {
        "type": "Point",
        "coordinates": [
          138.61196023816075,
          -34.985702469663686
        ]
      }
    },
    {
      "type": "Feature",
      "properties": {
        "objectid": 633,
        "featuretype": "EMERGENCY FACILITY",
        "descripton": "An emergency management facility from which a particular agency\u2019s resources are commanded, coordinated and assigned to an incident or emergency",
        "class": "AMBULANCE STATION",
        "facility_name": "MITCHAM COL LIGHT GARDENS ADULT DIVISION",
        "facility_operationalstatus": "OPERATIONAL",
        "facility_address": "221 BELAIR ROAD",
        "abs_suburb": "TORRENS PARK",
        "facility_state": "SOUTH AUSTRALIA",
        "abs_postcode": "5062",
        "facility_attribute_source": "HTTP://WWW.STJOHNSA.COM.AU",
        "facility_attribute_date": null,
        "facility_source": "HTTP://WWW.STJOHNSA.COM.AU",
        "facility_date": null,
        "facility_spatial_confidence": null,
        "facility_revised": "2018-08-18T00:00:00Z",
        "comment_": null,
        "facility_lat": "-34.98570848899993",
        "facility_long": "138.61200028000007",
        "validated": null,
        "gnaf_building_name": null,
        "gnaf_address_detail_pid": "GASA_415203785",
        "gnaf_formatted_address": "221 BELAIR ROAD",
        "gnaf_confidence": "1",
        "gnaf_postcode": "5062",
        "gnaf_suburb": "TORRENS PARK",
        "distance_to_gnaf": 3,
        "gnaf_lat": "-34.98571909999998",
        "gnaf_long": "138.6119656300001"
      },
      "geometry": {
        "type": "Point",
        "coordinates": [
          138.61200751815358,
          -34.98569495766557
        ]
      }
    },
    {
      "type": "Feature",
      "properties": {
        "objectid": 634,
        "featuretype": "EMERGENCY FACILITY",
        "descripton": "An emergency management facility from which a particular agency\u2019s resources are commanded, coordinated and assigned to an incident or emergency",
        "class": "AMBULANCE STATION",
        "facility_name": "MT BARKER DIVISION",
        "facility_operationalstatus": "OPERATIONAL",
        "facility_address": "3 KOOKABURRA LANE",
        "abs_suburb": "TOTNESS",
        "facility_state": "SOUTH AUSTRALIA",
        "abs_postcode": "5250",
        "facility_attribute_source": "HTTP://WWW.STJOHNSA.COM.AU",
        "facility_attribute_date": null,
        "facility_source": "HTTP://WWW.STJOHNSA.COM.AU",
        "facility_date": null,
        "facility_spatial_confidence": null,
        "facility_revised": "2018-08-18T00:00:00Z",
        "comment_": null,
        "facility_lat": "-35.053801688999954",
        "facility_long": "138.85254481800007",
        "validated": null,
        "gnaf_building_name": null,
        "gnaf_address_detail_pid": "GASA_422064238",
        "gnaf_formatted_address": "3 KOOKABURRA LANE",
        "gnaf_confidence": "2",
        "gnaf_postcode": "5250",
        "gnaf_suburb": "TOTNESS",
        "distance_to_gnaf": 14,
        "gnaf_lat": "-35.053894329999935",
        "gnaf_long": "138.85244021000005"
      },
      "geometry": {
        "type": "Point",
        "coordinates": [
          138.85255201324858,
          -35.05378816826641
        ]
      }
    },
    {
      "type": "Feature",
      "properties": {
        "objectid": 635,
        "featuretype": "EMERGENCY FACILITY",
        "descripton": "An emergency management facility from which a particular agency\u2019s resources are commanded, coordinated and assigned to an incident or emergency",
        "class": "AMBULANCE STATION",
        "facility_name": "TUMBY BAY STATION",
        "facility_operationalstatus": "OPERATIONAL",
        "facility_address": "8 ESPLANADE",
        "abs_suburb": "TUMBY BAY",
        "facility_state": "SOUTH AUSTRALIA",
        "abs_postcode": "5605",
        "facility_attribute_source": "HTTP://WWW.SAAMBULANCE.COM.AU",
        "facility_attribute_date": null,
        "facility_source": "HTTP://WWW.SAAMBULANCE.COM.AU",
        "facility_date": null,
        "facility_spatial_confidence": null,
        "facility_revised": "2018-08-18T00:00:00Z",
        "comment_": null,
        "facility_lat": "-34.371573001999934",
        "facility_long": "136.104008001",
        "validated": null,
        "gnaf_building_name": "URINGA HOSTEL",
        "gnaf_address_detail_pid": "GASA_415113499",
        "gnaf_formatted_address": "8 ESPLANADE ",
        "gnaf_confidence": "2",
        "gnaf_postcode": "5605",
        "gnaf_suburb": "TUMBY BAY",
        "distance_to_gnaf": 62,
        "gnaf_lat": "-34.372130169999934",
        "gnaf_long": "136.10405704000004"
      },
      "geometry": {
        "type": "Point",
        "coordinates": [
          136.10401567150478,
          -34.37155937537642
        ]
      }
    },
    {
      "type": "Feature",
      "properties": {
        "objectid": 636,
        "featuretype": "EMERGENCY FACILITY",
        "descripton": "An emergency management facility from which a particular agency\u2019s resources are commanded, coordinated and assigned to an incident or emergency",
        "class": "AMBULANCE STATION",
        "facility_name": "MITCHAM COL LIGHT GARDENS CADET DIVISION",
        "facility_operationalstatus": "OPERATIONAL",
        "facility_address": "14 ARTHUR STREET",
        "abs_suburb": "UNLEY",
        "facility_state": "SOUTH AUSTRALIA",
        "abs_postcode": "5061",
        "facility_attribute_source": "HTTP://WWW.STJOHNSA.COM.AU",
        "facility_attribute_date": null,
        "facility_source": "HTTP://WWW.STJOHNSA.COM.AU",
        "facility_date": null,
        "facility_spatial_confidence": null,
        "facility_revised": "2018-08-18T00:00:00Z",
        "comment_": null,
        "facility_lat": "-34.95002692099996",
        "facility_long": "138.6055077000001",
        "validated": null,
        "gnaf_building_name": null,
        "gnaf_address_detail_pid": "GASA_415424196",
        "gnaf_formatted_address": "14 ARTHUR STREET",
        "gnaf_confidence": "1",
        "gnaf_postcode": "5061",
        "gnaf_suburb": "UNLEY",
        "distance_to_gnaf": 0,
        "gnaf_lat": "-34.95002699999998",
        "gnaf_long": "138.60550776000002"
      },
      "geometry": {
        "type": "Point",
        "coordinates": [
          138.60551494139463,
          -34.950013389170465
        ]
      }
    },
    {
      "type": "Feature",
      "properties": {
        "objectid": 637,
        "featuretype": "EMERGENCY FACILITY",
        "descripton": "An emergency management facility from which a particular agency\u2019s resources are commanded, coordinated and assigned to an incident or emergency",
        "class": "AMBULANCE STATION",
        "facility_name": "CAMPBELLTOWN DIVISION",
        "facility_operationalstatus": "OPERATIONAL",
        "facility_address": "MONTACUTE ROAD",
        "abs_suburb": "NEWTON",
        "facility_state": "SOUTH AUSTRALIA",
        "abs_postcode": "5074",
        "facility_attribute_source": "HTTP://WWW.STJOHNSA.COM.AU",
        "facility_attribute_date": null,
        "facility_source": "HTTP://WWW.STJOHNSA.COM.AU",
        "facility_date": null,
        "facility_spatial_confidence": null,
        "facility_revised": "2018-08-18T00:00:00Z",
        "comment_": null,
        "facility_lat": "-34.888163737999946",
        "facility_long": "138.6767238100001",
        "validated": null,
        "gnaf_building_name": null,
        "gnaf_address_detail_pid": "GASA_424318622",
        "gnaf_formatted_address": "LOT 643 MONTACUTE ROAD",
        "gnaf_confidence": "0",
        "gnaf_postcode": "5074",
        "gnaf_suburb": "NEWTON",
        "distance_to_gnaf": 5,
        "gnaf_lat": "-34.88815559999995",
        "gnaf_long": "138.67677373000004"
      },
      "geometry": {
        "type": "Point",
        "coordinates": [
          138.67673104381362,
          -34.888150208765836
        ]
      }
    },
    {
      "type": "Feature",
      "properties": {
        "objectid": 638,
        "featuretype": "EMERGENCY FACILITY",
        "descripton": "An emergency management facility from which a particular agency\u2019s resources are commanded, coordinated and assigned to an incident or emergency",
        "class": "AMBULANCE STATION",
        "facility_name": "O'HALLORAN HILL STATION",
        "facility_operationalstatus": "OPERATIONAL",
        "facility_address": "4 MAJORS ROAD",
        "abs_suburb": "O'HALLORAN HILL",
        "facility_state": "SOUTH AUSTRALIA",
        "abs_postcode": "5158",
        "facility_attribute_source": "HTTP://WWW.SAAMBULANCE.COM.AU",
        "facility_attribute_date": null,
        "facility_source": "HTTP://WWW.SAAMBULANCE.COM.AU",
        "facility_date": null,
        "facility_spatial_confidence": null,
        "facility_revised": "2018-08-18T00:00:00Z",
        "comment_": null,
        "facility_lat": "-35.05491699999993",
        "facility_long": "138.54493300000001",
        "validated": null,
        "gnaf_building_name": "FIRE STATION",
        "gnaf_address_detail_pid": "GASA_415530151",
        "gnaf_formatted_address": "4 MAJORS ROAD",
        "gnaf_confidence": "1",
        "gnaf_postcode": "5158",
        "gnaf_suburb": "TROTT PARK",
        "distance_to_gnaf": 35,
        "gnaf_lat": "-35.054990489999966",
        "gnaf_long": "138.54456096"
      },
      "geometry": {
        "type": "Point",
        "coordinates": [
          138.54494024467695,
          -35.05490346630623
        ]
      }
    },
    {
      "type": "Feature",
      "properties": {
        "objectid": 639,
        "featuretype": "EMERGENCY FACILITY",
        "descripton": "An emergency management facility from which a particular agency\u2019s resources are commanded, coordinated and assigned to an incident or emergency",
        "class": "AMBULANCE STATION",
        "facility_name": "ORROROO STATION",
        "facility_operationalstatus": "OPERATIONAL",
        "facility_address": "12172 R M WILLIAMS WAY",
        "abs_suburb": "ORROROO",
        "facility_state": "SOUTH AUSTRALIA",
        "abs_postcode": "5431",
        "facility_attribute_source": "HTTP://WWW.SAAMBULANCE.COM.AU",
        "facility_attribute_date": null,
        "facility_source": "HTTP://WWW.SAAMBULANCE.COM.AU",
        "facility_date": null,
        "facility_spatial_confidence": null,
        "facility_revised": "2018-08-18T00:00:00Z",
        "comment_": null,
        "facility_lat": "-32.73579700099998",
        "facility_long": "138.61728500000004",
        "validated": null,
        "gnaf_building_name": null,
        "gnaf_address_detail_pid": "GASA_425140194",
        "gnaf_formatted_address": "12172 R M WILLIAMS WAY",
        "gnaf_confidence": "1",
        "gnaf_postcode": "5431",
        "gnaf_suburb": "ORROROO",
        "distance_to_gnaf": 30,
        "gnaf_lat": "-32.73602794999994",
        "gnaf_long": "138.61744779000003"
      },
      "geometry": {
        "type": "Point",
        "coordinates": [
          138.61729237226263,
          -32.73578345542843
        ]
      }
    },
    {
      "type": "Feature",
      "properties": {
        "objectid": 640,
        "featuretype": "EMERGENCY FACILITY",
        "descripton": "An emergency management facility from which a particular agency\u2019s resources are commanded, coordinated and assigned to an incident or emergency",
        "class": "AMBULANCE STATION",
        "facility_name": "PADTHAWAY STATION",
        "facility_operationalstatus": "OPERATIONAL",
        "facility_address": "2 MEMORIAL DRIVE",
        "abs_suburb": "PADTHAWAY",
        "facility_state": "SOUTH AUSTRALIA",
        "abs_postcode": "5271",
        "facility_attribute_source": "HTTP://WWW.SAAMBULANCE.COM.AU",
        "facility_attribute_date": null,
        "facility_source": "HTTP://WWW.SAAMBULANCE.COM.AU",
        "facility_date": null,
        "facility_spatial_confidence": null,
        "facility_revised": "2018-08-18T00:00:00Z",
        "comment_": null,
        "facility_lat": "-36.603115000999935",
        "facility_long": "140.49312400000008",
        "validated": null,
        "gnaf_building_name": null,
        "gnaf_address_detail_pid": "GASA_422266977",
        "gnaf_formatted_address": "2 MEMORIAL DRIVE",
        "gnaf_confidence": "2",
        "gnaf_postcode": "5271",
        "gnaf_suburb": "PADTHAWAY",
        "distance_to_gnaf": 2,
        "gnaf_lat": "-36.603111989999945",
        "gnaf_long": "140.49314830000003"
      },
      "geometry": {
        "type": "Point",
        "coordinates": [
          140.49313081604404,
          -36.60310156585245
        ]
      }
    },
    {
      "type": "Feature",
      "properties": {
        "objectid": 641,
        "featuretype": "EMERGENCY FACILITY",
        "descripton": "An emergency management facility from which a particular agency\u2019s resources are commanded, coordinated and assigned to an incident or emergency",
        "class": "AMBULANCE STATION",
        "facility_name": "PARKSIDE STATION",
        "facility_operationalstatus": "OPERATIONAL",
        "facility_address": "6 GLEN OSMOND ROAD",
        "abs_suburb": "PARKSIDE",
        "facility_state": "SOUTH AUSTRALIA",
        "abs_postcode": "5063",
        "facility_attribute_source": "HTTP://WWW.SAAMBULANCE.COM.AU",
        "facility_attribute_date": null,
        "facility_source": "HTTP://WWW.SAAMBULANCE.COM.AU",
        "facility_date": null,
        "facility_spatial_confidence": null,
        "facility_revised": "2018-08-18T00:00:00Z",
        "comment_": null,
        "facility_lat": "-34.94104600099996",
        "facility_long": "138.6160410000001",
        "validated": null,
        "gnaf_building_name": null,
        "gnaf_address_detail_pid": "GASA_416679161",
        "gnaf_formatted_address": "6-8 GLEN OSMOND ROAD",
        "gnaf_confidence": "1",
        "gnaf_postcode": "5063",
        "gnaf_suburb": "PARKSIDE",
        "distance_to_gnaf": 13,
        "gnaf_lat": "-34.94114381999998",
        "gnaf_long": "138.61596981000002"
      },
      "geometry": {
        "type": "Point",
        "coordinates": [
          138.6160482402597,
          -34.94103246955412
        ]
      }
    },
    {
      "type": "Feature",
      "properties": {
        "objectid": 642,
        "featuretype": "EMERGENCY FACILITY",
        "descripton": "An emergency management facility from which a particular agency\u2019s resources are commanded, coordinated and assigned to an incident or emergency",
        "class": "AMBULANCE STATION",
        "facility_name": "WESTERN DISTRICTS STATION",
        "facility_operationalstatus": "OPERATIONAL",
        "facility_address": "LOT 54 COOK STREET",
        "abs_suburb": "PARNDANA",
        "facility_state": "SOUTH AUSTRALIA",
        "abs_postcode": "5220",
        "facility_attribute_source": "HTTP://WWW.SAAMBULANCE.COM.AU",
        "facility_attribute_date": null,
        "facility_source": "HTTP://WWW.SAAMBULANCE.COM.AU",
        "facility_date": null,
        "facility_spatial_confidence": null,
        "facility_revised": "2018-08-18T00:00:00Z",
        "comment_": null,
        "facility_lat": "-35.78996000099994",
        "facility_long": "137.2608629990001",
        "validated": null,
        "gnaf_building_name": null,
        "gnaf_address_detail_pid": "GASA_424164292",
        "gnaf_formatted_address": "LOT 54 COOK STREET",
        "gnaf_confidence": "-1",
        "gnaf_postcode": "5220",
        "gnaf_suburb": "PARNDANA",
        "distance_to_gnaf": 2,
        "gnaf_lat": "-35.78997581999994",
        "gnaf_long": "137.26087815000005"
      },
      "geometry": {
        "type": "Point",
        "coordinates": [
          137.2608704112575,
          -35.78994642198794
        ]
      }
    },
    {
      "type": "Feature",
      "properties": {
        "objectid": 643,
        "featuretype": "EMERGENCY FACILITY",
        "descripton": "An emergency management facility from which a particular agency\u2019s resources are commanded, coordinated and assigned to an incident or emergency",
        "class": "AMBULANCE STATION",
        "facility_name": "PENNESHAW STATION",
        "facility_operationalstatus": "OPERATIONAL",
        "facility_address": "LOT 98 THE LANE",
        "abs_suburb": "PENNESHAW",
        "facility_state": "SOUTH AUSTRALIA",
        "abs_postcode": "5222",
        "facility_attribute_source": "HTTP://WWW.SAAMBULANCE.COM.AU",
        "facility_attribute_date": null,
        "facility_source": "HTTP://WWW.SAAMBULANCE.COM.AU",
        "facility_date": null,
        "facility_spatial_confidence": null,
        "facility_revised": "2018-08-18T00:00:00Z",
        "comment_": null,
        "facility_lat": "-35.71862200099997",
        "facility_long": "137.9373750000001",
        "validated": null,
        "gnaf_building_name": null,
        "gnaf_address_detail_pid": "GASA_424215021",
        "gnaf_formatted_address": "LOT 98  ",
        "gnaf_confidence": "-1",
        "gnaf_postcode": "5222",
        "gnaf_suburb": "PENNESHAW",
        "distance_to_gnaf": 16,
        "gnaf_lat": "-35.71847919999993",
        "gnaf_long": "137.9373945000001"
      },
      "geometry": {
        "type": "Point",
        "coordinates": [
          137.93738230403486,
          -35.71860844696434
        ]
      }
    },
    {
      "type": "Feature",
      "properties": {
        "objectid": 644,
        "featuretype": "EMERGENCY FACILITY",
        "descripton": "An emergency management facility from which a particular agency\u2019s resources are commanded, coordinated and assigned to an incident or emergency",
        "class": "AMBULANCE STATION",
        "facility_name": "PENOLA STATION",
        "facility_operationalstatus": "OPERATIONAL",
        "facility_address": "16E CHURCH STREET",
        "abs_suburb": "PENOLA",
        "facility_state": "SOUTH AUSTRALIA",
        "abs_postcode": "5277",
        "facility_attribute_source": "HTTP://WWW.SAAMBULANCE.COM.AU",
        "facility_attribute_date": null,
        "facility_source": "HTTP://WWW.SAAMBULANCE.COM.AU",
        "facility_date": null,
        "facility_spatial_confidence": null,
        "facility_revised": "2018-08-18T00:00:00Z",
        "comment_": null,
        "facility_lat": "-37.38355199999995",
        "facility_long": "140.83635799900003",
        "validated": null,
        "gnaf_building_name": null,
        "gnaf_address_detail_pid": "GASA_423774349",
        "gnaf_formatted_address": "16 CHURCH STREET",
        "gnaf_confidence": "1",
        "gnaf_postcode": "5277",
        "gnaf_suburb": "PENOLA",
        "distance_to_gnaf": 10,
        "gnaf_lat": "-37.38352824999998",
        "gnaf_long": "140.83624514000007"
      },
      "geometry": {
        "type": "Point",
        "coordinates": [
          140.83636469474237,
          -37.38353858695773
        ]
      }
    },
    {
      "type": "Feature",
      "properties": {
        "objectid": 645,
        "featuretype": "EMERGENCY FACILITY",
        "descripton": "An emergency management facility from which a particular agency\u2019s resources are commanded, coordinated and assigned to an incident or emergency",
        "class": "AMBULANCE STATION",
        "facility_name": "PENOLA DIVISION",
        "facility_operationalstatus": "OPERATIONAL",
        "facility_address": "16E CHURCH STREET",
        "abs_suburb": "PENOLA",
        "facility_state": "SOUTH AUSTRALIA",
        "abs_postcode": "5277",
        "facility_attribute_source": "HTTP://WWW.STJOHNSA.COM.AU",
        "facility_attribute_date": null,
        "facility_source": "HTTP://WWW.STJOHNSA.COM.AU",
        "facility_date": null,
        "facility_spatial_confidence": null,
        "facility_revised": "2018-08-18T00:00:00Z",
        "comment_": null,
        "facility_lat": "-37.38361212399997",
        "facility_long": "140.83647608900003",
        "validated": null,
        "gnaf_building_name": null,
        "gnaf_address_detail_pid": "GASA_423774349",
        "gnaf_formatted_address": "16 CHURCH STREET",
        "gnaf_confidence": "1",
        "gnaf_postcode": "5277",
        "gnaf_suburb": "PENOLA",
        "distance_to_gnaf": 23,
        "gnaf_lat": "-37.38352824999998",
        "gnaf_long": "140.83624514000007"
      },
      "geometry": {
        "type": "Point",
        "coordinates": [
          140.83648278471696,
          -37.38359871096415
        ]
      }
    },
    {
      "type": "Feature",
      "properties": {
        "objectid": 646,
        "featuretype": "EMERGENCY FACILITY",
        "descripton": "An emergency management facility from which a particular agency\u2019s resources are commanded, coordinated and assigned to an incident or emergency",
        "class": "AMBULANCE STATION",
        "facility_name": "PETERBOROUGH STATION",
        "facility_operationalstatus": "OPERATIONAL",
        "facility_address": "19-21 QUEEN STREET",
        "abs_suburb": "PETERBOROUGH",
        "facility_state": "SOUTH AUSTRALIA",
        "abs_postcode": "5422",
        "facility_attribute_source": "HTTP://WWW.SAAMBULANCE.COM.AU",
        "facility_attribute_date": null,
        "facility_source": "HTTP://WWW.SAAMBULANCE.COM.AU",
        "facility_date": null,
        "facility_spatial_confidence": null,
        "facility_revised": "2018-08-18T00:00:00Z",
        "comment_": null,
        "facility_lat": "-32.97702500099996",
        "facility_long": "138.84268700000007",
        "validated": null,
        "gnaf_building_name": null,
        "gnaf_address_detail_pid": "GASA_425449071",
        "gnaf_formatted_address": "19-21 QUEEN STREET",
        "gnaf_confidence": "0",
        "gnaf_postcode": "5422",
        "gnaf_suburb": "PETERBOROUGH",
        "distance_to_gnaf": 21,
        "gnaf_lat": "-32.97709303999994",
        "gnaf_long": "138.84289208000007"
      },
      "geometry": {
        "type": "Point",
        "coordinates": [
          138.8426943247338,
          -32.97701146651155
        ]
      }
    },
    {
      "type": "Feature",
      "properties": {
        "objectid": 647,
        "featuretype": "EMERGENCY FACILITY",
        "descripton": "An emergency management facility from which a particular agency\u2019s resources are commanded, coordinated and assigned to an incident or emergency",
        "class": "AMBULANCE STATION",
        "facility_name": "PINNAROO STATION",
        "facility_operationalstatus": "OPERATIONAL",
        "facility_address": "LOT 104 HOMBURG TERRACE",
        "abs_suburb": "PINNAROO",
        "facility_state": "SOUTH AUSTRALIA",
        "abs_postcode": "5304",
        "facility_attribute_source": "HTTP://WWW.SAAMBULANCE.COM.AU",
        "facility_attribute_date": null,
        "facility_source": "HTTP://WWW.SAAMBULANCE.COM.AU",
        "facility_date": null,
        "facility_spatial_confidence": null,
        "facility_revised": "2018-08-18T00:00:00Z",
        "comment_": null,
        "facility_lat": "-35.259698999999955",
        "facility_long": "140.90987700100004",
        "validated": null,
        "gnaf_building_name": null,
        "gnaf_address_detail_pid": "GASA_424179888",
        "gnaf_formatted_address": "LOT 104 HOMBURG TERRACE",
        "gnaf_confidence": "1",
        "gnaf_postcode": "5304",
        "gnaf_suburb": "PINNAROO",
        "distance_to_gnaf": 10,
        "gnaf_lat": "-35.25966092999994",
        "gnaf_long": "140.90997392000008"
      },
      "geometry": {
        "type": "Point",
        "coordinates": [
          140.90988385101628,
          -35.25968557752766
        ]
      }
    },
    {
      "type": "Feature",
      "properties": {
        "objectid": 648,
        "featuretype": "EMERGENCY FACILITY",
        "descripton": "An emergency management facility from which a particular agency\u2019s resources are commanded, coordinated and assigned to an incident or emergency",
        "class": "AMBULANCE STATION",
        "facility_name": "PORT ADELAIDE STATION",
        "facility_operationalstatus": "OPERATIONAL",
        "facility_address": "3-5 SANTO PDE",
        "abs_suburb": "PORT ADELAIDE",
        "facility_state": "SOUTH AUSTRALIA",
        "abs_postcode": "5015",
        "facility_attribute_source": "HTTP://WWW.SAAMBULANCE.COM.AU",
        "facility_attribute_date": null,
        "facility_source": "HTTP://WWW.SAAMBULANCE.COM.AU",
        "facility_date": null,
        "facility_spatial_confidence": null,
        "facility_revised": "2018-08-18T00:00:00Z",
        "comment_": null,
        "facility_lat": "-34.84308700099996",
        "facility_long": "138.511522",
        "validated": null,
        "gnaf_building_name": null,
        "gnaf_address_detail_pid": "GASA_415373732",
        "gnaf_formatted_address": "3-5 SANTO PARADE",
        "gnaf_confidence": "1",
        "gnaf_postcode": "5015",
        "gnaf_suburb": "PORT ADELAIDE",
        "distance_to_gnaf": 15,
        "gnaf_lat": "-34.84295618999994",
        "gnaf_long": "138.5115398800001"
      },
      "geometry": {
        "type": "Point",
        "coordinates": [
          138.51152926297956,
          -34.84307346459318
        ]
      }
    },
    {
      "type": "Feature",
      "properties": {
        "objectid": 649,
        "featuretype": "EMERGENCY FACILITY",
        "descripton": "An emergency management facility from which a particular agency\u2019s resources are commanded, coordinated and assigned to an incident or emergency",
        "class": "AMBULANCE STATION",
        "facility_name": "PT AUGUSTA DIVISION",
        "facility_operationalstatus": "OPERATIONAL",
        "facility_address": "18-26 ANSTEY STREET",
        "abs_suburb": "PORT AUGUSTA",
        "facility_state": "SOUTH AUSTRALIA",
        "abs_postcode": "5700",
        "facility_attribute_source": "HTTP://WWW.STJOHNSA.COM.AU",
        "facility_attribute_date": null,
        "facility_source": "HTTP://WWW.STJOHNSA.COM.AU",
        "facility_date": null,
        "facility_spatial_confidence": null,
        "facility_revised": "2018-08-18T00:00:00Z",
        "comment_": null,
        "facility_lat": "-32.509908164999956",
        "facility_long": "137.77704143500011",
        "validated": null,
        "gnaf_building_name": null,
        "gnaf_address_detail_pid": "GASA_425459683",
        "gnaf_formatted_address": "18-26 ANSTEY STREET",
        "gnaf_confidence": "-1",
        "gnaf_postcode": "5700",
        "gnaf_suburb": "PORT AUGUSTA",
        "distance_to_gnaf": 105,
        "gnaf_lat": "-32.50988375999998",
        "gnaf_long": "137.77592994000008"
      },
      "geometry": {
        "type": "Point",
        "coordinates": [
          137.7770489428962,
          -32.50989458443919
        ]
      }
    },
    {
      "type": "Feature",
      "properties": {
        "objectid": 650,
        "featuretype": "EMERGENCY FACILITY",
        "descripton": "An emergency management facility from which a particular agency\u2019s resources are commanded, coordinated and assigned to an incident or emergency",
        "class": "AMBULANCE STATION",
        "facility_name": "PORT AUGUSTA STATION",
        "facility_operationalstatus": "OPERATIONAL",
        "facility_address": "6 GILES STREET",
        "abs_suburb": "PORT AUGUSTA",
        "facility_state": "SOUTH AUSTRALIA",
        "abs_postcode": "5700",
        "facility_attribute_source": "HTTP://WWW.SAAMBULANCE.COM.AU",
        "facility_attribute_date": null,
        "facility_source": "HTTP://WWW.SAAMBULANCE.COM.AU",
        "facility_date": null,
        "facility_spatial_confidence": null,
        "facility_revised": "2018-08-18T00:00:00Z",
        "comment_": null,
        "facility_lat": "-32.50925600099998",
        "facility_long": "137.777103",
        "validated": null,
        "gnaf_building_name": null,
        "gnaf_address_detail_pid": "GASA_424426161",
        "gnaf_formatted_address": "6 GILES STREET",
        "gnaf_confidence": "0",
        "gnaf_postcode": "5700",
        "gnaf_suburb": "PORT AUGUSTA",
        "distance_to_gnaf": 5,
        "gnaf_lat": "-32.509217339999964",
        "gnaf_long": "137.77712857000006"
      },
      "geometry": {
        "type": "Point",
        "coordinates": [
          137.77711050792172,
          -32.50924242043729
        ]
      }
    },
    {
      "type": "Feature",
      "properties": {
        "objectid": 651,
        "featuretype": "EMERGENCY FACILITY",
        "descripton": "An emergency management facility from which a particular agency\u2019s resources are commanded, coordinated and assigned to an incident or emergency",
        "class": "AMBULANCE STATION",
        "facility_name": "PORT BROUGHTON STATION",
        "facility_operationalstatus": "OPERATIONAL",
        "facility_address": "BAY STREET",
        "abs_suburb": "PORT BROUGHTON",
        "facility_state": "SOUTH AUSTRALIA",
        "abs_postcode": "5522",
        "facility_attribute_source": "HTTP://WWW.SAAMBULANCE.COM.AU",
        "facility_attribute_date": null,
        "facility_source": "HTTP://WWW.SAAMBULANCE.COM.AU",
        "facility_date": null,
        "facility_spatial_confidence": null,
        "facility_revised": "2018-08-18T00:00:00Z",
        "comment_": null,
        "facility_lat": "-33.60114700099996",
        "facility_long": "137.9346690000001",
        "validated": null,
        "gnaf_building_name": null,
        "gnaf_address_detail_pid": "GASA_720417316",
        "gnaf_formatted_address": "22-24 BAY STREET",
        "gnaf_confidence": "0",
        "gnaf_postcode": "5522",
        "gnaf_suburb": "PORT BROUGHTON",
        "distance_to_gnaf": 9,
        "gnaf_lat": "-33.60117102999993",
        "gnaf_long": "137.93457621000005"
      },
      "geometry": {
        "type": "Point",
        "coordinates": [
          137.93467642518115,
          -33.6011334335753
        ]
      }
    },
    {
      "type": "Feature",
      "properties": {
        "objectid": 652,
        "featuretype": "EMERGENCY FACILITY",
        "descripton": "An emergency management facility from which a particular agency\u2019s resources are commanded, coordinated and assigned to an incident or emergency",
        "class": "AMBULANCE STATION",
        "facility_name": "PT BROUGHTON DIVISION",
        "facility_operationalstatus": "OPERATIONAL",
        "facility_address": "BAY STREET",
        "abs_suburb": "PORT BROUGHTON",
        "facility_state": "SOUTH AUSTRALIA",
        "abs_postcode": "5522",
        "facility_attribute_source": "HTTP://WWW.STJOHNSA.COM.AU",
        "facility_attribute_date": null,
        "facility_source": "HTTP://WWW.STJOHNSA.COM.AU",
        "facility_date": null,
        "facility_spatial_confidence": null,
        "facility_revised": "2018-08-18T00:00:00Z",
        "comment_": null,
        "facility_lat": "-33.60105144599993",
        "facility_long": "137.93449420800005",
        "validated": null,
        "gnaf_building_name": null,
        "gnaf_address_detail_pid": "GASA_720417316",
        "gnaf_formatted_address": "22-24 BAY STREET",
        "gnaf_confidence": "0",
        "gnaf_postcode": "5522",
        "gnaf_suburb": "PORT BROUGHTON",
        "distance_to_gnaf": 15,
        "gnaf_lat": "-33.60117102999993",
        "gnaf_long": "137.93457621000005"
      },
      "geometry": {
        "type": "Point",
        "coordinates": [
          137.934501633213,
          -33.60103787856786
        ]
      }
    },
    {
      "type": "Feature",
      "properties": {
        "objectid": 653,
        "featuretype": "EMERGENCY FACILITY",
        "descripton": "An emergency management facility from which a particular agency\u2019s resources are commanded, coordinated and assigned to an incident or emergency",
        "class": "AMBULANCE STATION",
        "facility_name": "PT LINCOLN DIVISION",
        "facility_operationalstatus": "OPERATIONAL",
        "facility_address": "4 MARINE AVENUE",
        "abs_suburb": "PORT LINCOLN",
        "facility_state": "SOUTH AUSTRALIA",
        "abs_postcode": "5606",
        "facility_attribute_source": "HTTP://WWW.STJOHNSA.COM.AU",
        "facility_attribute_date": null,
        "facility_source": "HTTP://WWW.STJOHNSA.COM.AU",
        "facility_date": null,
        "facility_spatial_confidence": null,
        "facility_revised": "2018-08-18T00:00:00Z",
        "comment_": null,
        "facility_lat": "-34.724825686999964",
        "facility_long": "135.85063160700008",
        "validated": null,
        "gnaf_building_name": null,
        "gnaf_address_detail_pid": "GASA_422065936",
        "gnaf_formatted_address": "4 MARINE AVENUE",
        "gnaf_confidence": "0",
        "gnaf_postcode": "5606",
        "gnaf_suburb": "PORT LINCOLN",
        "distance_to_gnaf": 1,
        "gnaf_lat": "-34.724825479999936",
        "gnaf_long": "135.85062504000007"
      },
      "geometry": {
        "type": "Point",
        "coordinates": [
          135.85063930203705,
          -34.724812054793226
        ]
      }
    },
    {
      "type": "Feature",
      "properties": {
        "objectid": 654,
        "featuretype": "EMERGENCY FACILITY",
        "descripton": "An emergency management facility from which a particular agency\u2019s resources are commanded, coordinated and assigned to an incident or emergency",
        "class": "AMBULANCE STATION",
        "facility_name": "PORT LINCOLN STATION",
        "facility_operationalstatus": "OPERATIONAL",
        "facility_address": "4 MARINE AVENUE",
        "abs_suburb": "PORT LINCOLN",
        "facility_state": "SOUTH AUSTRALIA",
        "abs_postcode": "5606",
        "facility_attribute_source": "HTTP://WWW.SAAMBULANCE.COM.AU",
        "facility_attribute_date": null,
        "facility_source": "HTTP://WWW.SAAMBULANCE.COM.AU",
        "facility_date": null,
        "facility_spatial_confidence": null,
        "facility_revised": "2018-08-18T00:00:00Z",
        "comment_": null,
        "facility_lat": "-34.724846999999954",
        "facility_long": "135.85062900000003",
        "validated": null,
        "gnaf_building_name": null,
        "gnaf_address_detail_pid": "GASA_422065936",
        "gnaf_formatted_address": "4 MARINE AVENUE",
        "gnaf_confidence": "0",
        "gnaf_postcode": "5606",
        "gnaf_suburb": "PORT LINCOLN",
        "distance_to_gnaf": 2,
        "gnaf_lat": "-34.724825479999936",
        "gnaf_long": "135.85062504000007"
      },
      "geometry": {
        "type": "Point",
        "coordinates": [
          135.85063669503648,
          -34.72483336779328
        ]
      }
    },
    {
      "type": "Feature",
      "properties": {
        "objectid": 655,
        "featuretype": "EMERGENCY FACILITY",
        "descripton": "An emergency management facility from which a particular agency\u2019s resources are commanded, coordinated and assigned to an incident or emergency",
        "class": "AMBULANCE STATION",
        "facility_name": "PORT NEILL STATION",
        "facility_operationalstatus": "OPERATIONAL",
        "facility_address": "BICE STREET",
        "abs_suburb": "PORT NEILL",
        "facility_state": "SOUTH AUSTRALIA",
        "abs_postcode": "5604",
        "facility_attribute_source": "HTTP://WWW.SAAMBULANCE.COM.AU",
        "facility_attribute_date": null,
        "facility_source": "HTTP://WWW.SAAMBULANCE.COM.AU",
        "facility_date": null,
        "facility_spatial_confidence": null,
        "facility_revised": "2018-08-18T00:00:00Z",
        "comment_": null,
        "facility_lat": "-34.11950300099994",
        "facility_long": "136.3490210000001",
        "validated": null,
        "gnaf_building_name": null,
        "gnaf_address_detail_pid": "GASA_415723620",
        "gnaf_formatted_address": "41 WALLIS STREET",
        "gnaf_confidence": "0",
        "gnaf_postcode": "5604",
        "gnaf_suburb": "PORT NEILL",
        "distance_to_gnaf": 21,
        "gnaf_lat": "-34.11937527999993",
        "gnaf_long": "136.34886096000002"
      },
      "geometry": {
        "type": "Point",
        "coordinates": [
          136.349028643561,
          -34.11948938056516
        ]
      }
    },
    {
      "type": "Feature",
      "properties": {
        "objectid": 656,
        "featuretype": "EMERGENCY FACILITY",
        "descripton": "An emergency management facility from which a particular agency\u2019s resources are commanded, coordinated and assigned to an incident or emergency",
        "class": "AMBULANCE STATION",
        "facility_name": "PORT PIRIE DIVISION",
        "facility_operationalstatus": "OPERATIONAL",
        "facility_address": "49-57 GERTRUDE STREET",
        "abs_suburb": "PORT PIRIE",
        "facility_state": "SOUTH AUSTRALIA",
        "abs_postcode": "5540",
        "facility_attribute_source": "HTTP://WWW.STJOHNSA.COM.AU",
        "facility_attribute_date": null,
        "facility_source": "HTTP://WWW.STJOHNSA.COM.AU",
        "facility_date": null,
        "facility_spatial_confidence": null,
        "facility_revised": "2018-08-18T00:00:00Z",
        "comment_": null,
        "facility_lat": "-33.17635465699993",
        "facility_long": "138.00708194800006",
        "validated": null,
        "gnaf_building_name": null,
        "gnaf_address_detail_pid": "GASA_425438281",
        "gnaf_formatted_address": "49-57 GERTRUDE STREET",
        "gnaf_confidence": "0",
        "gnaf_postcode": "5540",
        "gnaf_suburb": "PORT PIRIE",
        "distance_to_gnaf": 19,
        "gnaf_lat": "-33.176441169999976",
        "gnaf_long": "138.0072514100001"
      },
      "geometry": {
        "type": "Point",
        "coordinates": [
          138.00708938576398,
          -33.17634108965918
        ]
      }
    },
    {
      "type": "Feature",
      "properties": {
        "objectid": 657,
        "featuretype": "EMERGENCY FACILITY",
        "descripton": "An emergency management facility from which a particular agency\u2019s resources are commanded, coordinated and assigned to an incident or emergency",
        "class": "AMBULANCE STATION",
        "facility_name": "PORT PIRIE STATION",
        "facility_operationalstatus": "OPERATIONAL",
        "facility_address": "97 GREY TERRACE",
        "abs_suburb": "PORT PIRIE SOUTH",
        "facility_state": "SOUTH AUSTRALIA",
        "abs_postcode": "5540",
        "facility_attribute_source": "HTTP://WWW.SAAMBULANCE.COM.AU",
        "facility_attribute_date": null,
        "facility_source": "HTTP://WWW.SAAMBULANCE.COM.AU",
        "facility_date": null,
        "facility_spatial_confidence": null,
        "facility_revised": "2018-08-18T00:00:00Z",
        "comment_": null,
        "facility_lat": "-33.189937999999984",
        "facility_long": "138.005890001",
        "validated": null,
        "gnaf_building_name": null,
        "gnaf_address_detail_pid": "GASA_719861375",
        "gnaf_formatted_address": "97 GREY TERRACE",
        "gnaf_confidence": "0",
        "gnaf_postcode": "5540",
        "gnaf_suburb": "PORT PIRIE SOUTH",
        "distance_to_gnaf": 83,
        "gnaf_lat": "-33.190624689999936",
        "gnaf_long": "138.0055382800001"
      },
      "geometry": {
        "type": "Point",
        "coordinates": [
          138.00589743819123,
          -33.18992443270056
        ]
      }
    },
    {
      "type": "Feature",
      "properties": {
        "objectid": 658,
        "featuretype": "EMERGENCY FACILITY",
        "descripton": "An emergency management facility from which a particular agency\u2019s resources are commanded, coordinated and assigned to an incident or emergency",
        "class": "AMBULANCE STATION",
        "facility_name": "PORT WAKEFIELD STATION",
        "facility_operationalstatus": "OPERATIONAL",
        "facility_address": "2 BURRA STREET",
        "abs_suburb": "PORT WAKEFIELD",
        "facility_state": "SOUTH AUSTRALIA",
        "abs_postcode": "5550",
        "facility_attribute_source": "HTTP://WWW.SAAMBULANCE.COM.AU",
        "facility_attribute_date": null,
        "facility_source": "HTTP://WWW.SAAMBULANCE.COM.AU",
        "facility_date": null,
        "facility_spatial_confidence": null,
        "facility_revised": "2018-08-18T00:00:00Z",
        "comment_": null,
        "facility_lat": "-34.18631800099996",
        "facility_long": "138.15317100000004",
        "validated": null,
        "gnaf_building_name": null,
        "gnaf_address_detail_pid": "GASA_416270164",
        "gnaf_formatted_address": "2 BURRA STREET",
        "gnaf_confidence": "0",
        "gnaf_postcode": "5550",
        "gnaf_suburb": "PORT WAKEFIELD",
        "distance_to_gnaf": 12,
        "gnaf_lat": "-34.18624887999994",
        "gnaf_long": "138.15307853000002"
      },
      "geometry": {
        "type": "Point",
        "coordinates": [
          138.15317835841645,
          -34.186304445902195
        ]
      }
    },
    {
      "type": "Feature",
      "properties": {
        "objectid": 659,
        "featuretype": "EMERGENCY FACILITY",
        "descripton": "An emergency management facility from which a particular agency\u2019s resources are commanded, coordinated and assigned to an incident or emergency",
        "class": "AMBULANCE STATION",
        "facility_name": "PROSPECT STATION",
        "facility_operationalstatus": "OPERATIONAL",
        "facility_address": "478-480 REGENCY ROAD",
        "abs_suburb": "PROSPECT",
        "facility_state": "SOUTH AUSTRALIA",
        "abs_postcode": "5082",
        "facility_attribute_source": "HTTP://WWW.SAAMBULANCE.COM.AU",
        "facility_attribute_date": null,
        "facility_source": "HTTP://WWW.SAAMBULANCE.COM.AU",
        "facility_date": null,
        "facility_spatial_confidence": null,
        "facility_revised": "2018-08-18T00:00:00Z",
        "comment_": null,
        "facility_lat": "-34.87351400099993",
        "facility_long": "138.6004239990001",
        "validated": null,
        "gnaf_building_name": null,
        "gnaf_address_detail_pid": "GASA_425449480",
        "gnaf_formatted_address": "478-480 REGENCY ROAD",
        "gnaf_confidence": "0",
        "gnaf_postcode": "5082",
        "gnaf_suburb": "PROSPECT",
        "distance_to_gnaf": 17,
        "gnaf_lat": "-34.87340227999994",
        "gnaf_long": "138.60029028000008"
      },
      "geometry": {
        "type": "Point",
        "coordinates": [
          138.60043124591513,
          -34.8735004684775
        ]
      }
    },
    {
      "type": "Feature",
      "properties": {
        "objectid": 660,
        "featuretype": "EMERGENCY FACILITY",
        "descripton": "An emergency management facility from which a particular agency\u2019s resources are commanded, coordinated and assigned to an incident or emergency",
        "class": "AMBULANCE STATION",
        "facility_name": "PROSPECT CADET DIVISION",
        "facility_operationalstatus": "OPERATIONAL",
        "facility_address": "387 REGENCY ROAD",
        "abs_suburb": "PROSPECT",
        "facility_state": "SOUTH AUSTRALIA",
        "abs_postcode": "5082",
        "facility_attribute_source": "HTTP://WWW.STJOHNSA.COM.AU",
        "facility_attribute_date": null,
        "facility_source": "HTTP://WWW.STJOHNSA.COM.AU",
        "facility_date": null,
        "facility_spatial_confidence": null,
        "facility_revised": "2018-08-18T00:00:00Z",
        "comment_": null,
        "facility_lat": "-34.87451582899996",
        "facility_long": "138.5905710950001",
        "validated": null,
        "gnaf_building_name": null,
        "gnaf_address_detail_pid": "GASA_415419889",
        "gnaf_formatted_address": "387 REGENCY ROAD",
        "gnaf_confidence": "1",
        "gnaf_postcode": "5082",
        "gnaf_suburb": "PROSPECT",
        "distance_to_gnaf": 0,
        "gnaf_lat": "-34.87451579999998",
        "gnaf_long": "138.59057126000005"
      },
      "geometry": {
        "type": "Point",
        "coordinates": [
          138.59057834342855,
          -34.874502296072876
        ]
      }
    },
    {
      "type": "Feature",
      "properties": {
        "objectid": 661,
        "featuretype": "EMERGENCY FACILITY",
        "descripton": "An emergency management facility from which a particular agency\u2019s resources are commanded, coordinated and assigned to an incident or emergency",
        "class": "AMBULANCE STATION",
        "facility_name": "ADELAIDE MOTOR CYCLE DIVISION",
        "facility_operationalstatus": "OPERATIONAL",
        "facility_address": "387 REGENCY ROAD",
        "abs_suburb": "PROSPECT",
        "facility_state": "SOUTH AUSTRALIA",
        "abs_postcode": "5082",
        "facility_attribute_source": "HTTP://WWW.STJOHNSA.COM.AU",
        "facility_attribute_date": null,
        "facility_source": "HTTP://WWW.STJOHNSA.COM.AU",
        "facility_date": null,
        "facility_spatial_confidence": null,
        "facility_revised": "2018-08-18T00:00:00Z",
        "comment_": null,
        "facility_lat": "-34.87451582899996",
        "facility_long": "138.5905710950001",
        "validated": null,
        "gnaf_building_name": null,
        "gnaf_address_detail_pid": "GASA_415419889",
        "gnaf_formatted_address": "387 REGENCY ROAD",
        "gnaf_confidence": "1",
        "gnaf_postcode": "5082",
        "gnaf_suburb": "PROSPECT",
        "distance_to_gnaf": 0,
        "gnaf_lat": "-34.87451579999998",
        "gnaf_long": "138.59057126000005"
      },
      "geometry": {
        "type": "Point",
        "coordinates": [
          138.59057834342855,
          -34.874502296072876
        ]
      }
    },
    {
      "type": "Feature",
      "properties": {
        "objectid": 662,
        "featuretype": "EMERGENCY FACILITY",
        "descripton": "An emergency management facility from which a particular agency\u2019s resources are commanded, coordinated and assigned to an incident or emergency",
        "class": "AMBULANCE STATION",
        "facility_name": "QUORN STATION",
        "facility_operationalstatus": "OPERATIONAL",
        "facility_address": "LOT 501 WEST TERRACE",
        "abs_suburb": "QUORN",
        "facility_state": "SOUTH AUSTRALIA",
        "abs_postcode": "5433",
        "facility_attribute_source": "HTTP://WWW.SAAMBULANCE.COM.AU",
        "facility_attribute_date": null,
        "facility_source": "HTTP://WWW.SAAMBULANCE.COM.AU",
        "facility_date": null,
        "facility_spatial_confidence": null,
        "facility_revised": "2018-08-18T00:00:00Z",
        "comment_": null,
        "facility_lat": "-32.35152000099998",
        "facility_long": "138.03785400000004",
        "validated": null,
        "gnaf_building_name": null,
        "gnaf_address_detail_pid": "GASA_424219758",
        "gnaf_formatted_address": "LOT 501 WEST TERRACE",
        "gnaf_confidence": "0",
        "gnaf_postcode": "5433",
        "gnaf_suburb": "QUORN",
        "distance_to_gnaf": 136,
        "gnaf_lat": "-32.352461079999955",
        "gnaf_long": "138.03877531000012"
      },
      "geometry": {
        "type": "Point",
        "coordinates": [
          138.03786147846506,
          -32.35150642947738
        ]
      }
    },
    {
      "type": "Feature",
      "properties": {
        "objectid": 663,
        "featuretype": "EMERGENCY FACILITY",
        "descripton": "An emergency management facility from which a particular agency\u2019s resources are commanded, coordinated and assigned to an incident or emergency",
        "class": "AMBULANCE STATION",
        "facility_name": "REDWOOD PARK STATION",
        "facility_operationalstatus": "OPERATIONAL",
        "facility_address": "LOT 540 GAYLARD CRES",
        "abs_suburb": "REDWOOD PARK",
        "facility_state": "SOUTH AUSTRALIA",
        "abs_postcode": "5097",
        "facility_attribute_source": "HTTP://WWW.SAAMBULANCE.COM.AU",
        "facility_attribute_date": null,
        "facility_source": "HTTP://WWW.SAAMBULANCE.COM.AU",
        "facility_date": null,
        "facility_spatial_confidence": null,
        "facility_revised": "2018-08-18T00:00:00Z",
        "comment_": null,
        "facility_lat": "-34.81699100099996",
        "facility_long": "138.69525300100008",
        "validated": null,
        "gnaf_building_name": null,
        "gnaf_address_detail_pid": "GASA_424302958",
        "gnaf_formatted_address": "LOT 533 GAYLARD CRESCENT",
        "gnaf_confidence": "-1",
        "gnaf_postcode": "5097",
        "gnaf_suburb": "REDWOOD PARK",
        "distance_to_gnaf": 33,
        "gnaf_lat": "-34.81683387999993",
        "gnaf_long": "138.69555514"
      },
      "geometry": {
        "type": "Point",
        "coordinates": [
          138.69526023626315,
          -34.81697747209755
        ]
      }
    },
    {
      "type": "Feature",
      "properties": {
        "objectid": 664,
        "featuretype": "EMERGENCY FACILITY",
        "descripton": "An emergency management facility from which a particular agency\u2019s resources are commanded, coordinated and assigned to an incident or emergency",
        "class": "AMBULANCE STATION",
        "facility_name": "RENMARK STATION",
        "facility_operationalstatus": "OPERATIONAL",
        "facility_address": "LOT 567 EIGHTEENTH STREET",
        "abs_suburb": "RENMARK",
        "facility_state": "SOUTH AUSTRALIA",
        "abs_postcode": "5341",
        "facility_attribute_source": "HTTP://WWW.SAAMBULANCE.COM.AU",
        "facility_attribute_date": null,
        "facility_source": "HTTP://WWW.SAAMBULANCE.COM.AU",
        "facility_date": null,
        "facility_spatial_confidence": null,
        "facility_revised": "2018-08-18T00:00:00Z",
        "comment_": null,
        "facility_lat": "-34.17435000099994",
        "facility_long": "140.74498699900005",
        "validated": null,
        "gnaf_building_name": null,
        "gnaf_address_detail_pid": "GASA_424168691",
        "gnaf_formatted_address": "LOT 567 EIGHTEENTH STREET",
        "gnaf_confidence": "-1",
        "gnaf_postcode": "5341",
        "gnaf_suburb": "RENMARK",
        "distance_to_gnaf": 8,
        "gnaf_lat": "-34.174414799999965",
        "gnaf_long": "140.74501679000002"
      },
      "geometry": {
        "type": "Point",
        "coordinates": [
          140.74499395628615,
          -34.17433656311114
        ]
      }
    },
    {
      "type": "Feature",
      "properties": {
        "objectid": 665,
        "featuretype": "EMERGENCY FACILITY",
        "descripton": "An emergency management facility from which a particular agency\u2019s resources are commanded, coordinated and assigned to an incident or emergency",
        "class": "AMBULANCE STATION",
        "facility_name": "MOUNT GAMBIER STATION",
        "facility_operationalstatus": "OPERATIONAL",
        "facility_address": "46 PENOLA ROAD",
        "abs_suburb": "MOUNT GAMBIER",
        "facility_state": "SOUTH AUSTRALIA",
        "abs_postcode": "5290",
        "facility_attribute_source": "HTTP://WWW.SAAMBULANCE.COM.AU",
        "facility_attribute_date": null,
        "facility_source": "HTTP://WWW.SAAMBULANCE.COM.AU",
        "facility_date": null,
        "facility_spatial_confidence": null,
        "facility_revised": "2018-08-18T00:00:00Z",
        "comment_": null,
        "facility_lat": "-37.82490800099998",
        "facility_long": "140.78281000000004",
        "validated": null,
        "gnaf_building_name": null,
        "gnaf_address_detail_pid": "GASA_415542445",
        "gnaf_formatted_address": "46 PENOLA ROAD",
        "gnaf_confidence": "1",
        "gnaf_postcode": "5290",
        "gnaf_suburb": "MOUNT GAMBIER",
        "distance_to_gnaf": 30,
        "gnaf_lat": "-37.825038839999934",
        "gnaf_long": "140.78310351000005"
      },
      "geometry": {
        "type": "Point",
        "coordinates": [
          140.78281666948834,
          -37.82489458787649
        ]
      }
    },
    {
      "type": "Feature",
      "properties": {
        "objectid": 666,
        "featuretype": "EMERGENCY FACILITY",
        "descripton": "An emergency management facility from which a particular agency\u2019s resources are commanded, coordinated and assigned to an incident or emergency",
        "class": "AMBULANCE STATION",
        "facility_name": "MOUNT PLEASANT STATION",
        "facility_operationalstatus": "OPERATIONAL",
        "facility_address": "HOSPITAL ROAD",
        "abs_suburb": "MOUNT PLEASANT",
        "facility_state": "SOUTH AUSTRALIA",
        "abs_postcode": "5235",
        "facility_attribute_source": "HTTP://WWW.SAAMBULANCE.COM.AU",
        "facility_attribute_date": null,
        "facility_source": "HTTP://WWW.SAAMBULANCE.COM.AU",
        "facility_date": null,
        "facility_spatial_confidence": null,
        "facility_revised": "2018-08-18T00:00:00Z",
        "comment_": null,
        "facility_lat": "-34.773079999999936",
        "facility_long": "139.05412300000012",
        "validated": null,
        "gnaf_building_name": null,
        "gnaf_address_detail_pid": "GASA_416991705",
        "gnaf_formatted_address": "36 HOSPITAL ROAD",
        "gnaf_confidence": "0",
        "gnaf_postcode": "5235",
        "gnaf_suburb": "MOUNT PLEASANT",
        "distance_to_gnaf": 26,
        "gnaf_lat": "-34.773283539999966",
        "gnaf_long": "139.05397355000002"
      },
      "geometry": {
        "type": "Point",
        "coordinates": [
          139.05413018089877,
          -34.77306648620797
        ]
      }
    },
    {
      "type": "Feature",
      "properties": {
        "objectid": 667,
        "featuretype": "EMERGENCY FACILITY",
        "descripton": "An emergency management facility from which a particular agency\u2019s resources are commanded, coordinated and assigned to an incident or emergency",
        "class": "AMBULANCE STATION",
        "facility_name": "MURRAY BRIDGE DIVISION",
        "facility_operationalstatus": "OPERATIONAL",
        "facility_address": "94 SWANPORT ROAD",
        "abs_suburb": "MURRAY BRIDGE",
        "facility_state": "SOUTH AUSTRALIA",
        "abs_postcode": "5253",
        "facility_attribute_source": "HTTP://WWW.STJOHNSA.COM.AU",
        "facility_attribute_date": null,
        "facility_source": "HTTP://WWW.STJOHNSA.COM.AU",
        "facility_date": null,
        "facility_spatial_confidence": null,
        "facility_revised": "2018-08-18T00:00:00Z",
        "comment_": null,
        "facility_lat": "-35.128277501999946",
        "facility_long": "139.2795442150001",
        "validated": null,
        "gnaf_building_name": null,
        "gnaf_address_detail_pid": "GASA_415017142",
        "gnaf_formatted_address": "94 SWANPORT ROAD",
        "gnaf_confidence": "2",
        "gnaf_postcode": "5253",
        "gnaf_suburb": "MURRAY BRIDGE",
        "distance_to_gnaf": 3,
        "gnaf_lat": "-35.12824814999993",
        "gnaf_long": "139.27955054000006"
      },
      "geometry": {
        "type": "Point",
        "coordinates": [
          139.27955133671782,
          -35.128264000395596
        ]
      }
    },
    {
      "type": "Feature",
      "properties": {
        "objectid": 668,
        "featuretype": "EMERGENCY FACILITY",
        "descripton": "An emergency management facility from which a particular agency\u2019s resources are commanded, coordinated and assigned to an incident or emergency",
        "class": "AMBULANCE STATION",
        "facility_name": "NANGWARRY STATION",
        "facility_operationalstatus": "OPERATIONAL",
        "facility_address": "LOT 304 BEDNALL DRIVE",
        "abs_suburb": "NANGWARRY",
        "facility_state": "SOUTH AUSTRALIA",
        "abs_postcode": "5277",
        "facility_attribute_source": "HTTP://WWW.SAAMBULANCE.COM.AU",
        "facility_attribute_date": null,
        "facility_source": "HTTP://WWW.SAAMBULANCE.COM.AU",
        "facility_date": null,
        "facility_spatial_confidence": null,
        "facility_revised": "2018-08-18T00:00:00Z",
        "comment_": null,
        "facility_lat": "-37.542637000999946",
        "facility_long": "140.81419200100004",
        "validated": null,
        "gnaf_building_name": null,
        "gnaf_address_detail_pid": "GASA_424817434",
        "gnaf_formatted_address": "LOT 304 BEDNALL DRIVE",
        "gnaf_confidence": "0",
        "gnaf_postcode": "5277",
        "gnaf_suburb": "NANGWARRY",
        "distance_to_gnaf": 21,
        "gnaf_lat": "-37.54261666999997",
        "gnaf_long": "140.8139514500001"
      },
      "geometry": {
        "type": "Point",
        "coordinates": [
          140.81419868779676,
          -37.542623587784156
        ]
      }
    },
    {
      "type": "Feature",
      "properties": {
        "objectid": 669,
        "featuretype": "EMERGENCY FACILITY",
        "descripton": "An emergency management facility from which a particular agency\u2019s resources are commanded, coordinated and assigned to an incident or emergency",
        "class": "AMBULANCE STATION",
        "facility_name": "NARACOORTE STATION",
        "facility_operationalstatus": "OPERATIONAL",
        "facility_address": "BUTLER TERRACE",
        "abs_suburb": "NARACOORTE",
        "facility_state": "SOUTH AUSTRALIA",
        "abs_postcode": "5271",
        "facility_attribute_source": "HTTP://WWW.SAAMBULANCE.COM.AU",
        "facility_attribute_date": null,
        "facility_source": "HTTP://WWW.SAAMBULANCE.COM.AU",
        "facility_date": null,
        "facility_spatial_confidence": null,
        "facility_revised": "2018-08-18T00:00:00Z",
        "comment_": null,
        "facility_lat": "-36.964632000999984",
        "facility_long": "140.7444720000001",
        "validated": null,
        "gnaf_building_name": null,
        "gnaf_address_detail_pid": "GASA_424292721",
        "gnaf_formatted_address": "LOT 1134 BUTLER TERRACE",
        "gnaf_confidence": "0",
        "gnaf_postcode": "5271",
        "gnaf_suburb": "NARACOORTE",
        "distance_to_gnaf": 14,
        "gnaf_lat": "-36.96450612999996",
        "gnaf_long": "140.74450080000008"
      },
      "geometry": {
        "type": "Point",
        "coordinates": [
          140.7444787450422,
          -36.9646185807169
        ]
      }
    },
    {
      "type": "Feature",
      "properties": {
        "objectid": 670,
        "featuretype": "EMERGENCY FACILITY",
        "descripton": "An emergency management facility from which a particular agency\u2019s resources are commanded, coordinated and assigned to an incident or emergency",
        "class": "AMBULANCE STATION",
        "facility_name": "NARACOORTE DIVISION",
        "facility_operationalstatus": "OPERATIONAL",
        "facility_address": "BUTLER TERRACE",
        "abs_suburb": "NARACOORTE",
        "facility_state": "SOUTH AUSTRALIA",
        "abs_postcode": "5271",
        "facility_attribute_source": "HTTP://WWW.STJOHNSA.COM.AU",
        "facility_attribute_date": null,
        "facility_source": "HTTP://WWW.STJOHNSA.COM.AU",
        "facility_date": null,
        "facility_spatial_confidence": null,
        "facility_revised": "2018-08-18T00:00:00Z",
        "comment_": null,
        "facility_lat": "-36.964524438999945",
        "facility_long": "140.74448541100003",
        "validated": null,
        "gnaf_building_name": null,
        "gnaf_address_detail_pid": "GASA_424292721",
        "gnaf_formatted_address": "LOT 1134 BUTLER TERRACE",
        "gnaf_confidence": "0",
        "gnaf_postcode": "5271",
        "gnaf_suburb": "NARACOORTE",
        "distance_to_gnaf": 3,
        "gnaf_lat": "-36.96450612999996",
        "gnaf_long": "140.74450080000008"
      },
      "geometry": {
        "type": "Point",
        "coordinates": [
          140.7444921560483,
          -36.96451101871689
        ]
      }
    },
    {
      "type": "Feature",
      "properties": {
        "objectid": 671,
        "featuretype": "EMERGENCY FACILITY",
        "descripton": "An emergency management facility from which a particular agency\u2019s resources are commanded, coordinated and assigned to an incident or emergency",
        "class": "AMBULANCE STATION",
        "facility_name": "CAMPBELLTOWN STATION",
        "facility_operationalstatus": "OPERATIONAL",
        "facility_address": "MONTACUTE ROAD",
        "abs_suburb": "NEWTON",
        "facility_state": "SOUTH AUSTRALIA",
        "abs_postcode": "5074",
        "facility_attribute_source": "HTTP://WWW.SAAMBULANCE.COM.AU",
        "facility_attribute_date": null,
        "facility_source": "HTTP://WWW.SAAMBULANCE.COM.AU",
        "facility_date": null,
        "facility_spatial_confidence": null,
        "facility_revised": "2018-08-18T00:00:00Z",
        "comment_": null,
        "facility_lat": "-34.88820500099996",
        "facility_long": "138.67676900000004",
        "validated": null,
        "gnaf_building_name": null,
        "gnaf_address_detail_pid": "GASA_424318622",
        "gnaf_formatted_address": "LOT 643 MONTACUTE ROAD",
        "gnaf_confidence": "0",
        "gnaf_postcode": "5074",
        "gnaf_suburb": "NEWTON",
        "distance_to_gnaf": 6,
        "gnaf_lat": "-34.88815559999995",
        "gnaf_long": "138.67677373000004"
      },
      "geometry": {
        "type": "Point",
        "coordinates": [
          138.67677623380376,
          -34.88819147176801
        ]
      }
    },
    {
      "type": "Feature",
      "properties": {
        "objectid": 672,
        "featuretype": "EMERGENCY FACILITY",
        "descripton": "An emergency management facility from which a particular agency\u2019s resources are commanded, coordinated and assigned to an incident or emergency",
        "class": "AMBULANCE STATION",
        "facility_name": "RENMARK DIVISION",
        "facility_operationalstatus": "OPERATIONAL",
        "facility_address": "LOT 106 EIGHTEENTH STREET",
        "abs_suburb": "RENMARK",
        "facility_state": "SOUTH AUSTRALIA",
        "abs_postcode": "5341",
        "facility_attribute_source": "HTTP://WWW.STJOHNSA.COM.AU",
        "facility_attribute_date": null,
        "facility_source": "HTTP://WWW.STJOHNSA.COM.AU",
        "facility_date": null,
        "facility_spatial_confidence": null,
        "facility_revised": "2018-08-18T00:00:00Z",
        "comment_": null,
        "facility_lat": "-34.17426526799994",
        "facility_long": "140.74486406800008",
        "validated": null,
        "gnaf_building_name": null,
        "gnaf_address_detail_pid": "GASA_424168686",
        "gnaf_formatted_address": "LOT 106 EIGHTEENTH STREET",
        "gnaf_confidence": "-1",
        "gnaf_postcode": "5341",
        "gnaf_suburb": "RENMARK",
        "distance_to_gnaf": 1,
        "gnaf_lat": "-34.17427232999995",
        "gnaf_long": "140.74485786000002"
      },
      "geometry": {
        "type": "Point",
        "coordinates": [
          140.74487102531137,
          -34.174251830104375
        ]
      }
    },
    {
      "type": "Feature",
      "properties": {
        "objectid": 673,
        "featuretype": "EMERGENCY FACILITY",
        "descripton": "An emergency management facility from which a particular agency\u2019s resources are commanded, coordinated and assigned to an incident or emergency",
        "class": "AMBULANCE STATION",
        "facility_name": "RIVERTON STATION",
        "facility_operationalstatus": "OPERATIONAL",
        "facility_address": "16 TORRENS ROAD",
        "abs_suburb": "RIVERTON",
        "facility_state": "SOUTH AUSTRALIA",
        "abs_postcode": "5412",
        "facility_attribute_source": "HTTP://WWW.SAAMBULANCE.COM.AU",
        "facility_attribute_date": null,
        "facility_source": "HTTP://WWW.SAAMBULANCE.COM.AU",
        "facility_date": null,
        "facility_spatial_confidence": null,
        "facility_revised": "2018-08-18T00:00:00Z",
        "comment_": null,
        "facility_lat": "-34.15689500099995",
        "facility_long": "138.7482500010001",
        "validated": null,
        "gnaf_building_name": null,
        "gnaf_address_detail_pid": "GASA_415485155",
        "gnaf_formatted_address": "16 TORRENS ROAD",
        "gnaf_confidence": "1",
        "gnaf_postcode": "5412",
        "gnaf_suburb": "RIVERTON",
        "distance_to_gnaf": 2,
        "gnaf_lat": "-34.15690929999994",
        "gnaf_long": "138.74824138000008"
      },
      "geometry": {
        "type": "Point",
        "coordinates": [
          138.7482572685654,
          -34.15688147014371
        ]
      }
    },
    {
      "type": "Feature",
      "properties": {
        "objectid": 674,
        "featuretype": "EMERGENCY FACILITY",
        "descripton": "An emergency management facility from which a particular agency\u2019s resources are commanded, coordinated and assigned to an incident or emergency",
        "class": "AMBULANCE STATION",
        "facility_name": "GILBERT VALLEY DIVISION",
        "facility_operationalstatus": "OPERATIONAL",
        "facility_address": "16 TORRENS ROAD",
        "abs_suburb": "RIVERTON",
        "facility_state": "SOUTH AUSTRALIA",
        "abs_postcode": "5412",
        "facility_attribute_source": "HTTP://WWW.STJOHNSA.COM.AU",
        "facility_attribute_date": null,
        "facility_source": "HTTP://WWW.STJOHNSA.COM.AU",
        "facility_date": null,
        "facility_spatial_confidence": null,
        "facility_revised": "2018-08-18T00:00:00Z",
        "comment_": null,
        "facility_lat": "-34.156909516999974",
        "facility_long": "138.74824125300006",
        "validated": null,
        "gnaf_building_name": null,
        "gnaf_address_detail_pid": "GASA_415485155",
        "gnaf_formatted_address": "16 TORRENS ROAD",
        "gnaf_confidence": "1",
        "gnaf_postcode": "5412",
        "gnaf_suburb": "RIVERTON",
        "distance_to_gnaf": 0,
        "gnaf_lat": "-34.15690929999994",
        "gnaf_long": "138.74824138000008"
      },
      "geometry": {
        "type": "Point",
        "coordinates": [
          138.74824852056582,
          -34.156895986143454
        ]
      }
    },
    {
      "type": "Feature",
      "properties": {
        "objectid": 675,
        "featuretype": "EMERGENCY FACILITY",
        "descripton": "An emergency management facility from which a particular agency\u2019s resources are commanded, coordinated and assigned to an incident or emergency",
        "class": "AMBULANCE STATION",
        "facility_name": "ROBE STATION",
        "facility_operationalstatus": "OPERATIONAL",
        "facility_address": "LOT 1 O'HALLORAN STREET",
        "abs_suburb": "ROBE",
        "facility_state": "SOUTH AUSTRALIA",
        "abs_postcode": "5276",
        "facility_attribute_source": "HTTP://WWW.SAAMBULANCE.COM.AU",
        "facility_attribute_date": null,
        "facility_source": "HTTP://WWW.SAAMBULANCE.COM.AU",
        "facility_date": null,
        "facility_spatial_confidence": null,
        "facility_revised": "2018-08-18T00:00:00Z",
        "comment_": null,
        "facility_lat": "-37.165409000999944",
        "facility_long": "139.7514900010001",
        "validated": null,
        "gnaf_building_name": null,
        "gnaf_address_detail_pid": "GASA_424196784",
        "gnaf_formatted_address": "LOT 1 O'HALLORAN STREET",
        "gnaf_confidence": "0",
        "gnaf_postcode": "5276",
        "gnaf_suburb": "ROBE",
        "distance_to_gnaf": 9,
        "gnaf_lat": "-37.165472129999955",
        "gnaf_long": "139.75143486000002"
      },
      "geometry": {
        "type": "Point",
        "coordinates": [
          139.75149690229753,
          -37.16539553349982
        ]
      }
    },
    {
      "type": "Feature",
      "properties": {
        "objectid": 676,
        "featuretype": "EMERGENCY FACILITY",
        "descripton": "An emergency management facility from which a particular agency\u2019s resources are commanded, coordinated and assigned to an incident or emergency",
        "class": "AMBULANCE STATION",
        "facility_name": "ROXBY DOWNS STATION",
        "facility_operationalstatus": "OPERATIONAL",
        "facility_address": "16-28 BURGOYNE STREET",
        "abs_suburb": "ROXBY DOWNS",
        "facility_state": "SOUTH AUSTRALIA",
        "abs_postcode": "5725",
        "facility_attribute_source": "HTTP://WWW.SAAMBULANCE.COM.AU",
        "facility_attribute_date": null,
        "facility_source": "HTTP://WWW.SAAMBULANCE.COM.AU",
        "facility_date": null,
        "facility_spatial_confidence": null,
        "facility_revised": "2018-08-18T00:00:00Z",
        "comment_": null,
        "facility_lat": "-30.562750999999935",
        "facility_long": "136.8939120000001",
        "validated": null,
        "gnaf_building_name": "HOSPITAL",
        "gnaf_address_detail_pid": "GASA_417106116",
        "gnaf_formatted_address": "16-28 BURGOYNE STREET",
        "gnaf_confidence": "2",
        "gnaf_postcode": "5725",
        "gnaf_suburb": "ROXBY DOWNS",
        "distance_to_gnaf": 36,
        "gnaf_lat": "-30.563026139999977",
        "gnaf_long": "136.89411370000005"
      },
      "geometry": {
        "type": "Point",
        "coordinates": [
          136.89391972804418,
          -30.56273737459062
        ]
      }
    },
    {
      "type": "Feature",
      "properties": {
        "objectid": 677,
        "featuretype": "EMERGENCY FACILITY",
        "descripton": "An emergency management facility from which a particular agency\u2019s resources are commanded, coordinated and assigned to an incident or emergency",
        "class": "AMBULANCE STATION",
        "facility_name": "SALISBURY DOWNS DIVISION",
        "facility_operationalstatus": "OPERATIONAL",
        "facility_address": "7-15 DE MILLE STREET",
        "abs_suburb": "SALISBURY DOWNS",
        "facility_state": "SOUTH AUSTRALIA",
        "abs_postcode": "5108",
        "facility_attribute_source": "HTTP://WWW.STJOHNSA.COM.AU",
        "facility_attribute_date": null,
        "facility_source": "HTTP://WWW.STJOHNSA.COM.AU",
        "facility_date": null,
        "facility_spatial_confidence": null,
        "facility_revised": "2018-08-18T00:00:00Z",
        "comment_": null,
        "facility_lat": "-34.76684721699996",
        "facility_long": "138.6146817660001",
        "validated": null,
        "gnaf_building_name": null,
        "gnaf_address_detail_pid": "GASA_425435473",
        "gnaf_formatted_address": "7-15 DE MILLE STREET",
        "gnaf_confidence": "0",
        "gnaf_postcode": "5108",
        "gnaf_suburb": "SALISBURY DOWNS",
        "distance_to_gnaf": 77,
        "gnaf_lat": "-34.76643534999994",
        "gnaf_long": "138.61400734000006"
      },
      "geometry": {
        "type": "Point",
        "coordinates": [
          138.61468901718982,
          -34.76683368440126
        ]
      }
    },
    {
      "type": "Feature",
      "properties": {
        "objectid": 678,
        "featuretype": "EMERGENCY FACILITY",
        "descripton": "An emergency management facility from which a particular agency\u2019s resources are commanded, coordinated and assigned to an incident or emergency",
        "class": "AMBULANCE STATION",
        "facility_name": "SALISBURY STATION",
        "facility_operationalstatus": "OPERATIONAL",
        "facility_address": "1-3 BREMEN DRIVE",
        "abs_suburb": "SALISBURY SOUTH",
        "facility_state": "SOUTH AUSTRALIA",
        "abs_postcode": "5106",
        "facility_attribute_source": "HTTP://WWW.SAAMBULANCE.COM.AU",
        "facility_attribute_date": null,
        "facility_source": "HTTP://WWW.SAAMBULANCE.COM.AU",
        "facility_date": null,
        "facility_spatial_confidence": null,
        "facility_revised": "2018-08-18T00:00:00Z",
        "comment_": null,
        "facility_lat": "-34.78376900099994",
        "facility_long": "138.63748600000008",
        "validated": null,
        "gnaf_building_name": null,
        "gnaf_address_detail_pid": "GASA_425432702",
        "gnaf_formatted_address": "1-3 BREMEN DRIVE",
        "gnaf_confidence": "0",
        "gnaf_postcode": "5106",
        "gnaf_suburb": "SALISBURY SOUTH",
        "distance_to_gnaf": 14,
        "gnaf_lat": "-34.783639869999945",
        "gnaf_long": "138.63747229000012"
      },
      "geometry": {
        "type": "Point",
        "coordinates": [
          138.63749324651926,
          -34.783755469461816
        ]
      }
    },
    {
      "type": "Feature",
      "properties": {
        "objectid": 679,
        "featuretype": "EMERGENCY FACILITY",
        "descripton": "An emergency management facility from which a particular agency\u2019s resources are commanded, coordinated and assigned to an incident or emergency",
        "class": "AMBULANCE STATION",
        "facility_name": "PT ADELAIDE DIVISION",
        "facility_operationalstatus": "OPERATIONAL",
        "facility_address": "2-18 FRESHWATER ROAD",
        "abs_suburb": "SEMAPHORE",
        "facility_state": "SOUTH AUSTRALIA",
        "abs_postcode": "5019",
        "facility_attribute_source": "HTTP://WWW.STJOHNSA.COM.AU",
        "facility_attribute_date": null,
        "facility_source": "HTTP://WWW.STJOHNSA.COM.AU",
        "facility_date": null,
        "facility_spatial_confidence": null,
        "facility_revised": "2018-08-18T00:00:00Z",
        "comment_": null,
        "facility_lat": "-34.843163844999935",
        "facility_long": "138.48736583000004",
        "validated": null,
        "gnaf_building_name": null,
        "gnaf_address_detail_pid": "GASA_425460006",
        "gnaf_formatted_address": "2-18 FRESHWATER ROAD",
        "gnaf_confidence": "0",
        "gnaf_postcode": "5019",
        "gnaf_suburb": "SEMAPHORE",
        "distance_to_gnaf": 33,
        "gnaf_lat": "-34.84287537999995",
        "gnaf_long": "138.48730478000004"
      },
      "geometry": {
        "type": "Point",
        "coordinates": [
          138.48737309683295,
          -34.843150307595955
        ]
      }
    },
    {
      "type": "Feature",
      "properties": {
        "objectid": 680,
        "featuretype": "EMERGENCY FACILITY",
        "descripton": "An emergency management facility from which a particular agency\u2019s resources are commanded, coordinated and assigned to an incident or emergency",
        "class": "AMBULANCE STATION",
        "facility_name": "SNOWTOWN STATION",
        "facility_operationalstatus": "OPERATIONAL",
        "facility_address": "3-5 ADELAIDE ROAD",
        "abs_suburb": "SNOWTOWN",
        "facility_state": "SOUTH AUSTRALIA",
        "abs_postcode": "5520",
        "facility_attribute_source": "HTTP://WWW.SAAMBULANCE.COM.AU",
        "facility_attribute_date": null,
        "facility_source": "HTTP://WWW.SAAMBULANCE.COM.AU",
        "facility_date": null,
        "facility_spatial_confidence": null,
        "facility_revised": "2018-08-18T00:00:00Z",
        "comment_": null,
        "facility_lat": "-33.78803599999998",
        "facility_long": "138.21092900000008",
        "validated": null,
        "gnaf_building_name": null,
        "gnaf_address_detail_pid": "GASA_425430645",
        "gnaf_formatted_address": "3-5 ADELAIDE ROAD",
        "gnaf_confidence": "0",
        "gnaf_postcode": "5520",
        "gnaf_suburb": "SNOWTOWN",
        "distance_to_gnaf": 32,
        "gnaf_lat": "-33.788229789999946",
        "gnaf_long": "138.21117904000005"
      },
      "geometry": {
        "type": "Point",
        "coordinates": [
          138.21093637239068,
          -33.78802244466553
        ]
      }
    },
    {
      "type": "Feature",
      "properties": {
        "objectid": 681,
        "featuretype": "EMERGENCY FACILITY",
        "descripton": "An emergency management facility from which a particular agency\u2019s resources are commanded, coordinated and assigned to an incident or emergency",
        "class": "AMBULANCE STATION",
        "facility_name": "STRATHALBYN DIVISION",
        "facility_operationalstatus": "OPERATIONAL",
        "facility_address": "3 RANKINE STREET",
        "abs_suburb": "STRATHALBYN",
        "facility_state": "SOUTH AUSTRALIA",
        "abs_postcode": "5255",
        "facility_attribute_source": "HTTP://WWW.STJOHNSA.COM.AU",
        "facility_attribute_date": null,
        "facility_source": "HTTP://WWW.STJOHNSA.COM.AU",
        "facility_date": null,
        "facility_spatial_confidence": null,
        "facility_revised": "2018-08-18T00:00:00Z",
        "comment_": null,
        "facility_lat": "-35.259713860999966",
        "facility_long": "138.89335764300006",
        "validated": null,
        "gnaf_building_name": null,
        "gnaf_address_detail_pid": "GASA_415472773",
        "gnaf_formatted_address": "3 RANKINE STREET",
        "gnaf_confidence": "1",
        "gnaf_postcode": "5255",
        "gnaf_suburb": "STRATHALBYN",
        "distance_to_gnaf": 0,
        "gnaf_lat": "-35.259713949999934",
        "gnaf_long": "138.8933576700001"
      },
      "geometry": {
        "type": "Point",
        "coordinates": [
          138.89336481856412,
          -35.259700343307365
        ]
      }
    },
    {
      "type": "Feature",
      "properties": {
        "objectid": 682,
        "featuretype": "EMERGENCY FACILITY",
        "descripton": "An emergency management facility from which a particular agency\u2019s resources are commanded, coordinated and assigned to an incident or emergency",
        "class": "AMBULANCE STATION",
        "facility_name": "STRATHALBYN STATION",
        "facility_operationalstatus": "OPERATIONAL",
        "facility_address": "3 RANKINE STREET",
        "abs_suburb": "STRATHALBYN",
        "facility_state": "SOUTH AUSTRALIA",
        "abs_postcode": "5255",
        "facility_attribute_source": "HTTP://WWW.SAAMBULANCE.COM.AU",
        "facility_attribute_date": null,
        "facility_source": "HTTP://WWW.SAAMBULANCE.COM.AU",
        "facility_date": null,
        "facility_spatial_confidence": null,
        "facility_revised": "2018-08-18T00:00:00Z",
        "comment_": null,
        "facility_lat": "-35.25982300099997",
        "facility_long": "138.89307600000006",
        "validated": null,
        "gnaf_building_name": null,
        "gnaf_address_detail_pid": "GASA_415472773",
        "gnaf_formatted_address": "3 RANKINE STREET",
        "gnaf_confidence": "1",
        "gnaf_postcode": "5255",
        "gnaf_suburb": "STRATHALBYN",
        "distance_to_gnaf": 28,
        "gnaf_lat": "-35.259713949999934",
        "gnaf_long": "138.8933576700001"
      },
      "geometry": {
        "type": "Point",
        "coordinates": [
          138.89308317560278,
          -35.25980948329596
        ]
      }
    },
    {
      "type": "Feature",
      "properties": {
        "objectid": 683,
        "featuretype": "EMERGENCY FACILITY",
        "descripton": "An emergency management facility from which a particular agency\u2019s resources are commanded, coordinated and assigned to an incident or emergency",
        "class": "AMBULANCE STATION",
        "facility_name": "STREAKY BAY STATION",
        "facility_operationalstatus": "OPERATIONAL",
        "facility_address": "1 FLINDERS DRIVE",
        "abs_suburb": "STREAKY BAY",
        "facility_state": "SOUTH AUSTRALIA",
        "abs_postcode": "5680",
        "facility_attribute_source": "HTTP://WWW.SAAMBULANCE.COM.AU",
        "facility_attribute_date": null,
        "facility_source": "HTTP://WWW.SAAMBULANCE.COM.AU",
        "facility_date": null,
        "facility_spatial_confidence": null,
        "facility_revised": "2018-08-18T00:00:00Z",
        "comment_": null,
        "facility_lat": "-32.79298700099997",
        "facility_long": "134.21768899900007",
        "validated": null,
        "gnaf_building_name": null,
        "gnaf_address_detail_pid": "GASA_417127110",
        "gnaf_formatted_address": "1 FLINDERS DRIVE",
        "gnaf_confidence": "0",
        "gnaf_postcode": "5680",
        "gnaf_suburb": "STREAKY BAY",
        "distance_to_gnaf": 68,
        "gnaf_lat": "-32.792853769999965",
        "gnaf_long": "134.21698585000001"
      },
      "geometry": {
        "type": "Point",
        "coordinates": [
          134.21769702028016,
          -32.79297331349482
        ]
      }
    },
    {
      "type": "Feature",
      "properties": {
        "objectid": 684,
        "featuretype": "EMERGENCY FACILITY",
        "descripton": "An emergency management facility from which a particular agency\u2019s resources are commanded, coordinated and assigned to an incident or emergency",
        "class": "AMBULANCE STATION",
        "facility_name": "SWAN REACH STATION",
        "facility_operationalstatus": "OPERATIONAL",
        "facility_address": "NILDOTTIE ROAD",
        "abs_suburb": "SWAN REACH",
        "facility_state": "SOUTH AUSTRALIA",
        "abs_postcode": "5354",
        "facility_attribute_source": "HTTP://WWW.SAAMBULANCE.COM.AU",
        "facility_attribute_date": null,
        "facility_source": "HTTP://WWW.SAAMBULANCE.COM.AU",
        "facility_date": null,
        "facility_spatial_confidence": null,
        "facility_revised": "2018-08-18T00:00:00Z",
        "comment_": null,
        "facility_lat": "-34.57073099999997",
        "facility_long": "139.59869100000003",
        "validated": null,
        "gnaf_building_name": null,
        "gnaf_address_detail_pid": "GASA_424195680",
        "gnaf_formatted_address": "LOT 51 NILDOTTIE ROAD",
        "gnaf_confidence": "0",
        "gnaf_postcode": "5354",
        "gnaf_suburb": "SWAN REACH",
        "distance_to_gnaf": 102,
        "gnaf_lat": "-34.56982752999994",
        "gnaf_long": "139.59849449000012"
      },
      "geometry": {
        "type": "Point",
        "coordinates": [
          139.5986981080381,
          -34.570717509301524
        ]
      }
    },
    {
      "type": "Feature",
      "properties": {
        "objectid": 685,
        "featuretype": "EMERGENCY FACILITY",
        "descripton": "An emergency management facility from which a particular agency\u2019s resources are commanded, coordinated and assigned to an incident or emergency",
        "class": "AMBULANCE STATION",
        "facility_name": "TAILEM BEND DIVISION",
        "facility_operationalstatus": "OPERATIONAL",
        "facility_address": "67 PRINCES HIGHWAY",
        "abs_suburb": "TAILEM BEND",
        "facility_state": "SOUTH AUSTRALIA",
        "abs_postcode": "5260",
        "facility_attribute_source": "HTTP://WWW.STJOHNSA.COM.AU",
        "facility_attribute_date": null,
        "facility_source": "HTTP://WWW.STJOHNSA.COM.AU",
        "facility_date": null,
        "facility_spatial_confidence": null,
        "facility_revised": "2018-08-18T00:00:00Z",
        "comment_": null,
        "facility_lat": "-35.254137757999956",
        "facility_long": "139.4532779110001",
        "validated": null,
        "gnaf_building_name": null,
        "gnaf_address_detail_pid": "GASA_415720459",
        "gnaf_formatted_address": "67 PRINCES HIGHWAY",
        "gnaf_confidence": "1",
        "gnaf_postcode": "5260",
        "gnaf_suburb": "TAILEM BEND",
        "distance_to_gnaf": 0,
        "gnaf_lat": "-35.25413759999998",
        "gnaf_long": "139.45327813000006"
      },
      "geometry": {
        "type": "Point",
        "coordinates": [
          139.45328499628476,
          -35.25412426500064
        ]
      }
    },
    {
      "type": "Feature",
      "properties": {
        "objectid": 686,
        "featuretype": "EMERGENCY FACILITY",
        "descripton": "An emergency management facility from which a particular agency\u2019s resources are commanded, coordinated and assigned to an incident or emergency",
        "class": "AMBULANCE STATION",
        "facility_name": "YANKALILLA DIVISION",
        "facility_operationalstatus": "OPERATIONAL",
        "facility_address": "81 MAIN STREET",
        "abs_suburb": "YANKALILLA",
        "facility_state": "SOUTH AUSTRALIA",
        "abs_postcode": "5203",
        "facility_attribute_source": "HTTP://WWW.STJOHNSA.COM.AU",
        "facility_attribute_date": null,
        "facility_source": "HTTP://WWW.STJOHNSA.COM.AU",
        "facility_date": null,
        "facility_spatial_confidence": null,
        "facility_revised": "2018-08-18T00:00:00Z",
        "comment_": null,
        "facility_lat": "-35.458330977999935",
        "facility_long": "138.35150735600007",
        "validated": null,
        "gnaf_building_name": null,
        "gnaf_address_detail_pid": "GASA_414941500",
        "gnaf_formatted_address": "81 MAIN STREET",
        "gnaf_confidence": "1",
        "gnaf_postcode": "5203",
        "gnaf_suburb": "YANKALILLA",
        "distance_to_gnaf": 3,
        "gnaf_lat": "-35.45834219999995",
        "gnaf_long": "138.35147888000006"
      },
      "geometry": {
        "type": "Point",
        "coordinates": [
          138.35151460742316,
          -35.458317438865514
        ]
      }
    },
    {
      "type": "Feature",
      "properties": {
        "objectid": 687,
        "featuretype": "EMERGENCY FACILITY",
        "descripton": "An emergency management facility from which a particular agency\u2019s resources are commanded, coordinated and assigned to an incident or emergency",
        "class": "AMBULANCE STATION",
        "facility_name": "YORKETOWN STATION",
        "facility_operationalstatus": "OPERATIONAL",
        "facility_address": "7 WEANERS STREET",
        "abs_suburb": "YORKETOWN",
        "facility_state": "SOUTH AUSTRALIA",
        "abs_postcode": "5576",
        "facility_attribute_source": "HTTP://WWW.SAAMBULANCE.COM.AU",
        "facility_attribute_date": null,
        "facility_source": "HTTP://WWW.SAAMBULANCE.COM.AU",
        "facility_date": null,
        "facility_spatial_confidence": null,
        "facility_revised": "2018-08-18T00:00:00Z",
        "comment_": null,
        "facility_lat": "-35.02122700199993",
        "facility_long": "137.6065890010001",
        "validated": null,
        "gnaf_building_name": null,
        "gnaf_address_detail_pid": "GASA_423202619",
        "gnaf_formatted_address": "7 WEANERS STREET",
        "gnaf_confidence": "0",
        "gnaf_postcode": "5576",
        "gnaf_suburb": "YORKETOWN",
        "distance_to_gnaf": 5,
        "gnaf_lat": "-35.021201789999964",
        "gnaf_long": "137.6066328400001"
      },
      "geometry": {
        "type": "Point",
        "coordinates": [
          137.6065963988707,
          -35.02121343100654
        ]
      }
    },
    {
      "type": "Feature",
      "properties": {
        "objectid": 688,
        "featuretype": "EMERGENCY FACILITY",
        "descripton": "An emergency management facility from which a particular agency\u2019s resources are commanded, coordinated and assigned to an incident or emergency",
        "class": "AMBULANCE STATION",
        "facility_name": "YUNTA STATION",
        "facility_operationalstatus": "OPERATIONAL",
        "facility_address": "LOT 3 RAILWAY TERRACE",
        "abs_suburb": "YUNTA",
        "facility_state": "SOUTH AUSTRALIA",
        "abs_postcode": "5440",
        "facility_attribute_source": "HTTP://WWW.SAAMBULANCE.COM.AU",
        "facility_attribute_date": null,
        "facility_source": "HTTP://WWW.SAAMBULANCE.COM.AU",
        "facility_date": null,
        "facility_spatial_confidence": null,
        "facility_revised": "2018-08-18T00:00:00Z",
        "comment_": null,
        "facility_lat": "-32.581606000999955",
        "facility_long": "139.5612440000001",
        "validated": null,
        "gnaf_building_name": null,
        "gnaf_address_detail_pid": "GASA_424204174",
        "gnaf_formatted_address": "LOT 3 RAILWAY TERRACE",
        "gnaf_confidence": "1",
        "gnaf_postcode": "5440",
        "gnaf_suburb": "YUNTA",
        "distance_to_gnaf": 104,
        "gnaf_lat": "-32.58253647999993",
        "gnaf_long": "139.56140587000004"
      },
      "geometry": {
        "type": "Point",
        "coordinates": [
          139.56125124367588,
          -32.58159249560701
        ]
      }
    },
    {
      "type": "Feature",
      "properties": {
        "objectid": 689,
        "featuretype": "EMERGENCY FACILITY",
        "descripton": "An emergency management facility from which a particular agency\u2019s resources are commanded, coordinated and assigned to an incident or emergency",
        "class": "AMBULANCE STATION",
        "facility_name": "BURRA STATION",
        "facility_operationalstatus": "OPERATIONAL",
        "facility_address": "MARKET SQ",
        "abs_suburb": "BURRA",
        "facility_state": "SOUTH AUSTRALIA",
        "abs_postcode": "5417",
        "facility_attribute_source": "HTTP://WWW.SAAMBULANCE.COM.AU",
        "facility_attribute_date": null,
        "facility_source": "HTTP://WWW.SAAMBULANCE.COM.AU",
        "facility_date": null,
        "facility_spatial_confidence": null,
        "facility_revised": "2018-08-18T00:00:00Z",
        "comment_": "NO GNAF POINT",
        "facility_lat": "-33.67336100099993",
        "facility_long": "138.9301610000001",
        "validated": null,
        "gnaf_building_name": null,
        "gnaf_address_detail_pid": null,
        "gnaf_formatted_address": null,
        "gnaf_confidence": null,
        "gnaf_postcode": null,
        "gnaf_suburb": null,
        "distance_to_gnaf": null,
        "gnaf_lat": null,
        "gnaf_long": null
      },
      "geometry": {
        "type": "Point",
        "coordinates": [
          138.9301682692669,
          -33.67334747479522
        ]
      }
    },
    {
      "type": "Feature",
      "properties": {
        "objectid": 690,
        "featuretype": "EMERGENCY FACILITY",
        "descripton": "An emergency management facility from which a particular agency\u2019s resources are commanded, coordinated and assigned to an incident or emergency",
        "class": "AMBULANCE STATION",
        "facility_name": "GLENELG DIVISION",
        "facility_operationalstatus": "OPERATIONAL",
        "facility_address": "BRIGHTON ROAD",
        "abs_suburb": "GLENELG EAST",
        "facility_state": "SOUTH AUSTRALIA",
        "abs_postcode": "5045",
        "facility_attribute_source": "HTTP://WWW.STJOHNSA.COM.AU",
        "facility_attribute_date": null,
        "facility_source": "HTTP://WWW.STJOHNSA.COM.AU",
        "facility_date": null,
        "facility_spatial_confidence": null,
        "facility_revised": "2018-08-18T00:00:00Z",
        "comment_": "NO GNAF POINT",
        "facility_lat": "-34.98428969399998",
        "facility_long": "138.5229058970001",
        "validated": null,
        "gnaf_building_name": null,
        "gnaf_address_detail_pid": null,
        "gnaf_formatted_address": null,
        "gnaf_confidence": null,
        "gnaf_postcode": null,
        "gnaf_suburb": null,
        "distance_to_gnaf": null,
        "gnaf_lat": null,
        "gnaf_long": null
      },
      "geometry": {
        "type": "Point",
        "coordinates": [
          138.5229131495453,
          -34.98427615895067
        ]
      }
    },
    {
      "type": "Feature",
      "properties": {
        "objectid": 691,
        "featuretype": "EMERGENCY FACILITY",
        "descripton": "An emergency management facility from which a particular agency\u2019s resources are commanded, coordinated and assigned to an incident or emergency",
        "class": "AMBULANCE STATION",
        "facility_name": "MORGAN STATION",
        "facility_operationalstatus": "OPERATIONAL",
        "facility_address": "FIRST STREET",
        "abs_suburb": "MORGAN",
        "facility_state": "SOUTH AUSTRALIA",
        "abs_postcode": "5320",
        "facility_attribute_source": "HTTP://WWW.SAAMBULANCE.COM.AU",
        "facility_attribute_date": null,
        "facility_source": "HTTP://WWW.SAAMBULANCE.COM.AU",
        "facility_date": null,
        "facility_spatial_confidence": null,
        "facility_revised": "2018-08-18T00:00:00Z",
        "comment_": "NO GNAF POINT",
        "facility_lat": "-34.03300700199998",
        "facility_long": "139.6703960000001",
        "validated": null,
        "gnaf_building_name": null,
        "gnaf_address_detail_pid": null,
        "gnaf_formatted_address": null,
        "gnaf_confidence": null,
        "gnaf_postcode": null,
        "gnaf_suburb": null,
        "distance_to_gnaf": null,
        "gnaf_lat": null,
        "gnaf_long": null
      },
      "geometry": {
        "type": "Point",
        "coordinates": [
          139.67040313282286,
          -34.03299351114441
        ]
      }
    },
    {
      "type": "Feature",
      "properties": {
        "objectid": 692,
        "featuretype": "EMERGENCY FACILITY",
        "descripton": "An emergency management facility from which a particular agency\u2019s resources are commanded, coordinated and assigned to an incident or emergency",
        "class": "AMBULANCE STATION",
        "facility_name": "MURRAY BRIDGE STATION",
        "facility_operationalstatus": "OPERATIONAL",
        "facility_address": "DARLING AVENUE",
        "abs_suburb": "MURRAY BRIDGE",
        "facility_state": "SOUTH AUSTRALIA",
        "abs_postcode": "5253",
        "facility_attribute_source": "HTTP://WWW.SAAMBULANCE.COM.AU",
        "facility_attribute_date": null,
        "facility_source": "HTTP://WWW.SAAMBULANCE.COM.AU",
        "facility_date": null,
        "facility_spatial_confidence": null,
        "facility_revised": "2018-08-18T00:00:00Z",
        "comment_": "NO GNAF POINT",
        "facility_lat": "-35.14411299999995",
        "facility_long": "139.2855780000001",
        "validated": null,
        "gnaf_building_name": null,
        "gnaf_address_detail_pid": null,
        "gnaf_formatted_address": null,
        "gnaf_confidence": null,
        "gnaf_postcode": null,
        "gnaf_suburb": null,
        "distance_to_gnaf": null,
        "gnaf_lat": null,
        "gnaf_long": null
      },
      "geometry": {
        "type": "Point",
        "coordinates": [
          139.285585119699,
          -35.144099498764476
        ]
      }
    },
    {
      "type": "Feature",
      "properties": {
        "objectid": 718,
        "featuretype": "EMERGENCY FACILITY",
        "descripton": "An emergency management facility from which a particular agency\u2019s resources are commanded, coordinated and assigned to an incident or emergency",
        "class": "AMBULANCE STATION",
        "facility_name": "STATE HEADQUARTERS",
        "facility_operationalstatus": "OPERATIONAL",
        "facility_address": "79-85 EDMUND AVENUE",
        "abs_suburb": "UNLEY",
        "facility_state": "SOUTH AUSTRALIA",
        "abs_postcode": "5061",
        "facility_attribute_source": "HTTP://WWW.STJOHNSA.COM.AU",
        "facility_attribute_date": null,
        "facility_source": "HTTP://WWW.STJOHNSA.COM.AU",
        "facility_date": null,
        "facility_spatial_confidence": null,
        "facility_revised": "2018-08-18T00:00:00Z",
        "comment_": null,
        "facility_lat": "-34.95194850699994",
        "facility_long": "138.6085698180001",
        "validated": null,
        "gnaf_building_name": null,
        "gnaf_address_detail_pid": "GASA_425436178",
        "gnaf_formatted_address": "79-85 EDMUND AVENUE",
        "gnaf_confidence": "0",
        "gnaf_postcode": "5061",
        "gnaf_suburb": "UNLEY",
        "distance_to_gnaf": 4,
        "gnaf_lat": "-34.95194690999995",
        "gnaf_long": "138.6086122900001"
      },
      "geometry": {
        "type": "Point",
        "coordinates": [
          138.60857705878533,
          -34.9519349753104
        ]
      }
    },
    {
      "type": "Feature",
      "properties": {
        "objectid": 719,
        "featuretype": "EMERGENCY FACILITY",
        "descripton": "An emergency management facility from which a particular agency\u2019s resources are commanded, coordinated and assigned to an incident or emergency",
        "class": "AMBULANCE STATION",
        "facility_name": "UNLEY CADET DIVISION",
        "facility_operationalstatus": "OPERATIONAL",
        "facility_address": "14 ARTHUR STREET",
        "abs_suburb": "UNLEY",
        "facility_state": "SOUTH AUSTRALIA",
        "abs_postcode": "5061",
        "facility_attribute_source": "HTTP://WWW.STJOHNSA.COM.AU",
        "facility_attribute_date": null,
        "facility_source": "HTTP://WWW.STJOHNSA.COM.AU",
        "facility_date": null,
        "facility_spatial_confidence": null,
        "facility_revised": "2018-08-18T00:00:00Z",
        "comment_": null,
        "facility_lat": "-34.95002692099996",
        "facility_long": "138.6055077000001",
        "validated": null,
        "gnaf_building_name": null,
        "gnaf_address_detail_pid": "GASA_415424196",
        "gnaf_formatted_address": "14 ARTHUR STREET",
        "gnaf_confidence": "1",
        "gnaf_postcode": "5061",
        "gnaf_suburb": "UNLEY",
        "distance_to_gnaf": 0,
        "gnaf_lat": "-34.95002699999998",
        "gnaf_long": "138.60550776000002"
      },
      "geometry": {
        "type": "Point",
        "coordinates": [
          138.60551494139463,
          -34.950013389170465
        ]
      }
    },
    {
      "type": "Feature",
      "properties": {
        "objectid": 720,
        "featuretype": "EMERGENCY FACILITY",
        "descripton": "An emergency management facility from which a particular agency\u2019s resources are commanded, coordinated and assigned to an incident or emergency",
        "class": "AMBULANCE STATION",
        "facility_name": "VICTOR HARBOR DIVISION",
        "facility_operationalstatus": "OPERATIONAL",
        "facility_address": "45-47 TORRENS STREET",
        "abs_suburb": "VICTOR HARBOR",
        "facility_state": "SOUTH AUSTRALIA",
        "abs_postcode": "5211",
        "facility_attribute_source": "HTTP://WWW.STJOHNSA.COM.AU",
        "facility_attribute_date": null,
        "facility_source": "HTTP://WWW.STJOHNSA.COM.AU",
        "facility_date": null,
        "facility_spatial_confidence": null,
        "facility_revised": "2018-08-18T00:00:00Z",
        "comment_": null,
        "facility_lat": "-35.55501884599994",
        "facility_long": "138.62002253000003",
        "validated": null,
        "gnaf_building_name": null,
        "gnaf_address_detail_pid": "GASA_425453649",
        "gnaf_formatted_address": "45-47 TORRENS STREET",
        "gnaf_confidence": "0",
        "gnaf_postcode": "5211",
        "gnaf_suburb": "VICTOR HARBOR",
        "distance_to_gnaf": 4,
        "gnaf_lat": "-35.55498540999997",
        "gnaf_long": "138.6200405500001"
      },
      "geometry": {
        "type": "Point",
        "coordinates": [
          138.62002973145158,
          -35.55500531855023
        ]
      }
    },
    {
      "type": "Feature",
      "properties": {
        "objectid": 721,
        "featuretype": "EMERGENCY FACILITY",
        "descripton": "An emergency management facility from which a particular agency\u2019s resources are commanded, coordinated and assigned to an incident or emergency",
        "class": "AMBULANCE STATION",
        "facility_name": "VICTOR HARBOR STATION",
        "facility_operationalstatus": "OPERATIONAL",
        "facility_address": "45-47 TORRENS STREET",
        "abs_suburb": "VICTOR HARBOR",
        "facility_state": "SOUTH AUSTRALIA",
        "abs_postcode": "5211",
        "facility_attribute_source": "HTTP://WWW.SAAMBULANCE.COM.AU",
        "facility_attribute_date": null,
        "facility_source": "HTTP://WWW.SAAMBULANCE.COM.AU",
        "facility_date": null,
        "facility_spatial_confidence": null,
        "facility_revised": "2018-08-18T00:00:00Z",
        "comment_": null,
        "facility_lat": "-35.554957000999934",
        "facility_long": "138.6198740000001",
        "validated": null,
        "gnaf_building_name": null,
        "gnaf_address_detail_pid": "GASA_425453649",
        "gnaf_formatted_address": "45-47 TORRENS STREET",
        "gnaf_confidence": "0",
        "gnaf_postcode": "5211",
        "gnaf_suburb": "VICTOR HARBOR",
        "distance_to_gnaf": 15,
        "gnaf_lat": "-35.55498540999997",
        "gnaf_long": "138.6200405500001"
      },
      "geometry": {
        "type": "Point",
        "coordinates": [
          138.61988120147987,
          -35.55494347354362
        ]
      }
    },
    {
      "type": "Feature",
      "properties": {
        "objectid": 722,
        "featuretype": "EMERGENCY FACILITY",
        "descripton": "An emergency management facility from which a particular agency\u2019s resources are commanded, coordinated and assigned to an incident or emergency",
        "class": "AMBULANCE STATION",
        "facility_name": "WAIKERIE STATION",
        "facility_operationalstatus": "OPERATIONAL",
        "facility_address": "LOT 480 DOWLING STREET",
        "abs_suburb": "WAIKERIE",
        "facility_state": "SOUTH AUSTRALIA",
        "abs_postcode": "5330",
        "facility_attribute_source": "HTTP://WWW.SAAMBULANCE.COM.AU",
        "facility_attribute_date": null,
        "facility_source": "HTTP://WWW.SAAMBULANCE.COM.AU",
        "facility_date": null,
        "facility_spatial_confidence": null,
        "facility_revised": "2018-08-18T00:00:00Z",
        "comment_": null,
        "facility_lat": "-34.18231600099995",
        "facility_long": "139.98691400000007",
        "validated": null,
        "gnaf_building_name": null,
        "gnaf_address_detail_pid": "GASA_424167491",
        "gnaf_formatted_address": "LOT 480 DOWLING STREET",
        "gnaf_confidence": "0",
        "gnaf_postcode": "5330",
        "gnaf_suburb": "WAIKERIE",
        "distance_to_gnaf": 11,
        "gnaf_lat": "-34.182409709999945",
        "gnaf_long": "139.98687787000006"
      },
      "geometry": {
        "type": "Point",
        "coordinates": [
          139.98692107384016,
          -34.182302525938226
        ]
      }
    },
    {
      "type": "Feature",
      "properties": {
        "objectid": 723,
        "featuretype": "EMERGENCY FACILITY",
        "descripton": "An emergency management facility from which a particular agency\u2019s resources are commanded, coordinated and assigned to an incident or emergency",
        "class": "AMBULANCE STATION",
        "facility_name": "WAIKERIE DIVISION",
        "facility_operationalstatus": "OPERATIONAL",
        "facility_address": "LOT 480 DOWLING STREET",
        "abs_suburb": "WAIKERIE",
        "facility_state": "SOUTH AUSTRALIA",
        "abs_postcode": "5330",
        "facility_attribute_source": "HTTP://WWW.STJOHNSA.COM.AU",
        "facility_attribute_date": null,
        "facility_source": "HTTP://WWW.STJOHNSA.COM.AU",
        "facility_date": null,
        "facility_spatial_confidence": null,
        "facility_revised": "2018-08-18T00:00:00Z",
        "comment_": null,
        "facility_lat": "-34.182415265999964",
        "facility_long": "139.98688445300002",
        "validated": null,
        "gnaf_building_name": null,
        "gnaf_address_detail_pid": "GASA_424167491",
        "gnaf_formatted_address": "LOT 480 DOWLING STREET",
        "gnaf_confidence": "0",
        "gnaf_postcode": "5330",
        "gnaf_suburb": "WAIKERIE",
        "distance_to_gnaf": 1,
        "gnaf_lat": "-34.182409709999945",
        "gnaf_long": "139.98687787000006"
      },
      "geometry": {
        "type": "Point",
        "coordinates": [
          139.98689152683787,
          -34.182401790937476
        ]
      }
    },
    {
      "type": "Feature",
      "properties": {
        "objectid": 724,
        "featuretype": "EMERGENCY FACILITY",
        "descripton": "An emergency management facility from which a particular agency\u2019s resources are commanded, coordinated and assigned to an incident or emergency",
        "class": "AMBULANCE STATION",
        "facility_name": "WALLAROO STATION",
        "facility_operationalstatus": "OPERATIONAL",
        "facility_address": "LOT 20 ERNEST TERRACE",
        "abs_suburb": "WALLAROO",
        "facility_state": "SOUTH AUSTRALIA",
        "abs_postcode": "5556",
        "facility_attribute_source": "HTTP://WWW.SAAMBULANCE.COM.AU",
        "facility_attribute_date": null,
        "facility_source": "HTTP://WWW.SAAMBULANCE.COM.AU",
        "facility_date": null,
        "facility_spatial_confidence": null,
        "facility_revised": "2018-08-18T00:00:00Z",
        "comment_": null,
        "facility_lat": "-33.92905100099995",
        "facility_long": "137.6363070000001",
        "validated": null,
        "gnaf_building_name": null,
        "gnaf_address_detail_pid": "GASA_424169375",
        "gnaf_formatted_address": "LOT 20 ERNEST TERRACE",
        "gnaf_confidence": "0",
        "gnaf_postcode": "5556",
        "gnaf_suburb": "WALLAROO",
        "distance_to_gnaf": 148,
        "gnaf_lat": "-33.92798578999998",
        "gnaf_long": "137.6372730600001"
      },
      "geometry": {
        "type": "Point",
        "coordinates": [
          137.63631445301368,
          -33.92903742426639
        ]
      }
    },
    {
      "type": "Feature",
      "properties": {
        "objectid": 733,
        "featuretype": "EMERGENCY FACILITY",
        "descripton": "An emergency management facility from which a particular agency\u2019s resources are commanded, coordinated and assigned to an incident or emergency",
        "class": "AMBULANCE STATION",
        "facility_name": "WAROOKA STATION",
        "facility_operationalstatus": "OPERATIONAL",
        "facility_address": "36 MAIN STREET",
        "abs_suburb": "WAROOKA",
        "facility_state": "SOUTH AUSTRALIA",
        "abs_postcode": "5577",
        "facility_attribute_source": "HTTP://WWW.SAAMBULANCE.COM.AU",
        "facility_attribute_date": null,
        "facility_source": "HTTP://WWW.SAAMBULANCE.COM.AU",
        "facility_date": null,
        "facility_spatial_confidence": null,
        "facility_revised": "2018-08-18T00:00:00Z",
        "comment_": null,
        "facility_lat": "-34.99050700099997",
        "facility_long": "137.40177100000005",
        "validated": null,
        "gnaf_building_name": null,
        "gnaf_address_detail_pid": "GASA_422065570",
        "gnaf_formatted_address": "36 MAIN STREET",
        "gnaf_confidence": "2",
        "gnaf_postcode": "5577",
        "gnaf_suburb": "WAROOKA",
        "distance_to_gnaf": 14,
        "gnaf_lat": "-34.99042964999995",
        "gnaf_long": "137.4018900200001"
      },
      "geometry": {
        "type": "Point",
        "coordinates": [
          137.4017784325858,
          -34.99049342221503
        ]
      }
    },
    {
      "type": "Feature",
      "properties": {
        "objectid": 734,
        "featuretype": "EMERGENCY FACILITY",
        "descripton": "An emergency management facility from which a particular agency\u2019s resources are commanded, coordinated and assigned to an incident or emergency",
        "class": "AMBULANCE STATION",
        "facility_name": "WHYALLA DIVISION",
        "facility_operationalstatus": "OPERATIONAL",
        "facility_address": "LOT 104 ST JOHN CRES",
        "abs_suburb": "WHYALLA PLAYFORD",
        "facility_state": "SOUTH AUSTRALIA",
        "abs_postcode": "5600",
        "facility_attribute_source": "HTTP://WWW.STJOHNSA.COM.AU",
        "facility_attribute_date": null,
        "facility_source": "HTTP://WWW.STJOHNSA.COM.AU",
        "facility_date": null,
        "facility_spatial_confidence": null,
        "facility_revised": "2018-08-18T00:00:00Z",
        "comment_": null,
        "facility_lat": "-33.028686076999975",
        "facility_long": "137.55234173700012",
        "validated": null,
        "gnaf_building_name": null,
        "gnaf_address_detail_pid": "GASA_423784788",
        "gnaf_formatted_address": "89 NICOLSON AVENUE",
        "gnaf_confidence": "0",
        "gnaf_postcode": "5600",
        "gnaf_suburb": "WHYALLA PLAYFORD",
        "distance_to_gnaf": 4,
        "gnaf_lat": "-33.02870409999997",
        "gnaf_long": "137.55237321000004"
      },
      "geometry": {
        "type": "Point",
        "coordinates": [
          137.55234925070542,
          -33.028672491356886
        ]
      }
    },
    {
      "type": "Feature",
      "properties": {
        "objectid": 735,
        "featuretype": "EMERGENCY FACILITY",
        "descripton": "An emergency management facility from which a particular agency\u2019s resources are commanded, coordinated and assigned to an incident or emergency",
        "class": "AMBULANCE STATION",
        "facility_name": "WHYALLA STATION",
        "facility_operationalstatus": "OPERATIONAL",
        "facility_address": "LOT 104 ST JOHN CRES",
        "abs_suburb": "WHYALLA PLAYFORD",
        "facility_state": "SOUTH AUSTRALIA",
        "abs_postcode": "5600",
        "facility_attribute_source": "HTTP://WWW.SAAMBULANCE.COM.AU",
        "facility_attribute_date": null,
        "facility_source": "HTTP://WWW.SAAMBULANCE.COM.AU",
        "facility_date": null,
        "facility_spatial_confidence": null,
        "facility_revised": "2018-08-18T00:00:00Z",
        "comment_": null,
        "facility_lat": "-33.028675000999954",
        "facility_long": "137.55265700000007",
        "validated": null,
        "gnaf_building_name": null,
        "gnaf_address_detail_pid": "GASA_423784788",
        "gnaf_formatted_address": "89 NICOLSON AVENUE",
        "gnaf_confidence": "0",
        "gnaf_postcode": "5600",
        "gnaf_suburb": "WHYALLA PLAYFORD",
        "distance_to_gnaf": 27,
        "gnaf_lat": "-33.02870409999997",
        "gnaf_long": "137.55237321000004"
      },
      "geometry": {
        "type": "Point",
        "coordinates": [
          137.5526645136589,
          -33.028661415368525
        ]
      }
    },
    {
      "type": "Feature",
      "properties": {
        "objectid": 736,
        "featuretype": "EMERGENCY FACILITY",
        "descripton": "An emergency management facility from which a particular agency\u2019s resources are commanded, coordinated and assigned to an incident or emergency",
        "class": "AMBULANCE STATION",
        "facility_name": "WOODSIDE STATION",
        "facility_operationalstatus": "OPERATIONAL",
        "facility_address": "24 ONKAPARINGA VALL ROAD",
        "abs_suburb": "WOODSIDE",
        "facility_state": "SOUTH AUSTRALIA",
        "abs_postcode": "5244",
        "facility_attribute_source": "HTTP://WWW.SAAMBULANCE.COM.AU",
        "facility_attribute_date": null,
        "facility_source": "HTTP://WWW.SAAMBULANCE.COM.AU",
        "facility_date": null,
        "facility_spatial_confidence": null,
        "facility_revised": "2018-08-18T00:00:00Z",
        "comment_": null,
        "facility_lat": "-34.953559000999974",
        "facility_long": "138.87586500100008",
        "validated": null,
        "gnaf_building_name": null,
        "gnaf_address_detail_pid": "GASA_424398632",
        "gnaf_formatted_address": "LOT 11 ONKAPARINGA VALLEY ROAD",
        "gnaf_confidence": "0",
        "gnaf_postcode": "5244",
        "gnaf_suburb": "WOODSIDE",
        "distance_to_gnaf": 38,
        "gnaf_lat": "-34.953418849999935",
        "gnaf_long": "138.87549"
      },
      "geometry": {
        "type": "Point",
        "coordinates": [
          138.8758721988499,
          -34.9535454806354
        ]
      }
    },
    {
      "type": "Feature",
      "properties": {
        "objectid": 737,
        "featuretype": "EMERGENCY FACILITY",
        "descripton": "An emergency management facility from which a particular agency\u2019s resources are commanded, coordinated and assigned to an incident or emergency",
        "class": "AMBULANCE STATION",
        "facility_name": "WOODVILLE DIVISION",
        "facility_operationalstatus": "OPERATIONAL",
        "facility_address": "9A BOWER STREET",
        "abs_suburb": "WOODVILLE",
        "facility_state": "SOUTH AUSTRALIA",
        "abs_postcode": "5011",
        "facility_attribute_source": "HTTP://WWW.STJOHNSA.COM.AU",
        "facility_attribute_date": null,
        "facility_source": "HTTP://WWW.STJOHNSA.COM.AU",
        "facility_date": null,
        "facility_spatial_confidence": null,
        "facility_revised": "2018-08-18T00:00:00Z",
        "comment_": null,
        "facility_lat": "-34.87816318199998",
        "facility_long": "138.53427305600007",
        "validated": null,
        "gnaf_building_name": null,
        "gnaf_address_detail_pid": "GASA_415038387",
        "gnaf_formatted_address": "9 BOWER STREET",
        "gnaf_confidence": "1",
        "gnaf_postcode": "5011",
        "gnaf_suburb": "WOODVILLE",
        "distance_to_gnaf": 0,
        "gnaf_lat": "-34.87816309999994",
        "gnaf_long": "138.53427326000008"
      },
      "geometry": {
        "type": "Point",
        "coordinates": [
          138.5342803132064,
          -34.878149646755574
        ]
      }
    },
    {
      "type": "Feature",
      "properties": {
        "objectid": 738,
        "featuretype": "EMERGENCY FACILITY",
        "descripton": "An emergency management facility from which a particular agency\u2019s resources are commanded, coordinated and assigned to an incident or emergency",
        "class": "AMBULANCE STATION",
        "facility_name": "WUDINNA STATION",
        "facility_operationalstatus": "OPERATIONAL",
        "facility_address": "LOT 29 RICHARDS AVENUE",
        "abs_suburb": "WUDINNA",
        "facility_state": "SOUTH AUSTRALIA",
        "abs_postcode": "5652",
        "facility_attribute_source": "HTTP://WWW.SAAMBULANCE.COM.AU",
        "facility_attribute_date": null,
        "facility_source": "HTTP://WWW.SAAMBULANCE.COM.AU",
        "facility_date": null,
        "facility_spatial_confidence": null,
        "facility_revised": "2018-08-18T00:00:00Z",
        "comment_": null,
        "facility_lat": "-33.050321001999976",
        "facility_long": "135.46511999900008",
        "validated": null,
        "gnaf_building_name": null,
        "gnaf_address_detail_pid": "GASA_424205334",
        "gnaf_formatted_address": "LOT 29 RICHARDS AVENUE",
        "gnaf_confidence": "0",
        "gnaf_postcode": "5652",
        "gnaf_suburb": "WUDINNA",
        "distance_to_gnaf": 3,
        "gnaf_lat": "-33.05033329999998",
        "gnaf_long": "135.4650965200001"
      },
      "geometry": {
        "type": "Point",
        "coordinates": [
          135.46512782423483,
          -33.05030734812341
        ]
      }
    },
    {
      "type": "Feature",
      "properties": {
        "objectid": 739,
        "featuretype": "EMERGENCY FACILITY",
        "descripton": "An emergency management facility from which a particular agency\u2019s resources are commanded, coordinated and assigned to an incident or emergency",
        "class": "AMBULANCE STATION",
        "facility_name": "GOLDEN GROVE CADET DIVISION",
        "facility_operationalstatus": "OPERATIONAL",
        "facility_address": "LOT 591 ENDEAVOUR DRIVE",
        "abs_suburb": "WYNN VALE",
        "facility_state": "SOUTH AUSTRALIA",
        "abs_postcode": "5127",
        "facility_attribute_source": "HTTP://WWW.STJOHNSA.COM.AU",
        "facility_attribute_date": null,
        "facility_source": "HTTP://WWW.STJOHNSA.COM.AU",
        "facility_date": null,
        "facility_spatial_confidence": null,
        "facility_revised": "2018-08-18T00:00:00Z",
        "comment_": null,
        "facility_lat": "-34.797523497999975",
        "facility_long": "138.68184744000007",
        "validated": null,
        "gnaf_building_name": null,
        "gnaf_address_detail_pid": "GASA_415018676",
        "gnaf_formatted_address": "LOT 591 ENDEAVOUR DRIVE",
        "gnaf_confidence": "-1",
        "gnaf_postcode": "5127",
        "gnaf_suburb": "WYNN VALE",
        "distance_to_gnaf": 26,
        "gnaf_lat": "-34.79772435999996",
        "gnaf_long": "138.68169273"
      },
      "geometry": {
        "type": "Point",
        "coordinates": [
          138.68185467860437,
          -34.79750996841053
        ]
      }
    },
    {
      "type": "Feature",
      "properties": {
        "objectid": 740,
        "featuretype": "EMERGENCY FACILITY",
        "descripton": "An emergency management facility from which a particular agency\u2019s resources are commanded, coordinated and assigned to an incident or emergency",
        "class": "AMBULANCE STATION",
        "facility_name": "YANKALILLA STATION",
        "facility_operationalstatus": "OPERATIONAL",
        "facility_address": "81 MAIN STREET",
        "abs_suburb": "YANKALILLA",
        "facility_state": "SOUTH AUSTRALIA",
        "abs_postcode": "5203",
        "facility_attribute_source": "HTTP://WWW.SAAMBULANCE.COM.AU",
        "facility_attribute_date": null,
        "facility_source": "HTTP://WWW.SAAMBULANCE.COM.AU",
        "facility_date": null,
        "facility_spatial_confidence": null,
        "facility_revised": "2018-08-18T00:00:00Z",
        "comment_": null,
        "facility_lat": "-35.45839500099993",
        "facility_long": "138.35151200000007",
        "validated": null,
        "gnaf_building_name": null,
        "gnaf_address_detail_pid": "GASA_414941500",
        "gnaf_formatted_address": "81 MAIN STREET",
        "gnaf_confidence": "1",
        "gnaf_postcode": "5203",
        "gnaf_suburb": "YANKALILLA",
        "distance_to_gnaf": 7,
        "gnaf_lat": "-35.45834219999995",
        "gnaf_long": "138.35147888000006"
      },
      "geometry": {
        "type": "Point",
        "coordinates": [
          138.3515192514185,
          -35.4583814618661
        ]
      }
    }
  ]
}