{"type":"FeatureCollection","name":"darwin_volunteer_brigades","crs":{"type":"name","properties":{"name":"urn:ogc:def:crs:OGC:1.3:CRS84"}},"features":[{"type":"Feature","properties":{"CUSTODIAN":"Northern Territory Police, Fire and Emergency Services","BND_TYPE":"Volunteer Brigade Area","SHORT_NAME":"Bees Creek","GAZ_NAME":null,"GAZ_NO":null,"GAZ_DATE":null,"NOTES":"Gazettals notices TBA","SHAPE_Leng":0.441432846101,"SHAPE_Area":0.00549761284912},"geometry":{"type":"Polygon","coordinates":[[[131.04607199800012,-12.526210998999943],[131.048416,-12.52856400099995],[131.053054,-12.53398],[131.0550839990001,-12.536443000999952],[131.056507,-12.538112996999928],[131.05861799800005,-12.54040499599995],[131.05910000200004,-12.54098599699995],[131.059558,-12.541591000999972],[131.060194,-12.542489000999979],[131.06615399800012,-12.550905003999958],[131.06925722200003,-12.555292280999936],[131.071395,-12.558358],[131.07153568500007,-12.558607827999936],[131.072039,-12.559507],[131.072513,-12.560516],[131.072972,-12.561941],[131.073274,-12.563168],[131.07341999800008,-12.563892000999942],[131.07350699800008,-12.56462199799995],[131.07350999800008,-12.565264996999929],[131.07352799800003,-12.567400995999947],[131.0735235520001,-12.572942385999966],[131.073517,-12.584068],[131.073512,-12.587338],[131.073508,-12.590539],[131.0735,-12.595618],[131.0734900000001,-12.602714],[131.073455,-12.604984],[131.0734558800001,-12.605910513999959],[131.07357390100003,-12.605962948999945],[131.07377920300007,-12.606054161999964],[131.07406304000006,-12.606277539999951],[131.0741284500001,-12.606356559999938],[131.07418799000004,-12.606437349999965],[131.0742663200001,-12.606611259999966],[131.07427082000004,-12.606655959999955],[131.0742701900001,-12.606702779999978],[131.0742760400001,-12.606790129999979],[131.07431714000006,-12.606853789999946],[131.07439066000006,-12.606899769999927],[131.07458371000007,-12.606944989999931],[131.0747753700001,-12.60692008999996],[131.0749469100001,-12.606842209999968],[131.07526099900008,-12.606721020999942],[131.07536633000007,-12.60673971999995],[131.07547365000005,-12.606789409999976],[131.07568326000012,-12.606937349999953],[131.07590105000008,-12.60710673999995],[131.07609456000012,-12.607277589999967],[131.07630003000008,-12.607595559999936],[131.07643302000008,-12.607976],[131.0767456100001,-12.60870768999996],[131.07687341000008,-12.608830509999962],[131.07702552,-12.60893416999994],[131.0773206,-12.609147869999958],[131.0774283500001,-12.609285039999975],[131.07751006,-12.609443819999967],[131.07761475000007,-12.609794479999948],[131.07763134000004,-12.60996831999995],[131.07763149000004,-12.610147089999941],[131.07770190000008,-12.610445409999954],[131.07777610000005,-12.610506829999963],[131.07787501000007,-12.610551159999943],[131.07810267000002,-12.61062032999996],[131.0782335,-12.610662969999964],[131.07835792000003,-12.610709989999975],[131.07856731000004,-12.610840849999931],[131.07865248000007,-12.610938609999948],[131.07872463,-12.611054449999926],[131.07880116,-12.611312599999962],[131.07878798000002,-12.611424039999974],[131.07875032000004,-12.611535229999959],[131.07869883,-12.611745389999953],[131.078727,-12.611838619999958],[131.0787906500001,-12.611925879999944],[131.07897398000011,-12.612088479999954],[131.07938129000001,-12.612388519999968],[131.07976808,-12.612655279999956],[131.0804098200001,-12.613269349999939],[131.08046479200004,-12.613353788999973],[131.08048101600002,-12.613368754999954],[131.08053060400005,-12.613412923999931],[131.08055628400007,-12.61343184499998],[131.0805592150001,-12.613434003999942],[131.07414899800006,-12.613428002999967],[131.073463,-12.61340299799997],[131.066922,-12.613431],[131.058973,-12.613425],[131.04699,-12.613431],[131.039096,-12.61344],[131.012532,-12.613432],[130.9922912300001,-12.613425734999964],[130.99228468400008,-12.61341820299998],[130.9916861150001,-12.612729549999926],[130.99071346000005,-12.611809544999971],[130.9896542900001,-12.610986839999953],[130.988518655,-12.610269244999927],[130.987325585,-12.609667939999952],[130.9867253100001,-12.609387174999938],[130.98442230500007,-12.608309979999945],[130.9830283650001,-12.607610164999926],[130.98169360000009,-12.606792059999975],[130.980434725,-12.605865144999939],[130.97926093,-12.604836164999938],[130.97818074500003,-12.603712619999953],[130.97720206000008,-12.602502699999945],[130.97633199000006,-12.601215209999964],[130.97557687500012,-12.599859539999954],[130.97494222000012,-12.598445564999963],[130.97443519,-12.596990884999968],[130.972445826,-12.590713746999938],[130.9723866600001,-12.590527057999964],[130.96933482600002,-12.580897456999935],[130.96926253900006,-12.580669365999938],[130.96926215500002,-12.580668154999955],[130.96918952600004,-12.580438493999964],[130.96898082500002,-12.579778549999958],[130.9685467700001,-12.578309884999953],[130.96819594500005,-12.576814824999929],[130.96793086500008,-12.575302819999933],[130.96786473100008,-12.574738082999943],[130.96788083500007,-12.574441216999958],[130.9679994170001,-12.574184565999929],[130.96816579000006,-12.57380012599998],[130.9682775240001,-12.57349019999998],[130.96844323400012,-12.572897886999954],[130.9685122730001,-12.572539468999935],[130.96858166700008,-12.572106935999955],[130.96861904600007,-12.571699040999931],[130.968607592,-12.57092003699995],[130.9685695600001,-12.570517214999938],[130.96746095000003,-12.562188564999929],[130.96724068000003,-12.560445816999959],[130.96720842600007,-12.559713058999932],[130.96723568000004,-12.559183222999934],[130.96726756200007,-12.558899190999966],[130.9673394030001,-12.558425063999948],[130.9673935730001,-12.558204041999943],[130.96746522800004,-12.557911676999936],[130.96759722600007,-12.557484107999926],[130.96778296700006,-12.55698564599993],[130.96798945000012,-12.556553010999949],[130.968259976,-12.55607290699993],[130.96895378800002,-12.554875680999942],[130.96979021200002,-12.55343789699998],[130.971579173,-12.55034907299995],[130.97266744600006,-12.548654104999969],[130.9756502790001,-12.543516221999937],[130.97592264000002,-12.543047359999946],[130.97686822900005,-12.541420393999942],[130.97686914700012,-12.541418814999929],[130.9770284000001,-12.541526359999978],[130.9773207600001,-12.541715369999963],[130.97783685000002,-12.54202472999998],[130.9780998000001,-12.542171469999971],[130.97836511000003,-12.542313859999979],[130.9788666600001,-12.542563409999957],[130.97912193000002,-12.542679109999938],[130.97937962000003,-12.542788739999935],[130.97988141000008,-12.542982159999951],[130.98013320000007,-12.543076829999961],[130.980383,-12.543175949999977],[130.98097551,-12.543432779999932],[130.98127001000012,-12.543565269999931],[130.98156467,-12.543697399999928],[130.98224462000007,-12.54400536999998],[130.98258119000002,-12.544165929999963],[130.98291394000012,-12.544333569999935],[130.98343066000007,-12.544616169999927],[130.98368554,-12.544763779999926],[130.98393850000002,-12.54491410999998],[130.98452183000006,-12.545280539999965],[130.98480830000005,-12.545471559999953],[130.9850917000001,-12.54566658999994],[130.98552031000008,-12.545975589999955],[130.98573220000003,-12.546133459999965],[130.98594327,-12.546292229999949],[130.98687165,-12.547],[130.987807,-12.545906059999936],[130.98789669000007,-12.545735849999971],[130.98791201500012,-12.545708239999954],[130.98806391000005,-12.545802659999936],[130.9886246200001,-12.546205219999933],[130.98877812000012,-12.546366499999976],[130.98890483000002,-12.54653819999993],[130.9891114400001,-12.546851389999972],[130.98945565000008,-12.547365149999962],[130.9896247800001,-12.547656279999956],[130.9898162400001,-12.547932149999951],[130.99026129000003,-12.548440399999947],[130.9904834900001,-12.548694529999977],[130.99067979000006,-12.548965119999934],[130.99107620000007,-12.549751739999977],[130.99125943,-12.550153929999965],[130.99146472000007,-12.55054094999997],[130.99200372000007,-12.55139682999993],[130.99224391000007,-12.551847489999943],[130.99229971500006,-12.55199869699993],[130.99233766400005,-12.552101522999976],[130.99242620000007,-12.552341419999948],[130.99256646000003,-12.552837109999928],[130.99267915000007,-12.55305119999997],[130.99285614000007,-12.55321491999996],[130.99299998000004,-12.553291939999951],[130.9930649800001,-12.553333749999979],[130.99311505000003,-12.55338471999994],[130.99317142000007,-12.553691409999942],[130.99317164,-12.553862769999967],[130.9932027200001,-12.554016729999944],[130.99331803000007,-12.554199529999948],[130.99340285000005,-12.55428140999993],[130.99414974,-12.555322279999928],[130.99416279000002,-12.555450619999931],[130.9941800900001,-12.555570959999955],[130.99451655000007,-12.556286899999975],[130.99476389000006,-12.556626059999928],[130.99498215000006,-12.556974929999967],[130.99533436000002,-12.557717039999943],[130.99550047000002,-12.558093149999934],[130.99566531000005,-12.558470159999956],[130.996162,-12.559574159999954],[130.99644802000012,-12.560107079999966],[130.99678590000008,-12.560612859999935],[130.99717737000003,-12.561063659999945],[130.99739604,-12.561263119999978],[130.99762953000004,-12.56143807999996],[130.9984143900001,-12.561802329999978],[130.9988361300001,-12.561943519999943],[130.9992539000001,-12.562094779999939],[130.99996891,-12.562371969999958],[131.0003297400001,-12.562489579999976],[131.00069296000004,-12.562581129999955],[131.0014587400001,-12.562702309999963],[131.00184778000005,-12.562778759999958],[131.00224116000004,-12.56290397999993],[131.00269986,-12.56308871999994],[131.0028345500001,-12.563117509999927],[131.00292251000008,-12.563136309999948],[131.00375343000007,-12.563280769999949],[131.00398273000008,-12.56343757999997],[131.00413447000005,-12.563499529999945],[131.0042709500001,-12.563575149999963],[131.00454538000008,-12.563809619999972],[131.00468191000004,-12.56392717999995],[131.00482653000006,-12.564031929999942],[131.0053593,-12.56430034999994],[131.00562809000007,-12.564435169999967],[131.00587982000002,-12.564602479999962],[131.00619124000002,-12.564871739999944],[131.00634979000006,-12.564993199999947],[131.00651842000002,-12.56508574999998],[131.0071985300001,-12.565180349999935],[131.00756595000007,-12.56517397999994],[131.0079361500001,-12.565192629999956],[131.00874095000006,-12.565278329999956],[131.00912618000007,-12.56525419999997],[131.0096227800001,-12.565186859999926],[131.01000145000012,-12.565139169999952],[131.0103806400001,-12.565158749999966],[131.01084032000006,-12.565188939999928],[131.01127953000002,-12.56531640999998],[131.01155009000001,-12.565454829999965],[131.01180408000005,-12.565614879999941],[131.01232014000004,-12.566076189999933],[131.01255641000012,-12.566335249999952],[131.01278703000003,-12.566601669999955],[131.01318536000008,-12.567126859999973],[131.0133484700001,-12.56740751999996],[131.01347642000007,-12.56769911999993],[131.0136471500001,-12.568568549999952],[131.01370172000009,-12.56901795999994],[131.0137937600001,-12.569459129999927],[131.01407485000004,-12.57021592999996],[131.0142600800001,-12.570573339999953],[131.01447671000005,-12.570909099999938],[131.01487040000006,-12.571378639999978],[131.0150775400001,-12.571607459999939],[131.01527527000007,-12.571843039999976],[131.01552061000007,-12.572168449999936],[131.01564013000007,-12.572333489999949],[131.01570301000004,-12.572421249999934],[131.0157588300001,-12.572499169999958],[131.01592906000008,-12.57274850999994],[131.01601211000002,-12.572874139999954],[131.01609268000004,-12.57300078999998],[131.01646739000012,-12.573655109999947],[131.01665719000005,-12.573983479999981],[131.01686654000002,-12.574305459999948],[131.01727458000005,-12.574809589999973],[131.01750859000003,-12.575025729999936],[131.01776604000008,-12.575202469999965],[131.0185769100001,-12.575483949999978],[131.01900121000006,-12.575595889999931],[131.01939889000005,-12.575750509999978],[131.02009844000008,-12.576198399999953],[131.02043002000005,-12.576465499999927],[131.0207592700001,-12.576752489999933],[131.02125246000003,-12.57719026999996],[131.02151074000005,-12.577366549999965],[131.0217862500001,-12.57747680999995],[131.0226241900001,-12.577442279999957],[131.02306424000005,-12.577366749999953],[131.02349662000006,-12.577346399999954],[131.0240411000001,-12.57741268999996],[131.02431523000007,-12.57745191999993],[131.02459261,-12.577482719999978],[131.02518814000007,-12.577499629999977],[131.0254798300001,-12.577467149999961],[131.0257604300001,-12.577392539999948],[131.0261962300001,-12.577186349999977],[131.02641453,-12.577087449999965],[131.02664083000002,-12.577024369999947],[131.0269093500001,-12.577004529999954],[131.0270460900001,-12.577006209999979],[131.02718359000005,-12.577011219999974],[131.0273953200001,-12.577083819999928],[131.02749568000002,-12.577127529999927],[131.0275892100001,-12.577179959999967],[131.02788535000002,-12.577468279999948],[131.02801705000002,-12.577636749999954],[131.02815533000012,-12.577799279999965],[131.02842838000004,-12.578099709999947],[131.0285461300001,-12.578261409999982],[131.02863879000006,-12.57843730999997],[131.02876083,-12.578851219999933],[131.02882746000012,-12.57905261999997],[131.02893025000003,-12.579230429999939],[131.02913045000003,-12.579427469999928],[131.02924049,-12.579520179999975],[131.02934733000006,-12.579615889999957],[131.02967959000011,-12.579933129999972],[131.0298545400001,-12.580079489999946],[131.03004205000002,-12.580207119999955],[131.03046674000007,-12.580413669999928],[131.03068073000009,-12.580515079999941],[131.03088271000001,-12.580634559999964],[131.03138404000003,-12.581085809999934],[131.0315989300001,-12.581348179999964],[131.03179219000003,-12.581621819999953],[131.0320584200001,-12.582106489999944],[131.03217139000003,-12.582362029999956],[131.03227851000008,-12.582621329999938],[131.03233998000007,-12.582668579999961],[131.03244165,-12.582808349999937],[131.03249289000007,-12.58287790999998],[131.03254460000005,-12.582947199999978],[131.0327617700001,-12.583231599999976],[131.03286890000004,-12.583375299999943],[131.03297238000005,-12.583522369999969],[131.03313503000004,-12.58376488999994],[131.0332215200001,-12.58388126999995],[131.03331650000007,-12.583989719999977],[131.0334733400001,-12.584122649999927],[131.03356492000012,-12.584174559999951],[131.03366791000008,-12.584213],[131.03391751000004,-12.584256379999943],[131.03402639,-12.584284019999927],[131.0341013300001,-12.584336229999963],[131.03414864,-12.58446601999998],[131.0341695400001,-12.584549459999948],[131.03420496,-12.584642729999928],[131.03426074000004,-12.58476160999993],[131.03427297000007,-12.584807429999955],[131.03426166000008,-12.584832089999964],[131.03418712000007,-12.584819009999933],[131.0341789900001,-12.584814949999952],[131.0341961900001,-12.584884289999934],[131.03430327,-12.585185339999953],[131.03435937000006,-12.585333039999966],[131.03441195000005,-12.58547823999993],[131.03455158000008,-12.585869509999952],[131.0346413000001,-12.58606900999996],[131.03475981000008,-12.586278419999928],[131.03489958000011,-12.58646615999993],[131.03497591000007,-12.58653100999993],[131.03505360000008,-12.586558889999935],[131.03526096000007,-12.586449039999934],[131.03536752000002,-12.586345019999953],[131.03547330000004,-12.586246609999932],[131.03571139000007,-12.586055719999933],[131.03583676000005,-12.585979939999959],[131.03596972000003,-12.585933739999973],[131.03630139000006,-12.585952359999965],[131.03646988000003,-12.586000879999972],[131.03663070000005,-12.586056859999928],[131.03671913200003,-12.58610115099998],[131.03671959000008,-12.585264749999965],[131.03672017000008,-12.584206329999972],[131.03671830000008,-12.584028289999935],[131.03671973000007,-12.583429881999962],[131.0367199000001,-12.583358949999933],[131.03672013000005,-12.583118669999976],[131.03672051,-12.577716549999934],[131.03672158000006,-12.569504429999938],[131.0383619600001,-12.569504699999982],[131.04023301000007,-12.569506089999948],[131.0411545400001,-12.569506399999966],[131.04250393000007,-12.569507769999973],[131.04255103000003,-12.569507409999972],[131.0427407400001,-12.569506959999956],[131.0441201100001,-12.56950691999998],[131.0442401800001,-12.569506949999948],[131.04576324000004,-12.56950741999998],[131.04695691000006,-12.56950777999998],[131.04778637000004,-12.569508019999944],[131.04807259000006,-12.569508109999958],[131.04914988000007,-12.569508429999928],[131.0512393140001,-12.569509019999941],[131.05152064000004,-12.569509099999948],[131.05151895400002,-12.567515843999956],[131.05151884000009,-12.567381359999956],[131.05151833000002,-12.56553563999995],[131.05151822000005,-12.565146459999937],[131.0515180100001,-12.564364509999962],[131.05151797000008,-12.564257019999957],[131.05151753000007,-12.563525209999966],[131.0515169800001,-12.56261324999997],[131.05151638000007,-12.561625349999929],[131.05151586600005,-12.560765825999965],[131.05151578000005,-12.560621749999939],[131.05151517000002,-12.559616949999963],[131.05151494000006,-12.559233869999957],[131.05151458000012,-12.558718969999973],[131.05151373,-12.55746978999997],[131.05151362000004,-12.557328729999938],[131.05151352000007,-12.557058469999959],[131.05151344,-12.55679908999997],[131.0515128180001,-12.555095446999928],[131.05151278000005,-12.554992159999927],[131.05150929,-12.554715229999942],[131.05151093000006,-12.553806019999968],[131.0515117100001,-12.55343156999993],[131.05151188000002,-12.553347799999926],[131.0515121200001,-12.55291307999994],[131.05151304000003,-12.552148529999954],[131.05151321000005,-12.552006589999962],[131.05151431000002,-12.551100099999928],[131.0515143,-12.550866019999944],[131.0515154100001,-12.550193599999943],[131.0515155800001,-12.549302489999945],[131.05151559,-12.549287119999974],[131.05151668000008,-12.548380619999932],[131.05151761000002,-12.547104489999981],[131.05151821000004,-12.545785869999975],[131.05151878000004,-12.544929089999926],[131.05119128,-12.54492978999997],[131.0500413200001,-12.544930439999973],[131.04880857000012,-12.54493261999994],[131.0480247600001,-12.54493317999993],[131.0480253300001,-12.544306229999961],[131.0480283500001,-12.542245599999944],[131.04802805000008,-12.541974459999949],[131.04802781400008,-12.541680129999975],[131.04802768600007,-12.541520969999965],[131.04802732000007,-12.541064209999945],[131.0480266500001,-12.540213919999928],[131.04708618000006,-12.54021457999994],[131.0462861000001,-12.540214989999981],[131.04555059000006,-12.540215349999926],[131.04483533000007,-12.540215109999963],[131.04431261000002,-12.540215559999979],[131.04431180000006,-12.539297329999954],[131.0443109900001,-12.538389219999942],[131.04431048000004,-12.537473059999968],[131.0443088400001,-12.536565679999967],[131.04430782000009,-12.535666069999934],[131.0443074200001,-12.534751809999932],[131.04430704000004,-12.533840259999977],[131.04430636000006,-12.533404279999957],[131.04430589000003,-12.532912989999943],[131.04430564000006,-12.532018429999937],[131.04430551000007,-12.531884679999962],[131.04430450000007,-12.531581379999977],[131.04430402000003,-12.531088549999936],[131.04430293000007,-12.53060051999995],[131.0443035300001,-12.53014012999995],[131.04430271,-12.529919609999979],[131.04430248000006,-12.529692129999944],[131.04430272000002,-12.528087919999962],[131.0443015200001,-12.526896929999964],[131.04430285,-12.525664529999972],[131.04430265000008,-12.525570954999978],[131.04526,-12.525568],[131.04607199800012,-12.526210998999943]]]}},{"type":"Feature","properties":{"CUSTODIAN":"Northern Territory Police, Fire and Emergency Services","BND_TYPE":"Volunteer Brigade Area","SHORT_NAME":"Koolpinyah","GAZ_NAME":null,"GAZ_NO":null,"GAZ_DATE":null,"NOTES":"Gazettals notices TBA","SHAPE_Leng":0.233639363922,"SHAPE_Area":0.00236243530511},"geometry":{"type":"Polygon","coordinates":[[[131.1409370020001,-12.525549996999928],[131.148421,-12.525572998999962],[131.15029,-12.525601],[131.152326,-12.52561],[131.156368,-12.525601],[131.158689,-12.525605],[131.16329525800006,-12.52558136999994],[131.16725856100004,-12.525574244999973],[131.17159354600005,-12.525566452999954],[131.17814991400007,-12.525561547999928],[131.178256,-12.554828],[131.178266,-12.557199],[131.178266,-12.558289],[131.17826700000012,-12.560907],[131.1782690000001,-12.567601],[131.1782700000001,-12.569474],[131.17787040500002,-12.569476357999974],[131.1707432290001,-12.569479115999968],[131.1707379300001,-12.569479159999958],[131.1699117700001,-12.569479519999959],[131.16903962000004,-12.569480259999978],[131.16830736800011,-12.569480116999955],[131.16816747000007,-12.569480089999956],[131.16796847900002,-12.569480256999952],[131.1672953200001,-12.569480819999967],[131.16682206200005,-12.569480727999974],[131.16588147400012,-12.569481113999927],[131.16554825000003,-12.569481250999957],[131.16527225200002,-12.569481364999945],[131.1633218620001,-12.569482165999943],[131.16331262100005,-12.569482149999942],[131.15895565300002,-12.569474354999954],[131.1576854230001,-12.569472081999947],[131.15590195200002,-12.569468891999975],[131.14849963000006,-12.56947415999997],[131.14840493600002,-12.569474059999948],[131.14839835200007,-12.572429160999945],[131.14839599800007,-12.572532998999975],[131.148406,-12.582665],[131.135638,-12.579706],[131.129751,-12.578342],[131.129767,-12.570709],[131.12801600000012,-12.570713],[131.1280190000001,-12.561961],[131.128028,-12.554857],[131.13193300000012,-12.554882],[131.13587,-12.554856],[131.13679111200008,-12.554855017999955],[131.136790033,-12.55482591499998],[131.1367827580001,-12.554629603999956],[131.136759911,-12.554525404999936],[131.13676245500005,-12.554465919999927],[131.136763437,-12.554406536999977],[131.1367529370001,-12.553814406999948],[131.13669434100007,-12.553547640999966],[131.13654218300007,-12.553347320999933],[131.136142725,-12.553133878999972],[131.13604285200006,-12.553037703999962],[131.13591841200002,-12.552673497999933],[131.1358654820001,-12.55247997899994],[131.13577282500012,-12.552310544999955],[131.1356152200001,-12.552174613999966],[131.1355155320001,-12.552134286999944],[131.1354005280001,-12.552121917999955],[131.1352854260001,-12.552131148999933],[131.13523793100012,-12.55212800199996],[131.13520631200004,-12.552109004999977],[131.1351929650001,-12.552030033999927],[131.13521606900008,-12.551540841999952],[131.135227503,-12.551343376999966],[131.13522687600005,-12.551144560999944],[131.1351172740001,-12.55047088899994],[131.1350056240001,-12.55015122499998],[131.13485563100005,-12.54985608499993],[131.13433122600009,-12.54923785799997],[131.13404640700003,-12.548935837999977],[131.13380210100001,-12.54860466599996],[131.1336981720001,-12.548406580999938],[131.13365941300003,-12.548302597999964],[131.13363405500002,-12.548194803999934],[131.13362665400007,-12.548033456999974],[131.1336351960001,-12.547953679999978],[131.13365075900003,-12.547877461999974],[131.13369447600007,-12.547768214999962],[131.133729742,-12.547716330999947],[131.13377596700002,-12.547665896999945],[131.13389621200008,-12.547566523999933],[131.13393980400008,-12.547520358999975],[131.13395011500006,-12.547476535999976],[131.13388505700004,-12.547407375999967],[131.13378612000008,-12.547335050999948],[131.13367108700004,-12.547240711999962],[131.13361121600008,-12.54720928599994],[131.13355134800008,-12.547200453999949],[131.13350008200007,-12.547219760999951],[131.13344863300006,-12.547239136999963],[131.13339514000006,-12.547267125999952],[131.13333957100008,-12.547288895999941],[131.13316111400002,-12.547312545999944],[131.13307367100003,-12.547306553999931],[131.13299366800004,-12.547288030999937],[131.13273296500006,-12.547043112999972],[131.13263252600007,-12.546866508999926],[131.13253434600006,-12.546696121999958],[131.13230544100009,-12.546357866999927],[131.13215360000004,-12.546217458999934],[131.1319472670001,-12.54611787999994],[131.1317004860001,-12.546055313999943],[131.13160742800005,-12.546015384999976],[131.13156507200006,-12.545954628999937],[131.13161077600012,-12.545818525999948],[131.131661505,-12.54574519099998],[131.13171550200002,-12.54567779599995],[131.13186448400006,-12.545526863999953],[131.131930172,-12.545449253999948],[131.13197140400007,-12.54536216799994],[131.13197891900006,-12.545202237999945],[131.13196692600002,-12.54511991299995],[131.13195127900008,-12.545040598999947],[131.1315888790001,-12.544432102999963],[131.13135329700003,-12.544142790999956],[131.1311805250001,-12.543828488999964],[131.13112227300007,-12.543635823999978],[131.13107318800007,-12.54343929099997],[131.13066236300006,-12.542232905999981],[131.13043379500004,-12.54165506499993],[131.13017732900005,-12.541107539999928],[131.12966645300003,-12.540239031999931],[131.1295265020001,-12.540001110999981],[131.12929601500002,-12.539600575999941],[131.12918736400002,-12.539411764999954],[131.1288663250001,-12.538741118999951],[131.1288170030001,-12.538604864999968],[131.12880876500003,-12.53854266299993],[131.12882009400005,-12.53848843999998],[131.12895226000012,-12.538373521999972],[131.129030058,-12.538314342999968],[131.129081121,-12.538236939999933],[131.12909377300002,-12.538074980999966],[131.12907596000002,-12.538000563999958],[131.12904376900008,-12.537945329999957],[131.12886110400007,-12.537903940999968],[131.12873893100004,-12.537925152999946],[131.12861612300003,-12.537958660999948],[131.1284793520001,-12.538005835999968],[131.1284199590001,-12.538021036999965],[131.1283737660001,-12.538019324999937],[131.1283296040001,-12.537816876999955],[131.1283536630001,-12.537654826999926],[131.12837130900004,-12.537496081999961],[131.128372226,-12.537327708999953],[131.12836012000002,-12.537253788999976],[131.1283320440001,-12.537195449999956],[131.12819491800008,-12.53712089399994],[131.12810106100005,-12.537095157999943],[131.1279997800001,-12.537061618999928],[131.12774596300005,-12.536947590999944],[131.12765925400004,-12.53688492599997],[131.1276381340001,-12.536822283999982],[131.1276816500001,-12.53677801699996],[131.12772516600012,-12.536733750999929],[131.12779097400005,-12.536681987999941],[131.1278526650001,-12.536621761999982],[131.12793833700005,-12.536502151999969],[131.1279651110001,-12.536446630999933],[131.12797229600005,-12.536403013999973],[131.12776869800007,-12.536344076999967],[131.1275967460001,-12.53634137299997],[131.12743713400005,-12.536317783999948],[131.12713799000005,-12.536172934999968],[131.1270283560001,-12.536063095999964],[131.12697028700006,-12.535925645999953],[131.1270084370001,-12.535653499999967],[131.1270757420001,-12.535537559999966],[131.12716430700004,-12.535467722999954],[131.1274260020001,-12.535465830999954],[131.12757120700007,-12.535471277999932],[131.12770124000008,-12.535432742999944],[131.1278742290001,-12.535248094999929],[131.1279238950001,-12.535135005999962],[131.12793800100008,-12.535026897999956],[131.1278475030001,-12.534805114999926],[131.12778801500008,-12.534685389999936],[131.12777276100007,-12.534620079999968],[131.12775750600008,-12.534554770999932],[131.12776729900008,-12.534279595999976],[131.12775324200004,-12.53415851699998],[131.12769464000007,-12.534068155999933],[131.12759253800004,-12.534012932999929],[131.12753695000004,-12.533987254999943],[131.12748583100006,-12.533956842999942],[131.12719290200005,-12.533593781999969],[131.12705529200002,-12.533403912999972],[131.12688129700007,-12.533263945999977],[131.12657908500012,-12.533148310999934],[131.126480764,-12.533105348999982],[131.12569079800005,-12.532335381999928],[131.12542789600002,-12.531819440999982],[131.1252423620001,-12.531281467999975],[131.12511191200008,-12.530629097999963],[131.12504040400006,-12.530310734999944],[131.12492752600008,-12.53001782299998],[131.1243506400001,-12.529340334999972],[131.12395958000002,-12.529057031999969],[131.12329106900006,-12.52864804199993],[131.12320290600007,-12.528564599999982],[131.1231523240001,-12.528464775999964],[131.123152666,-12.528304268999932],[131.12319474600008,-12.528140901999961],[131.12328908100005,-12.527944497999954],[131.1233519760001,-12.527851547999944],[131.1234193900001,-12.52776018999998],[131.12336394200008,-12.527605365999932],[131.12331290500003,-12.527449874999945],[131.12324225200007,-12.527134395999951],[131.1232397020001,-12.527013947999933],[131.12324935700008,-12.526889878999953],[131.1232337990001,-12.526663614999961],[131.123154515,-12.526574680999943],[131.12302695900007,-12.52651089099993],[131.12278892400002,-12.526367991999962],[131.12275585700002,-12.52630643799995],[131.12273622300006,-12.526234021999926],[131.12274522500002,-12.526086370999963],[131.12278594500003,-12.52601528699995],[131.1228480210001,-12.525957227999982],[131.12299536600005,-12.52585394199997],[131.12312360300007,-12.52574249199995],[131.1231761130001,-12.525680583999929],[131.12323256800005,-12.525614023999935],[131.123276701,-12.525508546999959],[131.1409370020001,-12.525549996999928]]]}},{"type":"Feature","properties":{"CUSTODIAN":"Northern Territory Police, Fire and Emergency Services","BND_TYPE":"Volunteer Brigade Area","SHORT_NAME":"Humpty Doo","GAZ_NAME":null,"GAZ_NO":null,"GAZ_DATE":null,"NOTES":"Gazettals notices TBA","SHAPE_Leng":0.372635925849,"SHAPE_Area":0.00597398382147},"geometry":{"type":"Polygon","coordinates":[[[131.045436364,-12.52427604199994],[131.0455653580001,-12.524313722999977],[131.04599914300002,-12.524507834999952],[131.04681991100006,-12.52489834399995],[131.04766693300007,-12.525297987999977],[131.04791693100003,-12.525407603999952],[131.0481612200001,-12.525500092999948],[131.04850596500012,-12.525607425999965],[131.048856418,-12.525686212999972],[131.04918175700004,-12.525744445999976],[131.04952764300003,-12.525784410999961],[131.04988037900011,-12.525803821999943],[131.05021599200006,-12.525800395999966],[131.05053219900003,-12.525778701999968],[131.05141713000012,-12.525665941999932],[131.0523238300001,-12.525580137999953],[131.05400300100007,-12.525563997999939],[131.058996,-12.525571],[131.062746,-12.525566],[131.066615,-12.525562],[131.0678570010001,-12.525586997999937],[131.07149407100007,-12.525585508999939],[131.07527854600005,-12.525583860999973],[131.07941399900005,-12.525578998999947],[131.08489455100005,-12.525587498999926],[131.08668403100012,-12.525587498999926],[131.088788,-12.525577],[131.096224,-12.52556],[131.10302683600003,-12.525500398999952],[131.10342953200006,-12.52549746699998],[131.10501825400002,-12.525507751999953],[131.1055561600001,-12.525504810999962],[131.11860661600008,-12.525497585999972],[131.123276701,-12.525508546999959],[131.12323256800005,-12.525614023999935],[131.1231761130001,-12.525680583999929],[131.12312360300007,-12.52574249199995],[131.12299536600005,-12.52585394199997],[131.1228480210001,-12.525957227999982],[131.12278594500003,-12.52601528699995],[131.12274522500002,-12.526086370999963],[131.12273622300006,-12.526234021999926],[131.12275585700002,-12.52630643799995],[131.12278892400002,-12.526367991999962],[131.12302695900007,-12.52651089099993],[131.123154515,-12.526574680999943],[131.1232337990001,-12.526663614999961],[131.12324935700008,-12.526889878999953],[131.1232397020001,-12.527013947999933],[131.12324225200007,-12.527134395999951],[131.12331290500003,-12.527449874999945],[131.12336394200008,-12.527605365999932],[131.1234193900001,-12.52776018999998],[131.1233519760001,-12.527851547999944],[131.12328908100005,-12.527944497999954],[131.12319474600008,-12.528140901999961],[131.123152666,-12.528304268999932],[131.1231523240001,-12.528464775999964],[131.12320290600007,-12.528564599999982],[131.12329106900006,-12.52864804199993],[131.12395958000002,-12.529057031999969],[131.1243506400001,-12.529340334999972],[131.12492752600008,-12.53001782299998],[131.12504040400006,-12.530310734999944],[131.12511191200008,-12.530629097999963],[131.1252423620001,-12.531281467999975],[131.12542789600002,-12.531819440999982],[131.12569079800005,-12.532335381999928],[131.126480764,-12.533105348999982],[131.12657908500012,-12.533148310999934],[131.12688129700007,-12.533263945999977],[131.12705529200002,-12.533403912999972],[131.12719290200005,-12.533593781999969],[131.12748583100006,-12.533956842999942],[131.12753695000004,-12.533987254999943],[131.12759253800004,-12.534012932999929],[131.12769464000007,-12.534068155999933],[131.12775324200004,-12.53415851699998],[131.12776729900008,-12.534279595999976],[131.12775750600008,-12.534554770999932],[131.12777276100007,-12.534620079999968],[131.12778801500008,-12.534685389999936],[131.1278475030001,-12.534805114999926],[131.12793800100008,-12.535026897999956],[131.1279238950001,-12.535135005999962],[131.1278742290001,-12.535248094999929],[131.12770124000008,-12.535432742999944],[131.12757120700007,-12.535471277999932],[131.1274260020001,-12.535465830999954],[131.12716430700004,-12.535467722999954],[131.1270757420001,-12.535537559999966],[131.1270084370001,-12.535653499999967],[131.12697028700006,-12.535925645999953],[131.1270283560001,-12.536063095999964],[131.12713799000005,-12.536172934999968],[131.12743713400005,-12.536317783999948],[131.1275967460001,-12.53634137299997],[131.12776869800007,-12.536344076999967],[131.12797229600005,-12.536403013999973],[131.1279651110001,-12.536446630999933],[131.12793833700005,-12.536502151999969],[131.1278526650001,-12.536621761999982],[131.12779097400005,-12.536681987999941],[131.12772516600012,-12.536733750999929],[131.1276816500001,-12.53677801699996],[131.1276381340001,-12.536822283999982],[131.12765925400004,-12.53688492599997],[131.12774596300005,-12.536947590999944],[131.1279997800001,-12.537061618999928],[131.12810106100005,-12.537095157999943],[131.12819491800008,-12.53712089399994],[131.1283320440001,-12.537195449999956],[131.12836012000002,-12.537253788999976],[131.128372226,-12.537327708999953],[131.12837130900004,-12.537496081999961],[131.1283536630001,-12.537654826999926],[131.1283296040001,-12.537816876999955],[131.1283737660001,-12.538019324999937],[131.1284199590001,-12.538021036999965],[131.1284793520001,-12.538005835999968],[131.12861612300003,-12.537958660999948],[131.12873893100004,-12.537925152999946],[131.12886110400007,-12.537903940999968],[131.12904376900008,-12.537945329999957],[131.12907596000002,-12.538000563999958],[131.12909377300002,-12.538074980999966],[131.129081121,-12.538236939999933],[131.129030058,-12.538314342999968],[131.12895226000012,-12.538373521999972],[131.12882009400005,-12.53848843999998],[131.12880876500003,-12.53854266299993],[131.1288170030001,-12.538604864999968],[131.1288663250001,-12.538741118999951],[131.12918736400002,-12.539411764999954],[131.12929601500002,-12.539600575999941],[131.1295265020001,-12.540001110999981],[131.12966645300003,-12.540239031999931],[131.13017732900005,-12.541107539999928],[131.13043379500004,-12.54165506499993],[131.13066236300006,-12.542232905999981],[131.13107318800007,-12.54343929099997],[131.13112227300007,-12.543635823999978],[131.1311805250001,-12.543828488999964],[131.13135329700003,-12.544142790999956],[131.1315888790001,-12.544432102999963],[131.13195127900008,-12.545040598999947],[131.13196692600002,-12.54511991299995],[131.13197891900006,-12.545202237999945],[131.13197140400007,-12.54536216799994],[131.131930172,-12.545449253999948],[131.13186448400006,-12.545526863999953],[131.13171550200002,-12.54567779599995],[131.131661505,-12.54574519099998],[131.13161077600012,-12.545818525999948],[131.13156507200006,-12.545954628999937],[131.13160742800005,-12.546015384999976],[131.1317004860001,-12.546055313999943],[131.1319472670001,-12.54611787999994],[131.13215360000004,-12.546217458999934],[131.13230544100009,-12.546357866999927],[131.13253434600006,-12.546696121999958],[131.13263252600007,-12.546866508999926],[131.13273296500006,-12.547043112999972],[131.13299366800004,-12.547288030999937],[131.13307367100003,-12.547306553999931],[131.13316111400002,-12.547312545999944],[131.13333957100008,-12.547288895999941],[131.13339514000006,-12.547267125999952],[131.13344863300006,-12.547239136999963],[131.13350008200007,-12.547219760999951],[131.13355134800008,-12.547200453999949],[131.13361121600008,-12.54720928599994],[131.13367108700004,-12.547240711999962],[131.13378612000008,-12.547335050999948],[131.13388505700004,-12.547407375999967],[131.13395011500006,-12.547476535999976],[131.13393980400008,-12.547520358999975],[131.13389621200008,-12.547566523999933],[131.13377596700002,-12.547665896999945],[131.133729742,-12.547716330999947],[131.13369447600007,-12.547768214999962],[131.13365075900003,-12.547877461999974],[131.1336351960001,-12.547953679999978],[131.13362665400007,-12.548033456999974],[131.13363405500002,-12.548194803999934],[131.13365941300003,-12.548302597999964],[131.1336981720001,-12.548406580999938],[131.13380210100001,-12.54860466599996],[131.13404640700003,-12.548935837999977],[131.13433122600009,-12.54923785799997],[131.13485563100005,-12.54985608499993],[131.1350056240001,-12.55015122499998],[131.1351172740001,-12.55047088899994],[131.13522687600005,-12.551144560999944],[131.135227503,-12.551343376999966],[131.13521606900008,-12.551540841999952],[131.1351929650001,-12.552030033999927],[131.13520631200004,-12.552109004999977],[131.13523793100012,-12.55212800199996],[131.1352854260001,-12.552131148999933],[131.1354005280001,-12.552121917999955],[131.1355155320001,-12.552134286999944],[131.1356152200001,-12.552174613999966],[131.13577282500012,-12.552310544999955],[131.1358654820001,-12.55247997899994],[131.13591841200002,-12.552673497999933],[131.13604285200006,-12.553037703999962],[131.136142725,-12.553133878999972],[131.13654218300007,-12.553347320999933],[131.13669434100007,-12.553547640999966],[131.1367529370001,-12.553814406999948],[131.136763437,-12.554406536999977],[131.13676245500005,-12.554465919999927],[131.136759911,-12.554525404999936],[131.1367827580001,-12.554629603999956],[131.136790033,-12.55482591499998],[131.13679111200008,-12.554855017999955],[131.13587,-12.554856],[131.13193300000012,-12.554882],[131.128028,-12.554857],[131.1280190000001,-12.561961],[131.12801600000012,-12.570713],[131.129767,-12.570709],[131.129751,-12.578342],[131.135638,-12.579706],[131.148406,-12.582665],[131.148455,-12.582676],[131.148452001,-12.584160998999948],[131.14846484200007,-12.598732063999933],[131.14846549700007,-12.598905700999978],[131.14844811000012,-12.599313539999969],[131.14836663900007,-12.599786499999936],[131.14832451200004,-12.600409801999945],[131.14832752200005,-12.603759646999947],[131.1483271300001,-12.604337986999951],[131.1483278280001,-12.60484840199996],[131.1483288610001,-12.605463123999982],[131.14832896300004,-12.60592219199998],[131.1483291180001,-12.606170133999967],[131.14832932800005,-12.606510557999968],[131.1483295270001,-12.606872003999968],[131.14832906000004,-12.607369048999942],[131.14832942400005,-12.60795741499993],[131.14832975600007,-12.608482080999977],[131.14833013100008,-12.608770987999947],[131.148330449,-12.608962360999953],[131.14833084300005,-12.609675237999966],[131.14833085300006,-12.609790997999937],[131.14833109900007,-12.610579480999945],[131.14833106000003,-12.610759299999927],[131.14833181000006,-12.611483730999964],[131.14833175700005,-12.611664451999957],[131.1483321400001,-12.61238797599998],[131.14833248800005,-12.613073332999932],[131.14833125500002,-12.613277224999933],[131.14833055100007,-12.613389265999956],[131.146453,-12.613391],[131.136806,-12.6134],[131.133943,-12.613403],[131.126347,-12.613369],[131.1246029990001,-12.613377998999965],[131.1185962840001,-12.613412566999955],[131.10362410000005,-12.613426600999958],[131.08269299800008,-12.613436001999958],[131.0805592150001,-12.613434003999942],[131.08055628400007,-12.61343184499998],[131.08053060400005,-12.613412923999931],[131.08048101600002,-12.613368754999954],[131.08046479200004,-12.613353788999973],[131.0804098200001,-12.613269349999939],[131.07976808,-12.612655279999956],[131.07938129000001,-12.612388519999968],[131.07897398000011,-12.612088479999954],[131.0787906500001,-12.611925879999944],[131.078727,-12.611838619999958],[131.07869883,-12.611745389999953],[131.07875032000004,-12.611535229999959],[131.07878798000002,-12.611424039999974],[131.07880116,-12.611312599999962],[131.07872463,-12.611054449999926],[131.07865248000007,-12.610938609999948],[131.07856731000004,-12.610840849999931],[131.07835792000003,-12.610709989999975],[131.0782335,-12.610662969999964],[131.07810267000002,-12.61062032999996],[131.07787501000007,-12.610551159999943],[131.07777610000005,-12.610506829999963],[131.07770190000008,-12.610445409999954],[131.07763149000004,-12.610147089999941],[131.07763134000004,-12.60996831999995],[131.07761475000007,-12.609794479999948],[131.07751006,-12.609443819999967],[131.0774283500001,-12.609285039999975],[131.0773206,-12.609147869999958],[131.07702552,-12.60893416999994],[131.07687341000008,-12.608830509999962],[131.0767456100001,-12.60870768999996],[131.07643302000008,-12.607976],[131.07630003000008,-12.607595559999936],[131.07609456000012,-12.607277589999967],[131.07590105000008,-12.60710673999995],[131.07568326000012,-12.606937349999953],[131.07547365000005,-12.606789409999976],[131.07536633000007,-12.60673971999995],[131.07526099900008,-12.606721020999942],[131.0749469100001,-12.606842209999968],[131.0747753700001,-12.60692008999996],[131.07458371000007,-12.606944989999931],[131.07439066000006,-12.606899769999927],[131.07431714000006,-12.606853789999946],[131.0742760400001,-12.606790129999979],[131.0742701900001,-12.606702779999978],[131.07427082000004,-12.606655959999955],[131.0742663200001,-12.606611259999966],[131.07418799000004,-12.606437349999965],[131.0741284500001,-12.606356559999938],[131.07406304000006,-12.606277539999951],[131.07377920300007,-12.606054161999964],[131.07357390100003,-12.605962948999945],[131.0734558800001,-12.605910513999959],[131.073455,-12.604984],[131.0734900000001,-12.602714],[131.0735,-12.595618],[131.073508,-12.590539],[131.073512,-12.587338],[131.073517,-12.584068],[131.0735235520001,-12.572942385999966],[131.07352799800003,-12.567400995999947],[131.07350999800008,-12.565264996999929],[131.07350699800008,-12.56462199799995],[131.07341999800008,-12.563892000999942],[131.073274,-12.563168],[131.072972,-12.561941],[131.072513,-12.560516],[131.072039,-12.559507],[131.07153568500007,-12.558607827999936],[131.071395,-12.558358],[131.06925722200003,-12.555292280999936],[131.06615399800012,-12.550905003999958],[131.060194,-12.542489000999979],[131.059558,-12.541591000999972],[131.05910000200004,-12.54098599699995],[131.05861799800005,-12.54040499599995],[131.056507,-12.538112996999928],[131.0550839990001,-12.536443000999952],[131.053054,-12.53398],[131.048416,-12.52856400099995],[131.04607199800012,-12.526210998999943],[131.04526,-12.525568],[131.0442728800001,-12.524875614999928],[131.04447314800007,-12.524567770999965],[131.0445653690001,-12.52447472199998],[131.04469093900002,-12.524391367999954],[131.0448256400001,-12.524353686999973],[131.04503086400007,-12.524313390999964],[131.04523431200005,-12.524261197999977],[131.045436364,-12.52427604199994]]]}},{"type":"Feature","properties":{"CUSTODIAN":"Northern Territory Police, Fire and Emergency Services","BND_TYPE":"Volunteer Brigade Area","SHORT_NAME":"Virginia","GAZ_NAME":null,"GAZ_NO":null,"GAZ_DATE":null,"NOTES":"Gazettals notices TBA","SHAPE_Leng":0.271919989443,"SHAPE_Area":0.00273210237327},"geometry":{"type":"Polygon","coordinates":[[[131.01325737800005,-12.496506858999965],[131.0140490010001,-12.497893000999966],[131.0161775260001,-12.501606091999975],[131.01772264600004,-12.504293791999942],[131.0191390000001,-12.506764996999948],[131.0208470020001,-12.50975600199996],[131.0214340000001,-12.510659],[131.0222579980001,-12.511683002999973],[131.023238998,-12.512658998999939],[131.024395,-12.513511998999945],[131.0255770000001,-12.514187000999982],[131.02685699800008,-12.51474600399996],[131.02928000200006,-12.515406996999957],[131.03113400200004,-12.515967996999962],[131.0316719980001,-12.516200998999977],[131.03222300200002,-12.516476],[131.03253293500006,-12.516675217999932],[131.033116,-12.517049995999969],[131.03696851900008,-12.51975226199994],[131.04009557300003,-12.521934123999927],[131.043092752,-12.524047850999978],[131.0442728800001,-12.524875614999928],[131.04526,-12.525568],[131.04430265000008,-12.525570954999978],[131.04430285,-12.525664529999972],[131.0443015200001,-12.526896929999964],[131.04430272000002,-12.528087919999962],[131.04430248000006,-12.529692129999944],[131.04430271,-12.529919609999979],[131.0443035300001,-12.53014012999995],[131.04430293000007,-12.53060051999995],[131.04430402000003,-12.531088549999936],[131.04430450000007,-12.531581379999977],[131.04430551000007,-12.531884679999962],[131.04430564000006,-12.532018429999937],[131.04430589000003,-12.532912989999943],[131.04430636000006,-12.533404279999957],[131.04430704000004,-12.533840259999977],[131.0443074200001,-12.534751809999932],[131.04430782000009,-12.535666069999934],[131.0443088400001,-12.536565679999967],[131.04431048000004,-12.537473059999968],[131.0443109900001,-12.538389219999942],[131.04431180000006,-12.539297329999954],[131.04431261000002,-12.540215559999979],[131.04483533000007,-12.540215109999963],[131.04555059000006,-12.540215349999926],[131.0462861000001,-12.540214989999981],[131.04708618000006,-12.54021457999994],[131.0480266500001,-12.540213919999928],[131.04802732000007,-12.541064209999945],[131.04802768600007,-12.541520969999965],[131.04802781400008,-12.541680129999975],[131.04802805000008,-12.541974459999949],[131.0480283500001,-12.542245599999944],[131.0480253300001,-12.544306229999961],[131.0480247600001,-12.54493317999993],[131.04880857000012,-12.54493261999994],[131.0500413200001,-12.544930439999973],[131.05119128,-12.54492978999997],[131.05151878000004,-12.544929089999926],[131.05151821000004,-12.545785869999975],[131.05151761000002,-12.547104489999981],[131.05151668000008,-12.548380619999932],[131.05151559,-12.549287119999974],[131.0515155800001,-12.549302489999945],[131.0515154100001,-12.550193599999943],[131.0515143,-12.550866019999944],[131.05151431000002,-12.551100099999928],[131.05151321000005,-12.552006589999962],[131.05151304000003,-12.552148529999954],[131.0515121200001,-12.55291307999994],[131.05151188000002,-12.553347799999926],[131.0515117100001,-12.55343156999993],[131.05151093000006,-12.553806019999968],[131.05150929,-12.554715229999942],[131.05151278000005,-12.554992159999927],[131.0515128180001,-12.555095446999928],[131.05151344,-12.55679908999997],[131.05151352000007,-12.557058469999959],[131.05151362000004,-12.557328729999938],[131.05151373,-12.55746978999997],[131.05151458000012,-12.558718969999973],[131.05151494000006,-12.559233869999957],[131.05151517000002,-12.559616949999963],[131.05151578000005,-12.560621749999939],[131.05151586600005,-12.560765825999965],[131.05151638000007,-12.561625349999929],[131.0515169800001,-12.56261324999997],[131.05151753000007,-12.563525209999966],[131.05151797000008,-12.564257019999957],[131.0515180100001,-12.564364509999962],[131.05151822000005,-12.565146459999937],[131.05151833000002,-12.56553563999995],[131.05151884000009,-12.567381359999956],[131.05151895400002,-12.567515843999956],[131.05152064000004,-12.569509099999948],[131.0512393140001,-12.569509019999941],[131.04914988000007,-12.569508429999928],[131.04807259000006,-12.569508109999958],[131.04778637000004,-12.569508019999944],[131.04695691000006,-12.56950777999998],[131.04576324000004,-12.56950741999998],[131.0442401800001,-12.569506949999948],[131.0441201100001,-12.56950691999998],[131.0427407400001,-12.569506959999956],[131.04255103000003,-12.569507409999972],[131.04250393000007,-12.569507769999973],[131.0411545400001,-12.569506399999966],[131.04023301000007,-12.569506089999948],[131.0383619600001,-12.569504699999982],[131.03672158000006,-12.569504429999938],[131.03672051,-12.577716549999934],[131.03672013000005,-12.583118669999976],[131.0367199000001,-12.583358949999933],[131.03671973000007,-12.583429881999962],[131.03671830000008,-12.584028289999935],[131.03672017000008,-12.584206329999972],[131.03671959000008,-12.585264749999965],[131.03671913200003,-12.58610115099998],[131.03663070000005,-12.586056859999928],[131.03646988000003,-12.586000879999972],[131.03630139000006,-12.585952359999965],[131.03596972000003,-12.585933739999973],[131.03583676000005,-12.585979939999959],[131.03571139000007,-12.586055719999933],[131.03547330000004,-12.586246609999932],[131.03536752000002,-12.586345019999953],[131.03526096000007,-12.586449039999934],[131.03505360000008,-12.586558889999935],[131.03497591000007,-12.58653100999993],[131.03489958000011,-12.58646615999993],[131.03475981000008,-12.586278419999928],[131.0346413000001,-12.58606900999996],[131.03455158000008,-12.585869509999952],[131.03441195000005,-12.58547823999993],[131.03435937000006,-12.585333039999966],[131.03430327,-12.585185339999953],[131.0341961900001,-12.584884289999934],[131.0341789900001,-12.584814949999952],[131.03418712000007,-12.584819009999933],[131.03426166000008,-12.584832089999964],[131.03427297000007,-12.584807429999955],[131.03426074000004,-12.58476160999993],[131.03420496,-12.584642729999928],[131.0341695400001,-12.584549459999948],[131.03414864,-12.58446601999998],[131.0341013300001,-12.584336229999963],[131.03402639,-12.584284019999927],[131.03391751000004,-12.584256379999943],[131.03366791000008,-12.584213],[131.03356492000012,-12.584174559999951],[131.0334733400001,-12.584122649999927],[131.03331650000007,-12.583989719999977],[131.0332215200001,-12.58388126999995],[131.03313503000004,-12.58376488999994],[131.03297238000005,-12.583522369999969],[131.03286890000004,-12.583375299999943],[131.0327617700001,-12.583231599999976],[131.03254460000005,-12.582947199999978],[131.03249289000007,-12.58287790999998],[131.03244165,-12.582808349999937],[131.03233998000007,-12.582668579999961],[131.03227851000008,-12.582621329999938],[131.03217139000003,-12.582362029999956],[131.0320584200001,-12.582106489999944],[131.03179219000003,-12.581621819999953],[131.0315989300001,-12.581348179999964],[131.03138404000003,-12.581085809999934],[131.03088271000001,-12.580634559999964],[131.03068073000009,-12.580515079999941],[131.03046674000007,-12.580413669999928],[131.03004205000002,-12.580207119999955],[131.0298545400001,-12.580079489999946],[131.02967959000011,-12.579933129999972],[131.02934733000006,-12.579615889999957],[131.02924049,-12.579520179999975],[131.02913045000003,-12.579427469999928],[131.02893025000003,-12.579230429999939],[131.02882746000012,-12.57905261999997],[131.02876083,-12.578851219999933],[131.02863879000006,-12.57843730999997],[131.0285461300001,-12.578261409999982],[131.02842838000004,-12.578099709999947],[131.02815533000012,-12.577799279999965],[131.02801705000002,-12.577636749999954],[131.02788535000002,-12.577468279999948],[131.0275892100001,-12.577179959999967],[131.02749568000002,-12.577127529999927],[131.0273953200001,-12.577083819999928],[131.02718359000005,-12.577011219999974],[131.0270460900001,-12.577006209999979],[131.0269093500001,-12.577004529999954],[131.02664083000002,-12.577024369999947],[131.02641453,-12.577087449999965],[131.0261962300001,-12.577186349999977],[131.0257604300001,-12.577392539999948],[131.0254798300001,-12.577467149999961],[131.02518814000007,-12.577499629999977],[131.02459261,-12.577482719999978],[131.02431523000007,-12.57745191999993],[131.0240411000001,-12.57741268999996],[131.02349662000006,-12.577346399999954],[131.02306424000005,-12.577366749999953],[131.0226241900001,-12.577442279999957],[131.0217862500001,-12.57747680999995],[131.02151074000005,-12.577366549999965],[131.02125246000003,-12.57719026999996],[131.0207592700001,-12.576752489999933],[131.02043002000005,-12.576465499999927],[131.02009844000008,-12.576198399999953],[131.01939889000005,-12.575750509999978],[131.01900121000006,-12.575595889999931],[131.0185769100001,-12.575483949999978],[131.01776604000008,-12.575202469999965],[131.01750859000003,-12.575025729999936],[131.01727458000005,-12.574809589999973],[131.01686654000002,-12.574305459999948],[131.01665719000005,-12.573983479999981],[131.01646739000012,-12.573655109999947],[131.01609268000004,-12.57300078999998],[131.01601211000002,-12.572874139999954],[131.01592906000008,-12.57274850999994],[131.0157588300001,-12.572499169999958],[131.01570301000004,-12.572421249999934],[131.01564013000007,-12.572333489999949],[131.01552061000007,-12.572168449999936],[131.01527527000007,-12.571843039999976],[131.0150775400001,-12.571607459999939],[131.01487040000006,-12.571378639999978],[131.01447671000005,-12.570909099999938],[131.0142600800001,-12.570573339999953],[131.01407485000004,-12.57021592999996],[131.0137937600001,-12.569459129999927],[131.01370172000009,-12.56901795999994],[131.0136471500001,-12.568568549999952],[131.01347642000007,-12.56769911999993],[131.0133484700001,-12.56740751999996],[131.01318536000008,-12.567126859999973],[131.01278703000003,-12.566601669999955],[131.01255641000012,-12.566335249999952],[131.01232014000004,-12.566076189999933],[131.01180408000005,-12.565614879999941],[131.01155009000001,-12.565454829999965],[131.01127953000002,-12.56531640999998],[131.01084032000006,-12.565188939999928],[131.0103806400001,-12.565158749999966],[131.01000145000012,-12.565139169999952],[131.0096227800001,-12.565186859999926],[131.00912618000007,-12.56525419999997],[131.00874095000006,-12.565278329999956],[131.0079361500001,-12.565192629999956],[131.00756595000007,-12.56517397999994],[131.0071985300001,-12.565180349999935],[131.00651842000002,-12.56508574999998],[131.00634979000006,-12.564993199999947],[131.00619124000002,-12.564871739999944],[131.00587982000002,-12.564602479999962],[131.00562809000007,-12.564435169999967],[131.0053593,-12.56430034999994],[131.00482653000006,-12.564031929999942],[131.00468191000004,-12.56392717999995],[131.00454538000008,-12.563809619999972],[131.0042709500001,-12.563575149999963],[131.00413447000005,-12.563499529999945],[131.00398273000008,-12.56343757999997],[131.00375343000007,-12.563280769999949],[131.00292251000008,-12.563136309999948],[131.0028345500001,-12.563117509999927],[131.00269986,-12.56308871999994],[131.00224116000004,-12.56290397999993],[131.00184778000005,-12.562778759999958],[131.0014587400001,-12.562702309999963],[131.00069296000004,-12.562581129999955],[131.0003297400001,-12.562489579999976],[130.99996891,-12.562371969999958],[130.9992539000001,-12.562094779999939],[130.9988361300001,-12.561943519999943],[130.9984143900001,-12.561802329999978],[130.99762953000004,-12.56143807999996],[130.99739604,-12.561263119999978],[130.99717737000003,-12.561063659999945],[130.99678590000008,-12.560612859999935],[130.99644802000012,-12.560107079999966],[130.996162,-12.559574159999954],[130.99566531000005,-12.558470159999956],[130.99550047000002,-12.558093149999934],[130.99533436000002,-12.557717039999943],[130.99498215000006,-12.556974929999967],[130.99476389000006,-12.556626059999928],[130.99451655000007,-12.556286899999975],[130.9941800900001,-12.555570959999955],[130.99416279000002,-12.555450619999931],[130.99414974,-12.555322279999928],[130.99340285000005,-12.55428140999993],[130.99331803000007,-12.554199529999948],[130.9932027200001,-12.554016729999944],[130.99317164,-12.553862769999967],[130.99317142000007,-12.553691409999942],[130.99311505000003,-12.55338471999994],[130.9930649800001,-12.553333749999979],[130.99299998000004,-12.553291939999951],[130.99285614000007,-12.55321491999996],[130.99267915000007,-12.55305119999997],[130.99256646000003,-12.552837109999928],[130.99242620000007,-12.552341419999948],[130.99233766400005,-12.552101522999976],[130.99229971500006,-12.55199869699993],[130.99224391000007,-12.551847489999943],[130.99200372000007,-12.55139682999993],[130.99146472000007,-12.55054094999997],[130.99125943,-12.550153929999965],[130.99107620000007,-12.549751739999977],[130.99067979000006,-12.548965119999934],[130.9904834900001,-12.548694529999977],[130.99026129000003,-12.548440399999947],[130.9898162400001,-12.547932149999951],[130.9896247800001,-12.547656279999956],[130.98945565000008,-12.547365149999962],[130.9891114400001,-12.546851389999972],[130.98890483000002,-12.54653819999993],[130.98877812000012,-12.546366499999976],[130.9886246200001,-12.546205219999933],[130.98806391000005,-12.545802659999936],[130.98791201500012,-12.545708239999954],[130.98794334000002,-12.545651809999981],[130.98799229000008,-12.545569199999932],[130.9880661100001,-12.545453959999975],[130.9881036700001,-12.545396739999944],[130.9881407700001,-12.545339259999935],[130.9882726400001,-12.545127959999945],[130.98833788000002,-12.545021919999954],[130.98840312000004,-12.544915959999969],[130.9885220000001,-12.544725549999953],[130.98858310000003,-12.544631459999948],[130.9886462400001,-12.544538809999949],[130.98882134000007,-12.544302519999974],[130.98891041000002,-12.544185269999957],[130.98899755000002,-12.544066769999972],[130.98914531000003,-12.543851829999937],[130.98921493000012,-12.54374176999994],[130.98928049000006,-12.54362939999993],[130.98938995000003,-12.543411039999967],[130.98943794000002,-12.543298789999938],[130.98948169000005,-12.543185219999941],[130.98955008000007,-12.542974309999977],[130.98958174000006,-12.54286787999996],[130.98961451000002,-12.542761799999937],[130.98968935000005,-12.542528149999953],[130.98972405000006,-12.542410669999981],[130.98975460000008,-12.542292319999945],[130.98980409,-12.542051],[130.9898274400001,-12.541929889999949],[130.98985320000008,-12.54180931999997],[130.9899033900001,-12.541612369999939],[130.9899655700001,-12.541419209999958],[130.99005505000002,-12.541210579999927],[130.99010643000008,-12.541109159999962],[130.99016059000007,-12.541009249999945],[130.99029766,-12.54078155999997],[130.99036653000007,-12.540667889999952],[130.99043031000008,-12.540551729999947],[130.99050564000004,-12.540394269999979],[130.99054146000003,-12.54031464999997],[130.99057701000004,-12.540235119999977],[130.990689,-12.539975169999934],[130.9907416200001,-12.539843549999944],[130.99079175000008,-12.53971058999997],[130.99085222000008,-12.539546099999939],[130.99088601000005,-12.539465949999965],[130.9909253400001,-12.539388839999958],[130.991047,-12.539213139999958],[130.99111461000007,-12.539129039999978],[130.99118177000003,-12.539044669999953],[130.9913009700001,-12.538897279999958],[130.99136455000007,-12.53882729999998],[130.99143213000002,-12.538761549999947],[130.99157935000005,-12.538645849999966],[130.99165770000002,-12.538593839999976],[130.99173745000007,-12.538544359999946],[130.99191107000001,-12.53845033999994],[130.9920006200001,-12.53840791999994],[130.99209093000002,-12.538367389999962],[130.99227198000006,-12.53829509999997],[130.99236438000003,-12.538264229999982],[130.9924579200001,-12.538237409999965],[130.99260055000002,-12.538205709999943],[130.9926725800001,-12.538193159999935],[130.99274480000008,-12.53818186999996],[130.99295540000003,-12.538159159999964],[130.9930612400001,-12.538153849999958],[130.99316694000004,-12.538151979999952],[130.9934064900001,-12.538162949999958],[130.99352599000008,-12.538174899999945],[130.99364515000002,-12.538189099999954],[130.9938440100001,-12.538219439999978],[130.9939427700001,-12.538238499999977],[130.99404082,-12.538259919999973],[130.99426344000005,-12.538317819999975],[130.99437435000004,-12.538348089999943],[130.9944857900001,-12.53837636999998],[130.99476860000004,-12.538437349999981],[130.9949106800001,-12.53846539999995],[130.99505275,-12.538492989999952],[130.99537004,-12.538551459999951],[130.99552904000006,-12.53857802999994],[130.99568820000002,-12.538602689999948],[130.99592257000006,-12.538633129999937],[130.9960404100001,-12.53864453999995],[130.99615888000005,-12.538652699999943],[130.9963756300001,-12.538654339999937],[130.99648302000003,-12.53864576999996],[130.99658869000007,-12.538629169999979],[130.99673861000008,-12.538589009999953],[130.99681295000005,-12.538564779999945],[130.99688728,-12.538540359999956],[130.9970382900001,-12.538487],[130.99711091000006,-12.538454919999936],[130.99718026000005,-12.538417349999975],[130.99728831000004,-12.538340079999955],[130.99733960000003,-12.538297489999934],[130.99739023000006,-12.538254279999933],[130.99749794000002,-12.538156319999928],[130.99754952,-12.538105049999956],[130.9975998100001,-12.538052709999931],[130.99769257000003,-12.537948619999952],[130.9977377900001,-12.537895589999948],[130.99778329000003,-12.537842829999931],[130.99789937000003,-12.537709199999938],[130.9979566300001,-12.53764179999996],[130.99801305000005,-12.537573779999946],[130.9981099900001,-12.53745103999995],[130.99815661000002,-12.53738814999997],[130.9982015600001,-12.53732427999995],[130.99829625000007,-12.537172639999937],[130.9983384300001,-12.537094059999959],[130.99837663000005,-12.53701387999996],[130.99845046000007,-12.536817569999926],[130.9984831800001,-12.536717629999941],[130.9985172800001,-12.536618229999931],[130.99861948000012,-12.536342179999963],[130.99867159000007,-12.53620449999994],[130.99872416000005,-12.53606708999996],[130.99882849000005,-12.53580538999995],[130.99888481000005,-12.535676269999954],[130.99894556000004,-12.53554891999994],[130.99902039000006,-12.535410899999931],[130.99906192000003,-12.535344339999938],[130.99910678000003,-12.535280289999946],[130.99922788000003,-12.535141649999957],[130.9992947300001,-12.535077699999931],[130.9993638100001,-12.535016449999944],[130.9995210300001,-12.534897249999972],[130.9996044300001,-12.534843749999936],[130.99968969000008,-12.53479367999995],[130.99985612000012,-12.534711009999967],[130.99994214000003,-12.534675569999933],[131.00002929000004,-12.53464355999995],[131.00023160000012,-12.534585479999976],[131.00033464000012,-12.534562019999953],[131.00043778000008,-12.534540019999952],[131.00064198000007,-12.534500719999926],[131.00074432000008,-12.534482329999946],[131.0008463800001,-12.534463219999964],[131.0010034500001,-12.534431869999935],[131.0010819900001,-12.534415919999958],[131.0011605200001,-12.534399879999967],[131.00139760000002,-12.534353549999935],[131.0015167800001,-12.534335039999974],[131.00163665000002,-12.53432257999998],[131.00186909,-12.534319129999972],[131.00198525000008,-12.534326669999928],[131.00210053,-12.534339459999956],[131.00224431000004,-12.53436242999993],[131.00231616000008,-12.534374359999958],[131.0023882700001,-12.53438430999995],[131.00249377000011,-12.53439364999997],[131.00254659000007,-12.534396049999941],[131.0025995000001,-12.534396649999962],[131.0026541300001,-12.534394529999929],[131.00268125000002,-12.534392069999967],[131.00270826000008,-12.534388339999964],[131.00282317000006,-12.534353409999937],[131.00287678000007,-12.534326079999971],[131.00292639000008,-12.534293709999929],[131.00297410000007,-12.534253769999964],[131.0029972100001,-12.534232539999948],[131.0030204200001,-12.534211759999948],[131.0031438100001,-12.534107629999937],[131.00320699000008,-12.534057359999963],[131.00327138000011,-12.534008789999973],[131.0034192500001,-12.533906009999953],[131.00349272000005,-12.533854129999952],[131.00356369000008,-12.533799189999968],[131.0036836800001,-12.533695439999974],[131.00374418,-12.533644289999927],[131.00380701000006,-12.533596279999927],[131.0039595400001,-12.533500789999948],[131.00403925000012,-12.533458709999934],[131.00412027000004,-12.533419599999945],[131.00423819000002,-12.53336964999994],[131.00429799000005,-12.533346599999959],[131.00435789000005,-12.533323739999958],[131.00447917000008,-12.533279549999975],[131.0045403700001,-12.533259659999942],[131.0046021500001,-12.533241749999945],[131.0047962000001,-12.533199],[131.00489403000006,-12.533180019999975],[131.00499120000006,-12.533158589999971],[131.00514562,-12.533117489999938],[131.0052219800001,-12.533094509999955],[131.0052975000001,-12.533069719999958],[131.00544215000002,-12.533014139999977],[131.00551301000007,-12.532981979999931],[131.0055828400001,-12.532946759999959],[131.00566305000007,-12.532898529999954],[131.00569954000002,-12.53287032999998],[131.00573223000004,-12.532838719999972],[131.0057904900001,-12.532759109999972],[131.0058194300001,-12.532718859999932],[131.00585292000005,-12.532682729999976],[131.0059449900001,-12.532621579999955],[131.0059967200001,-12.532601039999975],[131.00605025000004,-12.532588249999947],[131.0061264100001,-12.532585969999957],[131.0061642600001,-12.532591199999956],[131.00620057000003,-12.53259995999997],[131.00630911000007,-12.53265762999996],[131.00635864000003,-12.532697749999954],[131.00640634,-12.532739509999942],[131.0064878500001,-12.532823229999963],[131.0065222500001,-12.532869879999964],[131.0065513300001,-12.532919189999973],[131.00659022000002,-12.53302328999996],[131.00660316000005,-12.533078229999944],[131.00661399000012,-12.53313363999996],[131.0066277400001,-12.533271009999964],[131.00662524000006,-12.533339809999973],[131.0066161000001,-12.53340738999998],[131.00658124000006,-12.53352622999995],[131.00655869000002,-12.53358486999997],[131.00653633000002,-12.533643329999961],[131.0064993100001,-12.533746009999959],[131.00648279000006,-12.533798099999956],[131.00646931000006,-12.533851249999941],[131.00645510000004,-12.533975899999973],[131.00645880000002,-12.53403832999993],[131.0064712300001,-12.534099329999947],[131.00651462000008,-12.534189659999981],[131.00654794000002,-12.534228],[131.00658893000002,-12.534258879999982],[131.0066687200001,-12.534286209999948],[131.0067095700001,-12.53428716999997],[131.00674584,-12.534278039999947],[131.00679686,-12.534237529999928],[131.00682141000004,-12.534212579999974],[131.00684746000002,-12.53419060999994],[131.00695765000012,-12.534127959999978],[131.00701298,-12.534097359999976],[131.00706422000007,-12.534061729999962],[131.0071592600001,-12.53396738999993],[131.0072033900001,-12.533916359999978],[131.0072477000001,-12.533865769999977],[131.00733845000002,-12.533764319999932],[131.0073839700001,-12.533713549999959],[131.0074301300001,-12.53366331999996],[131.0075085300001,-12.533582469999942],[131.00754954,-12.533544209999945],[131.0075922200001,-12.533508189999964],[131.00769689000003,-12.53343383999993],[131.00775024000006,-12.533397469999954],[131.00780219,-12.533359029999929],[131.0079056200001,-12.533267599999931],[131.00795169000003,-12.533217099999945],[131.00799230000007,-12.533162929999946],[131.00804056000004,-12.53307480999996],[131.00806062000004,-12.533028479999928],[131.0080790300001,-12.532981609999979],[131.00811446000012,-12.532876959999953],[131.00813218000008,-12.532824679999976],[131.00815258000011,-12.532773549999945],[131.0082102,-12.532659149999972],[131.0082398400001,-12.532602439999948],[131.00826727000003,-12.53254493999998],[131.00831744000004,-12.532418749999977],[131.00833985000008,-12.532354139999939],[131.00836105000008,-12.532288639999933],[131.0083935,-12.532190069999956],[131.00841421000007,-12.532143549999944],[131.0084412000001,-12.532100869999965],[131.00849130000006,-12.532049249999943],[131.00851983000007,-12.532026619999954],[131.00854929000002,-12.532005969999943],[131.0086428400001,-12.531956649999927],[131.00869161000003,-12.531934859999978],[131.00873908000005,-12.531911549999961],[131.00884725000003,-12.531850369999972],[131.00890148000008,-12.531819419999977],[131.00895690000004,-12.531789089999961],[131.00904387000003,-12.531746949999956],[131.00908846000004,-12.531730799999934],[131.0091338200001,-12.531720339999936],[131.00924513000007,-12.531719779999946],[131.00930204000008,-12.531726399999968],[131.00935921000007,-12.531732569999974],[131.00946313000009,-12.531739839999943],[131.0095141800001,-12.53173873999998],[131.0095638900001,-12.531731039999954],[131.00965553000003,-12.531697459999975],[131.00970101000007,-12.531678229999955],[131.00974725000003,-12.531662339999968],[131.00984892000008,-12.531639799999937],[131.00990036000007,-12.531630279999945],[131.00995161000003,-12.531620139999973],[131.01005741000006,-12.531596569999977],[131.01011003000008,-12.531584609999982],[131.0101623700001,-12.531572559999972],[131.01030891000005,-12.53153629999997],[131.0103820700001,-12.531514699999946],[131.01045565000004,-12.531489109999939],[131.0105590400001,-12.53144070999997],[131.01060341000004,-12.53140819999993],[131.01063870000007,-12.531367989999978],[131.01066486000002,-12.531312929999956],[131.01067291000004,-12.531283139999971],[131.0106780100001,-12.53125327999993],[131.01067593000005,-12.53116308999995],[131.01067318000003,-12.53111746999997],[131.01067661000002,-12.53107252999996],[131.01069417000008,-12.53101264999998],[131.0107073900001,-12.530984359999934],[131.01072365000005,-12.53095774999997],[131.0108021200001,-12.530886849999945],[131.01085060000003,-12.530863439999962],[131.0109002700001,-12.530849509999939],[131.01099956000007,-12.530853289999982],[131.01105007,-12.530865929999948],[131.01109857000006,-12.530881109999939],[131.0112035400001,-12.530928489999951],[131.0112539900001,-12.530957669999964],[131.01130409000007,-12.530987659999937],[131.01138083,-12.531037879999928],[131.0114159200001,-12.531067079999957],[131.01144755000007,-12.531099929999982],[131.0115076300001,-12.531183709999937],[131.01153994000003,-12.531222599999978],[131.01157937000005,-12.531252949999953],[131.01163887000007,-12.531274459999963],[131.01167046000012,-12.53127883999997],[131.01170146000004,-12.531278689999965],[131.01175792000004,-12.531264259999944],[131.01178515000004,-12.531251949999955],[131.01181108000003,-12.531238379999934],[131.01188233000005,-12.531185599999958],[131.01191475000007,-12.531154449999974],[131.01194624000004,-12.531122939999932],[131.01205391000008,-12.53099659999998],[131.0121022300001,-12.530928909999943],[131.0121488000001,-12.530860409999946],[131.0121989700001,-12.530781309999952],[131.01222202000008,-12.53074037999994],[131.0122434000001,-12.530698279999967],[131.01227598000003,-12.530616339999938],[131.0122859500001,-12.530573969999978],[131.01228994000007,-12.530531099999962],[131.01227075000008,-12.530428479999955],[131.01224829000012,-12.530380289999925],[131.0122199000001,-12.530337029999941],[131.01214458000004,-12.530268909999961],[131.0120999400001,-12.530241499999931],[131.01205458000004,-12.530217339999979],[131.01192586000002,-12.530167149999954],[131.01185953000004,-12.530143069999951],[131.01179471000012,-12.530112369999927],[131.0117309000001,-12.530069099999935],[131.01170466000008,-12.530042819999949],[131.01168511000003,-12.530012689999978],[131.01166951000005,-12.529946829999972],[131.01166897000007,-12.529912129999957],[131.0116710100001,-12.529879119999976],[131.0116945200001,-12.52979154999997],[131.01171266000006,-12.52974630999995],[131.0117305000001,-12.529696919999935],[131.01175022000007,-12.52961922999998],[131.0117496800001,-12.529584439999951],[131.0117359400001,-12.529556699999944],[131.0116956500001,-12.529533239999978],[131.01167122000004,-12.529526639999972],[131.01164755000002,-12.529523199999971],[131.01157505000003,-12.529534049999938],[131.0115371400001,-12.529544819999956],[131.01149755000006,-12.529552069999966],[131.01142736000008,-12.529552509999974],[131.01139520000004,-12.529545879999944],[131.01136787000007,-12.52953279999997],[131.01132280000002,-12.529462189999947],[131.01131141000008,-12.529416629999957],[131.01130462000003,-12.529371759999947],[131.01131424000005,-12.529260249999936],[131.01133314000003,-12.529206519999946],[131.0113584300001,-12.529157519999956],[131.01142735000008,-12.529077289999975],[131.01146745000005,-12.529040209999948],[131.0115063500001,-12.529002409999975],[131.0115917700001,-12.52891472999994],[131.01163616000008,-12.52887273999994],[131.0116824900001,-12.528833159999976],[131.01177030000008,-12.528768429999957],[131.0118150400001,-12.528737],[131.01185886000007,-12.528704589999961],[131.01193659000012,-12.528643269999975],[131.01197544000001,-12.528612609999982],[131.0120146700001,-12.528582589999928],[131.0120735800001,-12.52852791999993],[131.01213258000007,-12.528485179999961],[131.01219177000007,-12.528442619999964],[131.01231136,-12.528358929999968],[131.01237249000008,-12.528317259999938],[131.0124339900001,-12.528275949999966],[131.0125594000001,-12.528197109999951],[131.01261079000005,-12.528167889999963],[131.01266291000002,-12.528139839999938],[131.01276828000005,-12.52808527999997],[131.0128468800001,-12.528043019999927],[131.01292492000005,-12.527999419999958],[131.01308438,-12.52792022999995],[131.01315539000007,-12.527895559999934],[131.01322855,-12.527875859999938],[131.01337348000004,-12.527833099999953],[131.0134217100001,-12.52781312999997],[131.01346911000007,-12.527790359999926],[131.01355762000003,-12.527735019999966],[131.01360365000005,-12.527691559999937],[131.01364448000004,-12.527642089999972],[131.0137309700001,-12.527549349999958],[131.0137491700001,-12.527536199999929],[131.01376821000008,-12.52752393999998],[131.0138088100001,-12.527503569999965],[131.0138492100001,-12.527493419999928],[131.01389186000006,-12.527489849999938],[131.01397422000002,-12.527480639999965],[131.0140257600001,-12.52744870999993],[131.0140661900001,-12.527395809999973],[131.01414747,-12.527283219999958],[131.01417188000005,-12.52726414999995],[131.01419862000012,-12.527248219999933],[131.0142564900001,-12.52722455999998],[131.01427695000007,-12.527218619999928],[131.01429752,-12.52721331999993],[131.01433879,-12.527204059999974],[131.01433836,-12.526157829999931],[131.0143376200001,-12.525660479999942],[131.0143378250001,-12.525566409999954],[131.01336293600002,-12.525565834999952],[131.01334671000006,-12.525565824999944],[131.0132969980001,-12.515822001999936],[131.01327121100007,-12.511640879999959],[131.01321899800007,-12.50229300199993],[131.01320900200005,-12.501058002999969],[131.0132056760001,-12.500539627999956],[131.0131985710001,-12.499628306999966],[131.0131897650001,-12.496388467999964],[131.01325737800005,-12.496506858999965]]]}},{"type":"Feature","properties":{"CUSTODIAN":"Northern Territory Police, Fire and Emergency Services","BND_TYPE":"Volunteer Brigade Area","SHORT_NAME":"Howard Springs","GAZ_NAME":null,"GAZ_NO":null,"GAZ_DATE":null,"NOTES":"Gazettals notices TBA","SHAPE_Leng":0.417748641166,"SHAPE_Area":0.00581815713905},"geometry":{"type":"Polygon","coordinates":[[[131.05158572900007,-12.416818877999958],[131.05159005100006,-12.417369893999933],[131.05154692700012,-12.417829369999936],[131.05158192700003,-12.418318945999943],[131.05158551500006,-12.418778110999938],[131.05158859000005,-12.419176010999934],[131.05162241900007,-12.419512471999951],[131.0517006550001,-12.419871051999962],[131.051716144,-12.419933165999964],[131.05173102700007,-12.419995361999952],[131.05175685100005,-12.420120057999952],[131.05175784200003,-12.420470473999956],[131.05168758700006,-12.42082643599997],[131.0516179430001,-12.421522884999945],[131.05165015600005,-12.42167067899993],[131.0516982040001,-12.421822582999937],[131.05185027400012,-12.42206432699993],[131.0520402730001,-12.422125559999927],[131.05227751400002,-12.422076335999975],[131.0528104440001,-12.421857305999936],[131.05307920000007,-12.42177155099995],[131.05333686400002,-12.421718382999927],[131.0538199890001,-12.421729398999958],[131.0541351810001,-12.42186733699998],[131.0544327020001,-12.422092616999976],[131.055020688,-12.42251925599993],[131.05551161100004,-12.42250530299998],[131.05603852100012,-12.422213643999953],[131.05708546200003,-12.42174984999997],[131.0573094660001,-12.421805259999928],[131.0575392390001,-12.421919936999927],[131.05787553400012,-12.422249979999947],[131.05786323400002,-12.422563575999959],[131.05759633800005,-12.422877341999936],[131.05686876700008,-12.423548239999946],[131.056689279,-12.423944112999948],[131.05666943900007,-12.424370910999926],[131.05667229200003,-12.425225309999973],[131.0566250270001,-12.42536247199996],[131.05655890100002,-12.425495209999951],[131.0564337930001,-12.42576394699995],[131.05641282800002,-12.425833830999977],[131.0563952320001,-12.42590619899994],[131.05638355700012,-12.426042707999954],[131.0564905880001,-12.426204312999971],[131.05673576100003,-12.426266889999965],[131.0574160210001,-12.42625352999994],[131.058101469,-12.426247642999954],[131.0586822790001,-12.426297876999968],[131.05965629000002,-12.426635136999948],[131.05992258900005,-12.426787875999935],[131.0601987340001,-12.426960514999962],[131.06063967800003,-12.427385005999952],[131.06075253500012,-12.427737776999948],[131.0607364990001,-12.42813855999998],[131.06053372000008,-12.428994476999947],[131.06043360900003,-12.429397914999981],[131.06034871200006,-12.429786417999935],[131.06029590900005,-12.430551684999955],[131.0603000220001,-12.430655404999982],[131.06030383000007,-12.430764352999972],[131.06034858700002,-12.430939034999938],[131.06043978000002,-12.430981411999937],[131.06057528400004,-12.430962094999927],[131.0609051030001,-12.430848985999944],[131.06117332000008,-12.43077954699993],[131.06141933800006,-12.430751373999954],[131.0618565950001,-12.43080826499994],[131.06229362700003,-12.431121189999942],[131.06265035100012,-12.43162889699994],[131.06343342600007,-12.432530568999937],[131.06368369200004,-12.43260241799993],[131.06396105400006,-12.432614485999977],[131.06454467600008,-12.432589871999937],[131.06514949600012,-12.432695930999955],[131.06570713200006,-12.432948988999954],[131.06677165500003,-12.433607733999963],[131.06703585600008,-12.433724710999968],[131.06731799200008,-12.433822101999965],[131.06775384000002,-12.434083758999975],[131.067823298,-12.434267551999937],[131.06782806800004,-12.434493797999949],[131.0677362570001,-12.434994887999949],[131.06767076200003,-12.435266844999944],[131.06760762800002,-12.435522687999935],[131.0675097940001,-12.436011509999958],[131.06753822100006,-12.436757937999971],[131.06772713400005,-12.437530698999979],[131.0679884550001,-12.439085532999968],[131.0682755260001,-12.439715103999959],[131.06845622600008,-12.439982793999945],[131.0686816100001,-12.440194206999934],[131.06980887400005,-12.44052501799996],[131.07040088500003,-12.440663722999943],[131.07087905700007,-12.440956399999948],[131.0710002520001,-12.441098361999934],[131.07105802700005,-12.441173270999968],[131.0711149560001,-12.441249070999959],[131.0713680330001,-12.44156247099994],[131.07150494400003,-12.441691489999926],[131.0716543950001,-12.44178721999998],[131.0719558520001,-12.441879294999978],[131.07212224900002,-12.441925650999963],[131.0722970800001,-12.442000096999948],[131.07281712200006,-12.442388560999973],[131.0729647930001,-12.442602630999943],[131.0729524740001,-12.442782257999966],[131.07279738700004,-12.442915060999951],[131.07270720200006,-12.442996389999962],[131.07263408100005,-12.443100972999957],[131.07255074500006,-12.44345657599996],[131.07257454500007,-12.443605692999938],[131.07265519300006,-12.443680122999979],[131.07280135000008,-12.44367286499994],[131.07288323500006,-12.44366512399995],[131.0729586230001,-12.443671542999937],[131.07323466600008,-12.44388793099995],[131.073338884,-12.444051387999934],[131.0734254900001,-12.444212875999938],[131.07350424300012,-12.44442332799997],[131.07352383500006,-12.44454017499993],[131.07352935000006,-12.444666741999981],[131.07351347300005,-12.444916777999936],[131.0735214870001,-12.445023172999981],[131.0735630680001,-12.445097575999966],[131.07376269400004,-12.445149646999937],[131.073887409,-12.445163639999976],[131.07400621200009,-12.445198115999972],[131.0742285770001,-12.44534912599994],[131.07430876700005,-12.44544402899993],[131.07435194200002,-12.445543355999973],[131.0742890790001,-12.445826541999963],[131.07422320700005,-12.445982654999966],[131.07418112100004,-12.446142993999956],[131.0741867050001,-12.44649131999995],[131.07422726000004,-12.446654122999973],[131.0742966050001,-12.446795510999948],[131.07492038600003,-12.447173843999963],[131.07527956500007,-12.44732494799996],[131.07554026700006,-12.44752974499994],[131.07572149300006,-12.447959474999948],[131.07578002200012,-12.448226019999936],[131.0758424930001,-12.448532408999938],[131.07598652600007,-12.449119391999943],[131.07609831900004,-12.449318054999935],[131.07626022800002,-12.449366148999957],[131.07641983300005,-12.449295570999936],[131.07650602500007,-12.449258390999944],[131.07659207400002,-12.449240694999958],[131.0769474430001,-12.449388674999966],[131.07709029400007,-12.44954105599993],[131.0771852890001,-12.44970879999994],[131.077237641,-12.45001359899993],[131.0772565630001,-12.450170042999957],[131.0773004680001,-12.450311602999932],[131.0778033890001,-12.45079788299995],[131.07811741700004,-12.45101157299996],[131.07839225500004,-12.451258525999947],[131.078931903,-12.451981351999962],[131.0792253520001,-12.452315004999946],[131.07958171100006,-12.45257874899994],[131.07988585500004,-12.452709833999961],[131.0800430710001,-12.45275298599995],[131.08019851300003,-12.452778248999948],[131.0810013030001,-12.452607932999967],[131.0814124430001,-12.45244618299995],[131.081839273,-12.452333649999957],[131.08212397400007,-12.452307557999973],[131.0822618410001,-12.452313257999947],[131.08239290300003,-12.45233843699998],[131.08277839900006,-12.452613516999975],[131.08291545100008,-12.452834739999957],[131.08300770900007,-12.453089234999936],[131.08302994000007,-12.453524595999966],[131.08297138500006,-12.453707794999957],[131.082859965,-12.453821478999942],[131.08263882100005,-12.453855439999927],[131.08251012800008,-12.453853842999933],[131.08238392900012,-12.453857694999954],[131.08201914000006,-12.453877390999935],[131.08184161500003,-12.453855416999943],[131.08167250100007,-12.453792694999947],[131.081480606,-12.453668924999931],[131.0813858150001,-12.453618288999962],[131.081289297,-12.453596858999958],[131.08107963800012,-12.45365254799998],[131.0809716110001,-12.453701682999963],[131.0808610250001,-12.453744735999976],[131.0805923590001,-12.453842331999965],[131.08047733400008,-12.453918791999968],[131.0803896440001,-12.454030382999974],[131.0803555860001,-12.454130121999981],[131.08035750600004,-12.454178687999956],[131.08037829600005,-12.454221121999979],[131.08049506400005,-12.45429562499993],[131.08054715000003,-12.454326243999958],[131.08056243600004,-12.454357049999942],[131.08049934300004,-12.454408821999948],[131.08045050200008,-12.454434366999976],[131.08040415100004,-12.45446039899997],[131.0802515160001,-12.454565632999959],[131.08018858200012,-12.45462706099994],[131.08014580600002,-12.454697351999926],[131.08018166600004,-12.455026541999928],[131.0802754670001,-12.455183352999939],[131.08038870100006,-12.455296507999947],[131.08064002800006,-12.455385324999952],[131.0807881300001,-12.455415443999982],[131.08093814200004,-12.45545948399996],[131.08126348100006,-12.45562137099995],[131.08138559600002,-12.455728068999974],[131.0814507240001,-12.455853156999979],[131.0814303090001,-12.456087971999978],[131.08139643100003,-12.456216042999927],[131.08137005600008,-12.456343681999954],[131.08133502200008,-12.456916246999981],[131.08136505900006,-12.457194739999977],[131.0814423930001,-12.45745470199995],[131.08168723000006,-12.45782933099997],[131.0818513600001,-12.457997085999978],[131.08203103300002,-12.458153338999978],[131.0823201290001,-12.45837424399997],[131.08244608400003,-12.458492545999945],[131.0825369470001,-12.458628382999962],[131.08258728600003,-12.458971676999965],[131.08255080100002,-12.459157360999939],[131.082478228,-12.459341076999976],[131.08237518600004,-12.459531838999965],[131.08234596800003,-12.459621904999949],[131.08235607100005,-12.45970532399997],[131.0824268350001,-12.459793052999942],[131.08247426600008,-12.459831182999949],[131.08252199100002,-12.459864895999942],[131.08280600700004,-12.459970606999946],[131.0829613530001,-12.460007506999943],[131.08311303100004,-12.460061855999982],[131.0833002380001,-12.46017040099997],[131.08337911600006,-12.460237135999932],[131.08344059,-12.46031327199995],[131.08349806600006,-12.460660368999982],[131.0834617160001,-12.460852189999969],[131.08340494900006,-12.46103207599998],[131.08323397900006,-12.46131414599995],[131.08310912700006,-12.461429528999929],[131.0829628450001,-12.461519879999969],[131.0827916940001,-12.46159236699998],[131.08271578500012,-12.461635291999926],[131.08265887200002,-12.461693920999949],[131.08262412400006,-12.461985546999927],[131.0826680360001,-12.462136941999972],[131.08273435600006,-12.462253295999972],[131.08302413900003,-12.462378487999956],[131.0832247830001,-12.462389069999972],[131.08344155300006,-12.46238472899995],[131.08359197800007,-12.462391514999979],[131.083760223,-12.462396573999968],[131.08394627100006,-12.462400988999946],[131.08400922600003,-12.462408849999974],[131.08404112100004,-12.46241274099998],[131.0840733230001,-12.462416275999942],[131.0843479990001,-12.46242829299996],[131.08447885900011,-12.462411877999955],[131.08459349600002,-12.462371589999975],[131.08477045400002,-12.462235219999968],[131.0848687030001,-12.462161852999941],[131.08499230300004,-12.46210455299996],[131.085176283,-12.462070232999963],[131.08525142200006,-12.462078540999926],[131.08529680100003,-12.462112219999938],[131.08530038000004,-12.462221708999948],[131.08528598700002,-12.462287630999981],[131.08527105500002,-12.462349124999946],[131.08520753900007,-12.462554986999976],[131.08517767500007,-12.462662816999966],[131.08516233000012,-12.462782045999973],[131.08532859000002,-12.463488533999964],[131.0855163220001,-12.463733679999962],[131.08574044300008,-12.463774373999968],[131.08585324700005,-12.463715021999974],[131.08591413800002,-12.463683877999927],[131.08597777600005,-12.46366143399996],[131.08615364800005,-12.46365279899993],[131.08623930500005,-12.463671724999926],[131.08631655600004,-12.463705775999927],[131.08648057000005,-12.463906819999977],[131.08652063600005,-12.46403713799998],[131.086528068,-12.464162380999937],[131.08646848400008,-12.464353413999959],[131.0864275770001,-12.464450438999961],[131.086397787,-12.464548345999958],[131.0864773300001,-12.465462886999944],[131.08654977100002,-12.465922887999966],[131.08650429700003,-12.466364124999927],[131.08643502100006,-12.466545002999965],[131.0863954340001,-12.466634738999971],[131.08635449200005,-12.466724003999957],[131.0863053910001,-12.466832095999962],[131.0862658840001,-12.466921561999982],[131.086211283,-12.467017755999962],[131.0861656400001,-12.467077179999933],[131.0861205750001,-12.467123259999937],[131.0860977320001,-12.467146836999973],[131.08607442700009,-12.467170947999932],[131.08585096700006,-12.467443776999971],[131.08577699800003,-12.467589220999969],[131.085757037,-12.467728320999981],[131.08587104100002,-12.467967073999944],[131.0859634300001,-12.468092286999934],[131.08605256200008,-12.468227646999935],[131.08660797800007,-12.469083325999975],[131.08695848700006,-12.469335164999961],[131.0873623860001,-12.469289329999981],[131.08753272700005,-12.469185522999965],[131.08760812600008,-12.469151430999943],[131.08766939800012,-12.469150515999956],[131.08775543800004,-12.469355661999941],[131.08775950400002,-12.46950837299994],[131.08775063400003,-12.469645108999941],[131.08731958500005,-12.470328494999933],[131.08703200800005,-12.470660390999967],[131.08686588500007,-12.47102751999995],[131.08690311500004,-12.471547998999938],[131.08703277100005,-12.471793383999966],[131.08725631900006,-12.47200864599995],[131.08760610600007,-12.472218161999933],[131.08772468600012,-12.472313801999974],[131.08773870400012,-12.472408916999939],[131.08749510500002,-12.472585460999937],[131.0873582580001,-12.47267739299997],[131.08729287200003,-12.472775685999977],[131.08753287000002,-12.473161071999982],[131.08768576800003,-12.473386675999961],[131.08770901000003,-12.473633764999931],[131.08761186700008,-12.47382470399998],[131.08754415500005,-12.473891295999977],[131.08747028300002,-12.473919364999972],[131.08732701600002,-12.473864054999979],[131.08725509400006,-12.47380779599996],[131.0871902660001,-12.473748031999946],[131.0870273060001,-12.47355710599993],[131.08693452300008,-12.473478169999964],[131.08681442300008,-12.473438262999935],[131.08657699100002,-12.473476496999979],[131.086489324,-12.473535761999926],[131.0864571290001,-12.473617213999944],[131.0864745890001,-12.473704890999954],[131.08647952900003,-12.473748989999933],[131.086469555,-12.473787909999942],[131.0864545610001,-12.473808081999948],[131.08644563200005,-12.473817786999973],[131.0864364030001,-12.473827215999961],[131.0864027870001,-12.473897459999932],[131.08637396300003,-12.473966239999982],[131.0863493170001,-12.474094535999939],[131.08640467500004,-12.474199904999978],[131.08652713200001,-12.474284504999957],[131.08679922800002,-12.474458880999975],[131.08685736000007,-12.474566094999943],[131.0868730200001,-12.474692990999927],[131.0868924130001,-12.474954278999974],[131.08692839100001,-12.475029141999926],[131.08698174100005,-12.475096859999951],[131.08708865100004,-12.47522841999995],[131.08713789800004,-12.475377636999951],[131.08713996900008,-12.475552151999977],[131.08700421100002,-12.475828328999967],[131.0869193960001,-12.47585894499997],[131.08681927100008,-12.475860287999978],[131.08660049000002,-12.475831397999968],[131.08647831700011,-12.47582357899995],[131.08635924400005,-12.47582609099993],[131.08614925900008,-12.475871939999934],[131.0860030560001,-12.476097350999964],[131.08600494600012,-12.476465023999936],[131.085907517,-12.477158031999977],[131.08585474000006,-12.47720318699993],[131.08579265000003,-12.477243334999969],[131.08565570700011,-12.477291056999945],[131.085539465,-12.47726645199998],[131.08542149200002,-12.477195809999955],[131.08524484100008,-12.477094542999964],[131.08521299200004,-12.47713783699993],[131.08520778800005,-12.477237093999975],[131.08525726800008,-12.477496562999931],[131.08532265700012,-12.477634826999974],[131.08540609300007,-12.477741145999971],[131.0855650860001,-12.477918932999955],[131.08562774900008,-12.478132671999958],[131.0855988190001,-12.478389558999936],[131.08544738700004,-12.478957366999964],[131.0854198080001,-12.479295561999947],[131.08545441600006,-12.479617427999926],[131.0855045820001,-12.480243920999953],[131.0854939400001,-12.48030701099998],[131.08547896900006,-12.480370938999954],[131.0854596920001,-12.480494620999934],[131.08551145900003,-12.480622222999955],[131.0856338110001,-12.480729015999941],[131.08589376400005,-12.48094580299994],[131.08592948600005,-12.48105278099996],[131.08592650900005,-12.481175075999943],[131.08592044500006,-12.481411994999974],[131.08599755800003,-12.481505861999949],[131.08613394600002,-12.481570636999948],[131.0863697740001,-12.481704881999974],[131.08638167900006,-12.481774253999959],[131.08635832000004,-12.481857186999946],[131.08626768700003,-12.482042805999981],[131.08619717600004,-12.482275089999973],[131.08618823900008,-12.482919219999928],[131.08601964800005,-12.48326330499998],[131.08568574600008,-12.483557350999945],[131.08500358800006,-12.484178251999936],[131.08493495900007,-12.48431556099996],[131.0848857320001,-12.484461812999939],[131.0848142210001,-12.484765354999979],[131.08478634300002,-12.484871769999927],[131.08475529600003,-12.484977326999967],[131.08470534900005,-12.485186451999937],[131.08470893300012,-12.485496588999979],[131.08479609800008,-12.485808031999966],[131.0851381330001,-12.48639230599997],[131.08561376900002,-12.486869626999976],[131.08616446000008,-12.487240766999946],[131.0873135370001,-12.487913637999952],[131.08744677100003,-12.488022213999955],[131.08757528900003,-12.488142179999954],[131.0878456680001,-12.48832077399993],[131.08798902400008,-12.48832538399995],[131.0881439200001,-12.48828270499996],[131.08845741300001,-12.488213008999935],[131.08854333800002,-12.488229684999965],[131.08862618700005,-12.488264630999936],[131.08878695800001,-12.488364944999944],[131.0889398480001,-12.488520991999962],[131.08908905600003,-12.488730574999977],[131.08910252900012,-12.488851755999974],[131.08905738900012,-12.488968025999952],[131.0888847980001,-12.48918015199996],[131.08871165800008,-12.489333085999931],[131.088673663,-12.48939722199998],[131.08865273300012,-12.489504820999969],[131.08867276900003,-12.48958748299998],[131.08872106800004,-12.489668931999972],[131.08886749300007,-12.489726273999963],[131.08897423500002,-12.489763641999957],[131.08901156500008,-12.489778889999968],[131.08904891400005,-12.489792965999982],[131.089122685,-12.489812171999972],[131.08925082100006,-12.489781553999933],[131.08937279100007,-12.489687601999947],[131.08961619900003,-12.48953000499995],[131.08968520700012,-12.489533623999932],[131.0897586320001,-12.48955571199997],[131.08988106000004,-12.489642747999937],[131.08992079100005,-12.489724973999955],[131.0899292040001,-12.489820097999939],[131.08988405900004,-12.490022257999954],[131.0898065,-12.490174234999927],[131.089707642,-12.490307406999932],[131.08953528200004,-12.49056455699997],[131.08949517700012,-12.490718521999952],[131.08948830200006,-12.490888576999964],[131.08956448200001,-12.491225843999928],[131.08976061500005,-12.491517758999976],[131.0900470890001,-12.491739260999964],[131.0907609620001,-12.492006487999959],[131.09125264800002,-12.492072632999964],[131.0917353970001,-12.492073417999961],[131.09268075700004,-12.492039506999959],[131.09353687600003,-12.49211364499996],[131.09439930200006,-12.492302361999975],[131.09596147700006,-12.493064114999981],[131.0961211780001,-12.493215926999937],[131.09626999800003,-12.493386347999945],[131.09660161600004,-12.493633039999963],[131.0966883310001,-12.493652792999967],[131.09678245100008,-12.493663540999933],[131.0969594400001,-12.49363750799995],[131.0970398170001,-12.493575067999927],[131.0970983080001,-12.493482356999948],[131.0971974790001,-12.493267806999938],[131.09733930100003,-12.493072278999932],[131.09752667400005,-12.492909440999938],[131.09793676800007,-12.492786641999942],[131.09808422700007,-12.492846069999928],[131.0982192890001,-12.492959450999933],[131.09844564800005,-12.49327164899995],[131.09855610400007,-12.493465330999982],[131.09865231000003,-12.493654926999966],[131.09877457800008,-12.49403544699993],[131.0987669010001,-12.494299593999926],[131.0987013250001,-12.494576613999982],[131.09862038300002,-12.495100346999948],[131.09874209300006,-12.495396953999943],[131.09899208100012,-12.495673857999975],[131.09965820200011,-12.495935501999952],[131.0997488600001,-12.495919673999936],[131.09983750800006,-12.495891455999981],[131.1000123990001,-12.495828760999927],[131.1002528680001,-12.495821780999961],[131.10050075800007,-12.49589051299995],[131.10099127800004,-12.495974760999957],[131.1010387760001,-12.495958577999943],[131.10108728800003,-12.495935371999963],[131.10117291200004,-12.495911891999981],[131.10120396600007,-12.495931739999946],[131.101227977,-12.495971784999938],[131.10126525200008,-12.49607662099993],[131.10128227500002,-12.49612315099995],[131.10129973900007,-12.496165446999953],[131.101335618,-12.496242293999956],[131.1013563570001,-12.496268217999955],[131.10138115400002,-12.496291221999968],[131.10141337200002,-12.496309191999956],[131.1014436040001,-12.496323253999947],[131.1014679000001,-12.496339303999946],[131.10148560800008,-12.496365363999928],[131.1014964190001,-12.496396826999955],[131.1015065780001,-12.496426386999929],[131.10155022700008,-12.496525359999964],[131.10159250800007,-12.496624674999964],[131.10166711700003,-12.496825505999936],[131.10172285200008,-12.497234384999956],[131.10169297100003,-12.497661149999942],[131.10170722500004,-12.498492565999982],[131.1017543150001,-12.498649962999934],[131.1018143540001,-12.498812418999933],[131.1020014940001,-12.499048803999926],[131.10211070000003,-12.499068791999946],[131.102237467,-12.499048974999937],[131.10250422700005,-12.499006014999964],[131.10256787800006,-12.499013613999978],[131.10263019400008,-12.499029402999952],[131.1027430790001,-12.499081832999934],[131.10288974600007,-12.499249874999975],[131.1029534270001,-12.49948257699998],[131.10295215600001,-12.500026503999948],[131.10293276200002,-12.500269188999937],[131.10291169900006,-12.500496963999979],[131.10293553600002,-12.500932175999935],[131.1029437080001,-12.500972984999976],[131.10295186100007,-12.501015055999972],[131.10298193900007,-12.501089923999928],[131.10301071100002,-12.501115512999945],[131.10303318700005,-12.501126664999958],[131.10316209300004,-12.50102495799996],[131.10322842100004,-12.500980357999936],[131.1033015060001,-12.50093964399997],[131.10345891500003,-12.500881475999961],[131.10353511200003,-12.500870579999969],[131.1036018000001,-12.500877680999963],[131.10383371400007,-12.501304991999973],[131.10393235100003,-12.501565085999971],[131.10409948900008,-12.501686237999934],[131.1042511170001,-12.501675171999977],[131.10432971700004,-12.501670716999968],[131.10440569700006,-12.501679395999929],[131.105017921,-12.502259094999943],[131.10527549200003,-12.50255640599994],[131.10551325000006,-12.502594313999964],[131.10569472600002,-12.502395837999927],[131.1057876330001,-12.502270601999953],[131.10588763400006,-12.502152144999968],[131.10602017600002,-12.502035151999962],[131.1060967200001,-12.501996111999972],[131.10618337200003,-12.501979952999932],[131.10644323200006,-12.502059049999957],[131.10654109300003,-12.502133726999944],[131.10658067200006,-12.502206386999944],[131.1064294890001,-12.502394746999926],[131.10631681200005,-12.502515185999926],[131.10624960000007,-12.502659108999978],[131.10625680200008,-12.50290605999993],[131.10629656800006,-12.50300660199997],[131.10636044400007,-12.503064906999953],[131.1065205010001,-12.503062532999934],[131.10661453500006,-12.503043955999942],[131.10670604200004,-12.503032378999933],[131.1068688350001,-12.503039426999976],[131.1069477410001,-12.50306005699997],[131.1070229710001,-12.503098587999943],[131.10727917200006,-12.503386404999958],[131.10739273000002,-12.503500194999958],[131.10750272200005,-12.503503320999926],[131.10756051500005,-12.503447136999966],[131.10758725300002,-12.503411434999975],[131.1076120470001,-12.503374080999947],[131.10771562000002,-12.503153724999947],[131.1077704800001,-12.503055725999957],[131.1078444300001,-12.502992737999932],[131.1081002950001,-12.502984802999947],[131.1082443560001,-12.503003758999967],[131.1083825920001,-12.503002059999972],[131.10938008100004,-12.50248490399997],[131.1098621000001,-12.502207856999974],[131.11035583600005,-12.502134339999941],[131.11076109200008,-12.502259744999947],[131.11096137200002,-12.502352772999927],[131.11115775200005,-12.502453413999945],[131.11223818100007,-12.50336133299993],[131.11261795400003,-12.503949659999932],[131.11284526300005,-12.50456943499995],[131.11291347500003,-12.50512727399996],[131.11293764000004,-12.505420214999958],[131.1129815480001,-12.505719755999962],[131.11304083100003,-12.506059668999967],[131.1130399970001,-12.50622160599994],[131.1129979200001,-12.50637121799997],[131.11273102300004,-12.506695768999975],[131.11260290100006,-12.506861368999978],[131.11254811300012,-12.507050675999949],[131.11256180700002,-12.507172943999933],[131.11257858700003,-12.507230748999973],[131.11260151500005,-12.507282596999971],[131.1131652580001,-12.507506198999977],[131.11350288500012,-12.507561424999949],[131.1137224690001,-12.507695781999928],[131.11377236700002,-12.508293324999954],[131.11371375700003,-12.508651833999977],[131.11367329000007,-12.509007537999935],[131.113676757,-12.510085745999959],[131.113762242,-12.51058762699995],[131.113949079,-12.511022493999974],[131.11491428800002,-12.511823639999932],[131.11551778000012,-12.512165193999977],[131.11609000600004,-12.512546534999956],[131.11784061700007,-12.514232561999961],[131.11849859000006,-12.515205737999963],[131.11890824500006,-12.516258602999926],[131.1189893730001,-12.51669293499998],[131.11902084400003,-12.51691795499994],[131.1190516250001,-12.517148647999932],[131.11936464500002,-12.519294522999928],[131.11971844700008,-12.520223516999977],[131.12035492400003,-12.52085272499994],[131.12073973200006,-12.521026007999978],[131.12093972800005,-12.521124081999972],[131.12113452800008,-12.52125050099994],[131.1213768240001,-12.521487858999933],[131.12145120900004,-12.521623816999977],[131.12147080900002,-12.52176665199994],[131.121421563,-12.521914538999965],[131.12137277700003,-12.521981050999955],[131.121310224,-12.52203626599993],[131.12104649200012,-12.522143250999932],[131.12093360400002,-12.522196385999962],[131.12088445000006,-12.522277327999973],[131.1209064190001,-12.52238329599993],[131.12092799100003,-12.522439906999978],[131.12094882000008,-12.522495514999946],[131.12139599500006,-12.523253802999932],[131.12171763600008,-12.52355898199994],[131.12207787300008,-12.52378532199998],[131.1222493990001,-12.523857721999946],[131.12233954300007,-12.52389222599993],[131.12243230400009,-12.52392893299998],[131.122656322,-12.524036465999927],[131.12274665400003,-12.524109046999968],[131.12280616400005,-12.52420157299997],[131.122826615,-12.524555904999943],[131.1228423660001,-12.524723135999977],[131.122928171,-12.524835078999956],[131.12315155300007,-12.524899114999926],[131.12325856300004,-12.52493521499997],[131.1233314540001,-12.524999062999939],[131.12336657700007,-12.525152317999982],[131.1233640810001,-12.52523817499997],[131.12335527400012,-12.525320601999965],[131.123276701,-12.525508546999959],[131.11860661600008,-12.525497585999972],[131.1055561600001,-12.525504810999962],[131.10501825400002,-12.525507751999953],[131.10342953200006,-12.52549746699998],[131.10302683600003,-12.525500398999952],[131.096224,-12.52556],[131.088788,-12.525577],[131.08668403100012,-12.525587498999926],[131.08489455100005,-12.525587498999926],[131.07941399900005,-12.525578998999947],[131.07527854600005,-12.525583860999973],[131.07149407100007,-12.525585508999939],[131.0678570010001,-12.525586997999937],[131.066615,-12.525562],[131.062746,-12.525566],[131.058996,-12.525571],[131.05400300100007,-12.525563997999939],[131.0523238300001,-12.525580137999953],[131.05141713000012,-12.525665941999932],[131.05053219900003,-12.525778701999968],[131.05021599200006,-12.525800395999966],[131.04988037900011,-12.525803821999943],[131.04952764300003,-12.525784410999961],[131.04918175700004,-12.525744445999976],[131.048856418,-12.525686212999972],[131.04850596500012,-12.525607425999965],[131.0481612200001,-12.525500092999948],[131.04791693100003,-12.525407603999952],[131.04766693300007,-12.525297987999977],[131.04681991100006,-12.52489834399995],[131.04599914300002,-12.524507834999952],[131.0455653580001,-12.524313722999977],[131.045436364,-12.52427604199994],[131.04523431200005,-12.524261197999977],[131.04503086400007,-12.524313390999964],[131.0448256400001,-12.524353686999973],[131.04469093900002,-12.524391367999954],[131.0445653690001,-12.52447472199998],[131.04447314800007,-12.524567770999965],[131.0442728800001,-12.524875614999928],[131.043092752,-12.524047850999978],[131.04009557300003,-12.521934123999927],[131.03696851900008,-12.51975226199994],[131.033116,-12.517049995999969],[131.03253293500006,-12.516675217999932],[131.03222300200002,-12.516476],[131.0316719980001,-12.516200998999977],[131.03113400200004,-12.515967996999962],[131.02928000200006,-12.515406996999957],[131.02685699800008,-12.51474600399996],[131.0255770000001,-12.514187000999982],[131.024395,-12.513511998999945],[131.023238998,-12.512658998999939],[131.0222579980001,-12.511683002999973],[131.0214340000001,-12.510659],[131.0208470020001,-12.50975600199996],[131.0191390000001,-12.506764996999948],[131.01772264600004,-12.504293791999942],[131.0161775260001,-12.501606091999975],[131.0140490010001,-12.497893000999966],[131.01325737800005,-12.496506858999965],[131.0131897650001,-12.496388467999964],[131.0131887340001,-12.496009182999956],[131.01318469000012,-12.495150125999942],[131.01317861500002,-12.491462122999963],[131.01317841500008,-12.491340542999978],[131.01317170100003,-12.48726405399998],[131.01317900200002,-12.48697100399994],[131.0131049140001,-12.481914226999947],[131.013084982,-12.478955945999928],[131.013084982,-12.47699180899997],[131.01304870600006,-12.472286148999956],[131.01302279200002,-12.469098946999964],[131.013021148,-12.468997233999971],[131.01312611000003,-12.468997133999949],[131.02160476100005,-12.468989077999936],[131.02160605300003,-12.467507568999963],[131.0216066580001,-12.466987851999932],[131.02160666400005,-12.466983029999938],[131.03281133200005,-12.466999896999937],[131.03366747100006,-12.466997878999962],[131.03657490800003,-12.467004492999934],[131.03668889000005,-12.466906459999961],[131.05149977000008,-12.45416806999998],[131.05149846900008,-12.446668663999958],[131.0514983910001,-12.44621657099998],[131.05149783000002,-12.44298551999998],[131.0514977900001,-12.442781619999948],[131.05149484600008,-12.42489659599994],[131.0514948000001,-12.424615839999944],[131.05148717800012,-12.416673265999975],[131.0514870400001,-12.416529669999932],[131.0514869430001,-12.416426852999962],[131.0515440790001,-12.416413065999961],[131.05156940300003,-12.416406954999957],[131.05158572900007,-12.416818877999958]]]}}],"metadata":{"title":"Northern Territory Darwin Region Volunteer Brigade Areas (NTFRS)","source":"Bushfires NT \u2014 NTG Open Data Portal","source_url":"https://data.nt.gov.au/dataset/bushfire-nt-administration-boundaries","licence":"CC BY 4.0","attribution":"Northern Territory Police, Fire and Emergency Services","vintage":"June 2021","notes":"Reprojected from GDA1994 (EPSG:4283) to WGS84. 5 Darwin-region volunteer brigade areas. GAZ_NAME is null \u2014 use SHORT_NAME for feature name."}}