{"type":"FeatureCollection","name":"emergency_response_areas","crs":{"type":"name","properties":{"name":"urn:ogc:def:crs:OGC:1.3:CRS84"}},"features":[{"type":"Feature","properties":{"CUSTODIAN":"NTPFES - Northern Territory Fire and Rescue Service","BND_TYPE":"Emergency Response Area","SHORT_NAME":"Bathurst Island","GAZ_NAME":"Bathurst Island Emergency Response Area","GAZ_NO":"G29","GAZ_DATE":"1990-07-25T00:00:00","NOTES":"<Null>","SHAPE_Leng":0.343224307046,"SHAPE_Area":0.00936774618187},"geometry":{"type":"Polygon","coordinates":[[[130.695229938,-11.756482817999938],[130.6950492850001,-11.761211101999947],[130.6944511490001,-11.765906013999938],[130.69344007200004,-11.770531718999962],[130.692023682,-11.775052882999944],[130.69021254100005,-11.779435202999935],[130.6880207490001,-11.783645242999967],[130.6854647240001,-11.787651135999965],[130.68256404400006,-11.791422231999945],[130.67934074700008,-11.794929907999972],[130.67581934200007,-11.798147289999974],[130.6720265660001,-11.801050155999974],[130.6679913920001,-11.803616214999977],[130.66374456800008,-11.805825907999974],[130.65931823500011,-11.807662497999956],[130.65474622700003,-11.809112071999948],[130.65006339600006,-11.810163349999982],[130.64530529600006,-11.810808491999978],[130.6405081900001,-11.81104255699995],[130.63570859100003,-11.810863769999969],[130.63094311400005,-11.810273420999977],[130.62624809500005,-11.809276048999948],[130.62165906200005,-11.807879243999935],[130.61721111100007,-11.806093751999981],[130.6129381610001,-11.803933001999951],[130.60887272000002,-11.801413469999943],[130.6050456590001,-11.798554402999969],[130.60148622100007,-11.79537754699993],[130.59822134,-11.791907133999928],[130.59527587500008,-11.788169438999944],[130.59267245500007,-11.784193043999949],[130.59043073400005,-11.780008198999951],[130.58856784700004,-11.775646821999942],[130.58709780900006,-11.771142044999976],[130.58603198100002,-11.766528039999969],[130.5853782250001,-11.761840181999958],[130.58514176500012,-11.757113983999943],[130.58532419100004,-11.75238544299998],[130.58592415100009,-11.747690686999931],[130.58693706000008,-11.743065161999937],[130.58835516700003,-11.738544353999941],[130.59016772500001,-11.734162439999977],[130.59236083300004,-11.729952915999945],[130.59491782500004,-11.725947790999953],[130.59781919600005,-11.722177590999934],[130.60104306300002,-11.718670820999932],[130.60456455700012,-11.715454136999938],[130.60835710900005,-11.712552369999969],[130.6123917110001,-11.709987245999969],[130.61663780800006,-11.70777839799996],[130.6210629320001,-11.705942547999939],[130.62563360100012,-11.704493786999933],[130.63031495200005,-11.703443033999974],[130.6350713380001,-11.702798403999964],[130.6398666340001,-11.70256466799998],[130.64466431100004,-11.702743620999968],[130.64942796200012,-11.703333903999976],[130.65412130100003,-11.70433100699995],[130.6587086180001,-11.70572745499993],[130.66315499900008,-11.70751262999994],[130.6674267100001,-11.709672774999945],[130.67149118300006,-11.71219162899996],[130.675317553,-11.715049799999974],[130.67887657200004,-11.718225752999956],[130.682141365,-11.721695377999936],[130.68508690200008,-11.725432061999982],[130.68769089300008,-11.729407521999974],[130.689933418,-11.733591432999958],[130.69179744000007,-11.73795206799997],[130.69326873900002,-11.742456119999929],[130.69433627500007,-11.747069513999975],[130.69499159200006,-11.751756948999969],[130.695229938,-11.756482817999938]]]}},{"type":"Feature","properties":{"CUSTODIAN":"NTPFES - Northern Territory Fire and Rescue Service","BND_TYPE":"Emergency Response Area","SHORT_NAME":"Casuarina","GAZ_NAME":"Greater Darwin Emergency Response Area","GAZ_NO":"G20","GAZ_DATE":"2006-05-17T00:00:00","NOTES":null,"SHAPE_Leng":0.424991969649,"SHAPE_Area":0.00810305070102},"geometry":{"type":"Polygon","coordinates":[[[130.89630317700005,-12.329393385999936],[130.896398545,-12.32944488499993],[130.8964443210001,-12.329481124999973],[130.89649009700008,-12.329507827999976],[130.89655494700003,-12.329580306999958],[130.89659309400008,-12.329626082999937],[130.89661216800005,-12.32972526499998],[130.89663887000006,-12.329769134999935],[130.8967227930001,-12.329786299999967],[130.8967762000001,-12.329805373999932],[130.89682197600007,-12.329832076999935],[130.89691352900002,-12.32988357499994],[130.89699745200005,-12.329938887999958],[130.89704322800003,-12.329975127999944],[130.89709281900002,-12.33001136799993],[130.89714622500003,-12.330045699999971],[130.897192001,-12.330072402999974],[130.89727592500003,-12.330135344999974],[130.8973140710001,-12.33017158499996],[130.8973941800001,-12.330234527999949],[130.89746284500006,-12.330297469999948],[130.89750862100004,-12.330341338999972],[130.89755439700002,-12.33038711599994],[130.89761924700008,-12.330430984999964],[130.89766502400005,-12.330476760999943],[130.89774513300006,-12.33053016599996],[130.897783279,-12.330574034999927],[130.8978290560001,-12.33061027499997],[130.89787864700008,-12.330663680999976],[130.89794349700003,-12.330728530999977],[130.897989273,-12.330781936999927],[130.89802360500005,-12.33081817599998],[130.8980617530001,-12.33087158199993],[130.89810752900007,-12.330924987999936],[130.89818382300007,-12.331005096999945],[130.8982181550001,-12.331041335999942],[130.89825630200005,-12.331077575999927],[130.8982944490001,-12.331123351999963],[130.89834022500008,-12.331150054999966],[130.8983974460001,-12.331193923999933],[130.8984699250001,-12.33124732999994],[130.89851570200005,-12.331283568999936],[130.89858818100004,-12.331346511999982],[130.89863395700002,-12.331373213999939],[130.8987293250001,-12.331443786999955],[130.89880180400007,-12.331506728999955],[130.89884758000005,-12.33153533999996],[130.8988857270001,-12.331579208999926],[130.89893150300009,-12.33160591099994],[130.8990154270001,-12.331668853999929],[130.8990612030001,-12.331705093999972],[130.899145126,-12.331768035999971],[130.8991909030001,-12.331804275999957],[130.89928245500005,-12.331855773999962],[130.89932823200002,-12.331882476999965],[130.8993740080001,-12.331918715999961],[130.89941978500008,-12.331947326999966],[130.89945793100003,-12.33198165899995],[130.899404526,-12.332054137999933],[130.89931297300006,-12.33209228499993],[130.89925575300003,-12.33216476399997],[130.8993206030001,-12.332254409999962],[130.8993968960001,-12.332317351999961],[130.89944267200008,-12.332353591999947],[130.8994998940001,-12.332397460999971],[130.8995800020001,-12.332450866999977],[130.8996257780001,-12.332477568999934],[130.89967536900008,-12.332504272999927],[130.899736404,-12.33252334599996],[130.89979362500003,-12.332557677999944],[130.8998851770001,-12.33259391799993],[130.89993095400007,-12.332620620999933],[130.8999881740001,-12.332647322999946],[130.90003395100007,-12.33267402599995],[130.90008735700007,-12.33269119199997],[130.90013313300005,-12.332717895999963],[130.90023613000005,-12.332763671999942],[130.90030860900004,-12.332817077999948],[130.900354385,-12.332843779999962],[130.90041160600003,-12.332870482999965],[130.90051460300003,-12.332897186999958],[130.90062141400006,-12.332914352999978],[130.90072441100006,-12.33292198199996],[130.90081596400012,-12.332958221999945],[130.9008617400001,-12.332984923999959],[130.90090751700006,-12.333021162999955],[130.90095329300004,-12.333057402999941],[130.90100288400004,-12.333084105999944],[130.90105629000004,-12.333118438999975],[130.9011211390001,-12.33315467899996],[130.90117836000002,-12.33320045499994],[130.9012241370001,-12.333227157999943],[130.90130424500012,-12.33328819299993],[130.90136146600003,-12.333314895999933],[130.90140724200012,-12.333343505999949],[130.90146446300002,-12.333351135999976],[130.90156364400002,-12.333377837999933],[130.90162849400008,-12.333395003999954],[130.90173149100008,-12.333421706999957],[130.90178489700008,-12.333438872999977],[130.90183067400005,-12.333475111999974],[130.90187644900004,-12.333501815999966],[130.9019145970001,-12.333538054999963],[130.90196037300007,-12.333574294999949],[130.90199089100008,-12.333618163999972],[130.90206337000006,-12.333681106999961],[130.90199852,-12.33373641999998],[130.90189933800002,-12.33373641999998],[130.9017887110001,-12.333738326999935],[130.90173149100008,-12.333738326999935],[130.9016323090001,-12.333747862999928],[130.90157508800007,-12.333747862999928],[130.90152168300006,-12.333747862999928],[130.9014301300001,-12.333786010999972],[130.9013767250001,-12.334030151999968],[130.90141105600003,-12.334066390999965],[130.901460648,-12.334100722999949],[130.90151405300003,-12.334100722999949],[130.9015789030001,-12.334100722999949],[130.90164375300003,-12.334110259999932],[130.9017353060001,-12.33413505599998],[130.901792526,-12.334161757999937],[130.9018383030001,-12.334190367999952],[130.9019184120001,-12.334224700999926],[130.90197563200002,-12.334241866999946],[130.90207481400012,-12.334251403999929],[130.90218544000004,-12.334251403999929],[130.90229606700007,-12.334276199999977],[130.9024066920001,-12.334310530999971],[130.90246391300002,-12.334310530999971],[130.90251731900003,-12.334320068999943],[130.9026088710001,-12.334346770999957],[130.90266609200012,-12.334363937999967],[130.9027118680001,-12.334390639999981],[130.9027652740001,-12.334417342999927],[130.9028682710001,-12.33445358299997],[130.90292549100002,-12.334461211999951],[130.90297889700003,-12.334480285999973],[130.90303230300003,-12.334497451999937],[130.90308952300006,-12.334514617999957],[130.903154373,-12.334531783999978],[130.90324592600007,-12.334558486999981],[130.90340232900007,-12.334585189999927],[130.90350532600007,-12.334629058999951],[130.90357017500003,-12.334665298999937],[130.903669357,-12.33470916799996],[130.90372657800003,-12.334735869999975],[130.90382576000002,-12.33477210999996],[130.9038715370001,-12.334798812999964],[130.90392875700002,-12.334808348999957],[130.90402031000008,-12.33484268199993],[130.90408515900003,-12.334869384999934],[130.9041767120001,-12.334896087999937],[130.9042301180001,-12.33492279099994],[130.90428733800002,-12.33493995699996],[130.90437889100008,-12.334966659999964],[130.90447044400003,-12.334993361999977],[130.90452766400006,-12.335000991999948],[130.90458107000006,-12.33501052899993],[130.90464591900002,-12.335027694999951],[130.90470314100003,-12.335044860999972],[130.90475654600004,-12.335063933999947],[130.9048213960001,-12.33509063799994],[130.90592002900007,-12.335525512999936],[130.90601158100003,-12.335561751999933],[130.9061031340001,-12.335596083999974],[130.906160354,-12.335622786999977],[130.9062061310001,-12.335651397999982],[130.9062595370001,-12.335666656999933],[130.90630531300008,-12.335695266999949],[130.90640068000005,-12.335739135999972],[130.9064617150001,-12.335765838999976],[130.90655326800004,-12.335802078999961],[130.9066486360001,-12.335836409999956],[130.9067478180001,-12.335872649999942],[130.90680503900012,-12.335899352999945],[130.90685844400002,-12.335916518999966],[130.90691566400005,-12.33593368499993],[130.90696907100005,-12.33595085199994],[130.90701484700003,-12.335977553999953],[130.9071064000001,-12.336013793999939],[130.9071559900001,-12.336040496999942],[130.9072093960001,-12.336067199999945],[130.90730094900005,-12.336120605999952],[130.90734672600001,-12.336149215999967],[130.90740394600004,-12.336174010999969],[130.9074954990001,-12.336210250999954],[130.90758705200005,-12.33624648999995],[130.907678604,-12.336290358999975],[130.90776252700005,-12.336336135999943],[130.907808304,-12.336360931999934],[130.907857895,-12.336387633999948],[130.90791130000002,-12.336416244999953],[130.90794944800007,-12.336450576999937],[130.90799522400005,-12.336479186999952],[130.908041,-12.336503981999954],[130.9080867770001,-12.336530684999957],[130.90814399700002,-12.336559295999962],[130.9081897740001,-12.336593627999946],[130.90822410600003,-12.336629867999932],[130.908269882,-12.336656569999946],[130.90832710300003,-12.336692809999931],[130.90838050800005,-12.336736678999955],[130.9084453580001,-12.336818694999977],[130.90854072600007,-12.336879729999964],[130.90864372300007,-12.336978912999939],[130.90876960800006,-12.337068557999942],[130.90891838100003,-12.33713150099993],[130.9090366360001,-12.33721160899995],[130.90914726300002,-12.337291716999971],[130.90915107700005,-12.337429046999944],[130.91097831800005,-12.338363646999937],[130.91104316700012,-12.338373184999966],[130.91110420200005,-12.33839034999994],[130.9112186430001,-12.338424681999982],[130.91131782500008,-12.338479995999933],[130.91138267500003,-12.338497161999953],[130.91148567200003,-12.33853340099995],[130.91155052200008,-12.33855056799996],[130.91161155700001,-12.33856773399998],[130.91167640600008,-12.338584899999944],[130.9117603300001,-12.338602065999964],[130.91182518000005,-12.33862113899994],[130.91187858600006,-12.33863830599995],[130.9119358060001,-12.33865547199997],[130.9119892120001,-12.338682174999974],[130.9120922090001,-12.338727950999953],[130.9121952060001,-12.338771819999977],[130.91224098200007,-12.33879852299998],[130.91229438800008,-12.338815688999944],[130.9123516080001,-12.338842391999947],[130.91240501400011,-12.338859557999967],[130.91246223500002,-12.338888168999972],[130.9125270840001,-12.338912963999974],[130.91257286100006,-12.338941573999932],[130.91262626700006,-12.338968276999935],[130.91267585700007,-12.33899497899995],[130.91276741000001,-12.339038848999962],[130.91285896300008,-12.339075087999959],[130.91291236900008,-12.33909988399995],[130.91295814500006,-12.339128494999954],[130.91301536600008,-12.339155196999968],[130.9130687710001,-12.339181899999971],[130.91311454700008,-12.339206694999973],[130.91316032400005,-12.339235305999978],[130.91320991500004,-12.339262008999981],[130.9133014680001,-12.339315413999941],[130.91333961400005,-12.339351653999927],[130.91338539100002,-12.339385986999957],[130.9134578710001,-12.33945846599994],[130.91354179400003,-12.339530944999979],[130.91378212000006,-12.339691161999951],[130.91411399800006,-12.33985137999997],[130.91441917400005,-12.339958190999937],[130.9146671300001,-12.34006500299995],[130.9148693080001,-12.340171813999973],[130.91519355800006,-12.340341567999928],[130.9154338840001,-12.340457915999934],[130.91566276600008,-12.340545653999982],[130.91590309100002,-12.340635299999974],[130.91619682400005,-12.340740203999928],[130.9164104460001,-12.340837478999958],[130.91665840100006,-12.34090995799994],[130.9170284280001,-12.340961455999945],[130.91732215900004,-12.341068266999969],[130.91781806900008,-12.341146468999966],[130.91803932200003,-12.341205596999941],[130.91832542400005,-12.341268538999941],[130.91863060000003,-12.341365813999971],[130.9188518520001,-12.341472625999927],[130.91912651100006,-12.341632842999957],[130.91945838900006,-12.34173965499997],[130.9198284150001,-12.34176254199997],[130.92006874100002,-12.341871260999937],[130.920324326,-12.341958998999928],[130.92059135400007,-12.342046737999965],[130.9207324990001,-12.342271804999939],[130.9209613800001,-12.342407226999967],[130.92109870900003,-12.342197417999955],[130.92151451100005,-12.342212676999964],[130.92189979500006,-12.34233665499994],[130.9221134180001,-12.342470168999967],[130.92235374400002,-12.342533111999956],[130.9225292210001,-12.342676162999965],[130.92290687600007,-12.342790602999969],[130.9231472020001,-12.342950820999931],[130.9233760840001,-12.343050002999973],[130.92364311200004,-12.343147277999947],[130.92391014100008,-12.343198775999952],[130.9241428370001,-12.343360900999926],[130.92442512500008,-12.343385695999928],[130.9248409270001,-12.343391418999943],[130.92506217900007,-12.343435287999966],[130.92534828100008,-12.343486784999982],[130.92749214200012,-12.34398841799998],[130.92785072300012,-12.343984603999957],[130.928136826,-12.344118118999972],[130.92824745200005,-12.344333647999974],[130.928159713,-12.344589233999955],[130.9280796050001,-12.344833373999961],[130.92819023100003,-12.345075606999956],[130.928495407,-12.345182418999968],[130.928804398,-12.345081328999981],[130.92909812900007,-12.34502410899995],[130.9294681550001,-12.34495925899995],[130.92978859000004,-12.344882964999954],[130.9300823210001,-12.344755172999953],[130.9303913120001,-12.344635009999934],[130.93068885800005,-12.34454345699993],[130.9310626990001,-12.344505309999931],[130.93145942700005,-12.344547270999954],[130.93174552900007,-12.344545363999941],[130.93214607200002,-12.344551085999967],[130.9324703210001,-12.344612121999944],[130.93268394400002,-12.344736098999931],[130.9330425270001,-12.344697951999933],[130.93317604100002,-12.344526290999966],[130.93344306900008,-12.34436988799996],[130.93359184200006,-12.344331741999952],[130.9336261750001,-12.344070434999935],[130.93362236000007,-12.343690871999968],[130.93372154300005,-12.34342765799994],[130.9338092800001,-12.34315681399994],[130.93402290400002,-12.343019484999957],[130.934225082,-12.343172072999948],[130.93444633500008,-12.343296050999982],[130.9346599580001,-12.343402862999937],[130.93481636,-12.343627929999968],[130.93491935800012,-12.343879698999956],[130.93518638600005,-12.344032286999948],[130.9353504180001,-12.343832015999965],[130.93549537600006,-12.34366035499994],[130.93565177900007,-12.343441008999946],[130.93588066100006,-12.34323120099998],[130.93593406600007,-12.342960356999981],[130.93614387600007,-12.34281539899996],[130.9361476900001,-12.343057632999944],[130.93615531900002,-12.34329414399997],[130.93634986900008,-12.343437194999979],[130.9365062720001,-12.34364318799993],[130.9365558620001,-12.343877792999933],[130.93662071200004,-12.34412193299994],[130.9368953710001,-12.344030380999982],[130.93714332500008,-12.343854903999954],[130.93731880200005,-12.343647002999944],[130.9373264310001,-12.343420028999958],[130.93741417,-12.343320845999926],[130.93765449600005,-12.34344482399996],[130.93782997100004,-12.343669890999934],[130.93796348600006,-12.343858718999968],[130.938310623,-12.343784331999927],[130.9386425020001,-12.343610762999958],[130.93901634300005,-12.34364318799993],[130.93924903900006,-12.343769073999965],[130.93952751200004,-12.343912123999928],[130.93968010000003,-12.343721389999928],[130.93993568400003,-12.34357261699995],[130.9403133390001,-12.343544006999934],[130.94065284700002,-12.343585967999957],[130.94091224700003,-12.343729018999966],[130.94119834900005,-12.343835829999932],[130.94156456000007,-12.34379768399998],[130.94191551200004,-12.34366035499994],[130.94222450200004,-12.343576431999963],[130.94258308400003,-12.343519210999943],[130.94292259200006,-12.343498229999966],[130.94331169200007,-12.343496322999954],[130.9435482030001,-12.34342193599997],[130.94392585800006,-12.34342765799994],[130.9442386620001,-12.343379974999948],[130.9444751740001,-12.343153],[130.94482612600007,-12.34315109299996],[130.94512748700004,-12.343248366999944],[130.94540596000002,-12.343299865999938],[130.94564628600006,-12.343442916999948],[130.94582176200004,-12.343622206999953],[130.94595909100008,-12.34381103499993],[130.94613456700006,-12.343990325999926],[130.94631385800005,-12.344224929999939],[130.94638633700004,-12.34445762599995],[130.946508407,-12.34474563599997],[130.94985389700003,-12.345897674999947],[130.95019340600004,-12.345912932999966],[130.95047187800003,-12.346048354999937],[130.9508762360001,-12.34604453999998],[130.95118904100002,-12.34613227899996],[130.95139122000012,-12.346294402999945],[130.95163154600004,-12.346391677999975],[130.95199394200006,-12.346525192999934],[130.95229530400002,-12.346656798999959],[130.95250129700003,-12.346828459999927],[130.952676773,-12.346981047999975],[130.9529781340001,-12.346870422999928],[130.9529876680001,-12.346867244999942],[130.9531335700001,-12.394757119999952],[130.95315654,-12.402296629999967],[130.9531618090001,-12.405076491999978],[130.95316223400005,-12.40530062099998],[130.953164936,-12.406726244999959],[130.95316501000002,-12.406765119999932],[130.95314575300006,-12.40676532699996],[130.9530839030001,-12.406765991999976],[130.953083998,-12.406838995999976],[130.95312599800002,-12.414129998999954],[130.95312400000012,-12.416852998999957],[130.9531258300001,-12.423271433999957],[130.953063035,-12.423651007999979],[130.95315471000004,-12.42383726099996],[130.95318561300007,-12.42403643299997],[130.95314904500003,-12.42531112599994],[130.95316328100012,-12.429148605999956],[130.95319062600004,-12.429842859999951],[130.9531732580001,-12.429949133999969],[130.95310897900004,-12.43012419799993],[130.9529833590001,-12.430327482999928],[130.9528394900001,-12.43051909299993],[130.95277237100004,-12.430584059999944],[130.9530380000001,-12.431114],[130.953186,-12.431547],[130.953255,-12.432088],[130.953273,-12.4325],[130.95328,-12.432662],[130.953319,-12.441975],[130.953313,-12.442312],[130.95325,-12.442897],[130.95307800000012,-12.443483],[130.952771,-12.44413],[130.9524540000001,-12.444667],[130.95143,-12.444116],[130.950747,-12.443791],[130.950093,-12.443513],[130.945328,-12.441779],[130.93468,-12.437817],[130.930592,-12.436306],[130.92744,-12.435],[130.923473,-12.433498],[130.91982563200008,-12.432143936999978],[130.917718,-12.431361],[130.914027,-12.429979],[130.9124705260001,-12.42939610999997],[130.908528,-12.427925],[130.907683,-12.427635],[130.9081010000001,-12.426643],[130.9084170000001,-12.425982],[130.908741,-12.425282],[130.9088220000001,-12.425073],[130.909108,-12.424328],[130.90915269900006,-12.424190691999968],[130.90753631600012,-12.423646179999935],[130.85680902000001,-12.406557631999931],[130.85611812000002,-12.406324887999972],[130.85613538600012,-12.410490511999967],[130.85521127800007,-12.410493452999958],[130.854797092,-12.410497353999972],[130.85254543000008,-12.410115406999978],[130.85186162800005,-12.410130060999961],[130.851395668,-12.410153987999934],[130.85117386000002,-12.410142631999975],[130.85063282900012,-12.410063069999978],[130.850515018,-12.410045112999967],[130.85039448600003,-12.410045932999935],[130.84207625700003,-12.41010257399995],[130.84197756000003,-12.410103245999949],[130.84197807300006,-12.410102843999937],[130.8416004180001,-12.407238006999933],[130.841581345,-12.40708541899994],[130.841581345,-12.406923293999967],[130.841451645,-12.406795501999966],[130.8413181310001,-12.40659904499995],[130.84130287200003,-12.40646362299998],[130.84135246300002,-12.406217574999971],[130.84136009200006,-12.406019209999954],[130.84137916600002,-12.405883788999972],[130.8414974210001,-12.405755996999972],[130.84158897400005,-12.405637740999964],[130.84166908300006,-12.405521391999969],[130.84176063600012,-12.405340193999962],[130.84181404100002,-12.405158995999955],[130.84187126100005,-12.404994963999968],[130.8419628140001,-12.40487670899995],[130.84212684600004,-12.404867172999957],[130.84228324900005,-12.404821395999932],[130.84240913400004,-12.404693602999942],[130.8424739840001,-12.404483794999976],[130.84248161300002,-12.404314040999964],[130.84251594600005,-12.40414237999994],[130.84259986900008,-12.40403175399996],[130.8426799770001,-12.403886794999949],[130.8427333830001,-12.403741836999927],[130.84278678900012,-12.403551101999938],[130.84292793300006,-12.403469085999973],[130.84307289100002,-12.403406142999927],[130.84306907600012,-12.403215407999937],[130.84297752400005,-12.403072356999928],[130.84299659700002,-12.402917861999981],[130.8431148530001,-12.402780532999941],[130.84327888500002,-12.402761458999976],[130.8434276580001,-12.40271568299994],[130.84353446900002,-12.402616499999965],[130.8436069490001,-12.40246200599995],[130.84374427800003,-12.402360915999964],[130.8439388280001,-12.402332305999948],[130.8440952300001,-12.402322768999966],[130.844278335,-12.402320861999954],[130.84444236700006,-12.402311324999971],[130.84459877000006,-12.402282714999956],[130.84466362000012,-12.402111053999931],[130.8447628020001,-12.402002334999963],[130.84493827900008,-12.402017592999925],[130.84510612400004,-12.402107238999974],[130.8452243810001,-12.402215957999942],[130.8453807830001,-12.40228652899998],[130.84550285300008,-12.402359007999962],[130.8457393650001,-12.40257263199993],[130.84577751200004,-12.402538299999947],[130.84580802900007,-12.402463912999963],[130.84584999100002,-12.402391432999934],[130.84588432300006,-12.402311324999971],[130.84591484100008,-12.40224647499997],[130.84591484100008,-12.402210234999927],[130.84578514100008,-12.402256011999953],[130.845640182,-12.402194976999965],[130.84551811200004,-12.402114868999945],[130.84539604200006,-12.401996611999948],[130.8452777860001,-12.401899337999964],[130.84515953100004,-12.401782989999958],[130.845075607,-12.401611327999944],[130.8450717930001,-12.401475905999973],[130.84509849500012,-12.401340484999935],[130.84510612400004,-12.401140212999962],[130.8450222020001,-12.401014327999974],[130.84498786900008,-12.400871276999965],[130.84497642500003,-12.400680541999975],[130.84497261,-12.400535582999964],[130.8449916840001,-12.40037345899998],[130.84510231000002,-12.400226592999957],[130.84522819500012,-12.400146484999937],[130.84534645100007,-12.400018691999946],[130.8453540800001,-12.399856566999972],[130.84521675100007,-12.399803160999966],[130.8450717930001,-12.39976692199997],[130.84501457300007,-12.399621962999959],[130.84506034900005,-12.399467468999944],[130.84514045700007,-12.399351119999949],[130.84523201000002,-12.399213789999976],[130.84529686000008,-12.399061202999974],[130.84525871200003,-12.398925781999935],[130.8451747890001,-12.398744582999939],[130.84514427200008,-12.398591995999936],[130.84521675100007,-12.398437499999943],[130.84539222800004,-12.398382185999935],[130.8455295560001,-12.398336409999956],[130.84559059100002,-12.398199081999962],[130.84559059100002,-12.398036956999931],[130.84557914700008,-12.397855757999935],[130.84557914700008,-12.39771079999997],[130.8456325530001,-12.397531509999965],[130.84544944800007,-12.397468566999976],[130.84523582500003,-12.397460936999948],[130.84511756900008,-12.397390365999968],[130.84513664200006,-12.397216796999942],[130.84526252700005,-12.397108077999974],[130.84541893000005,-12.397062301999938],[130.84554863000005,-12.396934508999948],[130.8456096650001,-12.396799086999977],[130.8455333710001,-12.396663665999938],[130.84546852200003,-12.396484374999943],[130.84555244400008,-12.396356581999953],[130.84569740300003,-12.396265029999938],[130.84572410600003,-12.39609336899997],[130.84562110900004,-12.395938872999977],[130.84559440600003,-12.395750044999943],[130.8456096650001,-12.395605086999979],[130.84567451500004,-12.395450591999975],[130.84578514100008,-12.39534187299995],[130.84588432300006,-12.395215987999961],[130.845975876,-12.395105361999981],[130.84605598500002,-12.39497756999998],[130.8461017610001,-12.39483261099997],[130.84613990800005,-12.394670486999928],[130.84623909000004,-12.394535064999957],[130.84633827200003,-12.394390105999946],[130.846437454,-12.39423370399993],[130.8465099340001,-12.394071578999956],[130.84652900700007,-12.393899917999931],[130.84652519300005,-12.39374732999994],[130.8465633390001,-12.393610000999956],[130.84673881600008,-12.393564223999931],[130.84691047700005,-12.393590926999934],[130.84711265600004,-12.393589018999933],[130.847261429,-12.393577575999927],[130.84727668800008,-12.393432616999974],[130.84719657900007,-12.39332580599995],[130.84708213800002,-12.39319229199998],[130.84696388300006,-12.393083572999956],[130.84679603600011,-12.392986296999936],[130.84677696200004,-12.392831801999932],[130.8468685150001,-12.392713545999982],[130.84700584400002,-12.392730712999935],[130.84716224700003,-12.392784118999941],[130.84731102,-12.392917632999968],[130.8474597930001,-12.392963409999936],[130.84763526900008,-12.392978667999955],[130.84776115400007,-12.393060683999977],[130.84788322500003,-12.39315032899998],[130.84813880900003,-12.393085479999968],[130.84818458600012,-12.392938613999945],[130.84824943600006,-12.392812728999957],[130.848390579,-12.392351149999968],[130.84850120500005,-12.392087936999928],[130.84852790800005,-12.391942977999975],[130.84855461100005,-12.391798019999953],[130.84858131400006,-12.391645431999962],[130.8486156460001,-12.391353606999928],[130.848623276,-12.391193389999955],[130.848623276,-12.391029357999969],[130.8486194610001,-12.39089393699993],[130.8486194610001,-12.390830993999941],[130.848493576,-12.390857696999944],[130.8483371740001,-12.39086913999995],[130.84818840100002,-12.390861510999969],[130.8480510710001,-12.390825270999926],[130.84781074600005,-12.390764235999939],[130.8476657870001,-12.390764235999939],[130.84749794000004,-12.390710830999978],[130.84734916700006,-12.390630721999969],[130.8472309110001,-12.390533446999939],[130.84710884100002,-12.390453338999976],[130.84699058500007,-12.390354155999944],[130.8469448090001,-12.390228271999945],[130.84700584400002,-12.390100478999955],[130.84691429100008,-12.39000129699997],[130.84677314700002,-12.38992118799996],[130.84662818900006,-12.389822005999974],[130.84649848900006,-12.389724731999934],[130.84647178600005,-12.389587401999961],[130.84653282200009,-12.38944244399994],[130.84663200400007,-12.389326094999944],[130.84672355700002,-12.389198302999944],[130.84669685300003,-12.389062881999962],[130.84660148700004,-12.38895606999995],[130.84647560100007,-12.388874053999928],[130.846334457,-12.388820647999978],[130.84619712800009,-12.388759612999934],[130.84602928100003,-12.388660430999948],[130.84588432300006,-12.38859748799996],[130.845743179,-12.388536453999961],[130.84562492400005,-12.388463973999933],[130.84560585000008,-12.38832092299998],[130.84553718600012,-12.388004302999946],[130.84541130000002,-12.387960433999979],[130.8452510830001,-12.387907027999972],[130.8450946810001,-12.387844084999927],[130.84493827900008,-12.387790679999966],[130.84479332,-12.387739180999972],[130.84464454700003,-12.38765716599994],[130.8444805150001,-12.387603759999934],[130.84433937100005,-12.38756942699996],[130.84420204100002,-12.387516021999943],[130.84405326800004,-12.38740920999993],[130.84394264200012,-12.387310027999945],[130.84382438600005,-12.387193679999939],[130.84372902000007,-12.387094497999954],[130.84364509600005,-12.386978149999948],[130.843561173,-12.38685989299995],[130.84353446900002,-12.386707304999959],[130.84353446900002,-12.386571883999977],[130.84353446900002,-12.386426925999956],[130.84353828400003,-12.386255263999942],[130.8435573580001,-12.386093139999957],[130.84356498700004,-12.385948180999947],[130.8436031340001,-12.385812759999965],[130.84361839300004,-12.385658263999971],[130.84364509600005,-12.38549613999993],[130.84367179800006,-12.385358810999946],[130.84367179800006,-12.38503456099994],[130.84366798400004,-12.38489913899997],[130.84366798400004,-12.384763717999931],[130.84362220800006,-12.384609221999938],[130.84356498700004,-12.384473800999956],[130.84350776700012,-12.384321212999964],[130.84343528800002,-12.384195327999976],[130.84333229100002,-12.384096145999933],[130.84321022000006,-12.383979797999928],[130.84309959400002,-12.383890151999935],[130.84298133900006,-12.383800506999933],[130.8428592680001,-12.38370323199996],[130.84274101300002,-12.38364028899997],[130.84261131200003,-12.383577345999981],[130.84248924300005,-12.383514404999971],[130.84235191400012,-12.383443831999955],[130.84223365700007,-12.38333511299993],[130.84213829100008,-12.383218764999981],[130.84204673800002,-12.383092879999936],[130.84197044400003,-12.382947921999971],[130.84190559400008,-12.382804870999962],[130.84184074400002,-12.382669447999945],[130.84179496700006,-12.382534026999963],[130.84174919100008,-12.382389068999942],[130.84169960000008,-12.382226943999967],[130.84164619400008,-12.382083892999958],[130.8415775300001,-12.381938934999937],[130.841505051,-12.381805419999978],[130.84144020100007,-12.381677627999977],[130.84136390700007,-12.381515502999946],[130.84129905700001,-12.381380080999975],[130.841272354,-12.381227492999926],[130.84126091000007,-12.381046294999976],[130.84125709500006,-12.380874633999952],[130.84127616900003,-12.38072967599993],[130.84132957400004,-12.380584716999977],[130.84141349800007,-12.380466460999969],[130.84151268000005,-12.380367278999927],[130.8416233060001,-12.380275726999969],[130.8417530060001,-12.380147933999979],[130.84185218800008,-12.380029677999971],[130.84192466700006,-12.37988471999995],[130.84197807300006,-12.379758834999961],[130.84205055300004,-12.379621505999978],[130.84221458500008,-12.379367828999932],[130.84243583700004,-12.379276275999928],[130.842866898,-12.37931823699995],[130.8434734340001,-12.379251479999937],[130.8438129430001,-12.379194258999973],[130.84422874400002,-12.379325866999977],[130.8446064000001,-12.379432677999944],[130.84472465500005,-12.379442214999926],[130.84487342800003,-12.379394530999946],[130.84512901300002,-12.379266737999956],[130.84526634200006,-12.379228591999947],[130.84541130000002,-12.379192351999961],[130.84613990800005,-12.37907028199993],[130.84625816300002,-12.378988265999965],[130.84636879000004,-12.378877639999928],[130.84649467500003,-12.378778457999942],[130.8465862280001,-12.378669738999974],[130.84665870700007,-12.378524780999953],[130.84684944100002,-12.378252029999942],[130.84713173000011,-12.377897262999966],[130.84753227200008,-12.377388000999929],[130.8477153780001,-12.37712669399997],[130.84783363300005,-12.376682280999944],[130.847902298,-12.37639999399994],[130.84821510300003,-12.376235961999953],[130.84837913500007,-12.37621688799993],[130.84850120500005,-12.376279830999977],[130.84873008700004,-12.376394270999981],[130.84904289200006,-12.376392364999958],[130.84940147400005,-12.376489638999942],[130.8495693200001,-12.37643432599998],[130.84961128300006,-12.376388549999945],[130.84968757700005,-12.376342773999966],[130.8497943870001,-12.376260756999955],[130.84993553100003,-12.376188277999972],[130.8500537870001,-12.376123427999971],[130.85019874600005,-12.376094817999956],[130.8503360750001,-12.376085281999963],[130.850473404,-12.376049041999977],[130.85061454800007,-12.376029968999944],[130.85077095000008,-12.375974654999936],[130.850934982,-12.375928878999957],[130.85109138500002,-12.375917434999963],[130.85122871400006,-12.37590789799998],[130.85135459900005,-12.375852584999961],[130.85146522500008,-12.37577056899994],[130.8515949250001,-12.375688552999975],[130.85171318100004,-12.375587463999977],[130.8518314360001,-12.375478744999953],[130.8519306180001,-12.375350951999962],[130.852041245,-12.375232695999955],[130.85214042600012,-12.375116347999949],[130.85223197900007,-12.374998092999931],[130.8523159030001,-12.37487983699998],[130.85243415800005,-12.37475967499995],[130.85250663700003,-12.374643325999955],[130.85255241400012,-12.374505995999982],[130.8526248930001,-12.374387740999964],[130.85272407600007,-12.374271392999958],[130.85283470100012,-12.374179839999954],[130.85295295800006,-12.374107360999972],[130.85309791600002,-12.374069213999974],[130.85323906000008,-12.374059676999934],[130.853403092,-12.374057769999979],[130.85358619700003,-12.37404823299994],[130.85376930300004,-12.374055861999977],[130.8539371490001,-12.374046325999927],[130.85409355100012,-12.374053954999965],[130.8543987270001,-12.374151229999939],[130.85453605700002,-12.374214172999928],[130.8546543120001,-12.374275207999972],[130.85476493900012,-12.374364852999975],[130.8548603050001,-12.374500274999946],[130.85495185800005,-12.374626158999945],[130.85503578200007,-12.374771117999956],[130.85510063200002,-12.374906539999927],[130.85518455500005,-12.375022887999933],[130.85529518200008,-12.375129699999945],[130.85534095800006,-12.375183105999952],[130.85539054800006,-12.375236510999969],[130.85548973100003,-12.375328063999973],[130.85561943000005,-12.375398635999943],[130.8557567590001,-12.375434875999929],[130.85592460600003,-12.37545204199995],[130.8560962680001,-12.375450133999948],[130.85623741100005,-12.375448226999936],[130.85638237000012,-12.375474929999939],[130.85651206900002,-12.375528335999945],[130.85664177,-12.375598906999926],[130.85677909900005,-12.375661849999972],[130.85692787200003,-12.375688552999975],[130.85708427400004,-12.375686644999973],[130.85722160300008,-12.375686644999973],[130.8573780060001,-12.37566757199994],[130.85752677900007,-12.375648498999965],[130.8576908110001,-12.37561988899995],[130.85783577000007,-12.375600814999927],[130.85798454300004,-12.375591278999934],[130.85816001900002,-12.375608443999965],[130.85829734800006,-12.375633239999956],[130.85845375100007,-12.375696182999945],[130.85860252400005,-12.375768661999928],[130.858747482,-12.375820159999932],[130.85891532900007,-12.375837325999953],[130.85907173200007,-12.375873565999939],[130.85920906100012,-12.37590789799998],[130.859365464,-12.375925063999944],[130.85950279200006,-12.375959395999928],[130.85965156600003,-12.375986098999931],[130.85980796800004,-12.375993728999958],[130.85995674100002,-12.376010894999979],[130.8601017000001,-12.376020430999972],[130.8604106900001,-12.375310897999952],[130.86029624900004,-12.375223159999962],[130.86019706800005,-12.375104903999954],[130.86015892000012,-12.374961852999945],[130.86015892000012,-12.37481689499998],[130.86014747600007,-12.37467193599997],[130.86016655000003,-12.374519347999978],[130.86016273500002,-12.374372481999956],[130.86017036400006,-12.37421035799997],[130.86017799400008,-12.374038695999957],[130.86018943800002,-12.373886107999965],[130.86022377000006,-12.373722075999979],[130.8602581030001,-12.37358665499994],[130.86029624900004,-12.373405455999944],[130.86033058200007,-12.373270034999962],[130.86037635800005,-12.373115538999969],[130.86044883700004,-12.372970580999947],[130.86047554000004,-12.372835159999966],[130.86052894600004,-12.372690199999965],[130.8605632780001,-12.372545241999944],[130.86060905400007,-12.372417449999944],[130.86068153400004,-12.372282027999972],[130.86078071600002,-12.372137069999951],[130.86085319500012,-12.372018813999944],[130.8609294890001,-12.371873854999933],[130.861009598,-12.371746062999932],[130.86112022400005,-12.37161064199995],[130.8612079620001,-12.37148284899996],[130.861291885,-12.37133789099994],[130.86137199400002,-12.371219634999932],[130.86144447300012,-12.371065139999928],[130.86150932300006,-12.37093925499994],[130.86155510000003,-12.370801924999967],[130.8616199490001,-12.370666503999928],[130.8617000580001,-12.370548247999977],[130.86178016700012,-12.370420455999977],[130.86188316300002,-12.370321273999934],[130.8619823460001,-12.370203017999927],[130.8620548250001,-12.370084762999966],[130.86215400700007,-12.369932174999974],[130.86222648600005,-12.369813918999967],[130.86229896600003,-12.369667052999944],[130.8623905190001,-12.369531630999973],[130.862474442,-12.369413375999954],[130.8625469210001,-12.369295119999947],[130.86261940000009,-12.369176864999929],[130.8627262110001,-12.369041442999958],[130.86283683800002,-12.368942260999972],[130.86292839100008,-12.368831633999946],[130.86303901700012,-12.368696211999975],[130.86315727200008,-12.368585586999927],[130.86325645400007,-12.36845970099995],[130.863321304,-12.368331909999938],[130.863348007,-12.368179321999946],[130.8633937830001,-12.368005751999931],[130.86347389200012,-12.367843627999946],[130.8635463710001,-12.367715834999956],[130.86366462700005,-12.367607115999931],[130.863683701,-12.36741638199993],[130.86371040300003,-12.367336272999978],[130.8637523650001,-12.367198943999938],[130.86384391700005,-12.36708068799993],[130.86382484500007,-12.36701774599993],[130.8637523650001,-12.366901397999982],[130.8637523650001,-12.366765975999954],[130.86388969400002,-12.366756438999971],[130.864015579,-12.366682052999977],[130.86399650500005,-12.366546630999949],[130.86402320900004,-12.366411209999967],[130.8641605370001,-12.366418837999959],[130.86430931100006,-12.366418837999959],[130.86443519600004,-12.366353987999958],[130.86440086400012,-12.366228103999958],[130.86443519600004,-12.366090774999975],[130.86458396900002,-12.366117476999932],[130.8647022250001,-12.36604499799995],[130.86461830100006,-12.365928648999954],[130.86469078000005,-12.365810393999936],[130.86482048000005,-12.365755080999975],[130.8649082180001,-12.365636825999957],[130.86499214100002,-12.365528106999932],[130.86512947000006,-12.36547279399997],[130.86520195000003,-12.365354537999963],[130.865274429,-12.365219115999935],[130.86532783500002,-12.36506462099993],[130.86538124100002,-12.364919661999977],[130.8654460900001,-12.364791869999976],[130.86551094000004,-12.364665984999931],[130.86558341900002,-12.364528655999948],[130.86564445500005,-12.364383697999926],[130.8657093050001,-12.364257812999938],[130.86577415500005,-12.364130019999948],[130.8658351900001,-12.363985061999927],[130.86590766900008,-12.363840103999962],[130.86601066600008,-12.363721846999965],[130.8660907750001,-12.36361312899993],[130.86616325400007,-12.36349487299998],[130.86613273600005,-12.363349914999958],[130.866098404,-12.363216399999942],[130.8660678860001,-12.363061904999938],[130.8661708840001,-12.362970351999934],[130.86631584200006,-12.362907408999945],[130.8661708840001,-12.362861632999966],[130.86614799500012,-12.362726210999938],[130.86628532400005,-12.362733840999965],[130.86620521500004,-12.36261749199997],[130.86612892100004,-12.362501143999964],[130.866174698,-12.362365722999982],[130.86631202700005,-12.362409591999949],[130.8664226530001,-12.362470626999936],[130.86646843000005,-12.362443923999933],[130.86657142600006,-12.362453459999927],[130.8666553500001,-12.362516402999972],[130.8667087560001,-12.362569808999979],[130.86677742000006,-12.36256027199994],[130.86687660200005,-12.36256027199994],[130.86687278700003,-12.362468718999935],[130.86687278700003,-12.362415313999975],[130.86688041700006,-12.36232376099997],[130.86688041700006,-12.362224578999928],[130.86689949000004,-12.36211585999996],[130.86690712000006,-12.362060546999942],[130.86694526600002,-12.36197090099995],[130.86697197,-12.361871719999954],[130.866998673,-12.361818312999958],[130.86702537500003,-12.361770629999967],[130.8670444490001,-12.36171722399996],[130.8670711520001,-12.361663817999954],[130.867097854,-12.361618041999975],[130.8671436310001,-12.361516951999931],[130.86718940700007,-12.361383437999962],[130.86720466600002,-12.361328124999943],[130.86724281300008,-12.361246108999978],[130.86725807200003,-12.36119079599996],[130.86728859000004,-12.361101150999957],[130.867330551,-12.361011504999965],[130.86736869800006,-12.36091995299995],[130.8674030300001,-12.360830306999958],[130.86742210400007,-12.36077499399994],[130.86746788000005,-12.360675811999954],[130.86750221300008,-12.360593795999932],[130.8675327310001,-12.360548018999964],[130.8675785060001,-12.360458373999961],[130.86761283900012,-12.360366820999957],[130.86765098600006,-12.360284805999981],[130.86769294700002,-12.360195159999932],[130.8677387240001,-12.360103606999928],[130.8677654270001,-12.360050200999979],[130.867792129,-12.35999488799996],[130.8678379060001,-12.359895705999975],[130.86786842300012,-12.359840392999956],[130.86788368200007,-12.35978698799994],[130.86791038600006,-12.359741210999971],[130.86795616200004,-12.359651565999968],[130.8679943080001,-12.35960388199993],[130.8680210110001,-12.359560012999964],[130.8680477140001,-12.359514236999928],[130.86810493500002,-12.359432219999974],[130.86813926700006,-12.359378814999957],[130.86819267300007,-12.359296798999935],[130.868257523,-12.359231948999934],[130.8683032990001,-12.359195709999938],[130.8684291840001,-12.359050749999938],[130.86846733100003,-12.359014510999941],[130.8685054780001,-12.358978270999955],[130.86853981000002,-12.358932494999976],[130.86857795700007,-12.358896254999934],[130.86860466000007,-12.358850479999944],[130.8685588840001,-12.358724593999966],[130.86850166300007,-12.358715056999927],[130.8684558860001,-12.358697891999952],[130.86843681400012,-12.358652114999927],[130.8684291840001,-12.358598708999978],[130.86842536900008,-12.35854530399996],[130.86844444300004,-12.358444213999974],[130.8684825900001,-12.358354567999982],[130.8685092930001,-12.358253478999927],[130.86853599500012,-12.358163833999981],[130.86856269800012,-12.35806465099995],[130.8686084740001,-12.357965468999964],[130.8686351780001,-12.357902526999965],[130.86866951000002,-12.357801436999978],[130.8686885830001,-12.357738494999978],[130.86869621300002,-12.35768318199996],[130.8687152860001,-12.35762023899997],[130.8687419900001,-12.357521056999929],[130.8687610620001,-12.357465743999967],[130.86878776600008,-12.357421874999943],[130.86881446900009,-12.357376098999964],[130.8688411710001,-12.357330321999939],[130.86887931800004,-12.357294081999953],[130.86890602100004,-12.357238768999935],[130.86893272400005,-12.357194900999957],[130.86895942700005,-12.357149123999932],[130.86898612900006,-12.357103347999953],[130.8690242770001,-12.357057570999928],[130.869077682,-12.356975554999963],[130.86911583000006,-12.356929778999927],[130.8691501620001,-12.356895446999943],[130.8691806800001,-12.356849670999964],[130.86921501100005,-12.356813430999978],[130.86929893500007,-12.356748580999977],[130.86934471200004,-12.356712340999934],[130.86939048800002,-12.356683730999976],[130.86943626400011,-12.356657028999962],[130.8695354460001,-12.356657028999962],[130.8695087430001,-12.356594085999973],[130.86944389300004,-12.356538771999965],[130.86944007800003,-12.356485366999948],[130.86944007800003,-12.356431960999942],[130.8694591520001,-12.356340407999937],[130.8694858550001,-12.35629653899997],[130.8695316310001,-12.356204985999966],[130.8695888520001,-12.356132506999927],[130.86964988800003,-12.356050491999952],[130.8697147370001,-12.35596847499994],[130.86977958700004,-12.355886459999965],[130.86983299200006,-12.355823516999976],[130.8698711400001,-12.35577774099994],[130.8699512490001,-12.355705260999969],[130.8699970250001,-12.355669021999972],[130.87006187400004,-12.355587004999961],[130.87009620700007,-12.355550765999965],[130.87016105700002,-12.355468749999943],[130.8702259060001,-12.355396270999961],[130.87026023900012,-12.35529708799993],[130.87029838600006,-12.355205535999971],[130.87032508900006,-12.355159759999935],[130.8703594210001,-12.35512351999995],[130.8704090120001,-12.355096816999946],[130.8704624180001,-12.355068206999931],[130.87055397100005,-12.355005263999942],[130.87059974700003,-12.354976653999927],[130.870645523,-12.354930877999948],[130.870698929,-12.354896544999974],[130.8707714080001,-12.354841232999945],[130.87085533200002,-12.354776382999944],[130.87089347800008,-12.354740142999958],[130.87092018200008,-12.354694365999933],[130.87095451300002,-12.354658126999936],[130.87098121600002,-12.35461425799997],[130.87101936300007,-12.354568481999934],[130.87104606600008,-12.354522704999965],[130.87109947200008,-12.35443115299995],[130.87113761900002,-12.354394912999965],[130.87118339500012,-12.354358673999968],[130.87122917200008,-12.354322433999926],[130.87126731900003,-12.35428619399994],[130.8713092810001,-12.354257582999935],[130.8713588710001,-12.354221343999939],[130.87140464700008,-12.354194640999935],[130.8714847560001,-12.35412979199998],[130.87152290400002,-12.354093551999938],[130.8715953830001,-12.354030608999949],[130.8716411590001,-12.353994369999953],[130.87170219400002,-12.353921889999981],[130.87175178600012,-12.353885650999928],[130.8717975610001,-12.35385704099997],[130.87183189400002,-12.353820800999927],[130.87188530000003,-12.35378456099994],[130.871931076,-12.353748321999944],[130.87198066700012,-12.353712081999959],[130.87202262900007,-12.35367393499996],[130.8720798490001,-12.353647231999958],[130.87216377200002,-12.353584289999958],[130.8722057340001,-12.353548049999972],[130.87224388100003,-12.353509902999974],[130.8722896580001,-12.353483199999971],[130.87234687800003,-12.353446960999975],[130.8723888390001,-12.353410720999932],[130.87244606100012,-12.353382109999927],[130.87252616900003,-12.353328704999967],[130.87257194500012,-12.35329055799997],[130.87262916500003,-12.353263854999966],[130.87267494200012,-12.35322761499998],[130.872728348,-12.353191375999927],[130.8727741240001,-12.353162765999969],[130.87283134400002,-12.353128432999938],[130.8728733060001,-12.35309982299998],[130.8729305270001,-12.353063582999937],[130.872983932,-12.35302734399994],[130.87304115300003,-12.352991103999955],[130.87309455900004,-12.352952956999957],[130.87314033500002,-12.35291671799996],[130.87319755600004,-12.352870940999935],[130.87327003500002,-12.352815627999973],[130.87335014400003,-12.352733611999952],[130.87339592,-12.352699279999968],[130.87347984300004,-12.352634429999966],[130.87351417500008,-12.35259818999998],[130.87358665500005,-12.352535247999981],[130.8736705780001,-12.35247039799998],[130.87376213100003,-12.35239791899994],[130.87380790800012,-12.352361678999955],[130.8738536840001,-12.35233306799995],[130.87389945900009,-12.352289198999927],[130.87397193900006,-12.352233886999954],[130.87401771600003,-12.352188109999929],[130.874090195,-12.35212516799993],[130.87417411800004,-12.352060317999928],[130.87420845000008,-12.352024077999943],[130.874246598,-12.351987837999957],[130.87433052100005,-12.351915358999975],[130.8743648530001,-12.351879118999932],[130.87441063000006,-12.35184097299998],[130.87445640600004,-12.351804732999938],[130.8744945520001,-12.351768493999941],[130.8745479590001,-12.351732253999955],[130.8746013640001,-12.351696014999959],[130.87463951200004,-12.351650237999934],[130.87471199100003,-12.351587295999934],[130.87479591400006,-12.35151290899995],[130.87484169000004,-12.351459502999944],[130.87492179900005,-12.351387023999962],[130.87496757500003,-12.351331710999943],[130.87500572200008,-12.351295470999958],[130.87505149800006,-12.351259230999972],[130.8750858310001,-12.351222991999975],[130.87512397800003,-12.351186751999933],[130.87519645700002,-12.35111427299995],[130.8752422340001,-12.351076125999953],[130.87528801000008,-12.351039885999967],[130.87533378600006,-12.350994109999931],[130.8754177090001,-12.350912093999966],[130.87545967100004,-12.350868224999942],[130.87550544700002,-12.350822447999974],[130.87558937100005,-12.350749968999935],[130.87565422000011,-12.350685118999934],[130.87568855300003,-12.350639342999955],[130.8757267000001,-12.350603103999958],[130.87577247700006,-12.350566863999973],[130.8758068080001,-12.350530624999976],[130.87587165800005,-12.350458144999948],[130.87591743500002,-12.350421905999951],[130.87595558200007,-12.350383757999964],[130.87600135800005,-12.350330352999947],[130.87604713400003,-12.350284575999979],[130.87611961400012,-12.35021209699994],[130.87615394600004,-12.350175856999954],[130.8761920930001,-12.350130080999975],[130.87624549800012,-12.350084304999939],[130.87629127500009,-12.35003852799997],[130.87632942200003,-12.349992751999935],[130.87636375500006,-12.34995841999995],[130.876428604,-12.349884032999967],[130.87646293600005,-12.34984779399997],[130.87653923000005,-12.349775314999931],[130.87657356300008,-12.349739074999945],[130.87664604200006,-12.349657057999934],[130.87668418900012,-12.349611281999955],[130.87672233600006,-12.349575042999959],[130.8767566680001,-12.349529265999934],[130.87679481500004,-12.349493025999948],[130.87682914800007,-12.349447249999969],[130.87687492400005,-12.349403380999945],[130.87694740300003,-12.34932899499995],[130.876993179,-12.349275588999944],[130.87703132600006,-12.349237441999946],[130.8770656580001,-12.34919357299998],[130.87710380600004,-12.349147796999944],[130.87714958200002,-12.349102019999975],[130.87718772900007,-12.349065780999979],[130.87723350500005,-12.349020004999943],[130.87727546700012,-12.348974227999975],[130.87731361400006,-12.348937987999932],[130.8773479460001,-12.348901747999946],[130.8773975370001,-12.348855971999967],[130.87744331300007,-12.34881973299997],[130.8774776460001,-12.348783492999928],[130.87752342200008,-12.348747253999932],[130.87761497500003,-12.348655700999927],[130.8776607520001,-12.348619460999942],[130.8777332310001,-12.34856414799998],[130.87777900700007,-12.348510741999974],[130.87782478300005,-12.34848403899997],[130.87787056000002,-12.348445892999962],[130.8779163360001,-12.348400115999937],[130.87795448300005,-12.34836387599995],[130.878046035,-12.348291396999969],[130.87812614400002,-12.34821891799993],[130.87819862300012,-12.34815597599993],[130.87823677100005,-12.348117827999943],[130.87828254700003,-12.348083495999958],[130.87834739700008,-12.34802818299994],[130.87839317300006,-12.347991943999943],[130.87843894900004,-12.347953795999956],[130.878511429,-12.347881316999974],[130.87856483500002,-12.347835540999938],[130.87860298100009,-12.34778976399997],[130.87869453400003,-12.347707747999948],[130.87874031,-12.347673415999964],[130.87877464300004,-12.347635268999966],[130.8788127900001,-12.34759902999997],[130.87889289800012,-12.347543715999961],[130.87893104600005,-12.347499846999938],[130.87899589500012,-12.347434996999937],[130.87906074500006,-12.347352981999961],[130.8790950780001,-12.347309112999937],[130.8791484830001,-12.347263335999969],[130.87922096300008,-12.347198485999968],[130.87929725700008,-12.347126006999929],[130.87934303300005,-12.34708023099995],[130.879434585,-12.347007751999968],[130.87946891800004,-12.346971511999982],[130.8795070650001,-12.346925734999957],[130.87954139700003,-12.346879958999978],[130.87956810000003,-12.346834182999942],[130.87960624700008,-12.346797942999956],[130.8796329500001,-12.346754073999932],[130.87967109700003,-12.34669876099997],[130.87969780000003,-12.346652984999935],[130.87972450200004,-12.346607207999966],[130.87977790900004,-12.346527098999957],[130.87982368500002,-12.346471785999938],[130.8798885340001,-12.346399306999956],[130.87992668200002,-12.346353530999977],[130.87999916100011,-12.346288680999976],[130.88006019600004,-12.34622573799993],[130.8801250460001,-12.346143722999955],[130.88017082200008,-12.34609794599993],[130.88020896900002,-12.346054076999962],[130.88028144800012,-12.34597206099994],[130.88031578000005,-12.345933914999932],[130.88034248300005,-12.345890045999965],[130.8803806310001,-12.34584426899994],[130.88041877700005,-12.345798492999961],[130.88044548100004,-12.345752715999936],[130.8804798120001,-12.345706939999957],[130.88052558900006,-12.345663070999933],[130.8805637360001,-12.345624923999935],[130.88060951300008,-12.34558868399995],[130.880643845,-12.345544814999926],[130.88068199200006,-12.345506667999928],[130.8807163240001,-12.345472335999943],[130.88076210000008,-12.345426558999975],[130.8808193210001,-12.34538078299994],[130.88086509700008,-12.345342635999941],[130.8808994300001,-12.345298766999974],[130.88096427900007,-12.345233916999973],[130.88101005500005,-12.345188140999937],[130.88106346200004,-12.345134734999931],[130.88110923800002,-12.345098495999935],[130.88115882800003,-12.345052718999966],[130.88120079100008,-12.34500694299993],[130.88129234300004,-12.344915389999926],[130.8813838960001,-12.344823836999979],[130.88145637500008,-12.344770431999962],[130.88150596700007,-12.344724655999926],[130.88154792800003,-12.34468841599994],[130.88160514800006,-12.344642638999971],[130.88165092500003,-12.344606398999929],[130.88170433000005,-12.344570159999932],[130.88175010600003,-12.344524383999953],[130.88180351300002,-12.344488143999968],[130.88186073300005,-12.344451904999971],[130.88191413900006,-12.344413756999927],[130.88195991500004,-12.34437751799993],[130.88201713600006,-12.344341277999945],[130.88210868900012,-12.344278334999956],[130.88216209400002,-12.34424209599996],[130.88221550000003,-12.344203948999962],[130.8822612770001,-12.344167708999976],[130.88231849700003,-12.34413146999998],[130.88237190200005,-12.344095229999937],[130.88242530800005,-12.34405899099994],[130.88247108500002,-12.344020842999953],[130.88252830500005,-12.343986510999969],[130.88258171000007,-12.34394836399997],[130.88262748700004,-12.343921661999957],[130.88265419000004,-12.343875884999932],[130.88273811300007,-12.343812942999932],[130.88278389000004,-12.343774794999945],[130.88282966600002,-12.343748092999931],[130.88288307100004,-12.343702315999963],[130.88292121900008,-12.343666076999966],[130.88301277200003,-12.343593596999938],[130.88309669500006,-12.343528747999926],[130.88313865700002,-12.34349250799994],[130.8831844330001,-12.343465804999937],[130.8832302090001,-12.34343910299998],[130.88330650300009,-12.343374251999933],[130.88337898300006,-12.343311309999933],[130.88342475900004,-12.343275069999947],[130.8835163120001,-12.343210220999936],[130.88356208800008,-12.343181609999931],[130.88361549400008,-12.343147277999947],[130.88366127000006,-12.34310912999996],[130.8837184900001,-12.343082427999946],[130.88379096900007,-12.343027114999927],[130.88383674600004,-12.34300041199998],[130.88389015200005,-12.342971801999965],[130.88393592900002,-12.34293556199998],[130.88398933400003,-12.342908859999966],[130.8840274810001,-12.34287261999998],[130.88407325800006,-12.342836379999937],[130.88411903400004,-12.342807768999933],[130.88416481000002,-12.342771529999936],[130.88421821600002,-12.34273528999995],[130.88427543600005,-12.342706679999935],[130.8843669890001,-12.342672347999951],[130.884420395,-12.342653274999975],[130.88448524500006,-12.342643737999936],[130.8845958710001,-12.342634200999953],[130.8846492770001,-12.342634200999953],[130.88470649700002,-12.34263229399994],[130.88475990300003,-12.34263229399994],[130.88483619700003,-12.342685698999958],[130.88488960300003,-12.342765807999967],[130.8849086770001,-12.342821120999929],[130.88492012000006,-12.342929839999954],[130.88493919300004,-12.34298324599996],[130.8849315640001,-12.343055724999942],[130.88512229900005,-12.343217849999974],[130.8853168490001,-12.343143462999933],[130.88540840100006,-12.343097686999954],[130.88546180700007,-12.343088149999971],[130.88556480400007,-12.34306907599995],[130.88561821000008,-12.343061447999958],[130.8856754300001,-12.343032835999963],[130.88572120700007,-12.34300613399995],[130.88573646600003,-12.342905044999952],[130.88573646600003,-12.34279823299994],[130.88573646600003,-12.342742919999978],[130.88575553900012,-12.34268760699996],[130.8858013150001,-12.342597960999967],[130.8858547210001,-12.342515945999935],[130.88590049800007,-12.34243392899998],[130.88593864400002,-12.342390059999957],[130.88599205000003,-12.342315673999963],[130.88601875300003,-12.342271804999939],[130.886064529,-12.34222602899996],[130.88610267700005,-12.342180251999935],[130.88615608200007,-12.34209823599997],[130.8861904150001,-12.342042922999951],[130.88622093200001,-12.341999053999928],[130.88626289400008,-12.34190750099998],[130.88630104000003,-12.341861724999944],[130.88632774400003,-12.341808318999938],[130.88635444700003,-12.341753005999976],[130.88638114900004,-12.341709136999953],[130.88640785200005,-12.341663360999974],[130.88643836900007,-12.341617583999948],[130.88651084900005,-12.341552733999947],[130.8865451810001,-12.34150886499998],[130.88658332800003,-12.341470718999972],[130.88661003100003,-12.341426849999948],[130.8866558080001,-12.34137153599994],[130.88669395400007,-12.341325759999961],[130.8867282870001,-12.341279982999936],[130.88676643400004,-12.341226577999976],[130.88680076600008,-12.34118080099995],[130.88683891300002,-12.341135024999971],[130.8868846890001,-12.341098784999929],[130.88691902200003,-12.341062545999932],[130.886991501,-12.340980529999968],[130.88702964800007,-12.340927123999961],[130.88705635000008,-12.340871810999943],[130.88708305400007,-12.340826033999974],[130.88712120000002,-12.340772628999957],[130.88715553300005,-12.340736388999971],[130.88719367900012,-12.340673445999926],[130.88722801200004,-12.340618132999964],[130.8872661590001,-12.340572356999928],[130.88733100900004,-12.340490341999953],[130.88736534100008,-12.340454101999967],[130.887403489,-12.340408324999942],[130.88743782000006,-12.340372084999956],[130.8874759680001,-12.340326308999977],[130.88751029900004,-12.340280531999952],[130.88754844700009,-12.340234755999973],[130.88758659300004,-12.340200423999931],[130.88762092600007,-12.34015274099994],[130.88767433200007,-12.34008216899997],[130.88771247900002,-12.340044021999972],[130.88775062600007,-12.340000152999949],[130.8878307340001,-12.339845656999955],[130.88786888100003,-12.339807510999947],[130.8879146580001,-12.339773177999973],[130.8880138400001,-12.339654922999955],[130.88809394800012,-12.339580535999971],[130.88813209500006,-12.339534759999935],[130.88821601900008,-12.339462280999953],[130.88828849800007,-12.339408873999957],[130.8883228300001,-12.339370727999949],[130.88836097700005,-12.339326858999982],[130.88843345600003,-12.339252471999941],[130.88847160300008,-12.339218139999957],[130.8885517120001,-12.339143752999973],[130.888635635,-12.339044570999931],[130.88866996800004,-12.339008331999935],[130.8887348170001,-12.33891677899993],[130.88876915000003,-12.338871001999962],[130.888834,-12.33878135699996],[130.88889885000003,-12.338699340999938],[130.88893318100008,-12.338663100999952],[130.8889636990001,-12.338617323999927],[130.88899803200002,-12.338571547999948],[130.88903617900007,-12.338525771999969],[130.88907814000004,-12.338443755999947],[130.8891162870001,-12.33839988699998],[130.88915443400003,-12.338344573999962],[130.88921547000007,-12.338272093999933],[130.88934516900008,-12.338144302999979],[130.88939094500006,-12.33811759899993],[130.889482498,-12.33808898899997],[130.889535904,-12.33808898899997],[130.88959312500003,-12.338069915999938],[130.8897113800001,-12.338024139999959],[130.88979148900012,-12.33796119699997],[130.88982963600006,-12.337915420999934],[130.8898639680001,-12.337879180999948],[130.88990211500004,-12.33783340399998],[130.8899402620001,-12.337797164999927],[130.889974595,-12.337751388999948],[130.89001274100008,-12.33770561199998],[130.89005851700006,-12.33764266999998],[130.89010429400003,-12.337577819999979],[130.89013862600007,-12.337533950999955],[130.890176773,-12.337478637999936],[130.8902492520001,-12.337406158999954],[130.8902759560001,-12.337316512999962],[130.8903293610001,-12.33729743999993],[130.89038658100003,-12.337261199999944],[130.89041328500002,-12.337205886999982],[130.89041328500002,-12.337150572999974],[130.89046669000004,-12.337060927999971],[130.89052391000007,-12.337024688999975],[130.89059638900005,-12.336959838999974],[130.89060401900008,-12.336906432999967],[130.89060401900008,-12.336807250999982],[130.89061164800012,-12.336751937999964],[130.89066886900002,-12.33666229299996],[130.89070320100006,-12.336626052999975],[130.89075660700007,-12.336599349999972],[130.89080238400004,-12.336570739999956],[130.8908672330001,-12.336498260999974],[130.89087486300002,-12.336399077999943],[130.89090156500004,-12.336297988999945],[130.8909130090001,-12.336244582999939],[130.89092826800004,-12.336191176999932],[130.89095878600006,-12.33613586499996],[130.89098548900006,-12.336090087999935],[130.89101219200006,-12.336044311999956],[130.89106559700008,-12.335937499999943],[130.891103745,-12.335845947999928],[130.89111900300009,-12.335790633999977],[130.89115715000003,-12.335700988999974],[130.89119148300006,-12.335645675999956],[130.89125633300011,-12.335582732999967],[130.8913021090001,-12.335554122999952],[130.89136695800005,-12.335483550999982],[130.89139366200004,-12.335435866999944],[130.89141273500002,-12.335382460999938],[130.89144706700006,-12.335283278999952],[130.8914852150001,-12.335184096999967],[130.89151191700012,-12.335128783999949],[130.89154625000003,-12.33508300799997],[130.891592026,-12.335056304999966],[130.891695023,-12.335037230999944],[130.89178657600007,-12.335000991999948],[130.8917675020001,-12.334928511999976],[130.89172935400006,-12.33488273599994],[130.89171028200008,-12.334756850999952],[130.8917369840001,-12.334711074999973],[130.8917636870001,-12.334665298999937],[130.89180183400003,-12.334629058999951],[130.89183616600008,-12.334585189999927],[130.8919200900001,-12.334503172999973],[130.89196586600008,-12.334465026999965],[130.8920001990001,-12.334421157999941],[130.8920459750001,-12.334375381999962],[130.89208412200003,-12.334339141999976],[130.892129898,-12.334300994999978],[130.8921756740001,-12.334264754999936],[130.89221382100004,-12.33422851599994],[130.8922557830001,-12.334138870999936],[130.89227485600009,-12.334083556999929],[130.89229393000005,-12.334030151999968],[130.8923282620001,-12.333929060999935],[130.8923854830001,-12.333848952999972],[130.89241981500004,-12.333803176999936],[130.8924579620001,-12.33376693699995],[130.89249229400002,-12.333721160999971],[130.89253044200007,-12.333684921999975],[130.89258384700008,-12.333610534999934],[130.89262199400002,-12.333566664999978],[130.89264869700003,-12.33351135199996],[130.89268302900007,-12.333412170999964],[130.89270210300003,-12.333356856999956],[130.892721176,-12.333293913999967],[130.89275550900004,-12.333204268999964],[130.89280128500002,-12.33311271599996],[130.89282798800002,-12.33306693999998],[130.8928661340001,-12.333023070999957],[130.89292717,-12.332941054999935],[130.89296531700006,-12.332904815999939],[130.89303016600002,-12.332822799999974],[130.89306449900005,-12.332777023999938],[130.89314079300004,-12.33272170999993],[130.8932018280001,-12.332649230999948],[130.89321327200003,-12.332595825999931],[130.89320945800011,-12.33254051199998],[130.89320945800011,-12.332487105999974],[130.89322090200005,-12.332431792999955],[130.89324760400007,-12.332349776999934],[130.8932819370001,-12.332296370999927],[130.8933086390001,-12.332250594999948],[130.893339157,-12.33220481799998],[130.89337349000004,-12.332160948999956],[130.8934078210001,-12.332122802999947],[130.89344596900003,-12.332088469999974],[130.8934841150001,-12.332050323999965],[130.89355659500006,-12.331996917999959],[130.89360237200003,-12.331958770999961],[130.89365577700005,-12.33194160499994],[130.89375877400005,-12.331903456999953],[130.89380455000003,-12.331850051999936],[130.89380455000003,-12.331750868999961],[130.89385795600003,-12.331668853999929],[130.89393043500002,-12.331596374999947],[130.8939762120001,-12.331567764999932],[130.89406776400006,-12.33155822699996],[130.89404106200004,-12.33147811899994],[130.89409446700006,-12.331396102999975],[130.8941326150001,-12.331359862999932],[130.89416694600004,-12.331314086999953],[130.89425087000006,-12.331258773999934],[130.89431571900002,-12.331195830999945],[130.89436912500003,-12.33111381599997],[130.8943843840001,-12.331060408999974],[130.89442253100003,-12.330978393999942],[130.89444923400004,-12.330879210999967],[130.89447593700004,-12.330823898999938],[130.8945140840001,-12.33077812199997],[130.89457893400004,-12.33070564299993],[130.89461326600008,-12.330669402999945],[130.89463996900008,-12.330623626999966],[130.89468574500006,-12.33057784999994],[130.89475059500012,-12.330541609999955],[130.894804001,-12.330505370999958],[130.8948497770001,-12.330476760999943],[130.894933701,-12.330423354999937],[130.89502525400007,-12.330394744999978],[130.8950786590001,-12.330385207999939],[130.89517402700005,-12.330375670999956],[130.8952350620001,-12.330358505999982],[130.89529991100005,-12.33029365599998],[130.8953380590001,-12.330247878999955],[130.89537239100002,-12.33021163899997],[130.89541053800008,-12.330175399999973],[130.89544487000012,-12.330129623999937],[130.8955936430001,-12.329895018999935],[130.8956470490001,-12.329849242999956],[130.8957462310001,-12.32983016999998],[130.89583778400004,-12.32983016999998],[130.89594078100004,-12.32983779899996],[130.89599418600005,-12.32983779899996],[130.89603996200003,-12.329801558999975],[130.89605140700007,-12.32971000599997],[130.8960590360001,-12.32964706499996],[130.8960857390001,-12.329601287999935],[130.8960857390001,-12.329511642999933],[130.8960857390001,-12.329410552999946],[130.89615821900009,-12.32935714699994],[130.8962116240001,-12.32935714699994],[130.89630317700005,-12.329393385999936]]]}},{"type":"Feature","properties":{"CUSTODIAN":"NTPFES - Northern Territory Fire and Rescue Service","BND_TYPE":"Emergency Response Area","SHORT_NAME":"Darwin and Berrimah","GAZ_NAME":"Greater Darwin Emergency Response Area","GAZ_NO":"G20","GAZ_DATE":"2006-05-17T00:00:00","NOTES":null,"SHAPE_Leng":0.543094220908,"SHAPE_Area":0.0059308549197},"geometry":{"type":"Polygon","coordinates":[[[130.82080650300009,-12.404296874999943],[130.8214244840001,-12.404293060999976],[130.82213020300003,-12.404359816999943],[130.82262611400006,-12.404401778999954],[130.82303428700004,-12.404777526999965],[130.8235874170001,-12.404937743999938],[130.824491501,-12.405231475999926],[130.8253345490001,-12.405857085999969],[130.8254146580001,-12.40578460699993],[130.82557106000002,-12.40580177299995],[130.82573509200006,-12.405855178999957],[130.82588386600003,-12.405906676999962],[130.82604026800004,-12.405960082999968],[130.82621574400002,-12.405996322999954],[130.82637214600004,-12.406003951999935],[130.82652091900002,-12.40599250799994],[130.8266925810001,-12.405982970999958],[130.82686042800003,-12.405973433999975],[130.8270053860001,-12.405981063999945],[130.82710075400007,-12.406126021999967],[130.82717323300005,-12.406251906999955],[130.82726860000002,-12.406358718999968],[130.82742500300003,-12.406394958999954],[130.8275699610001,-12.406375884999932],[130.8277454370001,-12.406373977999976],[130.82789421100006,-12.406400679999933],[130.82802391000007,-12.406524657999967],[130.8281345370001,-12.406623839999952],[130.82823371900008,-12.406715392999956],[130.82834434500012,-12.40681266799993],[130.82848548900006,-12.406921386999954],[130.82861518900006,-12.407001494999975],[130.82877159200007,-12.407072066999945],[130.828935623,-12.407152175999954],[130.82910347000006,-12.40720558199996],[130.82925224300004,-12.407258986999977],[130.82941627500009,-12.407321929999966],[130.82958412200003,-12.407402038999976],[130.82974052500003,-12.407445907999943],[130.82990455700008,-12.407480239999927],[130.830015182,-12.40757942199997],[130.83012580900004,-12.407669066999972],[130.83025550800005,-12.407741546999944],[130.83038520800005,-12.407819747999952],[130.83053398100003,-12.407829284999934],[130.8307056430001,-12.407810210999969],[130.83085441600008,-12.40783500599997],[130.83099174500012,-12.40790557899993],[130.83112144400002,-12.407960891999949],[130.83126258900006,-12.408004760999972],[130.83140754700003,-12.408111571999939],[130.83153724700003,-12.408220290999964],[130.83168602,-12.408227919999945],[130.831842423,-12.408262252999975],[130.8319873810001,-12.408325194999975],[130.8321170800001,-12.408388137999964],[130.8322734830001,-12.408485411999948],[130.8326816560001,-12.408510207999939],[130.83321571400006,-12.408660888999975],[130.83336448700004,-12.40884017999997],[130.83350944500012,-12.40897369399994],[130.83365058900006,-12.409099578999928],[130.83378028800007,-12.409208297999953],[130.833898545,-12.409305571999937],[130.83400917000006,-12.409387588999948],[130.83413887100005,-12.40947723399995],[130.83429527300007,-12.409547805999978],[130.83444404600004,-12.40962028499996],[130.8346080780001,-12.409635543999968],[130.83476829500012,-12.409662246999972],[130.834951401,-12.409732818999942],[130.83508873000005,-12.409841537999966],[130.8352260590001,-12.40993881199995],[130.8353290560001,-12.410047530999975],[130.8354320520001,-12.410173415999964],[130.835542679,-12.410270690999937],[130.83569908200002,-12.41029739399994],[130.8358745580001,-12.410331725999981],[130.836004257,-12.41038513199993],[130.83614158600005,-12.41051101599993],[130.8362064360001,-12.410646437999958],[130.83627510000008,-12.410818099999972],[130.8363590240001,-12.410999297999979],[130.83641242900012,-12.411125182999967],[130.83648872300012,-12.41128539999994],[130.83658409100008,-12.411457061999954],[130.83668327300006,-12.411619185999939],[130.83672904900004,-12.411691664999978],[130.8369503020001,-12.411888121999937],[130.8370532990001,-12.412014007999971],[130.83713722200002,-12.412149428999953],[130.8372592920001,-12.412248611999928],[130.83737754900005,-12.41233825699993],[130.83750724800007,-12.41241836499995],[130.83763694700008,-12.412508010999943],[130.83777427600012,-12.412607192999928],[130.83787727300012,-12.412714004999941],[130.8379993430001,-12.412803649999944],[130.83811760000003,-12.412883758999953],[130.8382587430001,-12.412963866999974],[130.83832359300004,-12.413009642999953],[130.83837699800006,-12.413045882999938],[130.8385143280001,-12.413116454999965],[130.838651657,-12.413143157999968],[130.838727951,-12.413160323999932],[130.83888435400002,-12.41316795399996],[130.83904075700002,-12.41315841599993],[130.83917808500007,-12.41315841599993],[130.83932304400003,-12.413156508999975],[130.83946418800008,-12.413146972999982],[130.83960914600004,-12.413171767999927],[130.83966636600007,-12.413316726999938],[130.8398036960001,-12.41327094999997],[130.83991432200003,-12.413162230999944],[130.8400325780001,-12.413080215999969],[130.84014320400001,-12.412979125999982],[130.84025383000005,-12.412887572999978],[130.84029579200012,-12.41275215099995],[130.84029579200012,-12.412452697999981],[130.84028434700008,-12.412309645999926],[130.84030342100004,-12.412155151999968],[130.840345382,-12.412010192999958],[130.8404178610001,-12.41189193699995],[130.84050941400005,-12.411783217999925],[130.8406276710001,-12.41168403599994],[130.84077644400008,-12.411628723999968],[130.8409595490001,-12.411626815999966],[130.84109687800003,-12.411634444999947],[130.8414745330001,-12.41127967899996],[130.84142494200012,-12.411136626999962],[130.8413982390001,-12.411001204999934],[130.841581345,-12.410970687999964],[130.84172248800007,-12.410970687999964],[130.841810226,-12.410894393999968],[130.84169578600006,-12.410749435999946],[130.84164619400008,-12.410509109999964],[130.8418369300001,-12.410213469999974],[130.84197756000003,-12.410103245999949],[130.84207625700003,-12.41010257399995],[130.85039448600003,-12.410045932999935],[130.850515018,-12.410045112999967],[130.85063282900012,-12.410063069999978],[130.85117386000002,-12.410142631999975],[130.851395668,-12.410153987999934],[130.85186162800005,-12.410130060999961],[130.85254543000008,-12.410115406999978],[130.854797092,-12.410497353999972],[130.85521127800007,-12.410493452999958],[130.85613538600012,-12.410490511999967],[130.85611812000002,-12.406324887999972],[130.85680902000001,-12.406557631999931],[130.90753631600012,-12.423646179999935],[130.90915269900006,-12.424190691999968],[130.909108,-12.424328],[130.9088220000001,-12.425073],[130.908741,-12.425282],[130.9084170000001,-12.425982],[130.9081010000001,-12.426643],[130.907683,-12.427635],[130.908528,-12.427925],[130.9124705260001,-12.42939610999997],[130.914027,-12.429979],[130.917718,-12.431361],[130.91982563200008,-12.432143936999978],[130.923473,-12.433498],[130.92744,-12.435],[130.930592,-12.436306],[130.93468,-12.437817],[130.945328,-12.441779],[130.944728,-12.443454],[130.9444840000001,-12.444122997999955],[130.9443440020001,-12.444519003999972],[130.94428309600005,-12.444855365999956],[130.94427899800007,-12.44487800099995],[130.944307,-12.44523600399998],[130.94544500200004,-12.450129003999962],[130.9458029980001,-12.451551996999967],[130.94627999800002,-12.45308199699997],[130.94640899900003,-12.453710000999934],[130.946432,-12.454232],[130.946437,-12.454845],[130.946411,-12.455418],[130.94632,-12.455904],[130.9462386450001,-12.456226325999978],[130.94599222300008,-12.456908410999972],[130.94590430900007,-12.45709338599994],[130.94572235500004,-12.457439971999975],[130.94547604900004,-12.457738740999957],[130.94470479900008,-12.45838839199996],[130.94387507600004,-12.45884439599996],[130.94336903600004,-12.459045036999953],[130.94371551300003,-12.459920564999948],[130.94386139900007,-12.460157686999935],[130.94408934500007,-12.460330968999926],[130.9443440020001,-12.460442002999969],[130.94425300000012,-12.460484],[130.94416400000011,-12.460666],[130.943921,-12.461593],[130.9438490000001,-12.461798],[130.942737,-12.464366],[130.94249,-12.464832],[130.9422,-12.465266],[130.941854,-12.465668],[130.940272,-12.467066],[130.939515776,-12.46767485099997],[130.938651,-12.467981969999926],[130.93853148000005,-12.467929499999968],[130.9385170800001,-12.467956499999957],[130.9384360800001,-12.46814072999996],[130.93836840000006,-12.468328199999974],[130.93836264300012,-12.46844610599993],[130.93836264000004,-12.468446189999952],[130.93840188000001,-12.468564899999933],[130.93846164,-12.468684329999974],[130.93851816000006,-12.46880393999993],[130.938547684,-12.468923549999943],[130.93855380000002,-12.46899689999998],[130.93855884000004,-12.469076909999956],[130.93855452200012,-12.469154489999937],[130.9385325600001,-12.469220909999933],[130.93849365000005,-12.469259594999926],[130.93848576000005,-12.469267439999953],[130.93841052000005,-12.469307759999936],[130.9383356400001,-12.46934798999996],[130.9382604000001,-12.469388309999943],[130.9381851600001,-12.469428629999982],[130.93811028000005,-12.469468949999964],[130.9380368400001,-12.469501979999961],[130.93796340000006,-12.469535009999959],[130.93781688,-12.469601159999968],[130.93774344000008,-12.469634189999965],[130.9376746800001,-12.469646789999956],[130.93759980000004,-12.469632299999944],[130.93746912000006,-12.469869629999948],[130.93762248000007,-12.470218289999934],[130.93763148000005,-12.470309369999939],[130.93759836000004,-12.470457869999962],[130.93753536000008,-12.470612579999965],[130.93745940000008,-12.470711939999944],[130.937301,-12.470798159999958],[130.937259067,-12.470819444999961],[130.9371346800001,-12.470882309999979],[130.9369885200001,-12.470954579999955],[130.93687836000004,-12.471014699999955],[130.93678836000004,-12.471084539999936],[130.9367606400001,-12.471148979999953],[130.93673292100004,-12.471213509999927],[130.93673724000007,-12.471414299999935],[130.9367635200001,-12.471900569999946],[130.93678080000007,-12.472699949999935],[130.93677360000004,-12.473264699999959],[130.93673760000001,-12.47376257999997],[130.9366116000001,-12.474187919999963],[130.93629912000006,-12.474481409999953],[130.93595712,-12.47465141999993],[130.93553592,-12.474809009999944],[130.93515216000003,-12.475079369999946],[130.93498044000012,-12.47534810999997],[130.9347082800001,-12.47597081999993],[130.93451892000007,-12.476392019999935],[130.93427916000007,-12.476710169999933],[130.93350624000004,-12.47756966999998],[130.93225812000003,-12.47896277999996],[130.93068240000002,-12.480682049999928],[130.92928488000007,-12.482193869999946],[130.9279766400001,-12.483572669999944],[130.92755739400002,-12.483990584999958],[130.92741142600005,-12.484136088999946],[130.9257907870001,-12.482820510999943],[130.9256343840001,-12.482902525999975],[130.9255084990001,-12.482975005999947],[130.92537117000006,-12.483095168999967],[130.92521476700006,-12.483167647999949],[130.92503166200004,-12.483242034999932],[130.92485618600006,-12.483304977999978],[130.924692154,-12.483333587999937],[130.9244823460001,-12.48335266099997],[130.92431449900005,-12.483390807999967],[130.92417717,-12.483446121999975],[130.92403984100008,-12.483491896999965],[130.92383003300006,-12.483566284999938],[130.9236545560001,-12.483585356999981],[130.92347145100007,-12.483594894999953],[130.92333412200003,-12.48361396799993],[130.92316627500009,-12.483615874999941],[130.92295646700006,-12.483644484999957],[130.92280006400006,-12.483682632999944],[130.9226322170001,-12.483701705999977],[130.92249488800007,-12.483701705999977],[130.92233848500007,-12.483713149999971],[130.9221935270001,-12.483703613999978],[130.92205619800006,-12.483669280999948],[130.92194557200003,-12.483596801999965],[130.92182350100006,-12.483509062999929],[130.92171287600002,-12.483409881999933],[130.9216022490001,-12.483283995999955],[130.92150688100003,-12.483158111999956],[130.9213695520001,-12.48305892899998],[130.92118644700008,-12.483015059999957],[130.92101860100001,-12.482971190999933],[130.92085456900008,-12.482946395999932],[130.92071342500003,-12.482919692999928],[130.92043876600007,-12.482812880999973],[130.92030143700003,-12.48278617799997],[130.92014503400003,-12.482814788999974],[130.92001533500002,-12.482879638999975],[130.91989708000006,-12.48296165499994],[130.91974830700008,-12.483016967999959],[130.9195461270001,-12.48301887499997],[130.9193935390001,-12.483011244999943],[130.91921806400012,-12.483020782999972],[130.91908836300001,-12.483066558999951],[130.91897773800008,-12.483158111999956],[130.91885948100003,-12.483222960999967],[130.9187221530001,-12.483304977999978],[130.91857719400002,-12.483350753999957],[130.91842842100004,-12.48337745699996],[130.91829109200012,-12.483398437999938],[130.9181079860001,-12.48340034499995],[130.91797065700007,-12.483436583999946],[130.91761207600007,-12.483484267999927],[130.91750144900004,-12.483484267999927],[130.9173603060001,-12.483493804999966],[130.91722297700005,-12.483512877999942],[130.917085648,-12.483541487999958],[130.91694068900006,-12.483543395999959],[130.91679191600008,-12.483545302999971],[130.91663551400006,-12.48352813699995],[130.91650581300007,-12.483455657999968],[130.91636848400003,-12.48339271499998],[130.91621208200002,-12.483367919999978],[130.91604423600006,-12.483367919999978],[130.9158992770001,-12.483333587999937],[130.91575813300005,-12.48322677599998],[130.91564750700002,-12.483127593999939],[130.9154834750001,-12.483110427999975],[130.91531944300004,-12.483112335999976],[130.91515922500002,-12.48312187199997],[130.9149951930001,-12.483123778999982],[130.91494941700012,-12.483266829999934],[130.9148693080001,-12.483386992999954],[130.91472053500001,-12.48342323299994],[130.91459465000003,-12.483478545999958],[130.91447639400008,-12.483570098999962],[130.91436576900003,-12.48367881799993],[130.91426658600005,-12.483770369999945],[130.91415596100012,-12.483871459999932],[130.9140453340001,-12.483970641999974],[130.91390800500005,-12.484033584999963],[130.913770676,-12.484035491999975],[130.91359520000003,-12.484035491999975],[130.91348457300012,-12.48412704499998],[130.91342353800007,-12.48425483699998],[130.91335868800002,-12.484409331999927],[130.91329383900006,-12.484554290999938],[130.91324806300008,-12.484699249999949],[130.91316032400005,-12.484781264999981],[130.9130191810001,-12.484773635999943],[130.9128627780001,-12.48474693299994],[130.91280174300005,-12.484720229999937],[130.9127330780001,-12.484693526999934],[130.91258811900002,-12.48459625199996],[130.91245842,-12.48453330999996],[130.91230201700012,-12.484470367999961],[130.91216468800008,-12.484390258999952],[130.91205406100005,-12.484273910999946],[130.9119663240001,-12.484155654999938],[130.91186714200012,-12.48402976999995],[130.911790848,-12.483942031999959],[130.91167259200006,-12.483797072999948],[130.91158866900003,-12.48367118899995],[130.91149330200005,-12.483535766999978],[130.91142082200008,-12.483419417999926],[130.9113445280001,-12.483303069999977],[130.91126060500005,-12.483177184999931],[130.91117668200002,-12.483068465999963],[130.91105842600007,-12.482988357999943],[130.910890579,-12.482971190999933],[130.91075325100007,-12.482917784999927],[130.91068840000003,-12.482791900999928],[130.91059684800007,-12.482639312999936],[130.91049385100007,-12.482530593999968],[130.91038322500003,-12.482440947999976],[130.91024589500012,-12.482387542999959],[130.91007042,-12.48237228399995],[130.90992927600007,-12.482328414999927],[130.90981102,-12.482246398999962],[130.90970039400008,-12.482149123999932],[130.90963554300004,-12.481987],[130.909605026,-12.481832503999954],[130.90953254700003,-12.481716155999948],[130.90935707100004,-12.481653212999959],[130.9091892240001,-12.481636046999938],[130.90905189500006,-12.481618880999974],[130.9088573460001,-12.481594085999973],[130.90869331400006,-12.48156738299997],[130.9085178370001,-12.481523513999946],[130.90835380500005,-12.481496810999943],[130.90816688600012,-12.481498717999955],[130.90800285300008,-12.481491088999974],[130.90778923100004,-12.481473922999953],[130.90761756900008,-12.481458663999945],[130.9074420920001,-12.481422423999959],[130.9072856900001,-12.481388091999975],[130.90713691700012,-12.481380462999937],[130.90696144100002,-12.481380462999937],[130.90678596500004,-12.481382369999949],[130.9066219330001,-12.481384276999961],[130.90645790100007,-12.481384276999961],[130.9063091270001,-12.481349944999977],[130.90615272500008,-12.48137664799998],[130.9059772490001,-12.481424330999971],[130.90583992000006,-12.481452941999976],[130.90568351800005,-12.481479644999979],[130.90554618900012,-12.48153495799994],[130.90537071200004,-12.481519698999932],[130.90441703800002,-12.481931686999928],[130.90439033500002,-12.482086180999943],[130.90427207900007,-12.482177733999947],[130.9041004180001,-12.482278823999934],[130.90402793900012,-12.482334136999953],[130.90405464100002,-12.482496260999937],[130.9041767120001,-12.482484816999943],[130.9042568210001,-12.482477187999962],[130.90439415000003,-12.482448576999957],[130.90447807300006,-12.482572554999933],[130.90452384900004,-12.482709883999973],[130.90451622000012,-12.482852935999972],[130.90448951700012,-12.482990264999955],[130.90444755500005,-12.483142852999947],[130.9043827060001,-12.483261108999955],[130.90429878200007,-12.483379363999973],[130.90421867400005,-12.483524321999937],[130.9041538240001,-12.48369598399995],[130.90415763900012,-12.483995436999976],[130.9041767120001,-12.48415756199995],[130.904207229,-12.484312056999954],[130.9042263030001,-12.48444557199997],[130.90424537700005,-12.484582900999953],[130.9042568210001,-12.484725951999962],[130.90426445000003,-12.484870909999927],[130.90426445000003,-12.485015868999938],[130.90424919200007,-12.485160827999948],[130.904184342,-12.485286712999937],[130.90409278900006,-12.485397338999974],[130.90396690300008,-12.485477446999937],[130.90383720400007,-12.485551833999978],[130.903772354,-12.485689162999961],[130.9037647250001,-12.485841750999953],[130.90369224500012,-12.485967635999941],[130.90360069200005,-12.486078261999978],[130.90349769600004,-12.486206054999968],[130.9034099580001,-12.486305235999964],[130.903310776,-12.486406325999951],[130.90319252000006,-12.486488341999973],[130.90306282000006,-12.486577986999976],[130.90295982400005,-12.486642836999977],[130.9028148650001,-12.486734389999981],[130.90266990700002,-12.486806868999963],[130.9025058750001,-12.486835478999978],[130.90243721000002,-12.48683738699998],[130.90236473100003,-12.48684501699995],[130.90221977300007,-12.486919402999945],[130.90208244300004,-12.486984252999946],[130.90195274300004,-12.487073898999938],[130.9018917080001,-12.487119674999974],[130.90182685900004,-12.487167357999965],[130.901716232,-12.487194061999958],[130.90159797700005,-12.487339019999979],[130.90155220000008,-12.487411498999961],[130.9015064240001,-12.487476348999962],[130.90152168300006,-12.487573623999936],[130.90149116500004,-12.487710952999976],[130.9014263150001,-12.48785591099994],[130.90133476200003,-12.487964629999965],[130.90123939500006,-12.488092421999966],[130.90110969500006,-12.488138198999934],[130.90099907,-12.488220214999956],[130.90087318400003,-12.488248824999971],[130.90074729900005,-12.488304137999933],[130.90058708200002,-12.488349913999969],[130.9004764560001,-12.488349913999969],[130.900331498,-12.488395690999937],[130.90023613000005,-12.488477706999959],[130.90011024400007,-12.48852539099994],[130.9000148780001,-12.488597869999978],[130.89991951000002,-12.488634108999975],[130.8996829990001,-12.488735198999962],[130.89954567000007,-12.488754272999927],[130.89933586100005,-12.48875617899995],[130.89915657000006,-12.488748550999958],[130.89890480000008,-12.488723754999967],[130.89877510100007,-12.488660812999967],[130.89863395700002,-12.488534926999932],[130.89851951600008,-12.48844528199993],[130.89844322200008,-12.488451003999955],[130.89750862100004,-12.489341735999972],[130.8967266080001,-12.489927291999948],[130.89578819300004,-12.490329741999972],[130.89478111300002,-12.49050331099994],[130.89380073600012,-12.490440368999941],[130.8924083710001,-12.490182876999938],[130.89113807700005,-12.496810912999933],[130.88896751400011,-12.496410369999978],[130.88399314900005,-12.49271964999997],[130.88009071300007,-12.48982620299995],[130.8788127900001,-12.48887824999997],[130.8789386750001,-12.488719939999953],[130.87943840000003,-12.488069533999976],[130.8800487520001,-12.48852539099994],[130.88077354400002,-12.487586974999942],[130.88235282900007,-12.488758086999951],[130.8822841640001,-12.48884391799993],[130.88302040100007,-12.48938751299994],[130.88296699500006,-12.489456176999965],[130.88311195300003,-12.489553451999939],[130.8834629060001,-12.489744185999939],[130.88383293200002,-12.489904402999969],[130.88421821600002,-12.490030288999947],[130.88461113000005,-12.49011993399995],[130.885011673,-12.490173339999956],[130.8854160310001,-12.490190505999976],[130.88569450400007,-12.490179061999982],[130.88581657400005,-12.490169524999942],[130.88621711700011,-12.490112304999968],[130.88661003100003,-12.490018844999952],[130.886991501,-12.489891051999962],[130.88736152600006,-12.489728927999977],[130.88771247900002,-12.489532470999961],[130.888044357,-12.489305495999929],[130.888353348,-12.489049911999928],[130.888635635,-12.488767623999934],[130.88889122000012,-12.488458632999937],[130.89290809700003,-12.483123778999982],[130.89291954100008,-12.483108520999963],[130.89287376400011,-12.48303604199998],[130.8927898400001,-12.482910155999946],[130.89267921500004,-12.482755660999942],[130.89259529100002,-12.482639312999936],[130.8925113680001,-12.482513427999947],[130.89242744400008,-12.482397079999942],[130.89234352100004,-12.482225417999928],[130.89230156000008,-12.482126235999942],[130.89225959700002,-12.48203659099994],[130.89218330300002,-12.48182868899994],[130.89211082400004,-12.481613158999949],[130.8920726780001,-12.48148727399996],[130.89208030700001,-12.481342315999939],[130.8920764930001,-12.48089790299997],[130.89208412200003,-12.480735778999929],[130.89209175200006,-12.480546950999951],[130.89209175200006,-12.480438231999926],[130.89208030700001,-12.480201720999958],[130.8920230860001,-12.480085372999952],[130.89187431300002,-12.480005263999942],[130.8917636870001,-12.479898452999976],[130.89167213400003,-12.47978973399995],[130.89160728500008,-12.47965431199998],[130.8915882110001,-12.479518889999952],[130.89157676700006,-12.479356765999967],[130.89153862000012,-12.479194640999935],[130.89149284400003,-12.479059219999954],[130.89145469700009,-12.478914260999943],[130.891435623,-12.478761672999951],[130.89142417900007,-12.478597640999965],[130.89142417900007,-12.478399276999937],[130.89142036400006,-12.47822761599997],[130.8914318080001,-12.478082656999959],[130.8914279930001,-12.477903365999964],[130.8914279930001,-12.47776603699998],[130.89138984700003,-12.477622985999972],[130.89131355300003,-12.477497100999926],[130.89123344400002,-12.477352141999972],[130.89116478000005,-12.47719955499997],[130.89115715000003,-12.477018356999963],[130.89115333600012,-12.47686386099997],[130.89115333600012,-12.476701736999928],[130.89115333600012,-12.476530074999971],[130.89116096500004,-12.47638511599996],[130.89123344400002,-12.476230621999946],[130.8913516990001,-12.476121902999978],[130.891462326,-12.476022719999946],[130.89156913800002,-12.475868224999942],[130.89156913800002,-12.475723265999932],[130.89152336100005,-12.475561141999947],[130.89144706700006,-12.475442886999929],[130.8913822170001,-12.47531700099995],[130.89136314400002,-12.475263595999934],[130.89136695800005,-12.475210189999927],[130.8914089210001,-12.47510910099993],[130.89141655000003,-12.475028991999977],[130.89130592300012,-12.474685668999939],[130.89118385400002,-12.474388121999937],[130.89126396200004,-12.474107741999944],[130.89152717600007,-12.473924636999982],[130.89161872900002,-12.473608016999947],[130.89161491400012,-12.473318099999972],[130.8916873930001,-12.47296524099994],[130.89183235200005,-12.472692489999929],[130.89203453000005,-12.47248458799993],[130.89206123400004,-12.472537994999982],[130.89217186000008,-12.472753524999973],[130.89224052500003,-12.473033904999966],[130.89209556600008,-12.473287581999955],[130.89201545800006,-12.473606108999945],[130.89193534900005,-12.473958968999966],[130.89195442200003,-12.474239348999959],[130.89226722700005,-12.47434425299997],[130.89233970600003,-12.47394561799996],[130.89233589100002,-12.473628997999981],[130.892389298,-12.473314285999948],[130.89262580900004,-12.47310256999998],[130.89270591700006,-12.472785948999956],[130.89283561700006,-12.472522735999974],[130.892980576,-12.47228813099997],[130.8930988310001,-12.472005843999966],[130.89314842300007,-12.471652983999945],[130.893388748,-12.471389770999963],[130.89367103600011,-12.47123527499997],[130.8936901090001,-12.470991134999963],[130.893774032,-12.470872878999955],[130.89395332300012,-12.470708846999969],[130.89402961700011,-12.470561981999936],[130.8941059110001,-12.470417022999982],[130.89432716400006,-12.470226287999935],[130.89455223100003,-12.470026015999963],[130.89465141300002,-12.469736098999931],[130.8947963720001,-12.46941757199994],[130.89499855000008,-12.469200134999937],[130.8951816560001,-12.468936919999976],[130.89537239100002,-12.468727111999954],[130.89395332300012,-12.46599006699995],[130.89365959200006,-12.466073989999927],[130.89337349000004,-12.466056822999974],[130.89303398100003,-12.466032027999972],[130.89275169400003,-12.466016768999964],[130.89244651800004,-12.465965270999959],[130.89216041600002,-12.465875624999967],[130.89188575700007,-12.465824126999962],[130.8915882110001,-12.465736389999961],[130.8913021090001,-12.465646743999969],[130.89103508000005,-12.465549468999939],[130.89076042200008,-12.465478896999969],[130.89047431900008,-12.465362548999963],[130.89016914400008,-12.465267181999934],[130.88990211500004,-12.465141295999956],[130.88965034500006,-12.46501731899997],[130.88944053700004,-12.464792251999938],[130.88920021100012,-12.46465873699998],[130.8889141090001,-12.46456146199995],[130.8887844080001,-12.464508056999932],[130.8883953090001,-12.464258193999967],[130.88815498400004,-12.464115142999958],[130.8880405420001,-12.46397972099993],[130.88796806300002,-12.463897704999965],[130.8877849580001,-12.463691711999957],[130.88502311700006,-12.46341323799993],[130.88484001200004,-12.46363067599998],[130.8845958710001,-12.463813781999932],[130.8843364710001,-12.463977813999975],[130.88407325800006,-12.464124678999951],[130.88378715500005,-12.464252471999941],[130.88353157100005,-12.464408873999957],[130.88321876500004,-12.464466094999977],[130.8829250340001,-12.464540481999961],[130.88263130200005,-12.46459579499998],[130.88232612600007,-12.464653014999953],[130.88201332100004,-12.464672088999976],[130.8817195890001,-12.46468353299997],[130.88142585800006,-12.464694975999976],[130.881105423,-12.464696883999977],[130.88080024700002,-12.464698790999932],[130.88050651600008,-12.464700698999934],[130.88019371000007,-12.464685439999926],[130.87988090500005,-12.464624404999938],[130.879640579,-12.464527130999954],[130.87949180600003,-12.464483260999941],[130.8793277740001,-12.464437483999973],[130.8790416710001,-12.464376449999975],[130.8787364960001,-12.464288710999938],[130.87844276400006,-12.464128493999965],[130.87816429100008,-12.464012145999959],[130.8779163360001,-12.463888168999972],[130.87764167800003,-12.463762282999937],[130.87738990800005,-12.46362113899994],[130.87714958200002,-12.463459014999955],[130.87692070000003,-12.46327972399996],[130.8766803740001,-12.463136672999951],[130.876401901,-12.462985991999972],[130.87613487300007,-12.462787628999934],[130.87592125000003,-12.46260833699995],[130.8756809240001,-12.462411879999934],[130.87538337700005,-12.462242126999968],[130.875143051,-12.462081908999949],[130.87488746600002,-12.46193885799994],[130.87461662300007,-12.461759567999934],[130.8743686670001,-12.461589812999932],[130.8741359710001,-12.46143722499994],[130.8739070890001,-12.461294173999931],[130.8736476900001,-12.461124420999965],[130.87339973500002,-12.46092796399995],[130.87314033500002,-12.460721968999962],[130.87289619500007,-12.460514068999942],[130.8726482390001,-12.460317611999926],[130.87242698700004,-12.46014785799997],[130.8721790310001,-12.459978102999969],[130.8719272610001,-12.459815978999927],[130.87167930600003,-12.459682464999958],[130.87139320400001,-12.459503173999963],[130.87114143400004,-12.45937919599993],[130.87085533200002,-12.45924568199996],[130.870569229,-12.45914840699993],[130.87030220000008,-12.45901489299996],[130.87004280100007,-12.458826064999926],[130.86981391900008,-12.45863914499995],[130.86955452000007,-12.458459853999955],[130.86927604700008,-12.45826339699994],[130.8690471650001,-12.458084106999934],[130.86883354100007,-12.457902908999927],[130.86864662200003,-12.457679747999975],[130.8683795930001,-12.457590102999973],[130.86807441700012,-12.457584380999947],[130.8679180150001,-12.45735740699996],[130.86775016800004,-12.457105635999937],[130.86752128600006,-12.456928252999944],[130.86723518400004,-12.456947326999966],[130.86695671100006,-12.456804274999968],[130.86667060900004,-12.45666313199996],[130.8664493560001,-12.456474303999926],[130.8663768770001,-12.456193923999933],[130.8665294650001,-12.455949783999927],[130.86667442300006,-12.455696105999948],[130.86657142600006,-12.455415725999956],[130.86628913900006,-12.45523643499996],[130.866071701,-12.455047606999926],[130.8659877780001,-12.454769134999935],[130.86589241000001,-12.454488753999954],[130.8656063080001,-12.45437431299996],[130.865301132,-12.454366683999979],[130.86505699100007,-12.454540252999948],[130.86488151600008,-12.454793929999937],[130.86463356000002,-12.45466995199996],[130.86443901100006,-12.454473494999945],[130.86430168100003,-12.454364776999967],[130.86419868500002,-12.454301833999978],[130.8639049530001,-12.454250335999973],[130.86361885000008,-12.454153060999943],[130.86333274800006,-12.454135894999979],[130.86305427600007,-12.45397567699996],[130.862833023,-12.453796386999954],[130.862886429,-12.45349693299994],[130.86270332300012,-12.453300475999981],[130.86245155300003,-12.453140258999952],[130.86240577700005,-12.453104018999966],[130.86222267200003,-12.452968597999927],[130.86191749600005,-12.452936171999966],[130.86165046600001,-12.45301055899995],[130.8613872530001,-12.45313835199994],[130.8611087800001,-12.45306777899998],[130.86101341300002,-12.452770232999967],[130.860803604,-12.45257186899994],[130.8605709080001,-12.45237541199998],[130.86029624900004,-12.452367782999943],[130.86001014700003,-12.452379226999938],[130.85967826900003,-12.45238113399995],[130.85952949500006,-12.452119826999933],[130.85945320200005,-12.451822280999977],[130.85915946900002,-12.451833724999972],[130.85886573800008,-12.45194244399994],[130.8586177830001,-12.452072142999953],[130.8583545680001,-12.452199935999943],[130.8580760960001,-12.452085494999949],[130.85788917500008,-12.451877593999939],[130.857667923,-12.45168876699995],[130.85762214700003,-12.45140075699993],[130.85731697100005,-12.451303481999958],[130.85701179500006,-12.451288222999949],[130.8567371370001,-12.451396941999974],[130.85667610100006,-12.451461791999975],[130.85651969900005,-12.451616286999979],[130.8563251500001,-12.45141029399997],[130.8563289640001,-12.451173782999945],[130.8561992650001,-12.450885772999982],[130.85602760300003,-12.45071601899997],[130.8559894560001,-12.450679778999927],[130.85583305300008,-12.450942992999956],[130.8555545810001,-12.450836181999932],[130.8555088050001,-12.45054817199997],[130.8555049900001,-12.45026779099993],[130.85556984000004,-12.449995040999966],[130.8556308750001,-12.44968795799997],[130.85573005700007,-12.449407576999931],[130.8527278900001,-12.44842910799997],[130.8516521460001,-12.451620101999936],[130.85089683600006,-12.451364516999945],[130.8499279030001,-12.451028823999934],[130.84989357000006,-12.451084136999953],[130.849855423,-12.451120376999938],[130.84984779400008,-12.451183318999938],[130.84984779400008,-12.451236723999955],[130.849855423,-12.451292037999963],[130.84985923800002,-12.45134544399997],[130.84984779400008,-12.451398849999975],[130.84982109100008,-12.45146369899993],[130.84980583200002,-12.451526641999976],[130.84984016400006,-12.451562881999962],[130.84989738500008,-12.451599120999958],[130.84994316100006,-12.451625823999962],[130.84998893800002,-12.451652526999965],[130.8500537870001,-12.451679229999968],[130.85011863700004,-12.451715469999954],[130.85017204200005,-12.451742171999967],[130.85024833600005,-12.451749800999949],[130.85030937200008,-12.451749800999949],[130.8503665930001,-12.451766966999969],[130.85038566600008,-12.451822280999977],[130.85038566600008,-12.451875686999927],[130.85039329500012,-12.451929092999933],[130.85039711000002,-12.451984405999951],[130.85039711000002,-12.452047347999951],[130.85039711000002,-12.452100753999957],[130.85039711000002,-12.452156066999976],[130.8503894800001,-12.452219008999975],[130.8503627780001,-12.452281951999964],[130.85032463000005,-12.452337264999926],[130.8502864840001,-12.452400206999926],[130.85027122500003,-12.452455520999933],[130.85027122500003,-12.452518462999933],[130.85027885400007,-12.452581404999933],[130.85028266900008,-12.452644347999978],[130.85028266900008,-12.452697753999928],[130.85026359500011,-12.452753066999946],[130.85024452200003,-12.452808379999965],[130.85022544900005,-12.452861785999971],[130.85019111600002,-12.45290756199995],[130.85016441300002,-12.452953338999976],[130.8501834870001,-12.453287124999974],[130.8501605990001,-12.453639983999949],[130.8501605990001,-12.453811644999973],[130.8501605990001,-12.453874587999962],[130.8501605990001,-12.453937530999951],[130.8501605990001,-12.454002380999952],[130.85015297000007,-12.45405578599997],[130.85015297000007,-12.454118728999958],[130.85015297000007,-12.454172133999975],[130.85016441300002,-12.454225539999982],[130.85017204200005,-12.454280852999943],[130.8501834870001,-12.454343795999932],[130.85017585700007,-12.454406737999932],[130.85014534000004,-12.454471587999933],[130.8501110080001,-12.45452499399994],[130.8500843050001,-12.454570769999975],[130.8500576020001,-12.454616546999944],[130.85001945500005,-12.45465278699993],[130.8499813080001,-12.454698561999976],[130.84994697500008,-12.454734801999962],[130.84992027300007,-12.454778670999929],[130.849882126,-12.454816818999973],[130.84984779400008,-12.45485305799997],[130.84980964600004,-12.454898833999948],[130.84978294400003,-12.454942702999972],[130.84975624100002,-12.454990386999953],[130.84973716700006,-12.455043792999959],[130.84971809400008,-12.455097197999976],[130.84971046400005,-12.455150604999972],[130.8497486110001,-12.455186843999968],[130.8497753150001,-12.455232619999947],[130.84980201700012,-12.455287933999955],[130.84982109100008,-12.455341338999972],[130.84982109100008,-12.455394743999932],[130.84981346100005,-12.45545005799994],[130.84976768500007,-12.455476760999943],[130.84971046400005,-12.455486296999936],[130.84968376200004,-12.455495834999965],[130.8495922090001,-12.455505370999958],[130.84953498900006,-12.455514907999941],[130.84944725000003,-12.45552444499998],[130.84940910300008,-12.455488204999938],[130.8493633270001,-12.455451965999941],[130.84930610700007,-12.455463409999936],[130.84925270100007,-12.455480575999957],[130.849187851,-12.455463409999936],[130.84914970400007,-12.45542716999995],[130.84909629900005,-12.455400466999947],[130.84903907700004,-12.455390929999965],[130.84898567200003,-12.45540237399996],[130.84893989600005,-12.455429076999962],[130.84891319300004,-12.45547294599993],[130.84877586400012,-12.455566405999946],[130.84867668100003,-12.455566405999946],[130.84864997900002,-12.455701827999974],[130.84873771600007,-12.455728530999977],[130.84883308400003,-12.455854415999966],[130.8488521580001,-12.455907821999972],[130.84888648900005,-12.455944060999968],[130.848981857,-12.455934524999975],[130.84912681600008,-12.455951690999939],[130.8492107390001,-12.455995559999963],[130.8492565150001,-12.456022262999966],[130.8493137360001,-12.45604896499998],[130.84936714200012,-12.45604896499998],[130.849393845,-12.456003188999944],[130.84948539700008,-12.45603942899993],[130.84952354400002,-12.456075667999926],[130.849550248,-12.456129073999932],[130.8495693200001,-12.45618438699995],[130.8495426180001,-12.456228255999974],[130.8495159150001,-12.456283569999925],[130.8494892120001,-12.456329345999961],[130.84945106500004,-12.45637512199994],[130.8494129180001,-12.456418990999964],[130.8493862150001,-12.456474303999926],[130.8493595120001,-12.456556320999937],[130.84935188300005,-12.456609725999954],[130.84934425300003,-12.456665038999972],[130.84935188300005,-12.456718444999979],[130.8493633270001,-12.456771849999939],[130.84937095600003,-12.456827163999947],[130.84937477100004,-12.456880568999964],[130.8493633270001,-12.456935882999971],[130.8493633270001,-12.456989287999932],[130.8493633270001,-12.457042693999938],[130.8493633270001,-12.457098006999956],[130.84937477100004,-12.457151412999963],[130.849393845,-12.45720481899997],[130.8494129180001,-12.45726013199993],[130.84942054700002,-12.45731544499995],[130.84943199100007,-12.457368850999956],[130.84942436200004,-12.457441329999938],[130.84943199100007,-12.457494735999944],[130.84942436200004,-12.457550048999963],[130.84940910300008,-12.45760345399998],[130.84952735900004,-12.457712172999948],[130.84958076500004,-12.457729339999958],[130.84963417000006,-12.457746505999978],[130.84966468800008,-12.457792281999957],[130.8496456140001,-12.457845687999964],[130.84963798500007,-12.457901000999982],[130.8496456140001,-12.458000182999967],[130.8496189120001,-12.458063125999956],[130.8495464330001,-12.458063125999956],[130.84948158300006,-12.458055496999975],[130.84942817700005,-12.458082198999932],[130.84938240100007,-12.458253859999957],[130.84936714200012,-12.458490371999972],[130.84936714200012,-12.458688735999942],[130.8493862150001,-12.45887756299993],[130.84945106500004,-12.459005355999977],[130.84950447100005,-12.459039687999962],[130.84956169100008,-12.459075927999947],[130.84958839400008,-12.459119796999971],[130.85134697,-12.459127425999952],[130.8513393400001,-12.459306716999947],[130.84958457900007,-12.459327696999935],[130.84952735900004,-12.45936584499998],[130.8494625090001,-12.45936584499998],[130.84940910300008,-12.45936584499998],[130.84935569700008,-12.45936584499998],[130.84927177400004,-12.459367751999935],[130.84919548000005,-12.459377288999974],[130.84913444500012,-12.459377288999974],[130.84901237500003,-12.459377288999974],[130.84893989600005,-12.459386824999967],[130.84886741700006,-12.45939636199995],[130.84881019600004,-12.459415435999972],[130.84875679000004,-12.459424972999955],[130.84869957,-12.459424972999955],[130.84863853500008,-12.459434508999948],[130.84856224100008,-12.45943641599996],[130.84849739100002,-12.45944404599993],[130.84843254100008,-12.459445953999932],[130.84837913500007,-12.459445953999932],[130.84831810000003,-12.45945358299997],[130.84824943600006,-12.459455489999982],[130.84816932700005,-12.459465026999965],[130.8481044770001,-12.459465026999965],[130.8480777740001,-12.459510802999944],[130.8480777740001,-12.459566116999952],[130.84808540300003,-12.459619521999969],[130.84808540300003,-12.459682464999958],[130.84808540300003,-12.459735869999975],[130.84809684800007,-12.459791183999926],[130.84809684800007,-12.459846496999944],[130.84809684800007,-12.45989990299995],[130.84809684800007,-12.459953307999967],[130.84810829200012,-12.460006712999927],[130.84816169700002,-12.46004295299997],[130.84820747300012,-12.460079192999956],[130.84823799100002,-12.460124969999981],[130.84820747300012,-12.460168838999948],[130.84813499400002,-12.46018791199998],[130.84808158900012,-12.460197448999963],[130.848054885,-12.460252761999982],[130.84808158900012,-12.460298537999961],[130.84814643800007,-12.460296630999949],[130.84821128800002,-12.460306167999931],[130.8482837670001,-12.46031379699997],[130.8483333590001,-12.460340499999973],[130.84837532000006,-12.460376738999969],[130.84837913500007,-12.460430144999975],[130.84837532000006,-12.46051216099994],[130.8483867650001,-12.460575103999929],[130.84843254100008,-12.460620879999965],[130.84849739100002,-12.460611342999925],[130.84858131400006,-12.460611342999925],[130.84864616400012,-12.46060943599997],[130.84869957,-12.46060943599997],[130.84877586400012,-12.460626601999934],[130.84881782500008,-12.460662841999977],[130.848855973,-12.460699081999962],[130.84886741700006,-12.460769652999943],[130.84882926900002,-12.46081733699998],[130.84877586400012,-12.460844039999927],[130.84870338500002,-12.460863113999949],[130.84863472000006,-12.46087074199994],[130.8486156460001,-12.460935592999931],[130.84863853500008,-12.460988998999937],[130.84867668100003,-12.461025237999934],[130.84874916100011,-12.461025237999934],[130.84881401000007,-12.46101570199994],[130.84886741700006,-12.461006163999969],[130.84893226600002,-12.460987090999936],[130.84898948700004,-12.460977553999953],[130.84903526300002,-12.461004257999946],[130.84908866900003,-12.461004257999946],[130.84914588900006,-12.46096801799996],[130.84919166500003,-12.460941314999957],[130.84923744200012,-12.460912704999942],[130.84927940400007,-12.460886000999949],[130.8493366240001,-12.46084785499994],[130.84938240100007,-12.460821151999937],[130.8494358060001,-12.460794448999934],[130.84950065600003,-12.460775375999958],[130.84955787600006,-12.460758208999948],[130.8496227270001,-12.460729598999933],[130.849676132,-12.460710525999957],[130.84972953800002,-12.460700988999974],[130.84978675800005,-12.460683822999954],[130.84984016400006,-12.460664748999932],[130.84989738500008,-12.460645674999967],[130.8499813080001,-12.460628508999946],[130.85003471400012,-12.460618972999953],[130.85011482200002,-12.460607528999958],[130.85017967200008,-12.460607528999958],[130.85024452200003,-12.460607528999958],[130.8503360750001,-12.460607528999958],[130.85040092400004,-12.460597991999975],[130.850473404,-12.460597991999975],[130.850549698,-12.46061515799994],[130.85061454800007,-12.46063232399996],[130.850679398,-12.46064948999998],[130.85071373000005,-12.460685729999966],[130.8507518770001,-12.460731506999934],[130.850778579,-12.460775375999958],[130.85079002400005,-12.46084022499997],[130.8507976530001,-12.460903167999959],[130.8508014680001,-12.460956573999965],[130.85079002400005,-12.461009978999982],[130.85074424800007,-12.461065291999944],[130.85069084200006,-12.461091994999947],[130.85063362100004,-12.461130141999945],[130.85056114200006,-12.46117591799998],[130.85051536600008,-12.461212157999967],[130.85048103300005,-12.461248396999963],[130.8504428870001,-12.461284636999949],[130.85039711000002,-12.461311339999952],[130.8503131870001,-12.461320876999935],[130.85024833600005,-12.461330413999974],[130.85019493100003,-12.461339949999967],[130.8501110080001,-12.461339949999967],[130.8500308990001,-12.461341857999969],[130.84996604900005,-12.461341857999969],[130.84990882900001,-12.461351394999951],[130.849855423,-12.461360930999945],[130.84978294400003,-12.461416243999963],[130.84972572300012,-12.461442947999956],[130.84966468800008,-12.461452483999949],[130.84960746800004,-12.461462020999932],[130.8495426180001,-12.461462020999932],[130.84947776800004,-12.461481093999964],[130.8494129180001,-12.461507796999967],[130.84935188300005,-12.46151733399995],[130.84927558900006,-12.461519240999962],[130.84922218300005,-12.461526870999933],[130.8491573340001,-12.461528777999945],[130.84910011300008,-12.461538314999927],[130.84906578100004,-12.461591720999934],[130.84902000500006,-12.461647033999952],[130.848955154,-12.461666106999928],[130.84890174800012,-12.461666106999928],[130.8488254550001,-12.461675643999968],[130.84881019600004,-12.461738585999967],[130.84886360200005,-12.46176528899997],[130.8489284520001,-12.46176528899997],[130.84899330100006,-12.461755752999977],[130.84904670700007,-12.461753844999976],[130.8491039280001,-12.461746214999948],[130.8491573340001,-12.461746214999948],[130.849214554,-12.461744308999926],[130.84926795900003,-12.461753844999976],[130.84932518000005,-12.461761473999957],[130.84937858600006,-12.46178817799995],[130.849416732,-12.461824416999946],[130.8494625090001,-12.461860656999932],[130.84950828500007,-12.461887359999935],[130.8495655060001,-12.461904525999955],[130.8496189120001,-12.461914061999948],[130.849676132,-12.461914061999948],[130.8497486110001,-12.461912154999936],[130.84982109100008,-12.461902617999954],[130.84988594000004,-12.461902617999954],[130.84994316100006,-12.461902617999954],[130.84999656700006,-12.461900710999942],[130.8500537870001,-12.461910247999981],[130.8501071930001,-12.461929320999957],[130.85016441300002,-12.461963652999941],[130.85021781900002,-12.462055205999945],[130.85021781900002,-12.462108611999952],[130.8501834870001,-12.46215438799993],[130.85013771100012,-12.462190627999973],[130.85003471400012,-12.462217330999977],[130.84992408800008,-12.462253570999962],[130.84986305200005,-12.462272643999938],[130.84978675800005,-12.462284087999933],[130.84973335200004,-12.462291716999971],[130.849676132,-12.462291716999971],[130.84961128300006,-12.462303161999955],[130.84955787600006,-12.462310790999936],[130.84949302600012,-12.462322234999931],[130.84942817700005,-12.462329864999958],[130.84937477100004,-12.462341308999953],[130.8493099210001,-12.462348937999934],[130.84924507200003,-12.462368010999967],[130.84917259300005,-12.46237754799995],[130.84910011300008,-12.462387084999932],[130.8490276340001,-12.462406158999954],[130.84897041300007,-12.462432860999968],[130.8489246370001,-12.462461470999926],[130.84887886,-12.462507247999952],[130.84896278300005,-12.462558746999946],[130.84901619000004,-12.462558746999946],[130.84907341000007,-12.462551116999975],[130.84914588900006,-12.462549208999974],[130.84919929500006,-12.462549208999974],[130.8492565150001,-12.462549208999974],[130.8493137360001,-12.46253967299998],[130.84936714200012,-12.46253967299998],[130.84942054700002,-12.46253776499998],[130.84947776800004,-12.46253776499998],[130.8495426180001,-12.46253776499998],[130.84960746800004,-12.46253776499998],[130.8496685030001,-12.462528228999929],[130.849779129,-12.462528228999929],[130.84984397900007,-12.462516783999945],[130.8499011990001,-12.462516783999945],[130.8499546050001,-12.462516783999945],[130.8500080110001,-12.462516783999945],[130.85004615800005,-12.46255302399993],[130.8500843050001,-12.462589263999973],[130.8501110080001,-12.46263313299994],[130.85014152600002,-12.462678909999966],[130.85022926400006,-12.462677001999964],[130.8502864840001,-12.462677001999964],[130.85035133400004,-12.46266746599997],[130.85042381300002,-12.462657927999942],[130.85048103300005,-12.462648391999949],[130.8505458830001,-12.462648391999949],[130.85059928900012,-12.462657927999942],[130.850702285,-12.462711334999938],[130.8507480620001,-12.462738036999951],[130.85078620900003,-12.462774275999948],[130.85082054200006,-12.462818145999961],[130.85082054200006,-12.46287345899998],[130.85083198600012,-12.46292686399994],[130.85083198600012,-12.462980270999935],[130.8507976530001,-12.463026046999971],[130.85074043300006,-12.463035582999964],[130.85068702700005,-12.463045120999936],[130.85062980600003,-12.46305465699993],[130.850576401,-12.463073730999952],[130.8505191810001,-12.463083266999945],[130.8504657740001,-12.463100432999966],[130.850419998,-12.46312904399997],[130.85037422200003,-12.463155745999927],[130.85032081600002,-12.46317481999995],[130.85026359500011,-12.46319198599997],[130.85025596600008,-12.463247298999931],[130.8502368930001,-12.463300704999938],[130.85019111600002,-12.463336943999934],[130.8501567840001,-12.463375091999978],[130.85014534000004,-12.463438033999978],[130.85014534000004,-12.463491439999927],[130.85017585700007,-12.463537215999963],[130.85022163400004,-12.463563918999967],[130.85027504000004,-12.46357345599995],[130.85034751900002,-12.463588714999958],[130.85040473900006,-12.463607787999933],[130.8504695890001,-12.463624953999954],[130.85053444000005,-12.463651656999957],[130.85058784500006,-12.463687896999943],[130.8506450650001,-12.463731765999967],[130.85068321300002,-12.463777541999946],[130.85072898900012,-12.463813781999932],[130.8507747650001,-12.463840484999935],[130.85080909700002,-12.463874816999976],[130.85086250300003,-12.463920593999944],[130.8508815770001,-12.463973998999961],[130.85089302100005,-12.464027404999968],[130.850912095,-12.464101791999951],[130.850912095,-12.46416473399995],[130.85091590900004,-12.464254379999943],[130.85092353800007,-12.464319228999955],[130.85092353800007,-12.464372634999961],[130.85092353800007,-12.46443557799995],[130.8509273530001,-12.464488982999967],[130.8509273530001,-12.464551925999956],[130.85094642600006,-12.464616775999957],[130.85097313000006,-12.464670180999974],[130.851011276,-12.464733123999963],[130.8510570530001,-12.464778899999942],[130.8511104580001,-12.464813232999973],[130.851167679,-12.464832305999948],[130.85123252800008,-12.464868545999934],[130.85127830500005,-12.464902877999975],[130.85132408100003,-12.464946746999942],[130.8513431550001,-12.465021133999926],[130.85135459900005,-12.465084075999926],[130.85135459900005,-12.465147018999971],[130.85135459900005,-12.465209960999971],[130.85135459900005,-12.46527290299997],[130.85135459900005,-12.465328216999978],[130.85134697,-12.465381621999938],[130.85133552600007,-12.465435028999934],[130.85132789600004,-12.46552657999996],[130.85132026700012,-12.465553283999952],[130.85130119300004,-12.46560668899997],[130.85128212000006,-12.465662002999977],[130.85128212000006,-12.465717315999939],[130.85127449100003,-12.465770720999956],[130.85127449100003,-12.465843200999927],[130.8512401580001,-12.465969085999973],[130.85122108400003,-12.466024398999934],[130.85119438200002,-12.46607780499994],[130.851167679,-12.466142654999942],[130.85112190300003,-12.466205596999941],[130.85109519900004,-12.466251373999967],[130.85104942300006,-12.466333388999942],[130.851011276,-12.466396331999931],[130.8509845740001,-12.46646881099997],[130.85096931500004,-12.46653175399996],[130.85095024100008,-12.466587065999931],[130.85094261200004,-12.466657638999948],[130.85094261200004,-12.466732024999942],[130.85094261200004,-12.466794967999931],[130.85094261200004,-12.46685790999993],[130.85094261200004,-12.466976165999938],[130.85094261200004,-12.467039107999938],[130.8509540560001,-12.467145918999961],[130.8509540560001,-12.467201232999969],[130.85097313000006,-12.467273711999951],[130.8509845740001,-12.46733665499994],[130.85099220300003,-12.467390059999957],[130.851011276,-12.46746253899994],[130.85102272000006,-12.467517852999947],[130.851037979,-12.467580795999936],[130.85112571700006,-12.46781539899996],[130.85083961500004,-12.46792602599993],[130.85087394700008,-12.468400954999936],[130.850778579,-12.468875884999932],[130.8506221770001,-12.469499587999962],[130.85051536600008,-12.470010756999955],[130.8479213710001,-12.471269607999943],[130.84482765200005,-12.472616195999933],[130.84452629100008,-12.471958159999929],[130.84434318500007,-12.47202300999993],[130.8442707060001,-12.471702575999927],[130.84426307700005,-12.471649169999978],[130.8442707060001,-12.47159385699996],[130.844278335,-12.47149658199993],[130.8442974090001,-12.47138595599995],[130.84431648300006,-12.471332549999943],[130.84431648300006,-12.471277236999981],[130.84425926200004,-12.471250533999978],[130.84420585600003,-12.47124290399995],[130.8441219330001,-12.471216201999937],[130.84407615700002,-12.471189498999934],[130.84403038100004,-12.471153258999948],[130.84398078900006,-12.471109389999981],[130.84392738300005,-12.471046446999935],[130.8438625340001,-12.47098159799998],[130.84380531300008,-12.47094726599994],[130.8437595370001,-12.470920562999936],[130.8437061310001,-12.47088432299995],[130.84364891100006,-12.470857619999947],[130.8436031340001,-12.470830917999933],[130.8435573580001,-12.470785140999965],[130.84351921000007,-12.470731734999958],[130.84348106400012,-12.47066879199997],[130.8434543610001,-12.470623015999934],[130.8434009550001,-12.47053337099993],[130.8433513650001,-12.470470428999931],[130.8433246610001,-12.470426558999975],[130.8432941430001,-12.470361709999963],[130.84327888500002,-12.470291136999947],[130.84326744100008,-12.470228195999937],[130.84325981200004,-12.470165252999948],[130.84325599700003,-12.470102309999959],[130.84325599700003,-12.47004699699994],[130.84325599700003,-12.469974517999958],[130.84325599700003,-12.469892501999936],[130.84324836700011,-12.469829558999947],[130.8432445530001,-12.469776152999941],[130.84326362600007,-12.46972083999998],[130.843301773,-12.46964836099994],[130.843355179,-12.46958541899994],[130.84336280800005,-12.46953010599998],[130.84336280800005,-12.469467162999933],[130.843355179,-12.46937751799993],[130.8433513650001,-12.46931266799993],[130.84334373500008,-12.46925926199998],[130.8433246610001,-12.469205855999974],[130.84330558800002,-12.469142913999974],[130.84328651400006,-12.469087600999956],[130.84326744100008,-12.469024657999967],[130.84325981200004,-12.46897125299995],[130.84324836700011,-12.46890830999996],[130.84324073800008,-12.468852996999942],[130.8432216640001,-12.468799590999936],[130.84319114700008,-12.468753814999957],[130.84315681400005,-12.468709945999933],[130.84311103800007,-12.468673705999947],[130.84307289100002,-12.468627928999979],[130.84303474400008,-12.468584059999955],[130.842969895,-12.468557357999941],[130.84290504500007,-12.468540190999931],[130.84284400900003,-12.468503951999935],[130.84279441800004,-12.468477248999932],[130.84274864200006,-12.468441009999935],[130.8427028650001,-12.46840476999995],[130.84266471900003,-12.468360900999926],[130.84261894200006,-12.468297957999937],[130.84257316600008,-12.468252181999958],[130.84251976100006,-12.468208312999934],[130.8424510960001,-12.468172073999938],[130.84240531900002,-12.468145369999945],[130.84235954300004,-12.468109130999949],[130.84232902500003,-12.468101500999978],[130.84227562,-12.46804618799996],[130.84226036100006,-12.46798324599996],[130.84221077000007,-12.467866897999954],[130.84202766400006,-12.467651366999974],[130.8418827060001,-12.467542647999949],[130.8417797080001,-12.467472076999968],[130.8416004180001,-12.467491149999944],[130.84146308900006,-12.467491149999944],[130.8412418370001,-12.467493056999956],[130.8405704490001,-12.467515945999935],[130.84028434700008,-12.467500686999927],[130.8400592800001,-12.467483519999973],[130.84000206000007,-12.467483519999973],[130.83991813700004,-12.467466353999953],[130.839731217,-12.467422484999929],[130.8396511080001,-12.46737670899995],[130.8394947060001,-12.467189787999928],[130.83937263500002,-12.46682739199997],[130.83927726800005,-12.466360091999945],[130.8391323090001,-12.465835570999957],[130.8389301300001,-12.465484618999938],[130.83859062200008,-12.465099334999934],[130.83835411100006,-12.464927672999977],[130.8380527500001,-12.46479415899995],[130.83791923500007,-12.46470642099996],[130.83775520400002,-12.464588165999942],[130.83745765700007,-12.464328765999937],[130.83719825700007,-12.464096068999936],[130.83701515200005,-12.463771820999966],[130.8369503020001,-12.46371841399997],[130.83681678800008,-12.463401793999935],[130.83654975900004,-12.463205337999966],[130.8361530310001,-12.463035582999964],[130.835645676,-12.462715148999962],[130.83544349600004,-12.462606429999937],[130.8349170680001,-12.46259307799994],[130.83467674200006,-12.462575912999966],[130.83449363700004,-12.462324141999943],[130.83431434600004,-12.46197318999998],[130.83420372000012,-12.461648940999964],[130.83403587400005,-12.461503981999954],[130.83377647400005,-12.461435317999928],[130.83369636500004,-12.46140670799997],[130.83341026300002,-12.461156844999948],[130.83332252500009,-12.460994719999974],[130.83323860100006,-12.460832595999932],[130.83310890200005,-12.460443496999972],[130.83302116400012,-12.460128783999949],[130.8329944610001,-12.460065841999949],[130.83288383500008,-12.459913253999957],[130.8327846520001,-12.459850310999968],[130.8324794770001,-12.459779738999941],[130.832201004,-12.459861754999963],[130.83218574500006,-12.459890364999978],[130.83215904300005,-12.459953307999967],[130.83211326600008,-12.460018157999968],[130.8320674900001,-12.460018157999968],[130.8320407860001,-12.459999083999946],[130.83204841600002,-12.45996284499995],[130.83207511900002,-12.459909438999944],[130.83208656300008,-12.459854125999982],[130.83210182200003,-12.459764479999933],[130.83205604500006,-12.459711074999973],[130.83201026900008,-12.459665297999948],[130.83188056900008,-12.45960426299996],[130.83180427500008,-12.459585189999927],[130.83169364900004,-12.459560393999936],[130.8316020960001,-12.459577560999946],[130.83145713800002,-12.45958709699994],[130.83130836500004,-12.459569930999976],[130.83117103600011,-12.459552763999966],[130.83102226300002,-12.459535598999935],[130.8308849340001,-12.459527968999964],[130.8307285310001,-12.459529876999966],[130.83041572600007,-12.459512709999956],[130.83012962400005,-12.45951652499997],[130.83000373800007,-12.459579467999959],[130.82989311200004,-12.459688186999927],[130.82977485600009,-12.459753035999938],[130.82964515700007,-12.459825514999977],[130.82950782800003,-12.459880828999928],[130.82937812800003,-12.45994567899993],[130.82925987200008,-12.460018157999968],[130.8291606900001,-12.460119246999966],[130.8290309900001,-12.460182189999955],[130.82889366200004,-12.460220336999953],[130.82875633300011,-12.46021079999997],[130.8285999300001,-12.460212707999972],[130.82846260100007,-12.460248946999968],[130.82832527100004,-12.46031379699997],[130.82819557200003,-12.460369110999977],[130.82806968700004,-12.460433959999932],[130.8279323580001,-12.460479735999968],[130.82779121400006,-12.460525512999936],[130.82766532900007,-12.460580825999955],[130.8273906710001,-12.460636138999973],[130.82724952700005,-12.460655212999939],[130.827112198,-12.460620879999965],[130.82678031900002,-12.460405349999974],[130.8266429900001,-12.46036148099995],[130.82650566100006,-12.460334777999947],[130.82637596100005,-12.460283278999952],[130.82625389100008,-12.46021079999997],[130.82611656200004,-12.46017646799993],[130.82596778900006,-12.460159300999976],[130.82583046000002,-12.460149764999926],[130.8255367280001,-12.460151671999938],[130.82541847200002,-12.460226058999979],[130.82530021700006,-12.460308074999944],[130.8251514430001,-12.460334777999947],[130.82499504100008,-12.460346221999941],[130.82485771100005,-12.460309981999956],[130.8247203830001,-12.460285186999954],[130.8245639800001,-12.460268019999944],[130.82441520700002,-12.460268019999944],[130.82427024800006,-12.460277557999973],[130.82412147500008,-12.460289001999968],[130.82398414600004,-12.460289001999968],[130.82382774400003,-12.460264205999977],[130.82367134100002,-12.460308074999944],[130.82351493800002,-12.460355757999935],[130.82396125800005,-12.460798262999958],[130.823591232,-12.461936950999927],[130.823591232,-12.462009429999966],[130.823591232,-12.462081908999949],[130.823564529,-12.46215438799993],[130.8234806060001,-12.46218109199998],[130.82340049800007,-12.462192534999929],[130.82331657400005,-12.462190627999973],[130.823232651,-12.462192534999929],[130.82316780100007,-12.462192534999929],[130.82308769200006,-12.462192534999929],[130.82301139900005,-12.46219444299993],[130.82293891900008,-12.462184905999948],[130.82287407,-12.462184905999948],[130.82280159000004,-12.46218681299996],[130.82271766700012,-12.46218681299996],[130.82254219100003,-12.462188720999961],[130.82246971100005,-12.462188720999961],[130.82239723200007,-12.462188720999961],[130.82231330900004,-12.462188720999961],[130.82221031100005,-12.462190627999973],[130.82213020300003,-12.462190627999973],[130.82205772400005,-12.462190627999973],[130.82198143000005,-12.462190627999973],[130.8219165800001,-12.462182998999936],[130.821844101,-12.462165832999972],[130.8217601770001,-12.462158202999944],[130.82168769800012,-12.46213912899998],[130.82162284800006,-12.46214103699998],[130.82155036900008,-12.462114333999978],[130.82145881600002,-12.462095259999955],[130.82138252200002,-12.462078094999981],[130.82131004300004,-12.462041854999939],[130.8212451930001,-12.462017059999937],[130.82118034400003,-12.461990355999944],[130.82110786400006,-12.461961745999929],[130.82103157000006,-12.461927413999945],[130.82097053500001,-12.461900710999942],[130.82090568600006,-12.461864471999945],[130.82084083600012,-12.461811065999939],[130.82079124400002,-12.46174812299995],[130.82071876500004,-12.46168517999996],[130.820661545,-12.461612700999979],[130.8206272120001,-12.461549758999979],[130.82058906600003,-12.461496352999973],[130.82056236200003,-12.461416243999963],[130.82054328900006,-12.461341857999969],[130.82048988300005,-12.46127891499998],[130.82045936600002,-12.461090087999935],[130.8202991490001,-12.461019515999965],[130.82016182000007,-12.460966109999958],[130.82003212000006,-12.460912704999942],[130.8199138640001,-12.460849761999953],[130.81979179300004,-12.460769652999943],[130.8196544640001,-12.46068000799994],[130.8195514680001,-12.46059989899993],[130.8194217680001,-12.460510253999928],[130.81930351300002,-12.460430144999975],[130.81916236900008,-12.460357665999936],[130.81904411300002,-12.460287093999966],[130.81892204300004,-12.46018791199998],[130.8188037870001,-12.460098265999932],[130.81869316100006,-12.460008620999929],[130.81859016400006,-12.45989990299995],[130.81850624000003,-12.459783553999955],[130.81844139100008,-12.459657668999967],[130.8184223180001,-12.459522247999928],[130.81842994600004,-12.459377288999974],[130.81846809400008,-12.45922279299998],[130.8185214990001,-12.45907783499996],[130.8186016080001,-12.458959579999942],[130.81881141600002,-12.458751677999942],[130.81877708500008,-12.458705901999963],[130.81864738500008,-12.458652495999956],[130.8184986120001,-12.458654403999958],[130.81835365300003,-12.458673476999934],[130.81820487900006,-12.45865631099997],[130.8180599210001,-12.458612441999946],[130.817937851,-12.458532332999937],[130.817834854,-12.458423613999969],[130.817705154,-12.458333968999966],[130.81766700800006,-12.458198546999938],[130.8177242280001,-12.458063125999956],[130.8177776340001,-12.457925795999927],[130.8179340360001,-12.457916259999934],[130.81807136500004,-12.457916259999934],[130.8181896210001,-12.45784187399994],[130.8182926180001,-12.457742690999964],[130.81838035600003,-12.457607268999936],[130.8184452050001,-12.457479476999936],[130.81847953800002,-12.457334517999982],[130.81847953800002,-12.45718955999996],[130.8184986120001,-12.457054137999933],[130.81851387000006,-12.456901549999941],[130.818605423,-12.456628799999976],[130.81861305200005,-12.456493377999948],[130.81861305200005,-12.456338881999955],[130.81860923800002,-12.456186293999963],[130.8186016080001,-12.456050872999981],[130.81858253400003,-12.45590591499996],[130.8185253140001,-12.455787657999963],[130.81846046400005,-12.455661773999964],[130.81833076500004,-12.455600738999976],[130.81822776800004,-12.455501555999945],[130.81814765900003,-12.455385207999939],[130.8180637360001,-12.45525932299995],[130.81797599700008,-12.455150604999972],[130.81785774200011,-12.455070495999962],[130.81775474500012,-12.454990386999953],[130.81763649000004,-12.454891204999967],[130.81751442000007,-12.454818725999928],[130.81742286700012,-12.454711913999972],[130.81732368500002,-12.45461273199993],[130.81718254100008,-12.454586028999927],[130.8171100620001,-12.454469680999978],[130.81705284200007,-12.454343795999932],[130.81689643900006,-12.45431709299993],[130.81674766600008,-12.454299926999965],[130.81661033600005,-12.454299926999965],[130.816473007,-12.45432853699998],[130.81632423400004,-12.454347610999946],[130.81617927500008,-12.45435905499994],[130.8160305020001,-12.45434188799993],[130.81589317300006,-12.454315185999974],[130.8157482150001,-12.454315185999974],[130.815599442,-12.454307555999947],[130.81546211300008,-12.454273223999962],[130.81532096900003,-12.454219817999956],[130.8152370460001,-12.454111098999931],[130.81524849000004,-12.453966140999967],[130.81529426600002,-12.453830718999939],[130.81532859800006,-12.453695296999967],[130.81538200400007,-12.453557967999927],[130.81542015000002,-12.453414916999975],[130.81550788900006,-12.45316123899994],[130.8155918120001,-12.453042983999978],[130.8156986240001,-12.452960967999957],[130.81580925000003,-12.45285987799997],[130.81593894900004,-12.452806472999953],[130.81608772200002,-12.452785491999975],[130.81620597900007,-12.452713012999936],[130.816343307,-12.452667236999957],[130.81648063600005,-12.452655792999963],[130.8165988930001,-12.452728271999945],[130.81674003600006,-12.452791213999944],[130.8168773650001,-12.452835082999968],[130.81702232400005,-12.452898025999957],[130.81715583800008,-12.452959060999945],[130.81727409400003,-12.453031539999927],[130.81743812600007,-12.453039168999965],[130.81758689900005,-12.453065871999968],[130.81773567200003,-12.453100203999952],[130.81789970400007,-12.453126906999955],[130.81804847700005,-12.453170776999968],[130.81820487900006,-12.453224181999929],[130.8183422090001,-12.453268050999952],[130.8184986120001,-12.453294753999955],[130.81863594100003,-12.453311919999976],[130.81882286000007,-12.45328140199996],[130.81996727,-12.452798842999925],[130.8203449250001,-12.452638625999953],[130.82065010100007,-12.45227813799994],[130.8205013270001,-12.45227813799994],[130.8205013270001,-12.451847075999979],[130.82060051000008,-12.451471328999958],[130.82077217100004,-12.45147323599997],[130.82076835600003,-12.450922011999978],[130.82125663800002,-12.45088386599997],[130.82174873400004,-12.450658798999939],[130.82327079700008,-12.448955535999971],[130.8233814240001,-12.447744368999963],[130.8235340120001,-12.447563170999956],[130.82419395400007,-12.448118209999961],[130.82430076600008,-12.448089599999946],[130.82436943100004,-12.44810104399994],[130.82439231900003,-12.448106764999977],[130.82441520700002,-12.448112487999936],[130.82445716900008,-12.448127746999944],[130.82460594200006,-12.448137282999937],[130.82476234500007,-12.448152541999946],[130.82491111800005,-12.448207855999954],[130.82504081700006,-12.448268890999941],[130.82515907200002,-12.448360442999956],[130.82530021700006,-12.448467254999969],[130.82541847200002,-12.448547362999932],[130.82554817200003,-12.448637007999935],[130.8256702430001,-12.448726653999927],[130.82578849800007,-12.448823928999957],[130.82593727100004,-12.44883346499995],[130.8262310030001,-12.448831557999938],[130.8265132900001,-12.44882774399997],[130.82666206400006,-12.448846816999946],[130.82681846600008,-12.44888114899993],[130.82696723900006,-12.448934554999937],[130.82708549500012,-12.449014662999957],[130.8272075650001,-12.449087142999929],[130.82725334200006,-12.449157714999956],[130.82732200600003,-12.449275969999974],[130.8273906710001,-12.44932937699997],[130.82752037000012,-12.449409484999933],[130.82766151400006,-12.449443816999974],[130.82781791700006,-12.449443816999974],[130.82796287500003,-12.44943428099998],[130.82810020400007,-12.44936943099998],[130.82831001300008,-12.449178694999944],[130.82842826800004,-12.449096679999968],[130.82855033900012,-12.449005126999964],[130.8286495210001,-12.448904037999966],[130.8287487030001,-12.448804854999935],[130.82873725900004,-12.448551177999946],[130.82870292600012,-12.44845199599996],[130.828653335,-12.448299407999968],[130.8286991120001,-12.448190688999944],[130.8288555140001,-12.447881697999946],[130.8292636870001,-12.447381972999949],[130.82984733500007,-12.446500778999962],[130.8303661340001,-12.44582939199995],[130.8308124550001,-12.445194243999936],[130.8312206270001,-12.44437789899996],[130.83154869100008,-12.443960189999927],[130.83169364900004,-12.443515777999949],[130.83181953400003,-12.442962646999945],[130.8320636750001,-12.442491531999963],[130.83225441000002,-12.442173003999926],[130.83233833300005,-12.442062377999946],[130.8323001860001,-12.441677093999942],[130.83225822400004,-12.441585540999938],[130.832201004,-12.441423415999964],[130.83210945100006,-12.441154479999966],[130.83200645500006,-12.440900802999977],[130.83193016100006,-12.440629958999978],[130.83186531100012,-12.44035148599994],[130.8318080900001,-12.440078734999929],[130.8317852020001,-12.439790724999966],[130.83177375800005,-12.439510345999963],[130.83177375800005,-12.439239501999964],[130.83182716400006,-12.438976287999935],[130.83190727200008,-12.438714980999976],[130.83202552800003,-12.438451766999947],[130.8320903780001,-12.438306807999936],[130.83218574500006,-12.437835693999943],[130.83225059500012,-12.43748283399998],[130.83241081200003,-12.437173842999925],[130.83254814200006,-12.436903],[130.832792282,-12.436449050999954],[130.83284568800002,-12.43614959699994],[130.83298301700006,-12.435977934999926],[130.8331203460001,-12.43577575699993],[130.8332195280001,-12.43556022599995],[130.83339500400007,-12.435173034999934],[130.833536148,-12.434816359999957],[130.833562851,-12.434516906999932],[130.83367729200006,-12.43409347499994],[130.83388328600006,-12.433395385999972],[130.83419227600007,-12.432624816999976],[130.83451652600002,-12.43178176899994],[130.834794998,-12.430894851999938],[130.83488273700004,-12.43031501799993],[130.8350734710001,-12.429546355999946],[130.8352031700001,-12.428911208999978],[130.83536338800002,-12.427934645999926],[130.83547782900007,-12.427183150999952],[130.83557319700003,-12.42637824999997],[130.83546257000012,-12.426235198999962],[130.83535194400008,-12.426136016999976],[130.8352565770001,-12.426029204999963],[130.83516502400005,-12.425910949999945],[130.83509254500007,-12.42579460199994],[130.83501625100007,-12.425678252999944],[130.83496284500006,-12.42553329499998],[130.83493232700005,-12.425388336999958],[130.8349208830001,-12.42525291499993],[130.8349208830001,-12.425107955999977],[130.83490943900006,-12.424955367999928],[130.83490943900006,-12.424810409999964],[130.83486366300008,-12.424674987999936],[130.83473396300008,-12.424594878999926],[130.8345851900001,-12.42448806699997],[130.83443641700012,-12.424352645999932],[130.8342990870001,-12.42413711499995],[130.83419609100008,-12.42392921399994],[130.83413887100005,-12.423757552999973],[130.83413887100005,-12.423622130999945],[130.834127426,-12.42347717299998],[130.83410072300012,-12.423334120999982],[130.83408927900007,-12.423196792999931],[130.83408927900007,-12.42303657499997],[130.83410453800002,-12.422899245999929],[130.8340206150001,-12.42277336199993],[130.83395576500004,-12.422637939999959],[130.83388328600006,-12.422502516999941],[130.8337879180001,-12.422395706999964],[130.83366966300002,-12.42228698799994],[130.83365058900006,-12.42214393599994],[130.833639145,-12.421998977999976],[130.83360099800007,-12.421854018999966],[130.8336086280001,-12.421718596999938],[130.83349037200003,-12.421648025999957],[130.8333492280001,-12.421585082999968],[130.8332500450001,-12.421485900999926],[130.83316612200008,-12.42137908999996],[130.83305549600004,-12.421243667999931],[130.8329639430001,-12.421134948999963],[130.8328609460001,-12.421018600999957],[130.8327846520001,-12.420892715999969],[130.83271217300012,-12.420776367999963],[130.832635879,-12.420631408999952],[130.83256340000003,-12.420515060999946],[130.83251380900003,-12.420389174999968],[130.83247566300008,-12.42025375399993],[130.83246803300005,-12.420089721999943],[130.83251380900003,-12.419944763999979],[130.83246421800004,-12.41979217599993],[130.832380295,-12.419675826999935],[130.83234214800007,-12.419540404999964],[130.832277298,-12.419404982999936],[130.83223152200003,-12.419252394999944],[130.832201004,-12.419124602999943],[130.8321170800001,-12.419008254999937],[130.832044601,-12.418882369999949],[130.83202552800003,-12.418727874999945],[130.8319606780001,-12.418611526999939],[130.83190345800006,-12.418476104999968],[130.83185768200008,-12.41833305299997],[130.83180046100006,-12.41819572399993],[130.8318080900001,-12.418043135999937],[130.83178901700012,-12.417898177999973],[130.83175087000006,-12.417762755999945],[130.83166694600004,-12.41764640799994],[130.83164787300007,-12.417547225999954],[130.83142662000012,-12.417285918999937],[130.83120918200007,-12.416727065999964],[130.8309879300001,-12.416257857999938],[130.83075141900008,-12.415700911999977],[130.83046531700006,-12.41502380399993],[130.830144882,-12.414302825999926],[130.82979011500004,-12.413700103999929],[130.82938194300004,-12.413097380999943],[130.82894706700006,-12.412593841999978],[130.8285961150001,-12.412216186999956],[130.82820701600008,-12.411876677999942],[130.82778358500002,-12.411733627999979],[130.82725715700008,-12.411783217999925],[130.82655143700003,-12.411842345999958],[130.82607460000008,-12.411890029999938],[130.825723648,-12.412055968999937],[130.82529258800002,-12.41226577699996],[130.82493400500005,-12.41231346099994],[130.82465934800007,-12.412405013999944],[130.8243045810001,-12.41262626699995],[130.82422065800006,-12.412670135999974],[130.82416725200005,-12.412805557999945],[130.82406807000007,-12.412906646999943],[130.82393074100003,-12.412908553999955],[130.8237895970001,-12.412845611999956],[130.82354164100002,-12.412811278999982],[130.82328224200012,-12.412830352999947],[130.82311820900009,-12.41297721799998],[130.82295417800003,-12.413141249999967],[130.82264518800002,-12.413423537999961],[130.82229423500007,-12.413570403999927],[130.82198524400007,-12.413616179999963],[130.82111167900007,-12.413667678999957],[130.8208904270001,-12.41374206599994],[130.82061576900003,-12.413951873999963],[130.8202686310001,-12.414125441999943],[130.82026100100006,-12.414234160999968],[130.82016944800012,-12.41437148999995],[130.819993973,-12.414308547999951],[130.81985664400008,-12.41423606899997],[130.81971549900004,-12.414102553999953],[130.81961250300003,-12.414003371999968],[130.81951332100004,-12.413940429999968],[130.81937599200012,-12.413959502999944],[130.81928443900006,-12.414068221999969],[130.81914711000002,-12.414070128999981],[130.81900596600008,-12.414096831999927],[130.8188800810001,-12.414171218999968],[130.818761826,-12.414253234999933],[130.81865882800003,-12.414344787999937],[130.81858634900004,-12.414470672999926],[130.81853294400003,-12.414608001999966],[130.81847953800002,-12.414733886999954],[130.81834983800002,-12.414789199999973],[130.8182125090001,-12.414798736999956],[130.8180637360001,-12.414754867999932],[130.81797218300005,-12.414655684999957],[130.81794548000005,-12.414520262999929],[130.8179798120001,-12.414384841999947],[130.81805229100007,-12.414257049999947],[130.81811714200012,-12.414131164999958],[130.8180065150001,-12.414041518999966],[130.8178844460001,-12.413961409999956],[130.81786537200003,-12.413688658999945],[130.8179569250001,-12.413589477999949],[130.8180828090001,-12.413516998999967],[130.81801796000002,-12.413391112999932],[130.81795311000008,-12.413265227999943],[130.8179340360001,-12.41312789899996],[130.8179798120001,-12.413002013999971],[130.81803321900009,-12.412876128999926],[130.818170548,-12.412847518999968],[130.81823539700008,-12.41272926399995],[130.81828117300006,-12.412603377999972],[130.818296432,-12.41245841999995],[130.81825828600006,-12.41232299799998],[130.8182697300001,-12.412185668999939],[130.81815528900006,-12.412107467999931],[130.8180370330001,-12.412034988999949],[130.8179073330001,-12.41197204599996],[130.81778907800003,-12.411901473999933],[130.81773948700004,-12.411766051999962],[130.8178043370001,-12.411638259999961],[130.81795311000008,-12.411645888999942],[130.8180599210001,-12.41155624399994],[130.81805229100007,-12.411411285999975],[130.81800270100007,-12.41128539999994],[130.817937851,-12.41115760799994],[130.8178539280001,-12.411031722999951],[130.8178272240001,-12.410898208999981],[130.81794548000005,-12.410814284999958],[130.817964554,-12.410671233999949],[130.8180370330001,-12.410552978999931],[130.81807136500004,-12.410415649999948],[130.81805229100007,-12.410280227999976],[130.818040848,-12.410137175999978],[130.81802177400004,-12.409999846999938],[130.81799507100004,-12.409856796999975],[130.8179035180001,-12.40974044799998],[130.81778907800003,-12.409658431999958],[130.8176517490001,-12.409578322999948],[130.8174953460001,-12.40958023099995],[130.8173656470001,-12.409536361999926],[130.81725502000006,-12.409437178999951],[130.81715583800008,-12.409337996999966],[130.81699943500007,-12.409330367999928],[130.81686973600006,-12.409267425999928],[130.81685829100002,-12.409132003999957],[130.8167743680001,-12.409025192999934],[130.81668281600003,-12.408899306999956],[130.8165988930001,-12.408781051999938],[130.81648826600008,-12.408674239999982],[130.81637764000004,-12.408582686999978],[130.81625556900008,-12.408502578999958],[130.81619072,-12.408369063999942],[130.81609916700006,-12.408269882999946],[130.8159503930001,-12.40821647599995],[130.8158779140001,-12.408090590999961],[130.81580162000012,-12.407972335999943],[130.81576347400005,-12.407836913999972],[130.81571769700008,-12.407703399999946],[130.81572532600012,-12.407558440999935],[130.8157978060001,-12.407430648999934],[130.81588935800005,-12.407312392999927],[130.8159542080001,-12.407186507999938],[130.8160076140001,-12.407049178999955],[130.81606102,-12.406913756999927],[130.816114426,-12.406778334999956],[130.81617164600004,-12.406650542999955],[130.81627082800003,-12.40655136099997],[130.81632423400004,-12.40641403199993],[130.8164424900001,-12.406314849999944],[130.81657981900003,-12.406259536999926],[130.81671714800007,-12.406230925999978],[130.8168544770001,-12.406185149999942],[130.8169841770001,-12.406122207999942],[130.81710243200007,-12.406028747999926],[130.81722068700003,-12.405939101999934],[130.81733131400006,-12.405857085999969],[130.81744956900002,-12.405765532999965],[130.81755256600002,-12.40565681399994],[130.81765937800003,-12.405565260999936],[130.81778907800003,-12.405473709999967],[130.8179073330001,-12.405391692999956],[130.81802558900006,-12.40529251099997],[130.81817436200004,-12.405263899999966],[130.81831169100008,-12.405307768999933],[130.81846809400008,-12.40531539899996],[130.8185977930001,-12.405368804999966],[130.81871605000003,-12.405441283999949],[130.8188571930001,-12.405492781999953],[130.81899452200003,-12.405502319999925],[130.81913185100007,-12.405447005999974],[130.81928062400004,-12.405454635999945],[130.81941795300008,-12.405418395999959],[130.81956291200004,-12.40542602599993],[130.81971168500002,-12.405424117999928],[130.81983757000012,-12.405361175999928],[130.8198833460001,-12.405223845999956],[130.8200130460001,-12.405178069999977],[130.82009315400012,-12.405052184999931],[130.82021522500008,-12.40498733499993],[130.82027626,-12.404861449999942],[130.82037925800012,-12.404760360999944],[130.82047081000007,-12.404651641999976],[130.82053184500012,-12.404533386999958],[130.82062339700008,-12.404424666999944],[130.8206577300001,-12.404289245999962],[130.82080650300009,-12.404296874999943]]]}},{"type":"Feature","properties":{"CUSTODIAN":"NTPFES - Northern Territory Fire and Rescue Service","BND_TYPE":"Emergency Response Area","SHORT_NAME":"Humpty Doo","GAZ_NAME":"Greater Darwin Emergency Response Area","GAZ_NO":"G20","GAZ_DATE":"2006-05-17T00:00:00","NOTES":null,"SHAPE_Leng":0.661057744897,"SHAPE_Area":0.0138340319757},"geometry":{"type":"Polygon","coordinates":[[[131.04952764300003,-12.525784410999961],[131.04988037900011,-12.525803821999943],[131.05021599200006,-12.525800395999966],[131.05053219900003,-12.525778701999968],[131.05141713000012,-12.525665941999932],[131.0523238300001,-12.525580137999953],[131.05400300100007,-12.525563997999939],[131.058996,-12.525571],[131.062746,-12.525566],[131.066615,-12.525562],[131.0678570010001,-12.525586997999937],[131.07149407100007,-12.525585508999939],[131.07527854600005,-12.525583860999973],[131.07941399900005,-12.525578998999947],[131.08489455100005,-12.525587498999926],[131.08668403100012,-12.525587498999926],[131.088788,-12.525577],[131.096224,-12.52556],[131.10302683600003,-12.525500398999952],[131.10342953200006,-12.52549746699998],[131.10501825400002,-12.525507751999953],[131.1055561600001,-12.525504810999962],[131.11860661600008,-12.525497585999972],[131.123276701,-12.525508546999959],[131.1409370020001,-12.525549996999928],[131.148421,-12.525572998999962],[131.15029,-12.525601],[131.152326,-12.52561],[131.156368,-12.525601],[131.158689,-12.525605],[131.16329525800006,-12.52558136999994],[131.16725856100004,-12.525574244999973],[131.17159354600005,-12.525566452999954],[131.17814991400007,-12.525561547999928],[131.178256,-12.554828],[131.178266,-12.557199],[131.178266,-12.558289],[131.17826700000012,-12.560907],[131.1782690000001,-12.567601],[131.1782700000001,-12.569474],[131.17787040500002,-12.569476357999974],[131.1707432290001,-12.569479115999968],[131.1707379300001,-12.569479159999958],[131.1699117700001,-12.569479519999959],[131.16903962000004,-12.569480259999978],[131.16830736800011,-12.569480116999955],[131.16816747000007,-12.569480089999956],[131.16796847900002,-12.569480256999952],[131.1672953200001,-12.569480819999967],[131.16682206200005,-12.569480727999974],[131.16588147400012,-12.569481113999927],[131.16554825000003,-12.569481250999957],[131.16527225200002,-12.569481364999945],[131.1633218620001,-12.569482165999943],[131.16331262100005,-12.569482149999942],[131.15895565300002,-12.569474354999954],[131.1576854230001,-12.569472081999947],[131.15590195200002,-12.569468891999975],[131.14849963000006,-12.56947415999997],[131.14840493600002,-12.569474059999948],[131.14839835200007,-12.572429160999945],[131.14839599800007,-12.572532998999975],[131.148406,-12.582665],[131.148455,-12.582676],[131.148452001,-12.584160998999948],[131.14846484200007,-12.598732063999933],[131.14846549700007,-12.598905700999978],[131.14844811000012,-12.599313539999969],[131.14836663900007,-12.599786499999936],[131.14832451200004,-12.600409801999945],[131.14832752200005,-12.603759646999947],[131.1483271300001,-12.604337986999951],[131.1483278280001,-12.60484840199996],[131.1483288610001,-12.605463123999982],[131.14832896300004,-12.60592219199998],[131.1483291180001,-12.606170133999967],[131.14832932800005,-12.606510557999968],[131.1483295270001,-12.606872003999968],[131.14832906000004,-12.607369048999942],[131.14832942400005,-12.60795741499993],[131.14832975600007,-12.608482080999977],[131.14833013100008,-12.608770987999947],[131.148330449,-12.608962360999953],[131.14833084300005,-12.609675237999966],[131.14833085300006,-12.609790997999937],[131.14833109900007,-12.610579480999945],[131.14833106000003,-12.610759299999927],[131.14833181000006,-12.611483730999964],[131.14833175700005,-12.611664451999957],[131.1483321400001,-12.61238797599998],[131.14833248800005,-12.613073332999932],[131.14833125500002,-12.613277224999933],[131.14833055100007,-12.613389265999956],[131.146453,-12.613391],[131.136806,-12.6134],[131.133943,-12.613403],[131.126347,-12.613369],[131.1246029990001,-12.613377998999965],[131.1185962840001,-12.613412566999955],[131.10362410000005,-12.613426600999958],[131.08269299800008,-12.613436001999958],[131.0805592150001,-12.613434003999942],[131.07414899800006,-12.613428002999967],[131.073463,-12.61340299799997],[131.066922,-12.613431],[131.058973,-12.613425],[131.04699,-12.613431],[131.039096,-12.61344],[131.012532,-12.613432],[130.9922912300001,-12.613425734999964],[130.99228468400008,-12.61341820299998],[130.9916861150001,-12.612729549999926],[130.99071346000005,-12.611809544999971],[130.9896542900001,-12.610986839999953],[130.988518655,-12.610269244999927],[130.987325585,-12.609667939999952],[130.9867253100001,-12.609387174999938],[130.98442230500007,-12.608309979999945],[130.9830283650001,-12.607610164999926],[130.98169360000009,-12.606792059999975],[130.980434725,-12.605865144999939],[130.97926093,-12.604836164999938],[130.97818074500003,-12.603712619999953],[130.97720206000008,-12.602502699999945],[130.97633199000006,-12.601215209999964],[130.97557687500012,-12.599859539999954],[130.97494222000012,-12.598445564999963],[130.97443519,-12.596990884999968],[130.972445826,-12.590713746999938],[130.9723866600001,-12.590527057999964],[130.96933482600002,-12.580897456999935],[130.96926253900006,-12.580669365999938],[130.96926215500002,-12.580668154999955],[130.96918952600004,-12.580438493999964],[130.96898082500002,-12.579778549999958],[130.9685467700001,-12.578309884999953],[130.96819594500005,-12.576814824999929],[130.96793086500008,-12.575302819999933],[130.96786473100008,-12.574738082999943],[130.96788083500007,-12.574441216999958],[130.9679994170001,-12.574184565999929],[130.96816579000006,-12.57380012599998],[130.9682775240001,-12.57349019999998],[130.96844323400012,-12.572897886999954],[130.9685122730001,-12.572539468999935],[130.96858166700008,-12.572106935999955],[130.96861904600007,-12.571699040999931],[130.968607592,-12.57092003699995],[130.9685695600001,-12.570517214999938],[130.96746095000003,-12.562188564999929],[130.96724068000003,-12.560445816999959],[130.96720842600007,-12.559713058999932],[130.96723568000004,-12.559183222999934],[130.96726756200007,-12.558899190999966],[130.9673394030001,-12.558425063999948],[130.9673935730001,-12.558204041999943],[130.96746522800004,-12.557911676999936],[130.96759722600007,-12.557484107999926],[130.96778296700006,-12.55698564599993],[130.96798945000012,-12.556553010999949],[130.968259976,-12.55607290699993],[130.96895378800002,-12.554875680999942],[130.96979021200002,-12.55343789699998],[130.971579173,-12.55034907299995],[130.97266744600006,-12.548654104999969],[130.9756502790001,-12.543516221999937],[130.97592264000002,-12.543047359999946],[130.97686822900005,-12.541420393999942],[130.97686914700012,-12.541418814999929],[130.9770284000001,-12.541526359999978],[130.9773207600001,-12.541715369999963],[130.97783685000002,-12.54202472999998],[130.9780998000001,-12.542171469999971],[130.97836511000003,-12.542313859999979],[130.9788666600001,-12.542563409999957],[130.97912193000002,-12.542679109999938],[130.97937962000003,-12.542788739999935],[130.97988141000008,-12.542982159999951],[130.98013320000007,-12.543076829999961],[130.980383,-12.543175949999977],[130.98097551,-12.543432779999932],[130.98127001000012,-12.543565269999931],[130.98156467,-12.543697399999928],[130.98224462000007,-12.54400536999998],[130.98258119000002,-12.544165929999963],[130.98291394000012,-12.544333569999935],[130.98343066000007,-12.544616169999927],[130.98368554,-12.544763779999926],[130.98393850000002,-12.54491410999998],[130.98452183000006,-12.545280539999965],[130.98480830000005,-12.545471559999953],[130.9850917000001,-12.54566658999994],[130.98552031000008,-12.545975589999955],[130.98573220000003,-12.546133459999965],[130.98594327,-12.546292229999949],[130.98687165,-12.547],[130.987807,-12.545906059999936],[130.98789669000007,-12.545735849999971],[130.98791201500012,-12.545708239999954],[130.98806391000005,-12.545802659999936],[130.9886246200001,-12.546205219999933],[130.98877812000012,-12.546366499999976],[130.98890483000002,-12.54653819999993],[130.9891114400001,-12.546851389999972],[130.98945565000008,-12.547365149999962],[130.9896247800001,-12.547656279999956],[130.9898162400001,-12.547932149999951],[130.99026129000003,-12.548440399999947],[130.9904834900001,-12.548694529999977],[130.99067979000006,-12.548965119999934],[130.99107620000007,-12.549751739999977],[130.99125943,-12.550153929999965],[130.99146472000007,-12.55054094999997],[130.99200372000007,-12.55139682999993],[130.99224391000007,-12.551847489999943],[130.99229971500006,-12.55199869699993],[130.99233766400005,-12.552101522999976],[130.99242620000007,-12.552341419999948],[130.99256646000003,-12.552837109999928],[130.99267915000007,-12.55305119999997],[130.99285614000007,-12.55321491999996],[130.99299998000004,-12.553291939999951],[130.9930649800001,-12.553333749999979],[130.99311505000003,-12.55338471999994],[130.99317142000007,-12.553691409999942],[130.99317164,-12.553862769999967],[130.9932027200001,-12.554016729999944],[130.99331803000007,-12.554199529999948],[130.99340285000005,-12.55428140999993],[130.99414974,-12.555322279999928],[130.99416279000002,-12.555450619999931],[130.9941800900001,-12.555570959999955],[130.99451655000007,-12.556286899999975],[130.99476389000006,-12.556626059999928],[130.99498215000006,-12.556974929999967],[130.99533436000002,-12.557717039999943],[130.99550047000002,-12.558093149999934],[130.99566531000005,-12.558470159999956],[130.996162,-12.559574159999954],[130.99644802000012,-12.560107079999966],[130.99678590000008,-12.560612859999935],[130.99717737000003,-12.561063659999945],[130.99739604,-12.561263119999978],[130.99762953000004,-12.56143807999996],[130.9984143900001,-12.561802329999978],[130.9988361300001,-12.561943519999943],[130.9992539000001,-12.562094779999939],[130.99996891,-12.562371969999958],[131.0003297400001,-12.562489579999976],[131.00069296000004,-12.562581129999955],[131.0014587400001,-12.562702309999963],[131.00184778000005,-12.562778759999958],[131.00224116000004,-12.56290397999993],[131.00269986,-12.56308871999994],[131.0028345500001,-12.563117509999927],[131.00292251000008,-12.563136309999948],[131.00375343000007,-12.563280769999949],[131.00398273000008,-12.56343757999997],[131.00413447000005,-12.563499529999945],[131.0042709500001,-12.563575149999963],[131.00454538000008,-12.563809619999972],[131.00468191000004,-12.56392717999995],[131.00482653000006,-12.564031929999942],[131.0053593,-12.56430034999994],[131.00562809000007,-12.564435169999967],[131.00587982000002,-12.564602479999962],[131.00619124000002,-12.564871739999944],[131.00634979000006,-12.564993199999947],[131.00651842000002,-12.56508574999998],[131.0071985300001,-12.565180349999935],[131.00756595000007,-12.56517397999994],[131.0079361500001,-12.565192629999956],[131.00874095000006,-12.565278329999956],[131.00912618000007,-12.56525419999997],[131.0096227800001,-12.565186859999926],[131.01000145000012,-12.565139169999952],[131.0103806400001,-12.565158749999966],[131.01084032000006,-12.565188939999928],[131.01127953000002,-12.56531640999998],[131.01155009000001,-12.565454829999965],[131.01180408000005,-12.565614879999941],[131.01232014000004,-12.566076189999933],[131.01255641000012,-12.566335249999952],[131.01278703000003,-12.566601669999955],[131.01318536000008,-12.567126859999973],[131.0133484700001,-12.56740751999996],[131.01347642000007,-12.56769911999993],[131.0136471500001,-12.568568549999952],[131.01370172000009,-12.56901795999994],[131.0137937600001,-12.569459129999927],[131.01407485000004,-12.57021592999996],[131.0142600800001,-12.570573339999953],[131.01447671000005,-12.570909099999938],[131.01487040000006,-12.571378639999978],[131.0150775400001,-12.571607459999939],[131.01527527000007,-12.571843039999976],[131.01552061000007,-12.572168449999936],[131.01564013000007,-12.572333489999949],[131.01570301000004,-12.572421249999934],[131.0157588300001,-12.572499169999958],[131.01592906000008,-12.57274850999994],[131.01601211000002,-12.572874139999954],[131.01609268000004,-12.57300078999998],[131.01646739000012,-12.573655109999947],[131.01665719000005,-12.573983479999981],[131.01686654000002,-12.574305459999948],[131.01727458000005,-12.574809589999973],[131.01750859000003,-12.575025729999936],[131.01776604000008,-12.575202469999965],[131.0185769100001,-12.575483949999978],[131.01900121000006,-12.575595889999931],[131.01939889000005,-12.575750509999978],[131.02009844000008,-12.576198399999953],[131.02043002000005,-12.576465499999927],[131.0207592700001,-12.576752489999933],[131.02125246000003,-12.57719026999996],[131.02151074000005,-12.577366549999965],[131.0217862500001,-12.57747680999995],[131.0226241900001,-12.577442279999957],[131.02306424000005,-12.577366749999953],[131.02349662000006,-12.577346399999954],[131.0240411000001,-12.57741268999996],[131.02431523000007,-12.57745191999993],[131.02459261,-12.577482719999978],[131.02518814000007,-12.577499629999977],[131.0254798300001,-12.577467149999961],[131.0257604300001,-12.577392539999948],[131.0261962300001,-12.577186349999977],[131.02641453,-12.577087449999965],[131.02664083000002,-12.577024369999947],[131.0269093500001,-12.577004529999954],[131.0270460900001,-12.577006209999979],[131.02718359000005,-12.577011219999974],[131.0273953200001,-12.577083819999928],[131.02749568000002,-12.577127529999927],[131.0275892100001,-12.577179959999967],[131.02788535000002,-12.577468279999948],[131.02801705000002,-12.577636749999954],[131.02815533000012,-12.577799279999965],[131.02842838000004,-12.578099709999947],[131.0285461300001,-12.578261409999982],[131.02863879000006,-12.57843730999997],[131.02876083,-12.578851219999933],[131.02882746000012,-12.57905261999997],[131.02893025000003,-12.579230429999939],[131.02913045000003,-12.579427469999928],[131.02924049,-12.579520179999975],[131.02934733000006,-12.579615889999957],[131.02967959000011,-12.579933129999972],[131.0298545400001,-12.580079489999946],[131.03004205000002,-12.580207119999955],[131.03046674000007,-12.580413669999928],[131.03068073000009,-12.580515079999941],[131.03088271000001,-12.580634559999964],[131.03138404000003,-12.581085809999934],[131.0315989300001,-12.581348179999964],[131.03179219000003,-12.581621819999953],[131.0320584200001,-12.582106489999944],[131.03217139000003,-12.582362029999956],[131.03227851000008,-12.582621329999938],[131.03233998000007,-12.582668579999961],[131.03244165,-12.582808349999937],[131.03249289000007,-12.58287790999998],[131.03254460000005,-12.582947199999978],[131.0327617700001,-12.583231599999976],[131.03286890000004,-12.583375299999943],[131.03297238000005,-12.583522369999969],[131.03313503000004,-12.58376488999994],[131.0332215200001,-12.58388126999995],[131.03331650000007,-12.583989719999977],[131.0334733400001,-12.584122649999927],[131.03356492000012,-12.584174559999951],[131.03366791000008,-12.584213],[131.03391751000004,-12.584256379999943],[131.03402639,-12.584284019999927],[131.0341013300001,-12.584336229999963],[131.03414864,-12.58446601999998],[131.0341695400001,-12.584549459999948],[131.03420496,-12.584642729999928],[131.03426074000004,-12.58476160999993],[131.03427297000007,-12.584807429999955],[131.03426166000008,-12.584832089999964],[131.03418712000007,-12.584819009999933],[131.0341789900001,-12.584814949999952],[131.0341961900001,-12.584884289999934],[131.03430327,-12.585185339999953],[131.03435937000006,-12.585333039999966],[131.03441195000005,-12.58547823999993],[131.03455158000008,-12.585869509999952],[131.0346413000001,-12.58606900999996],[131.03475981000008,-12.586278419999928],[131.03489958000011,-12.58646615999993],[131.03497591000007,-12.58653100999993],[131.03505360000008,-12.586558889999935],[131.03526096000007,-12.586449039999934],[131.03536752000002,-12.586345019999953],[131.03547330000004,-12.586246609999932],[131.03571139000007,-12.586055719999933],[131.03583676000005,-12.585979939999959],[131.03596972000003,-12.585933739999973],[131.03630139000006,-12.585952359999965],[131.03646988000003,-12.586000879999972],[131.03663070000005,-12.586056859999928],[131.03671913200003,-12.58610115099998],[131.03671959000008,-12.585264749999965],[131.03672017000008,-12.584206329999972],[131.03671830000008,-12.584028289999935],[131.03671973000007,-12.583429881999962],[131.0367199000001,-12.583358949999933],[131.03672013000005,-12.583118669999976],[131.03672051,-12.577716549999934],[131.03672158000006,-12.569504429999938],[131.0383619600001,-12.569504699999982],[131.04023301000007,-12.569506089999948],[131.0411545400001,-12.569506399999966],[131.04250393000007,-12.569507769999973],[131.04255103000003,-12.569507409999972],[131.0427407400001,-12.569506959999956],[131.0441201100001,-12.56950691999998],[131.0442401800001,-12.569506949999948],[131.04576324000004,-12.56950741999998],[131.04695691000006,-12.56950777999998],[131.04778637000004,-12.569508019999944],[131.04807259000006,-12.569508109999958],[131.04914988000007,-12.569508429999928],[131.0512393140001,-12.569509019999941],[131.05152064000004,-12.569509099999948],[131.05151895400002,-12.567515843999956],[131.05151884000009,-12.567381359999956],[131.05151833000002,-12.56553563999995],[131.05151822000005,-12.565146459999937],[131.0515180100001,-12.564364509999962],[131.05151797000008,-12.564257019999957],[131.05151753000007,-12.563525209999966],[131.0515169800001,-12.56261324999997],[131.05151638000007,-12.561625349999929],[131.05151586600005,-12.560765825999965],[131.05151578000005,-12.560621749999939],[131.05151517000002,-12.559616949999963],[131.05151494000006,-12.559233869999957],[131.05151458000012,-12.558718969999973],[131.05151373,-12.55746978999997],[131.05151362000004,-12.557328729999938],[131.05151352000007,-12.557058469999959],[131.05151344,-12.55679908999997],[131.0515128180001,-12.555095446999928],[131.05151278000005,-12.554992159999927],[131.05150929,-12.554715229999942],[131.05151093000006,-12.553806019999968],[131.0515117100001,-12.55343156999993],[131.05151188000002,-12.553347799999926],[131.0515121200001,-12.55291307999994],[131.05151304000003,-12.552148529999954],[131.05151321000005,-12.552006589999962],[131.05151431000002,-12.551100099999928],[131.0515143,-12.550866019999944],[131.0515154100001,-12.550193599999943],[131.0515155800001,-12.549302489999945],[131.05151559,-12.549287119999974],[131.05151668000008,-12.548380619999932],[131.05151761000002,-12.547104489999981],[131.05151821000004,-12.545785869999975],[131.05151878000004,-12.544929089999926],[131.05119128,-12.54492978999997],[131.0500413200001,-12.544930439999973],[131.04880857000012,-12.54493261999994],[131.0480247600001,-12.54493317999993],[131.0480253300001,-12.544306229999961],[131.0480283500001,-12.542245599999944],[131.04802805000008,-12.541974459999949],[131.04802781400008,-12.541680129999975],[131.04802768600007,-12.541520969999965],[131.04802732000007,-12.541064209999945],[131.0480266500001,-12.540213919999928],[131.04708618000006,-12.54021457999994],[131.0462861000001,-12.540214989999981],[131.04555059000006,-12.540215349999926],[131.04483533000007,-12.540215109999963],[131.04431261000002,-12.540215559999979],[131.04431180000006,-12.539297329999954],[131.0443109900001,-12.538389219999942],[131.04431048000004,-12.537473059999968],[131.0443088400001,-12.536565679999967],[131.04430782000009,-12.535666069999934],[131.0443074200001,-12.534751809999932],[131.04430704000004,-12.533840259999977],[131.04430636000006,-12.533404279999957],[131.04430589000003,-12.532912989999943],[131.04430564000006,-12.532018429999937],[131.04430551000007,-12.531884679999962],[131.04430450000007,-12.531581379999977],[131.04430402000003,-12.531088549999936],[131.04430293000007,-12.53060051999995],[131.0443035300001,-12.53014012999995],[131.04430271,-12.529919609999979],[131.04430248000006,-12.529692129999944],[131.04430272000002,-12.528087919999962],[131.0443015200001,-12.526896929999964],[131.04430285,-12.525664529999972],[131.04430265000008,-12.525570954999978],[131.04526,-12.525568],[131.0442728800001,-12.524875614999928],[131.04447314800007,-12.524567770999965],[131.0445653690001,-12.52447472199998],[131.04469093900002,-12.524391367999954],[131.0448256400001,-12.524353686999973],[131.04503086400007,-12.524313390999964],[131.04523431200005,-12.524261197999977],[131.045436364,-12.52427604199994],[131.0455653580001,-12.524313722999977],[131.04599914300002,-12.524507834999952],[131.04681991100006,-12.52489834399995],[131.04766693300007,-12.525297987999977],[131.04791693100003,-12.525407603999952],[131.0481612200001,-12.525500092999948],[131.04850596500012,-12.525607425999965],[131.048856418,-12.525686212999972],[131.04918175700004,-12.525744445999976],[131.04952764300003,-12.525784410999961]]]}},{"type":"Feature","properties":{"CUSTODIAN":"NTPFES - Northern Territory Fire and Rescue Service","BND_TYPE":"Emergency Response Area","SHORT_NAME":"Katherine","GAZ_NAME":"Katherine Emergency Response Area","GAZ_NO":"G46","GAZ_DATE":"2004-11-17T00:00:00","NOTES":"<Null>","SHAPE_Leng":0.583240611749,"SHAPE_Area":0.00902319081884},"geometry":{"type":"Polygon","coordinates":[[[132.36418076400003,-14.469431656999973],[132.3641838650001,-14.46943237499994],[132.36449943000002,-14.469505383999945],[132.36514849000002,-14.46965554999997],[132.36359040000002,-14.472196459999964],[132.36353799000005,-14.472543389999942],[132.36284794000005,-14.475423059999969],[132.36273656000003,-14.475490519999937],[132.36251520500002,-14.476376284999958],[132.3627494420001,-14.476430108999978],[132.36390748000008,-14.476696209999943],[132.36392464300002,-14.47675781199996],[132.36406898500002,-14.477319716999943],[132.3652973180001,-14.480155944999979],[132.36506843600012,-14.482091903999958],[132.36333274800006,-14.48442268399998],[132.36310386700006,-14.486154555999974],[132.36176109300004,-14.489141463999943],[132.361368179,-14.489606856999956],[132.35862922700005,-14.491497039999956],[132.35502815200005,-14.492685317999928],[132.35444068900006,-14.493274688999975],[132.35360908500002,-14.495960235999974],[132.35299873400004,-14.497922896999967],[132.35925102200008,-14.501571654999964],[132.35768318200007,-14.504129409999962],[132.33775901800004,-14.504018783999982],[132.32123756400006,-14.50395965599995],[132.3181095120001,-14.503934859999958],[132.3150539400001,-14.503911971999969],[132.3115062710001,-14.503883361999954],[132.3100414280001,-14.503871917999959],[132.30840492200002,-14.503858565999963],[132.3060054780001,-14.503866195999933],[132.30039189000001,-14.503839372999948],[132.300390966,-14.503844919999949],[132.29602351000005,-14.503827419999936],[132.29574550000007,-14.503826729999957],[132.2797103160001,-14.503786055999967],[132.279543514,-14.50378563299995],[132.2723752700001,-14.503767449999941],[132.2634757630001,-14.503728209999963],[132.2508948310001,-14.50368938899993],[132.250708378,-14.50368881399993],[132.24839310000004,-14.503681669999935],[132.2479682070001,-14.503680345999953],[132.2478826900001,-14.503680079999981],[132.24739272700003,-14.503679938999937],[132.2473880010001,-14.503694],[132.2473350150001,-14.503852535999954],[132.24608776600007,-14.507584390999966],[132.24584195600005,-14.508319872999948],[132.24582845500004,-14.50836026899998],[132.245118,-14.510486],[132.244802,-14.511398],[132.2447424070001,-14.511569538999936],[132.244695,-14.511706],[132.244602976,-14.511971846999927],[132.2438368600001,-14.51174154599994],[132.24169819000008,-14.511718042999973],[132.24139418700008,-14.511653485999943],[132.2412978330001,-14.511633023999934],[132.24129295300008,-14.511632918999965],[132.2402706150001,-14.511224746999972],[132.23760795600003,-14.50938034099994],[132.23710060100007,-14.509267806999958],[132.23642158500002,-14.509384154999964],[132.23619270300003,-14.50924682599998],[132.2367229460001,-14.508506774999944],[132.23774147000006,-14.505592345999958],[132.2377529140001,-14.50557708699995],[132.23748588600006,-14.505525588999944],[132.235136032,-14.505079268999964],[132.23219490100007,-14.50646209699994],[132.23218345600003,-14.509590148999962],[132.2318935390001,-14.510059356999932],[132.2313289640001,-14.510267257999942],[132.22836113000005,-14.508676528999956],[132.22791099500012,-14.508075713999972],[132.23031806900008,-14.50592994699997],[132.23066139200012,-14.505390166999973],[132.2313785550001,-14.503713607999941],[132.23022651700012,-14.503492354999935],[132.22999382000012,-14.503448485999968],[132.22972679100008,-14.503974914999958],[132.22938346900003,-14.504768371999944],[132.2292461400001,-14.504983901999935],[132.22907066300002,-14.50523567199997],[132.2286815640001,-14.505651473999933],[132.22844123800007,-14.50584983799996],[132.22818565400007,-14.506038665999938],[132.22791862500003,-14.506216048999931],[132.227632523,-14.506370543999935],[132.22715950000008,-14.50654220599995],[132.2266483310001,-14.506685256999958],[132.2264690400001,-14.50672721899997],[132.22627830500005,-14.506752013999971],[132.2259540560001,-14.506774901999961],[132.2256946560001,-14.506772994999949],[132.22460365300003,-14.506649016999972],[132.22412681600008,-14.506553649999944],[132.22336769100002,-14.506347655999946],[132.22306633000005,-14.506187438999973],[132.22274589500012,-14.506092071999944],[132.22251701400012,-14.506061553999928],[132.22208213800002,-14.505943297999977],[132.2206859590001,-14.505439757999966],[132.21907997100004,-14.505008697999926],[132.21846580500005,-14.504840850999926],[132.21817207300012,-14.50473403899997],[132.2177562710001,-14.504701613999941],[132.21753883400004,-14.504745482999965],[132.21680259700008,-14.504961013999946],[132.21661949200006,-14.505002974999968],[132.21627998400004,-14.505029677999971],[132.2157802580001,-14.505039214999954],[132.21559417100002,-14.505044531999943],[132.21537971600003,-14.505050658999949],[132.21255925800006,-14.505133851999972],[132.21255925000003,-14.504063049999957],[132.21251869200012,-14.499849318999964],[132.21163368200007,-14.49984550499994],[132.211645126,-14.498710631999927],[132.2126140590001,-14.498704909999958],[132.21264839200012,-14.49469757099996],[132.21265602100004,-14.494199752999975],[132.21514320400001,-14.492212295999934],[132.21641349800007,-14.490966796999942],[132.2164707180001,-14.490909575999979],[132.21846199000004,-14.488977431999956],[132.21980857800008,-14.487173079999934],[132.2198619840001,-14.487102508999953],[132.2200222020001,-14.48689079299993],[132.2203540800001,-14.486450194999975],[132.22118187,-14.485357284999964],[132.22311973600006,-14.483194350999952],[132.22347068800002,-14.482587813999942],[132.2238445280001,-14.48146438599997],[132.22399711600008,-14.477426528999956],[132.22439765900003,-14.475809096999967],[132.21253776600008,-14.475805282999943],[132.21247673000005,-14.475805282999943],[132.2122554780001,-14.475805282999943],[132.21222496000007,-14.475593566999976],[132.21217536900008,-14.47493362399996],[132.21216011,-14.474231719999977],[132.21216011,-14.473527907999937],[132.21216011,-14.472845077999978],[132.21216011,-14.472139358999982],[132.21216011,-14.471456527999976],[132.21216011,-14.470781325999951],[132.21216011,-14.470075606999956],[132.21216011,-14.469333648999964],[132.21216392500003,-14.468599318999964],[132.21216392500003,-14.46785545299997],[132.21216392500003,-14.467107772999952],[132.21216392500003,-14.466403960999969],[132.21216392500003,-14.465703963999943],[132.21216392500003,-14.46499443099998],[132.21216392500003,-14.464281081999957],[132.21216392500003,-14.463569640999935],[132.21216392500003,-14.462862014999928],[132.21216774000004,-14.462215423999965],[132.21216774000004,-14.461483001999966],[132.21216774000004,-14.460746764999953],[132.21216774000004,-14.460014342999955],[132.21216774000004,-14.45931053199996],[132.21216774000004,-14.458631515999969],[132.21217155500005,-14.457933425999954],[132.21219825700007,-14.457221984999933],[132.21226692200003,-14.456506728999955],[132.212366104,-14.455810546999942],[132.21250343300005,-14.455141067999932],[132.21264839200012,-14.454475402999947],[132.2127971650001,-14.453817367999932],[132.21294212300006,-14.45315551799996],[132.21309089700003,-14.45247840899998],[132.21322059600004,-14.451810836999982],[132.2133083340001,-14.451139449999971],[132.21335029600004,-14.45047569299993],[132.21335411100006,-14.449792861999981],[132.2133083340001,-14.449077605999946],[132.21321296700012,-14.448350905999973],[132.21306419400003,-14.447624206999933],[132.2128734590001,-14.446931838999944],[132.21264839200012,-14.446262359999935],[132.21240806600008,-14.445592879999936],[132.21216774000004,-14.444919585999969],[132.21192741400012,-14.444246291999946],[132.21167945900004,-14.443567275999953],[132.2114391330001,-14.442888259999961],[132.21119499200006,-14.442205428999955],[132.2109470370001,-14.441514968999968],[132.21070289600004,-14.44083023099995],[132.2104587550001,-14.440149306999956],[132.21021843000005,-14.439474105999977],[132.20997428900012,-14.43879699699994],[132.20973396300008,-14.438129424999943],[132.20949363700004,-14.437458037999932],[132.20926094100003,-14.43680381799993],[132.20902824400002,-14.43614959699994],[132.2087917330001,-14.43548965499997],[132.2085552220001,-14.43482780499994],[132.20831871000007,-14.43417358399995],[132.20808982800008,-14.433525084999928],[132.20785713200007,-14.43287277199994],[132.20762443500007,-14.432228087999931],[132.2073764800001,-14.43158340499997],[132.20711326600008,-14.43093681299996],[132.20684623700004,-14.430299758999979],[132.20657539400008,-14.429655074999971],[132.20631218000005,-14.429029464999928],[132.206045151,-14.428400039999929],[132.2057819370001,-14.427774428999953],[132.20551490800005,-14.427143096999941],[132.20525169400003,-14.426515578999954],[132.2049884800001,-14.425888061999956],[132.20472526600008,-14.425264358999982],[132.20446205100006,-14.424642562999964],[132.20420265200005,-14.424018859999933],[132.20394325300003,-14.423408507999966],[132.20386314400002,-14.42321205099995],[132.2040348050001,-14.42337989799995],[132.2042407990001,-14.42356300399996],[132.2043399810001,-14.42364311199998],[132.20441627500009,-14.423704146999967],[132.20445442200003,-14.423734664999927],[132.20466423000005,-14.423887252999975],[132.2046794890001,-14.423896789999958],[132.20489692700005,-14.424037932999966],[132.2049083710001,-14.424047469999948],[132.205015182,-14.424110412999937],[132.207071304,-14.425312041999973],[132.2086582180001,-14.42624092099993],[132.20987129200012,-14.42695045499994],[132.2106647490001,-14.427415847999953],[132.21146583600012,-14.42788505599998],[132.21231651300002,-14.428382873999965],[132.21327781700006,-14.428945540999962],[132.21436119100008,-14.429578780999975],[132.21533775300009,-14.430150985999944],[132.2156505580001,-14.430332183999951],[132.21626091000007,-14.429426192999927],[132.22033119200012,-14.43179893499996],[132.22133827200003,-14.43238830599995],[132.23637199400002,-14.441200255999945],[132.23689842200008,-14.44151687599998],[132.23778724700003,-14.442077636999954],[132.23863792400005,-14.442707061999954],[132.2394466400001,-14.443380355999977],[132.24007225000003,-14.443971633999979],[132.24064827000007,-14.44455146799993],[132.24462318400003,-14.449235915999964],[132.24529838600006,-14.448621749999973],[132.2467441560001,-14.447309493999967],[132.2473392490001,-14.448011397999949],[132.24793434100002,-14.448713302999977],[132.24933815000009,-14.447437285999968],[132.2478542330001,-14.445880889999955],[132.24886894200006,-14.444957732999967],[132.24912452700005,-14.44472885099998],[132.249345779,-14.444393157999968],[132.2497005460001,-14.443845748999934],[132.25010108900005,-14.443237304999968],[132.25052833600012,-14.442590713999948],[132.25248146100012,-14.443807601999936],[132.25446891800004,-14.440776824999944],[132.25544166600002,-14.439918517999956],[132.25377082800003,-14.438219069999946],[132.25384712200002,-14.437030791999973],[132.25444984400008,-14.435939788999974],[132.25489997900002,-14.43528175399996],[132.25634956400006,-14.433162688999971],[132.25644874600005,-14.43290710399998],[132.2564830780001,-14.43290710399998],[132.25649833700004,-14.43290710399998],[132.25651741000001,-14.432905196999968],[132.25653266900008,-14.432905196999968],[132.25657081600002,-14.432899474999942],[132.2566127780001,-14.432893752999973],[132.25665092500003,-14.432886123999936],[132.25668907200009,-14.43287277199994],[132.256723404,-14.432859420999932],[132.2567691800001,-14.432838439999955],[132.25681495700007,-14.432817458999978],[132.25686073300005,-14.432796477999943],[132.25691032400005,-14.432775496999966],[132.25695610000002,-14.432754516999978],[132.2569751740001,-14.432744979999939],[132.2569980620001,-14.432733535999944],[132.25702095000008,-14.432723998999961],[132.25704002400005,-14.432714461999979],[132.25706291200004,-14.432704925999928],[132.25709724400008,-14.432691573999932],[132.2571315770001,-14.432678222999982],[132.25716590900004,-14.432668685999943],[132.2572040560001,-14.432661056999962],[132.25723838800002,-14.432655333999946],[132.25726509100002,-14.432653426999934],[132.25729179400003,-14.432653426999934],[132.25731849700003,-14.432657241999948],[132.25734138500002,-14.432664870999929],[132.25736808800002,-14.432672500999956],[132.257390976,-14.432683944999951],[132.2574138640001,-14.432693480999944],[132.2574367520001,-14.432704925999928],[132.25745964100008,-14.43271636999998],[132.25748252900007,-14.432727813999975],[132.2575359340001,-14.432760238999947],[132.2575893400001,-14.432792663999976],[132.25764656100012,-14.432825088999948],[132.25769996600002,-14.43285751299993],[132.25775337200002,-14.43288993799996],[132.2577724460001,-14.432901381999955],[132.25779151900008,-14.432912826999939],[132.25781059300004,-14.432924270999933],[132.25783348100003,-14.432935714999928],[132.257852554,-14.432949065999935],[132.2578983310001,-14.43297767599995],[132.25794410700007,-14.433008193999967],[132.25798606900003,-14.433038711999927],[132.25803184500012,-14.433069228999955],[132.2580776210001,-14.433099746999972],[132.25810813900011,-14.433113097999978],[132.25813484200012,-14.433126449999975],[132.25816535900003,-14.433135985999968],[132.25819587700005,-14.43314552299995],[132.25822639500007,-14.433155059999933],[132.25826835600003,-14.43316841099994],[132.2583103180001,-14.43317794799998],[132.25835228000005,-14.43318557699996],[132.25839805600003,-14.433189391999974],[132.2584400180001,-14.433189391999974],[132.25848197900007,-14.433179854999935],[132.25852394100002,-14.433164596999973],[132.2585659030001,-14.433147429999963],[132.25861167900007,-14.433130263999942],[132.25865364100002,-14.433115004999934],[132.25869178800008,-14.433109282999965],[132.25872993500002,-14.433107375999953],[132.2587718960001,-14.433103560999939],[132.25881004300004,-14.43309783899997],[132.25884437600007,-14.433084487999963],[132.2588748930001,-14.433069228999955],[132.2589015960001,-14.433052062999934],[132.2589282990001,-14.433032989999958],[132.2589550020001,-14.433015822999948],[132.2589817050001,-14.432998656999928],[132.25899696400006,-14.432991027999947],[132.25901222200002,-14.432981490999964],[132.25902366600008,-14.432973861999926],[132.25903892500003,-14.432964324999944],[132.2590541840001,-14.432956695999962],[132.25907325700007,-14.43294715899998],[132.25909233100003,-14.432939528999952],[132.2591075900001,-14.432931899999971],[132.25912666300007,-14.432924270999933],[132.25914573700004,-14.432918548999965],[132.25916099500012,-14.432912826999939],[132.25918006900008,-14.432909011999982],[132.25919532800003,-14.432905196999968],[132.259214401,-14.432901381999955],[132.25922966000007,-14.432899474999942],[132.25926399200011,-14.432893752999973],[132.25929832500003,-14.43288993799996],[132.25933265700007,-14.432888030999948],[132.2593669890001,-14.432888030999948],[132.25939750700002,-14.432888030999948],[132.2594699860001,-14.432893752999973],[132.25953483600006,-14.43290710399998],[132.25960350000003,-14.432928084999958],[132.2596721650001,-14.432954787999961],[132.25973701500004,-14.432989119999945],[132.2597751620001,-14.433013915999936],[132.25981330900004,-14.43304061899994],[132.25984382600006,-14.433071135999967],[132.25987052900007,-14.43310546899994],[132.25988960300003,-14.43314552299995],[132.25989723200007,-14.43316841099994],[132.25990104700008,-14.433193206999931],[132.25990104700008,-14.433216094999977],[132.25989723200007,-14.433240890999969],[132.25989341700006,-14.433263778999958],[132.25988960300003,-14.433286666999948],[132.25988578800002,-14.433307647999982],[132.25988197300012,-14.433330535999971],[132.25987434400008,-14.433351516999949],[132.25986671400005,-14.43337631199995],[132.25985908500002,-14.433389663999947],[132.2598514560001,-14.433404921999966],[132.2598247530001,-14.43345642099996],[132.2598018650001,-14.43350410499994],[132.259778976,-14.433551787999932],[132.25975990300003,-14.433599471999969],[132.25974082900007,-14.433649062999962],[132.25974082900007,-14.43366432199997],[132.25973701500004,-14.433681487999934],[132.25973701500004,-14.43369483899994],[132.25974082900007,-14.433736800999952],[132.25974464400008,-14.433773040999938],[132.2597522740001,-14.433809279999934],[132.25976371800004,-14.433845519999977],[132.259778976,-14.433879851999961],[132.25979042100005,-14.433897017999982],[132.2597980500001,-14.433914184999935],[132.25980949400002,-14.433929442999954],[132.25982093800008,-14.433946608999975],[132.259832382,-14.433961867999926],[132.25984764100008,-14.433980941999948],[132.25985908500002,-14.433998107999969],[132.25987434400008,-14.434017180999945],[132.25988578800002,-14.434032439999953],[132.2599048610001,-14.434047698999962],[132.259935379,-14.434074401999965],[132.25996589700003,-14.434099196999966],[132.25999641400006,-14.43412589999997],[132.2600307460001,-14.43415069599996],[132.26006126400011,-14.434177398999964],[132.26009178200002,-14.434202193999965],[132.26012229900005,-14.434228896999969],[132.26015281700006,-14.43425369299996],[132.2601871490001,-14.434280395999963],[132.26021766700012,-14.434305190999964],[132.26022529600004,-14.434314727999947],[132.26023292500008,-14.43432426499993],[132.2602405550001,-14.434335708999981],[132.26024818400003,-14.434345244999975],[132.26025581400006,-14.43435668899997],[132.26027107200002,-14.43437385599998],[132.26028251600007,-14.434391021999943],[132.26029396100012,-14.434408187999964],[132.26030540500005,-14.43442726099994],[132.2603168490001,-14.43444442699996],[132.26032829300004,-14.434471129999963],[132.2603435520001,-14.434499740999968],[132.26035499600005,-14.434526442999982],[132.2603664400001,-14.43455505399993],[132.26037788400004,-14.434581756999933],[132.26040840100006,-14.434637069999951],[132.26043510400007,-14.43469238299997],[132.26046562200008,-14.434747695999931],[132.2604961400001,-14.434801101999938],[132.26053047200003,-14.434854506999955],[132.260576248,-14.434915542999931],[132.2606258390001,-14.434974669999974],[132.2606754300001,-14.435031890999937],[132.2607250210001,-14.435089110999968],[132.2607784270001,-14.43514442399993],[132.2608013150001,-14.435167312999965],[132.26082420300008,-14.435192107999967],[132.26084709200006,-14.435214995999956],[132.26086998000005,-14.435237884999935],[132.26089286800004,-14.435260772999982],[132.2609310150001,-14.435297011999978],[132.26096534700002,-14.435333251999964],[132.26100349400008,-14.43536949199995],[132.26104545600003,-14.435405730999946],[132.2610836030001,-14.43544006299993],[132.26112937900007,-14.435474395999961],[132.26117515600004,-14.435506820999933],[132.26122093200001,-14.435539245999962],[132.261270523,-14.435569762999933],[132.2613162990001,-14.43560028099995],[132.26136589100008,-14.435632705999978],[132.26141548200007,-14.435663222999949],[132.2614688870001,-14.435691832999964],[132.26151847800008,-14.435722350999981],[132.26156806900008,-14.435754775999953],[132.26161766100006,-14.435787200999982],[132.26166343700004,-14.435823440999968],[132.2617053990001,-14.435863494999978],[132.26174736000007,-14.435907363999945],[132.261785507,-14.435956954999938],[132.26179695100006,-14.435977935999972],[132.26180839500012,-14.436000823999962],[132.26181602500003,-14.436021804999939],[132.26181983900005,-14.436042785999973],[132.26182365400007,-14.436065673999963],[132.26182365400007,-14.436092376999966],[132.26181983900005,-14.436120986999981],[132.26181602500003,-14.43614959699994],[132.2618045810001,-14.436176299999943],[132.26178932200003,-14.436201095999934],[132.26177024800006,-14.436218261999954],[132.2617511750001,-14.43623733499993],[132.2617282870001,-14.436252593999939],[132.26170921300002,-14.43626975999996],[132.26169014000004,-14.43628692599998],[132.26165962200002,-14.436315535999938],[132.2616291050001,-14.436342238999941],[132.26159477200008,-14.436370849999946],[132.26156425500005,-14.436401366999974],[132.26153373700004,-14.436429976999932],[132.2615261080001,-14.436441421999973],[132.26151466400006,-14.436456679999935],[132.26150322,-14.436470031999932],[132.26149177600007,-14.436489104999964],[132.26148033100003,-14.436506270999928],[132.2614727020001,-14.43652534499995],[132.26146125800005,-14.436544417999926],[132.26144981400012,-14.436563491999948],[132.26143837000006,-14.43658256499998],[132.26143074000004,-14.436601638999946],[132.2614192960001,-14.43662261999998],[132.26141166700006,-14.436641692999956],[132.261400223,-14.436660766999978],[132.26138877900007,-14.436697005999974],[132.26137733500002,-14.43673324599996],[132.26136589100008,-14.436769484999957],[132.26135826100005,-14.436805724999942],[132.26135063200002,-14.43684387199994],[132.2613430020001,-14.436887740999964],[132.26133918800008,-14.436931609999931],[132.26133155800005,-14.436975478999955],[132.26132774400003,-14.437019347999978],[132.2613201140001,-14.437065124999947],[132.26131248500008,-14.437105178999957],[132.26130867000006,-14.437147140999969],[132.26130104100002,-14.437187194999979],[132.2612934110001,-14.437229155999944],[132.26128578200007,-14.437269210999943],[132.261270523,-14.43732261699995],[132.26125145000003,-14.437374114999955],[132.26123237600007,-14.437423705999947],[132.26120948800008,-14.43747329699994],[132.2611904140001,-14.437522887999933],[132.26117515600004,-14.437551497999948],[132.26115989700008,-14.437580108999953],[132.26114463800002,-14.437608718999968],[132.26112937900007,-14.437635421999971],[132.2611103060001,-14.43766403199993],[132.26107978800007,-14.437709807999966],[132.26104545600003,-14.437753676999932],[132.2610111240001,-14.437797545999956],[132.26097297700005,-14.437839507999968],[132.2609348300001,-14.43788146999998],[132.2609081270001,-14.437906264999981],[132.2608776090001,-14.437931060999972],[132.2608509060001,-14.437955855999974],[132.26082038900006,-14.437980651999965],[132.26079368600006,-14.438005446999966],[132.26077079800007,-14.438028335999945],[132.26074791000008,-14.438051223999935],[132.2607250210001,-14.438074111999981],[132.2607021330001,-14.438098906999926],[132.26068306000002,-14.438123702999974],[132.26066780100007,-14.438140868999938],[132.26065635700002,-14.438158034999958],[132.26064491300008,-14.43817710899998],[132.26063346900003,-14.438196181999956],[132.2606258390001,-14.438215255999978],[132.26061821000008,-14.438232421999942],[132.26061058000005,-14.438251494999975],[132.260602951,-14.438268660999938],[132.26059532200009,-14.43828773499996],[132.26059150700007,-14.438306807999936],[132.26058387800003,-14.438339232999965],[132.26058006300002,-14.438373565999939],[132.260576248,-14.43840789799998],[132.26058006300002,-14.438442229999964],[132.26058387800003,-14.438476562999938],[132.26058769200006,-14.438503264999952],[132.2605991360001,-14.438531875999956],[132.26061058000005,-14.43855857799997],[132.2606258390001,-14.438583373999961],[132.26064109800006,-14.43860626199995],[132.26067161600008,-14.43863868699998],[132.260705948,-14.43866920499994],[132.26073646500004,-14.438697814999955],[132.26076698300005,-14.43872642499997],[132.2608013150001,-14.438755034999929],[132.2608318330001,-14.438781737999932],[132.26086616500004,-14.438808440999935],[132.26090049700008,-14.438835143999938],[132.2609310150001,-14.438863753999954],[132.26096534700002,-14.438890456999957],[132.2609806060001,-14.438903808999953],[132.26099586500004,-14.43891715999996],[132.26101493800002,-14.438930510999967],[132.26103019700008,-14.438945769999975],[132.26104545600003,-14.438959121999972],[132.2611103060001,-14.439008712999964],[132.26117515600004,-14.439054488999943],[132.2612400050001,-14.439100265999969],[132.26130485500005,-14.43914794899996],[132.2613697050001,-14.439197539999952],[132.26143074000004,-14.439254760999972],[132.2614955900001,-14.439313888999948],[132.26155662500003,-14.439373015999934],[132.26161766100006,-14.439432143999966],[132.26168632500003,-14.439491271999941],[132.26169776900008,-14.439502715999936],[132.26171302800003,-14.43951415999993],[132.26179313700004,-14.439584731999958],[132.26187324500006,-14.43965148899997],[132.26194953900006,-14.439718245999927],[132.26202964800007,-14.43978500399993],[132.2621097560001,-14.439851760999943],[132.2621669770001,-14.439901351999936],[132.26222419700002,-14.439950942999928],[132.26228523300006,-14.440000533999978],[132.2623424530001,-14.440052031999926],[132.26239967300012,-14.440109252999946],[132.26241493200007,-14.440126418999967],[132.262426376,-14.44014358499993],[132.26243782000006,-14.44016075099995],[132.2624492650001,-14.440174102999947],[132.26245689400002,-14.440187453999954],[132.26246833800008,-14.44020080599995],[132.2624759670001,-14.440214156999957],[132.26248359700003,-14.440231322999978],[132.26249122600007,-14.440248488999941],[132.26249504100008,-14.440265655999951],[132.26250267000012,-14.440282821999972],[132.26250648500002,-14.440305709999961],[132.26250648500002,-14.440324782999937],[132.26251030000003,-14.440341948999958],[132.26251030000003,-14.440355300999954],[132.26250648500002,-14.440366744999949],[132.26250648500002,-14.440378188999944],[132.26250267000012,-14.440389632999938],[132.2624988560001,-14.440406798999959],[132.26249122600007,-14.440422057999967],[132.262479782,-14.440437316999976],[132.2624721530001,-14.440452575999927],[132.26245689400002,-14.440464019999979],[132.262426376,-14.440492629999937],[132.26239204400008,-14.44051933299994],[132.26236152600006,-14.440546035999944],[132.26233100900004,-14.440572738999947],[132.2622966770001,-14.44059944199995],[132.26227378800002,-14.440618514999926],[132.26225471500004,-14.440637588999948],[132.26223182700005,-14.44065666199998],[132.26220893900006,-14.440675734999957],[132.2621898650001,-14.440696715999934],[132.2621631620001,-14.440725326999939],[132.2621364590001,-14.440755843999966],[132.2621173860001,-14.440788268999938],[132.26210212700005,-14.44082260099998],[132.2620868680001,-14.440858840999965],[132.26207542400005,-14.440904616999944],[132.2620639800001,-14.440948485999968],[132.26205253600006,-14.440994262999936],[132.26204109200012,-14.441040038999972],[132.26202964800007,-14.441085814999951],[132.26202583300005,-14.441097259999935],[132.26202201800004,-14.441106795999929],[132.2620105740001,-14.441152572999954],[132.26199913000005,-14.441196441999978],[132.2619876860001,-14.441238402999943],[132.2619838710001,-14.441282271999967],[132.2619838710001,-14.441324233999978],[132.2619838710001,-14.441358565999963],[132.2619876860001,-14.441392898999936],[132.26199531600003,-14.441427230999977],[132.26200294500006,-14.44145965599995],[132.2620105740001,-14.441493987999934],[132.26201438900011,-14.44150733899994],[132.26201820400001,-14.441518783999982],[132.26202201800004,-14.441532134999932],[132.26202583300005,-14.441543578999926],[132.26202583300005,-14.441555022999978],[132.26203346300008,-14.441596984999933],[132.26202964800007,-14.441638946999944],[132.26202201800004,-14.441680907999967],[132.26200676000008,-14.441722869999978],[132.2619876860001,-14.441762923999931],[132.26197624200006,-14.44177818299994],[132.26196861300002,-14.441791533999947],[132.26195716900008,-14.441806792999955],[132.2619342800001,-14.441843032999941],[132.2619075780001,-14.441881179999939],[132.2618846890001,-14.441917418999935],[132.2618579860001,-14.441953658999978],[132.26183509800012,-14.441991805999976],[132.26180076600008,-14.442070006999927],[132.261785507,-14.442152022999949],[132.2617816930001,-14.442237853999927],[132.26177406300008,-14.442325591999975],[132.261758804,-14.442409514999952],[132.2617511750001,-14.442436217999955],[132.26174354600005,-14.44246482799997],[132.26173591600002,-14.442491530999973],[132.26172447200008,-14.442518233999976],[132.26171302800003,-14.44254493699998],[132.26169776900008,-14.442571639999926],[132.26168251,-14.442596435999974],[132.26166343700004,-14.442621230999976],[132.26164436300007,-14.442646026999967],[132.2616252900001,-14.442670821999968],[132.26159477200008,-14.442707061999954],[132.26156425500005,-14.44274330099995],[132.26153373700004,-14.442779540999936],[132.2614994050001,-14.442813872999977],[132.2614688870001,-14.442852019999975],[132.26143837000006,-14.442884444999947],[132.26141166700006,-14.442918776999932],[132.26138114900004,-14.442953109999962],[132.26135826100005,-14.442989348999959],[132.26133537300007,-14.443029403999958],[132.261323929,-14.443056106999961],[132.2613162990001,-14.443086623999932],[132.2613162990001,-14.443115233999947],[132.2613162990001,-14.443143844999952],[132.2613162990001,-14.443172454999967],[132.2613162990001,-14.443212508999977],[132.2613162990001,-14.443250655999975],[132.2613162990001,-14.443290709999928],[132.2613162990001,-14.443330764999928],[132.2613162990001,-14.443368911999926],[132.2613162990001,-14.44338989299996],[132.26131248500008,-14.443408965999936],[132.26130867000006,-14.44342994699997],[132.26130485500005,-14.443449019999946],[132.26130104100002,-14.443468093999968],[132.2612895970001,-14.443496703999926],[132.26128196700006,-14.443525313999942],[132.261270523,-14.443555831999959],[132.26125907900007,-14.443584441999974],[132.26125145000003,-14.443613051999932],[132.26124382000012,-14.443630218999942],[132.26123619100008,-14.443649291999975],[132.26123237600007,-14.443666457999939],[132.26122474700003,-14.44368362399996],[132.26121711700011,-14.443702697999981],[132.26120948800008,-14.443725585999971],[132.26120567300006,-14.44374847399996],[132.26120567300006,-14.44377136199995],[132.26120567300006,-14.44379424999994],[132.26120948800008,-14.443817138999975],[132.26122856100005,-14.443885802999944],[132.26125907900007,-14.443950652999945],[132.2612934110001,-14.444015502999946],[132.261323929,-14.444080352999947],[132.26134681700012,-14.444149016999972],[132.26135063200002,-14.444168090999938],[132.26135826100005,-14.44418716399997],[132.26136207600007,-14.444208144999948],[132.26136589100008,-14.44422721899997],[132.2613697050001,-14.444248198999958],[132.26137352000012,-14.444276809999963],[132.26137733500002,-14.444305419999978],[132.26137733500002,-14.444335937999938],[132.26138114900004,-14.444364547999953],[132.26138114900004,-14.44439506499998],[132.26138496400006,-14.444459914999982],[132.26138496400006,-14.444524764999926],[132.26138877900007,-14.444589614999927],[132.26138877900007,-14.444654464999928],[132.2613925930001,-14.44471931499993],[132.261400223,-14.444808959999932],[132.26141548200007,-14.444898604999935],[132.26143455500005,-14.444988250999927],[132.26145744300004,-14.445075988999974],[132.26148796100006,-14.445163726999965],[132.26150703400003,-14.445211410999946],[132.2615261080001,-14.445259093999937],[132.2615489960001,-14.44530296299996],[132.2615718840001,-14.445348739999929],[132.2615985870001,-14.445392608999953],[132.2616291050001,-14.445447921999971],[132.26166725200005,-14.445503234999933],[132.2617015840001,-14.44555664099994],[132.26173973100003,-14.445608138999944],[132.2617816930001,-14.445659636999949],[132.2618312840001,-14.445716857999969],[132.2618846890001,-14.445770263999975],[132.26193809500012,-14.445823668999935],[132.261991501,-14.445878982999943],[132.26204872100004,-14.44594001799993],[132.26205635100007,-14.445953368999938],[132.262067795,-14.445966720999934],[132.26207542400005,-14.44598007199994],[132.262094498,-14.446004867999932],[132.2621173860001,-14.446027755999978],[132.2621402740001,-14.44605255099998],[132.2621631620001,-14.44607543899997],[132.26218223600006,-14.446102141999972],[132.2621898650001,-14.446119307999936],[132.2621936800001,-14.446134566999945],[132.262197495,-14.446151732999965],[132.26220130900003,-14.446168899999975],[132.26220512400005,-14.446186065999939],[132.2622203830001,-14.446216582999966],[132.26223564100007,-14.446247100999926],[132.26225090000003,-14.446277617999954],[132.2622661590001,-14.44630813599997],[132.26227760300003,-14.446340560999943],[132.26228904700008,-14.446403502999942],[132.2622966770001,-14.446468352999943],[132.2622966770001,-14.446531295999932],[132.2622928620001,-14.446596145999933],[132.26228523300006,-14.446659087999933],[132.26227760300003,-14.446699141999943],[132.26227378800002,-14.446737288999941],[132.2622661590001,-14.446775435999939],[132.26225853000005,-14.446815490999938],[132.26224708600012,-14.446853637999936],[132.2622394560001,-14.44687461899997],[132.26223182700005,-14.44689750699996],[132.26222419700002,-14.44692039499995],[132.2622165680001,-14.446941375999927],[132.26220893900006,-14.446964263999973],[132.2621936800001,-14.447004317999927],[132.26217842100004,-14.447044372999926],[132.2621631620001,-14.447084426999936],[132.26214408900012,-14.447124480999946],[132.26212883000005,-14.447164535999946],[132.26212501500004,-14.447183608999978],[132.2621173860001,-14.447204589999956],[132.2621135710001,-14.447225570999933],[132.2621097560001,-14.447246551999967],[132.26210594200006,-14.447267531999955],[132.26210212700005,-14.447290420999934],[132.26209831200003,-14.44731330899998],[132.262094498,-14.44733619699997],[132.262094498,-14.44735908499996],[132.26209831200003,-14.447381972999949],[132.26210594200006,-14.447402953999926],[132.2621173860001,-14.44742393499996],[132.26212883000005,-14.447441100999981],[132.26214408900012,-14.447458266999945],[132.2621631620001,-14.447475432999966],[132.26217842100004,-14.447490691999974],[132.262197495,-14.44750404399997],[132.2622165680001,-14.447517394999977],[132.26223564100007,-14.447528838999972],[132.26225471500004,-14.447538375999954],[132.26228523300006,-14.447551726999961],[132.26231575000008,-14.447565078999958],[132.2623424530001,-14.44757461499995],[132.2623729710001,-14.447584151999934],[132.26240730300003,-14.44759178199996],[132.262426376,-14.44759750399993],[132.2624492650001,-14.447601317999954],[132.26246833800008,-14.447603225999956],[132.26249122600007,-14.447605132999968],[132.26251030000003,-14.44760703999998],[132.2625255580001,-14.44760703999998],[132.26254081700006,-14.44760703999998],[132.262556076,-14.44760703999998],[132.26256752000006,-14.447605132999968],[132.262582779,-14.447603225999956],[132.26261711100005,-14.44759750399993],[132.2626514430001,-14.44759178199996],[132.2626819610001,-14.447584151999934],[132.26271629300004,-14.447578429999965],[132.26275062600007,-14.447570800999927],[132.26280021700006,-14.447559356999932],[132.26285362200008,-14.447547912999937],[132.2629070280001,-14.44753456099994],[132.2629604340001,-14.447523116999946],[132.2630138400001,-14.447511672999951],[132.26303291300007,-14.44750976599994],[132.26304817200003,-14.447505950999982],[132.26306724500012,-14.44750404399997],[132.26308631900008,-14.447502135999969],[132.26310539200006,-14.447500228999957],[132.2631397250001,-14.447490691999974],[132.26317787200003,-14.447481154999934],[132.26321220400007,-14.44746971099994],[132.2632465360001,-14.447456359999933],[132.26328086900003,-14.447441100999981],[132.263380051,-14.447391509999932],[132.2634792330001,-14.447338103999982],[132.2635784150001,-14.447284697999976],[132.26367378200007,-14.447229384999957],[132.26377296400005,-14.447174071999939],[132.26381874100002,-14.447143554999968],[132.26386451700012,-14.447113036999951],[132.2639141080001,-14.44708251999998],[132.26395988500008,-14.447052001999964],[132.26400947600007,-14.447023391999949],[132.26408577000007,-14.446987151999963],[132.26416206400006,-14.446956634999935],[132.26423835800006,-14.44692802399993],[132.26431846600008,-14.446903228999929],[132.2643985750001,-14.446878432999938],[132.264432907,-14.446866988999943],[132.26446342500003,-14.44685745199996],[132.26449775700007,-14.446847915999967],[132.2645320890001,-14.44684028599994],[132.26456642200003,-14.446834563999971],[132.264638901,-14.446823119999976],[132.2647113800001,-14.446813582999937],[132.26478004500007,-14.446804046999944],[132.26485252400005,-14.446794509999961],[132.26492118800002,-14.446784972999978],[132.2649898530001,-14.446775435999939],[132.26505470300003,-14.446765899999946],[132.2651195530001,-14.446756362999963],[132.26518821700006,-14.44674682599998],[132.26525306700012,-14.446739196999943],[132.265306473,-14.446733474999974],[132.26535987900002,-14.446733474999974],[132.26541709900005,-14.446737288999941],[132.26547050500005,-14.446744918999968],[132.26552391100006,-14.446750640999937],[132.26562309300004,-14.446767806999958],[132.26571846000002,-14.446790694999947],[132.2658138280001,-14.446823119999976],[132.26590538000005,-14.446866988999943],[132.2659969330001,-14.44692039499995],[132.266027451,-14.446945189999951],[132.26605415300003,-14.446975707999968],[132.26607704200012,-14.447006225999928],[132.2660961150001,-14.44704055799997],[132.26611518900006,-14.447074889999953],[132.26614189100007,-14.447134017999929],[132.26615715000003,-14.447196959999928],[132.26616859400008,-14.447259902999974],[132.26616096500004,-14.447320937999962],[132.26613807700005,-14.447374343999968],[132.2661228180001,-14.447393416999944],[132.26610755900003,-14.447412490999966],[132.26609230000008,-14.447427749999974],[132.2660732270001,-14.447443007999937],[132.26605033900012,-14.447456359999933],[132.26601219200006,-14.447481154999934],[132.2659664150001,-14.44750404399997],[132.26592445400001,-14.44752693199996],[132.26588249200006,-14.44754981999995],[132.26584434500012,-14.44757461499995],[132.2657375340001,-14.44763755799994],[132.265638351,-14.447698592999927],[132.2655353550001,-14.447763442999928],[132.26543998700004,-14.447841643999936],[132.26534462000006,-14.447935103999953],[132.2652988430001,-14.447990416999971],[132.26526832600007,-14.448047637999935],[132.26524543800008,-14.448106765999967],[132.26523399400003,-14.448165893999942],[132.2652263640001,-14.448223113999973],[132.26523399400003,-14.44828414899996],[132.2652492520001,-14.448343276999935],[132.26527214100008,-14.44840431199998],[132.26531028700003,-14.448463439999955],[132.26535987900002,-14.44852256799993],[132.26539421100006,-14.44855499299996],[132.2654285430001,-14.448579787999961],[132.26546287500003,-14.448598861999926],[132.26550102200008,-14.448608397999976],[132.26553916900002,-14.448610305999978],[132.26563072200008,-14.44860267599995],[132.26572227500003,-14.448589324999944],[132.26581764200012,-14.44857215899998],[132.26590919500006,-14.448551177999946],[132.2659969330001,-14.448528289999956],[132.26606178300005,-14.448509215999934],[132.2661266330001,-14.448490142999958],[132.26618766800004,-14.448471068999936],[132.2662525180001,-14.44845199599996],[132.26631355300003,-14.44843482999994],[132.26636314400002,-14.448421477999943],[132.26640892000012,-14.448410033999949],[132.26645469700009,-14.448400496999966],[132.26650047300006,-14.448389052999971],[132.26655006400006,-14.448377608999976],[132.2666339870001,-14.448369979999939],[132.26671791100011,-14.448373794999952],[132.26680564900005,-14.448383330999945],[132.2668933870001,-14.448389052999971],[132.26698112500003,-14.448383330999945],[132.26700782800003,-14.448377608999976],[132.26703834500006,-14.448368072999926],[132.26706504800006,-14.448356627999942],[132.26708412200003,-14.448339461999979],[132.26709175100007,-14.448316573999932],[132.26709175100007,-14.448287963999974],[132.26708793600005,-14.448259353999958],[132.26708030700001,-14.448230742999954],[132.2670726780001,-14.448202132999938],[132.26706886300008,-14.44817352299998],[132.267053604,-14.448110579999934],[132.26703834500006,-14.448047637999935],[132.2670230870001,-14.447984694999946],[132.26700782800003,-14.447921752999946],[132.2669963840001,-14.447856902999945],[132.26697731000002,-14.447771071999966],[132.26696586600008,-14.447685241999977],[132.26695442200003,-14.447599410999942],[132.2669467930001,-14.447511672999951],[132.2669429780001,-14.447425841999973],[132.26693534900005,-14.447214126999938],[132.26693534900005,-14.447002410999971],[132.2669429780001,-14.446790694999947],[132.26696205100006,-14.44657897899998],[132.26698875400007,-14.446367263999946],[132.2670497890001,-14.446037291999971],[132.26711845400007,-14.445711135999943],[132.26718711900003,-14.44538307199997],[132.267259598,-14.44505500799994],[132.26732063300005,-14.444726943999967],[132.2673587800001,-14.444499968999935],[132.26740074200006,-14.444272994999949],[132.26743888900012,-14.444046020999963],[132.26746559100002,-14.44381904599993],[132.26747703600006,-14.443590163999943],[132.26747703600006,-14.443456649999973],[132.26747703600006,-14.443323134999957],[132.26747703600006,-14.44318962099993],[132.26747322100005,-14.443056106999961],[132.26747322100005,-14.442920684999933],[132.26747322100005,-14.442817687999934],[132.26747322100005,-14.442714690999935],[132.26747322100005,-14.44260978699998],[132.26747322100005,-14.442506789999982],[132.26747322100005,-14.442403792999926],[132.26747703600006,-14.44226455699993],[132.2674846650001,-14.442125319999946],[132.26749610900004,-14.441987990999962],[132.2675113680001,-14.441848754999967],[132.26752281200004,-14.441709517999982],[132.26754570000003,-14.441505431999929],[132.26757240300003,-14.44129943799993],[132.26759910600003,-14.441095351999934],[132.26762580900004,-14.440891265999937],[132.26764869700003,-14.44068717999994],[132.26766777000012,-14.440475463999974],[132.26767921400005,-14.44026374799995],[132.26768302900007,-14.440052031999926],[132.26767921400005,-14.439840316999948],[132.26766777000012,-14.439628600999981],[132.26765632600006,-14.43952369699997],[132.26763343800008,-14.439418792999959],[132.26760673500007,-14.43931579599996],[132.26757621800004,-14.43921279899996],[132.267541885,-14.439109801999962],[132.2674579620001,-14.438919066999972],[132.26735115100007,-14.438737868999965],[132.26724815400007,-14.43855857799997],[132.2671527860001,-14.438375472999951],[132.26709175100007,-14.438180922999948],[132.26708030700001,-14.438125609999929],[132.2670726780001,-14.438072204999969],[132.26706504800006,-14.438016890999961],[132.26705741900003,-14.437961577999943],[132.267053604,-14.437908172999926],[132.267053604,-14.43789482099993],[132.2670497890001,-14.437883376999935],[132.2670497890001,-14.43787193299994],[132.2670497890001,-14.437858581999933],[132.2670459750001,-14.437847136999949],[132.26708030700001,-14.43776893599994],[132.26711463900006,-14.437692641999945],[132.2671489720001,-14.437614440999937],[132.267183304,-14.437538146999941],[132.26721763600005,-14.437459945999933],[132.26724052400004,-14.437414168999965],[132.26726341200003,-14.437368392999929],[132.26729011500004,-14.437324523999962],[132.26731681800004,-14.437278747999926],[132.26734352100004,-14.43723487899996],[132.26738929700002,-14.437164306999932],[132.26743888900012,-14.43709754899993],[132.26749229400002,-14.437032699999975],[132.26755332900007,-14.436975478999955],[132.26762199400002,-14.436922072999948],[132.26786232000006,-14.436775207999972],[132.26811409000004,-14.436656951999964],[132.26836967500003,-14.436563491999948],[132.26863288900006,-14.436489104999964],[132.268903732,-14.436431884999934],[132.2689495090001,-14.436422347999951],[132.26899528500007,-14.43641471899997],[132.26904487600007,-14.436407088999943],[132.26909065200005,-14.436399459999961],[132.26914024400003,-14.436389922999979],[132.2695636750001,-14.436304091999943],[132.26998329200012,-14.43621444699994],[132.27040672300006,-14.436122893999936],[132.27083396900002,-14.436033248999934],[132.2712612150001,-14.435947417999955],[132.27153968800008,-14.435897826999962],[132.27181434600004,-14.435853957999939],[132.27209281900002,-14.435823440999968],[132.27237129200012,-14.435810088999972],[132.2726497650001,-14.435817718999942],[132.27279090900004,-14.435829162999937],[132.2729320530001,-14.435842513999944],[132.27307319600004,-14.435857772999952],[132.2732143400001,-14.43587303199996],[132.27335166900002,-14.435890197999981],[132.27349281300008,-14.435905456999933],[132.27363014200012,-14.435922622999954],[132.27376747100004,-14.435937880999973],[132.27390480000008,-14.435955047999926],[132.2740421300001,-14.435972213999946],[132.2742176060001,-14.43599891699995],[132.27439308200007,-14.436025619999953],[132.27456474300004,-14.43605613699998],[132.27474021900002,-14.436090468999964],[132.2749118800001,-14.436124801999938],[132.27510643000005,-14.43616676299996],[132.2753009800001,-14.436210631999927],[132.27549552900007,-14.436252593999939],[132.27569007900001,-14.43629455599995],[132.2758884430001,-14.436336516999972],[132.27601051300007,-14.436363219999976],[132.27613258400004,-14.436389922999979],[132.276254654,-14.43641471899997],[132.2763767240001,-14.436441421999973],[132.27649879500007,-14.43646812399993],[132.27662468000005,-14.436489104999964],[132.27675056500004,-14.436496734999935],[132.27688026400006,-14.436498641999947],[132.27700996400006,-14.436492919999978],[132.27713966400006,-14.43648529099994],[132.2772541050001,-14.43647766099997],[132.27737236000007,-14.436464309999963],[132.277486801,-14.43644523599994],[132.27760505700007,-14.436424254999963],[132.277719498,-14.436399459999961],[132.27810859700003,-14.436306],[132.2784862520001,-14.436195373999965],[132.27885627700005,-14.436063765999961],[132.27922248800007,-14.435907363999945],[132.27958107000006,-14.435726165999938],[132.27976036100006,-14.43561744699997],[132.2799243930001,-14.435499190999963],[132.2800769810001,-14.435367583999948],[132.28021812400004,-14.43522453299994],[132.28035545300008,-14.435071944999947],[132.2804927830001,-14.434909820999962],[132.280622482,-14.434745788999976],[132.28074073800008,-14.434576034999964],[132.2808475490001,-14.43439865099998],[132.28093528700003,-14.43421363799996],[132.28104591400006,-14.433946608999975],[132.28115272500008,-14.433679580999978],[132.28125572200008,-14.43341064499998],[132.28135108900005,-14.433141707999937],[132.28144645700002,-14.432870864999927],[132.2815189360001,-14.432649611999977],[132.2815952300001,-14.43242835999996],[132.2816677090001,-14.432207107999943],[132.28174400300009,-14.431983947999981],[132.28181648300006,-14.431762694999975],[132.28191185000003,-14.431522368999936],[132.2820034030001,-14.431282042999953],[132.28209877000006,-14.431039809999959],[132.28219413800002,-14.430799483999976],[132.2822856900001,-14.430557250999982],[132.28236961400012,-14.430362700999979],[132.28246116600008,-14.430170058999977],[132.28256416300007,-14.429981231999932],[132.28266716000007,-14.429794311999956],[132.2827739720001,-14.429607390999934],[132.2829837800001,-14.429246901999932],[132.28320884700008,-14.428894042999957],[132.28344154400008,-14.428550719999976],[132.28368949900005,-14.428211211999951],[132.28394508400004,-14.42787551899994],[132.28407096900003,-14.427722930999948],[132.28420448300005,-14.427577971999938],[132.2843418120001,-14.42743682899993],[132.28448677100005,-14.427305221999973],[132.28464317300006,-14.427177428999926],[132.2848339080001,-14.427032470999961],[132.28502464300004,-14.426893233999976],[132.285223007,-14.426761626999962],[132.2854251860001,-14.426641463999943],[132.285634995,-14.426530837999962],[132.28587532000006,-14.426416396999969],[132.2861156460001,-14.426303863999976],[132.28635597200002,-14.42619323699995],[132.28659248400004,-14.426080703999958],[132.2868328090001,-14.425966262999964],[132.28703117400005,-14.425867080999978],[132.28722572300012,-14.42576408399998],[132.28742408800008,-14.425662993999936],[132.28762245200005,-14.42556381199995],[132.28782081600002,-14.425470351999934],[132.2879161830001,-14.425426482999967],[132.28801536600008,-14.425386428999957],[132.28811454800007,-14.425346374999947],[132.28820991500004,-14.425306319999947],[132.28830909700002,-14.425266265999937],[132.28847694400008,-14.425199508999981],[132.28864479100002,-14.425132750999978],[132.2888126370001,-14.425065993999965],[132.28898048400004,-14.425001143999964],[132.2891483310001,-14.42493438699995],[132.28920936600002,-14.424913405999973],[132.28926658600005,-14.424892425999928],[132.2893276210001,-14.424871444999951],[132.28938484200012,-14.424852370999929],[132.28944587700005,-14.424835204999965],[132.2894802090001,-14.424827575999927],[132.28951454200012,-14.424821853999958],[132.28954887400005,-14.424819945999957],[132.28957939100007,-14.424819945999957],[132.2896137240001,-14.424818038999945],[132.28970146200004,-14.424821853999958],[132.2897930150001,-14.424831389999952],[132.28988075300003,-14.424842833999946],[132.28996849100008,-14.424852370999929],[132.29005622900002,-14.424856185999943],[132.2901287080001,-14.424850463999974],[132.29019737200008,-14.424840926999934],[132.29026985200005,-14.42482948299994],[132.29033851600002,-14.424819945999957],[132.29041099500012,-14.424814223999931],[132.29052925100007,-14.424821853999958],[132.29064750700002,-14.424839019999979],[132.2907657620001,-14.424861907999968],[132.29088401800004,-14.424882888999946],[132.29100608800002,-14.42489433299994],[132.29113197300012,-14.424880980999944],[132.2912578580001,-14.42484664899996],[132.2913837430001,-14.424810409999964],[132.29150962800009,-14.424787520999928],[132.29163551300007,-14.424797057999967],[132.2916698460001,-14.424804687999938],[132.29170036300002,-14.424814223999931],[132.29173469500006,-14.42482376099997],[132.2917690280001,-14.424833297999953],[132.29180336000002,-14.424842833999946],[132.29185676600002,-14.424858092999955],[132.29191017200003,-14.424875258999975],[132.29196739200006,-14.424892425999928],[132.29202079800007,-14.424909591999949],[132.2920780180001,-14.424922942999956],[132.2922077180001,-14.424938201999964],[132.2923374180001,-14.424922942999956],[132.29247093200001,-14.424888610999972],[132.29260444600004,-14.42484664899996],[132.29273414600004,-14.42480659499995],[132.29275322,-14.42479896499998],[132.2927761080001,-14.42478942899993],[132.2927951810001,-14.424779891999947],[132.29281425500005,-14.424772262999966],[132.29283714300004,-14.42476654099994],[132.29291725200005,-14.424760817999982],[132.29299736000007,-14.424770354999964],[132.29307746900008,-14.424785613999973],[132.29316139200012,-14.424797057999967],[132.2932376860001,-14.424797057999967],[132.29328346300008,-14.42478942899993],[132.29332923900006,-14.424776076999933],[132.29337501500004,-14.424760817999982],[132.29342079200012,-14.42474937399993],[132.2934665680001,-14.424741744999949],[132.29351234400008,-14.424741744999949],[132.29356193500007,-14.424747466999975],[132.29360771200004,-14.424755095999956],[132.29365348800002,-14.42475891099997],[132.293703079,-14.424757003999957],[132.29378318800002,-14.424747466999975],[132.29385948200002,-14.424734115999968],[132.29393959000004,-14.424720763999971],[132.29401969900005,-14.424703597999951],[132.29409599300004,-14.424682616999974],[132.29415321400006,-14.424665450999953],[132.2942104340001,-14.424648284999932],[132.294267654,-14.424629210999967],[132.29432487500003,-14.424610137999935],[132.29438591000007,-14.42459297199997],[132.294500351,-14.424570083999981],[132.2946224210001,-14.42455863999993],[132.29474449200006,-14.424549102999947],[132.29486274700002,-14.42452812199997],[132.29497718800008,-14.42448806799996],[132.2950344090001,-14.424453734999929],[132.295084,-14.424413680999976],[132.29513359100008,-14.424369811999952],[132.29517936700006,-14.424324035999973],[132.29522514300004,-14.424278258999948],[132.29524803200002,-14.424253463999946],[132.29527092,-14.424226760999943],[132.2952899930001,-14.42420005799994],[132.2953166960001,-14.424173354999937],[132.2953433990001,-14.424150466999947],[132.2954235080001,-14.424093245999927],[132.29551506000007,-14.424047469999948],[132.29560661300002,-14.424015044999976],[132.2957019810001,-14.423994063999942],[132.29580116300008,-14.423984527999949],[132.2958583830001,-14.423984527999949],[132.29591178900012,-14.42398643499996],[132.29596900900003,-14.423990249999974],[132.29602241500004,-14.423994063999942],[132.29607963600006,-14.42399215699993],[132.2961101530001,-14.423990249999974],[132.2961406710001,-14.42398643499996],[132.29617118800002,-14.423984527999949],[132.29620170600003,-14.423982619999947],[132.29623222400005,-14.423980712999935],[132.29638481100005,-14.423967360999939],[132.29653739900004,-14.423955916999944],[132.29669380200005,-14.423942565999937],[132.29684639000004,-14.42392921399994],[132.29699897800003,-14.423915862999934],[132.2970638280001,-14.423906325999951],[132.29712867700005,-14.423887252999975],[132.29718971300008,-14.423864364999929],[132.297250748,-14.423845290999964],[132.29731559800007,-14.423830031999955],[132.2974224090001,-14.42381858799996],[132.2975292210001,-14.423816680999948],[132.297636032,-14.423814773999936],[132.29774284400003,-14.42381095899998],[132.29784584000004,-14.423795699999971],[132.29792594900005,-14.42377853399995],[132.29800605800006,-14.42376136799993],[132.29808235200005,-14.423744201999966],[132.29816246000007,-14.423727035999946],[132.29823875400007,-14.42370796199998],[132.298406601,-14.423671721999938],[132.2985782620001,-14.423631667999928],[132.29874229400002,-14.42359352099993],[132.29891014100008,-14.423551558999975],[132.29907798800002,-14.423509597999953],[132.29914283800008,-14.423473357999967],[132.29919242900007,-14.42341232299998],[132.29923439000004,-14.423341750999953],[132.2992763520001,-14.423271178999926],[132.29933357200002,-14.423217772999976],[132.29944038400004,-14.42314910899995],[132.29955101000007,-14.423082351999938],[132.2996616360001,-14.423023223999962],[132.29977607700005,-14.422969817999956],[132.299898148,-14.422927855999944],[132.29995918300006,-14.42291068999998],[132.3000202180001,-14.422895431999962],[132.30008506800004,-14.422880172999953],[132.3001461030001,-14.422864913999945],[132.30021095300003,-14.422849654999936],[132.300386429,-14.422794341999975],[132.30056572,-14.422739028999956],[132.30074501,-14.422681807999936],[132.3009204860001,-14.422620772999949],[132.30109596300008,-14.42255783099995],[132.3011989590001,-14.422510146999969],[132.30129432700005,-14.42245483399995],[132.30138969400002,-14.422395705999975],[132.3014850620001,-14.422338485999944],[132.3015880580001,-14.422288894999951],[132.3017902370001,-14.422210692999954],[132.30199241600008,-14.422145843999942],[132.30219841000007,-14.42208862299998],[132.3024082180001,-14.42203903199993],[132.3026180270001,-14.421998977999976],[132.30273246800004,-14.421979903999954],[132.3028469090001,-14.421964644999946],[132.30296134900004,-14.421957015999965],[132.3030796050001,-14.421958922999977],[132.30319023100003,-14.42196845999996],[132.30333137500008,-14.421991347999949],[132.303468704,-14.422021865999966],[132.30360984800006,-14.422060012999964],[132.3037471770001,-14.42210197399993],[132.303880692,-14.422147750999954],[132.30399894700008,-14.422189712999966],[132.30411720300003,-14.422235488999945],[132.30422782900007,-14.422281264999981],[132.30434227000012,-14.422332763999975],[132.30445289600004,-14.422386168999935],[132.30456352200008,-14.42245483399995],[132.30466651900008,-14.422533034999958],[132.30476951600008,-14.42261505099998],[132.3048763280001,-14.422691344999976],[132.30499076800004,-14.422750472999951],[132.30501365700002,-14.422760009999934],[132.3050327300001,-14.422767638999971],[132.3050556180001,-14.422775268999942],[132.3050785060001,-14.422784804999935],[132.30510139500007,-14.422792434999963],[132.3052349090001,-14.422847747999981],[132.30536842300012,-14.422903060999943],[132.30550193800002,-14.422960280999973],[132.30563926700006,-14.423015593999935],[132.3057727810001,-14.423070907999943],[132.305833817,-14.423095702999944],[132.30589866600008,-14.423116683999979],[132.3059597020001,-14.423139571999968],[132.30602455100006,-14.423162459999958],[132.3060855870001,-14.423187255999949],[132.30613136300008,-14.423210143999938],[132.30617713900006,-14.423236846999941],[132.30622291600002,-14.423267364999958],[132.30626869200012,-14.423294066999972],[132.3063144680001,-14.423320769999975],[132.30643272400005,-14.423376082999937],[132.30655479400002,-14.423427581999931],[132.3066768650001,-14.423479079999936],[132.30679893500007,-14.423526763999973],[132.30692100500005,-14.423576354999966],[132.3070583340001,-14.423629760999972],[132.30719566300002,-14.423683166999979],[132.30733299300005,-14.423728942999958],[132.3074741360001,-14.42376136799993],[132.30761146500004,-14.423776626999938],[132.30763816800004,-14.423776626999938],[132.30766105700002,-14.423772811999982],[132.307683945,-14.423767089999956],[132.3077068330001,-14.42376136799993],[132.3077297210001,-14.423755645999961],[132.30774879500007,-14.423749923999935],[132.30776786800004,-14.423744201999966],[132.3077831270001,-14.423740386999953],[132.30780220000008,-14.423734664999927],[132.30782127400005,-14.423728942999958],[132.30787086500004,-14.423719405999975],[132.30792427100005,-14.423709868999936],[132.30797386200004,-14.423702239999955],[132.30802726700006,-14.423694610999974],[132.30807685900004,-14.423683166999979],[132.30814933800002,-14.423660277999943],[132.3082180020001,-14.42363357499994],[132.30828666700006,-14.423601150999957],[132.30835533100003,-14.423564910999971],[132.3084201810001,-14.423524856999961],[132.30845451400012,-14.42350006099997],[132.30848884600005,-14.423473357999967],[132.30851554900005,-14.423444747999952],[132.30854606600008,-14.423416137999936],[132.30857276900008,-14.423385619999976],[132.30859184300004,-14.423347472999978],[132.3086032870001,-14.423301696999943],[132.30861091600002,-14.423254012999962],[132.3086261750001,-14.42321205099995],[132.3086566930001,-14.423185348999937],[132.30880165100007,-14.423139571999968],[132.30895423900006,-14.42312431299996],[132.30911064100007,-14.423122405999948],[132.30926322900007,-14.423118590999934],[132.30941200300003,-14.423093795999932],[132.3096294400001,-14.423034667999957],[132.30984687800003,-14.422975539999982],[132.31006050100007,-14.42291641199995],[132.31027793900012,-14.422851562999938],[132.31049156200004,-14.422780990999968],[132.31085777300007,-14.422653197999978],[132.31122016900008,-14.422525405999977],[132.3115863800001,-14.422395705999975],[132.31195259100002,-14.42226409899996],[132.31231498700004,-14.422128676999932],[132.31259346000002,-14.422021865999966],[132.312875748,-14.421915053999953],[132.31315803500001,-14.42180824299993],[132.3134365080001,-14.421701430999974],[132.3137187960001,-14.421596526999963],[132.3137187960001,-14.42349052399993],[132.3137149810001,-14.426460265999935],[132.3137149810001,-14.42683982799997],[132.3137149810001,-14.428955077999944],[132.3137149810001,-14.43072891199995],[132.31367683400003,-14.44190597499994],[132.313627246,-14.457736030999968],[132.31362722300003,-14.457736404999935],[132.31362722000006,-14.45773706999995],[132.31365346200005,-14.457743139999934],[132.3136537270001,-14.457743200999971],[132.3136773430001,-14.457748662999961],[132.31367770600002,-14.457748746999982],[132.3137114000001,-14.457756539999934],[132.3137129800001,-14.45775690599993],[132.3139407970001,-14.457809597999926],[132.31394090600008,-14.457809622999946],[132.31394739200005,-14.457811123999932],[132.31394925900008,-14.457811555999967],[132.31409344600002,-14.457844904999945],[132.31409525300012,-14.457845322999958],[132.3143762950001,-14.457910325999933],[132.31437827500008,-14.457910783999978],[132.31466501500006,-14.45797710499994],[132.3146664400001,-14.457977433999929],[132.3149595750001,-14.458045234999929],[132.31496181700004,-14.458045752999965],[132.3152388950001,-14.458109839999963],[132.3152404760001,-14.458110204999969],[132.31553164800005,-14.458177550999949],[132.31553405500006,-14.45817810799997],[132.316099752,-14.458308949999946],[132.31610461600008,-14.458310074999929],[132.31666864400006,-14.458440530999951],[132.31667166800003,-14.458441229999949],[132.3172475460001,-14.458574426999974],[132.31725147300006,-14.458575334999978],[132.31780594400004,-14.458703579999963],[132.317808968,-14.45870427999995],[132.31839676800007,-14.458840233999979],[132.3184213400001,-14.458845916999962],[132.32136172600008,-14.459526008999944],[132.321381362,-14.459530549999954],[132.32438151700012,-14.460224465999943],[132.3243818200001,-14.460224535999942],[132.3244019000001,-14.460229179999942],[132.32440344100007,-14.460229536999975],[132.32465586400008,-14.460287919999928],[132.32465825400004,-14.460288472999935],[132.32522148300006,-14.46041874399998],[132.3252388300001,-14.460422755999957],[132.3278243960001,-14.461020779999956],[132.32783707200008,-14.461023711999928],[132.33073540400005,-14.461694076999947],[132.3307493090001,-14.46169729299993],[132.33344295100005,-14.462320313999953],[132.3334611890001,-14.462324531999968],[132.3356178800001,-14.462823359999959],[132.33629244500003,-14.462979426999937],[132.33631312600005,-14.46298421199998],[132.33905850700012,-14.463619381999933],[132.33907101400007,-14.463622275999967],[132.34172500700004,-14.46423630199996],[132.34174498000004,-14.464240922999977],[132.34445995500005,-14.464869058999966],[132.34447785500004,-14.464873199999943],[132.3473413900001,-14.465535706999958],[132.34735859900002,-14.465539687999978],[132.35017834500002,-14.466192062999937],[132.35019563800006,-14.466196063999973],[132.35454480900012,-14.467202286999964],[132.3545847900001,-14.467211536999969],[132.36035355900003,-14.468546196999966],[132.36037162700006,-14.468550376999929],[132.36418076400003,-14.469431656999973]]]}},{"type":"Feature","properties":{"CUSTODIAN":"NTPFES - Northern Territory Fire and Rescue Service","BND_TYPE":"Emergency Response Area","SHORT_NAME":"Larrimah","GAZ_NAME":"Larrimah Emergency Response Area","GAZ_NO":"G29","GAZ_DATE":"1990-07-25T00:00:00","NOTES":"<Null>","SHAPE_Leng":0.0378611755576,"SHAPE_Area":7.88775589846e-05},"geometry":{"type":"Polygon","coordinates":[[[133.21221899700004,-15.56934330599995],[133.218300332,-15.568169878999981],[133.22088638500009,-15.580637281999941],[133.21480767900005,-15.581819801999927],[133.21221899700004,-15.56934330599995]]]}},{"type":"Feature","properties":{"CUSTODIAN":"NTPFES - Northern Territory Fire and Rescue Service","BND_TYPE":"Emergency Response Area","SHORT_NAME":"Nhulunbuy","GAZ_NAME":"Nhulunbuy Emergency Response Area","GAZ_NO":"G4","GAZ_DATE":"1990-01-31T00:00:00","NOTES":"<Null>","SHAPE_Leng":0.138836424513,"SHAPE_Area":0.000557535810387},"geometry":{"type":"Polygon","coordinates":[[[136.77877804800005,-12.16145123299998],[136.778741351,-12.164226416999952],[136.78064176200007,-12.164015351999979],[136.7815771180001,-12.165121106999948],[136.78170267000007,-12.16603325799997],[136.7828559630001,-12.166758029999926],[136.783792951,-12.168116901999952],[136.78394595600003,-12.170393794999939],[136.784460759,-12.171165426999949],[136.7847751810001,-12.172096868999972],[136.78459629300005,-12.17282119899994],[136.78573305700002,-12.17656500499993],[136.787650051,-12.174699568999927],[136.78823419900004,-12.174131131999957],[136.78832891000002,-12.179234949999966],[136.78912303000004,-12.182539],[136.7899619100001,-12.184425949999934],[136.7906340300001,-12.185563],[136.79168803000005,-12.18636700999997],[136.7952719100001,-12.18677594999997],[136.79632491000007,-12.185902949999956],[136.796646,-12.186235],[136.797209,-12.187196],[136.7974518300001,-12.187750931999972],[136.7962306080001,-12.188184448999948],[136.7746734860001,-12.195836934999932],[136.76850022500003,-12.191415086999939],[136.76850605700008,-12.164441602999943],[136.7685060880001,-12.164299831999926],[136.77001771000005,-12.164077559999953],[136.7787799790001,-12.161305236999965],[136.77877804800005,-12.16145123299998]],[[136.7701505430001,-12.178034372999946],[136.76990400500006,-12.178960668999935],[136.7704064190001,-12.180025945999944],[136.77139056900012,-12.180590888999973],[136.7719217020001,-12.18045643499994],[136.7729385660001,-12.17987674799997],[136.7742641540001,-12.180515490999937],[136.77586373200006,-12.180917398999952],[136.77625794800008,-12.182296957999938],[136.77679269200007,-12.182716557999981],[136.77827329500008,-12.184557342999938],[136.779056157,-12.184564042999966],[136.77901263600006,-12.183547431999955],[136.77821486100004,-12.182268084999976],[136.77782199400008,-12.181229232999954],[136.77753672500012,-12.180749284999933],[136.77678109200008,-12.180016605999981],[136.77468882100004,-12.179580817999977],[136.77385007700002,-12.178915450999966],[136.77277350400004,-12.177575514999944],[136.771082384,-12.177498708999963],[136.7701505430001,-12.178034372999946]]]}},{"type":"Feature","properties":{"CUSTODIAN":"NTPFES - Northern Territory Fire and Rescue Service","BND_TYPE":"Emergency Response Area","SHORT_NAME":"Palmerston","GAZ_NAME":"Greater Darwin Emergency Response Area","GAZ_NO":"G20","GAZ_DATE":"2006-05-17T00:00:00","NOTES":null,"SHAPE_Leng":1.429532641,"SHAPE_Area":0.0312453802263},"geometry":{"type":"Polygon","coordinates":[[[130.98057746900008,-12.341131209999958],[130.98081779400002,-12.341218947999948],[130.980947495,-12.341407775999926],[130.9809131620001,-12.341733931999954],[130.98108100900004,-12.341932296999971],[130.9814052590001,-12.342027663999943],[130.98171806300002,-12.342107772999952],[130.98188209500006,-12.342304229999968],[130.9820957180001,-12.342447280999977],[130.982309342,-12.34259033199993],[130.982667923,-12.342571258999953],[130.983026504,-12.34250450099995],[130.9833278650001,-12.34259223999993],[130.98349571200004,-12.342510222999977],[130.98340034500006,-12.342275619999953],[130.98364830000003,-12.342290878999961],[130.9838237770001,-12.342453002999946],[130.98401832600007,-12.342596053999955],[130.98425102200008,-12.34271240299995],[130.98447990400007,-12.342845916999977],[130.98473167500003,-12.343051909999929],[130.98463249200006,-12.34333419799998],[130.98491096500004,-12.343521117999956],[130.98509407100005,-12.343664169999954],[130.98514366100005,-12.343702315999963],[130.98567492000006,-12.344112],[130.98585996000008,-12.344265],[130.98606372000006,-12.344426099999964],[130.9862862000001,-12.34462310999993],[130.9864338000001,-12.344811929999935],[130.9866102000001,-12.344991119999975],[130.9868049600001,-12.345135029999938],[130.98698892000004,-12.345286949999945],[130.98717504,-12.345438869999953],[130.98736008000003,-12.34560887999993],[130.987638,-12.34587887999993],[130.98783312000012,-12.346147979999955],[130.98805488000005,-12.34634615999994],[130.9882500000001,-12.346596899999952],[130.98867192000012,-12.346521929999938],[130.98892788000012,-12.34631195999998],[130.989249,-12.346246169999972],[130.9894790400001,-12.346272],[130.9897461600001,-12.346378109999932],[130.98979296000005,-12.346405019999963],[130.98989484000003,-12.346513109999933],[130.98999708000008,-12.346638839999969],[130.9900899600001,-12.346792019999953],[130.99017312,-12.34689893999996],[130.99029372000007,-12.347006939999972],[130.99045104000004,-12.347086859999933],[130.99057992000007,-12.347168039999929],[130.99072788,-12.347274959999936],[130.9908571200001,-12.347355059999927],[130.99104108000006,-12.347426069999926],[130.9911890400001,-12.347451899999953],[130.99134492000007,-12.34746881999996],[130.99152888000003,-12.347521919999963],[130.99168620000012,-12.34758383999997],[130.9918338000001,-12.347628119999968],[130.9920087600001,-12.347690039999975],[130.992147,-12.347753129999944],[130.99228596000012,-12.347841959999926],[130.99239684000008,-12.347923049999963],[130.9925080800001,-12.34802996999997],[130.99260096000012,-12.34819196999996],[130.99264812,-12.348326879999945],[130.99266684000008,-12.348463049999964],[130.9926409200001,-12.348598859999981],[130.99254012000006,-12.348716939999974],[130.99370184000009,-12.350380049999956],[130.99414320000005,-12.350376989999972],[130.99429008000004,-12.350376179999955],[130.99442796000005,-12.350375009999937],[130.99460292000003,-12.350373929999932],[130.99476816000004,-12.350373119999972],[130.995063,-12.350371139999936],[130.99520988000006,-12.350351159999946],[130.99535388000004,-12.350376989999972],[130.995504,-12.35034890999998],[130.99566888000004,-12.350348099999962],[130.9958618400001,-12.350346929999944],[130.99603716000001,-12.350353949999942],[130.99618404000012,-12.350353049999967],[130.99634892000006,-12.350343059999943],[130.99648716000002,-12.35032388999997],[130.99666176000005,-12.350286],[130.99679892000006,-12.350258009999948],[130.9969461600001,-12.350229929999955],[130.99708404000012,-12.350201939999977],[130.997295,-12.350173049999967],[130.9974508800001,-12.350153879999937],[130.9975887600001,-12.350135069999965],[130.9977540000001,-12.350124989999927],[130.99790124000003,-12.350115],[130.9980387600001,-12.350113829999941],[130.99822308000012,-12.350111939999977],[130.99836096,-12.35011112999996],[130.99850820000006,-12.35011886999996],[130.99866372000008,-12.350118149999957],[130.99881096000001,-12.350108069999976],[130.99897692000002,-12.350088899999946],[130.9991238,-12.35006108999994],[130.99927104000005,-12.35004110999995],[130.9994449200001,-12.35003120999994],[130.9996011600001,-12.350030039999979],[130.999923,-12.350028059999943],[131.00008896000008,-12.350026079999964],[131.00025384000003,-12.350025],[131.00043816000004,-12.350033099999962],[131.00059404,-12.35004110999995],[131.000751,-12.350048939999965],[131.00089824000008,-12.350075039999979],[131.00104512000007,-12.350128049999967],[131.00120820000006,-12.350216969999963],[131.00131008000005,-12.350288879999937],[131.00143788000003,-12.350351069999931],[131.00162004000003,-12.350458079999953],[131.00199192000002,-12.350653919999957],[131.002047,-12.350671919999968],[131.0021388,-12.350698019999982],[131.0026399200001,-12.351246119999928],[131.00314104000006,-12.351458879999939],[131.00333076000004,-12.351633659999948],[131.00333076000004,-12.351633569999933],[131.00400792000005,-12.352257],[131.004216,-12.35244500999994],[131.0046368400001,-12.352803929999936],[131.00487408000004,-12.352983029999962],[131.00533884000004,-12.353358869999965],[131.00565888000006,-12.353628059999949],[131.0062370400001,-12.354219989999933],[131.0064368400001,-12.354534989999934],[131.00671404000002,-12.355219979999958],[131.00689584000008,-12.355437149999943],[131.00713524000003,-12.355602569999974],[131.00769792000006,-12.355851689999952],[131.00823360000004,-12.356038619999936],[131.00879376000012,-12.356271],[131.00914620000003,-12.35648501999998],[131.009346,-12.356663849999961],[131.0096739600001,-12.357033029999968],[131.00984496,-12.357176039999956],[131.0101099200001,-12.357481049999933],[131.01017328000012,-12.35762477999998],[131.01031692000004,-12.357777419999934],[131.01046056000007,-12.357899549999956],[131.0106168000001,-12.358015379999927],[131.01068880000003,-12.358054889999949],[131.0110999200001,-12.358351079999977],[131.0112770400001,-12.358422],[131.0116251600001,-12.35847302999997],[131.01167592000002,-12.358491029999982],[131.011767,-12.358534949999978],[131.011884,-12.358553129999962],[131.01203124000006,-12.358641959999943],[131.01211481000007,-12.358701020999945],[131.0123098800001,-12.35883887999995],[131.01249096000004,-12.358882979999976],[131.01286788000004,-12.358961009999973],[131.012991,-12.358968839999932],[131.013081,-12.358968839999932],[131.01331176000008,-12.358931129999974],[131.0134968000001,-12.358911059999969],[131.0136501600001,-12.358891979999953],[131.0139349200001,-12.358845],[131.0140551600001,-12.358898099999976],[131.01412104000008,-12.358943099999976],[131.01425496000002,-12.359050019999927],[131.0143849200001,-12.359158019999938],[131.0144889600001,-12.359238029999972],[131.01464196000006,-12.359346119999941],[131.01471504000006,-12.359398859999942],[131.01486408000005,-12.35947103999996],[131.015196,-12.359621969999978],[131.01534,-12.359683889999928],[131.0154760800001,-12.35973698999993],[131.0156280000001,-12.35979],[131.01575616000002,-12.359816099999932],[131.0158332000001,-12.359825009999952],[131.01595596000004,-12.359823839999933],[131.0162587200001,-12.359840039999938],[131.01636816000007,-12.359856959999945],[131.0165280000001,-12.359891969999978],[131.01657120000004,-12.359918789999938],[131.01682284000003,-12.360053069999935],[131.01694020000002,-12.360114989999943],[131.01716376000002,-12.360231089999957],[131.0173668000001,-12.360265019999929],[131.01754284000003,-12.360291119999943],[131.01778008000008,-12.360316859999955],[131.01792624000007,-12.360333779999962],[131.01821604000008,-12.360367979999978],[131.01830496000002,-12.360366899999974],[131.01845688000003,-12.360366],[131.01855624000007,-12.360364919999938],[131.01861096000005,-12.360364919999938],[131.01894396000012,-12.360361859999955],[131.01907788000005,-12.360361049999938],[131.01921288000005,-12.360377969999945],[131.01931908000006,-12.36043196999998],[131.01944508000008,-12.360503069999936],[131.01957,-12.360593069999936],[131.01968016,-12.360663899999963],[131.01980004000006,-12.360743819999982],[131.02012872000012,-12.360958919999973],[131.02028712000003,-12.361066109999967],[131.02041816000008,-12.361046939999937],[131.02046496000003,-12.361038029999975],[131.02062804000002,-12.360973139999942],[131.02070292000008,-12.360936959999947],[131.02084692000005,-12.360871889999942],[131.02090812000006,-12.360798899999963],[131.02096716000005,-12.360726899999975],[131.02103304000002,-12.360645],[131.02119792000008,-12.360498929999949],[131.02134696000007,-12.360462029999951],[131.02148124000007,-12.360470039999939],[131.02152696000007,-12.360470039999939],[131.0216832000001,-12.36047696999998],[131.02173792000008,-12.360449969999934],[131.02179516,-12.360403799999972],[131.0218750800001,-12.360358079999969],[131.0220439200001,-12.360258089999945],[131.0223920400001,-12.360111119999942],[131.02256880000004,-12.360063959999934],[131.022882,-12.359988899999962],[131.02318692000006,-12.359906099999932],[131.02371684000002,-12.359848049999925],[131.0239501200001,-12.359828069999935],[131.02439688000004,-12.359788109999954],[131.0245801200001,-12.359778029999973],[131.02477632000011,-12.359758949999957],[131.02494624000008,-12.359748059999959],[131.02504632000011,-12.359738069999935],[131.02515792000008,-12.359728979999943],[131.02524324,-12.359701169999937],[131.02584120000006,-12.35956103999996],[131.02598016000002,-12.359468879999952],[131.0262429600001,-12.35924117999997],[131.02653384000007,-12.359166929999958],[131.02720812000007,-12.35927006999998],[131.02768908000007,-12.35933891999997],[131.02859808000005,-12.359423069999934],[131.02890696000009,-12.359493089999944],[131.02950096000006,-12.359713949999957],[131.0296438800001,-12.359803859999943],[131.0299884000001,-12.359869469999978],[131.0302465200001,-12.35986982999998],[131.03044884000008,-12.359816099999932],[131.030604,-12.359651939999935],[131.03107992000002,-12.359448809999947],[131.03128620000007,-12.359438909999938],[131.0316688800001,-12.359526119999941],[131.03178012,-12.359616029999927],[131.0319838800001,-12.359813039999949],[131.032161,-12.359856959999945],[131.03258112000003,-12.359773079999968],[131.03299620000007,-12.359706029999927],[131.03373096000007,-12.359808899999962],[131.03547075900008,-12.357554863999951],[131.0356734610001,-12.357739338999977],[131.03590974200006,-12.357954359999951],[131.03637663100005,-12.358576616999926],[131.03683672300008,-12.359438926999928],[131.0370789650001,-12.360328554999967],[131.03707659600002,-12.361142804999929],[131.03694897100002,-12.36231311299997],[131.03667388600002,-12.36371050699995],[131.03641711900002,-12.364836709999963],[131.03612931300006,-12.365913020999926],[131.0359767650001,-12.367309492999937],[131.03586531500002,-12.36873570399996],[131.03582773200003,-12.369129604999955],[131.03573304500003,-12.370122006999964],[131.03565692300003,-12.371328516999938],[131.03566988400007,-12.371482613999945],[131.03559256500012,-12.372728078999955],[131.03560687100003,-12.37277312499998],[131.03555620600002,-12.373656855999968],[131.03559312400012,-12.37446969299998],[131.03572148400008,-12.375221615999976],[131.03591063200008,-12.37590279699998],[131.036027718,-12.37652428499996],[131.03616584500003,-12.377215907999926],[131.0362549890001,-12.37817890399998],[131.036252385,-12.37915264999998],[131.0362400890001,-12.380206726999972],[131.03626663300008,-12.38098955099997],[131.03636208700004,-12.38162497899998],[131.0363808610001,-12.381714926999962],[131.03656022100006,-12.38237774199996],[131.03660232700008,-12.382486434999976],[131.03692830600005,-12.383494480999957],[131.0369863300001,-12.383611705999954],[131.03718872800005,-12.384307785999965],[131.03722070300012,-12.384415789999935],[131.03749441000002,-12.385246611999946],[131.0377144460001,-12.385967758999982],[131.03792245400007,-12.38644803699998],[131.03816021700004,-12.386827707999942],[131.03848995700002,-12.38720664699997],[131.0388701170001,-12.387504947999957],[131.03935149400002,-12.387682032999976],[131.03991349700004,-12.387728037999977],[131.04050555600008,-12.38770348199995],[131.04131177400006,-12.387637211999959],[131.04195372300012,-12.387451713999951],[131.042635796,-12.387175499999955],[131.0432966720001,-12.386809209999967],[131.04388169700007,-12.386428189999947],[131.04463719500006,-12.385855507999963],[131.0453992030001,-12.385357886999941],[131.04587748100005,-12.385143467999967],[131.04637718300012,-12.38504934699995],[131.04682654300007,-12.385055984999951],[131.0472669710001,-12.385223346999965],[131.04764714300006,-12.38553165199994],[131.04784396800005,-12.385881491999953],[131.04789817200003,-12.386292675999925],[131.0478297400001,-12.386684661999936],[131.04761906400006,-12.387168128999974],[131.04731777300003,-12.387812845999974],[131.04697597900008,-12.388508033999926],[131.04688808900005,-12.389020625999933],[131.046907239,-12.38951240299997],[131.04693517500004,-12.389863390999949],[131.04705637000006,-12.390304330999982],[131.04730232600002,-12.390739148999955],[131.04748378600004,-12.391089036999972],[131.0476650170001,-12.391418982999937],[131.04782066100006,-12.391734031999931],[131.04791453200005,-12.391979254999967],[131.04794685700006,-12.392199853999955],[131.04790370600006,-12.39256153399998],[131.04785586000003,-12.392968434999943],[131.04782285200008,-12.393325029999971],[131.0477435890001,-12.393636834999938],[131.0476182980001,-12.39393894799997],[131.04754910400004,-12.394225548999941],[131.04752563500006,-12.39449170599994],[131.04752268000004,-12.394767814999966],[131.04749920900008,-12.395029009999973],[131.04749640600005,-12.395325149999962],[131.0474474250001,-12.395591475999936],[131.04735741000002,-12.395838167999955],[131.04722666700002,-12.396095092999929],[131.04708502200003,-12.396261821999929],[131.0468669930001,-12.396464154999933],[131.04670998000006,-12.396621006999965],[131.04650754400006,-12.396858390999967],[131.04639640900007,-12.397009776999937],[131.0463726370001,-12.397075197999982],[131.046392469,-12.397155418999944],[131.04651594200004,-12.397279912999977],[131.0466805210001,-12.397429275999968],[131.04673903900004,-12.39756437099993],[131.04681727600007,-12.397782121999967],[131.04685705600002,-12.397965028999977],[131.04686114300011,-12.398160676999964],[131.04686999800003,-12.398321210999939],[131.0469121640001,-12.398481508999964],[131.04703336500006,-12.398636192999959],[131.0473316010001,-12.398907492999967],[131.04771394600004,-12.399158095999951],[131.0480404960001,-12.399449294999954],[131.04846705500006,-12.39979987099997],[131.0487164640001,-12.400031393999939],[131.0489632240001,-12.400242849999927],[131.04912780600012,-12.400392212999975],[131.04921361800007,-12.400589774999958],[131.0492278480001,-12.400780428999951],[131.04921440900011,-12.401018945999965],[131.04921879800008,-12.401249783999958],[131.04922792000002,-12.401442889999942],[131.04925274900006,-12.401678626999967],[131.0492623990001,-12.401927042999944],[131.04924464300007,-12.402270959999953],[131.04921632600008,-12.402572321999969],[131.0492181410001,-12.40280321199998],[131.04925304000005,-12.40302375899995],[131.04931341300005,-12.403236647999961],[131.04936901700012,-12.403484651999975],[131.04941186500002,-12.403745280999942],[131.04942401300002,-12.403993643999968],[131.04939808000006,-12.404267433999962],[131.0493953130001,-12.404566099999954],[131.04941787100006,-12.404831935999937],[131.04951114000005,-12.40501192499994],[131.04966054600004,-12.40517892899993],[131.04985117400008,-12.405398318999971],[131.0500284410001,-12.405540017999954],[131.0502366720001,-12.405721592999953],[131.05033985900002,-12.405851384999949],[131.05044058600004,-12.40600369599997],[131.05052374900004,-12.406191295999974],[131.0506281470001,-12.406481600999939],[131.05071854100004,-12.40661138799993],[131.05082392500003,-12.406700975999968],[131.0510239450001,-12.406809805999956],[131.0511292530001,-12.40689434099994],[131.05120431500006,-12.407021828999973],[131.0512899780001,-12.407204322999974],[131.05134073800002,-12.407487530999958],[131.05141640700003,-12.407695230999934],[131.05150203100004,-12.407875287999957],[131.05161835500007,-12.40805759799997],[131.0517403560001,-12.408310178999955],[131.05182579200005,-12.408462627999938],[131.05189623800004,-12.408655274999944],[131.05194597700006,-12.408815502999971],[131.05199333100006,-12.408988326999975],[131.0520188490001,-12.40905311399996],[131.05181801900005,-12.409143289999975],[131.05178774700005,-12.409157824999966],[131.05175783700008,-12.409173446999944],[131.051631734,-12.40926290799996],[131.05157721700004,-12.409318949999943],[131.051529619,-12.409383030999948],[131.05148023800007,-12.409490029999972],[131.05146986600005,-12.409545271999946],[131.05147248100002,-12.409597725999959],[131.0515328900001,-12.409708039999941],[131.05157691300008,-12.409760465999966],[131.0516176100001,-12.409812572999954],[131.05172494300007,-12.40997373099998],[131.0517735200001,-12.41006050599998],[131.051816131,-12.410156305999976],[131.05186061200004,-12.41032890799994],[131.05185855900004,-12.410409801999947],[131.05183148900005,-12.410477971999967],[131.0517352610001,-12.410554064999928],[131.05167412000003,-12.41058258399994],[131.0516137200001,-12.410607054999957],[131.05138323300002,-12.41066594299997],[131.0512651570001,-12.410694985999953],[131.0511504220001,-12.410743382999954],[131.05103801000007,-12.410823388999972],[131.050995037,-12.410871930999974],[131.05096705100004,-12.410925562999978],[131.05097040500004,-12.411079520999976],[131.0509964460001,-12.411159742999928],[131.0510273430001,-12.411234170999933],[131.051226863,-12.411491671999954],[131.05134692100012,-12.411612237999975],[131.05145063300006,-12.411742489999938],[131.05159759800006,-12.412001208999982],[131.0516723400001,-12.412129955999944],[131.0517571790001,-12.41225172199995],[131.05191642900002,-12.412438898999937],[131.05199257700008,-12.412534645999926],[131.05205810000007,-12.412637185999927],[131.0521159100001,-12.41276424199998],[131.05213754600004,-12.412830415999963],[131.05215394200002,-12.412897685999951],[131.05217469800004,-12.413122447999967],[131.05218709000007,-12.413234316999933],[131.05221809400007,-12.413341855999931],[131.05230677400004,-12.413510139999971],[131.05234592300008,-12.41359461299993],[131.05236693100005,-12.413682338999934],[131.05236665200005,-12.413771017999977],[131.0523621100001,-12.413816150999935],[131.052356432,-12.413861356999973],[131.05225046100009,-12.414211746999968],[131.05206624700008,-12.414549898999951],[131.05186753700002,-12.415025871999944],[131.05171546600002,-12.415486284999929],[131.05162526300012,-12.41590023699996],[131.05156632400008,-12.41632925999994],[131.05156940300003,-12.416406954999957],[131.05158572900007,-12.416818877999958],[131.05159005100006,-12.417369893999933],[131.05154692700012,-12.417829369999936],[131.05158192700003,-12.418318945999943],[131.05158551500006,-12.418778110999938],[131.05158859000005,-12.419176010999934],[131.05162241900007,-12.419512471999951],[131.0517006550001,-12.419871051999962],[131.051716144,-12.419933165999964],[131.05173102700007,-12.419995361999952],[131.05175685100005,-12.420120057999952],[131.05175784200003,-12.420470473999956],[131.05168758700006,-12.42082643599997],[131.0516179430001,-12.421522884999945],[131.05165015600005,-12.42167067899993],[131.0516982040001,-12.421822582999937],[131.05185027400012,-12.42206432699993],[131.0520402730001,-12.422125559999927],[131.05227751400002,-12.422076335999975],[131.0528104440001,-12.421857305999936],[131.05307920000007,-12.42177155099995],[131.05333686400002,-12.421718382999927],[131.0538199890001,-12.421729398999958],[131.0541351810001,-12.42186733699998],[131.0544327020001,-12.422092616999976],[131.055020688,-12.42251925599993],[131.05551161100004,-12.42250530299998],[131.05603852100012,-12.422213643999953],[131.05708546200003,-12.42174984999997],[131.0573094660001,-12.421805259999928],[131.0575392390001,-12.421919936999927],[131.05787553400012,-12.422249979999947],[131.05786323400002,-12.422563575999959],[131.05759633800005,-12.422877341999936],[131.05686876700008,-12.423548239999946],[131.056689279,-12.423944112999948],[131.05666943900007,-12.424370910999926],[131.05667229200003,-12.425225309999973],[131.0566250270001,-12.42536247199996],[131.05655890100002,-12.425495209999951],[131.0564337930001,-12.42576394699995],[131.05641282800002,-12.425833830999977],[131.0563952320001,-12.42590619899994],[131.05638355700012,-12.426042707999954],[131.0564905880001,-12.426204312999971],[131.05673576100003,-12.426266889999965],[131.0574160210001,-12.42625352999994],[131.058101469,-12.426247642999954],[131.0586822790001,-12.426297876999968],[131.05965629000002,-12.426635136999948],[131.05992258900005,-12.426787875999935],[131.0601987340001,-12.426960514999962],[131.06063967800003,-12.427385005999952],[131.06075253500012,-12.427737776999948],[131.0607364990001,-12.42813855999998],[131.06053372000008,-12.428994476999947],[131.06043360900003,-12.429397914999981],[131.06034871200006,-12.429786417999935],[131.06029590900005,-12.430551684999955],[131.0603000220001,-12.430655404999982],[131.06030383000007,-12.430764352999972],[131.06034858700002,-12.430939034999938],[131.06043978000002,-12.430981411999937],[131.06057528400004,-12.430962094999927],[131.0609051030001,-12.430848985999944],[131.06117332000008,-12.43077954699993],[131.06141933800006,-12.430751373999954],[131.0618565950001,-12.43080826499994],[131.06229362700003,-12.431121189999942],[131.06265035100012,-12.43162889699994],[131.06343342600007,-12.432530568999937],[131.06368369200004,-12.43260241799993],[131.06396105400006,-12.432614485999977],[131.06454467600008,-12.432589871999937],[131.06514949600012,-12.432695930999955],[131.06570713200006,-12.432948988999954],[131.06677165500003,-12.433607733999963],[131.06703585600008,-12.433724710999968],[131.06731799200008,-12.433822101999965],[131.06775384000002,-12.434083758999975],[131.067823298,-12.434267551999937],[131.06782806800004,-12.434493797999949],[131.0677362570001,-12.434994887999949],[131.06767076200003,-12.435266844999944],[131.06760762800002,-12.435522687999935],[131.0675097940001,-12.436011509999958],[131.06753822100006,-12.436757937999971],[131.06772713400005,-12.437530698999979],[131.0679884550001,-12.439085532999968],[131.0682755260001,-12.439715103999959],[131.06845622600008,-12.439982793999945],[131.0686816100001,-12.440194206999934],[131.06980887400005,-12.44052501799996],[131.07040088500003,-12.440663722999943],[131.07087905700007,-12.440956399999948],[131.0710002520001,-12.441098361999934],[131.07105802700005,-12.441173270999968],[131.0711149560001,-12.441249070999959],[131.0713680330001,-12.44156247099994],[131.07150494400003,-12.441691489999926],[131.0716543950001,-12.44178721999998],[131.0719558520001,-12.441879294999978],[131.07212224900002,-12.441925650999963],[131.0722970800001,-12.442000096999948],[131.07281712200006,-12.442388560999973],[131.0729647930001,-12.442602630999943],[131.0729524740001,-12.442782257999966],[131.07279738700004,-12.442915060999951],[131.07270720200006,-12.442996389999962],[131.07263408100005,-12.443100972999957],[131.07255074500006,-12.44345657599996],[131.07257454500007,-12.443605692999938],[131.07265519300006,-12.443680122999979],[131.07280135000008,-12.44367286499994],[131.07288323500006,-12.44366512399995],[131.0729586230001,-12.443671542999937],[131.07323466600008,-12.44388793099995],[131.073338884,-12.444051387999934],[131.0734254900001,-12.444212875999938],[131.07350424300012,-12.44442332799997],[131.07352383500006,-12.44454017499993],[131.07352935000006,-12.444666741999981],[131.07351347300005,-12.444916777999936],[131.0735214870001,-12.445023172999981],[131.0735630680001,-12.445097575999966],[131.07376269400004,-12.445149646999937],[131.073887409,-12.445163639999976],[131.07400621200009,-12.445198115999972],[131.0742285770001,-12.44534912599994],[131.07430876700005,-12.44544402899993],[131.07435194200002,-12.445543355999973],[131.0742890790001,-12.445826541999963],[131.07422320700005,-12.445982654999966],[131.07418112100004,-12.446142993999956],[131.0741867050001,-12.44649131999995],[131.07422726000004,-12.446654122999973],[131.0742966050001,-12.446795510999948],[131.07492038600003,-12.447173843999963],[131.07527956500007,-12.44732494799996],[131.07554026700006,-12.44752974499994],[131.07572149300006,-12.447959474999948],[131.07578002200012,-12.448226019999936],[131.0758424930001,-12.448532408999938],[131.07598652600007,-12.449119391999943],[131.07609831900004,-12.449318054999935],[131.07626022800002,-12.449366148999957],[131.07641983300005,-12.449295570999936],[131.07650602500007,-12.449258390999944],[131.07659207400002,-12.449240694999958],[131.0769474430001,-12.449388674999966],[131.07709029400007,-12.44954105599993],[131.0771852890001,-12.44970879999994],[131.077237641,-12.45001359899993],[131.0772565630001,-12.450170042999957],[131.0773004680001,-12.450311602999932],[131.0778033890001,-12.45079788299995],[131.07811741700004,-12.45101157299996],[131.07839225500004,-12.451258525999947],[131.078931903,-12.451981351999962],[131.0792253520001,-12.452315004999946],[131.07958171100006,-12.45257874899994],[131.07988585500004,-12.452709833999961],[131.0800430710001,-12.45275298599995],[131.08019851300003,-12.452778248999948],[131.0810013030001,-12.452607932999967],[131.0814124430001,-12.45244618299995],[131.081839273,-12.452333649999957],[131.08212397400007,-12.452307557999973],[131.0822618410001,-12.452313257999947],[131.08239290300003,-12.45233843699998],[131.08277839900006,-12.452613516999975],[131.08291545100008,-12.452834739999957],[131.08300770900007,-12.453089234999936],[131.08302994000007,-12.453524595999966],[131.08297138500006,-12.453707794999957],[131.082859965,-12.453821478999942],[131.08263882100005,-12.453855439999927],[131.08251012800008,-12.453853842999933],[131.08238392900012,-12.453857694999954],[131.08201914000006,-12.453877390999935],[131.08184161500003,-12.453855416999943],[131.08167250100007,-12.453792694999947],[131.081480606,-12.453668924999931],[131.0813858150001,-12.453618288999962],[131.081289297,-12.453596858999958],[131.08107963800012,-12.45365254799998],[131.0809716110001,-12.453701682999963],[131.0808610250001,-12.453744735999976],[131.0805923590001,-12.453842331999965],[131.08047733400008,-12.453918791999968],[131.0803896440001,-12.454030382999974],[131.0803555860001,-12.454130121999981],[131.08035750600004,-12.454178687999956],[131.08037829600005,-12.454221121999979],[131.08049506400005,-12.45429562499993],[131.08054715000003,-12.454326243999958],[131.08056243600004,-12.454357049999942],[131.08049934300004,-12.454408821999948],[131.08045050200008,-12.454434366999976],[131.08040415100004,-12.45446039899997],[131.0802515160001,-12.454565632999959],[131.08018858200012,-12.45462706099994],[131.08014580600002,-12.454697351999926],[131.08018166600004,-12.455026541999928],[131.0802754670001,-12.455183352999939],[131.08038870100006,-12.455296507999947],[131.08064002800006,-12.455385324999952],[131.0807881300001,-12.455415443999982],[131.08093814200004,-12.45545948399996],[131.08126348100006,-12.45562137099995],[131.08138559600002,-12.455728068999974],[131.0814507240001,-12.455853156999979],[131.0814303090001,-12.456087971999978],[131.08139643100003,-12.456216042999927],[131.08137005600008,-12.456343681999954],[131.08133502200008,-12.456916246999981],[131.08136505900006,-12.457194739999977],[131.0814423930001,-12.45745470199995],[131.08168723000006,-12.45782933099997],[131.0818513600001,-12.457997085999978],[131.08203103300002,-12.458153338999978],[131.0823201290001,-12.45837424399997],[131.08244608400003,-12.458492545999945],[131.0825369470001,-12.458628382999962],[131.08258728600003,-12.458971676999965],[131.08255080100002,-12.459157360999939],[131.082478228,-12.459341076999976],[131.08237518600004,-12.459531838999965],[131.08234596800003,-12.459621904999949],[131.08235607100005,-12.45970532399997],[131.0824268350001,-12.459793052999942],[131.08247426600008,-12.459831182999949],[131.08252199100002,-12.459864895999942],[131.08280600700004,-12.459970606999946],[131.0829613530001,-12.460007506999943],[131.08311303100004,-12.460061855999982],[131.0833002380001,-12.46017040099997],[131.08337911600006,-12.460237135999932],[131.08344059,-12.46031327199995],[131.08349806600006,-12.460660368999982],[131.0834617160001,-12.460852189999969],[131.08340494900006,-12.46103207599998],[131.08323397900006,-12.46131414599995],[131.08310912700006,-12.461429528999929],[131.0829628450001,-12.461519879999969],[131.0827916940001,-12.46159236699998],[131.08271578500012,-12.461635291999926],[131.08265887200002,-12.461693920999949],[131.08262412400006,-12.461985546999927],[131.0826680360001,-12.462136941999972],[131.08273435600006,-12.462253295999972],[131.08302413900003,-12.462378487999956],[131.0832247830001,-12.462389069999972],[131.08344155300006,-12.46238472899995],[131.08359197800007,-12.462391514999979],[131.083760223,-12.462396573999968],[131.08394627100006,-12.462400988999946],[131.08400922600003,-12.462408849999974],[131.08404112100004,-12.46241274099998],[131.0840733230001,-12.462416275999942],[131.0843479990001,-12.46242829299996],[131.08447885900011,-12.462411877999955],[131.08459349600002,-12.462371589999975],[131.08477045400002,-12.462235219999968],[131.0848687030001,-12.462161852999941],[131.08499230300004,-12.46210455299996],[131.085176283,-12.462070232999963],[131.08525142200006,-12.462078540999926],[131.08529680100003,-12.462112219999938],[131.08530038000004,-12.462221708999948],[131.08528598700002,-12.462287630999981],[131.08527105500002,-12.462349124999946],[131.08520753900007,-12.462554986999976],[131.08517767500007,-12.462662816999966],[131.08516233000012,-12.462782045999973],[131.08532859000002,-12.463488533999964],[131.0855163220001,-12.463733679999962],[131.08574044300008,-12.463774373999968],[131.08585324700005,-12.463715021999974],[131.08591413800002,-12.463683877999927],[131.08597777600005,-12.46366143399996],[131.08615364800005,-12.46365279899993],[131.08623930500005,-12.463671724999926],[131.08631655600004,-12.463705775999927],[131.08648057000005,-12.463906819999977],[131.08652063600005,-12.46403713799998],[131.086528068,-12.464162380999937],[131.08646848400008,-12.464353413999959],[131.0864275770001,-12.464450438999961],[131.086397787,-12.464548345999958],[131.0864773300001,-12.465462886999944],[131.08654977100002,-12.465922887999966],[131.08650429700003,-12.466364124999927],[131.08643502100006,-12.466545002999965],[131.0863954340001,-12.466634738999971],[131.08635449200005,-12.466724003999957],[131.0863053910001,-12.466832095999962],[131.0862658840001,-12.466921561999982],[131.086211283,-12.467017755999962],[131.0861656400001,-12.467077179999933],[131.0861205750001,-12.467123259999937],[131.0860977320001,-12.467146836999973],[131.08607442700009,-12.467170947999932],[131.08585096700006,-12.467443776999971],[131.08577699800003,-12.467589220999969],[131.085757037,-12.467728320999981],[131.08587104100002,-12.467967073999944],[131.0859634300001,-12.468092286999934],[131.08605256200008,-12.468227646999935],[131.08660797800007,-12.469083325999975],[131.08695848700006,-12.469335164999961],[131.0873623860001,-12.469289329999981],[131.08753272700005,-12.469185522999965],[131.08760812600008,-12.469151430999943],[131.08766939800012,-12.469150515999956],[131.08775543800004,-12.469355661999941],[131.08775950400002,-12.46950837299994],[131.08775063400003,-12.469645108999941],[131.08731958500005,-12.470328494999933],[131.08703200800005,-12.470660390999967],[131.08686588500007,-12.47102751999995],[131.08690311500004,-12.471547998999938],[131.08703277100005,-12.471793383999966],[131.08725631900006,-12.47200864599995],[131.08760610600007,-12.472218161999933],[131.08772468600012,-12.472313801999974],[131.08773870400012,-12.472408916999939],[131.08749510500002,-12.472585460999937],[131.0873582580001,-12.47267739299997],[131.08729287200003,-12.472775685999977],[131.08753287000002,-12.473161071999982],[131.08768576800003,-12.473386675999961],[131.08770901000003,-12.473633764999931],[131.08761186700008,-12.47382470399998],[131.08754415500005,-12.473891295999977],[131.08747028300002,-12.473919364999972],[131.08732701600002,-12.473864054999979],[131.08725509400006,-12.47380779599996],[131.0871902660001,-12.473748031999946],[131.0870273060001,-12.47355710599993],[131.08693452300008,-12.473478169999964],[131.08681442300008,-12.473438262999935],[131.08657699100002,-12.473476496999979],[131.086489324,-12.473535761999926],[131.0864571290001,-12.473617213999944],[131.0864745890001,-12.473704890999954],[131.08647952900003,-12.473748989999933],[131.086469555,-12.473787909999942],[131.0864545610001,-12.473808081999948],[131.08644563200005,-12.473817786999973],[131.0864364030001,-12.473827215999961],[131.0864027870001,-12.473897459999932],[131.08637396300003,-12.473966239999982],[131.0863493170001,-12.474094535999939],[131.08640467500004,-12.474199904999978],[131.08652713200001,-12.474284504999957],[131.08679922800002,-12.474458880999975],[131.08685736000007,-12.474566094999943],[131.0868730200001,-12.474692990999927],[131.0868924130001,-12.474954278999974],[131.08692839100001,-12.475029141999926],[131.08698174100005,-12.475096859999951],[131.08708865100004,-12.47522841999995],[131.08713789800004,-12.475377636999951],[131.08713996900008,-12.475552151999977],[131.08700421100002,-12.475828328999967],[131.0869193960001,-12.47585894499997],[131.08681927100008,-12.475860287999978],[131.08660049000002,-12.475831397999968],[131.08647831700011,-12.47582357899995],[131.08635924400005,-12.47582609099993],[131.08614925900008,-12.475871939999934],[131.0860030560001,-12.476097350999964],[131.08600494600012,-12.476465023999936],[131.085907517,-12.477158031999977],[131.08585474000006,-12.47720318699993],[131.08579265000003,-12.477243334999969],[131.08565570700011,-12.477291056999945],[131.085539465,-12.47726645199998],[131.08542149200002,-12.477195809999955],[131.08524484100008,-12.477094542999964],[131.08521299200004,-12.47713783699993],[131.08520778800005,-12.477237093999975],[131.08525726800008,-12.477496562999931],[131.08532265700012,-12.477634826999974],[131.08540609300007,-12.477741145999971],[131.0855650860001,-12.477918932999955],[131.08562774900008,-12.478132671999958],[131.0855988190001,-12.478389558999936],[131.08544738700004,-12.478957366999964],[131.0854198080001,-12.479295561999947],[131.08545441600006,-12.479617427999926],[131.0855045820001,-12.480243920999953],[131.0854939400001,-12.48030701099998],[131.08547896900006,-12.480370938999954],[131.0854596920001,-12.480494620999934],[131.08551145900003,-12.480622222999955],[131.0856338110001,-12.480729015999941],[131.08589376400005,-12.48094580299994],[131.08592948600005,-12.48105278099996],[131.08592650900005,-12.481175075999943],[131.08592044500006,-12.481411994999974],[131.08599755800003,-12.481505861999949],[131.08613394600002,-12.481570636999948],[131.0863697740001,-12.481704881999974],[131.08638167900006,-12.481774253999959],[131.08635832000004,-12.481857186999946],[131.08626768700003,-12.482042805999981],[131.08619717600004,-12.482275089999973],[131.08618823900008,-12.482919219999928],[131.08601964800005,-12.48326330499998],[131.08568574600008,-12.483557350999945],[131.08500358800006,-12.484178251999936],[131.08493495900007,-12.48431556099996],[131.0848857320001,-12.484461812999939],[131.0848142210001,-12.484765354999979],[131.08478634300002,-12.484871769999927],[131.08475529600003,-12.484977326999967],[131.08470534900005,-12.485186451999937],[131.08470893300012,-12.485496588999979],[131.08479609800008,-12.485808031999966],[131.0851381330001,-12.48639230599997],[131.08561376900002,-12.486869626999976],[131.08616446000008,-12.487240766999946],[131.0873135370001,-12.487913637999952],[131.08744677100003,-12.488022213999955],[131.08757528900003,-12.488142179999954],[131.0878456680001,-12.48832077399993],[131.08798902400008,-12.48832538399995],[131.0881439200001,-12.48828270499996],[131.08845741300001,-12.488213008999935],[131.08854333800002,-12.488229684999965],[131.08862618700005,-12.488264630999936],[131.08878695800001,-12.488364944999944],[131.0889398480001,-12.488520991999962],[131.08908905600003,-12.488730574999977],[131.08910252900012,-12.488851755999974],[131.08905738900012,-12.488968025999952],[131.0888847980001,-12.48918015199996],[131.08871165800008,-12.489333085999931],[131.088673663,-12.48939722199998],[131.08865273300012,-12.489504820999969],[131.08867276900003,-12.48958748299998],[131.08872106800004,-12.489668931999972],[131.08886749300007,-12.489726273999963],[131.08897423500002,-12.489763641999957],[131.08901156500008,-12.489778889999968],[131.08904891400005,-12.489792965999982],[131.089122685,-12.489812171999972],[131.08925082100006,-12.489781553999933],[131.08937279100007,-12.489687601999947],[131.08961619900003,-12.48953000499995],[131.08968520700012,-12.489533623999932],[131.0897586320001,-12.48955571199997],[131.08988106000004,-12.489642747999937],[131.08992079100005,-12.489724973999955],[131.0899292040001,-12.489820097999939],[131.08988405900004,-12.490022257999954],[131.0898065,-12.490174234999927],[131.089707642,-12.490307406999932],[131.08953528200004,-12.49056455699997],[131.08949517700012,-12.490718521999952],[131.08948830200006,-12.490888576999964],[131.08956448200001,-12.491225843999928],[131.08976061500005,-12.491517758999976],[131.0900470890001,-12.491739260999964],[131.0907609620001,-12.492006487999959],[131.09125264800002,-12.492072632999964],[131.0917353970001,-12.492073417999961],[131.09268075700004,-12.492039506999959],[131.09353687600003,-12.49211364499996],[131.09439930200006,-12.492302361999975],[131.09596147700006,-12.493064114999981],[131.0961211780001,-12.493215926999937],[131.09626999800003,-12.493386347999945],[131.09660161600004,-12.493633039999963],[131.0966883310001,-12.493652792999967],[131.09678245100008,-12.493663540999933],[131.0969594400001,-12.49363750799995],[131.0970398170001,-12.493575067999927],[131.0970983080001,-12.493482356999948],[131.0971974790001,-12.493267806999938],[131.09733930100003,-12.493072278999932],[131.09752667400005,-12.492909440999938],[131.09793676800007,-12.492786641999942],[131.09808422700007,-12.492846069999928],[131.0982192890001,-12.492959450999933],[131.09844564800005,-12.49327164899995],[131.09855610400007,-12.493465330999982],[131.09865231000003,-12.493654926999966],[131.09877457800008,-12.49403544699993],[131.0987669010001,-12.494299593999926],[131.0987013250001,-12.494576613999982],[131.09862038300002,-12.495100346999948],[131.09874209300006,-12.495396953999943],[131.09899208100012,-12.495673857999975],[131.09965820200011,-12.495935501999952],[131.0997488600001,-12.495919673999936],[131.09983750800006,-12.495891455999981],[131.1000123990001,-12.495828760999927],[131.1002528680001,-12.495821780999961],[131.10050075800007,-12.49589051299995],[131.10099127800004,-12.495974760999957],[131.1010387760001,-12.495958577999943],[131.10108728800003,-12.495935371999963],[131.10117291200004,-12.495911891999981],[131.10120396600007,-12.495931739999946],[131.101227977,-12.495971784999938],[131.10126525200008,-12.49607662099993],[131.10128227500002,-12.49612315099995],[131.10129973900007,-12.496165446999953],[131.101335618,-12.496242293999956],[131.1013563570001,-12.496268217999955],[131.10138115400002,-12.496291221999968],[131.10141337200002,-12.496309191999956],[131.1014436040001,-12.496323253999947],[131.1014679000001,-12.496339303999946],[131.10148560800008,-12.496365363999928],[131.1014964190001,-12.496396826999955],[131.1015065780001,-12.496426386999929],[131.10155022700008,-12.496525359999964],[131.10159250800007,-12.496624674999964],[131.10166711700003,-12.496825505999936],[131.10172285200008,-12.497234384999956],[131.10169297100003,-12.497661149999942],[131.10170722500004,-12.498492565999982],[131.1017543150001,-12.498649962999934],[131.1018143540001,-12.498812418999933],[131.1020014940001,-12.499048803999926],[131.10211070000003,-12.499068791999946],[131.102237467,-12.499048974999937],[131.10250422700005,-12.499006014999964],[131.10256787800006,-12.499013613999978],[131.10263019400008,-12.499029402999952],[131.1027430790001,-12.499081832999934],[131.10288974600007,-12.499249874999975],[131.1029534270001,-12.49948257699998],[131.10295215600001,-12.500026503999948],[131.10293276200002,-12.500269188999937],[131.10291169900006,-12.500496963999979],[131.10293553600002,-12.500932175999935],[131.1029437080001,-12.500972984999976],[131.10295186100007,-12.501015055999972],[131.10298193900007,-12.501089923999928],[131.10301071100002,-12.501115512999945],[131.10303318700005,-12.501126664999958],[131.10316209300004,-12.50102495799996],[131.10322842100004,-12.500980357999936],[131.1033015060001,-12.50093964399997],[131.10345891500003,-12.500881475999961],[131.10353511200003,-12.500870579999969],[131.1036018000001,-12.500877680999963],[131.10383371400007,-12.501304991999973],[131.10393235100003,-12.501565085999971],[131.10409948900008,-12.501686237999934],[131.1042511170001,-12.501675171999977],[131.10432971700004,-12.501670716999968],[131.10440569700006,-12.501679395999929],[131.105017921,-12.502259094999943],[131.10527549200003,-12.50255640599994],[131.10551325000006,-12.502594313999964],[131.10569472600002,-12.502395837999927],[131.1057876330001,-12.502270601999953],[131.10588763400006,-12.502152144999968],[131.10602017600002,-12.502035151999962],[131.1060967200001,-12.501996111999972],[131.10618337200003,-12.501979952999932],[131.10644323200006,-12.502059049999957],[131.10654109300003,-12.502133726999944],[131.10658067200006,-12.502206386999944],[131.1064294890001,-12.502394746999926],[131.10631681200005,-12.502515185999926],[131.10624960000007,-12.502659108999978],[131.10625680200008,-12.50290605999993],[131.10629656800006,-12.50300660199997],[131.10636044400007,-12.503064906999953],[131.1065205010001,-12.503062532999934],[131.10661453500006,-12.503043955999942],[131.10670604200004,-12.503032378999933],[131.1068688350001,-12.503039426999976],[131.1069477410001,-12.50306005699997],[131.1070229710001,-12.503098587999943],[131.10727917200006,-12.503386404999958],[131.10739273000002,-12.503500194999958],[131.10750272200005,-12.503503320999926],[131.10756051500005,-12.503447136999966],[131.10758725300002,-12.503411434999975],[131.1076120470001,-12.503374080999947],[131.10771562000002,-12.503153724999947],[131.1077704800001,-12.503055725999957],[131.1078444300001,-12.502992737999932],[131.1081002950001,-12.502984802999947],[131.1082443560001,-12.503003758999967],[131.1083825920001,-12.503002059999972],[131.10938008100004,-12.50248490399997],[131.1098621000001,-12.502207856999974],[131.11035583600005,-12.502134339999941],[131.11076109200008,-12.502259744999947],[131.11096137200002,-12.502352772999927],[131.11115775200005,-12.502453413999945],[131.11223818100007,-12.50336133299993],[131.11261795400003,-12.503949659999932],[131.11284526300005,-12.50456943499995],[131.11291347500003,-12.50512727399996],[131.11293764000004,-12.505420214999958],[131.1129815480001,-12.505719755999962],[131.11304083100003,-12.506059668999967],[131.1130399970001,-12.50622160599994],[131.1129979200001,-12.50637121799997],[131.11273102300004,-12.506695768999975],[131.11260290100006,-12.506861368999978],[131.11254811300012,-12.507050675999949],[131.11256180700002,-12.507172943999933],[131.11257858700003,-12.507230748999973],[131.11260151500005,-12.507282596999971],[131.1131652580001,-12.507506198999977],[131.11350288500012,-12.507561424999949],[131.1137224690001,-12.507695781999928],[131.11377236700002,-12.508293324999954],[131.11371375700003,-12.508651833999977],[131.11367329000007,-12.509007537999935],[131.113676757,-12.510085745999959],[131.113762242,-12.51058762699995],[131.113949079,-12.511022493999974],[131.11491428800002,-12.511823639999932],[131.11551778000012,-12.512165193999977],[131.11609000600004,-12.512546534999956],[131.11784061700007,-12.514232561999961],[131.11849859000006,-12.515205737999963],[131.11890824500006,-12.516258602999926],[131.1189893730001,-12.51669293499998],[131.11902084400003,-12.51691795499994],[131.1190516250001,-12.517148647999932],[131.11936464500002,-12.519294522999928],[131.11971844700008,-12.520223516999977],[131.12035492400003,-12.52085272499994],[131.12073973200006,-12.521026007999978],[131.12093972800005,-12.521124081999972],[131.12113452800008,-12.52125050099994],[131.1213768240001,-12.521487858999933],[131.12145120900004,-12.521623816999977],[131.12147080900002,-12.52176665199994],[131.121421563,-12.521914538999965],[131.12137277700003,-12.521981050999955],[131.121310224,-12.52203626599993],[131.12104649200012,-12.522143250999932],[131.12093360400002,-12.522196385999962],[131.12088445000006,-12.522277327999973],[131.1209064190001,-12.52238329599993],[131.12092799100003,-12.522439906999978],[131.12094882000008,-12.522495514999946],[131.12139599500006,-12.523253802999932],[131.12171763600008,-12.52355898199994],[131.12207787300008,-12.52378532199998],[131.1222493990001,-12.523857721999946],[131.12233954300007,-12.52389222599993],[131.12243230400009,-12.52392893299998],[131.122656322,-12.524036465999927],[131.12274665400003,-12.524109046999968],[131.12280616400005,-12.52420157299997],[131.122826615,-12.524555904999943],[131.1228423660001,-12.524723135999977],[131.122928171,-12.524835078999956],[131.12315155300007,-12.524899114999926],[131.12325856300004,-12.52493521499997],[131.1233314540001,-12.524999062999939],[131.12336657700007,-12.525152317999982],[131.1233640810001,-12.52523817499997],[131.12335527400012,-12.525320601999965],[131.123276701,-12.525508546999959],[131.11860661600008,-12.525497585999972],[131.1055561600001,-12.525504810999962],[131.10501825400002,-12.525507751999953],[131.10342953200006,-12.52549746699998],[131.10302683600003,-12.525500398999952],[131.096224,-12.52556],[131.088788,-12.525577],[131.08668403100012,-12.525587498999926],[131.08489455100005,-12.525587498999926],[131.07941399900005,-12.525578998999947],[131.07527854600005,-12.525583860999973],[131.07149407100007,-12.525585508999939],[131.0678570010001,-12.525586997999937],[131.066615,-12.525562],[131.062746,-12.525566],[131.058996,-12.525571],[131.05400300100007,-12.525563997999939],[131.0523238300001,-12.525580137999953],[131.05141713000012,-12.525665941999932],[131.05053219900003,-12.525778701999968],[131.05021599200006,-12.525800395999966],[131.04988037900011,-12.525803821999943],[131.04952764300003,-12.525784410999961],[131.04918175700004,-12.525744445999976],[131.048856418,-12.525686212999972],[131.04850596500012,-12.525607425999965],[131.0481612200001,-12.525500092999948],[131.04791693100003,-12.525407603999952],[131.04766693300007,-12.525297987999977],[131.04681991100006,-12.52489834399995],[131.04599914300002,-12.524507834999952],[131.0455653580001,-12.524313722999977],[131.045436364,-12.52427604199994],[131.04523431200005,-12.524261197999977],[131.04503086400007,-12.524313390999964],[131.0448256400001,-12.524353686999973],[131.04469093900002,-12.524391367999954],[131.0445653690001,-12.52447472199998],[131.04447314800007,-12.524567770999965],[131.0442728800001,-12.524875614999928],[131.04526,-12.525568],[131.04430265000008,-12.525570954999978],[131.04430285,-12.525664529999972],[131.0443015200001,-12.526896929999964],[131.04430272000002,-12.528087919999962],[131.04430248000006,-12.529692129999944],[131.04430271,-12.529919609999979],[131.0443035300001,-12.53014012999995],[131.04430293000007,-12.53060051999995],[131.04430402000003,-12.531088549999936],[131.04430450000007,-12.531581379999977],[131.04430551000007,-12.531884679999962],[131.04430564000006,-12.532018429999937],[131.04430589000003,-12.532912989999943],[131.04430636000006,-12.533404279999957],[131.04430704000004,-12.533840259999977],[131.0443074200001,-12.534751809999932],[131.04430782000009,-12.535666069999934],[131.0443088400001,-12.536565679999967],[131.04431048000004,-12.537473059999968],[131.0443109900001,-12.538389219999942],[131.04431180000006,-12.539297329999954],[131.04431261000002,-12.540215559999979],[131.04483533000007,-12.540215109999963],[131.04555059000006,-12.540215349999926],[131.0462861000001,-12.540214989999981],[131.04708618000006,-12.54021457999994],[131.0480266500001,-12.540213919999928],[131.04802732000007,-12.541064209999945],[131.04802768600007,-12.541520969999965],[131.04802781400008,-12.541680129999975],[131.04802805000008,-12.541974459999949],[131.0480283500001,-12.542245599999944],[131.0480253300001,-12.544306229999961],[131.0480247600001,-12.54493317999993],[131.04880857000012,-12.54493261999994],[131.0500413200001,-12.544930439999973],[131.05119128,-12.54492978999997],[131.05151878000004,-12.544929089999926],[131.05151821000004,-12.545785869999975],[131.05151761000002,-12.547104489999981],[131.05151668000008,-12.548380619999932],[131.05151559,-12.549287119999974],[131.0515155800001,-12.549302489999945],[131.0515154100001,-12.550193599999943],[131.0515143,-12.550866019999944],[131.05151431000002,-12.551100099999928],[131.05151321000005,-12.552006589999962],[131.05151304000003,-12.552148529999954],[131.0515121200001,-12.55291307999994],[131.05151188000002,-12.553347799999926],[131.0515117100001,-12.55343156999993],[131.05151093000006,-12.553806019999968],[131.05150929,-12.554715229999942],[131.05151278000005,-12.554992159999927],[131.0515128180001,-12.555095446999928],[131.05151344,-12.55679908999997],[131.05151352000007,-12.557058469999959],[131.05151362000004,-12.557328729999938],[131.05151373,-12.55746978999997],[131.05151458000012,-12.558718969999973],[131.05151494000006,-12.559233869999957],[131.05151517000002,-12.559616949999963],[131.05151578000005,-12.560621749999939],[131.05151586600005,-12.560765825999965],[131.05151638000007,-12.561625349999929],[131.0515169800001,-12.56261324999997],[131.05151753000007,-12.563525209999966],[131.05151797000008,-12.564257019999957],[131.0515180100001,-12.564364509999962],[131.05151822000005,-12.565146459999937],[131.05151833000002,-12.56553563999995],[131.05151884000009,-12.567381359999956],[131.05151895400002,-12.567515843999956],[131.05152064000004,-12.569509099999948],[131.0512393140001,-12.569509019999941],[131.04914988000007,-12.569508429999928],[131.04807259000006,-12.569508109999958],[131.04778637000004,-12.569508019999944],[131.04695691000006,-12.56950777999998],[131.04576324000004,-12.56950741999998],[131.0442401800001,-12.569506949999948],[131.0441201100001,-12.56950691999998],[131.0427407400001,-12.569506959999956],[131.04255103000003,-12.569507409999972],[131.04250393000007,-12.569507769999973],[131.0411545400001,-12.569506399999966],[131.04023301000007,-12.569506089999948],[131.0383619600001,-12.569504699999982],[131.03672158000006,-12.569504429999938],[131.03672051,-12.577716549999934],[131.03672013000005,-12.583118669999976],[131.0367199000001,-12.583358949999933],[131.03671973000007,-12.583429881999962],[131.03671830000008,-12.584028289999935],[131.03672017000008,-12.584206329999972],[131.03671959000008,-12.585264749999965],[131.03671913200003,-12.58610115099998],[131.03663070000005,-12.586056859999928],[131.03646988000003,-12.586000879999972],[131.03630139000006,-12.585952359999965],[131.03596972000003,-12.585933739999973],[131.03583676000005,-12.585979939999959],[131.03571139000007,-12.586055719999933],[131.03547330000004,-12.586246609999932],[131.03536752000002,-12.586345019999953],[131.03526096000007,-12.586449039999934],[131.03505360000008,-12.586558889999935],[131.03497591000007,-12.58653100999993],[131.03489958000011,-12.58646615999993],[131.03475981000008,-12.586278419999928],[131.0346413000001,-12.58606900999996],[131.03455158000008,-12.585869509999952],[131.03441195000005,-12.58547823999993],[131.03435937000006,-12.585333039999966],[131.03430327,-12.585185339999953],[131.0341961900001,-12.584884289999934],[131.0341789900001,-12.584814949999952],[131.03418712000007,-12.584819009999933],[131.03426166000008,-12.584832089999964],[131.03427297000007,-12.584807429999955],[131.03426074000004,-12.58476160999993],[131.03420496,-12.584642729999928],[131.0341695400001,-12.584549459999948],[131.03414864,-12.58446601999998],[131.0341013300001,-12.584336229999963],[131.03402639,-12.584284019999927],[131.03391751000004,-12.584256379999943],[131.03366791000008,-12.584213],[131.03356492000012,-12.584174559999951],[131.0334733400001,-12.584122649999927],[131.03331650000007,-12.583989719999977],[131.0332215200001,-12.58388126999995],[131.03313503000004,-12.58376488999994],[131.03297238000005,-12.583522369999969],[131.03286890000004,-12.583375299999943],[131.0327617700001,-12.583231599999976],[131.03254460000005,-12.582947199999978],[131.03249289000007,-12.58287790999998],[131.03244165,-12.582808349999937],[131.03233998000007,-12.582668579999961],[131.03227851000008,-12.582621329999938],[131.03217139000003,-12.582362029999956],[131.0320584200001,-12.582106489999944],[131.03179219000003,-12.581621819999953],[131.0315989300001,-12.581348179999964],[131.03138404000003,-12.581085809999934],[131.03088271000001,-12.580634559999964],[131.03068073000009,-12.580515079999941],[131.03046674000007,-12.580413669999928],[131.03004205000002,-12.580207119999955],[131.0298545400001,-12.580079489999946],[131.02967959000011,-12.579933129999972],[131.02934733000006,-12.579615889999957],[131.02924049,-12.579520179999975],[131.02913045000003,-12.579427469999928],[131.02893025000003,-12.579230429999939],[131.02882746000012,-12.57905261999997],[131.02876083,-12.578851219999933],[131.02863879000006,-12.57843730999997],[131.0285461300001,-12.578261409999982],[131.02842838000004,-12.578099709999947],[131.02815533000012,-12.577799279999965],[131.02801705000002,-12.577636749999954],[131.02788535000002,-12.577468279999948],[131.0275892100001,-12.577179959999967],[131.02749568000002,-12.577127529999927],[131.0273953200001,-12.577083819999928],[131.02718359000005,-12.577011219999974],[131.0270460900001,-12.577006209999979],[131.0269093500001,-12.577004529999954],[131.02664083000002,-12.577024369999947],[131.02641453,-12.577087449999965],[131.0261962300001,-12.577186349999977],[131.0257604300001,-12.577392539999948],[131.0254798300001,-12.577467149999961],[131.02518814000007,-12.577499629999977],[131.02459261,-12.577482719999978],[131.02431523000007,-12.57745191999993],[131.0240411000001,-12.57741268999996],[131.02349662000006,-12.577346399999954],[131.02306424000005,-12.577366749999953],[131.0226241900001,-12.577442279999957],[131.0217862500001,-12.57747680999995],[131.02151074000005,-12.577366549999965],[131.02125246000003,-12.57719026999996],[131.0207592700001,-12.576752489999933],[131.02043002000005,-12.576465499999927],[131.02009844000008,-12.576198399999953],[131.01939889000005,-12.575750509999978],[131.01900121000006,-12.575595889999931],[131.0185769100001,-12.575483949999978],[131.01776604000008,-12.575202469999965],[131.01750859000003,-12.575025729999936],[131.01727458000005,-12.574809589999973],[131.01686654000002,-12.574305459999948],[131.01665719000005,-12.573983479999981],[131.01646739000012,-12.573655109999947],[131.01609268000004,-12.57300078999998],[131.01601211000002,-12.572874139999954],[131.01592906000008,-12.57274850999994],[131.0157588300001,-12.572499169999958],[131.01570301000004,-12.572421249999934],[131.01564013000007,-12.572333489999949],[131.01552061000007,-12.572168449999936],[131.01527527000007,-12.571843039999976],[131.0150775400001,-12.571607459999939],[131.01487040000006,-12.571378639999978],[131.01447671000005,-12.570909099999938],[131.0142600800001,-12.570573339999953],[131.01407485000004,-12.57021592999996],[131.0137937600001,-12.569459129999927],[131.01370172000009,-12.56901795999994],[131.0136471500001,-12.568568549999952],[131.01347642000007,-12.56769911999993],[131.0133484700001,-12.56740751999996],[131.01318536000008,-12.567126859999973],[131.01278703000003,-12.566601669999955],[131.01255641000012,-12.566335249999952],[131.01232014000004,-12.566076189999933],[131.01180408000005,-12.565614879999941],[131.01155009000001,-12.565454829999965],[131.01127953000002,-12.56531640999998],[131.01084032000006,-12.565188939999928],[131.0103806400001,-12.565158749999966],[131.01000145000012,-12.565139169999952],[131.0096227800001,-12.565186859999926],[131.00912618000007,-12.56525419999997],[131.00874095000006,-12.565278329999956],[131.0079361500001,-12.565192629999956],[131.00756595000007,-12.56517397999994],[131.0071985300001,-12.565180349999935],[131.00651842000002,-12.56508574999998],[131.00634979000006,-12.564993199999947],[131.00619124000002,-12.564871739999944],[131.00587982000002,-12.564602479999962],[131.00562809000007,-12.564435169999967],[131.0053593,-12.56430034999994],[131.00482653000006,-12.564031929999942],[131.00468191000004,-12.56392717999995],[131.00454538000008,-12.563809619999972],[131.0042709500001,-12.563575149999963],[131.00413447000005,-12.563499529999945],[131.00398273000008,-12.56343757999997],[131.00375343000007,-12.563280769999949],[131.00292251000008,-12.563136309999948],[131.0028345500001,-12.563117509999927],[131.00269986,-12.56308871999994],[131.00224116000004,-12.56290397999993],[131.00184778000005,-12.562778759999958],[131.0014587400001,-12.562702309999963],[131.00069296000004,-12.562581129999955],[131.0003297400001,-12.562489579999976],[130.99996891,-12.562371969999958],[130.9992539000001,-12.562094779999939],[130.9988361300001,-12.561943519999943],[130.9984143900001,-12.561802329999978],[130.99762953000004,-12.56143807999996],[130.99739604,-12.561263119999978],[130.99717737000003,-12.561063659999945],[130.99678590000008,-12.560612859999935],[130.99644802000012,-12.560107079999966],[130.996162,-12.559574159999954],[130.99566531000005,-12.558470159999956],[130.99550047000002,-12.558093149999934],[130.99533436000002,-12.557717039999943],[130.99498215000006,-12.556974929999967],[130.99476389000006,-12.556626059999928],[130.99451655000007,-12.556286899999975],[130.9941800900001,-12.555570959999955],[130.99416279000002,-12.555450619999931],[130.99414974,-12.555322279999928],[130.99340285000005,-12.55428140999993],[130.99331803000007,-12.554199529999948],[130.9932027200001,-12.554016729999944],[130.99317164,-12.553862769999967],[130.99317142000007,-12.553691409999942],[130.99311505000003,-12.55338471999994],[130.9930649800001,-12.553333749999979],[130.99299998000004,-12.553291939999951],[130.99285614000007,-12.55321491999996],[130.99267915000007,-12.55305119999997],[130.99256646000003,-12.552837109999928],[130.99242620000007,-12.552341419999948],[130.99233766400005,-12.552101522999976],[130.99229971500006,-12.55199869699993],[130.99224391000007,-12.551847489999943],[130.99200372000007,-12.55139682999993],[130.99146472000007,-12.55054094999997],[130.99125943,-12.550153929999965],[130.99107620000007,-12.549751739999977],[130.99067979000006,-12.548965119999934],[130.9904834900001,-12.548694529999977],[130.99026129000003,-12.548440399999947],[130.9898162400001,-12.547932149999951],[130.9896247800001,-12.547656279999956],[130.98945565000008,-12.547365149999962],[130.9891114400001,-12.546851389999972],[130.98890483000002,-12.54653819999993],[130.98877812000012,-12.546366499999976],[130.9886246200001,-12.546205219999933],[130.98806391000005,-12.545802659999936],[130.98791201500012,-12.545708239999954],[130.98789669000007,-12.545735849999971],[130.987807,-12.545906059999936],[130.98687165,-12.547],[130.98594327,-12.546292229999949],[130.98573220000003,-12.546133459999965],[130.98552031000008,-12.545975589999955],[130.9850917000001,-12.54566658999994],[130.98480830000005,-12.545471559999953],[130.98452183000006,-12.545280539999965],[130.98393850000002,-12.54491410999998],[130.98368554,-12.544763779999926],[130.98343066000007,-12.544616169999927],[130.98291394000012,-12.544333569999935],[130.98258119000002,-12.544165929999963],[130.98224462000007,-12.54400536999998],[130.98156467,-12.543697399999928],[130.98127001000012,-12.543565269999931],[130.98097551,-12.543432779999932],[130.980383,-12.543175949999977],[130.98013320000007,-12.543076829999961],[130.97988141000008,-12.542982159999951],[130.97937962000003,-12.542788739999935],[130.97912193000002,-12.542679109999938],[130.9788666600001,-12.542563409999957],[130.97836511000003,-12.542313859999979],[130.9780998000001,-12.542171469999971],[130.97783685000002,-12.54202472999998],[130.9773207600001,-12.541715369999963],[130.9770284000001,-12.541526359999978],[130.97686914700012,-12.541418814999929],[130.97686822900005,-12.541420393999942],[130.97592264000002,-12.543047359999946],[130.9756502790001,-12.543516221999937],[130.97266744600006,-12.548654104999969],[130.971579173,-12.55034907299995],[130.96979021200002,-12.55343789699998],[130.96895378800002,-12.554875680999942],[130.968259976,-12.55607290699993],[130.96798945000012,-12.556553010999949],[130.96778296700006,-12.55698564599993],[130.96759722600007,-12.557484107999926],[130.96746522800004,-12.557911676999936],[130.9673935730001,-12.558204041999943],[130.9673394030001,-12.558425063999948],[130.96726756200007,-12.558899190999966],[130.96723568000004,-12.559183222999934],[130.96720842600007,-12.559713058999932],[130.96724068000003,-12.560445816999959],[130.96746095000003,-12.562188564999929],[130.9685695600001,-12.570517214999938],[130.968607592,-12.57092003699995],[130.96861904600007,-12.571699040999931],[130.96858166700008,-12.572106935999955],[130.9685122730001,-12.572539468999935],[130.96844323400012,-12.572897886999954],[130.9682775240001,-12.57349019999998],[130.96816579000006,-12.57380012599998],[130.9679994170001,-12.574184565999929],[130.96788083500007,-12.574441216999958],[130.96786473100008,-12.574738082999943],[130.96793086500008,-12.575302819999933],[130.96819594500005,-12.576814824999929],[130.9685467700001,-12.578309884999953],[130.96898082500002,-12.579778549999958],[130.96918952600004,-12.580438493999964],[130.96926215500002,-12.580668154999955],[130.96926253900006,-12.580669365999938],[130.96933482600002,-12.580897456999935],[130.9723866600001,-12.590527057999964],[130.972445826,-12.590713746999938],[130.97443519,-12.596990884999968],[130.97494222000012,-12.598445564999963],[130.97557687500012,-12.599859539999954],[130.97633199000006,-12.601215209999964],[130.97720206000008,-12.602502699999945],[130.97818074500003,-12.603712619999953],[130.97926093,-12.604836164999938],[130.980434725,-12.605865144999939],[130.98169360000009,-12.606792059999975],[130.9830283650001,-12.607610164999926],[130.98442230500007,-12.608309979999945],[130.9867253100001,-12.609387174999938],[130.987325585,-12.609667939999952],[130.988518655,-12.610269244999927],[130.9896542900001,-12.610986839999953],[130.99071346000005,-12.611809544999971],[130.9916861150001,-12.612729549999926],[130.99228468400008,-12.61341820299998],[130.9922912300001,-12.613425734999964],[130.94956144200012,-12.613412507999954],[130.94956140400006,-12.613412289999928],[130.9495601650001,-12.613405227999976],[130.94955253600006,-12.613359450999951],[130.9495372770001,-12.613269805999948],[130.949491501,-12.613170622999974],[130.9494838710001,-12.613071441999978],[130.94948005700007,-12.61295318599997],[130.94947242700005,-12.612854003999928],[130.94944191000002,-12.612764357999936],[130.94939613300005,-12.612674712999933],[130.9493579870001,-12.612575530999948],[130.9493045800001,-12.612493514999926],[130.94922065800006,-12.612360000999956],[130.94919014000004,-12.61230659499995],[130.94906807000007,-12.612033843999939],[130.94904136700006,-12.611963271999969],[130.94901084900005,-12.61189079299993],[130.94888114900004,-12.611665725999956],[130.948797226,-12.61148643499996],[130.94875145000003,-12.611404418999939],[130.948694229,-12.611314772999947],[130.94864082300012,-12.611206053999979],[130.9485836030001,-12.61106300399996],[130.94851875300003,-12.610927581999931],[130.94845390400008,-12.610818862999963],[130.9484043120001,-12.610738753999954],[130.94835853600011,-12.610666274999971],[130.94829368600006,-12.610576629999969],[130.94824028000005,-12.610496520999959],[130.94818305900003,-12.610431671999947],[130.94811058000005,-12.610324859999935],[130.94805336000002,-12.610235213999943],[130.94798851000007,-12.610153197999978],[130.94795036300002,-12.610080718999939],[130.9478931430001,-12.609991073999936],[130.947847367,-12.609901428999933],[130.94780159000004,-12.609802245999958],[130.94775199900005,-12.609703063999973],[130.9476871490001,-12.609622954999963],[130.94764137200002,-12.609550475999981],[130.94758796700012,-12.609451293999939],[130.947538376,-12.609361647999947],[130.94748497000012,-12.609245299999941],[130.947435379,-12.609146118999945],[130.94741630500005,-12.609064101999934],[130.94739723200007,-12.608945846999973],[130.94739723200007,-12.60883903499996],[130.94738960300003,-12.608739852999975],[130.94738578800002,-12.608612060999974],[130.9474048620001,-12.608512877999942],[130.94666099500012,-12.607370376999938],[130.94656944300004,-12.607379912999932],[130.94647407500008,-12.607381820999933],[130.94638252200002,-12.607391357999973],[130.9462757110001,-12.607391357999973],[130.94619178800008,-12.607393263999938],[130.94608879100008,-12.607393263999938],[130.94592475900004,-12.607385634999957],[130.94576835600003,-12.607378005999976],[130.94567298900006,-12.607358932999944],[130.94559288100004,-12.607360839999956],[130.9454746250001,-12.607353209999928],[130.94543647800003,-12.607271193999964],[130.9453525550001,-12.607263564999926],[130.945222854,-12.607254028999932],[130.9450664520001,-12.60723686199998],[130.94494819600004,-12.607202529999938],[130.944864273,-12.607175826999935],[130.9448070530001,-12.607086181999932],[130.94471550000003,-12.606924056999958],[130.94468879700003,-12.606851577999976],[130.94462394700008,-12.606761931999927],[130.9445743560001,-12.606698989999927],[130.9445018770001,-12.606628417999957],[130.94444465700008,-12.606555938999975],[130.94440650900003,-12.606473922999953],[130.94437980700002,-12.606348037999965],[130.9443416590001,-12.606229781999957],[130.94425773600005,-12.606195449999973],[130.94407463100003,-12.606224059999931],[130.94395637500008,-12.606224059999931],[130.94387245100006,-12.606180190999964],[130.94381523100003,-12.606124877999946],[130.94374275200005,-12.606063841999969],[130.94365882900001,-12.605974196999966],[130.9436779020001,-12.605773925999927],[130.94371223400003,-12.605621337999935],[130.9436473840001,-12.60553932199997],[130.94343376100005,-12.605541228999982],[130.94333457900007,-12.605531692999932],[130.943193435,-12.605417251999938],[130.9431400300001,-12.605325698999934],[130.9430637360001,-12.605262755999945],[130.94299888600005,-12.605182647999982],[130.9429340370001,-12.605119704999936],[130.94281578000005,-12.604986190999966],[130.942731857,-12.604896545999964],[130.94265556300002,-12.604824065999935],[130.94256401100006,-12.604743957999972],[130.94249916100011,-12.604688643999964],[130.94243431100006,-12.604598998999961],[130.94235801700006,-12.604499816999976],[130.9422855370001,-12.604419707999966],[130.94222068800002,-12.60436630299995],[130.94214439400002,-12.60432052599998],[130.94206428500001,-12.604267119999975],[130.9419803620001,-12.60422325099995],[130.94189643800007,-12.604150771999969],[130.94181251600003,-12.604080200999931],[130.94174385000008,-12.603998183999977],[130.94170188900011,-12.60394477799997],[130.94162941000002,-12.603881835999971],[130.9414958960001,-12.603738784999962],[130.94143486100006,-12.603685378999955],[130.94138526900008,-12.603612898999927],[130.94135093700004,-12.603530883999952],[130.94133186300007,-12.603404998999963],[130.94132804900005,-12.60333251999998],[130.9413394930001,-12.603242873999932],[130.9413356780001,-12.603143691999946],[130.94129753100003,-12.602952956999957],[130.94125175500005,-12.602872847999947],[130.9411602020001,-12.602792739999927],[130.94107627800008,-12.602710723999962],[130.9410037990001,-12.602613448999932],[130.94093894900004,-12.602531432999967],[130.94087028500007,-12.602441787999965],[130.94078636200004,-12.602359770999954],[130.9407215120001,-12.602279662999933],[130.94065666200004,-12.60219955499997],[130.9405918120001,-12.602100371999938],[130.9405193330001,-12.602001189999953],[130.94043541000008,-12.601921080999944],[130.94037056000002,-12.601848601999961],[130.94033241300008,-12.601768492999952],[130.94032859800006,-12.601461410999946],[130.94035530100007,-12.601369857999941],[130.94040489200006,-12.601280212999939],[130.94044303900012,-12.601215362999937],[130.94045448300005,-12.601099014999932],[130.94039726200003,-12.600990295999964],[130.9403362270001,-12.60096359299996],[130.9402332300001,-12.600982665999936],[130.94019126900002,-12.60100936899994],[130.94006156900002,-12.601127624999947],[130.93998909000004,-12.601190566999946],[130.9398975370001,-12.60120963999998],[130.9397945400001,-12.601247787999966],[130.93971061700006,-12.601247787999966],[130.93961143500007,-12.601184844999977],[130.93953514100008,-12.601121901999932],[130.93948173500007,-12.601058959999932],[130.93939781200004,-12.600942611999926],[130.93932151800004,-12.60083579999997],[130.9392833710001,-12.600700377999942],[130.9392566680001,-12.600608825999927],[130.939237595,-12.600528716999975],[130.93919181800004,-12.600429534999932],[130.939107895,-12.60040283199993],[130.93897056600008,-12.60040283199993],[130.93886756900008,-12.600385665999966],[130.9387950900001,-12.600305556999956],[130.93873024000004,-12.60022354199998],[130.93867301900002,-12.600152968999964],[130.93860054000004,-12.600072859999955],[130.93852424600004,-12.599973678999959],[130.9384593960001,-12.599864959999934],[130.93842124900004,-12.599784850999981],[130.93840217600007,-12.599693298999966],[130.938364029,-12.599586486999954],[130.9382801050001,-12.599458693999964],[130.9381809240001,-12.599407195999959],[130.93805885300003,-12.599407195999959],[130.93788719200006,-12.59940910299997],[130.937746048,-12.599401473999933],[130.9376659390001,-12.599372863999974],[130.93755531300008,-12.59931182899993],[130.93747901900008,-12.599229811999976],[130.93736839300004,-12.599132537999935],[130.93732261700006,-12.599086761999956],[130.93727684100008,-12.599052428999926],[130.9371738430001,-12.598960875999978],[130.93710899400003,-12.598907470999961],[130.93703651500005,-12.598836898999934],[130.9369678500001,-12.59875488299997],[130.93691444400008,-12.598684310999943],[130.93684959400002,-12.598592757999938],[130.93681144700008,-12.598522185999968],[130.9367389680001,-12.598430632999964],[130.93667030400002,-12.598350524999944],[130.93662452700005,-12.598287582999944],[130.93657112100004,-12.59818839999997],[130.93654060300003,-12.598089217999927],[130.93649482700005,-12.59798240699996],[130.9364299780001,-12.597864150999953],[130.93637275700007,-12.597784041999944],[130.9363269800001,-12.597702025999979],[130.9362239840001,-12.59755897499997],[130.9361972810001,-12.597440719999952],[130.93619346600008,-12.59714317299995],[130.9361743930001,-12.597051619999945],[130.93613624600005,-12.596954345999961],[130.93607902500003,-12.59688186699998],[130.9360485080001,-12.596828460999973],[130.93597984300004,-12.596693038999945],[130.93593025200005,-12.59661102299998],[130.9358921050001,-12.596475600999952],[130.93588447600007,-12.59636878899994],[130.93587303100003,-12.596250533999978],[130.93587303100003,-12.596141814999953],[130.93587303100003,-12.596015929999965],[130.9358882900001,-12.595888137999964],[130.93595314000004,-12.595781325999951],[130.93603706400006,-12.59571647699994],[130.936128617,-12.595687865999935],[130.93622779800012,-12.595632552999973],[130.93629264900005,-12.595560073999934],[130.93631935100007,-12.59546089099996],[130.93634605400007,-12.595325469999977],[130.93634223900006,-12.595108031999928],[130.93634223900006,-12.594909667999957],[130.93633079500012,-12.594783782999968],[130.93633079500012,-12.594701766999947],[130.93634986900008,-12.594556807999936],[130.93589592,-12.594224929999939],[130.93573951700012,-12.59435272199994],[130.93557548500007,-12.59441757199994],[130.935483932,-12.59442710899998],[130.93538093600012,-12.594373702999974],[130.93528938300005,-12.594320296999967],[130.93521308900006,-12.594266890999961],[130.93513298000005,-12.59419631999998],[130.9350681310001,-12.594133376999935],[130.9349918370001,-12.594024657999967],[130.93491935800012,-12.59390830999996],[130.9348621370001,-12.593799590999936],[130.93480491600008,-12.593709944999944],[130.9347591400001,-12.593610763999948],[130.93469429000004,-12.593431472999953],[130.9346561430001,-12.593332289999978],[130.93461036700012,-12.593250274999946],[130.93454551700006,-12.59313392599995],[130.93449592600007,-12.593051910999975],[130.93444252000006,-12.592962264999926],[130.9344043740001,-12.592889784999954],[130.93436622600007,-12.592781066999976],[130.9343280800001,-12.592691421999973],[130.93430900600003,-12.592582702999948],[130.93428993200007,-12.592502593999939],[130.93426322900007,-12.592420577999974],[130.93420600900004,-12.592267989999982],[130.9341411590001,-12.592132568999943],[130.93410301200004,-12.592069625999954],[130.9340648650001,-12.591997146999972],[130.93401146000008,-12.59189796399994],[130.93394661000002,-12.591781615999935],[130.93389701800004,-12.591691970999932],[130.9338321680001,-12.591609954999967],[130.93376731900003,-12.591547011999978],[130.93370246900008,-12.591476439999951],[130.93361854600005,-12.591396331999931],[130.93351936300007,-12.591241835999938],[130.93344306900008,-12.591072082999972],[130.93337821900002,-12.59097289999994],[130.93333244300004,-12.590900420999958],[130.9332981110001,-12.590820311999948],[130.93325614900004,-12.59070205699993],[130.93322944600004,-12.590593337999962],[130.933198929,-12.590476989999956],[130.9331417080001,-12.590269088999946],[130.93305015600004,-12.590061187999936],[130.9330120090001,-12.589981078999926],[130.93298149100008,-12.589899062999962],[130.9329357150001,-12.589818954999942],[130.93289756800004,-12.58972930899995],[130.93287086500004,-12.589637756999934],[130.93284416200004,-12.589567183999975],[130.93279457100004,-12.589485168999943],[130.93272209200006,-12.589441299999976],[130.93263053900012,-12.589385985999968],[130.93256568900006,-12.589305876999958],[130.93253517100004,-12.589160918999937],[130.93253898600005,-12.589017867999928],[130.93256950400007,-12.588935851999963],[130.9322910310001,-12.588647841999943],[130.93218040500005,-12.58862113999993],[130.932043076,-12.58855056699997],[130.9319324490001,-12.58848762599996],[130.93184852600007,-12.58845329299993],[130.93179512000006,-12.58839034999994],[130.93171882600006,-12.588308333999976],[130.93166542100005,-12.588254928999959],[130.93158912700005,-12.588165282999967],[130.93151664800007,-12.588058471999943],[130.93144035400007,-12.587966918999939],[130.93135643000005,-12.587867736999954],[130.93124580300002,-12.587724685999945],[130.93120002700005,-12.587661742999956],[130.931116104,-12.587554930999943],[130.93107795800006,-12.58748245199996],[130.9310054780001,-12.587402342999951],[130.93084526100006,-12.587240218999966],[130.93071937500008,-12.587114333999978],[130.93058586100005,-12.586952208999946],[130.9305667870001,-12.586843489999978],[130.930551529,-12.58671760599998],[130.9305210110001,-12.586664199999973],[130.93042945800005,-12.586582183999951],[130.93017768900006,-12.58636665399996],[130.9300594330001,-12.586233138999944],[130.92996406500004,-12.586143493999941],[130.9297504420001,-12.586036681999929],[130.92965888900005,-12.585973739999929],[130.9296245580001,-12.585901260999947],[130.92955589300004,-12.585821151999937],[130.9294910430001,-12.585739134999926],[130.92940712000006,-12.585651397999982],[130.92934227,-12.585605620999956],[130.9292621620001,-12.585559844999977],[130.9292049400001,-12.585470198999928],[130.9291858680001,-12.585380553999926],[130.9288730620001,-12.585220336999953],[130.92878913900006,-12.585220336999953],[130.92871666000008,-12.585166930999947],[130.92864036600008,-12.585103987999958],[130.9285678870001,-12.585060118999934],[130.9284915930001,-12.585006713999974],[130.92841911300002,-12.584960937999938],[130.92834663400004,-12.584917068999971],[130.92825126600007,-12.584880828999928],[130.92817115800005,-12.584854125999982],[130.9280757900001,-12.584810256999958],[130.92798423800002,-12.584766387999935],[130.9279003150001,-12.584730147999949],[130.9278202060001,-12.58466720599995],[130.92776298500007,-12.584613799999943],[130.92767906200004,-12.584577559999957],[130.92756843600012,-12.584506988999976],[130.92749595600003,-12.584461211999951],[130.9274120330001,-12.584426879999967],[130.9273281090001,-12.584400176999964],[130.92724418600005,-12.58435630799994],[130.92716407700004,-12.58429336599994],[130.92708778300005,-12.584238052999979],[130.92698860200005,-12.58415794399997],[130.92688560500005,-12.58409500099998],[130.92680168100003,-12.584041595999963],[130.9267177580001,-12.58399772599995],[130.926645279,-12.58393478399995],[130.92657279900004,-12.583890914999927],[130.92646980300003,-12.583854674999941],[130.92636680600003,-12.583791732999941],[130.9262828830001,-12.583747863999974],[130.92619133000005,-12.583694457999968],[130.9261264800001,-12.583631515999969],[130.92608070400001,-12.583541869999976],[130.9259967810001,-12.583442687999934],[130.925924301,-12.583379744999945],[130.92582893400004,-12.58329772999997],[130.9257640840001,-12.583246230999976],[130.92568016000007,-12.58320045499994],[130.92560005200005,-12.583127974999968],[130.92554283200002,-12.583065032999968],[130.92547035200005,-12.582984923999959],[130.925386429,-12.582914351999932],[130.92528343200001,-12.582868575999953],[130.92521095200004,-12.58282470699993],[130.9251461030001,-12.58277130199997],[130.92508125300003,-12.582715987999961],[130.9249973300001,-12.582635879999941],[130.9249134060001,-12.582572936999952],[130.92482948300005,-12.582555770999932],[130.92471885700002,-12.582521438999947],[130.924638748,-12.582458495999958],[130.92455101000007,-12.582386016999976],[130.9243488310001,-12.58218765199996],[130.9242763520001,-12.582136154999944],[130.9242000580001,-12.582080840999936],[130.92411613500008,-12.582000732999973],[130.92402458200002,-12.581937789999927],[130.92395973200007,-12.581884383999977],[130.92387962400005,-12.58183097899996],[130.9238109590001,-12.581777571999964],[130.92372703600006,-12.581695556999932],[130.92364692700005,-12.581624983999973],[130.92356300300003,-12.58154296899994],[130.9234790800001,-12.581462859999931],[130.92338752700005,-12.581373214999928],[130.92331123300005,-12.58131027199994],[130.92323875400007,-12.581220626999936],[130.9231929780001,-12.581148147999954],[130.92312812800003,-12.581068038999945],[130.92309761,-12.580978392999953],[130.9227085110001,-12.580772399999944],[130.92262077400005,-12.580837248999956],[130.92254448000006,-12.58080100999996],[130.92246055600003,-12.580757140999935],[130.922380448,-12.580730438999979],[130.9222965240001,-12.580677031999926],[130.9222202300001,-12.580631255999947],[130.92215538100004,-12.58057785099993],[130.92140007000012,-12.580348968999942],[130.92132759100002,-12.580430983999975],[130.92125511200004,-12.580484389999981],[130.92117118900012,-12.580520629999967],[130.9210605620001,-12.580522536999979],[130.92094230700002,-12.580488204999938],[130.92083931000002,-12.580432891999976],[130.92070961000002,-12.580389022999952],[130.9205989830001,-12.580352782999967],[130.9204959870001,-12.580308913999943],[130.92040443400003,-12.58022880599998],[130.92030525200005,-12.58013153099995],[130.9202098840001,-12.580039977999945],[130.92012596200004,-12.579959868999936],[130.9200344090001,-12.579887389999953],[130.9199314120001,-12.579807281999933],[130.91978645300003,-12.579753875999927],[130.9196758270001,-12.579746246999946],[130.91956520100007,-12.579746246999946],[130.91946220400007,-12.57975578299994],[130.91935157800003,-12.579767226999934],[130.9192638400001,-12.579786300999956],[130.91916847200002,-12.579786300999956],[130.91907691900008,-12.579776763999973],[130.91893959000004,-12.579742431999932],[130.91881752000006,-12.579715728999929],[130.91871833800008,-12.579689025999926],[130.91862678500001,-12.579654693999942],[130.9185428620001,-12.579645156999959],[130.9184398650001,-12.579637527999978],[130.91832160900003,-12.579610824999975],[130.91819191000002,-12.579576491999944],[130.9180545810001,-12.57954978999993],[130.9179515840001,-12.579523085999938],[130.91783332800003,-12.579505919999974],[130.91771125800005,-12.579488754999943],[130.9176197050001,-12.579471587999933],[130.917520523,-12.579435347999947],[130.91740989700008,-12.579408645999933],[130.91728782600012,-12.57937431299996],[130.91719627300006,-12.579347610999946],[130.91711235000002,-12.579347610999946],[130.91700553900012,-12.579332351999938],[130.91692161600008,-12.57930374199998],[130.9167995460001,-12.57928848299997],[130.91670036300002,-12.579278945999931],[130.9166164400001,-12.579261779999968],[130.9165134430001,-12.57925414999994],[130.91642189100003,-12.579246520999959],[130.91633033800008,-12.579210280999973],[130.91623878500002,-12.579147338999974],[130.91616249100002,-12.579067230999954],[130.916082382,-12.578968047999979],[130.91603279100002,-12.578905104999933],[130.915979385,-12.57883262599995],[130.9158954620001,-12.578750609999929],[130.91583061200004,-12.578697204999969],[130.91573906000008,-12.578636168999935],[130.91566276600008,-12.578563689999953],[130.91558265700007,-12.578491210999971],[130.9155139930001,-12.578430175999927],[130.9153575900001,-12.578294753999955],[130.91526603700004,-12.578231811999956],[130.91516304000004,-12.578168868999967],[130.9150714870001,-12.57811546299996],[130.91496849100008,-12.578052520999961],[130.91490364100002,-12.578008651999937],[130.914823532,-12.577962875999958],[130.9147396090001,-12.577928542999928],[130.9146633150001,-12.577882766999949],[130.9145832060001,-12.577838897999982],[130.9145069120001,-12.577785491999975],[130.9144344330001,-12.57772254899993],[130.91435813900011,-12.577678679999963],[130.91428566000002,-12.577632903999927],[130.91416740400007,-12.577552795999964],[130.91403770400007,-12.577463149999971],[130.9139423370001,-12.577383040999962],[130.9138889310001,-12.57731056199998],[130.91380500800005,-12.577201842999955],[130.9137401580001,-12.577131271999974],[130.91361808800002,-12.577058791999946],[130.91348838800002,-12.577014922999979],[130.91337013200007,-12.576953887999935],[130.91328620900003,-12.576927184999931],[130.9131946560001,-12.57687187199997],[130.9131183620001,-12.576801299999943],[130.9130458830001,-12.576757430999976],[130.91293525700007,-12.57671165399995],[130.912843704,-12.576677322999956],[130.91276741000001,-12.576612472999955],[130.91274833700004,-12.576515197999981],[130.9123249060001,-12.576229094999974],[130.91221427900007,-12.576238632999946],[130.91211128300006,-12.576238632999946],[130.9120197300001,-12.576221465999936],[130.9118633270001,-12.576150893999966],[130.91177940400007,-12.57605171199998],[130.9117069240001,-12.575969695999959],[130.9116039270001,-12.575962066999978],[130.91153144800012,-12.575925826999935],[130.91144752500009,-12.57587432899993],[130.9113750450001,-12.575828552999951],[130.9113254550001,-12.575748443999942],[130.91079902600006,-12.575416564999955],[130.91068840000003,-12.575418471999967],[130.91062355000008,-12.575363158999949],[130.91055870000002,-12.575283050999928],[130.91048622100004,-12.575210571999946],[130.91036415100007,-12.57515716499995],[130.91028404300005,-12.575149536999959],[130.91025733900005,-12.575239181999962],[130.91025733900005,-12.575420379999969],[130.91024971000002,-12.575502394999944],[130.910146714,-12.57549285899995],[130.91005516100006,-12.575441359999957],[130.9099826810001,-12.575378417999957],[130.90989875800005,-12.575279235999972],[130.9098339080001,-12.575216292999926],[130.90974998500008,-12.575153350999926],[130.909631729,-12.575107573999958],[130.90950965900004,-12.57509231499995],[130.9093990330001,-12.575056075999953],[130.90929603600011,-12.575019835999967],[130.90920448300005,-12.575002669999947],[130.9090137490001,-12.575004576999959],[130.908910751,-12.574996948999967],[130.90881919800006,-12.574970244999975],[130.9087543490001,-12.574916839999958],[130.9086780550001,-12.574871062999932],[130.90858650200005,-12.574827193999965],[130.90840339700003,-12.574783324999942],[130.90801811200004,-12.574785232999943],[130.9079265590001,-12.574794768999936],[130.90748024000004,-12.574563979999937],[130.90740013100003,-12.57452774099994],[130.90732383700004,-12.574483871999973],[130.90725135800005,-12.574428557999966],[130.90716743500002,-12.57437705999996],[130.90709114100002,-12.574321746999942],[130.90701866100005,-12.574251174999972],[130.90578651400006,-12.57423210099995],[130.90571403500007,-12.574277877999975],[130.90564918500002,-12.574333190999937],[130.9055652620001,-12.574369429999933],[130.905492782,-12.574415206999959],[130.90538215700008,-12.57448005699996],[130.90526390000002,-12.574535369999978],[130.9051799770001,-12.574562071999935],[130.9050807960001,-12.574571609999964],[130.90497016900008,-12.57459068299994],[130.90486717200008,-12.57460021999998],[130.90468406700006,-12.574602126999935],[130.90457344000004,-12.574565886999949],[130.90447425900004,-12.574522017999982],[130.90437126200004,-12.574504851999961],[130.90431404100002,-12.57443237299998],[130.9043064120001,-12.574333190999937],[130.90422248800007,-12.574342727999976],[130.9041233060001,-12.574378967999962],[130.90401268000005,-12.57441711399997],[130.903875351,-12.574426650999953],[130.903772354,-12.57444572399993],[130.903669357,-12.574438094999948],[130.902845382,-12.57494926499993],[130.9028644560001,-12.575048445999926],[130.90283775300009,-12.57513999899993],[130.90279579200012,-12.57522010799994],[130.90273094200006,-12.575292586999979],[130.9027118680001,-12.575315475999957],[130.9028911590001,-12.575479507999944],[130.90291404700008,-12.579372405999948],[130.8892192840001,-12.575805663999972],[130.8847980500001,-12.57620239299996],[130.88303184500012,-12.574537276999934],[130.88191795300008,-12.566965102999973],[130.8779926300001,-12.558425902999943],[130.87607765200005,-12.558437347999927],[130.86888313300005,-12.558477401999937],[130.86793327300006,-12.559383391999972],[130.86433982900007,-12.560798644999977],[130.86185646100012,-12.56224250799994],[130.8618526460001,-12.560535430999948],[130.86127662600006,-12.559658050999928],[130.86124229400002,-12.557104110999944],[130.86181449900005,-12.55642318699995],[130.86180686900002,-12.553550719999976],[130.86240577700005,-12.552082061999954],[130.86255073600012,-12.547452926999938],[130.864015579,-12.545084],[130.86608696000008,-12.544965743999967],[130.87201118400003,-12.54803657499997],[130.87187004100008,-12.552368163999972],[130.87209510800005,-12.55362510699996],[130.87602806100006,-12.553794860999972],[130.8760089870001,-12.551912307999942],[130.87775230400007,-12.551893233999976],[130.87969398500002,-12.54915428199996],[130.87957954400008,-12.549045562999936],[130.8794803620001,-12.548955917999933],[130.8793773650001,-12.548849105999977],[130.87925529400002,-12.548723220999932],[130.87914466900008,-12.54858779899996],[130.87903404200006,-12.548480987999937],[130.87893104600005,-12.548364639999932],[130.87882041900002,-12.54822921799996],[130.87872886600007,-12.548112868999965],[130.87864494400003,-12.547986984999966],[130.87853431700012,-12.547832488999973],[130.87843894900004,-12.547706603999927],[130.878355026,-12.547590255999978],[130.87826347400005,-12.54743766799993],[130.87817955000003,-12.547292709999965],[130.8780956270001,-12.547149657999967],[130.87808418300006,-12.546987533999982],[130.87807655300003,-12.546842574999971],[130.87792778000005,-12.546781539999927],[130.87782478300005,-12.546672820999959],[130.8777866360001,-12.546527861999948],[130.87776756300002,-12.546382903999927],[130.87769126900002,-12.546249389999957],[130.8776569370001,-12.54611396799993],[130.87762641900008,-12.545949935999943],[130.87760734500011,-12.545797347999951],[130.8775768280001,-12.545642852999947],[130.87753868100003,-12.545463561999952],[130.8774738310001,-12.545318602999942],[130.87736320500005,-12.545139312999936],[130.87728691100006,-12.544977187999962],[130.87724113500008,-12.544832228999951],[130.87722969000004,-12.54467964099996],[130.87718391400006,-12.544525146999945],[130.8771190650001,-12.544372558999953],[130.87706184400008,-12.544227599999942],[130.87699699400002,-12.544038772999954],[130.8769664770001,-12.543893813999944],[130.87690162700005,-12.543678283999952],[130.87682533300006,-12.543470381999953],[130.87674141000002,-12.543272017999982],[130.87671470600003,-12.54311943099998],[130.87669563300005,-12.542938232999973],[130.87666511600003,-12.542795180999974],[130.8766269680001,-12.542604446999974],[130.87653541500003,-12.542388915999936],[130.87649726900008,-12.54222488399995],[130.8764476780001,-12.542098998999961],[130.87635612500003,-12.541973113999973],[130.8762989050001,-12.541837691999945],[130.87628746100006,-12.541702269999973],[130.87626075700007,-12.541549681999982],[130.87622261100012,-12.541378020999957],[130.87620353700004,-12.541215895999926],[130.87617301900002,-12.541044234999958],[130.87610816900008,-12.540882110999974],[130.87604332,-12.540719985999942],[130.87597847000006,-12.540531158999954],[130.87594795200005,-12.54039382999997],[130.87595558200007,-12.54024124199998],[130.87595558200007,-12.540042876999962],[130.87595558200007,-12.539888381999958],[130.8759365080001,-12.53974533099995],[130.87586784300004,-12.539600371999938],[130.87579536400006,-12.539419173999931],[130.8757305140001,-12.53928375199996],[130.8756809240001,-12.539094924999972],[130.87566947900007,-12.538932799999941],[130.87566185000003,-12.538761138999973],[130.875631332,-12.538625716999945],[130.87559318500007,-12.538480757999935],[130.8755474090001,-12.53830146799993],[130.87551689200006,-12.538137435999943],[130.8754978180001,-12.537948608999955],[130.87548637400005,-12.53778648399998],[130.87545967100004,-12.537614822999956],[130.87541008000005,-12.537281036999957],[130.8753986360001,-12.537073134999957],[130.8753986360001,-12.536865233999947],[130.8753986360001,-12.536727904999964],[130.87537956300002,-12.536548613999969],[130.8753681180001,-12.536357879999969],[130.87533760000008,-12.536205291999977],[130.87531089800007,-12.536050796999973],[130.87525367700005,-12.535881041999971],[130.87522316000002,-12.535709380999947],[130.87517738300005,-12.535511016999976],[130.87514686600002,-12.535293578999926],[130.8751392370001,-12.535112380999976],[130.87513542200008,-12.534959792999928],[130.87513542200008,-12.53478813099997],[130.875143051,-12.53459739699997],[130.875143051,-12.534399031999953],[130.8750858310001,-12.534210204999965],[130.87504768400004,-12.534055709999961],[130.87504768400004,-12.533866881999927],[130.87505531300008,-12.533666610999944],[130.87507057200003,-12.53348731999995],[130.87512397800003,-12.533349990999966],[130.875143051,-12.533151626999938],[130.87513160700007,-12.532997130999945],[130.87510108900005,-12.532808302999968],[130.87509346000002,-12.532653808999953],[130.87505531300008,-12.532501220999961],[130.87505149800006,-12.532310485999972],[130.87507820200005,-12.532121657999937],[130.8750591280001,-12.531976698999927],[130.87499427800003,-12.531824110999935],[130.87494850100006,-12.531688689999953],[130.87491798400004,-12.531553267999982],[130.87491798400004,-12.531381606999958],[130.8749332430001,-12.531217574999971],[130.87499809300004,-12.53107261599996],[130.87505149800006,-12.53092765799994],[130.87488746600002,-12.530883788999972],[130.87471962000006,-12.530885696999974],[130.8745746610001,-12.530805587999964],[130.8744716650001,-12.53064346399998],[130.8743953710001,-12.530481337999959],[130.87431144700008,-12.53035545399996],[130.87420082100004,-12.530265808999957],[130.8741092690001,-12.53014755199996],[130.87407875100007,-12.530014037999933],[130.87409782400005,-12.529842376999966],[130.8740863800001,-12.529680251999935],[130.874013901,-12.529561995999927],[130.87386512800003,-12.529499053999928],[130.87374305700007,-12.529382705999978],[130.8736972810001,-12.529220580999947],[130.8736515050001,-12.529067992999956],[130.87355613700004,-12.528949737999937],[130.8734645840001,-12.528806685999939],[130.8733882900001,-12.52868080099995],[130.87327003500002,-12.52860069299993],[130.8731594080001,-12.528501509999955],[130.87306404100002,-12.52840232899996],[130.87290763800002,-12.528341293999972],[130.8727970120001,-12.52824211099994],[130.87273216300002,-12.528123854999933],[130.87268638600005,-12.52798080499997],[130.87257576000002,-12.527891158999978],[130.87243461600008,-12.527828216999978],[130.8723354340001,-12.527721404999966],[130.87222099300004,-12.527595519999977],[130.87216758700004,-12.527450561999956],[130.87213707,-12.527315139999928],[130.87200737000012,-12.527215956999953],[130.871904373,-12.527128219999952],[130.87179374700008,-12.527019500999927],[130.87170219400002,-12.526910781999959],[130.87155342100004,-12.526903152999978],[130.87138938900011,-12.526912688999971],[130.87118721000002,-12.526924133999955],[130.8710041050001,-12.526916503999928],[130.87083244300004,-12.526899337999964],[130.8706913000001,-12.526872634999961],[130.870569229,-12.526792525999952],[130.87047767700005,-12.526659011999982],[130.8703556060001,-12.526586532999943],[130.8702259060001,-12.526533126999936],[130.87008857700005,-12.526453017999927],[130.86991310100007,-12.52634620699996],[130.86978340200005,-12.526273727999978],[130.86962699900005,-12.526285171999973],[130.86947822600007,-12.526285171999973],[130.86931419400003,-12.526304244999949],[130.8691768650001,-12.526313781999932],[130.8690204620001,-12.526315688999944],[130.86887168900012,-12.526315688999944],[130.86873436000008,-12.526327132999938],[130.8685894020001,-12.526372909999964],[130.8684062960001,-12.526401519999979],[130.86810112000012,-12.526403426999934],[130.8679180150001,-12.526395796999964],[130.8677616120001,-12.526395796999964],[130.86760521000008,-12.52635192799994],[130.8674564370001,-12.526271819999977],[130.86726188600005,-12.526237487999936],[130.86690330500005,-12.52624130299995],[130.866765976,-12.526250838999943],[130.8666095740001,-12.526323317999982],[130.86648368800002,-12.52636909499995],[130.86635398800001,-12.526460646999965],[130.86622428900012,-12.526515960999973],[130.8660678860001,-12.526517867999928],[130.86590385400007,-12.526573180999947],[130.8657588960001,-12.526645659999929],[130.8656024930001,-12.526710510999976],[130.8654460900001,-12.526792525999952],[130.86530876200004,-12.526821135999967],[130.86515998800007,-12.526821135999967],[130.8650112150001,-12.526840209999932],[130.8649120330001,-12.52695846499995],[130.86473655700001,-12.52700614899993],[130.86448097200002,-12.527034758999946],[130.86397361800005,-12.527036666999948],[130.86381721500004,-12.527074813999945],[130.8636531830001,-12.52716636599996],[130.863527298,-12.527257918999965],[130.8633708960001,-12.527322768999966],[130.8632144930001,-12.527395247999948],[130.8630847930001,-12.52747726399997],[130.86261558600006,-12.52750015199996],[130.86247825600003,-12.52750015199996],[130.86232185400002,-12.527511596999943],[130.862035751,-12.527513503999955],[130.86186027600002,-12.527496337999935],[130.86174201900008,-12.52741432199997],[130.86161232000006,-12.52733421299996],[130.86148262100005,-12.527280807999944],[130.86135292000006,-12.527200698999934],[130.86122322100005,-12.527111052999942],[130.86108589200012,-12.527030943999932],[130.86096763600005,-12.526931762999936],[130.86067771900002,-12.526546477999943],[130.86061286900008,-12.52639198299994],[130.86051750100012,-12.526229857999965],[130.86051750100012,-12.526084899999944],[130.86053276000007,-12.525867461999951],[130.86059761,-12.525661468999942],[130.86066246100006,-12.525432586999955],[130.86071586600008,-12.525117873999932],[130.86071205200005,-12.524900435999939],[130.86070823700004,-12.524564742999928],[130.86080741900003,-12.524085997999975],[130.86092186000008,-12.523488998999937],[130.86096382200003,-12.522809982999945],[130.86096000700002,-12.522314070999926],[130.86096763600005,-12.521799086999977],[130.8609523780001,-12.52148055999993],[130.8609523780001,-12.52128410299997],[130.86094093300005,-12.521146774999977],[130.86094093300005,-12.520668029999968],[130.86093711900003,-12.520380019999948],[130.860933304,-12.520080565999933],[130.860933304,-12.519790648999958],[130.86092186000008,-12.519647598999939],[130.86086463900006,-12.519340514999953],[130.86083793600005,-12.519205092999925],[130.86082649200011,-12.519050597999978],[130.86081504800006,-12.518888473999937],[130.86080741900003,-12.518697737999958],[130.860803604,-12.518518447999952],[130.860803604,-12.518337248999956],[130.86079216000007,-12.518182754999941],[130.86078453100004,-12.518039702999943],[130.8607730860001,-12.517848968999942],[130.86074256900008,-12.517669676999958],[130.8607234960001,-12.517488478999951],[130.86071205200005,-12.51734352099993],[130.8606929780001,-12.517036437999934],[130.86068153400004,-12.516511916999946],[130.86067771900002,-12.516197204999969],[130.860673904,-12.515888213999972],[130.8606700890001,-12.515428542999928],[130.86063957200008,-12.514940261999982],[130.86062812800003,-12.514551162999965],[130.8606166840001,-12.51436233499993],[130.86059761,-12.51418113699998],[130.86057853700004,-12.514009475999956],[130.8605670930001,-12.513818740999966],[130.86055946400006,-12.513629913999978],[130.86055564900005,-12.513296127999979],[130.86055183400003,-12.512943267999958],[130.86055183400003,-12.512481689999959],[130.86054801900002,-12.51214790399996],[130.8605442050001,-12.511751174999972],[130.86052513100003,-12.511606215999961],[130.86049461400012,-12.511451721999947],[130.86047554000004,-12.511280059999933],[130.8604373930001,-12.510982513999977],[130.86043357900007,-12.510629653999956],[130.86040687600007,-12.510450362999961],[130.86034965500005,-12.51030540399995],[130.86031913800002,-12.510150909999936],[130.86027336200004,-12.510007857999938],[130.86018943800002,-12.509881972999949],[130.86011695900004,-12.509746550999978],[130.86006736700006,-12.509601592999957],[130.8600025170001,-12.50946807899993],[130.85981941300008,-12.509233473999927],[130.85959434500012,-12.508991240999933],[130.85949134800012,-12.508892058999947],[130.85935401900008,-12.508785247999981],[130.85923576300002,-12.508676528999956],[130.85911369300004,-12.508579254999972],[130.85899543800008,-12.508460997999975],[130.85890007000012,-12.508354186999952],[130.85878944400008,-12.508274078999932],[130.85860633900006,-12.508230209999965],[130.858465195,-12.50817680299997],[130.85827446000008,-12.508123397999952],[130.858182907,-12.507997512999964],[130.858362198,-12.50790595999996],[130.85849952700005,-12.507778167999959],[130.85860252400005,-12.507614134999926],[130.8586177830001,-12.507471084999963],[130.8586635590001,-12.507307052999977],[130.8587436680001,-12.50717925999993],[130.85885429300004,-12.507043837999959],[130.85893440200005,-12.506879806999962],[130.8590755460001,-12.506843566999976],[130.85926628100003,-12.506841658999974],[130.85960960400007,-12.506856917999926],[130.85982704200012,-12.506818770999928],[130.85991859400008,-12.506702422999979],[130.86002159100008,-12.506591796999942],[130.86016655000003,-12.506446838999977],[130.86033058200007,-12.506372451999937],[130.86050605800006,-12.506336211999951],[130.860651017,-12.50639915499994],[130.8607997900001,-12.50641632099996],[130.86094856300008,-12.506414413999948],[130.86107444800007,-12.50635147099996],[130.8611583710001,-12.50624084499998],[130.86123085000008,-12.506114959999934],[130.86137580900004,-12.50602340699993],[130.86148643500007,-12.505886077999946],[130.86151313800008,-12.505733489999955],[130.86140251200004,-12.505632399999968],[130.86140251200004,-12.505489348999959],[130.86156654400008,-12.50523567199997],[130.8613910680001,-12.505245208999952],[130.861112595,-12.505176544999927],[130.860982895,-12.50508499199998],[130.86096763600005,-12.504951476999963],[130.86107444800007,-12.504678726999941],[130.86112785300008,-12.50453376799993],[130.8612079620001,-12.504425048999963],[130.86134529100002,-12.504314422999926],[130.8614673620001,-12.504241942999954],[130.86156654400008,-12.504096984999933],[130.86161232000006,-12.503961562999962],[130.86163902300007,-12.503814697999928],[130.86171913200008,-12.50368881199995],[130.8618297580001,-12.503580092999925],[130.86194801300007,-12.503488539999978],[130.86209297200003,-12.503360748999967],[130.86224174500012,-12.503269195999962],[130.86258888200007,-12.503267287999961],[130.86274528500007,-12.503274916999942],[130.86296653700003,-12.50327300999993],[130.86314964300004,-12.503263472999947],[130.86329841600002,-12.503271102999975],[130.86345863400004,-12.503295897999976],[130.8636226650001,-12.503349303999926],[130.86376762300006,-12.50345802299995],[130.86386299100002,-12.503593444999979],[130.86394691500004,-12.503726958999948],[130.86407661400006,-12.503852843999937],[130.86418724100008,-12.503995895999935],[130.86426353500008,-12.504276275999928],[130.86428260800005,-12.504348754999967],[130.86438560500005,-12.50443839999997],[130.86478996300002,-12.504644393999968],[130.864889145,-12.504770278999956],[130.86497306800004,-12.504913329999965],[130.86509513900012,-12.505010604999939],[130.86525154100002,-12.505119322999974],[130.8653736110001,-12.50522613499993],[130.86546516400006,-12.505352019999975],[130.86554145800005,-12.505487441999946],[130.86562538200008,-12.505567550999956],[130.8657817840001,-12.505702972999927],[130.8659114840001,-12.50579261799993],[130.8660411830001,-12.505865096999969],[130.86618614200006,-12.505926131999956],[130.86632728600011,-12.505979537999963],[130.86649131700005,-12.50604057299995],[130.86662101800005,-12.506076812999936],[130.86693382300007,-12.506074904999934],[130.86710929900005,-12.506082534999962],[130.8672733310001,-12.50606346099994],[130.86748695400001,-12.506052016999945],[130.86762428200007,-12.506015777999949],[130.86782646200004,-12.505950926999958],[130.86797142000012,-12.505922316999943],[130.8683032990001,-12.50592040999993],[130.86865425100007,-12.505918502999975],[130.86882591200003,-12.505926131999956],[130.86897468600012,-12.505979537999963],[130.869077682,-12.506069183999955],[130.869153976,-12.506195067999954],[130.86926460300003,-12.506284712999957],[130.86931800800005,-12.506410598999935],[130.86934852600007,-12.506565093999939],[130.8693828580001,-12.506698607999965],[130.8694591520001,-12.50686073299994],[130.869386673,-12.50700569199995],[130.86934471200004,-12.507350921999944],[130.86939811700006,-12.50746726999995],[130.8693828580001,-12.507757186999982],[130.86937522900007,-12.507928848999939],[130.86935997000012,-12.508083342999953],[130.86935997000012,-12.508380889999955],[130.86937141400006,-12.50853538499996],[130.8693790430001,-12.508687972999951],[130.8694095610001,-12.508823393999933],[130.86949348500002,-12.50895881599996],[130.86992454500012,-12.508955001999936],[130.87023735100001,-12.508953094999981],[130.8703594210001,-12.509042739999927],[130.87042427000006,-12.50934028599994],[130.87037086500004,-12.509504317999927],[130.8703556060001,-12.509649276999937],[130.8703823090001,-12.509792327999946],[130.8706150060001,-12.51002693199996],[130.87072563100003,-12.510150909999936],[130.8709011080001,-12.51038551299996],[130.87109565700007,-12.51065635699996],[130.87114524900005,-12.510944365999933],[130.87113761900002,-12.511234282999965],[130.8711032860001,-12.511587142999929],[130.8710765840001,-12.51174926799996],[130.8709774020001,-12.512039184999935],[130.87085151700012,-12.512311935999946],[130.87063407900007,-12.512584686999958],[130.8703861240001,-12.512884139999926],[130.8702297210001,-12.512912749999941],[130.87009239200006,-12.512912749999941],[130.86993599000004,-12.51290512099996],[130.8698177330001,-12.513006209999958],[130.86982154800012,-12.513339996999946],[130.86982917800003,-12.51350212099993],[130.8698673250001,-12.513647078999952],[130.869977951,-12.513809203999926],[130.87007331900008,-12.513952254999936],[130.87011146500004,-12.514116286999979],[130.87021446200004,-12.514295577999974],[130.87039756800004,-12.514455794999947],[130.87058448800008,-12.514591216999975],[130.87067604100002,-12.51470756499998],[130.8707408900001,-12.514842986999952],[130.87075996400006,-12.515005111999926],[130.8707714080001,-12.515213012999936],[130.87080955500005,-12.515357970999958],[130.87093162600002,-12.515483855999946],[130.8710231780001,-12.515590667999959],[130.87107276900008,-12.515897750999954],[130.87117195100006,-12.516059875999929],[130.87130165100007,-12.516139983999949],[130.871469498,-12.516193389999955],[130.87161445700008,-12.516273498999965],[130.87169075100007,-12.51641845699993],[130.87179374700008,-12.516544341999975],[130.8719501490001,-12.51666068999998],[130.87208747800003,-12.516750334999927],[130.8722095490001,-12.516876220999961],[130.87232017500003,-12.516983031999928],[130.87242317200003,-12.517108917999963],[130.87252616900003,-12.517234801999962],[130.872625351,-12.517341613999974],[130.8727741240001,-12.51745796199998],[130.8728771210001,-12.517557143999966],[130.87302208000006,-12.517646789999958],[130.87316322300012,-12.517690657999935],[130.873319626,-12.517753600999981],[130.87347602800003,-12.517833709999934],[130.87360572800003,-12.517913817999954],[130.87371635500006,-12.518003462999957],[130.8738002780001,-12.518129348999935],[130.87387657200009,-12.518264769999973],[130.873987198,-12.518390655999951],[130.87410545400007,-12.518463134999934],[130.87430000300003,-12.518514633999928],[130.87453651400006,-12.518577574999938],[130.87463951200004,-12.518585204999965],[130.8749370580001,-12.518665313999975],[130.87507438700004,-12.518663406999963],[130.87521934500012,-12.518697737999958],[130.87538719200006,-12.51878738399995],[130.87551689200006,-12.518903731999956],[130.87571144100002,-12.519102096999973],[130.87578773500002,-12.519245146999936],[130.8758602140001,-12.519407272999956],[130.87595558200007,-12.519523620999962],[130.8760852810001,-12.51964187599998],[130.8761959080001,-12.519721984999933],[130.87628746100006,-12.519828796999946],[130.87636375500006,-12.520009994999953],[130.8763980860001,-12.520154952999974],[130.87648201000002,-12.520290374999945],[130.87662315300008,-12.520423888999971],[130.87675285400007,-12.520530699999938],[130.87689781200004,-12.52055740399993],[130.8770389560001,-12.52055740399993],[130.8771686550001,-12.520627975999957],[130.87730598400003,-12.520671844999981],[130.87766456600002,-12.52066993699998],[130.8779392240001,-12.520668029999968],[130.87808036800004,-12.520685195999931],[130.87821769700008,-12.520801543999937],[130.87833595300003,-12.520872115999964],[130.8785037990001,-12.520961761999956],[130.878614426,-12.52106857299998],[130.87869072,-12.52120399499995],[130.87875556900008,-12.521375655999975],[130.87885856700007,-12.521520614999929],[130.87898826600008,-12.521627425999952],[130.87912559500012,-12.521726607999938],[130.87916374200006,-12.521852492999926],[130.8793010710001,-12.521905898999933],[130.87951469400002,-12.521903990999931],[130.87970542900007,-12.521911620999958],[130.87987327500002,-12.521902084999965],[130.88001060500005,-12.52187347399996],[130.8801479340001,-12.52180862399996],[130.88028526300002,-12.521799086999977],[130.88039588900006,-12.52188873199998],[130.8804798120001,-12.522005080999975],[130.88059806900003,-12.52210426299996],[130.88075828600006,-12.522094726999967],[130.88085746700006,-12.52197647099996],[130.88098335300003,-12.521884917999955],[130.88114357000006,-12.521883010999943],[130.881464004,-12.521900176999964],[130.88177681000002,-12.521898269999951],[130.88194084200006,-12.52189636199995],[130.88208961500004,-12.521903990999931],[130.8822803490001,-12.521902084999965],[130.88244056700012,-12.52186584499998],[130.88258552500008,-12.521783827999968],[130.8826961520001,-12.521692275999953],[130.88281440700007,-12.521610259999932],[130.88294029300005,-12.521501540999964],[130.8830776220001,-12.521400451999966],[130.88340187100005,-12.521379470999932],[130.8835659020001,-12.52138710099996],[130.88371467500008,-12.52138710099996],[130.88385963500002,-12.521385192999958],[130.8840274810001,-12.521392821999939],[130.8841838830001,-12.521373748999963],[130.88435554500006,-12.521327972999927],[130.88449668900012,-12.521326064999926],[130.88468742400005,-12.521263122999926],[130.884778976,-12.521144866999975],[130.88491630600004,-12.521087645999955],[130.88506507900001,-12.521087645999955],[130.88521003800008,-12.52105903599994],[130.88535881100006,-12.52099609399994],[130.88553047100004,-12.520986556999958],[130.88566780100007,-12.520912169999974],[130.88579750100007,-12.520830153999952],[130.88592720000008,-12.520774840999934],[130.886091232,-12.52076530499994],[130.8862400050001,-12.520753860999946],[130.88637733400003,-12.520727156999953],[130.88656044000004,-12.52079772999997],[130.88682746900008,-12.520624160999944],[130.88689994800006,-12.52048683199996],[130.8870105750001,-12.520360946999972],[130.88717460700002,-12.52035903999996],[130.887350082,-12.520357131999958],[130.8874988550001,-12.52036666899994],[130.88762474100008,-12.520446776999961],[130.88777351400006,-12.520444869999949],[130.88792991700006,-12.52032661499993],[130.88798332200008,-12.520172118999938],[130.888044357,-12.520027160999973],[130.8881664280001,-12.519927977999942],[130.88835716200003,-12.519916534999936],[130.88849449100007,-12.519906997999954],[130.88865089400008,-12.519905090999941],[130.88885307300006,-12.519878386999949],[130.88892555200005,-12.519741057999966],[130.88899803200002,-12.519605635999937],[130.88913917600007,-12.519567489999929],[130.88931083600005,-12.519512176999967],[130.88945961000002,-12.519485472999975],[130.88958549500012,-12.519430159999956],[130.8897075650001,-12.519329070999959],[130.88984489400002,-12.519237517999954],[130.88998222400005,-12.519172667999953],[130.8903026580001,-12.519134521999945],[130.89043998700004,-12.519098281999959],[130.89057731700007,-12.519050597999978],[130.89072609000004,-12.518951415999936],[130.89082527100004,-12.518806456999926],[130.8909702300001,-12.518751143999964],[130.891126632,-12.51874160799997],[130.89128303500001,-12.518739700999959],[130.89143943800002,-12.518693923999933],[130.89155769400008,-12.518602370999929],[130.89169883700004,-12.518583297999953],[130.89186287000007,-12.518581389999952],[130.89200782800003,-12.518589019999979],[130.89208412200003,-12.518463134999934],[130.8922023770001,-12.51838111799998],[130.8923282620001,-12.518299102999947],[130.89243888900012,-12.518171309999957],[130.89257621700006,-12.518133163999948],[130.8927898400001,-12.51807022099996],[130.89287757900001,-12.51795005799994],[130.89300727800003,-12.517976760999943],[130.8931560520001,-12.518049239999982],[130.89330101100006,-12.518020629999967],[130.8933849330001,-12.517892837999966],[130.89330101100006,-12.517766951999931],[130.89327049300005,-12.517612456999927],[130.89345741300008,-12.517539977999945],[130.89358329800007,-12.517475127999944],[130.89385795600003,-12.51733779899996],[130.8941822050001,-12.517318725999928],[130.8943080900001,-12.517263411999977],[130.894418717,-12.517171858999973],[130.89450264000004,-12.517044067999961],[130.89463996900008,-12.516998290999936],[130.8947963720001,-12.516998290999936],[130.89494133000005,-12.516986846999941],[130.895059585,-12.516897201999939],[130.8952083580001,-12.516895293999937],[130.89534568800002,-12.51685714699994],[130.89547538800002,-12.516775131999964],[130.89561271700006,-12.516712188999975],[130.8957500460001,-12.516656874999967],[130.89592552200008,-12.516618728999958],[130.89604377700005,-12.516527175999954],[130.89615058900006,-12.516454696999972],[130.89627265900003,-12.516353606999928],[130.89637947100005,-12.516271590999963],[130.89650154100002,-12.516208648999964],[130.89666557300006,-12.516107558999977],[130.89679527200008,-12.516042708999976],[130.89694023100003,-12.516006468999933],[130.89710426300007,-12.515941619999978],[130.89726066600008,-12.51588630599997],[130.8974170680001,-12.515876769999977],[130.89759254500007,-12.51583862299998],[130.8977298740001,-12.51576614299995],[130.89784812900007,-12.515691756999956],[130.8979854590001,-12.515619277999974],[130.8981418610001,-12.515554427999973],[130.89829063500008,-12.515552519999972],[130.898427964,-12.51553535499994],[130.89852714500012,-12.515398025999957],[130.89866447500003,-12.515316008999946],[130.8987827300001,-12.515224456999931],[130.89893150300009,-12.515125274999946],[130.899068832,-12.515014647999976],[130.89921379100008,-12.514978407999934],[130.8993701930001,-12.51490402199994],[130.8994236000001,-12.514785765999932],[130.8994503020001,-12.51465034499995],[130.89956855800006,-12.514541625999982],[130.89969825800006,-12.51447677599998],[130.8998355860001,-12.514431],[130.8999652860001,-12.514366149999944],[130.90005302400004,-12.514230727999973],[130.90020942700005,-12.514184951999937],[130.90036964400008,-12.514165877999972],[130.90049552900007,-12.514064788999974],[130.90064048700003,-12.513919829999963],[130.90075111400006,-12.513837813999942],[130.90088081300007,-12.513746261999927],[130.90098762500008,-12.513664244999973],[130.9011440280001,-12.513618468999937],[130.90131187500003,-12.513607024999942],[130.90162467900007,-12.51360511799993],[130.90176963800002,-12.513593673999935],[130.90192604000003,-12.513603209999928],[130.90210914600004,-12.513601302999973],[130.90229606700007,-12.513601302999973],[130.9024333960001,-12.513618468999937],[130.90262794500006,-12.513633727999945],[130.90277290300003,-12.513677596999969],[130.90292167600012,-12.513731002999975],[130.9030704500001,-12.513784407999935],[130.90324211100005,-12.513837813999942],[130.90332222000006,-12.51391029399997],[130.90346717800003,-12.51405334499998],[130.9035854340001,-12.514160156999935],[130.9036884310001,-12.514259337999931],[130.90381050100007,-12.514366149999944],[130.90390968300005,-12.514455794999947],[130.9040241240001,-12.514564513999971],[130.9041042330001,-12.51467323299994],[130.90419197000006,-12.51477050799997],[130.90426445000003,-12.51491546699998],[130.90427589400008,-12.515050887999962],[130.90428352300012,-12.515213012999936],[130.90428733800002,-12.515365600999928],[130.90427589400008,-12.515520095999932],[130.9042797090001,-12.515657424999972],[130.9042797090001,-12.515810011999974],[130.9042339330001,-12.515935897999952],[130.90423774700002,-12.516080856999963],[130.905653,-12.516342162999933],[130.90578269900004,-12.516323089999958],[130.9059772490001,-12.51634979299996],[130.9101657860001,-12.516536711999947],[130.91032981900003,-12.51643562299995],[130.91037559500012,-12.516281127999946],[130.91052055400007,-12.516126632999942],[130.91067314200006,-12.515962599999966],[130.91077613800007,-12.515808105999952],[130.91089439400002,-12.51571845999996],[130.91113472000006,-12.515670776999968],[130.91120719900005,-12.51566123899994],[130.9113521580001,-12.515569686999982],[130.91150856100012,-12.515497207999942],[130.91162681600008,-12.515350341999977],[130.91184806800004,-12.515285491999975],[130.91198539700008,-12.515283583999974],[130.9121418000001,-12.515184402999978],[130.91226005600004,-12.515092849999974],[130.9123783110001,-12.515010832999963],[130.91250801,-12.51492881799993],[130.91264534000004,-12.514856338999948],[130.91282081600002,-12.514791488999947],[130.91292381300002,-12.514745711999979],[130.912973404,-12.514726638999946],[130.91310310400002,-12.514661788999945],[130.9132747650001,-12.514596938999944],[130.91338539100002,-12.51457023599994],[130.91352653500007,-12.51452255299995],[130.91365242000006,-12.514450072999978],[130.91382789600004,-12.51434898399998],[130.91396522500008,-12.514240264999955],[130.91406440800006,-12.514104842999927],[130.9141750330001,-12.51401328999998],[130.91427040100007,-12.51395034799998],[130.91431999200006,-12.513921736999976],[130.9144573220001,-12.513856887999964],[130.91457939200006,-12.513793945999964],[130.91469764700003,-12.51370239299996],[130.91483497700006,-12.51357459999997],[130.9149990080001,-12.513410567999927],[130.9151515960001,-12.513229369999976],[130.9152812960001,-12.513092040999936],[130.9154071810001,-12.512964248999936],[130.91552925100007,-12.51286506599996],[130.91563606300008,-12.512746810999943],[130.91575431800004,-12.512645721999945],[130.91590309100002,-12.512580871999944],[130.91604042100005,-12.512544631999958],[130.916185379,-12.51248931899994],[130.9163608550001,-12.51237869199997],[130.916517257,-12.512289046999967],[130.91666221600008,-12.512195586999951],[130.91678047200003,-12.51211357099993],[130.91692161600008,-12.51205062899993],[130.91707420400007,-12.512041091999947],[130.91723823600012,-12.512075423999931],[130.91736793500002,-12.511993407999967],[130.91752433800002,-12.511919021999972],[130.91768074000004,-12.51188278199993],[130.91781044000004,-12.511837004999961],[130.9179286960001,-12.511745452999946],[130.91805839500012,-12.511634826999966],[130.91819572400004,-12.511552810999945],[130.91832160900003,-12.511470793999933],[130.91842460600003,-12.511362075999955],[130.91857719400002,-12.511297225999954],[130.91871833800008,-12.511241912999935],[130.91885566700012,-12.511186599999974],[130.91897392300007,-12.511104583999952],[130.9190845490001,-12.510976790999962],[130.91921806400012,-12.510875701999964],[130.9193668370001,-12.510793685999943],[130.9195232400001,-12.510730742999954],[130.91966819800007,-12.510692596999945],[130.9198513030001,-12.510637282999937],[130.920064926,-12.510572433999926],[130.92020225600004,-12.510507583999981],[130.9203205110001,-12.510435103999953],[130.92043113700004,-12.51034545899995],[130.92053031900002,-12.510251998999934],[130.9206485750001,-12.510126113999945],[130.920785904,-12.50998115599998],[130.920888901,-12.509860992999961],[130.9210071560001,-12.509742736999954],[130.92112541200004,-12.509643554999968],[130.92128944400008,-12.509532928999931],[130.921426773,-12.50947761499998],[130.9216022490001,-12.50946807899993],[130.9217853550001,-12.509466170999929],[130.92194938600005,-12.509492873999932],[130.9220905310001,-12.509582518999935],[130.92222786000002,-12.509689330999947],[130.92233848500007,-12.509788513999979],[130.922479629,-12.509895324999945],[130.92261695900004,-12.51000404299998],[130.92271995500005,-12.510101317999954],[130.92280387900007,-12.510210036999979],[130.92287635800005,-12.510335921999967],[130.9229412080001,-12.510461806999956],[130.92297935500005,-12.51061630299995],[130.92299842900002,-12.510786056999962],[130.92300987200008,-12.510931014999926],[130.92302894600004,-12.51108550999993],[130.92304802,-12.51123046899994],[130.92308616600008,-12.511363982999967],[130.923151017,-12.511499403999949],[130.92320823700004,-12.511634826999966],[130.92333412200003,-12.511814117999961],[130.92341423000005,-12.511833190999937],[130.92356300300003,-12.511920928999928],[130.92366218600012,-12.512065886999949],[130.92374610900004,-12.512245177999944],[130.92384910600003,-12.512407301999929],[130.92392539900004,-12.51252365099998],[130.9240169520001,-12.512641906999932],[130.92408943200007,-12.512767791999977],[130.92421150200005,-12.512893676999965],[130.92441368100003,-12.513046263999968],[130.924535751,-12.513126372999977],[130.92464637800003,-12.51321601899997],[130.92474937400004,-12.513313293999943],[130.9248409270001,-12.513422011999978],[130.92497062600012,-12.513555526999937],[130.92510795600003,-12.513690948999965],[130.92518425000003,-12.513753890999965],[130.92528724600004,-12.513843535999968],[130.92549705500005,-12.513977050999927],[130.9256610870001,-12.51406669599993],[130.92574882500003,-12.514102935999972],[130.92589759800012,-12.514173507999942],[130.926054001,-12.514280319999955],[130.92621040300003,-12.51439666799996],[130.9263591770001,-12.51452255299995],[130.926515579,-12.514657974999977],[130.92667198200002,-12.514781951999964],[130.92681312600007,-12.514936446999968],[130.92695808400003,-12.51509666499993],[130.9270801550001,-12.51522254899993],[130.92716407700004,-12.515357970999958],[130.92722129900005,-12.515493392999929],[130.9273052220001,-12.515626907999945],[130.92739677400004,-12.51578903199993],[130.9275112150001,-12.515977858999975],[130.92762184100002,-12.516149520999932],[130.9276676180001,-12.51630210899998],[130.9276714330001,-12.51648330699993],[130.927698135,-12.516654968999944],[130.9277477270001,-12.51681709299993],[130.927801132,-12.51696205099995],[130.92788505600004,-12.517124175999982],[130.92798805300004,-12.517286300999956],[130.9280796050001,-12.517419814999926],[130.9281826020001,-12.517581938999967],[130.92827797000007,-12.517726897999978],[130.9283618930001,-12.517852782999967],[130.9284610750001,-12.518005370999958],[130.92855644200006,-12.51814079299993],[130.92864036600008,-12.518276213999968],[130.92873191900003,-12.518455505999952],[130.92883491500004,-12.518598555999972],[130.92894554200006,-12.518760680999947],[130.9290294650001,-12.518922805999978],[130.92912101800005,-12.519094466999945],[130.92918968200001,-12.519256591999977],[130.92927360500005,-12.519428252999944],[130.92931938200002,-12.519599914999958],[130.929368973,-12.519742964999978],[130.9294414520001,-12.519914626999935],[130.92953681900008,-12.520076750999976],[130.92960929900005,-12.520229338999968],[130.92970466600002,-12.520427703999928],[130.92976951600008,-12.520608901999935],[130.9298267360001,-12.520761489999927],[130.92983818100004,-12.520896911999955],[130.92983818100004,-12.521223067999927],[130.92983818100004,-12.521385192999958],[130.92984199500006,-12.521556853999982],[130.92984199500006,-12.521738051999932],[130.92984199500006,-12.521909713999946],[130.92984581000007,-12.522045134999928],[130.92986488400004,-12.52241516099997],[130.92988777100004,-12.522640227999943],[130.92994117800004,-12.522874831999957],[130.9299793240001,-12.523010253999928],[130.92999839800007,-12.523073195999928],[130.93002128600006,-12.523208617999956],[130.92996406500004,-12.523244857999941],[130.92991066000002,-12.523290633999977],[130.9299030300001,-12.523481368999967],[130.9299297330001,-12.523616790999938],[130.92996788000005,-12.523752211999977],[130.93002510100007,-12.523878097999955],[130.930089951,-12.524003982999943],[130.93012809700008,-12.524139404999971],[130.930166245,-12.524330138999971],[130.93017768900006,-12.52447319099997],[130.9301853180001,-12.524618148999934],[130.93017768900006,-12.524763106999956],[130.93018150300009,-12.52493476899997],[130.93018150300009,-12.525079726999934],[130.93031883300011,-12.52521324199995],[130.9302387240001,-12.525331496999968],[130.930166245,-12.525449752999975],[130.93010139500007,-12.525575637999964],[130.93007469200006,-12.525720595999928],[130.9300861360001,-12.525867461999951],[130.9300861360001,-12.52601051299996],[130.93009758000005,-12.526155470999981],[130.93007087700005,-12.526300430999981],[130.93007087700005,-12.526453017999927],[130.93010139500007,-12.52663421699998],[130.93012809700008,-12.52681541499993],[130.93015098600006,-12.526968002999979],[130.93012046800004,-12.527112960999943],[130.9300861360001,-12.52727699299993],[130.9300327300001,-12.527431487999934],[130.92997169500006,-12.527620314999979],[130.92991447400004,-12.527811050999958],[130.92988014200012,-12.527956008999979],[130.9298267360001,-12.528081893999968],[130.92981910700007,-12.528226851999932],[130.92981147700004,-12.528381347999982],[130.92979240500006,-12.528543471999967],[130.9297733310001,-12.528697966999971],[130.92975807200003,-12.528842925999982],[130.92971229600005,-12.528995513999973],[130.92965126,-12.529132842999957],[130.92957878100003,-12.529251098999964],[130.92945671100006,-12.529386520999935],[130.92938423200007,-12.529514312999936],[130.92933082600007,-12.529693602999942],[130.92929649300004,-12.529840469999954],[130.9292049400001,-12.52995681799996],[130.92908668500002,-12.530094146999943],[130.92898750300003,-12.530212401999961],[130.9289226530001,-12.530366897999954],[130.9288234710001,-12.530511855999976],[130.92866706900008,-12.530639648999966],[130.92863273600005,-12.53079414399997],[130.9286975860001,-12.530920027999969],[130.92880821300002,-12.53107261599996],[130.92885398900012,-12.531198501999938],[130.9287738800001,-12.531326293999939],[130.92876625000008,-12.53147888199993],[130.92870903000005,-12.531606673999931],[130.92857551600002,-12.531751631999953],[130.92844581600002,-12.531862258999979],[130.92840385400007,-12.532024382999964],[130.92837333600005,-12.53218841499995],[130.92831230100012,-12.532403945999931],[130.92823982200002,-12.53260421799996],[130.9282054900001,-12.532730102999949],[130.9280757900001,-12.532785415999967],[130.9278469080001,-12.53278732299998],[130.927698135,-12.532789230999981],[130.92753410400007,-12.532842635999941],[130.92739677400004,-12.53288078299994],[130.92724800100007,-12.53295516999998],[130.9271564490001,-12.533063888999948],[130.92711448700004,-12.533226012999933],[130.92708778300005,-12.533390044999976],[130.92700767500003,-12.533571242999926],[130.92698860200005,-12.533716200999947],[130.92702674800012,-12.533878326999968],[130.92711830100006,-12.534011840999938],[130.92725944500012,-12.534147262999966],[130.92737007200003,-12.534227371999975],[130.9275150300001,-12.534217833999946],[130.92765617400005,-12.534280776999935],[130.92764854400002,-12.534471510999936],[130.92758369500007,-12.53466033899997],[130.9274845120001,-12.534822463999944],[130.92739295900003,-12.534940718999962],[130.92726326000002,-12.535034178999979],[130.92711830100006,-12.535179138999979],[130.92695426900002,-12.53529739399994],[130.9268169400001,-12.535362243999941],[130.92666816700012,-12.535371779999934],[130.92643928500001,-12.53538322399993],[130.92624473600006,-12.53538322399993],[130.92611885000008,-12.535530089999952],[130.926027298,-12.535675048999963],[130.92595481800004,-12.535820006999927],[130.92582511900002,-12.535928725999952],[130.92568016000007,-12.535976409999932],[130.92554283200002,-12.535976409999932],[130.92539405800005,-12.535995483999955],[130.9252758020001,-12.536104201999933],[130.925230026,-12.536249160999944],[130.92518425000003,-12.536386489999927],[130.92520713800002,-12.536531447999948],[130.92532539400008,-12.536592482999936],[130.92547416700006,-12.536600112999963],[130.92566490100012,-12.536600112999963],[130.925848007,-12.536605834999932],[130.92593574600005,-12.536731719999977],[130.92603492700005,-12.536830901999963],[130.92618370000002,-12.536830901999963],[130.92633247300012,-12.536848067999927],[130.9264316560001,-12.536964416999979],[130.92646980300003,-12.53709983899995],[130.9265079500001,-12.53724288899997],[130.92661094700009,-12.537361144999977],[130.926721573,-12.537467955999944],[130.92688560500005,-12.537467955999944],[130.92701530400007,-12.537448882999968],[130.92714500500006,-12.53734779299998],[130.92716407700004,-12.537275313999942],[130.92719078100004,-12.537193297999977],[130.92729759300005,-12.53707504199997],[130.92744636600003,-12.536975860999974],[130.92746925300003,-12.53682136499998],[130.92746925300003,-12.536676406999959],[130.92753410400007,-12.536531447999948],[130.9276714330001,-12.536502837999933],[130.92782783500002,-12.536483763999968],[130.9279193870001,-12.536312103999933],[130.92797279400008,-12.536148071999946],[130.928110123,-12.53602981499995],[130.92839622500003,-12.536027908999927],[130.92855262800003,-12.536035537999965],[130.92868995600008,-12.536062239999978],[130.928827285,-12.536115646999974],[130.92898368800002,-12.536142348999931],[130.9291324610001,-12.536140441999976],[130.92926979100002,-12.536067962999937],[130.9294147500001,-12.536003112999936],[130.92956352300007,-12.535964965999938],[130.92973518300005,-12.535902022999949],[130.92991828900006,-12.535791396999969],[130.9300556180001,-12.535699843999964],[130.93017768900006,-12.535627364999982],[130.93036079400008,-12.53561592099993],[130.93050575200004,-12.53561592099993],[130.93068122900002,-12.535633086999951],[130.9308567050001,-12.535676955999975],[130.9309864050001,-12.535820006999927],[130.93107795800006,-12.535945891999972],[130.93117332400004,-12.536081313999944],[130.9312381750001,-12.536207198999932],[130.9313411710001,-12.536350249999941],[130.93143272400005,-12.536449432999973],[130.93155479400002,-12.536546706999957],[130.93161964400008,-12.536710738999943],[130.93161964400008,-12.536890029999938],[130.93158531200004,-12.537044524999942],[130.931577682,-12.537199019999946],[130.9315967560001,-12.537351607999938],[130.93160820000003,-12.537506103999931],[130.93158912700005,-12.537704467999959],[130.93159294100008,-12.537885665999966],[130.93159294100008,-12.538021087999937],[130.93159294100008,-12.538219451999964],[130.9315967560001,-12.538354873999936],[130.9315967560001,-12.538507461999927],[130.93161583000006,-12.53865432799995],[130.93166160600003,-12.538833617999956],[130.9318027500001,-12.538906096999938],[130.93194007900001,-12.538848876999964],[130.93194770800005,-12.538715362999937],[130.93196678200002,-12.538570403999927],[130.9320087430001,-12.538396834999958],[130.93208122200008,-12.538251875999947],[130.93213462900007,-12.538089751999962],[130.93217277500003,-12.53794479399994],[130.9321880340001,-12.537763595999934],[130.93220710800006,-12.53760147099996],[130.93226051300007,-12.537456511999949],[130.93238639800006,-12.537355422999951],[130.93256187400004,-12.537363051999932],[130.93269157400005,-12.537452696999935],[130.93274879500007,-12.537651061999952],[130.9328060150001,-12.53777694699994],[130.93288993900012,-12.53790283199993],[130.93301963800002,-12.538038253999957],[130.93310356200004,-12.538171767999927],[130.93317604100002,-12.538360594999972],[130.9332141870001,-12.538524626999958],[130.9332180020001,-12.538715362999937],[130.93321037300007,-12.538875579999967],[130.93321037300007,-12.539030074999971],[130.93318367000006,-12.539175032999935],[130.93311119100008,-12.53934669499995],[130.93307685800005,-12.53949165299997],[130.933069229,-12.539655685999946],[130.933198929,-12.539726256999927],[130.93334388800008,-12.539636611999981],[130.93340873700004,-12.539508818999934],[130.93346977200008,-12.539373397999952],[130.933607101,-12.539361953999958],[130.93371009800012,-12.53945159899996],[130.93371391300002,-12.539649962999931],[130.93372154300005,-12.539813994999975],[130.93374061500003,-12.539947508999944],[130.93380546600008,-12.54012870799994],[130.93387413100004,-12.540300368999965],[130.93390083300005,-12.540452956999957],[130.93390464800007,-12.540634154999964],[130.93390464800007,-12.540960311999982],[130.93390464800007,-12.541105270999935],[130.9339084620001,-12.541257858999927],[130.93391609200012,-12.541439056999934],[130.93391990700002,-12.541584014999955],[130.93391990700002,-12.541727065999964],[130.93391990700002,-12.541872023999929],[130.93390464800007,-12.542036055999972],[130.93387794500006,-12.542188643999964],[130.93382453900006,-12.542333602999975],[130.93376731900003,-12.542470931999958],[130.9337329860001,-12.542642592999925],[130.9337329860001,-12.54281425499994],[130.933763504,-12.543003081999927],[130.93380165100007,-12.543148040999938],[130.93390464800007,-12.543283462999966],[130.9339847560001,-12.543443679999939],[130.9341182700001,-12.543516158999978],[130.93427467300012,-12.543514250999976],[130.9343204500001,-12.543369292999955],[130.93428993200007,-12.543226241999946],[130.93423271200004,-12.543081282999935],[130.9341945640001,-12.542945861999954],[130.9341945640001,-12.542638777999969],[130.93420219400002,-12.542476653999927],[130.934198379,-12.542186736999952],[130.93420219400002,-12.542123793999963],[130.93420600900004,-12.54205131499998],[130.93426322900007,-12.541889190999939],[130.93430900600003,-12.54170608499993],[130.93433189400002,-12.541553496999938],[130.93435859700003,-12.541391372999954],[130.9344043740001,-12.541217803999928],[130.93443870500005,-12.54102897699994],[130.93443870500005,-12.540712356999961],[130.93443489100002,-12.540557860999968],[130.9344272610001,-12.540412902999947],[130.9344234460001,-12.54022407499997],[130.9344234460001,-12.540042876999962],[130.9344234460001,-12.53989791899994],[130.93441200300003,-12.539735793999967],[130.93440818800002,-12.539564132999942],[130.93438911500004,-12.53922080999996],[130.93437767000012,-12.539068221999969],[130.93437767000012,-12.53887748699998],[130.93437767000012,-12.538686752999979],[130.93439292900007,-12.538541793999968],[130.9344005590001,-12.538488387999962],[130.93441200300003,-12.53839874299996],[130.9344005590001,-12.538253783999949],[130.93426322900007,-12.538236617999928],[130.93423271200004,-12.538057326999933],[130.93421363800007,-12.537883758999953],[130.93420219400002,-12.537738799999943],[130.93416404700008,-12.537576674999968],[130.9341449740001,-12.537416457999939],[130.93413352900006,-12.537261962999935],[130.9342441560001,-12.537143707999974],[130.9344005590001,-12.53710555999993],[130.93453788800002,-12.53713989299996],[130.93466758700004,-12.537221908999982],[130.93485450800006,-12.537265777999949],[130.93502616800004,-12.537263869999947],[130.93517494200012,-12.537191390999965],[130.93531990000008,-12.537027358999978],[130.9353542330001,-12.536880492999956],[130.93531990000008,-12.536746978999929],[130.93516349800007,-12.536703109999962],[130.93500328100004,-12.536712645999955],[130.93494987400004,-12.536560057999964],[130.93502998300005,-12.536388397999929],[130.93506431600008,-12.536188125999956],[130.93503761300008,-12.536033629999963],[130.93493461600008,-12.535907744999975],[130.9347858430001,-12.535837172999948],[130.93464851300007,-12.53577613799996],[130.93451118400003,-12.535732268999936],[130.93436241100005,-12.535722732999943],[130.93415260300003,-12.535724639999955],[130.93404579100002,-12.535743712999931],[130.933866501,-12.535781860999975],[130.93367576600008,-12.535827636999954],[130.93350791900002,-12.53585624699997],[130.93346214300004,-12.535701751999966],[130.93348884600005,-12.535503386999949],[130.9335765840001,-12.535348891999945],[130.93369483900005,-12.535221099999944],[130.93377113300005,-12.535112380999976],[130.9337596890001,-12.534959792999928],[130.9336032870001,-12.534896849999939],[130.9334011080001,-12.534845351999934],[130.93329048100009,-12.534746169999949],[130.93323326100005,-12.534591673999955],[130.93318367000006,-12.534402846999967],[130.93315696700006,-12.534240722999982],[130.933145523,-12.534076690999939],[130.933145523,-12.533887862999961],[130.9331417080001,-12.533725738999976],[130.9331417080001,-12.533571242999926],[130.9331684110001,-12.53340148899997],[130.93318367000006,-12.533346175999952],[130.9332141870001,-12.533245086999955],[130.93325996400006,-12.533119201999966],[130.9333209990001,-12.532957076999935],[130.93338584900005,-12.532810210999969],[130.9334468840001,-12.53268432699997],[130.93354606600008,-12.532583235999937],[130.93368721000002,-12.532583235999937],[130.93385124200006,-12.532608032999974],[130.93400001500004,-12.532670973999927],[130.93411064100007,-12.532760620999966],[130.93420600900004,-12.532886504999965],[130.9342975620001,-12.533031463999976],[130.93449211100005,-12.533281325999951],[130.93458366400012,-12.533370970999954],[130.93468666100011,-12.533496856999932],[130.9348087310001,-12.533605575999957],[130.93492698700004,-12.53369522099996],[130.93510246200003,-12.533792494999943],[130.9352703090001,-12.533882140999935],[130.9354000090001,-12.533981322999978],[130.935510635,-12.534107208999956],[130.93561363300012,-12.534214018999933],[130.9357128140001,-12.534330367999928],[130.93583488500008,-12.534456252999973],[130.9359188080001,-12.534555434999959],[130.93604087800009,-12.534698485999968],[130.93614006100006,-12.534797668999943],[130.93624305700007,-12.534887313999945],[130.9363803860001,-12.535003661999951],[130.9365100860001,-12.535120010999947],[130.9366130830001,-12.53520965599995],[130.93672370900003,-12.535335540999938],[130.93685340900004,-12.535470961999977],[130.93695640600004,-12.535570144999951],[130.93705940200005,-12.535694122999928],[130.93715858400003,-12.535812377999946],[130.93726158200002,-12.535928725999952],[130.93736457800003,-12.536027908999927],[130.93747520500006,-12.536125182999967],[130.93760490400007,-12.536224365999942],[130.93775367700005,-12.53629493699998],[130.9378910060001,-12.53634834299993],[130.93802833600012,-12.536411284999929],[130.93816948000006,-12.536474227999975],[130.9383335120001,-12.536581038999941],[130.93849372900002,-12.536687850999954],[130.93867683400003,-12.53680419899996],[130.938825607,-12.53688430799997],[130.9390277860001,-12.536981581999953],[130.9391765590001,-12.537054061999982],[130.93934059100002,-12.537097930999948],[130.93952751200004,-12.537132262999933],[130.93967247000012,-12.537158965999936],[130.939828873,-12.537183761999927],[130.94003105100012,-12.537200927999947],[130.94019889800006,-12.537225722999949],[130.94038200400007,-12.537261962999935],[130.94053077700005,-12.537315367999952],[130.94071388200007,-12.537366866999946],[130.94086265600004,-12.537429809999935],[130.94102668800008,-12.537500380999973],[130.94135856700007,-12.53757858299997],[130.94153404200006,-12.537595748999934],[130.9416980740001,-12.53763198799993],[130.94186592100004,-12.537685393999936],[130.94202232400005,-12.53774642999997],[130.94215202300006,-12.53779983499993],[130.94228172300006,-12.537862777999976],[130.9424190520001,-12.53794288599994],[130.9425945280001,-12.538003921999973],[130.94274330100006,-12.538066863999973],[130.9429073330001,-12.53812789899996],[130.94302940300008,-12.538183211999979],[130.9432125090001,-12.538280486999952],[130.9433727270001,-12.538370132999944],[130.9434986110001,-12.538423537999961],[130.94368553200002,-12.538494109999931],[130.9438037870001,-12.538564681999958],[130.9439334870001,-12.53865432799995],[130.944093704,-12.538763046999975],[130.9442386620001,-12.538869857999941],[130.94437980700002,-12.538967131999982],[130.94447898800001,-12.539056777999974],[130.94459343000005,-12.539192198999956],[130.94471168500002,-12.539337157999967],[130.94480323800008,-12.539470672999926],[130.94489860600004,-12.539596557999971],[130.94500160200005,-12.539731979999942],[130.94508552500008,-12.539857863999941],[130.9451694490001,-12.53998374899993],[130.9452419280001,-12.540126799999939],[130.94529914800012,-12.540262222999957],[130.9453754420001,-12.540433883999981],[130.94544029300005,-12.540569304999963],[130.947896957,-12.540588378999928],[130.94785118100003,-12.540426254999943],[130.94780921900008,-12.540298461999953],[130.9477634430001,-12.540163039999982],[130.9478931430001,-12.540100096999936],[130.94803047200003,-12.540117263999946],[130.948232651,-12.540124893999973],[130.94836998000005,-12.540149688999975],[130.94841575600003,-12.540176390999932],[130.94854545600003,-12.540239333999978],[130.948694229,-12.540309905999948],[130.94887733500002,-12.540363311999954],[130.9490261080001,-12.540407180999978],[130.9491748810001,-12.540451049999945],[130.9493312840001,-12.540521620999982],[130.94949531600003,-12.540584563999971],[130.94962501500004,-12.540637969999977],[130.94980049100002,-12.540700912999966],[130.94986534100008,-12.54071807799994],[130.94998359600004,-12.540742873999932],[130.9501514430001,-12.540796279999938],[130.95030021600007,-12.540868758999977],[130.95044517500003,-12.54096603399995],[130.95060539200006,-12.54104614299996],[130.95073127800003,-12.541118621999942],[130.950853348,-12.54118919399997],[130.95321846000002,-12.540205001999936],[130.9531078340001,-12.540105819999951],[130.9530353550001,-12.539943694999977],[130.95306968700004,-12.539791106999928],[130.95316886900002,-12.539690016999941],[130.95329856900003,-12.539581298999963],[130.953397751,-12.53944396999998],[130.95346260000008,-12.539308547999951],[130.9535694120001,-12.53918075599995],[130.9536724090001,-12.539062499999943],[130.95377922000011,-12.538953780999975],[130.95387077300006,-12.538852691999978],[130.95397377100005,-12.538743972999953],[130.9540615080001,-12.538618087999964],[130.95414543100003,-12.538480757999935],[130.9542636870001,-12.538372039999956],[130.9544200900001,-12.538307189999955],[130.95453834500006,-12.538244246999966],[130.95466804500006,-12.538162230999944],[130.9548053750001,-12.538078307999967],[130.9549617770001,-12.53796005299995],[130.95506858800002,-12.537858962999962],[130.9551906590001,-12.53776931699997],[130.9553432460001,-12.537687301999938],[130.95553779600004,-12.537603377999972],[130.9556827550001,-12.537548064999953],[130.95582008300005,-12.537502288999974],[130.95596885700002,-12.537446975999956],[130.95613288900006,-12.537372588999972],[130.95631599500007,-12.537300109999933],[130.95646476800005,-12.537261962999935],[130.956609726,-12.53724288899997],[130.95676612900002,-12.537233352999976],[130.95693397500008,-12.537231444999975],[130.957098007,-12.537168502999975],[130.95726203900006,-12.537057875999949],[130.9573993680001,-12.536993026999937],[130.9575557710001,-12.536918639999953],[130.95770072900007,-12.536819457999968],[130.95781898500002,-12.53675651499998],[130.95800590500005,-12.536672591999945],[130.9581699370001,-12.536600112999963],[130.95826149000004,-12.536571502999948],[130.9583530430001,-12.536542891999943],[130.9585094460001,-12.536542891999943],[130.95873069800007,-12.536540984999931],[130.9588146210001,-12.536540984999931],[130.95897865300003,-12.536539077999976],[130.95914268500007,-12.53651046799996],[130.95931816100006,-12.536481856999956],[130.95945167500008,-12.536455153999952],[130.95952796900008,-12.536443709999958],[130.95973396300008,-12.536407469999972],[130.95990562400004,-12.536369323999963],[130.96021843000005,-12.53623199499998],[130.96039390600004,-12.536186217999955],[130.96050453200007,-12.536167143999933],[130.9605579370001,-12.536155700999927],[130.96068763800008,-12.536155700999927],[130.96090889000004,-12.53612708999998],[130.96111106900003,-12.536115646999974],[130.96130180400007,-12.536106108999945],[130.96145820700008,-12.536106108999945],[130.961671829,-12.53609466499995],[130.9619007110001,-12.536083221999945],[130.9620761870001,-12.536083221999945],[130.9624881740001,-12.536079406999932],[130.96269035300008,-12.536069869999949],[130.96283149700002,-12.536067962999937],[130.96296882700005,-12.536075591999975],[130.9631061560001,-12.536075591999975],[130.96331596400012,-12.536073683999973],[130.96345710700007,-12.53607177799995],[130.96369361900008,-12.536079406999932],[130.96384239200006,-12.53608703599997],[130.9640064240001,-12.536130904999936],[130.96418190000009,-12.536184310999943],[130.96432304400003,-12.536237716999949],[130.96446037300007,-12.536300658999949],[130.96461677600007,-12.536354064999955],[130.96479225100006,-12.53640556399995],[130.96494102500003,-12.536458968999966],[130.96510505600008,-12.536512373999926],[130.96522712700005,-12.536575316999972],[130.96550941500004,-12.536735534999934],[130.96561241200004,-12.53679847799998],[130.9657535560001,-12.536861418999933],[130.96582603500008,-12.536876677999942],[130.96589851400006,-12.536895751999964],[130.96606636100012,-12.53693962099993],[130.96621131900008,-12.536983489999955],[130.9663715370001,-12.537027358999978],[130.96650886600003,-12.537097930999948],[130.96663856500004,-12.53717040999993],[130.96677589400008,-12.537233352999976],[130.96689796500004,-12.53731346199993],[130.96702385000003,-12.537374495999927],[130.96715354900005,-12.537427901999934],[130.9672946930001,-12.537517547999926],[130.9673480990001,-12.537660598999935],[130.96745109500011,-12.53776931699997],[130.967607498,-12.537822723999966],[130.967763901,-12.537847518999968],[130.9679126740001,-12.537893294999947],[130.967966079,-12.53793716399997],[130.96806144700008,-12.538009642999953],[130.96817970300003,-12.538099288999945],[130.968328476,-12.538177489999953],[130.96848487900002,-12.538259505999974],[130.9686794280001,-12.538330077999944],[130.968816757,-12.538373946999968],[130.96892738400004,-12.538436888999968],[130.96897316000002,-12.538463591999971],[130.96908760100007,-12.53854370099998],[130.96921730100007,-12.538642883999955],[130.96932792600012,-12.538713454999936],[130.9694576270001,-12.538812636999978],[130.969587326,-12.538902281999981],[130.96965599100008,-12.538946151999937],[130.96970558100008,-12.53897285499994],[130.96985435400006,-12.53903579699994],[130.96997261100012,-12.53913307199997],[130.97010231000002,-12.539232253999955],[130.9701480870001,-12.539268492999952],[130.97023200900003,-12.53933143599994],[130.97037315400007,-12.539428710999971],[130.97049903900006,-12.539501189999953],[130.9706592560001,-12.539598464999926],[130.9707889560001,-12.539670944999955],[130.9709186550001,-12.539768218999939],[130.97106361300007,-12.53986740099998],[130.97122001600007,-12.539957046999973],[130.97136116000001,-12.540054320999957],[130.97149086000002,-12.54014396599996],[130.9716129300001,-12.540216445999931],[130.97178077700005,-12.540313720999961],[130.97190666200004,-12.540386199999944],[130.97201728800007,-12.540473937999934],[130.97213935800005,-12.540573119999976],[130.97224998500008,-12.540679931999932],[130.9723606110001,-12.540771484999937],[130.97247886700006,-12.540849685999945],[130.972593307,-12.540985107999973],[130.97265815700007,-12.541110991999972],[130.97280311500003,-12.541154860999939],[130.9729709620001,-12.541191100999981],[130.9730548860001,-12.541297912999937],[130.97314643900006,-12.541433333999976],[130.97324943600006,-12.541542052999944],[130.97334098800002,-12.541639327999974],[130.97345161500004,-12.541748046999942],[130.9735622400001,-12.541847228999927],[130.97367668200002,-12.541927336999947],[130.97380638100003,-12.542007445999957],[130.9739246370001,-12.542097091999949],[130.9740543370001,-12.54217719999997],[130.97417640700007,-12.542284011999982],[130.9742870330001,-12.542373656999928],[130.97440528800007,-12.542482375999953],[130.97452735900004,-12.542579650999926],[130.97463035600003,-12.54268836999995],[130.97474479700008,-12.542795180999974],[130.97488594100003,-12.54284858699998],[130.9750270840001,-12.54291152899998],[130.97516441300002,-12.543001174999972],[130.97519874600005,-12.54302215599995],[130.97528388000012,-12.543081119999954],[130.97539512000003,-12.543171119999954],[130.9755178800001,-12.543214949999935],[130.97556612000005,-12.543233039999961],[130.97562372000004,-12.543250679999971],[130.97676204000004,-12.541285079999966],[130.97778516000005,-12.539518739999949],[130.97771208000006,-12.539448],[130.97765988000003,-12.539421089999962],[130.97756520000007,-12.539376989999937],[130.97748512300006,-12.539332747999936],[130.97743488000003,-12.539304989999948],[130.97736549400008,-12.539268492999952],[130.97727775600003,-12.539224624999974],[130.9771671300001,-12.539127349999944],[130.9770641330001,-12.53903579699994],[130.9769535060001,-12.53894805899995],[130.97679710400007,-12.538848876999964],[130.9766750330001,-12.538778304999937],[130.97653770400007,-12.538696288999972],[130.9764461520001,-12.538579940999966],[130.97640037600002,-12.538444518999938],[130.97630500800005,-12.538291930999947],[130.97622108400003,-12.538148879999937],[130.9760837550001,-12.538095473999931],[130.97599983200007,-12.53796768199993],[130.97594261200004,-12.537841796999942],[130.97587013300006,-12.537708281999926],[130.9757747650001,-12.537536620999958],[130.975675582,-12.537384032999967],[130.97566413900006,-12.537311553999928],[130.97566413900006,-12.537212371999942],[130.9756984710001,-12.537086486999954],[130.97570610000002,-12.53693199199995],[130.9755954740001,-12.536968230999946],[130.975473404,-12.537006377999944],[130.97527504000004,-12.536960601999965],[130.97515296900008,-12.536872863999974],[130.97507286000007,-12.53676414499995],[130.97496986400006,-12.536638259999961],[130.97488594100003,-12.536521911999955],[130.9747753140001,-12.536396025999977],[130.9746723180001,-12.536296844999981],[130.97455406200004,-12.536199569999951],[130.97445106500004,-12.536109923999959],[130.9743366240001,-12.536010742999963],[130.97424507100004,-12.53590393099995],[130.974161148,-12.535778045999962],[130.97406959600005,-12.535652159999927],[130.97396659800006,-12.535507201999962],[130.9738750460001,-12.535381316999974],[130.97375297600001,-12.535264968999968],[130.97360420200005,-12.535175323999965],[130.97345924400008,-12.535104751999938],[130.97333717300012,-12.535015105999946],[130.97322654700008,-12.53489875799994],[130.97308540400002,-12.534772872999952],[130.9729747770001,-12.534666061999928],[130.972902298,-12.534547804999931],[130.972799301,-12.534431456999926],[130.972669601,-12.534351348999962],[130.97253227200008,-12.53426170299997],[130.9723834990001,-12.534162520999928],[130.9722538000001,-12.534072875999982],[130.97214317300006,-12.533985137999935],[130.972002029,-12.533912657999963],[130.97186470000008,-12.533859252999946],[130.97174644400002,-12.533788680999976],[130.97165107800004,-12.533679961999951],[130.9710712430001,-12.533332824999945],[130.9707660670001,-12.533334731999958],[130.97062873800007,-12.533317565999937],[130.97047233600006,-12.533283233999953],[130.97034263600005,-12.533220290999964],[130.97018623300005,-12.533149718999937],[130.97005653400004,-12.533113478999951],[130.96992683400003,-12.53303337099993],[130.9697895050001,-12.532943724999939],[130.96967887900007,-12.53288078299994],[130.96956825200004,-12.532819747999952],[130.9694766990001,-12.532773971999973],[130.96933555600003,-12.532703398999956],[130.96928215000003,-12.53266715999996],[130.96920585600003,-12.532613753999954],[130.96911430300008,-12.532487869999954],[130.9689655300001,-12.532417296999938],[130.9687900550001,-12.532373427999971],[130.96865272500008,-12.532320022999954],[130.96851539600004,-12.532247542999926],[130.96836662300007,-12.532176970999956],[130.96822929400003,-12.532096861999946],[130.96809959400002,-12.532016753999926],[130.9679393770001,-12.531946181999956],[130.96782112100004,-12.531864165999934],[130.96771049500012,-12.531784056999982],[130.96756935200006,-12.531684875999929],[130.96697044400003,-12.531473159999962],[130.9668598170001,-12.531393050999952],[130.96674156200004,-12.531293868999967],[130.96659278900006,-12.53123283399998],[130.96632576000002,-12.531126022999956],[130.9661884310001,-12.531118392999929],[130.9660320280001,-12.531118392999929],[130.96589851400006,-12.531101226999965],[130.96578788700003,-12.531057357999941],[130.96574592600007,-12.531030654999938],[130.96563529900004,-12.530931472999953],[130.96551322900007,-12.530860900999926],[130.9653644560001,-12.530807494999976],[130.96520042400005,-12.530746459999932],[130.96501731800004,-12.530710219999946],[130.9648303990001,-12.530702590999965],[130.96465873700004,-12.530704498999967],[130.96449852,-12.530605315999935],[130.96438026400006,-12.530515670999932],[130.96419334400002,-12.530471801999965],[130.9640560150001,-12.530456542999957],[130.96391105600003,-12.530393599999968],[130.96373558000005,-12.530330657999968],[130.9635410310001,-12.530269622999981],[130.96334648200002,-12.530206679999935],[130.963163376,-12.530199050999954],[130.96301460300003,-12.530200957999966],[130.9628505710001,-12.530202865999968],[130.96270179700002,-12.530185699999947],[130.96252632100004,-12.530122756999958],[130.9623622900001,-12.53006172199997],[130.96222114500006,-12.530035018999968],[130.96204948500008,-12.53002738899994],[130.96188163800002,-12.53001975999996],[130.96173667900007,-12.530002593999939],[130.96158027700005,-12.529975890999935],[130.96142005900003,-12.529977798999937],[130.96123695400001,-12.529960632999973],[130.9610996240001,-12.529943465999963],[130.96096229500006,-12.52991676399995],[130.96082496600002,-12.529882430999976],[130.96069526700012,-12.529855727999973],[130.96052742000006,-12.529811859999938],[130.96039772100005,-12.529750823999962],[130.96032524200007,-12.52960586499995],[130.96032142700005,-12.529434204999973],[130.9603290560001,-12.529308318999938],[130.96027183500007,-12.529291152999974],[130.96019554100008,-12.529281616999981],[130.96003913800007,-12.529336928999953],[130.9599475860001,-12.529464721999943],[130.95982933000005,-12.529573439999979],[130.9596614830001,-12.52957534799998],[130.9595050810001,-12.529584884999963],[130.95936393700003,-12.52947807299995],[130.95933723500002,-12.529306411999926],[130.95927238500008,-12.529296874999943],[130.9591732030001,-12.529289245999962],[130.95900535600003,-12.529361724999944],[130.9588680270001,-12.52945327699996],[130.95873451300008,-12.529508590999967],[130.9586048120001,-12.529546737999965],[130.95839118900005,-12.529592513999944],[130.95820808500002,-12.52962112399996],[130.95805168200002,-12.52962303199996],[130.9578876500001,-12.529632567999954],[130.95770454400008,-12.529634474999966],[130.9575290680001,-12.529626846999975],[130.95737266600008,-12.529626846999975],[130.95705986000007,-12.52962875399993],[130.95690345800006,-12.529630660999942],[130.95672798100009,-12.529632567999954],[130.95658683800002,-12.52960586499995],[130.95564079300004,-12.529630660999942],[130.9554958340001,-12.52966880799994],[130.95527458200002,-12.529697417999955],[130.95504570000003,-12.529699325999957],[130.9547519680001,-12.529718398999933],[130.95453834500006,-12.529729842999927],[130.95429801900002,-12.529731750999929],[130.95415306100006,-12.529741286999979],[130.95401573200002,-12.529750823999962],[130.9538784030001,-12.529769896999937],[130.953722,-12.529798506999953],[130.95355415300003,-12.529827117999957],[130.95336341900008,-12.529865264999955],[130.95319557200003,-12.529891967999959],[130.9530582430001,-12.529903411999953],[130.95278358400003,-12.529886245999933],[130.9526462550001,-12.529842376999966],[130.95250511200004,-12.529752730999974],[130.95232200600003,-12.529701232999969],[130.95214653000005,-12.529710768999962],[130.952009201,-12.529720306999934],[130.95189094500006,-12.529811859999938],[130.95170402600002,-12.529823302999944],[130.9515399930001,-12.529823302999944],[130.95137596100005,-12.529825210999945],[130.951238632,-12.529825210999945],[130.9510822300001,-12.529827117999957],[130.9508953090001,-12.52982902499997],[130.95070457500003,-12.529838561999952],[130.95055580200005,-12.529838561999952],[130.950418473,-12.529840469999954],[130.95022392200008,-12.529832839999926],[130.94990348800002,-12.529834746999938],[130.94974708600012,-12.52983665499994],[130.94957923900006,-12.52982902499997],[130.9494876860001,-12.52982902499997],[130.9494342810001,-12.52982902499997],[130.949258804,-12.529813765999961],[130.9491481780001,-12.529714583999976],[130.94907569800012,-12.52959823599997],[130.94905281100012,-12.529434204999973],[130.94898796100006,-12.529335021999941],[130.94880485500005,-12.52924728399995],[130.9487400060001,-12.529266357999973],[130.948667526,-12.52929305999993],[130.94859504700003,-12.529457091999973],[130.9484577180001,-12.529529570999955],[130.94824409400007,-12.529531478999957],[130.94795036300002,-12.529533385999969],[130.94759178200002,-12.52951812699996],[130.9474544530001,-12.52951812699996],[130.9472980500001,-12.52951049799998],[130.94724083000006,-12.529483794999976],[130.94713783300006,-12.529430389999959],[130.94703102100004,-12.529268264999928],[130.9469432830001,-12.529098510999972],[130.94662284900005,-12.529100417999928],[130.94645881600002,-12.529109954999967],[130.94631004300004,-12.529129028999932],[130.9461727140001,-12.529184340999961],[130.94603538500007,-12.52923011799993],[130.94573783900012,-12.529125213999976],[130.94559288100004,-12.529098510999972],[130.94543647800003,-12.529090880999945],[130.94529914800012,-12.529054641999949],[130.9451694490001,-12.528957366999975],[130.9450931550001,-12.528785704999962],[130.94494438200002,-12.528659820999962],[130.94468879700003,-12.528589247999946],[130.94463539100002,-12.528572082999972],[130.94458580000003,-12.528509139999926],[130.94452095100007,-12.528436659999954],[130.9444713590001,-12.528383254999937],[130.94441795300008,-12.528257369999949],[130.94441032400005,-12.528102874999945],[130.94446373000005,-12.527994155999977],[130.94451713600006,-12.527832030999946],[130.94459724500007,-12.527687072999981],[130.94468879700003,-12.527532576999931],[130.94479942300006,-12.527423857999963],[130.94487953200007,-12.52728652999997],[130.94492530800005,-12.527151107999941],[130.94495201100005,-12.526962279999964],[130.94495582600007,-12.526844024999946],[130.9449634550001,-12.526752471999941],[130.94497490000003,-12.526699065999935],[130.94499397200002,-12.526626586999953],[130.9450130460001,-12.526535033999949],[130.94500923100009,-12.526462554999966],[130.94500923100009,-12.526365279999936],[130.94500923100009,-12.526290892999953],[130.94500923100009,-12.526210784999932],[130.9449901580001,-12.526128768999968],[130.94495582600007,-12.52605819699994],[130.94495201100005,-12.526002883999979],[130.9449329370001,-12.52591323799993],[130.94482994100008,-12.52571487399996],[130.9447574620001,-12.525598525999953],[130.94460868900012,-12.525482177999947],[130.94368934700003,-12.525487898999927],[130.94358634900004,-12.525579451999931],[130.94346046500004,-12.52563476599994],[130.94328498800007,-12.525690078999958],[130.94312095600003,-12.525728225999956],[130.94277000400007,-12.525730132999968],[130.94260597200002,-12.525730132999968],[130.94245719900005,-12.52573203999998],[130.94231987000012,-12.52572250399993],[130.94217109700003,-12.525688170999956],[130.94206047000011,-12.52557182299995],[130.9419574740001,-12.525472640999965],[130.9418277740001,-12.525320052999973],[130.94175529400002,-12.525203704999967],[130.9416980740001,-12.525058745999956],[130.94165992800004,-12.524896621999972],[130.94162941000002,-12.524724959999958],[130.94162941000002,-12.524589538999976],[130.94162941000002,-12.524446486999977],[130.9415721900001,-12.52426528899997],[130.94153404200006,-12.524084090999963],[130.94153404200006,-12.523902892999956],[130.94153022700004,-12.523588179999933],[130.94151115500006,-12.52338790899995],[130.9414920810001,-12.523218154999938],[130.9414424890001,-12.523073195999928],[130.94133186300007,-12.522974014999932],[130.9412326810001,-12.522794723999937],[130.9411830900001,-12.522649764999926],[130.9411830900001,-12.522478103999958],[130.94117164600004,-12.522260665999966],[130.94117164600004,-12.522108077999974],[130.94116783100003,-12.52193641599996],[130.9411602020001,-12.521800994999978],[130.9411563870001,-12.521663664999949],[130.9411563870001,-12.521520614999929],[130.94114494300004,-12.521366118999936],[130.9411830900001,-12.521221160999971],[130.94117927600007,-12.521078109999962],[130.94119834900005,-12.520896911999955],[130.94122505200005,-12.520742415999962],[130.94127845800006,-12.520606993999934],[130.94133186300007,-12.52046203599997],[130.94135856700007,-12.520317076999959],[130.94137763900005,-12.520181655999977],[130.94142341600002,-12.520036696999966],[130.94145774800006,-12.519901275999928],[130.94148445100006,-12.519737243999941],[130.9415454860001,-12.519582747999948],[130.94158363400004,-12.519437789999927],[130.94156456000007,-12.519285201999935],[130.94155311600002,-12.519113540999967],[130.94155311600002,-12.51901245099998],[130.94158744900005,-12.518840789999956],[130.94161415100007,-12.518688201999964],[130.94160270700002,-12.518552779999936],[130.94161033600005,-12.51838874799995],[130.9416751860001,-12.518136978999962],[130.94170188900011,-12.517982482999969],[130.94174385000008,-12.517820358999927],[130.94181633000005,-12.517692565999937],[130.941884995,-12.517583846999969],[130.9419269560001,-12.517402648999962],[130.94188881000002,-12.517086028999927],[130.94185829200012,-12.516950606999956],[130.94183921800004,-12.516815185999974],[130.94183921800004,-12.516679763999946],[130.94184684700008,-12.516534805999981],[130.94186210600003,-12.516363143999968],[130.94186210600003,-12.51618194599996],[130.94186210600003,-12.516048431999934],[130.94186210600003,-12.515848159999962],[130.9418773650001,-12.51568603499993],[130.9420299530001,-12.51510620099998],[130.9420833590001,-12.51496124299996],[130.94209098800002,-12.514816283999949],[130.94209098800002,-12.514644622999981],[130.94210624700008,-12.51449966399997],[130.9421329500001,-12.514345168999967],[130.94215202300006,-12.514192580999975],[130.94214820800005,-12.514047622999954],[130.9421596530001,-12.513902664999932],[130.94215583800008,-12.513740538999969],[130.9421634670001,-12.513568878999934],[130.94217109700003,-12.513423918999933],[130.94218254100008,-12.513288497999952],[130.94220542900007,-12.513126372999977],[130.94220542900007,-12.512989043999937],[130.94225120600004,-12.512826919999952],[130.94227790800005,-12.512636183999973],[130.94227790800005,-12.512474059999931],[130.94227409300004,-12.512302397999974],[130.9422626500001,-12.512094497999954],[130.9422626500001,-12.511903762999964],[130.9422626500001,-12.51171493499993],[130.942270279,-12.511569976999965],[130.9422664650001,-12.51140785299998],[130.94225883500008,-12.511217116999944],[130.94225502000006,-12.511074066999981],[130.94224739100002,-12.510902404999968],[130.94222450200004,-12.510711669999978],[130.9422130580001,-12.51051330599995],[130.9422130580001,-12.510351180999976],[130.94225883500008,-12.510196685999972],[130.9422664650001,-12.510051726999961],[130.94227409300004,-12.509860992999961],[130.94228172300006,-12.509725570999933],[130.94228172300006,-12.509572982999941],[130.942270279,-12.50942802399993],[130.94222450200004,-12.509256362999963],[130.94220542900007,-12.509113311999954],[130.94217491200004,-12.508975981999981],[130.94211769100002,-12.508832931999962],[130.94205284100008,-12.508716582999966],[130.94207191500004,-12.508562087999962],[130.9420871740001,-12.508390426999938],[130.94212532000006,-12.508245467999927],[130.942167282,-12.50809097299998],[130.942243576,-12.507919310999966],[130.94224739100002,-12.50773811299996],[130.94222068800002,-12.507602691999978],[130.94211769100002,-12.507505416999948],[130.94201469400002,-12.507505416999948],[130.9419536590001,-12.507505416999948],[130.94184303300005,-12.507406234999962],[130.941831588,-12.507263183999953],[130.94183921800004,-12.507072448999963],[130.94183921800004,-12.506900787999939],[130.94184684700008,-12.506746291999946],[130.94186210600003,-12.50658416799996],[130.941907882,-12.50643920899995],[130.94079399100008,-12.50490188599997],[130.94055366500004,-12.504947662999939],[130.94035911600008,-12.504966734999925],[130.9402065280001,-12.504968642999927],[130.9398479470001,-12.504970549999939],[130.93969154400008,-12.504909514999952],[130.93966102600007,-12.504766464999932],[130.9396419520001,-12.504611968999939],[130.93958473200007,-12.504493713999977],[130.939493179,-12.504367827999943],[130.93939781200004,-12.504261016999976],[130.93932533200007,-12.504125594999948],[130.93924903900006,-12.503946303999953],[130.939184188,-12.503801345999932],[130.93911933900006,-12.503675460999943],[130.93904304500006,-12.503540038999972],[130.93894386300008,-12.503414153999927],[130.93884086600008,-12.503261565999935],[130.93881034800006,-12.50309944199995],[130.93881034800006,-12.502782821999972],[130.93872642500003,-12.502656935999937],[130.9386157990001,-12.502540587999931],[130.9385395050001,-12.502431868999963],[130.93847465500005,-12.502288818999943],[130.938364029,-12.502143859999933],[130.93826866100005,-12.502027511999927],[130.9381504060001,-12.501918792999959],[130.93803596500004,-12.501794814999926],[130.93792533900012,-12.501632689999951],[130.93786048900006,-12.501506804999963],[130.93777656600003,-12.501361846999941],[130.93773079000005,-12.501180648999934],[130.9377155310001,-12.500984191999976],[130.93770790100007,-12.500892638999971],[130.93768119800006,-12.500757217999933],[130.93757820200005,-12.500621795999962],[130.93749427800003,-12.500595092999959],[130.93742942900008,-12.500577926999938],[130.9373035430001,-12.500526427999944],[130.93726539600004,-12.500352859999964],[130.93726158200002,-12.500289916999975],[130.93726158200002,-12.500190734999933],[130.93723487800003,-12.500038146999941],[130.9371242530001,-12.499919890999934],[130.93698310800005,-12.499795912999957],[130.93683433500007,-12.49967765799994],[130.9367351530001,-12.499589919999949],[130.93662452700005,-12.499500274999946],[130.9364833830001,-12.499410628999954],[130.9363803860001,-12.499294280999948],[130.936281204,-12.499149321999937],[130.93618583700004,-12.499032973999931],[130.9360485080001,-12.498943328999928],[130.9359188080001,-12.498826979999933],[130.93580818200007,-12.498701095999934],[130.9356861120001,-12.49853897099996],[130.93556785600003,-12.498413085999971],[130.93544578600006,-12.498296737999965],[130.93530845700002,-12.498163222999949],[130.93521308900006,-12.498044967999931],[130.93511390700007,-12.497911452999972],[130.9350185390001,-12.497793197999954],[130.9348888400001,-12.49769592299998],[130.93477058400003,-12.497596740999938],[130.93464851300007,-12.497489928999926],[130.93449211100005,-12.497364043999937],[130.93437004100008,-12.497274398999934],[130.93424034100008,-12.497165679999966],[130.934122085,-12.497077941999976],[130.93398094200006,-12.496969222999951],[130.93387794500006,-12.496871947999978],[130.93378639200012,-12.496746062999932],[130.93372154300005,-12.496610640999961],[130.93370246900008,-12.49646568299994],[130.93367576600008,-12.496313094999948],[130.9335803990001,-12.49618720999996],[130.93346977200008,-12.496114730999977],[130.93335914600004,-12.495988845999932],[130.93324852,-12.49584579499998],[130.933145523,-12.495737075999955],[130.9330425270001,-12.495611190999966],[130.93292427000006,-12.495523452999976],[130.93279457100004,-12.495431899999971],[130.9327030180001,-12.495306014999926],[130.93260765000002,-12.495117187999938],[130.93254280100007,-12.494981765999967],[130.932504654,-12.494821547999948],[130.93249321000008,-12.494667053999933],[130.93240928600005,-12.494531630999973],[130.93229866000001,-12.494422912999937],[130.93220329300004,-12.494289398999967],[130.93214988700004,-12.49415397599995],[130.93209266600002,-12.494009017999929],[130.93201637200002,-12.493829726999934],[130.93195152300007,-12.493650436999928],[130.931886673,-12.49347686699997],[130.93174934400008,-12.493360518999964],[130.93158912700005,-12.493299483999976],[130.931451798,-12.49320030299998],[130.93136024500006,-12.49303817699996],[130.931295395,-12.49291229299996],[130.93122673100004,-12.492769240999962],[130.93118095400007,-12.492607116999977],[130.93114280700001,-12.492469787999937],[130.93113136300008,-12.49228095999996],[130.93113136300008,-12.492109298999935],[130.93111991900003,-12.49194717399996],[130.93100166400006,-12.491830825999955],[130.9308528900001,-12.491748809999933],[130.93074226400006,-12.491624831999957],[130.93063926700006,-12.491489410999975],[130.93055534400003,-12.49137306199998],[130.93045234700003,-12.491247176999934],[130.93036079400008,-12.491111755999952],[130.93030357400005,-12.490985869999975],[130.93029594400002,-12.490840911999953],[130.930292129,-12.490669250999929],[130.930292129,-12.490524291999975],[130.930292129,-12.490381240999966],[130.93026924100002,-12.490236282999945],[130.93025016800004,-12.490074156999981],[130.93023109500007,-12.48986625699996],[130.93023109500007,-12.489702224999974],[130.9301853180001,-12.489559172999975],[130.93007087700005,-12.48945045399995],[130.93002510100007,-12.489315032999968],[130.93000984200012,-12.48917198199996],[130.93002128600006,-12.48897170999993],[130.93002128600006,-12.488763808999977],[130.92999076800004,-12.488592147999952],[130.92993736300002,-12.488466262999964],[130.92982292200008,-12.488286971999969],[130.9297504420001,-12.488178253999934],[130.92969322200008,-12.48801612799997],[130.92966651900008,-12.487854003999928],[130.92965507500003,-12.487682341999971],[130.92965126,-12.48749160799997],[130.92965126,-12.487022399999944],[130.9296474460001,-12.486841201999937],[130.9296207430001,-12.486698149999938],[130.92960929900005,-12.48654365599998],[130.92960929900005,-12.48639869699997],[130.9296169280001,-12.486209869999982],[130.92961311300007,-12.485929488999943],[130.9274120330001,-12.484136581999962],[130.92741142600005,-12.484136088999946],[130.92755739400002,-12.483990584999958],[130.9279766400001,-12.483572669999944],[130.92928488000007,-12.482193869999946],[130.93068240000002,-12.480682049999928],[130.93225812000003,-12.47896277999996],[130.93350624000004,-12.47756966999998],[130.93427916000007,-12.476710169999933],[130.93451892000007,-12.476392019999935],[130.9347082800001,-12.47597081999993],[130.93498044000012,-12.47534810999997],[130.93515216000003,-12.475079369999946],[130.93553592,-12.474809009999944],[130.93595712,-12.47465141999993],[130.93629912000006,-12.474481409999953],[130.9366116000001,-12.474187919999963],[130.93673760000001,-12.47376257999997],[130.93677360000004,-12.473264699999959],[130.93678080000007,-12.472699949999935],[130.9367635200001,-12.471900569999946],[130.93673724000007,-12.471414299999935],[130.93673292100004,-12.471213509999927],[130.9367606400001,-12.471148979999953],[130.93678836000004,-12.471084539999936],[130.93687836000004,-12.471014699999955],[130.9369885200001,-12.470954579999955],[130.9371346800001,-12.470882309999979],[130.937259067,-12.470819444999961],[130.937301,-12.470798159999958],[130.93745940000008,-12.470711939999944],[130.93753536000008,-12.470612579999965],[130.93759836000004,-12.470457869999962],[130.93763148000005,-12.470309369999939],[130.93762248000007,-12.470218289999934],[130.93746912000006,-12.469869629999948],[130.93759980000004,-12.469632299999944],[130.9376746800001,-12.469646789999956],[130.93774344000008,-12.469634189999965],[130.93781688,-12.469601159999968],[130.93796340000006,-12.469535009999959],[130.9380368400001,-12.469501979999961],[130.93811028000005,-12.469468949999964],[130.9381851600001,-12.469428629999982],[130.9382604000001,-12.469388309999943],[130.9383356400001,-12.46934798999996],[130.93841052000005,-12.469307759999936],[130.93848576000005,-12.469267439999953],[130.93849365000005,-12.469259594999926],[130.9385325600001,-12.469220909999933],[130.93855452200012,-12.469154489999937],[130.93855884000004,-12.469076909999956],[130.93855380000002,-12.46899689999998],[130.938547684,-12.468923549999943],[130.93851816000006,-12.46880393999993],[130.93846164,-12.468684329999974],[130.93840188000001,-12.468564899999933],[130.93836264000004,-12.468446189999952],[130.93836264300012,-12.46844610599993],[130.93836840000006,-12.468328199999974],[130.9384360800001,-12.46814072999996],[130.9385170800001,-12.467956499999957],[130.93853148000005,-12.467929499999968],[130.938651,-12.467981969999926],[130.939515776,-12.46767485099997],[130.940272,-12.467066],[130.941854,-12.465668],[130.9422,-12.465266],[130.94249,-12.464832],[130.942737,-12.464366],[130.9438490000001,-12.461798],[130.943921,-12.461593],[130.94416400000011,-12.460666],[130.94425300000012,-12.460484],[130.9443440020001,-12.460442002999969],[130.94408934500007,-12.460330968999926],[130.94386139900007,-12.460157686999935],[130.94371551300003,-12.459920564999948],[130.94336903600004,-12.459045036999953],[130.94387507600004,-12.45884439599996],[130.94470479900008,-12.45838839199996],[130.94547604900004,-12.457738740999957],[130.94572235500004,-12.457439971999975],[130.94590430900007,-12.45709338599994],[130.94599222300008,-12.456908410999972],[130.9462386450001,-12.456226325999978],[130.94632,-12.455904],[130.946411,-12.455418],[130.946437,-12.454845],[130.946432,-12.454232],[130.94640899900003,-12.453710000999934],[130.94627999800002,-12.45308199699997],[130.9458029980001,-12.451551996999967],[130.94544500200004,-12.450129003999962],[130.944307,-12.44523600399998],[130.94427899800007,-12.44487800099995],[130.94428309600005,-12.444855365999956],[130.9443440020001,-12.444519003999972],[130.9444840000001,-12.444122997999955],[130.944728,-12.443454],[130.945328,-12.441779],[130.950093,-12.443513],[130.950747,-12.443791],[130.95143,-12.444116],[130.9524540000001,-12.444667],[130.952771,-12.44413],[130.95307800000012,-12.443483],[130.95325,-12.442897],[130.953313,-12.442312],[130.953319,-12.441975],[130.95328,-12.432662],[130.953273,-12.4325],[130.953255,-12.432088],[130.953186,-12.431547],[130.9530380000001,-12.431114],[130.95277237100004,-12.430584059999944],[130.9528394900001,-12.43051909299993],[130.9529833590001,-12.430327482999928],[130.95310897900004,-12.43012419799993],[130.9531732580001,-12.429949133999969],[130.95319062600004,-12.429842859999951],[130.95316328100012,-12.429148605999956],[130.95314904500003,-12.42531112599994],[130.95318561300007,-12.42403643299997],[130.95315471000004,-12.42383726099996],[130.953063035,-12.423651007999979],[130.9531258300001,-12.423271433999957],[130.95312400000012,-12.416852998999957],[130.95312599800002,-12.414129998999954],[130.953083998,-12.406838995999976],[130.9530839030001,-12.406765991999976],[130.95314575300006,-12.40676532699996],[130.95316501000002,-12.406765119999932],[130.953164936,-12.406726244999959],[130.95316223400005,-12.40530062099998],[130.9531618090001,-12.405076491999978],[130.95315654,-12.402296629999967],[130.9531335700001,-12.394757119999952],[130.9529876680001,-12.346867244999942],[130.95298957900002,-12.34686660799997],[130.95325279200006,-12.346776961999979],[130.95351219200006,-12.34686660799997],[130.9537525180001,-12.347036361999926],[130.95404625000003,-12.347024916999942],[130.95440483100003,-12.346996306999927],[130.95469856300008,-12.34694671699998],[130.95506477300012,-12.346927642999958],[130.95537757900001,-12.34690666199998],[130.95563316400012,-12.346822738999947],[130.9558086390001,-12.34664154099994],[130.95613288900006,-12.346719741999948],[130.9563236240001,-12.346492767999962],[130.95651435900004,-12.346321105999948],[130.95674324000004,-12.346118926999964],[130.95699882500003,-12.345991134999963],[130.9573001870001,-12.345880507999937],[130.95749473600006,-12.345689773999936],[130.95770454400008,-12.345499037999957],[130.95813560500005,-12.345451354999966],[130.9583263400001,-12.345314025999926],[130.9585857400001,-12.345256804999963],[130.95874977100004,-12.345075606999956],[130.9588947300001,-12.344884871999966],[130.9591236110001,-12.344718932999967],[130.95933342,-12.344591139999977],[130.9596347810001,-12.34447288499996],[130.95986366300008,-12.344333647999974],[130.96008491500004,-12.344215392999956],[130.96035957300012,-12.344150543999945],[130.9608936310001,-12.344127654999966],[130.96119499200006,-12.344224929999939],[130.96159935000003,-12.344223022999927],[130.9618968970001,-12.344211578999932],[130.96219062800003,-12.344173430999945],[130.96242714000005,-12.34409904499995],[130.9626941680001,-12.344024657999967],[130.96291160500004,-12.34392356899997],[130.96319770900004,-12.343769073999965],[130.96339988700004,-12.343631744999982],[130.9636440280001,-12.34348487899996],[130.963857651,-12.343366622999952],[130.96404075600003,-12.343219756999929],[130.96422004700003,-12.343074798999965],[130.9645977020001,-12.34305381799993],[130.96530342100004,-12.342973708999978],[130.96573448200002,-12.342836379999937],[130.9660854340001,-12.342662810999968],[130.9663677220001,-12.342508315999964],[130.96679878200007,-12.34250450099995],[130.96717643700003,-12.342466353999953],[130.96745109500011,-12.342391967999959],[130.96780204800007,-12.342334747999928],[130.96813011100005,-12.342386245999933],[130.96826362600007,-12.342620849999946],[130.96849250800005,-12.342836379999937],[130.96877098100003,-12.342897414999982],[130.96907615700002,-12.343011855999976],[130.96921348600006,-12.343210220999936],[130.96933555600003,-12.343418120999956],[130.96946525600003,-12.343614577999972],[130.96954155000003,-12.343858718999968],[130.96967125000003,-12.344074249999949],[130.96977043200002,-12.34408187899993],[130.9697628020001,-12.343774794999945],[130.96997261100012,-12.34362030099993],[130.9702472680001,-12.343734740999935],[130.97057151800004,-12.343814849999944],[130.9707889560001,-12.343854903999954],[130.97109031700006,-12.343778609999958],[130.97141456600002,-12.34363555899995],[130.97160530100007,-12.343481063999945],[130.97197532600012,-12.343442916999948],[130.97224998500008,-12.343496322999954],[130.97257041900002,-12.343446730999972],[130.97288322400004,-12.343391418999943],[130.97315025300009,-12.343235015999937],[130.97329521200004,-12.34305381799993],[130.9734668740001,-12.342817306999962],[130.9737224580001,-12.342742919999978],[130.97399330200005,-12.342941284999938],[130.9740543370001,-12.342733382999938],[130.97427558900006,-12.342603683999926],[130.97451210000008,-12.342502593999939],[130.9748516080001,-12.342437743999938],[130.9751834870001,-12.342397688999938],[130.97546196000008,-12.34257698099998],[130.97565651000002,-12.342756271999974],[130.9757213590001,-12.34283828699995],[130.97576713500007,-12.342864990999942],[130.97582054100008,-12.342876433999947],[130.975885392,-12.342882155999973],[130.97594261200004,-12.342887877999942],[130.97601509100002,-12.342891692999956],[130.97606849600004,-12.342889785999944],[130.976114273,-12.342853545999958],[130.976140976,-12.342781066999976],[130.9762096400001,-12.342716216999975],[130.97630500800005,-12.342508315999964],[130.97642326400012,-12.342308043999935],[130.97647666900002,-12.34208106999995],[130.97655677800003,-12.341846465999936],[130.97672081000007,-12.341665267999929],[130.97691535900003,-12.341464995999956],[130.9772167210001,-12.341344832999937],[130.97751045200005,-12.341234206999957],[130.9777050020001,-12.341386794999949],[130.97760582,-12.341567992999956],[130.97760582,-12.341848373999937],[130.97750663700003,-12.342082976999961],[130.97751808200007,-12.34219169599993],[130.97774314900005,-12.34193801899994],[130.97771644600004,-12.341657637999958],[130.97791481000002,-12.341510772999982],[130.97809791500003,-12.341356276999932],[130.97833824100007,-12.341199874999973],[130.97863960200004,-12.341161727999975],[130.9789333340001,-12.341205596999941],[130.97930336000002,-12.341201782999974],[130.97961235000002,-12.34116363499993],[130.9799633030001,-12.341089248999936],[130.98025703500002,-12.34107780499994],[130.98057746900008,-12.341131209999958]]]}},{"type":"Feature","properties":{"CUSTODIAN":"NTPFES - Northern Territory Fire and Rescue Service","BND_TYPE":"Emergency Response Area","SHORT_NAME":"Tennant Creek","GAZ_NAME":"Tennant Creek Emergency Response Area","GAZ_NO":"G37","GAZ_DATE":"1993-09-01T00:00:00","NOTES":"<Null>","SHAPE_Leng":0.406873199112,"SHAPE_Area":0.0100024708131},"geometry":{"type":"Polygon","coordinates":[[[134.14713799800006,-19.588481816999945],[134.14745575400002,-19.588157354999964],[134.2444574100001,-19.618803095999965],[134.2817173960001,-19.670918121999932],[134.24225243800004,-19.70382265799998],[134.15466888800006,-19.688127407999957],[134.15261697100004,-19.652617729999974],[134.15260420700008,-19.614855206999948],[134.14713799800006,-19.588481816999945]]]}},{"type":"Feature","properties":{"CUSTODIAN":"NTPFES - Northern Territory Fire and Rescue Service","BND_TYPE":"Emergency Response Area","SHORT_NAME":"Yirrkala","GAZ_NAME":"Yirrkala Emergency Response Area","GAZ_NO":"G14","GAZ_DATE":"1994-04-06T00:00:00","NOTES":"<Null>","SHAPE_Leng":0.20572479517,"SHAPE_Area":0.00180643034604},"geometry":{"type":"Polygon","coordinates":[[[136.8814529000001,-12.235555949999934],[136.88198810000006,-12.240058],[136.88272110000003,-12.242162],[136.8837271100001,-12.243514],[136.8840021000001,-12.244546],[136.88506468000003,-12.246255319999932],[136.8854451200001,-12.246650239999951],[136.88594104000003,-12.24709379999996],[136.88638072000003,-12.247460819999958],[136.8866915200001,-12.247678509999957],[136.88736833000007,-12.248113229999944],[136.8880043900001,-12.248528249999936],[136.88832365000007,-12.24868422999998],[136.88860635000003,-12.248802049999938],[136.88897957000006,-12.248891309999976],[136.88937265000004,-12.248945909999975],[136.8898224500001,-12.248989459999962],[136.88996895000002,-12.249029479999933],[136.89026976000002,-12.248837839999965],[136.89026403000003,-12.248806959999968],[136.89026472000012,-12.248787429999936],[136.8902704200001,-12.248749789999977],[136.89028328000006,-12.248722589999943],[136.89029276000008,-12.248698569999931],[136.89030988000002,-12.248663109999939],[136.89031923000005,-12.24863511999996],[136.8903236000001,-12.24860272999996],[136.89032549,-12.248584369999946],[136.8903323500001,-12.248566509999932],[136.8903369100001,-12.248561509999945],[136.89035919000003,-12.24855421999996],[136.89039659000002,-12.248554049999939],[136.89041855000005,-12.24856718999996],[136.89045181000006,-12.248578529999975],[136.89047030000006,-12.248580929999946],[136.89048233000005,-12.248592869999982],[136.89049870000008,-12.24860676999998],[136.8905296800001,-12.248621739999976],[136.8905686700001,-12.248650569999938],[136.8906021900001,-12.248672399999975],[136.89065788000005,-12.248698949999948],[136.89072691,-12.248725859999979],[136.89080604000003,-12.248752429999968],[136.89089920000004,-12.248774389999937],[136.89099879000003,-12.248782379999966],[136.89108284000008,-12.248789749999958],[136.8911307400001,-12.248805329999982],[136.8911579700001,-12.24880965999995],[136.89120274000004,-12.24879913999996],[136.8912413600001,-12.24878820999993],[136.8912919400001,-12.248780359999955],[136.89131263000002,-12.24878210999998],[136.89135762,-12.248776379999981],[136.89140754000005,-12.248766089999947],[136.89147406000006,-12.24875008999993],[136.89153008000005,-12.248731899999939],[136.8915970800001,-12.248706399999946],[136.89164069000003,-12.248688649999963],[136.89168583000003,-12.24866456999996],[136.8917237700001,-12.248637279999969],[136.8917550100001,-12.248610489999976],[136.8917833800001,-12.248567179999952],[136.8917792200001,-12.24855066999993],[136.89176254000006,-12.248532259999934],[136.89176298000007,-12.248516799999948],[136.89174644000002,-12.248503709999966],[136.89173311000002,-12.248490339999933],[136.8917161600001,-12.248478649999981],[136.8917036900001,-12.248451169999953],[136.89170034000006,-12.248432299999934],[136.89168186000006,-12.248405489999982],[136.8916821800001,-12.248387589999936],[136.89169375000006,-12.248360489999982],[136.89169039,-12.248340169999949],[136.8916916500001,-12.24832127999997],[136.89168827000003,-12.248298599999941],[136.89170390000004,-12.248274099999946],[136.89173820000008,-12.248250809999945],[136.89176177000002,-12.248244959999965],[136.89177081000003,-12.248249139999928],[136.89176429000008,-12.248225869999942],[136.89177160000008,-12.248218129999941],[136.89179032000004,-12.248214839999946],[136.89181544000007,-12.248218469999927],[136.891828,-12.248227059999977],[136.89183818000004,-12.248238919999949],[136.89184835000003,-12.248258819999933],[136.89185554000005,-12.24824837999995],[136.8918908600001,-12.24822697999997],[136.89189840000006,-12.248215099999982],[136.89190874000008,-12.248208149999982],[136.89192489000004,-12.248204599999951],[136.89196056000003,-12.248206889999949],[136.89197501,-12.248210129999961],[136.89197809000007,-12.248202969999966],[136.89197517000002,-12.248180669999954],[136.89198392000003,-12.248170569999957],[136.89199066000003,-12.248174779999943],[136.89200413000003,-12.248195919999944],[136.89202094000007,-12.24823250999998],[136.89204538,-12.24823215999993],[136.8920740100001,-12.248227799999938],[136.89212183000006,-12.248231089999933],[136.8921416500001,-12.248239179999928],[136.89216879000003,-12.248243059999936],[136.8921831,-12.24825162999997],[136.8921926600001,-12.248278149999976],[136.89220033000004,-12.248284509999962],[136.89221321000002,-12.248285769999939],[136.89222498000004,-12.248300699999959],[136.89222902000006,-12.248298959999943],[136.8922372500001,-12.248280369999975],[136.89222325000003,-12.248250819999953],[136.8922203200001,-12.248239629999944],[136.8922279300001,-12.248223399999972],[136.8922323600001,-12.248199289999945],[136.89224320000005,-12.248172549999936],[136.8922504300001,-12.248146229999975],[136.89226279000002,-12.24812314999997],[136.892307,-12.248112269999979],[136.89232820000007,-12.248106879999966],[136.8923633500001,-12.24811350999994],[136.8923899,-12.24812561999994],[136.8924199800001,-12.248145049999948],[136.89246916000002,-12.248143959999936],[136.89249346000008,-12.248123369999973],[136.89252082000007,-12.248106819999975],[136.8925522300001,-12.248103799999967],[136.89261480000005,-12.248089809999954],[136.8926547200001,-12.248093509999933],[136.89268146000006,-12.248093779999977],[136.89272199000004,-12.248093409999967],[136.8927376900001,-12.248118069999975],[136.89276382000003,-12.248121319999939],[136.8927895600001,-12.248135609999963],[136.89279785000008,-12.248151549999932],[136.89281138,-12.248154889999967],[136.89279202000012,-12.248120129999961],[136.89277458000004,-12.248097209999969],[136.8927682100001,-12.248080709999954],[136.89277390000007,-12.24806566999996],[136.89280010000004,-12.24805454999995],[136.8928476100001,-12.248041389999969],[136.8928917600001,-12.248033489999955],[136.89293266000004,-12.248021819999963],[136.89297913000007,-12.248003239999946],[136.89301295000007,-12.247994179999978],[136.89305050000007,-12.247974129999932],[136.89310166000007,-12.247944579999967],[136.89318088000005,-12.247905539999977],[136.89321746000007,-12.247869489999971],[136.89325996000002,-12.24783556999995],[136.89329691000012,-12.247809729999972],[136.89343559000008,-12.24763170999995],[136.89349372000004,-12.247610889999976],[136.89352711000004,-12.247616799999946],[136.89354979000007,-12.247637689999976],[136.89360284000009,-12.247654869999963],[136.89370099000007,-12.247718729999974],[136.8938188400001,-12.247762029999933],[136.89390428000002,-12.24773233999997],[136.89392951000002,-12.24772663999994],[136.89400465000006,-12.247733809999943],[136.89409164000006,-12.247715759999949],[136.8941322400001,-12.247712669999942],[136.89415310000004,-12.247700149999957],[136.89418984000008,-12.247652939999966],[136.89424930000007,-12.247518809999974],[136.89427688000012,-12.247492679999937],[136.89428282000006,-12.247476819999974],[136.89430211,-12.247460589999946],[136.89431561000004,-12.247465259999956],[136.8943573900001,-12.247440019999942],[136.89438083000005,-12.247440849999975],[136.89441146000001,-12.247419759999957],[136.89443202000007,-12.247415729999943],[136.8944826500001,-12.247388359999945],[136.8945333800001,-12.247375989999966],[136.89455871000007,-12.247384759999932],[136.89455569000006,-12.247398699999962],[136.89456109000002,-12.247407879999969],[136.8946093200001,-12.247393809999949],[136.89468109000006,-12.247393229999943],[136.89472201,-12.247395659999938],[136.89474559000007,-12.247391149999942],[136.8947615500001,-12.247398909999959],[136.89476875000003,-12.247416749999957],[136.89481203000003,-12.247428119999938],[136.8948258700001,-12.247449169999982],[136.8948361900001,-12.247491219999972],[136.8948535300001,-12.24750094999996],[136.89485663000005,-12.247509879999939],[136.89485409000008,-12.247515049999947],[136.8948666000001,-12.247528969999962],[136.89489391000006,-12.247544239999968],[136.89493175000007,-12.247566849999941],[136.89495911000006,-12.247589249999976],[136.89505240000005,-12.247602619999952],[136.89507173000004,-12.247608089999972],[136.8951450500001,-12.247605689999943],[136.89519761000008,-12.247617439999942],[136.89521864000005,-12.247628319999933],[136.89526239000008,-12.247615089999954],[136.8953086900001,-12.247626159999982],[136.89535046000003,-12.247645299999931],[136.89537014000007,-12.247660439999947],[136.89539825000008,-12.247671909999951],[136.89542141000004,-12.24768421999994],[136.89548136000008,-12.247701709999944],[136.8955219600001,-12.24771217999995],[136.89557621000006,-12.247728979999977],[136.89560553,-12.247729769999978],[136.8956831600001,-12.247751739999956],[136.8957632700001,-12.247772699999928],[136.8957886500001,-12.247774969999966],[136.8958404000001,-12.247789429999955],[136.89587512000003,-12.247787479999943],[136.8959104700001,-12.24778243999998],[136.8959485900001,-12.247779739999942],[136.89599807000002,-12.247772889999965],[136.8960499000001,-12.247775099999956],[136.89611776000004,-12.247754459999953],[136.89614040000004,-12.247758019999935],[136.89617433,-12.24777260999997],[136.89619989000005,-12.247773969999969],[136.89623846000006,-12.247770359999947],[136.89626843000008,-12.24777150999995],[136.89635031000012,-12.247746449999966],[136.89638230000003,-12.247746589999963],[136.89643280000007,-12.247727619999978],[136.89647145000004,-12.247723829999927],[136.89688404000003,-12.247664029999953],[136.89825311000004,-12.247916],[136.89979512000002,-12.2478],[136.9005731200001,-12.248002],[136.90216012000008,-12.247454],[136.9025571200001,-12.247559],[136.90283212000008,-12.248313],[136.9025571100001,-12.248805],[136.9022371200001,-12.249029],[136.90135111000006,-12.248867],[136.90069511000002,-12.249845],[136.90081711000005,-12.252289],[136.90115312000012,-12.253202],[136.90176311000005,-12.253633],[136.90100111000004,-12.254238],[136.90112211000007,-12.255597],[136.90240412000003,-12.256779],[136.9025994000001,-12.257189909999965],[136.90273890000003,-12.257485939999981],[136.90246389000004,-12.25878494999995],[136.90286090000006,-12.259974949999958],[136.9027538900001,-12.26073993999995],[136.9022659000001,-12.261112939999975],[136.9017169000001,-12.262203949999957],[136.90156390000004,-12.26356194999994],[136.90073990000008,-12.26497594999995],[136.90067890000012,-12.270024949999936],[136.90084690000003,-12.27034193999998],[136.90133589000004,-12.270238939999956],[136.9014409,-12.270611949999932],[136.90035889000012,-12.27192494999997],[136.90048090000005,-12.273337949999927],[136.89999190000003,-12.27436494999995],[136.90043490000005,-12.274746949999951],[136.89999290000003,-12.275727939999967],[136.90112090000002,-12.278805949999935],[136.9032416120001,-12.28161124899998],[136.86472948000005,-12.264437745999942],[136.8491058520001,-12.264543747999937],[136.84906411300005,-12.258578481999962],[136.84223573300005,-12.254647293999938],[136.8420895280001,-12.233587568999951],[136.87963992000005,-12.233332756999971],[136.8807484240001,-12.233325234999938],[136.8814529000001,-12.235555949999934]]]}},{"type":"Feature","properties":{"CUSTODIAN":"NTPFES - Northern Territory Fire and Rescue Service","BND_TYPE":"Emergency Response Area","SHORT_NAME":"Alice Springs","GAZ_NAME":"Alice Springs Emergency Response Area","GAZ_NO":"G18","GAZ_DATE":"1978-05-05T00:00:00","NOTES":"<Null>","SHAPE_Leng":0.765496853756,"SHAPE_Area":0.023582226741},"geometry":{"type":"Polygon","coordinates":[[[133.86328424600003,-23.63051810899998],[133.864263197,-23.630518336999955],[133.8654822300001,-23.630518619999975],[133.86607564000008,-23.630510709999953],[133.86730078000005,-23.63051097999994],[133.86740907,-23.630511009999964],[133.86808601000007,-23.630520539999964],[133.86917532000007,-23.630520239999953],[133.8697441600001,-23.630520359999934],[133.87488057000007,-23.630521359999932],[133.8777358200001,-23.630519909999975],[133.88319685600004,-23.630511594999973],[133.8835678700001,-23.63051102999998],[133.90692761000003,-23.630509349999954],[133.91949782000006,-23.630507639999962],[133.91950335,-23.648952209999948],[133.9195081900001,-23.664808119999975],[133.92285906000006,-23.66481093999994],[133.92908346000002,-23.66481523999994],[133.93860469800006,-23.664821659999973],[133.94041371000003,-23.664822879999974],[133.94041714000002,-23.685059129999956],[133.94041757000002,-23.692837209999936],[133.94041761000005,-23.693741349999982],[133.9404176500001,-23.694354449999935],[133.9404180260001,-23.696254748999934],[133.9404182070001,-23.69716846199998],[133.94041874000004,-23.699857409999936],[133.9404192500001,-23.71072510999994],[133.9404208100001,-23.72388682999997],[133.9404583600001,-23.734151159999954],[133.94045711,-23.734968299999935],[133.9404526400001,-23.737883219999958],[133.94042352000008,-23.74217778999997],[133.94042357,-23.742279519999954],[133.94042324400004,-23.744909932999974],[133.94042316000002,-23.745588114999975],[133.9404231100001,-23.74599386999995],[133.94042309000008,-23.746281029999977],[133.94042346000003,-23.746658],[133.940423,-23.746900769999968],[133.94042366000008,-23.751363439999977],[133.9404236900001,-23.75341900999996],[133.94042434000005,-23.755702989999975],[133.94042514600005,-23.766289420999954],[133.94042517800005,-23.766717712999935],[133.94042624000008,-23.780669529999955],[133.94042792000005,-23.78100704999997],[133.93577802000004,-23.78100576999998],[133.92087127000002,-23.78102511999998],[133.92087199000002,-23.781187779999982],[133.92051266700003,-23.781187883999962],[133.92022709000003,-23.781187966999937],[133.9036422690001,-23.781192783999927],[133.90330915100003,-23.78119288099998],[133.8974232500001,-23.781194589999927],[133.8972279200001,-23.78119806999996],[133.87832483600005,-23.781198236999955],[133.87789794100001,-23.78119824099997],[133.8768455400001,-23.78119824999993],[133.87646339000003,-23.78123204999997],[133.8761072310001,-23.781231184999967],[133.87607083900002,-23.781231095999942],[133.86925136000002,-23.781214529999943],[133.85604561000002,-23.780868969999972],[133.85032713100009,-23.78099317699997],[133.84971284000005,-23.78100651999995],[133.82582050300005,-23.781525469999963],[133.80697470000007,-23.78359723999995],[133.80222734000006,-23.783527059999983],[133.80021140000008,-23.783543029999976],[133.79702902000008,-23.780643619999978],[133.79618712,-23.780096989999947],[133.79522004300009,-23.78025200899998],[133.79297525000004,-23.78061287999998],[133.79148343000008,-23.78076718999995],[133.7870688800001,-23.78121440999996],[133.787086562,-23.80058420699993],[133.7870875100001,-23.801623149999955],[133.75721626000006,-23.804883149999966],[133.7572100000001,-23.79274001999994],[133.75720992000004,-23.782942179999964],[133.7413846600001,-23.78712428999995],[133.74129125000002,-23.779040119999934],[133.74123736,-23.773780589999944],[133.72597613000005,-23.77610292999998],[133.72597631700012,-23.773151877999965],[133.72597638600007,-23.77206827499998],[133.72597755000004,-23.753740449999952],[133.72597765000012,-23.747557059999963],[133.74167366300003,-23.741166747999955],[133.742700301,-23.74074877299995],[133.74304914000004,-23.740606749999984],[133.74347148000004,-23.74043475999997],[133.74369156000012,-23.74033936999996],[133.74410021000006,-23.740161529999966],[133.74483606100011,-23.739860979999946],[133.7467768900001,-23.73906826999996],[133.74920866000002,-23.738077199999964],[133.75243401000012,-23.736760609999976],[133.7682038040001,-23.730242764999957],[133.76991839700008,-23.729534102999935],[133.78189236000003,-23.724585119999972],[133.7872685100001,-23.72458309999996],[133.81166811000003,-23.72457154999995],[133.8116657800001,-23.70933113999996],[133.81155319000004,-23.696957795999936],[133.81154660000004,-23.69623360999998],[133.8115443900001,-23.696050039999932],[133.81153523000012,-23.695291829999974],[133.8115266000001,-23.694536209999967],[133.81151783100006,-23.69376835099996],[133.81119668400004,-23.665647659999934],[133.81118722000008,-23.66481891999996],[133.81078806000005,-23.630505909999954],[133.86328424600003,-23.63051810899998]]]}},{"type":"Feature","properties":{"CUSTODIAN":"NTPFES - Northern Territory Fire and Rescue Service","BND_TYPE":"Emergency Response Area","SHORT_NAME":"Mataranka","GAZ_NAME":"Mataranka Emergency Response Area","GAZ_NO":"G29","GAZ_DATE":"1990-07-25T00:00:00","NOTES":"<Null>","SHAPE_Leng":0.198614701771,"SHAPE_Area":0.00136939502273},"geometry":{"type":"Polygon","coordinates":[[[133.04571858000008,-14.911775829999954],[133.0546525300001,-14.911896609999928],[133.05872790400008,-14.915684041999953],[133.06021158900012,-14.917062897999926],[133.06056107000006,-14.915253759999928],[133.06093822000003,-14.913301389999958],[133.06317182600003,-14.913035807999961],[133.0634882390001,-14.912998185999982],[133.0699781200001,-14.912226519999933],[133.0718315800001,-14.914062159999958],[133.07205519000001,-14.917439289999948],[133.07236765000005,-14.917729299999962],[133.07248753500005,-14.917838385999971],[133.07746505900002,-14.91429173299997],[133.07956262000005,-14.911121679999951],[133.0812856450001,-14.908517609999933],[133.08370133900007,-14.909827500999938],[133.0846254050001,-14.910328549999974],[133.08538284300005,-14.90885465499997],[133.08544212700008,-14.90875299499993],[133.08576478600003,-14.909085923999953],[133.0859289860001,-14.909122804999981],[133.08623953900008,-14.90916090899998],[133.08629353800006,-14.90926779299997],[133.08617777300003,-14.909941111999956],[133.08630040000003,-14.910563206999939],[133.08682748600006,-14.911289422999971],[133.0875955250001,-14.911978801999965],[133.0887780170001,-14.913559334999945],[133.08880537100003,-14.913727458999972],[133.08884847700006,-14.913992403999941],[133.089111795,-14.915610822999952],[133.09009224800002,-14.916165268999976],[133.0907984060001,-14.915898031999973],[133.09143241200002,-14.91583501499997],[133.09248261400012,-14.916458428999931],[133.0933205870001,-14.917216408999934],[133.09436170300012,-14.918864136999957],[133.0956952670001,-14.919284982999955],[133.09773508,-14.919438472999957],[133.09907165700008,-14.919517887999973],[133.10055372500005,-14.919052148999981],[133.1021020930001,-14.919064998999943],[133.1036455960001,-14.919624151999926],[133.10483431000011,-14.920521703999952],[133.10553329200002,-14.921073938999939],[133.1071471680001,-14.921633563999933],[133.10791710500007,-14.922117982999964],[133.109036026,-14.922946723999928],[133.11065007900004,-14.923506417999931],[133.11149090000004,-14.923923105999961],[133.11261103700008,-14.924615229999972],[133.11436513900003,-14.92524427099994],[133.11532413500004,-14.925750706999963],[133.11541613500003,-14.925799291999965],[133.11688581300007,-14.926767410999958],[133.11848186300006,-14.927198163999947],[133.117669,-14.928481],[133.116948,-14.929448],[133.116137,-14.930352],[133.1153670000001,-14.931073],[133.114932,-14.931427],[133.114489,-14.931787],[133.113538,-14.93244],[133.112636,-14.932946],[133.111702,-14.933398],[133.1106390000001,-14.933811],[133.110041,-14.933998],[133.109181,-14.934231],[133.10828,-14.934404],[133.1074880000001,-14.934508],[133.10716,-14.934531],[133.10651,-14.934576],[133.102058,-14.934814],[133.096423,-14.935144],[133.095802,-14.935227],[133.09190200000012,-14.936048],[133.088829,-14.936691],[133.085772,-14.937332],[133.0844445460001,-14.937604594999982],[133.08358,-14.937779],[133.0819570000001,-14.938087],[133.0777670000001,-14.938698],[133.076589,-14.938847],[133.075796,-14.938907],[133.074966,-14.938891],[133.07307281400006,-14.938712771999974],[133.07249099900002,-14.93865799799994],[133.0721459990001,-14.933812001999968],[133.0721459770001,-14.933811698999932],[133.07156621500008,-14.93381175099995],[133.0610141100001,-14.933812699999976],[133.06090162400005,-14.933812516999978],[133.06075012000008,-14.933812269999976],[133.05651776000002,-14.933812029999956],[133.05633223000007,-14.933812019999948],[133.05391651000002,-14.933811839999976],[133.04570919000003,-14.93381157999994],[133.04570921000004,-14.933629769999982],[133.0457111600001,-14.922100039999975],[133.04571777400008,-14.912897131999955],[133.04571858000008,-14.911775829999954]]]}},{"type":"Feature","properties":{"CUSTODIAN":"NTPFES - Northern Territory Fire and Rescue Service","BND_TYPE":"Emergency Response Area","SHORT_NAME":"Elliott","GAZ_NAME":"Elliott Emergency Response Area","GAZ_NO":"G29","GAZ_DATE":"1990-07-25T00:00:00","NOTES":"<Null>","SHAPE_Leng":0.064791308453,"SHAPE_Area":0.000191964320755},"geometry":{"type":"Polygon","coordinates":[[[133.53887485100006,-17.54813653499997],[133.53980028,-17.54872290999998],[133.54073305000009,-17.54931474999995],[133.5593829600001,-17.561145349999947],[133.55919756000003,-17.56141961999998],[133.55878718000008,-17.562017029999936],[133.5585705000001,-17.562326],[133.5581630800001,-17.56291477999997],[133.55794183000012,-17.56323452999993],[133.55494811000005,-17.56757793999998],[133.5473809780001,-17.562779104999947],[133.54400882000004,-17.560643909999953],[133.54046869,-17.558393019999983],[133.53797506700005,-17.55681162899998],[133.53773534000004,-17.55665886999998],[133.53773531600007,-17.55665886099996],[133.5341923300001,-17.554410109999935],[133.53686324000012,-17.550530109999954],[133.53686321600003,-17.550530100999936],[133.53698055600012,-17.55036019099998],[133.53776774900007,-17.549214735999954],[133.53803081,-17.54883044999997],[133.53852227000004,-17.54811068999993],[133.53862113600007,-17.54797578199998],[133.53887485100006,-17.54813653499997]]]}},{"type":"Feature","properties":{"CUSTODIAN":"NTPFES - Northern Territory Fire and Rescue Service","BND_TYPE":"Emergency Response Area","SHORT_NAME":"Nhulunbuy","GAZ_NAME":"Nhulunbuy Emergency Response Area","GAZ_NO":"G4","GAZ_DATE":"1990-01-31T00:00:00","NOTES":"<Null>","SHAPE_Leng":0.0176389159592,"SHAPE_Area":1.68476462405e-05},"geometry":{"type":"Polygon","coordinates":[[[136.7633381600001,-12.192602499999964],[136.76604267000005,-12.191885009999964],[136.76761979000003,-12.197694139999953],[136.7649165900001,-12.198415629999943],[136.7633381600001,-12.192602499999964]]]}},{"type":"Feature","properties":{"CUSTODIAN":"NTPFES - Northern Territory Fire and Rescue Service","BND_TYPE":"Emergency Response Area","SHORT_NAME":"Pine Creek","GAZ_NAME":"Pine Creek Emergency Response Area","GAZ_NO":"G29","GAZ_DATE":"1990-07-25T00:00:00","NOTES":"<Null>","SHAPE_Leng":0.140016885036,"SHAPE_Area":0.00104725123754},"geometry":{"type":"Polygon","coordinates":[[[131.84462170900008,-13.82792614999994],[131.8436390160001,-13.827926159999947],[131.84264254000004,-13.827926169999955],[131.8421295500001,-13.827925789999938],[131.84119507000003,-13.827925789999938],[131.84014691000004,-13.827926189999971],[131.83872995000002,-13.827926349999927],[131.83684991000007,-13.827926439999942],[131.8358636900001,-13.82792700999994],[131.83407253000007,-13.827925689999972],[131.83406795000008,-13.837549259999946],[131.82601670000008,-13.837547879999931],[131.81694519000007,-13.837545159999934],[131.80803448000006,-13.837543499999981],[131.80803478000007,-13.824859239999967],[131.80803603000004,-13.818642189999935],[131.80803688000003,-13.808455379999941],[131.81576472000006,-13.808454909999966],[131.81706041000007,-13.808453679999957],[131.82414568000002,-13.808453489999977],[131.82471821000001,-13.80845346999996],[131.82489964,-13.808453449999945],[131.82511036000005,-13.808453739999948],[131.8350564000001,-13.808451789999935],[131.83526638,-13.80845174999996],[131.83590745000004,-13.808451609999963],[131.8361174900001,-13.808451569999932],[131.83825760000002,-13.808451089999949],[131.83982637000008,-13.808452599999953],[131.84005328000012,-13.808452819999957],[131.84023333000005,-13.808450809999954],[131.84116402000006,-13.808449979999978],[131.84152911,-13.808450259999972],[131.84895421800002,-13.808449089999954],[131.84895198000004,-13.81890655999996],[131.84895066,-13.822623729999975],[131.84894989000009,-13.827926099999956],[131.84462170900008,-13.82792614999994]]]}},{"type":"Feature","properties":{"CUSTODIAN":"NTPFES - Northern Territory Fire and Rescue Service","BND_TYPE":"Emergency Response Area","SHORT_NAME":"Ti Tree","GAZ_NAME":"Ti Tree Emergency Response Area","GAZ_NO":"G29","GAZ_DATE":"1990-07-25T00:00:00","NOTES":"<Null>","SHAPE_Leng":0.301358044926,"SHAPE_Area":0.00566884577378},"geometry":{"type":"Polygon","coordinates":[[[133.4529140200001,-22.09747417999995],[133.45291515300005,-22.099478085999976],[133.45292988000006,-22.125520239999958],[133.4529304,-22.12642995999994],[133.45293526000012,-22.13497622999995],[133.45294236000007,-22.148345519999964],[133.45294303000003,-22.15006693999993],[133.45292944000005,-22.17014875999996],[133.43159717000003,-22.17015558999998],[133.43148654000004,-22.170155609999938],[133.43147912200004,-22.17023561999997],[133.37493173000007,-22.17015477999996],[133.37495702,-22.14956529999995],[133.37495745,-22.14835395999995],[133.37496184000008,-22.13422018999995],[133.37496212000008,-22.133316829999956],[133.3749635800001,-22.128592819999938],[133.37496469000007,-22.126551639999946],[133.37496750000003,-22.112017669999943],[133.37497058000008,-22.09748548999994],[133.4529140200001,-22.09747417999995]]]}},{"type":"Feature","properties":{"CUSTODIAN":"NTPFES - Northern Territory Fire and Rescue Service","BND_TYPE":"Emergency Response Area","SHORT_NAME":"Borroloola","GAZ_NAME":"Borroloola Emergency Response Area","GAZ_NO":"G6","GAZ_DATE":"1990-02-14T00:00:00","NOTES":"<Null>","SHAPE_Leng":0.134952146781,"SHAPE_Area":0.000993603455361},"geometry":{"type":"Polygon","coordinates":[[[136.31847953700003,-16.052046522999945],[136.3206214710001,-16.05204512199998],[136.3226275400001,-16.05204380999993],[136.32262826800002,-16.05267125399996],[136.32264552000004,-16.06754049999995],[136.32264672100007,-16.071483989999933],[136.32264720400008,-16.07251838899998],[136.3226477600001,-16.073710019999965],[136.32264320800004,-16.075055704999954],[136.32264424000005,-16.077343009999936],[136.3226448700001,-16.078255239999976],[136.32264515200006,-16.078670132999946],[136.32264579500008,-16.07961654099995],[136.3226466200001,-16.080830499999934],[136.3226473210001,-16.081924129999948],[136.31370363000008,-16.090284289999943],[136.3081652300001,-16.090286979999973],[136.30812248400002,-16.090532150999934],[136.30801836000012,-16.091129329999944],[136.30708284000002,-16.096461339999962],[136.30708253900002,-16.09646128999998],[136.3006218710001,-16.09539953999996],[136.30151833000002,-16.09028957499993],[136.30124081200006,-16.090289690999953],[136.29459124000005,-16.09029241999997],[136.29507490100002,-16.08582071999996],[136.29517693100001,-16.08487728999995],[136.29524086300012,-16.084286090999967],[136.29537889000005,-16.08300972899997],[136.29678261000004,-16.070029209999973],[136.29691830100012,-16.06878224999997],[136.297768001,-16.06092383999993],[136.29835575000004,-16.05548675999995],[136.29872711100006,-16.05205634999993],[136.3119470910001,-16.052050779999945],[136.31227636000006,-16.052050579999957],[136.31762335200006,-16.052047082999934],[136.31847953700003,-16.052046522999945]]]}},{"type":"Feature","properties":{"CUSTODIAN":"NTPFES - Northern Territory Fire and Rescue Service","BND_TYPE":"Emergency Response Area","SHORT_NAME":"Batchelor","GAZ_NAME":"Batchelor Emergency Response Area","GAZ_NO":"G29","GAZ_DATE":"1990-07-25T00:00:00","NOTES":"<Null>","SHAPE_Leng":0.148747484194,"SHAPE_Area":0.000851307026717},"geometry":{"type":"Polygon","coordinates":[[[131.0432640670001,-13.039881488999981],[131.04326360800007,-13.04066658599993],[131.0432587030001,-13.049056048999944],[131.04325999900004,-13.049427567999942],[131.0407097640001,-13.04969381899997],[131.03561190200003,-13.050226038999938],[131.03537504000008,-13.053383809999957],[131.03479183000002,-13.053388667999968],[131.03482243400003,-13.056247969999959],[131.03483145000007,-13.057090579999965],[131.0429041860001,-13.05707919799994],[131.0441652500001,-13.057077419999928],[131.0441657780001,-13.05737797699993],[131.0441857300001,-13.068728909999948],[131.04418834600006,-13.07034385999998],[131.04418878,-13.070611749999955],[131.04419324000003,-13.07162300999994],[131.03609652000011,-13.071645389999958],[131.03474044000006,-13.071648839999966],[131.0339681700001,-13.071651079999981],[131.03013236100003,-13.071664580999936],[131.02937917000008,-13.071664987999952],[131.01936323100006,-13.07168455699997],[131.01938299900007,-13.05708515899994],[131.01894647900008,-13.055958507999947],[131.0188933610001,-13.043692717999932],[131.01829686000008,-13.042545080999957],[131.0184503910001,-13.042437511999935],[131.01890233900008,-13.042130320999945],[131.01781902200003,-13.040864727999974],[131.01201754200008,-13.035461177999935],[131.04326664300004,-13.035475349999956],[131.04326448400002,-13.039167650999957],[131.0432640670001,-13.039881488999981]]]}},{"type":"Feature","properties":{"CUSTODIAN":"NTPFES - Northern Territory Fire and Rescue Service","BND_TYPE":"Emergency Response Area","SHORT_NAME":"Adelaide River","GAZ_NAME":"Adelaide River Emergency Response Area","GAZ_NO":"G29","GAZ_DATE":"1990-07-25T00:00:00","NOTES":"<Null>","SHAPE_Leng":0.12317431755,"SHAPE_Area":0.000711926305308},"geometry":{"type":"Polygon","coordinates":[[[131.1175352690001,-13.245486608999954],[131.11752661600008,-13.252825731999962],[131.10807862600007,-13.25282539999995],[131.09811209400004,-13.252825050999945],[131.09811716000002,-13.252297867999971],[131.09809899200002,-13.237535756999932],[131.0958806000001,-13.238745071999972],[131.09587838900006,-13.234309049999979],[131.09727078000003,-13.234309911999958],[131.09809889200005,-13.23489314099993],[131.09810109900002,-13.23466574899993],[131.09809654900005,-13.234212679999928],[131.098096961,-13.233547260999956],[131.09809345200006,-13.230765668999936],[131.10106748200008,-13.226699929999938],[131.1015518600001,-13.226065160999951],[131.1023538600001,-13.22629397999998],[131.10473395000008,-13.225242349999974],[131.10685822000005,-13.223405689999936],[131.10858473000008,-13.223266739999929],[131.1104344700001,-13.22201248999994],[131.11184434000006,-13.221202869999956],[131.11371752000002,-13.22074637999998],[131.1158727400001,-13.220585769999957],[131.1180747400001,-13.221037449999926],[131.11861726000006,-13.218383309999979],[131.12175229000002,-13.220598479999978],[131.1213137200001,-13.221189519999939],[131.1217733300001,-13.221218239999928],[131.12484259000007,-13.223199823999948],[131.12502642100003,-13.223318508999967],[131.12847509900007,-13.223926908999942],[131.12700571200003,-13.23012258999995],[131.1267026690001,-13.230479269999933],[131.1265609190001,-13.230790957999943],[131.12558492000005,-13.231795409999961],[131.12392847800004,-13.232307571999968],[131.12343295000005,-13.232851377999964],[131.12310038100009,-13.234605060999968],[131.12242816200012,-13.23553450199995],[131.11775546900003,-13.238449789999947],[131.1182348220001,-13.238626077999982],[131.11995633100003,-13.239269951999972],[131.11901907800006,-13.24167510999996],[131.11869417000003,-13.242508889999954],[131.1175352690001,-13.245486608999954]]]}},{"type":"Feature","properties":{"CUSTODIAN":"NTPFES - Northern Territory Fire and Rescue Service","BND_TYPE":"Emergency Response Area","SHORT_NAME":"Yulara","GAZ_NAME":"Yulara Emergency Response Area","GAZ_NO":"G6","GAZ_DATE":"1990-02-14T00:00:00","NOTES":"<Null>","SHAPE_Leng":1.37264001772,"SHAPE_Area":0.0654458549067},"geometry":{"type":"Polygon","coordinates":[[[131.44416964800007,-25.14873705399998],[131.50008627700004,-25.14875886799996],[131.5000000010001,-25.182071322999946],[131.5000000010001,-25.25345605499996],[131.5003423170001,-25.263270655999975],[131.37232858000004,-25.263301179999928],[131.19097880000004,-25.263280169999973],[131.00964346,-25.263279499999953],[131.00964348000002,-25.26523394999998],[130.9771847300001,-25.265238849999946],[130.97171874000003,-25.26523794999997],[130.97067039,-25.26523751999997],[130.95548332600004,-25.265237291999938],[130.93046590000006,-25.265248139999983],[130.93047337200005,-25.166620572999932],[130.93047474000002,-25.14856845999998],[130.96290412000008,-25.148572789999946],[130.9953327300001,-25.148570759999927],[131.00964195000006,-25.14856752999998],[131.4411941620001,-25.14873589299998],[131.44416964800007,-25.14873705399998]]]}},{"type":"Feature","properties":{"CUSTODIAN":"NTPFES - Northern Territory Fire and Rescue Service","BND_TYPE":"Emergency Response Area","SHORT_NAME":"Jabiru","GAZ_NAME":"Jabiru Emergency Response Area","GAZ_NO":"G29","GAZ_DATE":"1982-07-22T00:00:00","NOTES":null,"SHAPE_Leng":0.1328441692,"SHAPE_Area":0.00110860734786},"geometry":{"type":"Polygon","coordinates":[[[132.85830415500004,-12.653742435999959],[132.8582947540001,-12.654317959999958],[132.85824752100007,-12.657209809999927],[132.85818251000012,-12.660068759999945],[132.8581926500001,-12.661029129999974],[132.85817542000007,-12.661977899999954],[132.85815062000006,-12.663140519999956],[132.855804411,-12.669896249999965],[132.84886947000007,-12.674358179999956],[132.84652014100004,-12.678865229999928],[132.84649159000003,-12.68226231999995],[132.84187571100006,-12.683335889999967],[132.83868076700003,-12.686429923999981],[132.83492749000004,-12.690070249999962],[132.82803536000006,-12.690013239999928],[132.82606351100003,-12.689017380999928],[132.82463808800003,-12.688309394999976],[132.8211443240001,-12.686560497999949],[132.81984155100008,-12.685904259999973],[132.81831044900002,-12.685134456999947],[132.8170907110001,-12.68452119999995],[132.81623147100004,-12.68411188999994],[132.81826835800007,-12.674516086999972],[132.81892904000006,-12.672013119999974],[132.81976252000004,-12.670099449999952],[132.8249800200001,-12.661301303999949],[132.82903892000002,-12.654505889999939],[132.82950344100004,-12.653727429999947],[132.8304747300001,-12.652020569999934],[132.8365354770001,-12.652039137999964],[132.8443361410001,-12.65204135199997],[132.848122783,-12.652034692999962],[132.85009991800007,-12.65203387799994],[132.85299709000003,-12.652048049999962],[132.85518107000007,-12.652044033999971],[132.85833199,-12.652038239999968],[132.85830415500004,-12.653742435999959]]]}},{"type":"Feature","properties":{"CUSTODIAN":"NTPFES - Northern Territory Fire and Rescue Service","BND_TYPE":"Emergency Response Area","SHORT_NAME":"Timber Creek","GAZ_NAME":"Timber Creek Emergency Response Area","GAZ_NO":"G1","GAZ_DATE":"2001-01-10T00:00:00","NOTES":null,"SHAPE_Leng":0.0,"SHAPE_Area":0.0019919735022},"geometry":{"type":"Polygon","coordinates":[[[130.43256128000007,-15.62414272999996],[130.43256484000005,-15.623722579999935],[130.43256916000007,-15.623211659999981],[130.4325845300001,-15.619992959999934],[130.43258931000003,-15.618978629999958],[130.43430344,-15.61807706999997],[130.43615596000006,-15.617085129999964],[130.43800865000003,-15.616119289999972],[130.44032491000007,-15.614788209999972],[130.44329902000004,-15.61307458999994],[130.4451948100001,-15.612500349999948],[130.4465782300001,-15.61241328999995],[130.44863120000002,-15.613118309999948],[130.45068217000005,-15.614094909999949],[130.45256399000004,-15.615648079999971],[130.4542981400001,-15.617166649999945],[130.45531215000005,-15.617656369999963],[130.45767315000012,-15.618772209999975],[130.46080854000002,-15.62068204999997],[130.46311718000004,-15.621879819999947],[130.465694,-15.623228],[130.46812949000002,-15.624648799999932],[130.47088602000008,-15.626287109999964],[130.47303216000012,-15.627314909999939],[130.47505933000002,-15.628150479999931],[130.47648471000002,-15.628480439999976],[130.47761644000002,-15.628459759999942],[130.4785436100001,-15.628100769999946],[130.4792404000001,-15.627560439999968],[130.48045228,-15.626263359999939],[130.48110629000007,-15.625396699999953],[130.48165271000005,-15.624556909999967],[130.4824272300001,-15.623584909999977],[130.48310587000003,-15.622852859999966],[130.48379994000004,-15.622299389999966],[130.48471444000006,-15.62318517999995],[130.49648629,-15.63458634999995],[130.49649189000002,-15.648329499999932],[130.49649451000005,-15.657281669999975],[130.4964978700001,-15.668416779999973],[130.49052946000006,-15.668418629999962],[130.4872466500001,-15.668419509999978],[130.48664656000005,-15.668419529999937],[130.4857049000001,-15.668419909999955],[130.4840274400001,-15.668420329999947],[130.48244206000004,-15.668420579999975],[130.48183382000002,-15.66842072999998],[130.48147467,-15.66842080999993],[130.47784258000002,-15.668421489999957],[130.46710995,-15.658026789999951],[130.45866118000004,-15.649842199999966],[130.4503153700001,-15.641757679999955],[130.43256436000001,-15.624585589999981],[130.43256128000007,-15.62414272999996]]]}}],"metadata":{"title":"Northern Territory Fire and Rescue Service Emergency Response Areas","source":"Bushfires NT \u2014 NTG Open Data Portal","source_url":"https://data.nt.gov.au/dataset/bushfire-nt-administration-boundaries","licence":"CC BY 4.0","attribution":"Northern Territory Police, Fire and Emergency Services","vintage":"June 2021","notes":"Reprojected from GDA1994 (EPSG:4283) to WGS84. 22 career NTFRS emergency response areas. Field GAZ_NAME contains area name."}}