{"type":"FeatureCollection","name":"volunteer_brigade_areas","crs":{"type":"name","properties":{"name":"urn:ogc:def:crs:OGC:1.3:CRS84"}},"features":[{"type":"Feature","properties":{"CUSTODIAN":"Bushfires NT, Department of Environment and Natural Resources","BND_TYPE":"Volunteer Bushfire Brigade Area","SHORT_NAME":"Acacia Hills","GAZ_NAME":"Acacia Hills Volunteer Bushfire Brigade","GAZ_NO":"G5","GAZ_DATE":"1986-02-05T00:00:00","NOTES":null,"SHAPE_Leng":0.349692358944,"SHAPE_Area":0.0064847223649,"AREA_KM2":77.9},"geometry":{"type":"Polygon","coordinates":[[[131.2082845100001,-12.703908273999957],[131.20828534200007,-12.703908295999952],[131.20912100200007,-12.703930001999936],[131.212223998,-12.70506900199996],[131.21557499800008,-12.718763003999982],[131.21653203800008,-12.720181783999976],[131.2138900210001,-12.720248389999938],[131.2137252120001,-12.72019370299995],[131.21389034800006,-12.725355734999937],[131.21393766800009,-12.726834916999962],[131.21409148100008,-12.734663179999927],[131.21424529400008,-12.742167626999958],[131.21446387000003,-12.74945349799998],[131.214641969,-12.75672317699997],[131.21485842100003,-12.764067549999936],[131.21459687200002,-12.76407984499997],[131.21183099000007,-12.764150019999931],[131.20884238700012,-12.764233300999933],[131.2058299890001,-12.764304684999956],[131.20283424800004,-12.764378447999945],[131.19968146200006,-12.764459349999981],[131.1935579190001,-12.76462115299995],[131.18706199000007,-12.764782955999976],[131.18494461300008,-12.76483469599998],[131.18494702500004,-12.76493113999993],[131.18505597600006,-12.769270796999933],[131.18507445400007,-12.770006855999952],[131.18531237700006,-12.779483424999967],[131.18564439300008,-12.792701023999939],[131.1856459290001,-12.792762193999977],[131.18564741500006,-12.79282136699993],[131.1856731140001,-12.793844430999968],[131.18567795,-12.794035619999931],[131.18568004400004,-12.79412592999995],[131.1856317820001,-12.794127103999926],[131.18388367900002,-12.794169747999945],[131.18253217500012,-12.794202716999962],[131.1813680690001,-12.794231113999956],[131.15591136400008,-12.79485211399998],[131.15591100100005,-12.794852122999941],[131.14104500200006,-12.795214000999977],[131.13354624600004,-12.795391447999975],[131.133408647,-12.789893689999928],[131.133181013,-12.780760487999942],[131.13301572500006,-12.77466054599995],[131.13280321000002,-12.766545654999959],[131.1327717270001,-12.764837670999952],[131.13259856700006,-12.758942371999979],[131.13237818200002,-12.750851093999927],[131.132149926,-12.742649623999966],[131.13197773000002,-12.736766597999974],[131.13195810000002,-12.736034913999958],[131.1318593520001,-12.732213498999954],[131.13177131200007,-12.728663342999937],[131.13171182500002,-12.726409993999937],[131.13165471800005,-12.724037670999962],[131.13158571400004,-12.721375053999964],[131.13150957100004,-12.718384071999935],[131.1314612550001,-12.716280300999927],[131.1314595880001,-12.716104537999968],[131.1329424480001,-12.716100438999945],[131.13406813200004,-12.716097327999933],[131.14455100200007,-12.71606835199998],[131.14861558300004,-12.716060796999955],[131.14858717900006,-12.701503130999981],[131.1697550020001,-12.701397001999965],[131.17145699800005,-12.70195300399996],[131.17337600200005,-12.701369997999961],[131.17831499800002,-12.701385],[131.1785016890001,-12.701474380999969],[131.1794206840001,-12.701662390999957],[131.18201882300002,-12.701636207999968],[131.1851168810001,-12.701617172999931],[131.1881245200001,-12.701600515999928],[131.19126064900001,-12.701574341999958],[131.19423259600012,-12.701550547999943],[131.20044893800002,-12.701505337999947],[131.20299047800006,-12.70147881899993],[131.20308013600004,-12.701538394999943],[131.206580002,-12.703864],[131.2082845100001,-12.703908273999957]]]}},{"type":"Feature","properties":{"CUSTODIAN":"Bushfires NT, Department of Environment and Natural Resources","BND_TYPE":"Volunteer Bushfire Brigade Area","SHORT_NAME":"Alice Springs","GAZ_NAME":"Alice Springs Volunteer Bushfire Brigade","GAZ_NO":"G25","GAZ_DATE":"1998-07-01T00:00:00","NOTES":"50km radius from Alice Springs Airport Control Tower","SHAPE_Leng":3.8484778641,"SHAPE_Area":0.732394645843,"AREA_KM2":8266.08},"geometry":{"type":"Polygon","coordinates":[[[134.3551602990001,-23.61681816999993],[134.368298384,-23.653046768999957],[134.37855350600012,-23.690194488999964],[134.38586243800012,-23.728032301999974],[134.3901801180001,-23.766326925999977],[134.3914799270001,-23.804842261999966],[134.38975385100002,-23.843340849999947],[134.38501253100003,-23.881585332999975],[134.37728519900008,-23.91933992199995],[134.3666194970001,-23.956371845999968],[134.35308118300009,-23.992452791999938],[134.3367537250001,-24.02736030899996],[134.31773778600007,-24.060879178999983],[134.29615060700007,-24.09280274899993],[134.27212528000007,-24.12293419899993],[134.24580992800009,-24.15108775799996],[134.2173667950001,-24.17708984999996],[134.18697124200003,-24.20078016399998],[134.1548106680001,-24.222012640999935],[134.12108335300002,-24.240656374999958],[134.08599723800012,-24.256596422999962],[134.04976863900004,-24.269734507999942],[134.01262092000002,-24.279989629999932],[133.97478310600002,-24.287298561999933],[133.93648848200007,-24.291616241999975],[133.89797314600003,-24.292916050999963],[133.8594745580001,-24.291189974999952],[133.82123007500002,-24.28644865499996],[133.78347548600004,-24.278721322999957],[133.74644356200008,-24.268055620999974],[133.7103626160001,-24.254517306999958],[133.67545509900003,-24.238189847999934],[133.64193622900007,-24.219173909999938],[133.61001265900006,-24.197586730999944],[133.57988120900006,-24.17356140299995],[133.55172765100008,-24.147246051999957],[133.5257255580001,-24.11880291899996],[133.502035244,-24.088407365999956],[133.4808027670001,-24.056246791999968],[133.46215903300003,-24.022519476999946],[133.4462189850001,-23.987433361999933],[133.43308090000005,-23.951204762999964],[133.42282577800006,-23.914057042999957],[133.41551684600006,-23.876219229999947],[133.41119916600007,-23.837924605999945],[133.40989935700009,-23.799409269999956],[133.41162543400003,-23.760910681999974],[133.41636675400002,-23.722666198999946],[133.4240940850001,-23.684911609999972],[133.43475978700008,-23.647879685999953],[133.4482981010001,-23.611798739999983],[133.46462556000006,-23.57689122299996],[133.4836414980001,-23.54337235299994],[133.5052286770001,-23.511448782999935],[133.5292540050001,-23.481317332999936],[133.5555693560001,-23.45316377399996],[133.5840124890001,-23.427161681999962],[133.61440804200004,-23.40347136799994],[133.64656861600008,-23.38223889099993],[133.68029593100005,-23.363595156999963],[133.71538204700005,-23.34765510899996],[133.75161064500003,-23.33451702399998],[133.78875836500004,-23.324261901999932],[133.82659617800005,-23.31695296999993],[133.8648908020001,-23.312635289999946],[133.90340613800004,-23.311335480999958],[133.94190472600008,-23.31306155699997],[133.98014920900005,-23.317802876999963],[134.01790379800002,-23.325530208999965],[134.0549357220001,-23.336195910999948],[134.09101666800007,-23.349734224999963],[134.12592418500003,-23.36606168399993],[134.1594430550001,-23.385077621999983],[134.19136662500011,-23.406664800999977],[134.2214980750001,-23.43069012899997],[134.2496516340001,-23.457005479999964],[134.2756537260001,-23.48544861299996],[134.29934404000005,-23.515844165999965],[134.32057651700006,-23.548004739999953],[134.33922025200002,-23.581732054999975],[134.3551602990001,-23.61681816999993]],[[133.72597631700012,-23.773151877999965],[133.72597613000005,-23.77610292999998],[133.74123736,-23.773780589999944],[133.74129125000002,-23.779040119999934],[133.7413846600001,-23.78712428999995],[133.75720992000004,-23.782942179999964],[133.7572100000001,-23.79274001999994],[133.75721626000006,-23.804883149999966],[133.7870875100001,-23.801623149999955],[133.787086562,-23.80058420699993],[133.7870688800001,-23.78121440999996],[133.79148343000008,-23.78076718999995],[133.79297525000004,-23.78061287999998],[133.79522004300009,-23.78025200899998],[133.79618712,-23.780096989999947],[133.79702902000008,-23.780643619999978],[133.80021140000008,-23.783543029999976],[133.80222734000006,-23.783527059999983],[133.80697470000007,-23.78359723999995],[133.82582050300005,-23.781525469999963],[133.84971284000005,-23.78100651999995],[133.85032713100009,-23.78099317699997],[133.85604561000002,-23.780868969999972],[133.86925136000002,-23.781214529999943],[133.87607083900002,-23.781231095999942],[133.8761072310001,-23.781231184999967],[133.87646339000003,-23.78123204999997],[133.8768455400001,-23.78119824999993],[133.87789794100001,-23.78119824099997],[133.87832483600005,-23.781198236999955],[133.8972279200001,-23.78119806999996],[133.8974232500001,-23.781194589999927],[133.90330915100003,-23.78119288099998],[133.9036422690001,-23.781192783999927],[133.92022709000003,-23.781187966999937],[133.92051266700003,-23.781187883999962],[133.92087199000002,-23.781187779999982],[133.92087127000002,-23.78102511999998],[133.93577802000004,-23.78100576999998],[133.94042792000005,-23.78100704999997],[133.94042624000008,-23.780669529999955],[133.94042517800005,-23.766717712999935],[133.94042514600005,-23.766289420999954],[133.94042434000005,-23.755702989999975],[133.9404236900001,-23.75341900999996],[133.94042366000008,-23.751363439999977],[133.940423,-23.746900769999968],[133.94042346000003,-23.746658],[133.94042309000008,-23.746281029999977],[133.9404231100001,-23.74599386999995],[133.94042316000002,-23.745588114999975],[133.94042324400004,-23.744909932999974],[133.94042357,-23.742279519999954],[133.94042352000008,-23.74217778999997],[133.9404526400001,-23.737883219999958],[133.94045711,-23.734968299999935],[133.9404583600001,-23.734151159999954],[133.9404208100001,-23.72388682999997],[133.9404192500001,-23.71072510999994],[133.94041874000004,-23.699857409999936],[133.9404182070001,-23.69716846199998],[133.9404180260001,-23.696254748999934],[133.9404176500001,-23.694354449999935],[133.94041761000005,-23.693741349999982],[133.94041757000002,-23.692837209999936],[133.94041714000002,-23.685059129999956],[133.94041371000003,-23.664822879999974],[133.93860469800006,-23.664821659999973],[133.92908346000002,-23.66481523999994],[133.92285906000006,-23.66481093999994],[133.9195081900001,-23.664808119999975],[133.91950335,-23.648952209999948],[133.91949782000006,-23.630507639999962],[133.90692761000003,-23.630509349999954],[133.8835678700001,-23.63051102999998],[133.88319685600004,-23.630511594999973],[133.8777358200001,-23.630519909999975],[133.87488057000007,-23.630521359999932],[133.8697441600001,-23.630520359999934],[133.86917532000007,-23.630520239999953],[133.86808601000007,-23.630520539999964],[133.86740907,-23.630511009999964],[133.86730078000005,-23.63051097999994],[133.86607564000008,-23.630510709999953],[133.8654822300001,-23.630518619999975],[133.864263197,-23.630518336999955],[133.86328424600003,-23.63051810899998],[133.81078806000005,-23.630505909999954],[133.81118722000008,-23.66481891999996],[133.81119668400004,-23.665647659999934],[133.81151783100006,-23.69376835099996],[133.8115266000001,-23.694536209999967],[133.81153523000012,-23.695291829999974],[133.8115443900001,-23.696050039999932],[133.81154660000004,-23.69623360999998],[133.81155319000004,-23.696957795999936],[133.8116657800001,-23.70933113999996],[133.81166811000003,-23.72457154999995],[133.7872685100001,-23.72458309999996],[133.78189236000003,-23.724585119999972],[133.76991839700008,-23.729534102999935],[133.7682038040001,-23.730242764999957],[133.75243401000012,-23.736760609999976],[133.74920866000002,-23.738077199999964],[133.7467768900001,-23.73906826999996],[133.74483606100011,-23.739860979999946],[133.74410021000006,-23.740161529999966],[133.74369156000012,-23.74033936999996],[133.74347148000004,-23.74043475999997],[133.74304914000004,-23.740606749999984],[133.742700301,-23.74074877299995],[133.74167366300003,-23.741166747999955],[133.72597765000012,-23.747557059999963],[133.72597755000004,-23.753740449999952],[133.72597638600007,-23.77206827499998],[133.72597631700012,-23.773151877999965]]]}},{"type":"Feature","properties":{"CUSTODIAN":"Bushfires NT, Department of Environment and Natural Resources","BND_TYPE":"Volunteer Bushfire Brigade Area","SHORT_NAME":"B.A.R.T.","GAZ_NAME":"Batchelor, Adelaide River, Tortilla Flats Volunteer Bushfire Brigade","GAZ_NO":"G10","GAZ_DATE":"1985-03-13T00:00:00","NOTES":null,"SHAPE_Leng":2.05864616605,"SHAPE_Area":0.131415374066,"AREA_KM2":1576.74},"geometry":{"type":"Polygon","coordinates":[[[131.2029552580001,-12.804232127999967],[131.20597147600006,-12.805106830999932],[131.207751045,-12.805679912999949],[131.20913850600004,-12.807037210999965],[131.20934964100002,-12.807549967999933],[131.20974174900005,-12.807730940999932],[131.21010369500004,-12.807791264999935],[131.21067677700012,-12.808424670999955],[131.21103872300012,-12.80875645499998],[131.21158164200006,-12.808786616999953],[131.2118832640001,-12.808304021999959],[131.21194358800005,-12.807218183999964],[131.21185310200008,-12.805619587999956],[131.2117626150001,-12.80426228999994],[131.21197375100007,-12.803508234999981],[131.212637319,-12.803357424999945],[131.2131404800001,-12.803453239999953],[131.21339052000008,-12.804017759999965],[131.2151343600001,-12.805415749999952],[131.21624635000012,-12.80705759999995],[131.21680979000007,-12.808193839999944],[131.21711635000008,-12.809102349999932],[131.21751398000004,-12.81124589999996],[131.21782411000004,-12.813259509999966],[131.21807288000002,-12.815589469999964],[131.21833464000008,-12.817556269999955],[131.2190284300001,-12.819126069999982],[131.21913662000009,-12.819742659999974],[131.21867371000008,-12.820157949999953],[131.21708865000005,-12.820449199999928],[131.2159611400001,-12.820590329999959],[131.2145641300001,-12.820889289999968],[131.2134922900001,-12.821084419999977],[131.21240194000006,-12.82093840999994],[131.2113231300001,-12.820551629999954],[131.21070893,-12.820681089999937],[131.20975734,-12.82127898999994],[131.20879243000002,-12.821835559999954],[131.20833714000003,-12.822228829999972],[131.20818292,-12.822785279999948],[131.20823611000003,-12.823444589999951],[131.2086926500001,-12.82501641999994],[131.2090824400001,-12.82624519999996],[131.20936584000003,-12.827003479999973],[131.21001367000008,-12.82791960999998],[131.21056252000005,-12.82828756999993],[131.21103959000004,-12.828590959999929],[131.21107609000012,-12.829133049999939],[131.20988310000007,-12.831068029999926],[131.20933443,-12.83234122999994],[131.20890165000003,-12.833493629999964],[131.20803246000003,-12.835282469999981],[131.20751837000012,-12.836179409999943],[131.20720775000007,-12.836737579999976],[131.20691885000008,-12.838067299999977],[131.2069680500001,-12.840105549999976],[131.20720989000006,-12.845183599999928],[131.2075587500001,-12.847222709999926],[131.20775376000006,-12.84781873999998],[131.2083560200001,-12.848866169999951],[131.20843951000006,-12.84937],[131.2081291600001,-12.850055649999945],[131.20692148000012,-12.852130469999963],[131.20624255000007,-12.853322589999948],[131.20543666000003,-12.855150759999958],[131.20506093000006,-12.855794489999937],[131.20451032000005,-12.856590839999967],[131.20394378000003,-12.857676289999972],[131.20352256,-12.858545659999947],[131.20320426,-12.859681579999972],[131.2031209800001,-12.860576969999954],[131.20304193000004,-12.860956269999974],[131.20302176000007,-12.861363939999933],[131.20307817000003,-12.861994639999978],[131.2031443200001,-12.862323969999977],[131.20344481000006,-12.86277162999994],[131.2037553,-12.863005759999965],[131.20424250000008,-12.863098689999958],[131.2045850600001,-12.862661],[131.20477891000007,-12.86221693999994],[131.20483706000005,-12.862084489999972],[131.20490681,-12.86192090999998],[131.2049965000001,-12.861776559999953],[131.20509843000002,-12.861674799999946],[131.20520083000008,-12.861627359999943],[131.2053904600001,-12.861606369999947],[131.20553287000007,-12.861612929999978],[131.20567617000006,-12.86172038999996],[131.20572775000005,-12.861840789999974],[131.20578820000003,-12.861972229999935],[131.20582892000004,-12.862107719999926],[131.20586935000006,-12.862208289999955],[131.20589801000006,-12.862320589999968],[131.20591062000005,-12.862405859999967],[131.20591938000007,-12.862502819999975],[131.20594395000012,-12.862599629999977],[131.20596079000006,-12.862715919999971],[131.20597755000006,-12.86282443999994],[131.2060023900001,-12.862952309999969],[131.20602758000007,-12.863118979999967],[131.2060562900001,-12.863267679999979],[131.20607414000006,-12.863500379999948],[131.20608841,-12.863775809999936],[131.20609903000002,-12.864086189999966],[131.2061068800001,-12.864532439999948],[131.20611307000001,-12.864788529999942],[131.2061187700001,-12.86503375999996],[131.20610188000012,-12.86536376999993],[131.2060686000001,-12.865627959999927],[131.20604722000007,-12.865895929999965],[131.20602235,-12.866218249999974],[131.20594798000002,-12.866758339999933],[131.20576402000006,-12.867364],[131.20565939000005,-12.867609379999976],[131.20554716000004,-12.86788974999996],[131.20545117000006,-12.868186899999955],[131.20541035000008,-12.868493839999928],[131.2053613600001,-12.868769799999939],[131.20531225000002,-12.86903411999998],[131.20525167000005,-12.869323699999939],[131.20517125000003,-12.869623199999978],[131.20513354000002,-12.86983308999993],[131.20503794,-12.870206469999971],[131.20494264,-12.870614769999975],[131.20484119000002,-12.87117195999997],[131.2047845200001,-12.871475159999932],[131.20473934000006,-12.871735569999942],[131.20471854000004,-12.872069499999952],[131.2046595700001,-12.872562869999967],[131.2045798900001,-12.872947759999931],[131.2045510800001,-12.87325532999995],[131.20444463,-12.873745219999932],[131.20441849000008,-12.874374149999937],[131.2043781100001,-12.87473153999997],[131.2043415600001,-12.875073379999947],[131.20432958000004,-12.875512919999949],[131.2042981300001,-12.875986649999959],[131.20427080000002,-12.876479759999938],[131.20425841000008,-12.87687184999993],[131.20423395000012,-12.877191609999954],[131.20420797000008,-12.877385879999963],[131.2041894900001,-12.877533509999978],[131.20416340000008,-12.877716129999953],[131.204129,-12.877852249999933],[131.20409453000002,-12.87798061999996],[131.20398604000002,-12.878237669999976],[131.20386638000002,-12.87857243999997],[131.20374126000002,-12.878736489999937],[131.20364558000006,-12.878902749999952],[131.20358721000002,-12.879011909999974],[131.2035248200001,-12.879113339999947],[131.20347031000006,-12.879210819999969],[131.20341579,-12.879308309999942],[131.20333377000009,-12.879425419999961],[131.2032042200001,-12.879535179999948],[131.20302317000005,-12.879633729999966],[131.20280233000005,-12.879705439999952],[131.2025336700001,-12.879734869999936],[131.2021552000001,-12.87971755999996],[131.20196535000002,-12.879715269999963],[131.20175601000005,-12.879744199999948],[131.2016338300001,-12.879791799999964],[131.2015358100001,-12.879889649999939],[131.20144591000007,-12.880010709999965],[131.20136790000004,-12.880135559999928],[131.20127419000005,-12.880272179999963],[131.20116517000008,-12.880467149999959],[131.20113087000004,-12.880606059999934],[131.20112827000003,-12.880761329999928],[131.2011191800001,-12.881079639999939],[131.20111726000005,-12.881312519999938],[131.20112288000007,-12.881502629999943],[131.2011481400001,-12.881702569999959],[131.20120564,-12.881946589999927],[131.20128264000004,-12.88215938999997],[131.20142767000004,-12.882464769999956],[131.20159231000002,-12.882750569999928],[131.2017443300001,-12.883029449999981],[131.20189728000003,-12.88333474999996],[131.20206199000006,-12.883628329999965],[131.20228626000005,-12.883948549999957],[131.2025146200001,-12.884284269999966],[131.20276588000002,-12.884526669999957],[131.20294831,-12.88470191999994],[131.20310797000002,-12.884871349999969],[131.20327552000003,-12.885036819999982],[131.20346281000002,-12.885198239999966],[131.20375363000005,-12.885440289999963],[131.20401970000012,-12.885566129999972],[131.20437311000012,-12.885730029999934],[131.20467884000004,-12.885867159999975],[131.20509258000004,-12.88614698999993],[131.20519078000007,-12.886245359999975],[131.20549131000007,-12.886693019999939],[131.20557939000003,-12.886888969999973],[131.2056684900001,-12.887128829999938],[131.20576124000002,-12.887333739999974],[131.20585413000003,-12.88755416999993],[131.20594703000006,-12.887774599999943],[131.20603988000005,-12.887991149999948],[131.20610321000004,-12.888159769999959],[131.20616027000005,-12.888353329999973],[131.20622528,-12.888550719999955],[131.20629025000005,-12.888744219999978],[131.2063992300001,-12.888995559999955],[131.20649212,-12.889215989999968],[131.20658866000008,-12.889452749999975],[131.20668553000007,-12.889677029999973],[131.20677063000005,-12.889909169999953],[131.20684327000004,-12.890075439999976],[131.20694414000002,-12.89030355999995],[131.20704490000003,-12.890520049999964],[131.20716217000006,-12.890814009999929],[131.20724682000002,-12.890995699999962],[131.2073435000001,-12.891196689999958],[131.2074601500001,-12.891420799999935],[131.20759095000005,-12.891622849999976],[131.2077350500001,-12.891819569999939],[131.20794665000005,-12.892046749999963],[131.2080904400001,-12.892208529999948],[131.20825401000002,-12.892370159999928],[131.20843333000005,-12.892523879999942],[131.20862853000006,-12.892685229999927],[131.20881579000002,-12.892842769999959],[131.20906643,-12.893011409999929],[131.20931923000012,-12.893201369999929],[131.2095622700001,-12.89340500999998],[131.20981257000005,-12.893630679999944],[131.21003597000004,-12.893850009999937],[131.2103468800001,-12.894126809999932],[131.21065449000002,-12.894477379999955],[131.21103599000003,-12.89480304999995],[131.21145423000007,-12.895141039999942],[131.21188064000012,-12.895510009999953],[131.2122172700001,-12.89578076999993],[131.21244443000012,-12.895976779999955],[131.21280328000012,-12.896307509999929],[131.21312180000007,-12.896549309999955],[131.21338867000009,-12.89676437999998],[131.21362763000002,-12.896952529999965],[131.21388645000002,-12.897152139999946],[131.21410549000007,-12.897324929999968],[131.21435351000002,-12.897499249999953],[131.21457677,-12.897703049999961],[131.21480799000005,-12.89791066999993],[131.2151145800001,-12.898144799999955],[131.21540546000006,-12.898390719999952],[131.2158000500001,-12.89873665999994],[131.2161365500001,-12.899018609999928],[131.21631618000004,-12.89920724999996],[131.21649991000004,-12.899411379999947],[131.21684728000002,-12.899784889999978],[131.21703115000003,-12.90000453999994],[131.21723943000006,-12.900301599999977],[131.2174151800001,-12.900569979999943],[131.21757136000008,-12.900789879999934],[131.21773170000006,-12.901033009999935],[131.21783668000012,-12.901276629999927],[131.21812089000002,-12.901662299999941],[131.21827616000007,-12.901930189999973],[131.21854813000004,-12.902273279999974],[131.2189352900001,-12.902673599999957],[131.21946122000008,-12.903111559999957],[131.21997065000005,-12.903472049999948],[131.2202587700001,-12.903684159999955],[131.22056534,-12.90391440999997],[131.22095520000005,-12.904171119999944],[131.22124967000002,-12.90437430999998],[131.22153602000003,-12.904554269999949],[131.2220530200001,-12.904875869999955],[131.22236348,-12.90509831999998],[131.22264585000005,-12.905274449999979],[131.22309336,-12.905544779999957],[131.22348268000007,-12.905739399999959],[131.22371724000004,-12.905877109999949],[131.22432029000004,-12.90608930999997],[131.22472988000004,-12.906188579999935],[131.22512628000004,-12.906289989999948],[131.22582734000002,-12.90640432999993],[131.22626073000004,-12.906346259999964],[131.2265204800001,-12.906200449999972],[131.22664582000004,-12.906063549999942],[131.22673170000007,-12.905934749999972],[131.22678995,-12.905813939999973],[131.22681681000006,-12.905720569999971],[131.22682369000006,-12.90560408999994],[131.22682252000004,-12.905472139999972],[131.22676981000006,-12.905325869999956],[131.22669312000005,-12.905151889999956],[131.2265686400001,-12.904975749999949],[131.22642083000005,-12.90481012999993],[131.2262929100001,-12.90465598999998],[131.2261771200001,-12.904532779999954],[131.22600910000006,-12.904316879999953],[131.2257619600001,-12.904033969999944],[131.22562612000002,-12.903879889999928],[131.22550129,-12.903628699999956],[131.2254910900001,-12.903368769999929],[131.2255406700001,-12.903162649999956],[131.22562162000008,-12.902925229999937],[131.2257933400001,-12.902663749999931],[131.22602469000003,-12.902492829999971],[131.226202,-12.902417579999963],[131.22643911000011,-12.902396159999967],[131.22667251000007,-12.902401939999947],[131.22690979000004,-12.902399919999937],[131.22714643000006,-12.902421109999977],[131.22732464000012,-12.902446759999975],[131.22756278000008,-12.902541749999955],[131.22774759000004,-12.902617719999967],[131.22816094000007,-12.902847049999934],[131.22848295000006,-12.903034469999966],[131.22879710000007,-12.903225839999948],[131.22904613000003,-12.903354349999972],[131.22955048000006,-12.903586789999963],[131.22996009000008,-12.903839429999948],[131.2302266700001,-12.904019559999938],[131.2305486900001,-12.90420697999997],[131.23085719000005,-12.904467069999953],[131.23111311000002,-12.904783109999926],[131.23135329000002,-12.905152579999935],[131.23153036000008,-12.905496479999954],[131.23164385000007,-12.905805979999968],[131.23174443000005,-12.906025499999942],[131.2318812000001,-12.906284349999964],[131.2320133600001,-12.90651927999994],[131.2321780300001,-12.906801169999937],[131.2323188900001,-12.907075519999978],[131.2324826800001,-12.90731747999996],[131.23272658000008,-12.907614229999979],[131.23289919,-12.907899929999928],[131.23314688000005,-12.908257419999927],[131.23335480000003,-12.90851177999997],[131.23356231000002,-12.908719579999968],[131.23377756000002,-12.908991889999982],[131.23394150000001,-12.909192289999964],[131.2342684900001,-12.909492199999931],[131.23480933000008,-12.909909739999932],[131.23502871000005,-12.910117439999965],[131.23528743000008,-12.910301509999954],[131.23553369,-12.910492519999934],[131.23582442000009,-12.910719],[131.23622277000004,-12.91103770999996],[131.23636093000005,-12.911147089999929],[131.23659224000005,-12.911362439999948],[131.2368120100001,-12.911612849999926],[131.23713164000003,-12.91197490999997],[131.23735463000003,-12.912143759999935],[131.23750615000006,-12.912282179999977],[131.2378129000001,-12.91259705999994],[131.23801275000005,-12.91283207999993],[131.2381995500001,-12.91303548999997],[131.23847049000005,-12.913258259999964],[131.23874104000004,-12.91343833999997],[131.23897383000008,-12.91353233999996],[131.23933875000012,-12.913649519999979],[131.23962388000007,-12.913689769999962],[131.23987338000006,-12.91372642999994],[131.24013766000007,-12.913739729999975],[131.2404834900001,-12.913711539999952],[131.24071676000005,-12.91370177999994],[131.24106451000011,-12.913667739999937],[131.241282,-12.913662],[131.24154957000007,-12.913659669999959],[131.24180976000002,-12.913613209999937],[131.24203463000003,-12.913562389999981],[131.2422539900001,-12.913482249999959],[131.24268756000004,-12.91329210999993],[131.24290049,-12.913194769999961],[131.24308960000008,-12.913111649999962],[131.24345218000008,-12.912964949999946],[131.24375884000005,-12.912877349999974],[131.24401917000012,-12.912797499999954],[131.24425209000003,-12.912748929999964],[131.24449313000002,-12.912723569999969],[131.2449166,-12.91275485999995],[131.24527454000008,-12.912736299999949],[131.24563453000007,-12.91274483999996],[131.24596674000009,-12.912741989999972],[131.2464569000001,-12.912710609999976],[131.2469428500001,-12.912764549999963],[131.2473111600001,-12.91287441999998],[131.2475609700001,-12.912946009999928],[131.24782570000002,-12.913021009999966],[131.24804388000007,-12.913092869999957],[131.24835374000008,-12.913245439999969],[131.24853209000003,-12.913286599999935],[131.2488695400001,-12.91342727999995],[131.2494519600001,-12.913701139999944],[131.2497851700001,-12.91381081999998],[131.25014597000006,-12.913908619999972],[131.25039161000007,-12.913956949999942],[131.25063941000008,-12.91400871999997],[131.25087330000008,-12.91406878999993],[131.25117258000012,-12.914112969999962],[131.25145813000006,-12.914110499999936],[131.25197437000008,-12.914151229999959],[131.25225086000012,-12.914166929999965],[131.25241683000002,-12.91418355999997],[131.25280492000002,-12.914315759999965],[131.2533312500001,-12.914455799999928],[131.25396950000004,-12.914748509999981],[131.25431275000005,-12.915016629999968],[131.25467548000006,-12.915402059999963],[131.25510471000007,-12.91601283999995],[131.25525533000007,-12.916372989999957],[131.25544143000002,-12.91657921999996],[131.25566405000006,-12.916748989999974],[131.25577498000007,-12.916793219999931],[131.25640135000003,-12.91678780999996],[131.25655408000011,-12.916786449999961],[131.25670146000004,-12.916785179999977],[131.25710660000004,-12.916763599999967],[131.2573464300001,-12.916797679999945],[131.2576144400001,-12.916894759999934],[131.25814959000002,-12.916989529999967],[131.25864845,-12.917157],[131.25898152000002,-12.917316779999965],[131.25922142000002,-12.917359879999935],[131.25952556000004,-12.917375319999962],[131.25985879000007,-12.917553079999948],[131.26017400000012,-12.917776259999926],[131.26049892000003,-12.918053579999935],[131.26070287000005,-12.918196389999935],[131.26118529000007,-12.918571739999948],[131.26129630000003,-12.918625],[131.2619616300001,-12.918854179999926],[131.26232096,-12.918860109999969],[131.26270736000004,-12.918802539999945],[131.26315512000008,-12.918401059999951],[131.2635292000001,-12.918000219999954],[131.2637583500001,-12.917871719999937],[131.26400723000006,-12.917887639999947],[131.26435887000002,-12.918065319999926],[131.26452639000001,-12.918253629999981],[131.2647507900001,-12.918631209999944],[131.26478054000006,-12.918865899999957],[131.26474802000007,-12.918967749999979],[131.26469095000004,-12.919146799999965],[131.2646663800001,-12.919277099999931],[131.26465866600006,-12.919389819999935],[131.264068328,-12.920559819999937],[131.2631948170001,-12.922290853999982],[131.26310440500004,-12.922788558999969],[131.2614495790001,-12.92516870399993],[131.2615612730001,-12.925544599999967],[131.26179427700004,-12.92584977599995],[131.26206325200008,-12.926037260999976],[131.2627204570001,-12.926392912999972],[131.2630068630001,-12.92648993299997],[131.26300694300005,-12.926489956999944],[131.26355167600002,-12.92663886799994],[131.2637085760001,-12.926664579999965],[131.26435400200012,-12.926731304999976],[131.26504604800004,-12.926851757999941],[131.26549969000007,-12.927100892999931],[131.26618133800002,-12.928083399999934],[131.266301902,-12.92820540899993],[131.26652428600005,-12.928348004999975],[131.26655409800003,-12.928582624999933],[131.26661956700002,-12.928690581999945],[131.2672212320001,-12.929001575999962],[131.2674067360001,-12.929144548999943],[131.26759148200006,-12.929149454999958],[131.267664759,-12.929151399999967],[131.2679140240001,-12.92923055999995],[131.268108976,-12.929391532999944],[131.26826752600005,-12.929607024999939],[131.2683709480001,-12.929840952999939],[131.268410044,-12.93008460599998],[131.2683949840001,-12.930464283999981],[131.2682892040001,-12.930980275999957],[131.26818484600005,-12.931323837999969],[131.26814607400001,-12.931451422999942],[131.26806031,-12.932157007999933],[131.26780844200005,-12.932827912999926],[131.26764735400002,-12.933353484999941],[131.2675944340001,-12.933615939999981],[131.26760866000006,-12.93391924499997],[131.26761729400005,-12.93410371999994],[131.2677595240001,-12.934554228999957],[131.26774454200006,-12.934933906999959],[131.267757178,-12.935313253999936],[131.26784243800012,-12.935574627999927],[131.26805756200008,-12.935925117999943],[131.2685322640001,-12.936463218999961],[131.2687481170001,-12.936678348999976],[131.2688018670001,-12.936731952999935],[131.2688363200001,-12.936756442999979],[131.26901509000004,-12.936883687999966],[131.26943273200004,-12.937223449999976],[131.26949809000007,-12.937313260999929],[131.2695462700001,-12.937547758999926],[131.26963000600006,-12.937646503999929],[131.26987006000002,-12.937698574999956],[131.27013823000004,-12.937813765999977],[131.27070313800004,-12.938134059999982],[131.2707032090001,-12.938134101999935],[131.27112947800003,-12.93841953599997],[131.2715089840001,-12.938615009999978],[131.27199007000002,-12.938836740999932],[131.27224886200008,-12.938924911999948],[131.27264509600002,-12.938939514999959],[131.27305067800012,-12.938963093999973],[131.27332725400004,-12.938987803999964],[131.27366822800002,-12.938993854999978],[131.2739766730001,-12.939026274999947],[131.2740648150001,-12.939035560999969],[131.27439769600005,-12.93917726799998],[131.27459258200008,-12.939338147999933],[131.27475113700007,-12.939544620999982],[131.27479015000006,-12.939788273999966],[131.27475943000002,-12.940048075999925],[131.27474736400006,-12.940150143999972],[131.2746018460001,-12.940350158999934],[131.27428100400004,-12.94052456999998],[131.2737289040001,-12.940592650999974],[131.27336021600001,-12.940577810999969],[131.27268570500007,-12.940366843999982],[131.27236152000012,-12.940170813999941],[131.27184391800006,-12.939985641999954],[131.27134659900003,-12.940008030999934],[131.27111684700003,-12.940064206999978],[131.27111676700008,-12.940064263999943],[131.2708969570001,-12.940201655999942],[131.2708968820001,-12.940201705999982],[131.2707603340001,-12.940383647999965],[131.27068055200004,-12.940727753999965],[131.27069194000012,-12.940971643999944],[131.27081476,-12.941304928999955],[131.27102168800002,-12.941772964999927],[131.2712939920001,-12.942339845999982],[131.27153772400004,-12.94280768599998],[131.27161390600008,-12.943078045999926],[131.2716072290001,-12.943358269999976],[131.27130704500007,-12.943767411999943],[131.27116258,-12.94393456399996],[131.27113379200011,-12.943967842999939],[131.27070490300002,-12.944423344999962],[131.270283478,-12.944689101999927],[131.2700443020001,-12.944718336999927],[131.26998087200002,-12.944827277999934],[131.27001979500005,-12.945061816999953],[131.27001971800007,-12.945061877999933],[131.2699191700001,-12.945144020999976],[131.26986595000005,-12.945370384999933],[131.26987990700002,-12.945885288999932],[131.2699020220001,-12.946300779999945],[131.26998728600006,-12.946562150999966],[131.27016516100002,-12.946876824999947],[131.27038899100012,-12.947173026999963],[131.27056705200005,-12.947505839999963],[131.270662635,-12.947884484999975],[131.2707223000001,-12.94837198099998],[131.27065063800012,-12.948598438999966],[131.27024189100007,-12.949234609999962],[131.27020312700006,-12.949327977999928],[131.27019671200003,-12.949343480999971],[131.27006459200004,-12.949541619999934],[131.26992398200002,-12.949752492999949],[131.26974395800005,-12.950223918999939],[131.269526734,-12.950650508999956],[131.26930246000006,-12.951321175999965],[131.26912462000007,-12.95202760199993],[131.26885439700004,-12.952716648999967],[131.2688543920001,-12.952716678999934],[131.26885552500005,-12.952834091999932],[131.26894832300002,-12.952905534999957],[131.26944757900003,-12.953090907999979],[131.26971700900003,-12.953341654999974],[131.2700429140001,-12.953718367999954],[131.27023921500006,-12.954023921999976],[131.27032303400006,-12.954122577999954],[131.2707056370001,-12.954661354999928],[131.27084585400007,-12.954886065999972],[131.27089297600003,-12.955003235999982],[131.27123037,-12.955632772999934],[131.2712921320001,-12.956346159999953],[131.27136910000002,-12.956715877999955],[131.27136910800004,-12.956715938999935],[131.27139098200007,-12.957086156999935],[131.2713020230001,-12.957439327999964],[131.2712511200001,-12.95792767699993],[131.2712511190001,-12.957927737999967],[131.27128135300006,-12.95840897599993],[131.2712835100001,-12.958442483999931],[131.27139610400002,-12.95866743199997],[131.2715818150001,-12.95882845799997],[131.27200846900007,-12.959141012999964],[131.2724437500001,-12.959399333999954],[131.27244382300012,-12.95939937099996],[131.2727135440001,-12.95967701199993],[131.27286506300004,-12.960136588999944],[131.2728650670001,-12.96013665299995],[131.27294363700003,-12.96066902399997],[131.27311250700006,-12.960992863999934],[131.2733635070001,-12.961243706999937],[131.27388287500003,-12.961618768999926],[131.2739941200001,-12.961690024999939],[131.2745952150001,-12.961937761999934],[131.2750126940001,-12.962250453999957],[131.27523482900006,-12.962365888999955],[131.2757067220001,-12.962596793999978],[131.27591976700012,-12.962721392999981],[131.27614242700008,-12.962873019999961],[131.27647745900003,-12.96324968099998],[131.27669957900002,-12.96335609099998],[131.27720968100004,-12.96372217399994],[131.27747004100002,-12.963981991999958],[131.27792694100003,-12.964583279999943],[131.27810511400003,-12.964925118999929],[131.27832017000003,-12.965266673999963],[131.27844530700008,-12.965852835999954],[131.2785865950001,-12.966195049999953],[131.27862684600007,-12.966565143999958],[131.27886346800005,-12.967267862999961],[131.2789242020001,-12.96787283499998],[131.27892420400008,-12.967872865999936],[131.2789493560001,-12.968604565999954],[131.27895960400008,-12.968721924999954],[131.27895253600002,-12.96895698399993],[131.27890751200005,-12.96906579299997],[131.27875259200005,-12.96925694999993],[131.27873281600012,-12.969290413999943],[131.27851663600006,-12.969656567999948],[131.27835608200007,-12.97023629399996],[131.27810166400002,-12.970627072999946],[131.27804843800004,-12.97085343699996],[131.27815436800006,-12.971358565999935],[131.27839829800007,-12.971835347999956],[131.27856844000007,-12.972303765999982],[131.27861672200004,-12.972547282999926],[131.27860984500012,-12.972800326999959],[131.2785291780001,-12.973044975999926],[131.27830411000002,-12.973625220999963],[131.27830407200008,-12.973625269999957],[131.27819727000008,-12.973761870999965],[131.27791800600005,-12.974119058999975],[131.277848693,-12.974207579999927],[131.27784861600003,-12.974207639999975],[131.27754693500003,-12.974454202999937],[131.27754685600007,-12.974454265999952],[131.27745317900008,-12.974550324999939],[131.27720908600008,-12.974800623999954],[131.27688814200008,-12.974975147999942],[131.27636702400002,-12.975413381999942],[131.27636695,-12.975413439999954],[131.27635800500002,-12.97542021199996],[131.2760649280001,-12.975642106999942],[131.27554302900012,-12.97599000699995],[131.27554295200002,-12.975990062999927],[131.27554092100002,-12.975991697999973],[131.2752593680001,-12.97621844899993],[131.2751844710001,-12.976243617999955],[131.27514916000007,-12.976255483999978],[131.27510371000005,-12.97624731299993],[131.27490916600004,-12.976212337999982],[131.27454814600003,-12.976025787999959],[131.27442839900004,-12.976035802999945],[131.27433700400002,-12.976108876999945],[131.2742972970001,-12.976188494999974],[131.27427364000005,-12.97623598499996],[131.2742629720001,-12.976277850999963],[131.27421133000007,-12.976480529999947],[131.27409547600007,-12.976906320999944],[131.27412413900004,-12.97701447299994],[131.27412064600003,-12.977031218999969],[131.2740976660001,-12.977141234999976],[131.27398456000003,-12.977504889999977],[131.27394542800005,-12.977630562999934],[131.27360764600007,-12.977976827999953],[131.273305681,-12.978196312999955],[131.2730760920001,-12.97827964499993],[131.27245883600006,-12.978294069999947],[131.2720624320001,-12.97826140099994],[131.27146162000008,-12.97805877099995],[131.2712453150001,-12.978024158999972],[131.2711939180001,-12.978015918999972],[131.2710991560001,-12.978007463999973],[131.27082506800002,-12.977983006999978],[131.27030969200007,-12.978050777999954],[131.26996072600002,-12.978180308999981],[131.26985090200003,-12.97826264799994],[131.26972121000006,-12.978395725999974],[131.2695222100001,-12.978599919999965],[131.26917569900002,-12.978991466999958],[131.26917563000006,-12.978991535999967],[131.26890168400007,-12.979264976999957],[131.26847309200002,-12.979756650999946],[131.2682716060001,-12.979893984999933],[131.267842416,-12.980313301999956],[131.26784234000002,-12.980313363999926],[131.26763175400004,-12.980450687999962],[131.26739242100007,-12.980479910999975],[131.26686700800008,-12.980457380999951],[131.26636911100002,-12.980416565999974],[131.265761762,-12.980494098999941],[131.26576160600007,-12.980494155999963],[131.26553192200004,-12.980568459999972],[131.265330532,-12.980714813999953],[131.26529477200006,-12.98083259799995],[131.26507617400011,-12.981114686999945],[131.26491338100004,-12.98145045299998],[131.2648126480001,-12.98152353699993],[131.2647075870001,-12.981516729999953],[131.26444388200002,-12.981499643999939],[131.2642036840001,-12.98142951099993],[131.26373380600012,-12.981433572999947],[131.2633910620001,-12.981237801999953],[131.26314140800002,-12.98114054399997],[131.26277179600004,-12.981026312999973],[131.262642754,-12.981018407999954],[131.26236663200007,-12.981056935999959],[131.26215612700003,-12.981203280999978],[131.26190034500007,-12.981449449999957],[131.26190031300007,-12.981449470999962],[131.26135905600006,-12.98170713299993],[131.26135902300007,-12.98170725999995],[131.2613234050001,-12.981842964999942],[131.26135416400007,-12.982186028999934],[131.2614941060001,-12.982383677999962],[131.2615679060001,-12.982528119999927],[131.26171927000007,-12.982824489999928],[131.26173884000002,-12.982950829999936],[131.26176323000004,-12.983610269999929],[131.26173772000004,-12.983845439999982],[131.26165561000005,-12.983936509999978],[131.26135532,-12.984354799999949],[131.26119118000008,-12.984555029999967],[131.26100986000006,-12.984872879999955],[131.26059842000006,-12.985228869999958],[131.26033198000005,-12.985528759999966],[131.26009682000006,-12.985793489999935],[131.259897,-12.986111499999936],[131.2595780900001,-12.986511869999958],[131.25931333000005,-12.986785269999928],[131.25923131000002,-12.986885379999933],[131.25906709000003,-12.987067539999941],[131.25878692700007,-12.987392616999955],[131.25828205000005,-12.987887629999932],[131.2581087000001,-12.988078899999948],[131.25791659000004,-12.988234189999957],[131.25750744000004,-12.988843179999947],[131.25729046000004,-12.989305919999936],[131.2572638800001,-12.989423629999976],[131.2572651900001,-12.989568199999951],[131.2572988700001,-12.990236599999946],[131.25742414,-12.99084094999995],[131.25755631000004,-12.991192309999974],[131.25757694000004,-12.991436109999938],[131.25752713000008,-12.992041979999954],[131.2573740800001,-12.99244090999997],[131.25725739000006,-12.992794249999974],[131.25710671000002,-12.99345521999993],[131.25708951000001,-12.993590909999966],[131.25704696000003,-12.99397080999995],[131.25707574000012,-12.994097069999953],[131.25719757000002,-12.994321919999948],[131.2571734400001,-12.994710689999977],[131.25702781000007,-12.994910759999982],[131.2567982700001,-12.995003119999978],[131.25670694000007,-12.995094269999981],[131.2566272800001,-12.995456419999982],[131.25638877000006,-12.995575969999948],[131.25625994000006,-12.995595159999937],[131.25571614000012,-12.995581809999976],[131.25545855000007,-12.995629229999963],[131.25524809,-12.99579370999993],[131.25520316000006,-12.995920609999928],[131.25522387,-12.996173449999958],[131.25529858000004,-12.996281239999973],[131.25540963000003,-12.996334489999981],[131.25563990000012,-12.996323449999977],[131.25575113000002,-12.996394779999946],[131.25578912000003,-12.996520959999941],[131.25578114000007,-12.99665656999997],[131.2554339300001,-12.996984899999973],[131.25526995000007,-12.997194159999935],[131.2550807,-12.99766569999997],[131.2549310700001,-12.997974229999954],[131.2549178600001,-12.998001459999955],[131.25494077000008,-12.998498259999963],[131.25502437000011,-12.998569819999943],[131.25526376000005,-12.998549669999932],[131.2553923600001,-12.99850336999998],[131.25572179000005,-12.998247489999926],[131.25585046000003,-12.998210229999927],[131.25659674000008,-12.99819470999995],[131.2566254400001,-12.998311929999943],[131.25659316000008,-12.998818249999943],[131.2566797600001,-12.999224039999945],[131.25669167,-12.999522139999954],[131.25665849000006,-12.999929059999943],[131.25658698000007,-13.000173669999981],[131.25651425,-13.000282739999932],[131.25624059000006,-13.000592349999977],[131.25598562000005,-13.00091987999997],[131.2558754800001,-13.000966019999964],[131.25574645000006,-13.000967139999943],[131.25523901000008,-13.000899249999975],[131.25474135000002,-13.000894539999933],[131.25409691000004,-13.000963389999981],[131.25372091000008,-13.00116554999994],[131.25343763,-13.001430059999961],[131.25337403000003,-13.001530019999961],[131.25336726000012,-13.001801169999965],[131.25341564000007,-13.002053759999967],[131.25368871000012,-13.00270200999995],[131.25393229000008,-13.00314267999994],[131.25402680000002,-13.003403919999926],[131.25418810000008,-13.003917589999958],[131.25435046000007,-13.004548729999954],[131.25457642000003,-13.00507990999995],[131.25467412000012,-13.005693529999974],[131.25469524000005,-13.005991549999976],[131.25469957000007,-13.00647043999993],[131.25466402000006,-13.006615329999931],[131.25443904000008,-13.007213689999958],[131.2543411900001,-13.007603099999926],[131.25430025000003,-13.00818178999998],[131.25431576000005,-13.008877449999943],[131.25429083000006,-13.00916682999997],[131.25409242000012,-13.009647489999963],[131.2540037000001,-13.010027779999973],[131.25392281000006,-13.010254399999951],[131.2537530300001,-13.010843239999929],[131.2535994000001,-13.011178919999963],[131.25346314,-13.011396969999964],[131.25315524000007,-13.011996049999937],[131.2530191200001,-13.012232179999955],[131.2527744900001,-13.012695159999964],[131.2527108800001,-13.012795109999956],[131.25259296000002,-13.013003969999943],[131.25238217000003,-13.013132309999946],[131.25219958000002,-13.013323659999969],[131.25177129000008,-13.013860529999931],[131.25145122000004,-13.014134399999932],[131.25117632,-13.014308479999954],[131.2505345400001,-13.014675499999953],[131.2504429600001,-13.014739549999945],[131.2503330300001,-13.014812799999959],[131.25024153000004,-13.014885879999952],[131.25015925000002,-13.014958889999946],[131.25005862000012,-13.015041089999954],[131.24997651,-13.01512312999995],[131.24989439,-13.015214209999954],[131.24980298000003,-13.015296329999956],[131.24973007000006,-13.015387319999945],[131.24966646000007,-13.015487269999937],[131.24958483000012,-13.01563256999998],[131.24952122000002,-13.015732519999972],[131.24945403000004,-13.015839749999941],[131.24942150000004,-13.01590497999996],[131.2493765700001,-13.016031879999957],[131.24931320000007,-13.016158939999968],[131.24927748000005,-13.01628575999996],[131.24924176000002,-13.016412579999951],[131.24922472000003,-13.016566259999934],[131.24920751000002,-13.01670194999997],[131.24919022000006,-13.016828609999948],[131.24916380000002,-13.016964389999941],[131.24911871000006,-13.01707321999993],[131.24906456000008,-13.017200199999934],[131.24900119000006,-13.017327249999937],[131.2489562600001,-13.017454149999935],[131.24890186000005,-13.017554029999928],[131.2488567900001,-13.017662849999965],[131.24883948000002,-13.017789509999943],[131.24880359000008,-13.017898259999981],[131.2487494500001,-13.018025239999929],[131.24874985000008,-13.018070419999958],[131.24882431000003,-13.018151099999955],[131.24892625000007,-13.018213469999978],[131.24902826000005,-13.018284879999953],[131.24906779000003,-13.018322959999978],[131.24912123000001,-13.018374439999945],[131.24921428000005,-13.018473029999939],[131.24931662000006,-13.018580579999934],[131.24941880000006,-13.018670059999977],[131.24949342000002,-13.018768809999926],[131.24957717000007,-13.018858449999982],[131.24966084000005,-13.018939049999972],[131.24974468000005,-13.019037719999972],[131.2498284300001,-13.01912735999997],[131.24993983000002,-13.01921675999995],[131.2500418400001,-13.019288159999974],[131.25013465000006,-13.019359649999956],[131.25024572000007,-13.019412899999963],[131.250366,-13.019466079999972],[131.25047724,-13.019537399999933],[131.25059769000006,-13.019608649999952],[131.25070884000002,-13.019670939999969],[131.25083842000004,-13.019733069999972],[131.25094952000006,-13.01978631999998],[131.25106948000007,-13.019803349999961],[131.25118944000008,-13.019820379999942],[131.25129127000002,-13.019873719999964],[131.25137511000003,-13.019972389999964],[131.25145878,-13.020052989999954],[131.25156072000004,-13.020115359999977],[131.251681,-13.020168529999978],[131.2517922400001,-13.020239859999947],[131.2519033100001,-13.020293109999955],[131.2520236800001,-13.020355319999965],[131.25214405000008,-13.020417529999975],[131.2522459800001,-13.020479899999941],[131.252348,-13.020551299999966],[131.25246847000005,-13.020622549999928],[131.25257953000005,-13.020675799999935],[131.25268138,-13.02072912999995],[131.25278341000012,-13.020800539999982],[131.252867,-13.020872099999963],[131.2529691000001,-13.02095253999994],[131.25305277000007,-13.021033139999929],[131.25312739000003,-13.021131889999936],[131.25319279000007,-13.021230719999949],[131.2532491500001,-13.02134770999993],[131.25329612000007,-13.021446699999956],[131.25333396000008,-13.021554809999941],[131.25338136000005,-13.02169897999994],[131.2534376200001,-13.02180691999996],[131.25347546000012,-13.021915029999946],[131.25351346000002,-13.02204120999994],[131.2535514100001,-13.022158349999927],[131.25359861000004,-13.022284449999972],[131.25363645000004,-13.022392559999957],[131.2536743700001,-13.022509699999944],[131.2536848100001,-13.022645159999968],[131.25369501000011,-13.022753509999973],[131.25371450000011,-13.022870809999972],[131.25374337000005,-13.023006099999975],[131.253772,-13.023114289999967],[131.25383740000007,-13.02321311999998],[131.25392108000005,-13.02329371999997],[131.25400475000004,-13.02337431999996],[131.2540793700001,-13.023473069999966],[131.25416321000012,-13.023571739999966],[131.25422862000005,-13.02367057999993],[131.25430324,-13.023769329999936],[131.25436864000005,-13.02386815999995],[131.25442508000003,-13.023994179999931],[131.25445379000007,-13.024111399999981],[131.25446423000005,-13.02424684999994],[131.25446537000005,-13.024373349999962],[131.2544571400001,-13.02448185999998],[131.2544397700001,-13.024599489999957],[131.25436703000003,-13.024708549999957],[131.2543033400001,-13.024799469999948],[131.254212,-13.024890629999959],[131.2541114500001,-13.024981869999976],[131.25399239,-13.025064229999941],[131.25388213000008,-13.025101339999935],[131.25374423000005,-13.025138679999941],[131.2536246100001,-13.02515778999998],[131.25350504000005,-13.025185939999972],[131.25337619000004,-13.025205139999969],[131.2532474200001,-13.025233369999967],[131.2531278900001,-13.02526150999995],[131.25300831000004,-13.025289659999942],[131.25288909000005,-13.025353949999953],[131.25277915000004,-13.025427199999967],[131.25267852000002,-13.025509399999976],[131.25260561000005,-13.025600399999973],[131.2525513800001,-13.025718339999969],[131.25250629000004,-13.025827169999957],[131.25249815000006,-13.025944719999927],[131.25249006,-13.026071299999955],[131.25249115000008,-13.026188759999968],[131.25249227000006,-13.026315259999933],[131.2524842800001,-13.026450869999962],[131.25249456000006,-13.026568259999976],[131.2525049200001,-13.026694679999935],[131.25250598000002,-13.026812139999947],[131.2524979100001,-13.026938719999976],[131.25249897000003,-13.027056179999931],[131.25253681000004,-13.027164289999973],[131.25262065000004,-13.027262959999973],[131.25270432000002,-13.027343559999963],[131.25281540000003,-13.027396819999979],[131.25292615,-13.027413929999966],[131.25305535000007,-13.027430869999932],[131.25317545000007,-13.027465979999931],[131.2532772300001,-13.027510269999937],[131.2533883100001,-13.027563519999944],[131.25348128000007,-13.027653079999936],[131.2535559800001,-13.027760869999952],[131.25360296000008,-13.027859859999978],[131.2536502600001,-13.027994989999968],[131.25366062000012,-13.028121409999926],[131.25366171000007,-13.028238869999939],[131.25366291000012,-13.02837440999997],[131.25366406000012,-13.028500909999934],[131.25365591000002,-13.028618449999954],[131.25365705000002,-13.028744949999975],[131.2536489800001,-13.028871529999947],[131.25361318000012,-13.028989319999937],[131.25354965000008,-13.02909829999993],[131.25346761000003,-13.029198419999943],[131.253404,-13.029298369999935],[131.2533104800001,-13.029433369999936],[131.25316887000008,-13.029916699999944],[131.25302104000002,-13.030344949999972],[131.2528761000001,-13.030775799999958],[131.25253542000007,-13.031616529999951],[131.25247624000008,-13.031736859999967],[131.25241567000012,-13.03185702999997],[131.25227795,-13.032085949999953],[131.2521307300001,-13.032257559999948],[131.2519594900001,-13.03241031999994],[131.2515857200001,-13.032690169999967],[131.25137356000005,-13.032853589999945],[131.25116771000012,-13.033021559999952],[131.25076603000002,-13.033365089999961],[131.25045976,-13.033629169999926],[131.25015220000012,-13.033893359999979],[131.24953598000002,-13.03442218999993],[131.2493727000001,-13.034568819999947],[131.24921138000002,-13.034717969999974],[131.24887203000003,-13.034993629999974],[131.24878966000006,-13.03504720999996],[131.24870514000008,-13.03509809999997],[131.24853097000005,-13.035191779999934],[131.2483222200001,-13.035284499999932],[131.24810793000006,-13.035364799999968],[131.2476796300001,-13.035525389999975],[131.24753370000008,-13.035584579999977],[131.24738633000004,-13.03564603999996],[131.247131,-13.03580575999996],[131.24701661000006,-13.035965879999935],[131.24694685000009,-13.036162399999967],[131.24688012000001,-13.03660132999994],[131.24685540000007,-13.036783089999972],[131.24682759000007,-13.036958819999938],[131.2467915200001,-13.037302419999946],[131.2467999800001,-13.037514339999973],[131.2468299300001,-13.037728429999959],[131.24691999000004,-13.038158859999953],[131.24697647000005,-13.038433169999962],[131.24702760000002,-13.038706169999955],[131.24712247000002,-13.039250509999931],[131.2471880700001,-13.03961572999998],[131.24725608000006,-13.039981569999952],[131.24738363000006,-13.040715749999947],[131.24742687000003,-13.04099242999996],[131.24746790000006,-13.041269399999976],[131.2475272900001,-13.041825079999967],[131.24753778000002,-13.04207791999994],[131.24753915000008,-13.04233137999995],[131.24753,-13.042838939999967],[131.24752523000006,-13.043076549999967],[131.24752093000006,-13.043314149999958],[131.24752568000008,-13.043788699999936],[131.24753692000002,-13.044012709999947],[131.24755304000007,-13.044236669999975],[131.24760565000008,-13.044682609999938],[131.24765448000005,-13.044956259999935],[131.24771353000006,-13.045228099999974],[131.24784957000008,-13.045768469999928],[131.24791626,-13.046019289999947],[131.24798368000006,-13.046269729999949],[131.24811670000008,-13.046771],[131.2481785000001,-13.04701037999996],[131.24823928,-13.047250129999952],[131.24835396000003,-13.04773130999996],[131.24839528000007,-13.04789730999994],[131.24843835000001,-13.048063389999982],[131.2484936300001,-13.048397889999933],[131.24849599000004,-13.04849545999997],[131.24849282000002,-13.048593619999963],[131.24846767000008,-13.048788489999936],[131.24842195000008,-13.048951539999962],[131.2483582200001,-13.049109509999937],[131.24821254000005,-13.049420539999971],[131.24813503000007,-13.049603929999932],[131.24806537000006,-13.049789869999927],[131.2479483300001,-13.05016833999997],[131.24790616000007,-13.050326389999952],[131.2478662100001,-13.050485239999944],[131.24780385000008,-13.050805759999946],[131.24777777000008,-13.051040479999926],[131.2477656200001,-13.051277339999956],[131.24778935000006,-13.051750179999942],[131.24782545000005,-13.051971899999955],[131.24787445000004,-13.052191509999943],[131.24798992,-13.052627679999944],[131.24804444000006,-13.052837029999978],[131.2480966600001,-13.053046679999966],[131.24819936000006,-13.053466249999929],[131.24823154000012,-13.05357024999995],[131.24826797000003,-13.05367438999997],[131.24830450000002,-13.053881009999941],[131.24829381000006,-13.053952219999928],[131.2482717700001,-13.05402351999993],[131.2482028700001,-13.054160209999964],[131.24811007000005,-13.054284179999968],[131.24800230000005,-13.054393739999966],[131.24776621,-13.054593229999966],[131.24754794000012,-13.054766369999982],[131.24732906000008,-13.054942499999981],[131.24698315000012,-13.055351869999981],[131.24693243000002,-13.05546155999997],[131.2468897000001,-13.05557731999994],[131.24684449000006,-13.055816639999932],[131.24685961000012,-13.056001029999948],[131.24691194000002,-13.056181849999973],[131.24707867000006,-13.05653751999995],[131.24712491000003,-13.05661527999996],[131.2471714200001,-13.056692859999941],[131.2472667300001,-13.056846729999961],[131.24737971000002,-13.057016899999951],[131.2474976300001,-13.057183949999967],[131.24774008000009,-13.057514019999928],[131.24792393000007,-13.057734269999969],[131.24811854000006,-13.057951529999968],[131.24839170000007,-13.058425549999981],[131.24840776000008,-13.05851956999993],[131.2484148100001,-13.058616829999949],[131.24841090000007,-13.058815749999951],[131.2483745400001,-13.059168039999975],[131.2483146200001,-13.059513209999977],[131.24816899000007,-13.060195909999948],[131.24812039000005,-13.060397029999933],[131.2480683000001,-13.060599259999947],[131.2480232900001,-13.061003219999975],[131.24803425000005,-13.061105229999953],[131.24805334000007,-13.061207809999928],[131.24811818000012,-13.061405419999971],[131.2482312400001,-13.061595369999964],[131.24838015000012,-13.061763509999935],[131.24873432000004,-13.062062419999961],[131.2491328200001,-13.062350739999943],[131.24953425,-13.06262709999993],[131.2502199600001,-13.063258559999952],[131.2503658700001,-13.063483469999937],[131.25049104000004,-13.063726809999935],[131.2506851600001,-13.06424579999998],[131.25077325000007,-13.064578289999929],[131.25082871000006,-13.064846899999964],[131.25084227000002,-13.064912399999969],[131.2509525800001,-13.065583559999936],[131.25098821000006,-13.065741569999943],[131.2510314100001,-13.065900769999928],[131.25105596000003,-13.066209779999951],[131.2510306700001,-13.066295669999931],[131.25099151000006,-13.066380049999964],[131.25088570000003,-13.066540189999955],[131.25076259000002,-13.06667011999997],[131.25062545000003,-13.066784449999943],[131.25038127000005,-13.067027129999929],[131.25034123000012,-13.06709533999998],[131.25030744000003,-13.067168469999956],[131.2502531,-13.067322829999966],[131.25020145000008,-13.067482139999981],[131.25015207,-13.067641699999967],[131.25010582000004,-13.067960269999958],[131.2501166400001,-13.068084429999942],[131.25014136000004,-13.06821008999998],[131.25023742000008,-13.068445279999935],[131.25034085000004,-13.068582729999946],[131.25046871000006,-13.068702249999944],[131.25076967000007,-13.06889517999997],[131.2510142000001,-13.069005369999957],[131.25126516000012,-13.06909281999998],[131.25177207000002,-13.069247889999929],[131.25196011000003,-13.069298849999939],[131.252156,-13.069348379999951],[131.25246212000002,-13.06951386999998],[131.25252649000004,-13.069639459999962],[131.25255548000007,-13.069796259999976],[131.25251013000002,-13.070127019999973],[131.25243421000005,-13.07027777999997],[131.25233114000002,-13.070408439999937],[131.25207117000002,-13.070617909999953],[131.2518050100001,-13.070755959999929],[131.25152231000004,-13.070858089999945],[131.25093922000008,-13.071023569999966],[131.25071406000006,-13.07108814999998],[131.25048929000002,-13.071155439999927],[131.2500710500001,-13.071341979999943],[131.24994111,-13.071434839999938],[131.24981915,-13.071540629999959],[131.24959472000012,-13.071777169999962],[131.24929879,-13.072113729999955],[131.2490142900001,-13.072460039999953],[131.24860949000004,-13.073218919999931],[131.24856976,-13.073380739999948],[131.24854075000007,-13.073546989999954],[131.24851782000007,-13.073884789999966],[131.24853107,-13.07417763999996],[131.24856948000001,-13.074469179999937],[131.24873650000006,-13.07502779999993],[131.24882150000008,-13.075201729999947],[131.24891834000005,-13.075370409999948],[131.24913435000008,-13.075696639999933],[131.24943206000012,-13.076102939999942],[131.2497416000001,-13.076499199999944],[131.25035910000008,-13.077290819999973],[131.25053979000006,-13.077516509999953],[131.25072574,-13.077742159999957],[131.25101099000005,-13.078224919999968],[131.25109721,-13.078618429999949],[131.25106984,-13.079021409999939],[131.2510323900001,-13.079136679999976],[131.2509836800001,-13.079248529999973],[131.25086182000007,-13.079461489999971],[131.25063002000002,-13.079760359999966],[131.25036265000006,-13.08002997999995],[131.24979495000002,-13.08054250999993],[131.24962805000007,-13.080717909999976],[131.24947047000012,-13.080902359999982],[131.24913576000006,-13.081244049999952],[131.24897885000007,-13.081353579999927],[131.24880926000003,-13.081447859999969],[131.2484505000001,-13.081611479999935],[131.24802709000005,-13.081810349999955],[131.24761164000006,-13.08201809999997],[131.24676310000007,-13.08236895999994],[131.24658899000008,-13.082416739999928],[131.24641219000011,-13.082458219999978],[131.24605379000002,-13.082525139999973],[131.24560711000004,-13.082574929999964],[131.2451577600001,-13.082599529999982],[131.24426677000008,-13.082675329999972],[131.24394079,-13.082740509999951],[131.24361769000006,-13.08282590999994],[131.2429841600001,-13.083044319999942],[131.24273486000004,-13.083140279999952],[131.24248647000002,-13.083238499999936],[131.2420099300001,-13.083467549999966],[131.2417321900001,-13.08365195999994],[131.24147147000008,-13.083863239999971],[131.2409769200001,-13.084324139999978],[131.24080460000005,-13.084483869999929],[131.24063078000006,-13.084640799999931],[131.24029130000008,-13.084960839999951],[131.2401622100001,-13.085099489999948],[131.24003807000008,-13.085243249999962],[131.23978665000004,-13.085528189999934],[131.2397057600001,-13.085614819999932],[131.23962357000005,-13.08570119999996],[131.23944388000007,-13.085851049999974],[131.23932377000006,-13.085913],[131.23919337000007,-13.085958409999932],[131.23891715000002,-13.086015569999972],[131.23874424000007,-13.08603901999993],[131.23857276,-13.086057409999967],[131.23823197000002,-13.086085669999932],[131.23816738000005,-13.086102769999968],[131.23810301000003,-13.086120579999942],[131.23797634000005,-13.086161079999954],[131.2378283800001,-13.086221279999961],[131.23768475000008,-13.086292559999947],[131.2374130600001,-13.086463269999967],[131.23727874000008,-13.086565009999958],[131.23714941000003,-13.086672489999955],[131.23690169000008,-13.086899639999956],[131.23672668000006,-13.087069149999934],[131.23655393,-13.087240979999933],[131.23622215000012,-13.08759681999993],[131.23607788000004,-13.087768409999967],[131.2359383800001,-13.087944109999967],[131.23566615000004,-13.088301059999935],[131.23553370000002,-13.088477599999976],[131.23540145000004,-13.08865450999997],[131.23512671000003,-13.088999729999955],[131.23501408000004,-13.089124599999934],[131.23489703000007,-13.08924597999993],[131.23466470000005,-13.089489889999982],[131.23457581000002,-13.089588129999981],[131.23444972000004,-13.08972751999994],[131.23424122000006,-13.089975659999936],[131.2339531,-13.09052349999996],[131.2339265600001,-13.090657829999941],[131.23391186000003,-13.090796309999973],[131.2339156800001,-13.09107685999993],[131.2339744200001,-13.091354399999943],[131.23407393000002,-13.091623359999971],[131.23423890000004,-13.092162039999948],[131.23425222000003,-13.092279669999982],[131.23425770000006,-13.092367649999971],[131.23425981000003,-13.092400969999971],[131.23422282,-13.092625749999968],[131.23415334000003,-13.09273117999993],[131.23405302000003,-13.092821779999952],[131.23380170000007,-13.092952],[131.23370627000008,-13.092981109999926],[131.23361105000004,-13.093002449999972],[131.23342077000007,-13.093032109999967],[131.23340140000005,-13.093034579999937],[131.23310574000004,-13.093072339999935],[131.23278784000001,-13.093109609999942],[131.23214899000004,-13.093181379999976],[131.23187071000007,-13.093194359999927],[131.2315871500001,-13.093196],[131.23107339000012,-13.093309059999967],[131.23097282000003,-13.093370479999976],[131.23087180000005,-13.093444099999942],[131.23074065000003,-13.093621889999952],[131.23073767000005,-13.093711199999973],[131.23076434000006,-13.093806119999954],[131.23087397000006,-13.093992139999955],[131.23099601,-13.094134399999973],[131.23112865000007,-13.094254519999936],[131.23142284000005,-13.094441019999977],[131.23157856000012,-13.094514759999981],[131.23174003000008,-13.094581499999947],[131.23207493000007,-13.094682069999976],[131.23240699000007,-13.094722929999932],[131.23274389000005,-13.094717939999953],[131.23342244000003,-13.09464780999997],[131.23367708,-13.094609909999974],[131.2339328600001,-13.094567579999932],[131.2344238500001,-13.094577689999937],[131.23454405000007,-13.094616679999945],[131.23466329000007,-13.094668959999979],[131.2348758600001,-13.094814139999926],[131.23498825000001,-13.094938229999968],[131.23508098000002,-13.095080199999927],[131.23519454000007,-13.095396039999969],[131.2352119300001,-13.095544899999936],[131.23521218000008,-13.095695079999928],[131.23517413000002,-13.095994429999962],[131.23510469000007,-13.09627704999997],[131.23501332,-13.096552919999965],[131.2348014800001,-13.097095579999973],[131.2346362300001,-13.097539349999977],[131.23448272000007,-13.097986809999952],[131.23418801000003,-13.09888559999996],[131.23413329000005,-13.099040319999972],[131.23407609000003,-13.099194619999935],[131.2339778600001,-13.099506409999947],[131.2339443400001,-13.099683279999965],[131.2339245700001,-13.099863179999943],[131.23390969000002,-13.100227209999957],[131.23392106000006,-13.100630499999966],[131.23397551000005,-13.101117719999934],[131.23399275000008,-13.101587109999969],[131.23376611000003,-13.10240080999995],[131.23363384000004,-13.102556389999961],[131.23347388000002,-13.102698299999929],[131.23313279,-13.10297595999998],[131.23301746000004,-13.103078979999964],[131.23290585000007,-13.103184949999957],[131.23272452000003,-13.10342092999997],[131.23267637000004,-13.103519749999975],[131.23263594000002,-13.103624829999944],[131.23259941000003,-13.103839039999968],[131.23263753000003,-13.104021969999962],[131.23273224000002,-13.10419509999997],[131.2330175500001,-13.10450230999993],[131.2331449300001,-13.104608559999974],[131.23327285000005,-13.104705949999982],[131.23352807000003,-13.10489186999996],[131.23363996000012,-13.10497222999993],[131.2337538600001,-13.105053749999968],[131.233958,-13.105235149999942],[131.2340873600001,-13.105431019999969],[131.23417384000004,-13.105656719999956],[131.23424374,-13.106148059999953],[131.23424793000004,-13.106357579999951],[131.23424325000008,-13.106564099999957],[131.23417455000003,-13.10696102999998],[131.23413539000012,-13.107065559999967],[131.23408858000005,-13.107168349999938],[131.2339818700001,-13.107370249999974],[131.23377976000006,-13.107734629999982],[131.2335761500001,-13.108095139999932],[131.2331531000001,-13.108804289999966],[131.23307468000007,-13.10892126999994],[131.23299294000003,-13.10903682999998],[131.2328494400001,-13.109276809999926],[131.23281057000008,-13.109373299999959],[131.23277930000006,-13.109473329999958],[131.2327332100001,-13.109679039999946],[131.23271853000006,-13.10975813999994],[131.2327044000001,-13.109837249999941],[131.23268444000007,-13.109995739999931],[131.23267968000005,-13.110080449999941],[131.23267824000004,-13.110165949999953],[131.232694,-13.11033451999998],[131.2327246100001,-13.110452179999982],[131.2327691700001,-13.110567009999954],[131.2328934300001,-13.110781],[131.23296979000008,-13.11087539999994],[131.23305338000011,-13.110963589999926],[131.23322741000004,-13.111133689999974],[131.2332823900001,-13.111188599999934],[131.23333687000002,-13.11124424999997],[131.233438,-13.11136093999994],[131.23350517000006,-13.111458759999948],[131.2335638200001,-13.111562619999972],[131.2336603000001,-13.111781909999934],[131.23371221000002,-13.11193598999995],[131.23375594000004,-13.112092119999943],[131.233842,-13.112403849999964],[131.23389879,-13.112576499999932],[131.23396248000006,-13.112747549999938],[131.23411913000007,-13.113076469999953],[131.23419696000008,-13.113210889999948],[131.23428002000003,-13.113343089999944],[131.2344758800001,-13.113582119999933],[131.2345744900001,-13.113664859999972],[131.23468178000007,-13.11373846999993],[131.23490631000004,-13.11387568999993],[131.23509506000005,-13.114001279999968],[131.23527652000007,-13.114135519999934],[131.23562574000005,-13.114419759999976],[131.2358310400001,-13.114591479999945],[131.23603620000006,-13.114763739999944],[131.23643874000004,-13.11511663999994],[131.23653534000005,-13.11520633999993],[131.23663106000004,-13.115297049999981],[131.2368200400001,-13.115481109999962],[131.23697792000007,-13.115618539999957],[131.23714439000003,-13.115753449999943],[131.23738675000004,-13.116059939999957],[131.23741630000006,-13.116171189999932],[131.23742941000012,-13.11629242999993],[131.23738829,-13.116529819999926],[131.23736622,-13.116573469999935],[131.23734050000007,-13.116615169999932],[131.23728190000008,-13.11669429999995],[131.23718540000004,-13.116806009999948],[131.23708339000007,-13.116912629999945],[131.23688103000006,-13.117126109999958],[131.23678309000002,-13.117237109999962],[131.23668723000003,-13.117351799999938],[131.23654235000004,-13.117602559999966],[131.2365159200001,-13.117677429999958],[131.2364913,-13.117758159999937],[131.2364924100001,-13.117891249999957],[131.23653687,-13.11792375999994],[131.23660739000002,-13.117937249999954],[131.23677670000006,-13.117926739999973],[131.23684233000006,-13.117915409999966],[131.2369021400001,-13.11790241999995],[131.23701126000003,-13.117867769999975],[131.2371032000001,-13.117824949999942],[131.23719414000004,-13.117772199999933],[131.23736883000004,-13.117646889999946],[131.23745225000005,-13.117573689999972],[131.2375310000001,-13.117497009999965],[131.23769254,-13.117353099999946],[131.2377769300001,-13.117294889999926],[131.23786690000009,-13.117242149999981],[131.23805971000002,-13.117167369999947],[131.23817630000008,-13.117144849999931],[131.23829666000006,-13.117134679999936],[131.23852986000009,-13.117169609999962],[131.23856724000007,-13.11718437999997],[131.238604,-13.117201229999978],[131.23867342000005,-13.117241559999968],[131.23877683000012,-13.117329669999947],[131.2388633700001,-13.11743815999995],[131.23896792000005,-13.11769081999995],[131.23897779000004,-13.117805129999965],[131.23896995000007,-13.117920139999967],[131.23893335000002,-13.118151069999954],[131.23892088000002,-13.11825048999998],[131.2389121000001,-13.118349689999945],[131.23890098000004,-13.118548049999958],[131.23889149000001,-13.118700669999953],[131.2388807000001,-13.118853569999942],[131.2388742500001,-13.119159139999965],[131.23888504,-13.119261159999951],[131.2389026500001,-13.119363299999975],[131.23892310000008,-13.119565359999967],[131.23891217000005,-13.119674609999947],[131.23888665000004,-13.119785259999958],[131.23879557500004,-13.119967297999949],[131.23878948000004,-13.119979479999927],[131.23862315000008,-13.12010128999998],[131.23840366000002,-13.12015434999995],[131.2379003200001,-13.120140829999968],[131.23765418000005,-13.12011278999995],[131.23742359000005,-13.120081629999959],[131.23697907000007,-13.120016909999947],[131.23681533,-13.119991219999974],[131.2366486200001,-13.119964029999949],[131.23631266000007,-13.119933239999966],[131.23612589000004,-13.119935949999956],[131.23593749000008,-13.119951319999927],[131.2355891100001,-13.12005518999996],[131.23547642000005,-13.120125479999956],[131.23537079000005,-13.120210519999944],[131.2351968600001,-13.120416439999929],[131.2351356800001,-13.120525229999942],[131.23508529000003,-13.12063951999994],[131.23502215000008,-13.120878809999965],[131.23500833000003,-13.121012039999925],[131.23500576000004,-13.12114669999994],[131.23503988000004,-13.121412709999959],[131.23506883000005,-13.121514119999972],[131.2351049,-13.12161347999995],[131.23519005000003,-13.12180810999996],[131.23529298000005,-13.122015859999976],[131.23540141,-13.122220409999954],[131.23561244000007,-13.122631269999943],[131.2356973100001,-13.12281577999994],[131.23577774000012,-13.123002949999943],[131.23590966000006,-13.123386839999966],[131.23593366000011,-13.123473199999978],[131.2359571300001,-13.12356073999996],[131.23598469,-13.123732289999964],[131.23591477000002,-13.12401527999998],[131.23571626000012,-13.124272099999928],[131.23511783000004,-13.124629],[131.23493267000003,-13.124677779999956],[131.23475052000003,-13.124704749999978],[131.23438756000007,-13.124724799999967],[131.23431833000006,-13.124726579999958],[131.23424883000007,-13.124728179999977],[131.23411019000002,-13.124736249999955],[131.23397924000005,-13.124753559999931],[131.23384906,-13.124779989999979],[131.23360241000012,-13.124868969999966],[131.23349544000007,-13.124928099999977],[131.2333928800001,-13.124996309999972],[131.23321320000002,-13.125160609999966],[131.23313597000003,-13.12527179999995],[131.2330738700001,-13.125393609999946],[131.23295273000008,-13.12563954999996],[131.23287290000007,-13.125753649999979],[131.2327800800001,-13.125858909999977],[131.23257124000008,-13.126051749999931],[131.23240972000008,-13.126185899999939],[131.2322462300001,-13.12631572999993],[131.2319204900001,-13.126574289999951],[131.2317441900001,-13.126722659999928],[131.2315709500001,-13.126875249999955],[131.2312308500001,-13.127188419999982],[131.23107373000005,-13.127336889999981],[131.23091742000008,-13.127486],[131.23060552000004,-13.127784819999931],[131.23047870000005,-13.127912889999948],[131.23035369000002,-13.12804363999993],[131.2300853600001,-13.128279109999937],[131.22993755000005,-13.128369039999939],[131.22977891000005,-13.128444599999966],[131.22944151000002,-13.128553069999953],[131.22928395000008,-13.12858443999994],[131.22912557000006,-13.128607139999929],[131.22880701000008,-13.12863718999995],[131.22859188000007,-13.128654499999982],[131.22837656000002,-13.128671549999979],[131.22794547,-13.128696159999947],[131.2277922500001,-13.128698209999982],[131.2276389100001,-13.128696919999982],[131.2273323500001,-13.12869784999998],[131.22725723000008,-13.128700759999958],[131.22718204000012,-13.128704669999934],[131.227032,-13.128716719999943],[131.22696070000006,-13.12872374999995],[131.22688926,-13.128731419999951],[131.22674831000006,-13.12875441999995],[131.22661612000002,-13.128788179999958],[131.22648560000005,-13.128833049999969],[131.22625144000006,-13.12896655999998],[131.22617306000006,-13.129038169999944],[131.22610166000004,-13.12911848999994],[131.2259861000001,-13.129298679999977],[131.22593138000002,-13.129437329999973],[131.2258947900001,-13.129582229999926],[131.22584108,-13.12987826999995],[131.22583324000004,-13.12991366999995],[131.2258247100001,-13.129948899999931],[131.22581004000006,-13.130019509999954],[131.22580476000007,-13.130078839999953],[131.22580533000007,-13.130138829999964],[131.22581589000004,-13.130259829999943],[131.2258158400001,-13.130305279999959],[131.22580516000005,-13.130363569999929],[131.22579427000005,-13.13048041999997],[131.22579757000005,-13.130536319999976],[131.22580561000007,-13.130592279999973],[131.22582303000002,-13.130704269999967],[131.22582308000005,-13.13081957999998],[131.22580542000003,-13.13093484999996],[131.2257580800001,-13.131165689999932],[131.22575281000002,-13.131219959999953],[131.22575053000003,-13.13127473999998],[131.22574099000008,-13.13138153999995],[131.2257061800001,-13.131489019999947],[131.22564719000002,-13.13159154999994],[131.22547664,-13.13175278999995],[131.22532996000007,-13.131812159999981],[131.2251687900001,-13.131832989999964],[131.2248307000001,-13.13180355999998],[131.2246350700001,-13.131765039999948],[131.2244466200001,-13.13171940999996],[131.22407496000005,-13.131633879999981],[131.22392062000006,-13.131603859999927],[131.22376335,-13.131576219999943],[131.22345109000003,-13.13156878999996],[131.2233492800001,-13.131587209999964],[131.2232470900001,-13.13161447999994],[131.22306413,-13.13170316999998],[131.22294422000004,-13.13183080999994],[131.2228629000001,-13.131995339999946],[131.2227825000001,-13.13237429999998],[131.2227681600001,-13.132523169999956],[131.22275904000003,-13.132667739999931],[131.2227618700001,-13.132951009999942],[131.2227727600001,-13.13308582999997],[131.22278828000003,-13.133221959999958],[131.22284141000011,-13.133490699999982],[131.22294018000002,-13.133759859999941],[131.22307535000004,-13.134015509999927],[131.22339913000008,-13.134503389999963],[131.22349014000008,-13.13463398999994],[131.2235804400001,-13.134764149999967],[131.2237533000001,-13.135028059999968],[131.22380892,-13.135120109999946],[131.22386297000003,-13.135213349999958],[131.22396506000007,-13.13540304999998],[131.2240479300001,-13.135547179999946],[131.2241354900001,-13.135694439999952],[131.22422199000005,-13.135981869999966],[131.22418778000008,-13.136104699999976],[131.22411318000002,-13.136226609999937],[131.22388665000005,-13.136423039999954],[131.2237620200001,-13.136476799999969],[131.2236322000001,-13.136507829999971],[131.22336479000012,-13.136526949999961],[131.2231227300001,-13.136513499999978],[131.2228805200001,-13.136484149999944],[131.22241191000012,-13.136480069999948],[131.22223134,-13.136528259999977],[131.22205370000006,-13.13660361999996],[131.22173268000006,-13.13682209999996],[131.22158709000007,-13.136963059999971],[131.22145530000012,-13.13711627999993],[131.22126178000008,-13.137459619999959],[131.22123145000012,-13.137560099999973],[131.22120924,-13.137663399999951],[131.22117416000003,-13.13787334999995],[131.22114079000005,-13.138038459999962],[131.22110095000005,-13.138201639999977],[131.2210196000001,-13.138527119999935],[131.2210018400001,-13.13861302999993],[131.22098584000003,-13.138699369999927],[131.22095263000006,-13.138871989999927],[131.22091890000002,-13.139012609999952],[131.22087908000003,-13.139151939999977],[131.22078519000002,-13.139426469999933],[131.22072864000006,-13.139574879999941],[131.2206696500001,-13.139722409999933],[131.22054059000004,-13.140012339999942],[131.22034744000007,-13.14035033999994],[131.22012442000005,-13.140672969999969],[131.2196921300001,-13.141326339999978],[131.21965505000003,-13.14139677999998],[131.21961936000002,-13.141468119999956],[131.21955091000007,-13.141612209999948],[131.21949454000003,-13.141732699999977],[131.2194383200001,-13.141853459999936],[131.21933392000005,-13.142097539999952],[131.21923205000007,-13.142401589999963],[131.2191538500001,-13.14271365999997],[131.2190510800001,-13.14335062999993],[131.21903193000003,-13.143521129999954],[131.21901475000004,-13.14369161999997],[131.2189852900001,-13.144032549999963],[131.21897046000004,-13.144252359999939],[131.21895815000005,-13.144472589999964],[131.21892494000008,-13.144912319999946],[131.2189041800001,-13.145085549999976],[131.21887931000003,-13.145258359999957],[131.21881958000006,-13.145602719999943],[131.2187942500001,-13.145749689999946],[131.21876971000006,-13.145897009999942],[131.2187012600001,-13.146185689999982],[131.21865449000006,-13.146316849999948],[131.2185992200001,-13.146446099999935],[131.21845810000002,-13.146687239999949],[131.2182938300001,-13.146866399999965],[131.21809926000003,-13.14701907999995],[131.2176794600001,-13.147298769999963],[131.21750315000008,-13.147431229999938],[131.21733531000007,-13.147571479999954],[131.21701514000006,-13.147867479999945],[131.2168866300001,-13.147992839999972],[131.2167589400001,-13.14811936999996],[131.21650145,-13.148370729999954],[131.21634772000004,-13.148512479999965],[131.21619120000003,-13.148651279999967],[131.21587392000004,-13.148924659999977],[131.21561536000002,-13.149155149999956],[131.21536004000006,-13.14938976999997],[131.21483179000006,-13.14983548999993],[131.21459254,-13.150013939999951],[131.21434605000002,-13.150186409999947],[131.21381565000002,-13.150452409999957],[131.2137062600001,-13.150482899999929],[131.2135944700001,-13.150507],[131.2133693300001,-13.15055203999998],[131.21312104000003,-13.150627379999946],[131.21288076000008,-13.15072712999995],[131.2124027100001,-13.150934479999933],[131.21217560000002,-13.151006739999957],[131.21194303000004,-13.151062959999933],[131.21147152000003,-13.15115394999998],[131.21138994000012,-13.151166769999975],[131.21130687000004,-13.151178139999956],[131.2111548800001,-13.15121722999993],[131.2110230300001,-13.151330959999939],[131.21094338000012,-13.15150830999994],[131.21089398000004,-13.151942389999931],[131.21090527,-13.152132159999951],[131.21093036000002,-13.152308689999927],[131.21097225000005,-13.15264566999997],[131.21096350000005,-13.152820599999927],[131.21093410000003,-13.152999229999978],[131.21086428,-13.15336138999993],[131.21085128000004,-13.153495419999956],[131.2108464900001,-13.15362928999997],[131.21083956000007,-13.153895659999932],[131.21079435000001,-13.154191],[131.21071222000012,-13.154482229999928],[131.2105402200001,-13.155065759999957],[131.21052078000002,-13.155180869999981],[131.21050716000002,-13.15529719999995],[131.21047520000002,-13.155527179999979],[131.2103881700001,-13.155806979999966],[131.21025120000002,-13.156073559999982],[131.20987392000006,-13.156549869999935],[131.20979218000002,-13.156617259999962],[131.2097025600001,-13.156679839999981],[131.2095794600001,-13.156824399999948],[131.2095740200001,-13.15686556999998],[131.20957654000006,-13.15691],[131.20959402000005,-13.157003199999963],[131.20961479000005,-13.157118869999977],[131.20963088000008,-13.157231869999976],[131.20967631000008,-13.157444379999959],[131.20979823000005,-13.157641859999956],[131.2099851800001,-13.157810139999981],[131.21036874000004,-13.158155019999981],[131.21039414000006,-13.158190579999939],[131.21041780000007,-13.158227159999967],[131.21046135000006,-13.158302419999927],[131.21052797000004,-13.158430889999977],[131.2105886600001,-13.158562569999958],[131.2106846700001,-13.158834549999938],[131.21072746000004,-13.159031089999928],[131.2107533200001,-13.159231119999959],[131.2107775500001,-13.159526679999942],[131.21074681000005,-13.159645679999926],[131.21071086000006,-13.159760839999933],[131.21060307000005,-13.15996481999997],[131.21053212000004,-13.160040799999933],[131.2104487800001,-13.160108569999977],[131.21025955000005,-13.160220799999934],[131.20998658000008,-13.160332049999965],[131.2097036,-13.160406679999937],[131.20912205000002,-13.160473679999939],[131.20895967,-13.160477969999931],[131.20879734000005,-13.16047827999995],[131.20847290000006,-13.160475649999967],[131.20831552000004,-13.160477819999926],[131.2081581100001,-13.160482789999946],[131.20784318000005,-13.160487399999965],[131.20777113000008,-13.16048412999993],[131.20769888000007,-13.160478969999929],[131.20755535,-13.16047360999994],[131.20739450000008,-13.160490709999976],[131.20723564000002,-13.160530939999944],[131.20692902000008,-13.160657009999966],[131.20681846000002,-13.16069916999993],[131.20670155000005,-13.160738219999928],[131.2065454200001,-13.160864539999977],[131.20654094000008,-13.160889789999942],[131.20654008000008,-13.160917259999962],[131.20653999,-13.160973929999955],[131.20651091000002,-13.161068609999973],[131.20644634000007,-13.161148319999938],[131.20626518000006,-13.161286239999981],[131.20583341000008,-13.161654579999947],[131.2054900600001,-13.162073119999945],[131.20520507000003,-13.162785698999926],[131.20511232,-13.16301760999994],[131.20508524000002,-13.163392679999959],[131.20510675000003,-13.163776189999965],[131.20524679000005,-13.164545439999927],[131.20532308000008,-13.164837299999931],[131.20540662000008,-13.165124399999968],[131.20556694000004,-13.165697559999956],[131.2055886500001,-13.16578882999994],[131.20560925000007,-13.16588054999994],[131.20564244000002,-13.16609632999996],[131.20564465000007,-13.166342199999974],[131.2056313700001,-13.16657915999997],[131.20549644000005,-13.166990399999975],[131.20538812000007,-13.167116489999955],[131.20525226000007,-13.167227449999928],[131.20493683000007,-13.167417219999948],[131.20470131000002,-13.167552169999965],[131.2044709500001,-13.167685629999937],[131.20399478000002,-13.167874429999927],[131.20387432000007,-13.167892269999982],[131.20375064000007,-13.167900649999979],[131.2034988800001,-13.167901279999967],[131.20313838000004,-13.167908439999962],[131.2027788800001,-13.167923189999954],[131.20208490000005,-13.167859199999953],[131.20192441000006,-13.167800759999977],[131.20176789000004,-13.16772519999995],[131.20145247000005,-13.167576359999941],[131.20128637000005,-13.167523479999943],[131.20111471000007,-13.167486],[131.2007653500001,-13.167461169999967],[131.20055558,-13.167484659999957],[131.20034851000003,-13.167531789999941],[131.19993507000004,-13.167630949999932],[131.19976308000003,-13.167651129999967],[131.19958950000012,-13.16765812999995],[131.19924,-13.167653169999937],[131.1988409700001,-13.167657229999975],[131.19844321000005,-13.16767490999996],[131.19765040000004,-13.167683059999945],[131.19751136000002,-13.167669789999934],[131.19737223000004,-13.167650919999971],[131.19709476000003,-13.167627279999977],[131.19693789000007,-13.16763611999994],[131.1967808700001,-13.167660509999962],[131.19647523000003,-13.167750059999946],[131.19621542000004,-13.16786948999993],[131.19597050000004,-13.168016259999945],[131.19551147000004,-13.168360139999947],[131.19495294,-13.16881756999993],[131.19440796000004,-13.169287249999968],[131.19342169000004,-13.17031185999997],[131.19314041000007,-13.170672749999937],[131.19287243000008,-13.171046349999926],[131.1924162800001,-13.171839509999927],[131.19235555000012,-13.17198443999996],[131.19230029000005,-13.17213210999995],[131.1921798400001,-13.172420779999982],[131.19201971000007,-13.17263459999998],[131.19181336000008,-13.172824869999943],[131.19148525000003,-13.173226459999967],[131.19145779000007,-13.173359439999956],[131.19145688000003,-13.17350321999993],[131.19150331000003,-13.173801939999976],[131.1915416800001,-13.173975929999926],[131.19158245000006,-13.174144559999945],[131.19167246000006,-13.174472819999949],[131.19177076000005,-13.174824679999972],[131.1918737100001,-13.175181559999942],[131.19217164000008,-13.17585024999994],[131.1922890400001,-13.17600602999994],[131.19242170000007,-13.176152189999982],[131.1926951700001,-13.176440379999974],[131.1928547000001,-13.176624539999978],[131.1930064700001,-13.176816899999949],[131.1932279,-13.177234659999954],[131.19325504000005,-13.177413359999946],[131.19325127000002,-13.177600989999974],[131.19327408000004,-13.177966229999981],[131.1933127000001,-13.17805698999996],[131.19336596000005,-13.17814328999998],[131.1934892600001,-13.178311399999927],[131.19369413000004,-13.178647429999955],[131.19384786000012,-13.179010019999964],[131.1939558800001,-13.179756879999957],[131.19384344000002,-13.180241929999966],[131.19360667,-13.180702929999939],[131.1929697500001,-13.18158890999996],[131.1926242500001,-13.182091949999972],[131.1923109600001,-13.182597699999974],[131.19191192000005,-13.183303550999938],[131.19173452000007,-13.183617349999963],[131.19125062000012,-13.18438625999994],[131.19072855000002,-13.185150249999936],[131.18997433000004,-13.18677533999994],[131.18995023000002,-13.186942809999948],[131.1899365800001,-13.187113629999942],[131.18988910000007,-13.187448389999929],[131.18982562000008,-13.18762984999995],[131.18973643000004,-13.18780492999997],[131.1894938800001,-13.18811686999993],[131.1892944000001,-13.188281949999975],[131.18907276000004,-13.188418399999932],[131.18860411000003,-13.188658529999941],[131.18787951000002,-13.189111499999967],[131.18721991000007,-13.189653539999938],[131.18606388000012,-13.19091136999998],[131.1858830100001,-13.191168749999974],[131.18571413000006,-13.191436409999937],[131.1853119000001,-13.191900079999982],[131.18524331000003,-13.19194177999998],[131.18516910000005,-13.191978649999953],[131.18503855000006,-13.192062359999966],[131.18498635000003,-13.192150549999951],[131.18496713000002,-13.19226077999997],[131.18497517000003,-13.19251111999995],[131.18496391000008,-13.192749689999971],[131.18492587000003,-13.192973489999929],[131.18489450000004,-13.19339739999998],[131.1849179500001,-13.193503289999967],[131.18495440000004,-13.193609339999966],[131.18504861000008,-13.193821709999952],[131.18507304000002,-13.19395604999994],[131.18488917000002,-13.194645309999942],[131.1848090200001,-13.195173739999973],[131.184744,-13.195532139999955],[131.18447546000004,-13.196142599999973],[131.1844263700001,-13.196107049999966],[131.18443953000008,-13.19756689999997],[131.18445838000002,-13.198918989999981],[131.18443344000002,-13.199370399999964],[131.1844406900001,-13.203191588999971],[131.184442912,-13.204363],[131.1844448610001,-13.205390489999957],[131.18446006500005,-13.21340425699998],[131.18448792000004,-13.228086039999937],[131.18645671000002,-13.246739029999958],[131.1864570560001,-13.24848276399996],[131.18646258,-13.27628685999997],[131.18645703000004,-13.280561759999955],[131.1694739300001,-13.28055693999994],[131.1654672300001,-13.280555619999973],[131.15844206000008,-13.280553189999978],[131.12827332000006,-13.280547249999927],[131.09788170000002,-13.280542459999936],[131.07016446000011,-13.28053762999997],[131.0399943000001,-13.280542129999958],[131.01346071000012,-13.280543119999948],[131.00982352000005,-13.280563649999976],[130.9796522800001,-13.280563939999979],[130.94948053000007,-13.280556289999936],[130.91930816,-13.28055687999995],[130.8891361200001,-13.280543689999945],[130.88913723000007,-13.278420629999971],[130.88913700000012,-13.248867019999977],[130.88913644000002,-13.219313449999959],[130.8891381300001,-13.189759789999925],[130.88913533000004,-13.169324539999934],[130.88913949000005,-13.15169383999995],[130.8891403,-13.122140779999938],[130.8891429800001,-13.10109910999995],[130.8889495300001,-13.072924159999957],[130.8890380800001,-13.04670533999996],[130.88903829000003,-13.046641229999977],[130.88904614000012,-13.04334130999996],[130.88908125000012,-13.027982899999927],[130.8890828100001,-13.027641599999981],[130.88911408,-13.013802899999973],[130.88915973000007,-12.98427634999996],[130.88919009000006,-12.97682857999996],[130.8892082200001,-12.972151139999937],[130.8892513300001,-12.951214069999935],[130.88925930000005,-12.947890359999974],[130.88926054,-12.947711479999953],[130.88924393000002,-12.940369789999977],[130.88921776200004,-12.929313547999982],[130.8891915800001,-12.918251159999954],[130.89275527600012,-12.918270363999966],[130.91905210000004,-12.918412069999931],[130.91923728000006,-12.91840979999995],[130.92665138000007,-12.918394259999957],[130.93406397,-12.918378329999939],[130.94143930000007,-12.918362469999977],[130.94150288000003,-12.918362899999977],[130.94873770000004,-12.918385839999928],[130.94878202000007,-12.918386239999961],[130.94905466000012,-12.918387089999953],[130.96425188000012,-12.918429139999944],[130.97172244,-12.918446049999943],[131.0387374280001,-12.918818778999935],[131.03874142200004,-12.889653131999978],[131.06953778700006,-12.88973204399997],[131.07343586600007,-12.889742031999958],[131.14202098400006,-12.889917766999929],[131.142135,-12.889281],[131.142192,-12.888337],[131.142163,-12.887479],[131.140921,-12.876860001999944],[131.140735,-12.875234998999929],[131.140673998,-12.87401099899995],[131.14070399800005,-12.872777002999953],[131.140819,-12.871505002999982],[131.14098400000012,-12.87045300099993],[131.142541,-12.863225],[131.14264799800003,-12.862019997999937],[131.14261100200008,-12.861005003999935],[131.14246100200012,-12.859979002999978],[131.142241,-12.859160996999947],[131.14119743800006,-12.856251336999946],[131.13988499800007,-12.852592001999938],[131.1350507290001,-12.839279466999926],[131.1345033020001,-12.83777196799997],[131.13521535000007,-12.83754364799995],[131.13556843000003,-12.837459581999951],[131.1359551370001,-12.837493207999955],[131.13661085600006,-12.837190567999926],[131.13701437600002,-12.837022434999938],[131.1374010820001,-12.83703924799994],[131.13790548200006,-12.837005621999936],[131.13834262900002,-12.83677023499996],[131.1389647210001,-12.836467595999977],[131.13938505500005,-12.836265835999939],[131.14073012000006,-12.836080888999959],[131.141301773,-12.83618176899995],[131.14212562600005,-12.836433968999927],[131.14268046600012,-12.836702981999963],[131.14303354600008,-12.837207381999974],[131.14360519900004,-12.838014420999968],[131.14404234500012,-12.83840112799993],[131.14439542500008,-12.838468380999927],[131.14488301100005,-12.838417940999932],[131.1454378510001,-12.838434753999934],[131.14715281000008,-12.839914326999974],[131.14743863600006,-12.840216965999957],[131.14752270300005,-12.841007192999939],[131.14772446300003,-12.841309831999979],[131.1481447960001,-12.841393898999968],[131.14891820900004,-12.84141071199997],[131.14948986100012,-12.841309831999979],[131.14989338100008,-12.841024005999941],[131.1509189940001,-12.840704552999966],[131.15122163400008,-12.840687739999964],[131.15187735300003,-12.840855872999953],[131.1524490060001,-12.840754992999962],[131.15293659300005,-12.840771805999964],[131.15317197900004,-12.840889498999957],[131.1537604450001,-12.841578845999948],[131.15434891200005,-12.841898298999979],[131.1549373780001,-12.841898298999979],[131.15555947100006,-12.841646098999945],[131.157408937,-12.840452352999932],[131.15855224200004,-12.840132899999958],[131.1592079620001,-12.839981579999971],[131.15969554800006,-12.840082459999962],[131.15967873500006,-12.84073817899997],[131.15989730800004,-12.840805432999957],[131.1606034680001,-12.840502792999928],[131.16083998700003,-12.840519985999947],[131.16130128500004,-12.84054739499993],[131.16130128500004,-12.840215610999962],[131.1612409610001,-12.839642528999946],[131.16133144700007,-12.83937106999997],[131.16163306900012,-12.839401231999943],[131.16217598900005,-12.83937106999997],[131.1623569620001,-12.839190095999982],[131.16241728600005,-12.83876782599998],[131.16217598900005,-12.838496365999958],[131.16205534000005,-12.838164581999933],[131.16241728600005,-12.838074095999957],[131.16277923200005,-12.838043933999927],[131.1630808540001,-12.837802635999935],[131.163593611,-12.837139067999942],[131.163955557,-12.836626310999975],[131.16407620600012,-12.836143715999981],[131.164520723,-12.836056864999932],[131.16522236900005,-12.836053229999948],[131.16534301800004,-12.83629452699995],[131.16561447700008,-12.836565986999972],[131.166036748,-12.836445337999976],[131.1662478830001,-12.835781769999926],[131.16654950500003,-12.83566112099993],[131.16691145100003,-12.835600796999927],[131.16724323500011,-12.835449985999958],[131.1674543700001,-12.834967390999964],[131.1676051810001,-12.834635606999939],[131.16787664100002,-12.834394309999936],[131.16775599200002,-12.83388155199998],[131.1674845330001,-12.833368794999956],[131.16721307300008,-12.832946524999954],[131.16721307300008,-12.832494091999934],[131.1674845330001,-12.832192469999939],[131.16805761400008,-12.831951172999936],[131.16860053300002,-12.831619388999968],[131.16932442600012,-12.831408253999939],[131.1700483180001,-12.831317766999973],[131.1704102640001,-12.831046306999951],[131.17059123700005,-12.830533549999927],[131.17074204800008,-12.83017160399993],[131.171164319,-12.829960468999957],[131.171646914,-12.829839819999961],[131.1720993460001,-12.829658846999962],[131.17252161700003,-12.829296900999964],[131.17267242800006,-12.828723818999947],[131.17270259000009,-12.827336358999958],[131.1728534010001,-12.826672790999964],[131.17315502300005,-12.826401330999943],[131.1736979420001,-12.82637116899997],[131.1741805370001,-12.826220357999944],[131.1745424830001,-12.82555678999995],[131.17487426700006,-12.825104357999976],[131.17511556500006,-12.824621762999982],[131.1750250780001,-12.824259816999927],[131.17487426700006,-12.823958194999932],[131.17499491600006,-12.823535923999941],[131.17532670000003,-12.823053328999947],[131.17568864600003,-12.822600896999973],[131.17608075400005,-12.822269112999948],[131.1768649710001,-12.82190716599996],[131.17725707900001,-12.821665868999958],[131.1772269170001,-12.82067051699994],[131.17725707900001,-12.820037110999976],[131.17743805300006,-12.819675164999978],[131.17831275600008,-12.819132245999981],[131.17888583700005,-12.819041758999958],[131.17915729700007,-12.81883062399993],[131.17915729700007,-12.818287704999932],[131.17912713500004,-12.817684460999942],[131.17885567500002,-12.817503487999943],[131.17867470200008,-12.816960568999946],[131.17888583700005,-12.81602554099993],[131.17921762100002,-12.81503018899997],[131.1799113510001,-12.813884025999926],[131.18048443300006,-12.812918835999938],[131.18181156900005,-12.81119959199998],[131.18205286600005,-12.81101861899998],[131.1825957860001,-12.811048780999954],[131.182987894,-12.81098845699995],[131.18316886700006,-12.810747158999959],[131.1830783810001,-12.809993104999933],[131.18280692100006,-12.809148562999951],[131.18289740700004,-12.808454832999928],[131.18458649000002,-12.807067372999938],[131.18485794900005,-12.806554615999971],[131.1855215170001,-12.806041858999947],[131.18763287000002,-12.80486553399993],[131.18790433000004,-12.804925857999933],[131.187994816,-12.80534812899998],[131.1884472490001,-12.80552910199998],[131.18911081700003,-12.805438614999957],[131.18938227700005,-12.805076668999959],[131.18977438500008,-12.80486553399993],[131.1902871420001,-12.804986181999936],[131.19086022300007,-12.804714722999961],[131.19095071000004,-12.804382938999936],[131.19143330500003,-12.803930505999972],[131.19291125200004,-12.80384001899995],[131.193363685,-12.803749532999973],[131.19414790100006,-12.803025640999977],[131.19426855000006,-12.802392234999957],[131.19499244200006,-12.801788990999967],[131.19535438900004,-12.801427044999969],[131.19610844300007,-12.801155584999947],[131.1970133090001,-12.80103493699994],[131.19776736300003,-12.80124607199997],[131.19861190400002,-12.80163817999994],[131.20069309500002,-12.802814504999958],[131.2029552580001,-12.804232127999967]],[[131.01938299900007,-13.05708515899994],[131.01936323100006,-13.07168455699997],[131.02937917000008,-13.071664987999952],[131.03013236100003,-13.071664580999936],[131.0339681700001,-13.071651079999981],[131.03474044000006,-13.071648839999966],[131.03609652000011,-13.071645389999958],[131.04419324000003,-13.07162300999994],[131.04418878,-13.070611749999955],[131.04418834600006,-13.07034385999998],[131.0441857300001,-13.068728909999948],[131.0441657780001,-13.05737797699993],[131.0441652500001,-13.057077419999928],[131.0429041860001,-13.05707919799994],[131.03483145000007,-13.057090579999965],[131.03482243400003,-13.056247969999959],[131.03479183000002,-13.053388667999968],[131.03537504000008,-13.053383809999957],[131.03561190200003,-13.050226038999938],[131.0407097640001,-13.04969381899997],[131.04325999900004,-13.049427567999942],[131.0432587030001,-13.049056048999944],[131.04326360800007,-13.04066658599993],[131.0432640670001,-13.039881488999981],[131.04326448400002,-13.039167650999957],[131.04326664300004,-13.035475349999956],[131.01201754200008,-13.035461177999935],[131.01781902200003,-13.040864727999974],[131.01890233900008,-13.042130320999945],[131.0184503910001,-13.042437511999935],[131.01829686000008,-13.042545080999957],[131.0188933610001,-13.043692717999932],[131.01894647900008,-13.055958507999947],[131.01938299900007,-13.05708515899994]],[[131.11861726000006,-13.218383309999979],[131.1180747400001,-13.221037449999926],[131.1158727400001,-13.220585769999957],[131.11371752000002,-13.22074637999998],[131.11184434000006,-13.221202869999956],[131.1104344700001,-13.22201248999994],[131.10858473000008,-13.223266739999929],[131.10685822000005,-13.223405689999936],[131.10473395000008,-13.225242349999974],[131.1023538600001,-13.22629397999998],[131.1015518600001,-13.226065160999951],[131.10106748200008,-13.226699929999938],[131.09809345200006,-13.230765668999936],[131.098096961,-13.233547260999956],[131.09809654900005,-13.234212679999928],[131.09810109900002,-13.23466574899993],[131.09809889200005,-13.23489314099993],[131.09727078000003,-13.234309911999958],[131.09587838900006,-13.234309049999979],[131.0958806000001,-13.238745071999972],[131.09809899200002,-13.237535756999932],[131.09811716000002,-13.252297867999971],[131.09811209400004,-13.252825050999945],[131.10807862600007,-13.25282539999995],[131.11752661600008,-13.252825731999962],[131.1175352690001,-13.245486608999954],[131.11869417000003,-13.242508889999954],[131.11901907800006,-13.24167510999996],[131.11995633100003,-13.239269951999972],[131.1182348220001,-13.238626077999982],[131.11775546900003,-13.238449789999947],[131.12242816200012,-13.23553450199995],[131.12310038100009,-13.234605060999968],[131.12343295000005,-13.232851377999964],[131.12392847800004,-13.232307571999968],[131.12558492000005,-13.231795409999961],[131.1265609190001,-13.230790957999943],[131.1267026690001,-13.230479269999933],[131.12700571200003,-13.23012258999995],[131.12847509900007,-13.223926908999942],[131.12502642100003,-13.223318508999967],[131.12484259000007,-13.223199823999948],[131.1217733300001,-13.221218239999928],[131.1213137200001,-13.221189519999939],[131.12175229000002,-13.220598479999978],[131.11861726000006,-13.218383309999979]]]}},{"type":"Feature","properties":{"CUSTODIAN":"Bushfires NT, Department of Environment and Natural Resources","BND_TYPE":"Volunteer Bushfire Brigade Area","SHORT_NAME":"Marrakai","GAZ_NAME":"Marrakai Volunteer Bushfire Brigade","GAZ_NO":"G7","GAZ_DATE":"2019-02-13T00:00:00","NOTES":"Change from previous name Beatrice Hill and revokes G8, 26/02/1997.","SHAPE_Leng":1.40589827211,"SHAPE_Area":0.109281820818,"AREA_KM2":1312.97},"geometry":{"type":"Polygon","coordinates":[[[131.39051232000008,-12.91941074999994],[131.36587190000012,-12.919418329999928],[131.33569012400005,-12.919416354999953],[131.33441875100004,-12.919416271999978],[131.27513396300003,-12.919412393999949],[131.27400295000007,-12.919412319999935],[131.2732107800001,-12.919419219999952],[131.27292060900004,-12.919429778999927],[131.27205031000005,-12.91944738999996],[131.27166035800008,-12.919446406999953],[131.26678086000004,-12.91942993999993],[131.26512272000002,-12.919393],[131.26465866600006,-12.919389819999935],[131.2646663800001,-12.919277099999931],[131.26469095000004,-12.919146799999965],[131.26474802000007,-12.918967749999979],[131.26478054000006,-12.918865899999957],[131.2647507900001,-12.918631209999944],[131.26452639000001,-12.918253629999981],[131.26435887000002,-12.918065319999926],[131.26400723000006,-12.917887639999947],[131.2637583500001,-12.917871719999937],[131.2635292000001,-12.918000219999954],[131.26315512000008,-12.918401059999951],[131.26270736000004,-12.918802539999945],[131.26232096,-12.918860109999969],[131.2619616300001,-12.918854179999926],[131.26129630000003,-12.918625],[131.26118529000007,-12.918571739999948],[131.26070287000005,-12.918196389999935],[131.26049892000003,-12.918053579999935],[131.26017400000012,-12.917776259999926],[131.25985879000007,-12.917553079999948],[131.25952556000004,-12.917375319999962],[131.25922142000002,-12.917359879999935],[131.25898152000002,-12.917316779999965],[131.25864845,-12.917157],[131.25814959000002,-12.916989529999967],[131.2576144400001,-12.916894759999934],[131.2573464300001,-12.916797679999945],[131.25710660000004,-12.916763599999967],[131.25670146000004,-12.916785179999977],[131.25655408000011,-12.916786449999961],[131.25640135000003,-12.91678780999996],[131.25577498000007,-12.916793219999931],[131.25566405000006,-12.916748989999974],[131.25544143000002,-12.91657921999996],[131.25525533000007,-12.916372989999957],[131.25510471000007,-12.91601283999995],[131.25467548000006,-12.915402059999963],[131.25431275000005,-12.915016629999968],[131.25396950000004,-12.914748509999981],[131.2533312500001,-12.914455799999928],[131.25280492000002,-12.914315759999965],[131.25241683000002,-12.91418355999997],[131.25225086000012,-12.914166929999965],[131.25197437000008,-12.914151229999959],[131.25145813000006,-12.914110499999936],[131.25117258000012,-12.914112969999962],[131.25087330000008,-12.91406878999993],[131.25063941000008,-12.91400871999997],[131.25039161000007,-12.913956949999942],[131.25014597000006,-12.913908619999972],[131.2497851700001,-12.91381081999998],[131.2494519600001,-12.913701139999944],[131.2488695400001,-12.91342727999995],[131.24853209000003,-12.913286599999935],[131.24835374000008,-12.913245439999969],[131.24804388000007,-12.913092869999957],[131.24782570000002,-12.913021009999966],[131.2475609700001,-12.912946009999928],[131.2473111600001,-12.91287441999998],[131.2469428500001,-12.912764549999963],[131.2464569000001,-12.912710609999976],[131.24596674000009,-12.912741989999972],[131.24563453000007,-12.91274483999996],[131.24527454000008,-12.912736299999949],[131.2449166,-12.91275485999995],[131.24449313000002,-12.912723569999969],[131.24425209000003,-12.912748929999964],[131.24401917000012,-12.912797499999954],[131.24375884000005,-12.912877349999974],[131.24345218000008,-12.912964949999946],[131.24308960000008,-12.913111649999962],[131.24290049,-12.913194769999961],[131.24268756000004,-12.91329210999993],[131.2422539900001,-12.913482249999959],[131.24203463000003,-12.913562389999981],[131.24180976000002,-12.913613209999937],[131.24154957000007,-12.913659669999959],[131.241282,-12.913662],[131.24106451000011,-12.913667739999937],[131.24071676000005,-12.91370177999994],[131.2404834900001,-12.913711539999952],[131.24013766000007,-12.913739729999975],[131.23987338000006,-12.91372642999994],[131.23962388000007,-12.913689769999962],[131.23933875000012,-12.913649519999979],[131.23897383000008,-12.91353233999996],[131.23874104000004,-12.91343833999997],[131.23847049000005,-12.913258259999964],[131.2381995500001,-12.91303548999997],[131.23801275000005,-12.91283207999993],[131.2378129000001,-12.91259705999994],[131.23750615000006,-12.912282179999977],[131.23735463000003,-12.912143759999935],[131.23713164000003,-12.91197490999997],[131.2368120100001,-12.911612849999926],[131.23659224000005,-12.911362439999948],[131.23636093000005,-12.911147089999929],[131.23622277000004,-12.91103770999996],[131.23582442000009,-12.910719],[131.23553369,-12.910492519999934],[131.23528743000008,-12.910301509999954],[131.23502871000005,-12.910117439999965],[131.23480933000008,-12.909909739999932],[131.2342684900001,-12.909492199999931],[131.23394150000001,-12.909192289999964],[131.23377756000002,-12.908991889999982],[131.23356231000002,-12.908719579999968],[131.23335480000003,-12.90851177999997],[131.23314688000005,-12.908257419999927],[131.23289919,-12.907899929999928],[131.23272658000008,-12.907614229999979],[131.2324826800001,-12.90731747999996],[131.2323188900001,-12.907075519999978],[131.2321780300001,-12.906801169999937],[131.2320133600001,-12.90651927999994],[131.2318812000001,-12.906284349999964],[131.23174443000005,-12.906025499999942],[131.23164385000007,-12.905805979999968],[131.23153036000008,-12.905496479999954],[131.23135329000002,-12.905152579999935],[131.23111311000002,-12.904783109999926],[131.23085719000005,-12.904467069999953],[131.2305486900001,-12.90420697999997],[131.2302266700001,-12.904019559999938],[131.22996009000008,-12.903839429999948],[131.22955048000006,-12.903586789999963],[131.22904613000003,-12.903354349999972],[131.22879710000007,-12.903225839999948],[131.22848295000006,-12.903034469999966],[131.22816094000007,-12.902847049999934],[131.22774759000004,-12.902617719999967],[131.22756278000008,-12.902541749999955],[131.22732464000012,-12.902446759999975],[131.22714643000006,-12.902421109999977],[131.22690979000004,-12.902399919999937],[131.22667251000007,-12.902401939999947],[131.22643911000011,-12.902396159999967],[131.226202,-12.902417579999963],[131.22602469000003,-12.902492829999971],[131.2257933400001,-12.902663749999931],[131.22562162000008,-12.902925229999937],[131.2255406700001,-12.903162649999956],[131.2254910900001,-12.903368769999929],[131.22550129,-12.903628699999956],[131.22562612000002,-12.903879889999928],[131.2257619600001,-12.904033969999944],[131.22600910000006,-12.904316879999953],[131.2261771200001,-12.904532779999954],[131.2262929100001,-12.90465598999998],[131.22642083000005,-12.90481012999993],[131.2265686400001,-12.904975749999949],[131.22669312000005,-12.905151889999956],[131.22676981000006,-12.905325869999956],[131.22682252000004,-12.905472139999972],[131.22682369000006,-12.90560408999994],[131.22681681000006,-12.905720569999971],[131.22678995,-12.905813939999973],[131.22673170000007,-12.905934749999972],[131.22664582000004,-12.906063549999942],[131.2265204800001,-12.906200449999972],[131.22626073000004,-12.906346259999964],[131.22582734000002,-12.90640432999993],[131.22512628000004,-12.906289989999948],[131.22472988000004,-12.906188579999935],[131.22432029000004,-12.90608930999997],[131.22371724000004,-12.905877109999949],[131.22348268000007,-12.905739399999959],[131.22309336,-12.905544779999957],[131.22264585000005,-12.905274449999979],[131.22236348,-12.90509831999998],[131.2220530200001,-12.904875869999955],[131.22153602000003,-12.904554269999949],[131.22124967000002,-12.90437430999998],[131.22095520000005,-12.904171119999944],[131.22056534,-12.90391440999997],[131.2202587700001,-12.903684159999955],[131.21997065000005,-12.903472049999948],[131.21946122000008,-12.903111559999957],[131.2189352900001,-12.902673599999957],[131.21854813000004,-12.902273279999974],[131.21827616000007,-12.901930189999973],[131.21812089000002,-12.901662299999941],[131.21783668000012,-12.901276629999927],[131.21773170000006,-12.901033009999935],[131.21757136000008,-12.900789879999934],[131.2174151800001,-12.900569979999943],[131.21723943000006,-12.900301599999977],[131.21703115000003,-12.90000453999994],[131.21684728000002,-12.899784889999978],[131.21649991000004,-12.899411379999947],[131.21631618000004,-12.89920724999996],[131.2161365500001,-12.899018609999928],[131.2158000500001,-12.89873665999994],[131.21540546000006,-12.898390719999952],[131.2151145800001,-12.898144799999955],[131.21480799000005,-12.89791066999993],[131.21457677,-12.897703049999961],[131.21435351000002,-12.897499249999953],[131.21410549000007,-12.897324929999968],[131.21388645000002,-12.897152139999946],[131.21362763000002,-12.896952529999965],[131.21338867000009,-12.89676437999998],[131.21312180000007,-12.896549309999955],[131.21280328000012,-12.896307509999929],[131.21244443000012,-12.895976779999955],[131.2122172700001,-12.89578076999993],[131.21188064000012,-12.895510009999953],[131.21145423000007,-12.895141039999942],[131.21103599000003,-12.89480304999995],[131.21065449000002,-12.894477379999955],[131.2103468800001,-12.894126809999932],[131.21003597000004,-12.893850009999937],[131.20981257000005,-12.893630679999944],[131.2095622700001,-12.89340500999998],[131.20931923000012,-12.893201369999929],[131.20906643,-12.893011409999929],[131.20881579000002,-12.892842769999959],[131.20862853000006,-12.892685229999927],[131.20843333000005,-12.892523879999942],[131.20825401000002,-12.892370159999928],[131.2080904400001,-12.892208529999948],[131.20794665000005,-12.892046749999963],[131.2077350500001,-12.891819569999939],[131.20759095000005,-12.891622849999976],[131.2074601500001,-12.891420799999935],[131.2073435000001,-12.891196689999958],[131.20724682000002,-12.890995699999962],[131.20716217000006,-12.890814009999929],[131.20704490000003,-12.890520049999964],[131.20694414000002,-12.89030355999995],[131.20684327000004,-12.890075439999976],[131.20677063000005,-12.889909169999953],[131.20668553000007,-12.889677029999973],[131.20658866000008,-12.889452749999975],[131.20649212,-12.889215989999968],[131.2063992300001,-12.888995559999955],[131.20629025000005,-12.888744219999978],[131.20622528,-12.888550719999955],[131.20616027000005,-12.888353329999973],[131.20610321000004,-12.888159769999959],[131.20603988000005,-12.887991149999948],[131.20594703000006,-12.887774599999943],[131.20585413000003,-12.88755416999993],[131.20576124000002,-12.887333739999974],[131.2056684900001,-12.887128829999938],[131.20557939000003,-12.886888969999973],[131.20549131000007,-12.886693019999939],[131.20519078000007,-12.886245359999975],[131.20509258000004,-12.88614698999993],[131.20467884000004,-12.885867159999975],[131.20437311000012,-12.885730029999934],[131.20401970000012,-12.885566129999972],[131.20375363000005,-12.885440289999963],[131.20346281000002,-12.885198239999966],[131.20327552000003,-12.885036819999982],[131.20310797000002,-12.884871349999969],[131.20294831,-12.88470191999994],[131.20276588000002,-12.884526669999957],[131.2025146200001,-12.884284269999966],[131.20228626000005,-12.883948549999957],[131.20206199000006,-12.883628329999965],[131.20189728000003,-12.88333474999996],[131.2017443300001,-12.883029449999981],[131.20159231000002,-12.882750569999928],[131.20142767000004,-12.882464769999956],[131.20128264000004,-12.88215938999997],[131.20120564,-12.881946589999927],[131.2011481400001,-12.881702569999959],[131.20112288000007,-12.881502629999943],[131.20111726000005,-12.881312519999938],[131.2011191800001,-12.881079639999939],[131.20112827000003,-12.880761329999928],[131.20113087000004,-12.880606059999934],[131.20116517000008,-12.880467149999959],[131.20127419000005,-12.880272179999963],[131.20136790000004,-12.880135559999928],[131.20144591000007,-12.880010709999965],[131.2015358100001,-12.879889649999939],[131.2016338300001,-12.879791799999964],[131.20175601000005,-12.879744199999948],[131.20196535000002,-12.879715269999963],[131.2021552000001,-12.87971755999996],[131.2025336700001,-12.879734869999936],[131.20280233000005,-12.879705439999952],[131.20302317000005,-12.879633729999966],[131.2032042200001,-12.879535179999948],[131.20333377000009,-12.879425419999961],[131.20341579,-12.879308309999942],[131.20347031000006,-12.879210819999969],[131.2035248200001,-12.879113339999947],[131.20358721000002,-12.879011909999974],[131.20364558000006,-12.878902749999952],[131.20374126000002,-12.878736489999937],[131.20386638000002,-12.87857243999997],[131.20398604000002,-12.878237669999976],[131.20409453000002,-12.87798061999996],[131.204129,-12.877852249999933],[131.20416340000008,-12.877716129999953],[131.2041894900001,-12.877533509999978],[131.20420797000008,-12.877385879999963],[131.20423395000012,-12.877191609999954],[131.20425841000008,-12.87687184999993],[131.20427080000002,-12.876479759999938],[131.2042981300001,-12.875986649999959],[131.20432958000004,-12.875512919999949],[131.2043415600001,-12.875073379999947],[131.2043781100001,-12.87473153999997],[131.20441849000008,-12.874374149999937],[131.20444463,-12.873745219999932],[131.2045510800001,-12.87325532999995],[131.2045798900001,-12.872947759999931],[131.2046595700001,-12.872562869999967],[131.20471854000004,-12.872069499999952],[131.20473934000006,-12.871735569999942],[131.2047845200001,-12.871475159999932],[131.20484119000002,-12.87117195999997],[131.20494264,-12.870614769999975],[131.20503794,-12.870206469999971],[131.20513354000002,-12.86983308999993],[131.20517125000003,-12.869623199999978],[131.20525167000005,-12.869323699999939],[131.20531225000002,-12.86903411999998],[131.2053613600001,-12.868769799999939],[131.20541035000008,-12.868493839999928],[131.20545117000006,-12.868186899999955],[131.20554716000004,-12.86788974999996],[131.20565939000005,-12.867609379999976],[131.20576402000006,-12.867364],[131.20594798000002,-12.866758339999933],[131.20602235,-12.866218249999974],[131.20604722000007,-12.865895929999965],[131.2060686000001,-12.865627959999927],[131.20610188000012,-12.86536376999993],[131.2061187700001,-12.86503375999996],[131.20611307000001,-12.864788529999942],[131.2061068800001,-12.864532439999948],[131.20609903000002,-12.864086189999966],[131.20608841,-12.863775809999936],[131.20607414000006,-12.863500379999948],[131.2060562900001,-12.863267679999979],[131.20602758000007,-12.863118979999967],[131.2060023900001,-12.862952309999969],[131.20597755000006,-12.86282443999994],[131.20596079000006,-12.862715919999971],[131.20594395000012,-12.862599629999977],[131.20591938000007,-12.862502819999975],[131.20591062000005,-12.862405859999967],[131.20589801000006,-12.862320589999968],[131.20586935000006,-12.862208289999955],[131.20582892000004,-12.862107719999926],[131.20578820000003,-12.861972229999935],[131.20572775000005,-12.861840789999974],[131.20567617000006,-12.86172038999996],[131.20553287000007,-12.861612929999978],[131.2053904600001,-12.861606369999947],[131.20520083000008,-12.861627359999943],[131.20509843000002,-12.861674799999946],[131.2049965000001,-12.861776559999953],[131.20490681,-12.86192090999998],[131.20483706000005,-12.862084489999972],[131.20477891000007,-12.86221693999994],[131.2045850600001,-12.862661],[131.20424250000008,-12.863098689999958],[131.2037553,-12.863005759999965],[131.20344481000006,-12.86277162999994],[131.2031443200001,-12.862323969999977],[131.20307817000003,-12.861994639999978],[131.20302176000007,-12.861363939999933],[131.20304193000004,-12.860956269999974],[131.2031209800001,-12.860576969999954],[131.20320426,-12.859681579999972],[131.20352256,-12.858545659999947],[131.20394378000003,-12.857676289999972],[131.20451032000005,-12.856590839999967],[131.20506093000006,-12.855794489999937],[131.20543666000003,-12.855150759999958],[131.20624255000007,-12.853322589999948],[131.20692148000012,-12.852130469999963],[131.2081291600001,-12.850055649999945],[131.20843951000006,-12.84937],[131.2083560200001,-12.848866169999951],[131.20775376000006,-12.84781873999998],[131.2075587500001,-12.847222709999926],[131.20720989000006,-12.845183599999928],[131.2069680500001,-12.840105549999976],[131.20691885000008,-12.838067299999977],[131.20720775000007,-12.836737579999976],[131.20751837000012,-12.836179409999943],[131.20803246000003,-12.835282469999981],[131.20890165000003,-12.833493629999964],[131.20933443,-12.83234122999994],[131.20988310000007,-12.831068029999926],[131.21107609000012,-12.829133049999939],[131.21103959000004,-12.828590959999929],[131.21056252000005,-12.82828756999993],[131.21001367000008,-12.82791960999998],[131.20936584000003,-12.827003479999973],[131.2090824400001,-12.82624519999996],[131.2086926500001,-12.82501641999994],[131.20823611000003,-12.823444589999951],[131.20818292,-12.822785279999948],[131.20833714000003,-12.822228829999972],[131.20879243000002,-12.821835559999954],[131.20975734,-12.82127898999994],[131.21070893,-12.820681089999937],[131.2113231300001,-12.820551629999954],[131.21240194000006,-12.82093840999994],[131.2134922900001,-12.821084419999977],[131.2145641300001,-12.820889289999968],[131.2159611400001,-12.820590329999959],[131.21708865000005,-12.820449199999928],[131.21867371000008,-12.820157949999953],[131.21913662000009,-12.819742659999974],[131.2190284300001,-12.819126069999982],[131.21833464000008,-12.817556269999955],[131.21807288000002,-12.815589469999964],[131.21782411000004,-12.813259509999966],[131.21751398000004,-12.81124589999996],[131.21711635000008,-12.809102349999932],[131.21680979000007,-12.808193839999944],[131.21624635000012,-12.80705759999995],[131.2151343600001,-12.805415749999952],[131.21339052000008,-12.804017759999965],[131.2131404800001,-12.803453239999953],[131.21332711000002,-12.803094619999968],[131.21372040000006,-12.802858459999982],[131.21466526000006,-12.802641109999968],[131.21565369000007,-12.802648309999938],[131.21600605100002,-12.803007354999977],[131.2148608770001,-12.764150867999945],[131.21485842100003,-12.764067549999936],[131.214641969,-12.75672317699997],[131.21446387000003,-12.74945349799998],[131.21424529400008,-12.742167626999958],[131.21409148100008,-12.734663179999927],[131.21393766800009,-12.726834916999962],[131.21389034800006,-12.725355734999937],[131.2137252120001,-12.72019370299995],[131.2138900210001,-12.720248389999938],[131.21653203800008,-12.720181783999976],[131.21557499800008,-12.718763003999982],[131.212223998,-12.70506900199996],[131.20912100200007,-12.703930001999936],[131.20828534200007,-12.703908295999952],[131.2082845100001,-12.703908273999957],[131.20828448100008,-12.703906421999932],[131.20824481300008,-12.701389240999958],[131.20824481300008,-12.697479735999934],[131.20824481300008,-12.693539273999932],[131.20824481300008,-12.689616500999932],[131.20824923600003,-12.685636235999937],[131.2082547650001,-12.672226997999928],[131.208254785,-12.672177592999958],[131.20822633000012,-12.672131143999934],[131.20817098500004,-12.672040799999934],[131.20807379200005,-12.671882144999927],[131.20606730400004,-12.668606827999952],[131.205142818,-12.664551016999951],[131.20555687900003,-12.662943525999935],[131.205612158,-12.662728916999981],[131.2068976480001,-12.660782566999956],[131.20829486200012,-12.657423385999948],[131.2082515080001,-12.652770506999957],[131.20824861200003,-12.65245969199998],[131.2082271580001,-12.650157115999946],[131.20819109800004,-12.642892729999971],[131.2081904580001,-12.642711279999958],[131.20819117100007,-12.642283883999937],[131.20820839700002,-12.631956893999927],[131.20820931000003,-12.63140969899996],[131.20823630000007,-12.61522944799998],[131.2082368980001,-12.614870779999933],[131.20807673800005,-12.613469579999958],[131.20806421300006,-12.61336],[131.208071,-12.61336],[131.238005,-12.613376],[131.24262293000004,-12.613383949999957],[131.2475348600001,-12.61336893999993],[131.2523417220001,-12.613361434999945],[131.2527882610001,-12.61339520699994],[131.25648440400005,-12.613398958999937],[131.25816852700007,-12.613408179999965],[131.25811011100006,-12.613304379999931],[131.25801346700007,-12.61313265299998],[131.25813082000002,-12.613053089999937],[131.25831668,-12.612927079999963],[131.25835858000005,-12.612899349999964],[131.26458889000003,-12.608855139999946],[131.2650005800001,-12.608587959999966],[131.26505710000004,-12.608422109999935],[131.26510686000006,-12.608411209999929],[131.2653878000001,-12.60742130999995],[131.26564192500007,-12.606674257999941],[131.26777206000008,-12.600412309999967],[131.26793798000006,-12.599924739999949],[131.26850424000008,-12.598259249999956],[131.26951282000005,-12.595292799999982],[131.27248687000008,-12.588039229999936],[131.27248828000006,-12.588035788999946],[131.2725126800001,-12.588055549999979],[131.27263865200007,-12.587748064999971],[131.2726451840001,-12.58773212099993],[131.27417120000007,-12.58400727999998],[131.27419269000006,-12.583958349999932],[131.27932969000005,-12.571439089999956],[131.28067312100006,-12.569796481999958],[131.28095457900008,-12.569452344999945],[131.29166930000008,-12.556351499999948],[131.30429265300006,-12.537920739999947],[131.3134355520001,-12.524571626999943],[131.32991597000012,-12.524414479999962],[131.35998367000002,-12.524117459999957],[131.38967358600007,-12.523834643999976],[131.39063041000009,-12.523825529999954],[131.39035401900003,-12.52356062499996],[131.38984644000004,-12.523074139999949],[131.38912112000003,-12.520900899999958],[131.3895712100001,-12.518717189999961],[131.39107805000003,-12.516409369999963],[131.392627736,-12.51486926299998],[131.39298820500005,-12.514867782999943],[131.393851,-12.514864239999952],[131.39534115800006,-12.514870034999944],[131.51291585,-12.515327229999968],[131.51292316,-12.60128702999998],[131.5129235390001,-12.602581265999959],[131.51292451400002,-12.605912492999948],[131.5129709800001,-12.764621739999939],[131.51296796000008,-12.766184819999978],[131.51296102000003,-12.768271969999944],[131.51296041000012,-12.76845482999994],[131.5132160500001,-12.770059369999956],[131.51321698000004,-12.770285799999954],[131.513218993,-12.770768439999927],[131.5132229620001,-12.771719535999978],[131.51326037,-12.780684979999933],[131.51298422000002,-12.780685799999958],[131.51305219000005,-12.790438219999942],[131.51307305400007,-12.793704526999932],[131.51309783600004,-12.797583997999936],[131.5131216000001,-12.801304289999962],[131.51325463000012,-12.822090499999945],[131.46944855000004,-12.822243509999964],[131.46971799900007,-12.919350764999933],[131.43375877000005,-12.919390699999951],[131.42719295200004,-12.919397991999972],[131.42051330000004,-12.919405409999968],[131.39051232000008,-12.91941074999994]]]}},{"type":"Feature","properties":{"CUSTODIAN":"Bushfires NT, Department of Environment and Natural Resources","BND_TYPE":"Volunteer Bushfire Brigade Area","SHORT_NAME":"Berry Springs","GAZ_NAME":"Berry Springs Volunteer Bushfire Brigade","GAZ_NO":"G8","GAZ_DATE":"1988-02-24T00:00:00","NOTES":"Bnd does not match Darwin River VBB; ref SW corner of Berry Springs follows right bank of Blackmore River. (DR Dam follows Mira Rd)","SHAPE_Leng":0.463844905145,"SHAPE_Area":0.0116845829013,"AREA_KM2":140.39},"geometry":{"type":"Polygon","coordinates":[[[131.072727632,-12.674707549999937],[131.07004806700002,-12.68149602099993],[131.06708396200008,-12.688953811999966],[131.06619231500008,-12.691174926999963],[131.0651621510001,-12.69376447899998],[131.06399949500008,-12.696644842999945],[131.062067737,-12.701455796999937],[131.061963955,-12.701636510999947],[131.05690566300007,-12.714278865999972],[131.0563766020001,-12.715637106999964],[131.0549617800001,-12.719130079999957],[131.05248244900008,-12.725264396999933],[131.0513847320001,-12.727973310999971],[131.05103422800005,-12.728854309999974],[131.0507451740001,-12.729459396999971],[131.05047924400003,-12.729971985999953],[131.05017091900004,-12.730465304999939],[131.04970274000004,-12.730957499999931],[131.0496682490001,-12.73101225499994],[131.04963343000009,-12.73106680199993],[131.04959828500012,-12.731121138999981],[131.04956281500006,-12.731175264999933],[131.049527022,-12.731229177999978],[131.04949090600007,-12.731282874999977],[131.04945447000011,-12.73133635499994],[131.04941771300003,-12.731389615999944],[131.0493806390001,-12.731442655999956],[131.04934324700002,-12.73149547199995],[131.0493055400001,-12.73154806399998],[131.04926751800008,-12.731600428999968],[131.04922918400007,-12.731652564999933],[131.04919053700007,-12.731704470999944],[131.04915158100005,-12.731756143999974],[131.0491123160001,-12.731807582999977],[131.049072743,-12.731858785999975],[131.04903286400008,-12.731909750999932],[131.04899268100007,-12.731960475999927],[131.04895219500008,-12.732010959999968],[131.0489114070001,-12.732061199999976],[131.04887031900012,-12.732111194999959],[131.0488289320001,-12.73216094299994],[131.04878724800005,-12.73221044199994],[131.04874526800006,-12.732259690999967],[131.0487029940001,-12.732308686999943],[131.04866042700007,-12.732357428999933],[131.04861756900004,-12.732405914999958],[131.048574421,-12.732454143999973],[131.04853098500007,-12.732502112999953],[131.04848726300008,-12.732549821999953],[131.04844325600004,-12.73259726699996],[131.04839896500005,-12.732644448999963],[131.04835439300007,-12.732691363999947],[131.0483095400001,-12.73273801099998],[131.048264409,-12.73278438899996],[131.048219,-12.732830494999973],[131.04817331700008,-12.732876328999964],[131.0481273590001,-12.732921887999964],[131.04808113,-12.732967171999974],[131.04803463000007,-12.733012176999978],[131.04798786100002,-12.733056902999977],[131.0479621170001,-12.733081229999982],[131.04784596000002,-12.73318938999995],[131.04405461700003,-12.73686079099997],[131.04395447000002,-12.736957769999947],[131.04363444000012,-12.737471979999953],[131.04289564600003,-12.738225369999952],[131.0390613190001,-12.741953579999972],[131.03847927000004,-12.742477909999934],[131.0383854690001,-12.742574652999963],[131.0311193220001,-12.749850567999943],[131.02406309000003,-12.75657493999995],[131.02350524000008,-12.757123189999959],[131.0095059680001,-12.770867882999937],[131.00913031000005,-12.771781617999977],[131.00715673000002,-12.771875712999929],[130.99484653600007,-12.77173098299994],[130.9792400010001,-12.771728],[130.976962038,-12.77174221599995],[130.97687478900002,-12.77173645199997],[130.96727054100006,-12.771723194999936],[130.95994216100007,-12.771704172999932],[130.949326,-12.771655000999942],[130.9491035630001,-12.771656997999969],[130.94798403200002,-12.771667045999948],[130.9479883790001,-12.77144790799997],[130.94805334500006,-12.771296320999966],[130.94821142900003,-12.771120911999958],[130.94843014800006,-12.77111224999993],[130.9485449220001,-12.770975820999979],[130.94864237100012,-12.770774425999946],[130.94860156700008,-12.770350189999931],[130.94829995500004,-12.769719259999931],[130.9482301930001,-12.769494473999941],[130.9482224420001,-12.769269686999962],[130.94812942700003,-12.768936381999936],[130.948168183,-12.768781356999966],[130.9481914370001,-12.768649584999935],[130.94817593400012,-12.768479056999979],[130.94813140300005,-12.768324535999966],[130.9481836860001,-12.768192259999978],[130.94825344700007,-12.768037234999952],[130.94818398600012,-12.767873796999936],[130.94812167500004,-12.767727183999966],[130.9479899040001,-12.767192346999934],[130.9478271270001,-12.766952056999969],[130.9474395640001,-12.766122670999948],[130.94730779200006,-12.765634340999952],[130.94714501600004,-12.76483596099996],[130.94716826900003,-12.764518158999977],[130.94734654900003,-12.76411509299993],[130.94753257900004,-12.763905807999947],[130.947586838,-12.763774036999962],[130.94751707600005,-12.76360350899995],[130.947393056,-12.763386472999969],[130.94732329500005,-12.76327020399998],[130.94726128500008,-12.762998909999965],[130.94731554300006,-12.76272761499996],[130.94736980200003,-12.762580340999932],[130.9474085590001,-12.762378807999937],[130.947377554,-12.762208279999982],[130.94727678700008,-12.76203775199997],[130.94713726400005,-12.761882726999943],[130.94706750300008,-12.76171219899993],[130.947052,-12.761541670999975],[130.94714501600004,-12.76127037699996],[130.94729229000006,-12.760603767999953],[130.94733104600004,-12.760332472999949],[130.94730779200006,-12.759797635999973],[130.94720702600011,-12.759386817999939],[130.94715276700003,-12.75923179299997],[130.94700549300012,-12.759053513999959],[130.946811711,-12.75890623999993],[130.9466721880001,-12.75879772199994],[130.94657142200003,-12.758627193999928],[130.94653266500006,-12.758448914999974],[130.94657917300003,-12.758301640999946],[130.9466644370001,-12.757751299999939],[130.94661017800001,-12.75756526999993],[130.94657142200003,-12.757472254999982],[130.94659467500003,-12.757309477999968],[130.94668769100008,-12.757255218999944],[130.94680396,-12.757107944999973],[130.9468349650001,-12.75689866099998],[130.94676520300004,-12.75660411299998],[130.94658692400003,-12.75631731599998],[130.94634663500005,-12.755976259999954],[130.9462691220001,-12.75584448799998],[130.94600557900003,-12.755363909999971],[130.94572653300008,-12.75475930999994],[130.94533897000008,-12.754154710999956],[130.9451141830001,-12.753875665999942],[130.9449048990001,-12.753573365999955],[130.94477312700008,-12.75333307699998],[130.944687863,-12.753069533999962],[130.94461035000006,-12.752705223999953],[130.94461810200005,-12.752433929999938],[130.9447266200001,-12.75220914299996],[130.94504442200002,-12.751813827999968],[130.945269208,-12.75101544699993],[130.94543198500003,-12.750333335999926],[130.94559476200004,-12.750007781999955],[130.94581954800003,-12.749596964999967],[130.94592806600008,-12.749379929999975],[130.94598232500005,-12.749131888999955],[130.946044335,-12.748914852999974],[130.9460520870001,-12.748674563999941],[130.94599007600004,-12.748403269999926],[130.9458815590001,-12.748217238999928],[130.9457110310001,-12.74812422399998],[130.9454939950001,-12.748162979999961],[130.94522270100003,-12.748201736999931],[130.9449514060001,-12.748201736999931],[130.94440106600007,-12.748108720999937],[130.9443313050001,-12.748007954999935],[130.94429254800002,-12.747814172999938],[130.9443468070001,-12.747674649999965],[130.9445328380001,-12.74751187399994],[130.9447266200001,-12.747372350999967],[130.94478863000006,-12.74715531499993],[130.94478087800007,-12.74700028999996],[130.94483513700004,-12.74689177199997],[130.9449514060001,-12.746829761999948],[130.94506767500002,-12.746721243999957],[130.94508317800012,-12.746232913999961],[130.94501341600005,-12.745333766999977],[130.94497466000007,-12.745077974999958],[130.94485839100003,-12.744814431999941],[130.94464135600003,-12.744512131999954],[130.94450183300012,-12.744171076999976],[130.94438556400007,-12.743566477999934],[130.9443390560001,-12.742706086999931],[130.9443390560001,-12.742248761999974],[130.94428479700002,-12.741938710999932],[130.94426154300004,-12.741628659999947],[130.94421503600006,-12.741334111999947],[130.94423053800006,-12.740876786999934],[130.9443390560001,-12.740551233999952],[130.94450958400012,-12.740318695999974],[130.94475762500008,-12.740186923999943],[130.9449048990001,-12.740055151999968],[130.94507542700012,-12.739776106999955],[130.94537772600006,-12.739163756999972],[130.9455172490001,-12.738605664999966],[130.9456800260001,-12.738039821999962],[130.94573428500007,-12.737737522999964],[130.94580404600003,-12.737497233999932],[130.94594356900006,-12.73739646699994],[130.946044335,-12.737326705999976],[130.9460908430001,-12.73721043699993],[130.9461063450001,-12.737008903999936],[130.946028833,-12.736853877999977],[130.9458660560001,-12.736753111999974],[130.9457032790001,-12.736706603999949],[130.94558701000005,-12.736644593999927],[130.94554050300007,-12.736474065999971],[130.94554050300007,-12.736249278999935],[130.94555600500007,-12.73611750799995],[130.9455172490001,-12.735900471999969],[130.94507542700012,-12.734776537999949],[130.94499791400006,-12.734559501999968],[130.9449514060001,-12.734342466999976],[130.94476537600008,-12.734109928999942],[130.9445483400001,-12.733892892999961],[130.9443700610001,-12.733792126999958],[130.94423053800006,-12.733776623999972],[130.944098767,-12.733776623999972],[130.94389723400002,-12.733799877999957],[130.943726706,-12.733753369999931],[130.9436026850001,-12.73360609599996],[130.94326163000005,-12.733288293999976],[130.9430058380001,-12.732846471999949],[130.94296708100012,-12.73259067999993],[130.942951579,-12.732389146999935],[130.94289732000004,-12.732241872999964],[130.94289732000004,-12.731970578999949],[130.94295933,-12.73174579199997],[130.94306784800006,-12.731521004999934],[130.9431841170001,-12.731288466999956],[130.94334689400011,-12.731102435999958],[130.943532924,-12.730784633999974],[130.9436026850001,-12.730575349999981],[130.94361818800007,-12.73014902999995],[130.943540675,-12.729776968999943],[130.9433546450001,-12.729490171999942],[130.94271128900004,-12.72902509599993],[130.94188965500007,-12.728560019999975],[130.94154859900004,-12.72832748199994],[130.94129280700008,-12.72806393899998],[130.94113778200006,-12.727877907999982],[130.94095950300004,-12.727622115999964],[130.94077347200005,-12.727381826999931],[130.94071146200008,-12.727025268999967],[130.940827731,-12.726575694999951],[130.940827731,-12.72642842099998],[130.94081222800003,-12.726126120999936],[130.94080447700003,-12.725676547999967],[130.94075797000005,-12.725219222999954],[130.9406727060001,-12.72487041599993],[130.9406727060001,-12.724521608999964],[130.94071921300008,-12.724165049999954],[130.94080447700003,-12.723870501999954],[130.94095950300004,-12.723637963999977],[130.94119204100002,-12.723389922999957],[130.94151759400006,-12.723103125999955],[130.94188190400007,-12.722816328999954],[130.94249425400005,-12.722405511999966],[130.94295933,-12.722072207999929],[130.94347091400005,-12.721762156999944],[130.94384297500005,-12.721591628999931],[130.9441375230001,-12.721475359999943],[130.9445405890001,-12.721382344999938],[130.9447266200001,-12.721405597999933],[130.944889396,-12.721421100999976],[130.94506767500002,-12.721366841999952],[130.945269208,-12.721242821999965],[130.94582730000002,-12.72086300899997],[130.94613735100006,-12.720591714999955],[130.94632338100007,-12.720374679999964],[130.9464474010001,-12.72014214099994],[130.94648615800008,-12.719863095999926],[130.94640864500002,-12.719498785999974],[130.9462691220001,-12.71929725299998],[130.94564126900002,-12.718777917999944],[130.94524595500002,-12.71835159799997],[130.94508317800012,-12.718134562999978],[130.94496690900007,-12.717824511999936],[130.9449204010001,-12.717529963999937],[130.944881645,-12.717219912999951],[130.94495915800007,-12.716886607999982],[130.94517619300007,-12.716561054999943],[130.94571878200009,-12.716095978999931],[130.94632338100007,-12.715638653999974],[130.94677295500003,-12.715181328999961],[130.9470442490001,-12.714848023999934],[130.94770310700005,-12.714584480999974],[130.94794339600003,-12.714142658999947],[130.9481836860001,-12.71384035899996],[130.94864101100006,-12.713576815999943],[130.94905957900005,-12.713282267999944],[130.9495324070001,-12.713065232999952],[130.95007499500002,-12.712848196999971],[130.9507261020001,-12.712553648999972],[130.95102840200002,-12.712398622999956],[130.95112916800008,-12.71224359799993],[130.95120668100003,-12.712212592999947],[130.95138496000004,-12.712235846999931],[130.95160199500003,-12.712135079999939],[130.9518422850001,-12.711809526999957],[130.95196630500004,-12.711553734999939],[130.95200506100002,-12.711197176999974],[130.95198180800003,-12.710848368999962],[130.95198955900003,-12.71049181099994],[130.9520515690001,-12.71015850599997],[130.95227635600008,-12.709786445999953],[130.95247013800008,-12.709662424999976],[130.95257865500002,-12.709515150999948],[130.95257090400003,-12.709313617999953],[130.95251664500006,-12.70917409499998],[130.9524391330001,-12.708724521999955],[130.9524623860001,-12.708352460999947],[130.95253989900004,-12.707972648999942],[130.95271042700006,-12.706577419999974],[130.95281119300012,-12.70605033399994],[130.95294296500003,-12.705600759999982],[130.9531910060001,-12.705011663999926],[130.95353981300002,-12.704624099999933],[130.953958381,-12.704383810999957],[130.9543847010001,-12.704267541999968],[130.9551675790001,-12.704089262999958],[130.95567141200002,-12.703879977999975],[130.956260508,-12.70360868399996],[130.95666357400012,-12.703453657999944],[130.95695037100006,-12.703306383999973],[130.95712089900007,-12.703197866999972],[130.9574619550001,-12.703120353999964],[130.9580510520001,-12.702880064999931],[130.95847737100007,-12.702608769999927],[130.95875641700002,-12.702298718999941],[130.95888043700006,-12.702128190999929],[130.95894244800002,-12.701841393999928],[130.95905096500007,-12.701446079999926],[130.9591904880001,-12.701112774999956],[130.9593997720001,-12.700880236999978],[130.95954704700011,-12.700593439999977],[130.95968656900004,-12.700236881999956],[130.9597718330001,-12.69992683099997],[130.959733077,-12.69967878999995],[130.9597640820001,-12.699516013999926],[130.95988035100004,-12.699337733999926],[130.9599578640001,-12.699229216999981],[130.96001212300007,-12.69913620099993],[130.9599578640001,-12.698903662999953],[130.959926859,-12.69873313499994],[130.9598028380001,-12.69851609999995],[130.95963231100006,-12.698268058999929],[130.95943852900007,-12.698089779999975],[130.95928350300005,-12.697833987999957],[130.95929125500004,-12.69770996799997],[130.9592214930001,-12.697547190999956],[130.95890369100005,-12.697120870999981],[130.95882617900008,-12.69694259199997],[130.95877192000012,-12.69676431299996],[130.95875641700002,-12.696578282999951],[130.9586246460001,-12.695175302999928],[130.958578138,-12.694927261999965],[130.95851612800004,-12.694849748999957],[130.95849287400006,-12.694640464999964],[130.95849287400006,-12.694152134999968],[130.95851612800004,-12.693190977999961],[130.958570387,-12.692609632999961],[130.9588106760001,-12.691826753999976],[130.95912072700003,-12.691012870999941],[130.95944628000007,-12.69032300799995],[130.95989585400002,-12.689648647999945],[130.9603454270001,-12.689067301999955],[130.9607174880001,-12.688656484999967],[130.96143060500003,-12.688129398999934],[130.96187242700012,-12.687780591999967],[130.9622677420001,-12.68740853099996],[130.96268631100008,-12.68705197199995],[130.96316688900004,-12.686563641999953],[130.9632599050001,-12.68624583999997],[130.96338392500002,-12.68552497199994],[130.96350019400006,-12.68478860199997],[130.963585458,-12.684013474999972],[130.9636552190001,-12.683284855999943],[130.9636474680001,-12.683021311999937],[130.96373273200004,-12.682765519999975],[130.96377148800002,-12.68249422599996],[130.96375598600002,-12.682253936999928],[130.96378699100012,-12.682075657999974],[130.9638412500001,-12.681595078999976],[130.96390326000005,-12.681308281999975],[130.9640117780001,-12.681044738999958],[130.9641900570001,-12.679773530999967],[130.96425206700007,-12.679703768999957],[130.96434508200002,-12.679649509999933],[130.9643993410001,-12.679517738999948],[130.96432182900003,-12.679339458999948],[130.96425981800007,-12.679192184999977],[130.96427532100006,-12.679006154999968],[130.96432958000003,-12.678796870999975],[130.964368336,-12.678603088999978],[130.96444584900007,-12.67809150499994],[130.96445360000007,-12.677789205999943],[130.96450785900004,-12.677455900999973],[130.96463963100007,-12.677207859999953],[130.96486441700006,-12.676952067999935],[130.96489542200004,-12.676797042999965],[130.9649729350001,-12.676673022999978],[130.96505819900005,-12.676618763999954],[130.96514346300012,-12.676634265999951],[130.96522097600007,-12.676580007999974],[130.96529848800003,-12.67645598699994],[130.96529073700003,-12.676200194999979],[130.96528298600003,-12.675998661999927],[130.96539150400008,-12.67576612399995],[130.965523275,-12.675432819999969],[130.96606096100004,-12.673892552999973],[130.966041925,-12.673721231999934],[130.9660228900001,-12.67352135699997],[130.96611806800001,-12.673359553999944],[130.96618469300006,-12.67291221499994],[130.96630842500008,-12.672541019999926],[130.96642263900003,-12.67216982399998],[130.9668414240001,-12.67093250399995],[130.96723165600008,-12.670018790999961],[130.96758381600011,-12.669304952999937],[130.96766947700007,-12.669162184999948],[130.96775513700004,-12.669000381999979],[130.96778369100002,-12.668867131999946],[130.96843090400012,-12.667791614999942],[130.96907811800008,-12.666782723999972],[130.96952545600004,-12.66636393899995],[130.96995375900008,-12.665792867999926],[130.97040109800002,-12.66501240499997],[130.97082940100006,-12.664231941999958],[130.97098168600007,-12.663974959999962],[130.97112445400012,-12.663889298999948],[130.97113397200008,-12.663756048999971],[130.97121963200004,-12.66353713899997],[130.971866846,-12.662480657999936],[130.9720762380001,-12.661890551999932],[130.97219045300005,-12.661395623999965],[130.97230466700012,-12.661024427999962],[130.97242839900002,-12.66082455399993],[130.9724855060001,-12.66058660699997],[130.97257116600008,-12.660377214999926],[130.9728471840001,-12.659368322999967],[130.97283766600003,-12.659139894999953],[130.9728471840001,-12.658854359999964],[130.9729518800001,-12.658454609999978],[130.9729518800001,-12.657864503999974],[130.97298043400008,-12.657283915999926],[130.97290429100008,-12.656741397999951],[130.972790077,-12.656341648999955],[130.97267586300006,-12.65581816799994],[130.97252357700006,-12.655389864999961],[130.9723617740001,-12.654990114999976],[130.97219045300005,-12.654618918999972],[130.97199057800003,-12.654247722999969],[130.97144806100005,-12.653400634999969],[130.97119107900005,-12.653162688999942],[130.97040109800002,-12.652163314999939],[130.96994889500002,-12.651537301999952],[130.969557505,-12.651276374999952],[130.96902260500008,-12.65081975299995],[130.9686703540001,-12.650532733999967],[130.96822677800003,-12.65018048199994],[130.96758750700008,-12.649815184999966],[130.96681777300012,-12.649462933999928],[130.96572188100004,-12.649019357999975],[130.9654479070001,-12.64894107999993],[130.96534353700008,-12.648810616999981],[130.96527830500008,-12.648719291999953],[130.96504347100006,-12.648693199999968],[130.964704266,-12.648614920999933],[130.964737,-12.648332],[130.9647954080001,-12.648146478999934],[130.96481736200008,-12.647935624999946],[130.96490518100006,-12.647724771999947],[130.9650939930001,-12.647562238999967],[130.9656340800001,-12.647395312999947],[130.9662005130001,-12.64711856799994],[130.966627,-12.646886],[130.9676700000001,-12.646345],[130.96905902600008,-12.645611843999973],[130.970389,-12.644925],[130.971707,-12.644243],[130.972474,-12.643766],[130.97341924500006,-12.642905889999952],[130.97442,-12.642066],[130.97590891700008,-12.640770997999937],[130.9771471670001,-12.639685980999957],[130.978004,-12.638954],[130.9782960000001,-12.638755],[130.978644,-12.638577],[130.979185,-12.63841],[130.9797466120001,-12.638333004999936],[130.982949,-12.63791],[130.9845570000001,-12.637718],[130.9851255330001,-12.637674086999937],[130.98567879400002,-12.63774876499997],[130.98619692700004,-12.63794643999995],[130.9887788090001,-12.639488305999976],[130.9938591450001,-12.642510539999932],[130.9970250240001,-12.644425792999982],[131.00106031200005,-12.64678910899994],[131.0016135730001,-12.647048282999947],[131.00222391600005,-12.64711856799994],[131.00277278500005,-12.647013140999945],[131.0033172640001,-12.646784716999946],[131.00620651300005,-12.645462488999954],[131.0068278330001,-12.64525053799997],[131.0072801020001,-12.645180252999978],[131.00786849000008,-12.645219787999963],[131.0083185630001,-12.645276893999949],[131.009123,-12.645427],[131.0091212850001,-12.644391749999954],[131.01036035700008,-12.645375731999934],[131.01067211500003,-12.645551442999931],[131.01106291000008,-12.645674440999926],[131.01206624300005,-12.64580402799993],[131.0141673160001,-12.646085165999978],[131.01461519300005,-12.646120307999979],[131.01510478500006,-12.646076379999954],[131.01552192600002,-12.645953382999949],[131.0174297960001,-12.644993559999932],[131.01784913200004,-12.644846401999928],[131.0183628740001,-12.644740974999934],[131.01897541300002,-12.644672886999956],[131.02238059900003,-12.644380766999973],[131.02289214500001,-12.64436978499998],[131.02332245900004,-12.644422497999926],[131.02373301300008,-12.644576245999929],[131.02413039500004,-12.64483981199993],[131.0245585130001,-12.645281286999932],[131.0266464130001,-12.647534783999959],[131.02815031500006,-12.649144737999961],[131.02909217500007,-12.650177041999939],[131.02986498300004,-12.650976527999944],[131.03020308700002,-12.651262058999976],[131.03054558100007,-12.65145094899998],[131.0309671130001,-12.651580535999926],[131.0313601040001,-12.651617874999943],[131.03178602600008,-12.65157174999996],[131.032304,-12.651491],[131.03512534800007,-12.650985313999968],[131.03567860900012,-12.65093699299996],[131.03613526800007,-12.650989706999951],[131.03658095000003,-12.651150042999973],[131.03699370000004,-12.651413609999963],[131.03730984900005,-12.65176942599993],[131.03756232900002,-12.652235059999953],[131.03840539300006,-12.65421400899993],[131.03884799900004,-12.655279997999969],[131.042578,-12.66405100299994],[131.04521137400002,-12.666350165999972],[131.04582599800005,-12.668674],[131.04675699100005,-12.669776535999972],[131.04976918600005,-12.670637520999946],[131.05481000400005,-12.670163100999957],[131.05883001400002,-12.67040717499998],[131.05967518300008,-12.670672662999948],[131.06517800100005,-12.674659000999952],[131.06544854100002,-12.674591946999954],[131.065993,-12.674457],[131.066815,-12.674316],[131.067642,-12.674233],[131.068467,-12.674216],[131.069474,-12.67427],[131.0724722110001,-12.674673200999962],[131.072727632,-12.674707549999937]]]}},{"type":"Feature","properties":{"CUSTODIAN":"Bushfires NT, Department of Environment and Natural Resources","BND_TYPE":"Volunteer Bushfire Brigade Area","SHORT_NAME":"Daly River","GAZ_NAME":"Daly River Volunteer Bushfire Brigade","GAZ_NO":"G13","GAZ_DATE":"1987-04-01T00:00:00","NOTES":"5km either side of Daly River as centre line","SHAPE_Leng":0.623181918946,"SHAPE_Area":0.022803837369,"AREA_KM2":272.88},"geometry":{"type":"Polygon","coordinates":[[[130.76990102800005,-13.823300564999954],[130.66224520700007,-13.82333697799993],[130.66228820000003,-13.817903993999948],[130.66190580400007,-13.813139958999955],[130.66114440900003,-13.808980725999959],[130.66005039700008,-13.805362142999968],[130.6586701450001,-13.802220057999932],[130.6570500250001,-13.799490319999961],[130.65523640800006,-13.797108776999949],[130.65327566200006,-13.795011280999972],[130.6490982580001,-13.791411833999973],[130.6448887690001,-13.788178806999952],[130.64101817300002,-13.784799050999936],[130.63932589600006,-13.78289379599994],[130.63785746500002,-13.780759435999926],[130.63664148300006,-13.778350028999967],[130.63563686500004,-13.775690982999947],[130.63402905100008,-13.769795551999948],[130.63256870400005,-13.763416286999927],[130.63079053900003,-13.75689631399996],[130.6296368820001,-13.753690784999947],[130.62822930400012,-13.750578742999949],[130.6265096520001,-13.747603072999937],[130.6244197740001,-13.744806654999934],[130.6219015160001,-13.742232367999975],[130.61889672400002,-13.739923085999976],[130.61534723900002,-13.737921677999964],[130.61119489600003,-13.736271005999981],[130.61049808100006,-13.633864273999961],[130.61504361700008,-13.631121638999957],[130.61942073800003,-13.628656314999944],[130.62363320600002,-13.62645805699998],[130.627684777,-13.624516624999956],[130.63157920900005,-13.622821771999952],[130.6353202570001,-13.621363255999938],[130.63891167300005,-13.620130830999926],[130.6423572100001,-13.619114253999953],[130.6488256450001,-13.617687658999955],[130.65475554700004,-13.61700150699994],[130.66017688300008,-13.616973826999981],[130.6651196050001,-13.617522647999976],[130.6696136500001,-13.618565990999969],[130.67368894100002,-13.620021875999953],[130.67737539300003,-13.621808318999967],[130.68070291300012,-13.623843333999957],[130.683701401,-13.626044931999957],[130.6864007490001,-13.628331121999963],[130.691021588,-13.632829301999948],[130.6947858950001,-13.636827496999956],[130.69783963700002,-13.640397659999962],[130.70031018200007,-13.643757311999934],[130.70232491900003,-13.647123963999945],[130.70401125400008,-13.650715117999937],[130.7054966060001,-13.654748267999935],[130.70690840700001,-13.659440901999972],[130.70837410700005,-13.665010503999952],[130.70971744700012,-13.668453879999959],[130.711048623,-13.671247181999945],[130.71339585900012,-13.675596660999929],[130.71487029600007,-13.679478392999954],[130.71562845000005,-13.683907089999934],[130.71612203000007,-13.686450969999953],[130.71691500500003,-13.689270096999962],[130.7181725150001,-13.692405127999962],[130.71992977900004,-13.695836364999934],[130.7242615030001,-13.703126421999968],[130.7284592860001,-13.710178034999956],[130.7300881660001,-13.713338048999958],[130.7313674830001,-13.71623546099994],[130.7330815800001,-13.721400653999979],[130.7340338780001,-13.725999668999975],[130.73468129000003,-13.72831931099995],[130.7360937510001,-13.730941524999935],[130.73725440200008,-13.732439931999977],[130.73880735300008,-13.734102580999945],[130.7408196230001,-13.735958996999955],[130.74335823800004,-13.738038702999972],[130.7464902260001,-13.740371212999946],[130.750265688,-13.742993879999972],[130.7545378330001,-13.74603527499994],[130.7590328450001,-13.749682830999973],[130.76347480000004,-13.75412498299994],[130.7675877700001,-13.759550183999977],[130.76943465500005,-13.762690323999948],[130.77109581500008,-13.76614690599996],[130.77253675200006,-13.769943488999957],[130.77372296800002,-13.77410363599995],[130.77461995700003,-13.778650910999943],[130.7751932120001,-13.78360887499997],[130.77540821900004,-13.789001090999932],[130.77523045700002,-13.794851119999976],[130.774625398,-13.801182523999955],[130.77355850700008,-13.808018861999926],[130.77199523600007,-13.815383689999976],[130.76990102800005,-13.823300564999954]]]}},{"type":"Feature","properties":{"CUSTODIAN":"Bushfires NT, Department of Environment and Natural Resources","BND_TYPE":"Volunteer Bushfire Brigade Area","SHORT_NAME":"Darwin River","GAZ_NAME":"Darwin River Dam Volunteer Bushfire Brigade","GAZ_NO":"G8","GAZ_DATE":"1988-02-24T00:00:00","NOTES":"revokes 2 previous versions; overlap with Berry Springs; tiny error where old Section 728 and 729 no longer exists. (used a straight line instead)","SHAPE_Leng":0.668247536784,"SHAPE_Area":0.0217075889538,"AREA_KM2":260.68},"geometry":{"type":"Polygon","coordinates":[[[130.94818398600012,-12.767873796999936],[130.94825344700007,-12.768037234999952],[130.9481836860001,-12.768192259999978],[130.94813140300005,-12.768324535999966],[130.94817593400012,-12.768479056999979],[130.9481914370001,-12.768649584999935],[130.948168183,-12.768781356999966],[130.94812942700003,-12.768936381999936],[130.9482224420001,-12.769269686999962],[130.9482301930001,-12.769494473999941],[130.94829995500004,-12.769719259999931],[130.94860156700008,-12.770350189999931],[130.94864237100012,-12.770774425999946],[130.9485449220001,-12.770975820999979],[130.94843014800006,-12.77111224999993],[130.94821142900003,-12.771120911999958],[130.94805334500006,-12.771296320999966],[130.9479883790001,-12.77144790799997],[130.94798403200002,-12.771667045999948],[130.9491035630001,-12.771656997999969],[130.949326,-12.771655000999942],[130.95994216100007,-12.771704172999932],[130.96727054100006,-12.771723194999936],[130.97687478900002,-12.77173645199997],[130.976962038,-12.77174221599995],[130.9792400010001,-12.771728],[130.99484653600007,-12.77173098299994],[131.00715673000002,-12.771875712999929],[131.00913031000005,-12.771781617999977],[131.00913029700007,-12.771829159999982],[131.009125,-12.790486003999945],[131.009113,-12.801073],[131.009064,-12.812911],[131.009058,-12.818331],[131.0090575910001,-12.820257373999937],[131.00905699600003,-12.823059110999964],[131.0387492740001,-12.823118915999942],[131.03874892800002,-12.82732475299997],[131.0387474700001,-12.845494719999976],[131.03874543000006,-12.860387569999943],[131.03874142200004,-12.889653131999978],[131.0387374280001,-12.918818778999935],[130.97172244,-12.918446049999943],[130.96425188000012,-12.918429139999944],[130.94905466000012,-12.918387089999953],[130.94878202000007,-12.918386239999961],[130.94873770000004,-12.918385839999928],[130.94150288000003,-12.918362899999977],[130.94143930000007,-12.918362469999977],[130.93406397,-12.918378329999939],[130.92665138000007,-12.918394259999957],[130.91923728000006,-12.91840979999995],[130.91905210000004,-12.918412069999931],[130.89275527600012,-12.918270363999966],[130.8891915800001,-12.918251159999954],[130.8892071140001,-12.913226985999927],[130.88928222000004,-12.88893504999993],[130.88924284000007,-12.874240879999945],[130.88923553000006,-12.871026899999947],[130.88922832000003,-12.86807140999997],[130.88922112000012,-12.865116009999952],[130.8892139200001,-12.862160519999975],[130.88920751000012,-12.859630009999933],[130.88920616000007,-12.859448799999939],[130.88918650000005,-12.854863419999958],[130.88917563000007,-12.85221507999995],[130.8891994700001,-12.844929989999969],[130.88922330000003,-12.83765257999994],[130.88924730000008,-12.830369189999942],[130.8892542200001,-12.830172109999978],[130.8892655300001,-12.82291312999996],[130.88928494000004,-12.815622719999965],[130.88930440000001,-12.808349389999933],[130.8893245600001,-12.80104080999996],[130.8893250100001,-12.800867179999955],[130.88932046000002,-12.793587599999967],[130.8893730100001,-12.771527459999959],[130.88939046000007,-12.756937709999931],[130.88940636000007,-12.742246909999949],[130.88941727000008,-12.737432689999935],[130.88941252000006,-12.737200979999955],[130.8894168800001,-12.735179959999982],[130.88946106000003,-12.72746976999997],[130.88946298000008,-12.722754579999958],[130.88946319600007,-12.720735488999935],[130.8896069980001,-12.721273002999965],[130.890412,-12.725634998999965],[130.89057899800002,-12.726274997999951],[130.89082100200005,-12.726883996999959],[130.891129,-12.727443],[130.89380399800007,-12.731419996999932],[130.894214002,-12.73192400399995],[130.89468500200007,-12.732377997999947],[130.895207002,-12.732776995999927],[130.89558599800012,-12.733005],[130.89617099800012,-12.733286001999943],[130.89677000200004,-12.733498],[130.9012,-12.734686996999926],[130.90179500200009,-12.734915000999933],[130.90253600200003,-12.735286000999963],[130.90323299800002,-12.73575799699995],[130.903894,-12.736318996999955],[130.90433300200004,-12.736789998999939],[130.9047200020001,-12.737304996999967],[130.90504400200007,-12.737823998999943],[130.9053100000001,-12.738350998999977],[130.90556399800005,-12.739003],[130.90579199800004,-12.739528001999929],[130.9060300000001,-12.740052995999974],[130.906336,-12.740568996999968],[130.90682399800005,-12.741223003999949],[130.907392,-12.741832003999946],[130.9078319990001,-12.742200000999958],[130.907894,-12.742252],[130.91851264700006,-12.75034642999998],[130.919406,-12.75102],[130.92070197100008,-12.75201990599993],[130.938889,-12.76588],[130.939604,-12.766361],[130.940149,-12.766657],[130.9405620000001,-12.766861],[130.9413730000001,-12.767165],[130.942245,-12.767391],[130.9431330000001,-12.767523],[130.94818398600012,-12.767873796999936]]]}},{"type":"Feature","properties":{"CUSTODIAN":"Bushfires NT, Department of Environment and Natural Resources","BND_TYPE":"Volunteer Bushfire Brigade Area","SHORT_NAME":"Dundee","GAZ_NAME":"Dundee Volunteer Bushfire Brigade","GAZ_NO":"G50","GAZ_DATE":"1992-12-16T00:00:00","NOTES":null,"SHAPE_Leng":1.0996215467,"SHAPE_Area":0.0450014909293,"AREA_KM2":540.56},"geometry":{"type":"Polygon","coordinates":[[[130.5625431520001,-12.70744033699998],[130.5627176700001,-12.76103835999993],[130.56274781000002,-12.770294959999944],[130.5614557,-12.770289939999941],[130.56120802200007,-12.77028899399994],[130.561003862,-12.770288213999947],[130.5610029400001,-12.77047061999997],[130.56097918700004,-12.775169194999933],[130.56097678000003,-12.775645315999952],[130.56092941000009,-12.785015399999963],[130.56094600300003,-12.791159169999958],[130.5609476300001,-12.791761616999963],[130.56096788000002,-12.799259078999967],[130.56096867000008,-12.799551639999947],[130.56096809000007,-12.799740309999947],[130.56094939800005,-12.803357035999966],[130.56094761000008,-12.803703029999951],[130.56094230000008,-12.80468161999994],[130.56089644000008,-12.814304669999956],[130.56089429200006,-12.815000801999929],[130.56089316300006,-12.815366782999945],[130.56085187000008,-12.828748899999937],[130.56085327000005,-12.828929589999973],[130.5608527160001,-12.829192176999982],[130.56082673600008,-12.841499984999928],[130.56082643900004,-12.841640586999972],[130.56082227000002,-12.84361580999996],[130.56079154000008,-12.858180879999964],[130.56078990100002,-12.858363145999931],[130.56086801800006,-12.858363524999959],[130.56548420000001,-12.858385969999972],[130.56552732400007,-12.862664579999944],[130.5655295040001,-12.862880883999935],[130.56568373100004,-12.87818286099997],[130.56568588800008,-12.878396271999975],[130.56575606500007,-12.88535812999993],[130.5657466890001,-12.88535812999993],[130.53545494000002,-12.885359309999956],[130.5306591000001,-12.885357639999938],[130.52416361200005,-12.885355003999962],[130.50549631,-12.885347429999968],[130.48092453000004,-12.885338849999926],[130.45079441000007,-12.885331159999964],[130.43822767000006,-12.885363069999926],[130.42066152000007,-12.885320199999967],[130.3905295400001,-12.885305759999937],[130.3838514800001,-12.885302259999946],[130.3741209200001,-12.88534446999995],[130.37364867000008,-12.884578759999954],[130.3731359400001,-12.88391987999995],[130.37259961000007,-12.883379249999962],[130.3717005300001,-12.88300591999996],[130.37092524000002,-12.883104489999937],[130.37024936000012,-12.883651459999953],[130.36969484000008,-12.884221429999968],[130.36860603000002,-12.884628799999973],[130.36768385000005,-12.884468219999974],[130.3670024600001,-12.883999219999964],[130.36634441,-12.883364709999967],[130.36561184000004,-12.882399789999965],[130.36512415000004,-12.881882519999976],[130.36439594,-12.881720919999964],[130.36342605000004,-12.881702349999955],[130.3618277500001,-12.882041449999974],[130.3612672700001,-12.882299779999926],[130.35963544000003,-12.882136399999979],[130.35859902000004,-12.881328129999929],[130.35665767000012,-12.88015379999996],[130.35516243000006,-12.879700469999932],[130.3526278800001,-12.87959595999996],[130.3509016600001,-12.879026179999926],[130.3480232700001,-12.876654219999978],[130.34686899000008,-12.876199089999943],[130.34524970000007,-12.876650389999952],[130.3437585800001,-12.87869207999995],[130.3419840900001,-12.880009339999958],[130.34142850400008,-12.880359890999955],[130.3399575300001,-12.881288009999935],[130.3381202170001,-12.883639352999978],[130.33741951000002,-12.884033202999944],[130.3359241490001,-12.883977889999926],[130.33331489600005,-12.88177490299995],[130.33319282500008,-12.880645751999964],[130.33458137500008,-12.879220962999966],[130.33459663400004,-12.879182814999979],[130.3347644800001,-12.878622054999937],[130.33526802100005,-12.87764358499993],[130.335878373,-12.876220702999944],[130.33662605300003,-12.874923705999947],[130.33714485200005,-12.873664855999948],[130.33773994400008,-12.872316359999957],[130.33781623800007,-12.872079848999931],[130.33831977800003,-12.870485305999978],[130.3383655550001,-12.870178222999982],[130.33906745900003,-12.868501662999961],[130.33993721000002,-12.866498946999968],[130.3408069610001,-12.864660262999962],[130.34155464200012,-12.862693785999966],[130.3423480990001,-12.860874175999982],[130.343355179,-12.858753203999981],[130.3448352810001,-12.855607985999939],[130.34585762100005,-12.853034972999978],[130.3468189240001,-12.850725173999933],[130.3480510710001,-12.84745597799997],[130.34887886100012,-12.844764708999946],[130.3497486110001,-12.842483520999963],[130.35054206900008,-12.840183257999968],[130.3512897490001,-12.837701796999966],[130.3520374300001,-12.835239409999929],[130.35294914300005,-12.831880568999964],[130.3538837430001,-12.82886505099998],[130.35450935400002,-12.825967788999947],[130.35540962200002,-12.822891234999929],[130.355638504,-12.821523665999962],[130.35588264500007,-12.820201873999963],[130.3562793740001,-12.81890869199998],[130.3565845490001,-12.817359923999959],[130.35696601900008,-12.816064834999963],[130.35737419100008,-12.814392088999966],[130.35760307300006,-12.813053130999947],[130.3578968050001,-12.81174850399998],[130.358097691,-12.809972234999975],[130.35824775700007,-12.809070586999951],[130.3585376740001,-12.807695388999946],[130.35855293300006,-12.807270049999943],[130.3586902620001,-12.80651092599993],[130.3585071560001,-12.805778502999942],[130.3585376740001,-12.805570602999978],[130.3584613800001,-12.804765700999951],[130.35865974400008,-12.804349899999977],[130.356767654,-12.802082060999965],[130.35600471500004,-12.801977156999953],[130.35533332800003,-12.801275252999972],[130.3545513150001,-12.801116942999954],[130.35343742300006,-12.800361632999966],[130.35293769800012,-12.799062728999957],[130.35264778200008,-12.796461104999935],[130.3528614050001,-12.795267104999937],[130.35408210800006,-12.793523787999959],[130.3540172580001,-12.793090819999975],[130.353349685,-12.792770385999972],[130.353349685,-12.792388915999936],[130.3538341520001,-12.790107726999963],[130.35392952000007,-12.788038253999957],[130.3553485870001,-12.782344817999956],[130.3561992650001,-12.777132033999976],[130.35612678600012,-12.775386810999976],[130.355741501,-12.774259566999945],[130.3536815640001,-12.771938323999962],[130.35333442700005,-12.767166136999947],[130.35230827300006,-12.764080046999936],[130.3528614050001,-12.76153564499998],[130.35284614600005,-12.759574889999953],[130.35354423500007,-12.757402419999949],[130.35407829300004,-12.75414466799998],[130.35323906000008,-12.750288008999973],[130.35453605700002,-12.745191573999932],[130.3546904420001,-12.743640914999958],[130.35479545600003,-12.742586135999943],[130.35583305400007,-12.739543914999956],[130.3557605740001,-12.736831664999954],[130.35612678600012,-12.73194885199996],[130.356050492,-12.731704711999953],[130.35606575000008,-12.731443405999926],[130.3560161590001,-12.731098174999943],[130.3559894560001,-12.730592727999976],[130.35595512400005,-12.730222701999935],[130.35577583300005,-12.72991561899994],[130.35554313600005,-12.729518890999941],[130.35526847800008,-12.729339599999946],[130.35516548100009,-12.729249954999943],[130.35499763500002,-12.72901534999994],[130.35492134100002,-12.728681563999942],[130.35490226800005,-12.728166579999936],[130.35484123300012,-12.727542876999962],[130.3546581270001,-12.726902007999968],[130.35453605700002,-12.726476668999965],[130.35433769200006,-12.726079940999966],[130.3540668490001,-12.725692748999961],[130.35345649700002,-12.725290297999948],[130.35331535400007,-12.725019454999938],[130.353349685,-12.724828719999948],[130.35310554500006,-12.724496841999951],[130.35284233100003,-12.72428894099994],[130.35261344900005,-12.724182128999928],[130.35244941700012,-12.723937987999932],[130.35223579400008,-12.723415373999956],[130.352064132,-12.722866058999955],[130.35194206200003,-12.722242354999935],[130.35164070100006,-12.721628188999944],[130.3512897490001,-12.721267699999942],[130.35095024100008,-12.72098159799998],[130.35053825400007,-12.720621108999978],[130.35035514800006,-12.72000694299993],[130.35024833600005,-12.71939277599995],[130.3499774930001,-12.71903419499995],[130.349882126,-12.718872069999975],[130.34940910400007,-12.718719482999973],[130.349290848,-12.718441008999946],[130.34913444500012,-12.718061446999968],[130.34878349300004,-12.717420577999974],[130.34849739100002,-12.716924667999933],[130.34837150500005,-12.716764449999971],[130.34788322500003,-12.716251372999977],[130.347337723,-12.716054915999962],[130.34684944100002,-12.715812682999967],[130.34687614400002,-12.71564865099998],[130.3468914030001,-12.715469360999975],[130.34705925000003,-12.714790343999937],[130.34724235500005,-12.713939666999977],[130.34739875800005,-12.713378905999946],[130.34767341600002,-12.712734222999927],[130.34831047000011,-12.708826064999926],[130.34840583800008,-12.705081939999957],[130.34878349300004,-12.703399657999967],[130.3478984840001,-12.701614379999967],[130.3477153780001,-12.700366972999973],[130.3485126490001,-12.692714690999935],[130.3481578830001,-12.690158843999939],[130.3488445280001,-12.689422606999926],[130.3488445280001,-12.688346862999936],[130.34832954400008,-12.687995910999973],[130.34831047000011,-12.687454222999975],[130.34924125700002,-12.685550689999957],[130.35091972400005,-12.677785873999937],[130.352064132,-12.675174712999933],[130.35265922600001,-12.67202568099998],[130.35264778200008,-12.669965743999967],[130.3530864720001,-12.66958427399993],[130.35456657400005,-12.669359206999957],[130.35513114900004,-12.669572829999936],[130.35629463200007,-12.670869826999933],[130.35850334100007,-12.671779632999971],[130.36045646600007,-12.674373625999976],[130.3623943330001,-12.676307677999944],[130.3634471900001,-12.676961898999934],[130.36500358600006,-12.677379608999956],[130.3666057590001,-12.678573608999955],[130.3678417210001,-12.678773879999937],[130.36909294100008,-12.678804396999965],[130.36936759900004,-12.678613662999965],[130.3697643280001,-12.678546904999962],[130.37208366400012,-12.678871154999968],[130.3743419650001,-12.67864227299998],[130.37443351700006,-12.678722381999933],[130.3767833710001,-12.678447722999977],[130.37710762000006,-12.677976607999938],[130.37782096900003,-12.677701949999971],[130.37859916700006,-12.677806853999982],[130.3789653770001,-12.678112029999966],[130.37939262400005,-12.678173064999953],[130.3800945280001,-12.678432464999958],[130.38052177400004,-12.678653716999975],[130.38067436200004,-12.678779601999963],[130.38108634900004,-12.67903137199994],[130.38145256000007,-12.67936515799994],[130.38187980700002,-12.679796218999968],[130.38242912300007,-12.680280685999946],[130.382749557,-12.680568694999977],[130.38299369800006,-12.680774688999975],[130.38325309800007,-12.681200027999978],[130.38332939200006,-12.68155097999994],[130.38334465000003,-12.681922912999937],[130.3834362030001,-12.682102202999943],[130.38360405000003,-12.682056426999964],[130.38409233100003,-12.682098387999929],[130.38479423500007,-12.682394027999976],[130.38537407,-12.682653426999934],[130.386167526,-12.683109283999954],[130.38656425500005,-12.683279036999977],[130.38694572500003,-12.683458328999961],[130.38718986600009,-12.68366432199997],[130.3872203830001,-12.683891295999956],[130.38717460700002,-12.68405342099993],[130.38728141700005,-12.684143065999933],[130.38784599300004,-12.68422126799993],[130.38830375700002,-12.68437385599998],[130.3886852270001,-12.684497832999966],[130.3889904020001,-12.684585570999957],[130.38926506000007,-12.684585570999957],[130.38964653000005,-12.684610365999959],[130.39003181500004,-12.684743881999964],[130.39010429400003,-12.684879302999946],[130.38998222400005,-12.684988020999981],[130.38979911800004,-12.685070037999935],[130.38992118800002,-12.685232161999977],[130.39027214100008,-12.685384749999969],[130.3906078340001,-12.68553733799996],[130.3906841270001,-12.685626982999963],[130.390897751,-12.685869216999947],[130.3911724090001,-12.686210632999973],[130.39134025600003,-12.686626433999947],[130.39152336100005,-12.687013625999953],[130.39152336100005,-12.687122344999977],[130.39155769400008,-12.68733024599993],[130.39167594900005,-12.687583923999966],[130.3910961150001,-12.688581466999949],[130.3935375220001,-12.690402983999945],[130.39430046000007,-12.69047164899996],[130.39607048000005,-12.69256782499997],[130.3969554900001,-12.692953109999962],[130.39735221900003,-12.69436073299994],[130.39823722800008,-12.694734572999948],[130.3994731900001,-12.69668197599998],[130.40011406000008,-12.699789047999957],[130.40061760000003,-12.703348158999972],[130.40444755500005,-12.703561782999941],[130.40447807300006,-12.702730178999957],[130.40560722400005,-12.699850082999944],[130.40670585600003,-12.69675254799995],[130.40614128100003,-12.695137023999962],[130.40614128100003,-12.69431495699996],[130.40702629100008,-12.693441390999965],[130.40719413800002,-12.692798614999958],[130.40673637400005,-12.691272735999974],[130.40711784400003,-12.689798354999937],[130.40688896200004,-12.688831328999981],[130.40583610600004,-12.687807082999939],[130.40519523600005,-12.68650817899993],[130.4039745330001,-12.68638038599994],[130.40360832200008,-12.686626433999947],[130.40299797000011,-12.686466216999975],[130.4019451140001,-12.684951781999928],[130.40095329200005,-12.684144973999935],[130.40011406000008,-12.68273925799997],[130.3989849090001,-12.68188476599994],[130.39782524100008,-12.681602477999945],[130.39738273700004,-12.68122482299998],[130.39700126700006,-12.680566787999965],[130.3969860080001,-12.680124282999941],[130.3972911840001,-12.679126739999958],[130.39750480600003,-12.678249358999949],[130.39787101700006,-12.677062987999932],[130.397886276,-12.67697334299993],[130.3981151580001,-12.676231383999948],[130.39831352200008,-12.67526245199997],[130.39846611000007,-12.674150466999947],[130.39874076900003,-12.673406600999954],[130.39880180400007,-12.672555922999948],[130.39886283900012,-12.671743392999929],[130.39889335700002,-12.67102813799994],[130.39886283900012,-12.670873641999947],[130.398710251,-12.67062187199997],[130.39822197,-12.67052459699994],[130.39761161800004,-12.670303343999933],[130.3973674780001,-12.670331954999938],[130.39727592500003,-12.670665740999937],[130.39718437200008,-12.670776366999974],[130.39652824400002,-12.670633315999964],[130.39607048000005,-12.670110701999931],[130.39579582200008,-12.669343947999948],[130.39561271700006,-12.668405532999941],[130.39528083800008,-12.66730499299996],[130.39321708700004,-12.665145873999961],[130.39294242800008,-12.663518905999979],[130.39326286300002,-12.662595748999934],[130.39756584100007,-12.660730361999981],[130.39938163700003,-12.659526824999944],[130.40031242400005,-12.659791946999974],[130.4033031460001,-12.658964156999957],[130.40571403500007,-12.657367705999945],[130.40968132000012,-12.65605545099993],[130.410840989,-12.655941008999946],[130.4131755830001,-12.65636062599998],[130.41392326400012,-12.657567977999975],[130.4137401580001,-12.658473968999942],[130.411817551,-12.660924911999928],[130.4112682340001,-12.662176131999956],[130.41303825400007,-12.66374015799994],[130.4133281710001,-12.663900375999958],[130.41450309700008,-12.664489745999958],[130.4148693080001,-12.663946151999937],[130.4165630340001,-12.662038802999973],[130.4175395970001,-12.66138267499997],[130.420759201,-12.659196853999958],[130.42257499700008,-12.658319472999949],[130.42289543100003,-12.657720564999977],[130.42510795600003,-12.65629768399998],[130.42443657,-12.655487059999928],[130.4244823460001,-12.653371810999943],[130.42341423000005,-12.651100157999963],[130.42030143700003,-12.647211073999927],[130.42017936700006,-12.645475386999976],[130.42111015400008,-12.644439697999928],[130.42507743800002,-12.643009185999972],[130.427518845,-12.643257140999935],[130.42878532400005,-12.642988204999938],[130.43076896700006,-12.641622542999926],[130.43144035300008,-12.640985488999945],[130.43208122200008,-12.64043045099993],[130.43255424500012,-12.640102386999956],[130.43282890400008,-12.639776229999939],[130.43298149200007,-12.639585494999949],[130.43313407900007,-12.639087676999964],[130.4331645960001,-12.63891601599994],[130.4331951140001,-12.638589858999978],[130.4331645960001,-12.638273238999943],[130.43295097400005,-12.637948989999927],[130.4327831270001,-12.637578963999943],[130.43287468000005,-12.637380599999972],[130.4330425270001,-12.637125014999981],[130.43348503100003,-12.636690139999928],[130.4345531470001,-12.636005400999977],[130.4351177210001,-12.635660170999927],[130.4352245330001,-12.635595321999972],[130.43562126200004,-12.635438918999967],[130.43623161300002,-12.635202407999941],[130.43664360000002,-12.63508987399996],[130.43719291700006,-12.635032653999929],[130.43771171600008,-12.634723662999932],[130.43806266800004,-12.634603499999969],[130.43852043100003,-12.63475608799996],[130.43876457200008,-12.634717941999952],[130.43876457200008,-12.63442039499995],[130.43865776000007,-12.634031295999932],[130.43885612500003,-12.633705139999961],[130.4392833710001,-12.633674621999944],[130.43975639400003,-12.633890151999935],[130.440290451,-12.634292602999949],[130.4404125210001,-12.634401320999928],[130.44079399100008,-12.63477897699994],[130.4410839080001,-12.635030746999973],[130.4413127900001,-12.635463713999968],[130.4413433080001,-12.635688780999942],[130.44148063700004,-12.636121749999973],[130.44151115500006,-12.636329650999926],[130.4416179650001,-12.636745451999957],[130.44163322400004,-12.636835098999939],[130.4416942590001,-12.637432097999977],[130.44181633000005,-12.638191222999978],[130.44201469400002,-12.638624190999963],[130.44215202300006,-12.63893890299994],[130.44233512900007,-12.63916397099996],[130.44264030500005,-12.639289855999948],[130.44276237500003,-12.639749526999935],[130.44260978700004,-12.64078903199993],[130.4424724580001,-12.642362594999952],[130.4424724580001,-12.642417906999981],[130.44315910400007,-12.643489837999937],[130.44648552,-12.643733977999943],[130.44729423500007,-12.642944335999971],[130.4490489960001,-12.642173767999964],[130.45098686200004,-12.642761230999952],[130.45240592900007,-12.643592834999936],[130.4534435270001,-12.64326286399995],[130.45428276100006,-12.640356063999945],[130.4550609590001,-12.639755248999961],[130.45919609100008,-12.638864516999945],[130.46018791200004,-12.638914107999938],[130.4614086150001,-12.639665602999969],[130.46502494800006,-12.643171310999946],[130.46652031000008,-12.643814086999953],[130.46746635400007,-12.646305083999948],[130.46851921100006,-12.647600173999933],[130.472593307,-12.651176451999959],[130.4731273650001,-12.651535034999938],[130.47411918600005,-12.651945113999943],[130.47445488000005,-12.652160643999935],[130.47537040800012,-12.65271568299994],[130.47596550000003,-12.653163909999932],[130.4765758520001,-12.653602599999942],[130.47765922500002,-12.654275893999966],[130.47889518700003,-12.655136107999965],[130.47945976200003,-12.655260085999942],[130.48051261900002,-12.65590476999995],[130.48179435800012,-12.656530379999936],[130.48333549500012,-12.65729904099993],[130.48466301000008,-12.658086775999948],[130.48527336100005,-12.658725738999976],[130.48586845400007,-12.659265517999927],[130.48666191100006,-12.659776687999965],[130.48809623700004,-12.660888671999942],[130.4907054900001,-12.661361694999925],[130.491636276,-12.662008285999946],[130.4919414520001,-12.662946700999953],[130.49149894700008,-12.665037154999936],[130.490995407,-12.665691374999938],[130.4932231900001,-12.667316436999954],[130.4935588840001,-12.668071746999942],[130.4935588840001,-12.669157027999972],[130.49394035400007,-12.669210433999979],[130.4942760460001,-12.667961119999973],[130.49448967,-12.668012618999967],[130.4951763150001,-12.668117522999978],[130.49548149100008,-12.666778564999959],[130.49647331200003,-12.666257857999938],[130.50045585700002,-12.666297911999948],[130.5012187960001,-12.666093825999951],[130.50265312200008,-12.665689468999972],[130.50398063700004,-12.666170119999947],[130.50475883500008,-12.666002273999936],[130.50706291200004,-12.664407729999937],[130.50855827300006,-12.664299010999969],[130.51104545500004,-12.665849685999945],[130.51228141800004,-12.66715431199998],[130.51295280400007,-12.668830871999944],[130.51434135500006,-12.670721053999955],[130.515073776,-12.67321205099995],[130.51618766700005,-12.675104140999963],[130.51760673600006,-12.680141448999962],[130.518003463,-12.683176039999978],[130.51814079300004,-12.687892913999974],[130.51777458200002,-12.691583632999937],[130.51647758500008,-12.695388793999939],[130.51411247300007,-12.69805908199993],[130.51078605700002,-12.700780867999981],[130.50868034400003,-12.703460692999954],[130.50736808800002,-12.706342696999968],[130.50675773600005,-12.706834792999928],[130.50631523100003,-12.706520080999951],[130.5059490210001,-12.70709228499993],[130.50605583200002,-12.708030700999927],[130.50533866900003,-12.709390639999981],[130.5051250460001,-12.709880828999928],[130.50507926900002,-12.71118163999995],[130.50431633000005,-12.713411330999975],[130.5047130580001,-12.714981078999926],[130.50570488000005,-12.715572356999928],[130.50712394700008,-12.718124388999968],[130.510602951,-12.716259002999948],[130.51011467,-12.71424484299996],[130.51017570500005,-12.713478087999931],[130.51104545500004,-12.710390090999965],[130.5129070280001,-12.708480834999932],[130.51543998700004,-12.707489013999975],[130.51661491400012,-12.706443786999955],[130.51972770700002,-12.703388213999972],[130.52050590500005,-12.70333862299998],[130.52216911300002,-12.704793929999937],[130.523786545,-12.70684623699998],[130.52610588100003,-12.708189009999955],[130.5268383020001,-12.708654402999969],[130.52715873700004,-12.709184645999926],[130.52714347800008,-12.709428786999979],[130.5279216770001,-12.709850310999968],[130.52808952300006,-12.71041870099998],[130.52850151000007,-12.710235595999961],[130.53088188200002,-12.712064742999928],[130.53503227200008,-12.71367835999996],[130.5376110080001,-12.713663100999952],[130.53895378100003,-12.71304893499996],[130.5395641330001,-12.713209151999934],[130.54026603700004,-12.713855743999943],[130.5424633030001,-12.71325492799997],[130.54365348800002,-12.712860106999926],[130.54673576300002,-12.710454939999977],[130.54887199400002,-12.707946776999961],[130.550794601,-12.706687926999962],[130.5518169400001,-12.70557022099996],[130.552518845,-12.70525932299995],[130.5527477270001,-12.705303191999974],[130.55280876200004,-12.705240248999928],[130.55259513900012,-12.704626083999926],[130.5529003140001,-12.704498290999936],[130.55299186700006,-12.70433425899995],[130.55286979700008,-12.704000472999951],[130.55390739400002,-12.702856063999945],[130.55636406000008,-12.701747893999936],[130.557065963,-12.701707839999926],[130.5585002900001,-12.702241896999965],[130.55915641800004,-12.703901290999966],[130.55920219400002,-12.705455779999966],[130.5614263870001,-12.706776968999975],[130.5625431520001,-12.70744033699998]]]}},{"type":"Feature","properties":{"CUSTODIAN":"Bushfires NT, Department of Environment and Natural Resources","BND_TYPE":"Volunteer Bushfire Brigade Area","SHORT_NAME":"Edith Farms","GAZ_NAME":"Edith Farms Volunteer Bushfire Brigade","GAZ_NO":"G48","GAZ_DATE":"1999-12-08T00:00:00","NOTES":null,"SHAPE_Leng":1.57613665988,"SHAPE_Area":0.0625329923291,"AREA_KM2":746.49},"geometry":{"type":"Polygon","coordinates":[[[131.97704052000006,-14.070804368999973],[131.97809900200002,-14.072186000999977],[131.97913799800006,-14.07335100299997],[131.98012499800006,-14.074289002999933],[131.9812160020001,-14.075142997999933],[131.982652,-14.076124],[131.98345199800008,-14.07672200099995],[131.98416331600004,-14.077314977999947],[131.98455800200009,-14.077644003999978],[131.98570400200003,-14.078800998999952],[131.98653899800001,-14.079822001999958],[131.987329,-14.080961001999981],[131.98804199800009,-14.082213000999957],[131.98873400200011,-14.08374499799993],[131.98893168400002,-14.084339326999952],[131.989201,-14.08514900299997],[131.989564,-14.086784997999928],[131.98975100200005,-14.088215997999953],[131.989816,-14.089886995999962],[131.98970300200006,-14.09152900099997],[131.98813248600004,-14.10186366499994],[131.9880680010001,-14.102288000999977],[131.988058,-14.102354],[131.98784100000012,-14.103979],[131.9877540000001,-14.105587],[131.987789,-14.107227],[131.987923,-14.108635],[131.98821,-14.110404],[131.9886080000001,-14.111989],[131.989136,-14.113579],[131.989717,-14.114957],[131.98977,-14.115085],[131.990613,-14.116699],[131.991903,-14.118922],[131.993107,-14.121105],[131.99378500000012,-14.122652],[131.994393,-14.124432],[131.99688,-14.133625],[131.997312,-14.135218],[131.997384,-14.13548],[131.99788300000012,-14.136876],[131.998497,-14.138298],[131.999175,-14.139601],[132.011855,-14.159746],[132.0186460000001,-14.170534],[132.01886,-14.170854],[132.019334,-14.171559],[132.02002,-14.172451],[132.021125,-14.173692],[132.022491,-14.174983],[132.024082,-14.17621],[132.025599,-14.177203],[132.029643,-14.179548],[132.030968,-14.180491],[132.03210500000012,-14.181448],[132.033203,-14.182604],[132.034528,-14.184256],[132.03539,-14.185676],[132.0367450000001,-14.188899],[132.0370259980001,-14.18992000299994],[132.03728200000012,-14.191113002999941],[132.03755456200008,-14.193053212999928],[132.0377039980001,-14.19411699699998],[132.038488,-14.20158700099995],[132.0404360020001,-14.227261003999956],[132.04063100200005,-14.228607998999962],[132.041038,-14.230332997999938],[132.041575,-14.231956998999976],[132.04218899800003,-14.233389002999957],[132.04295399800003,-14.234792003999928],[132.043795,-14.236109002999967],[132.0447299980001,-14.237332],[132.045628,-14.238328998999975],[132.056221,-14.24874099699997],[132.05783900200004,-14.250360000999933],[132.05938,-14.252032995999969],[132.060913,-14.25384099699994],[132.06280499800005,-14.256308997999952],[132.06364700200004,-14.25752999699995],[132.0648059980001,-14.259297996999976],[132.0659601760001,-14.261261496999964],[132.066292,-14.261825998999939],[132.067471,-14.264069998999958],[132.06855200200005,-14.266405],[132.06937499800006,-14.268406996999943],[132.0702149980001,-14.270696003999944],[132.070882,-14.272823001999939],[132.07140862000006,-14.274768608999977],[132.07157600200003,-14.275387000999956],[132.073153,-14.28272699799993],[132.07358000200009,-14.28440399699997],[132.074065,-14.28585],[132.07473899800004,-14.287443995999979],[132.07552700200006,-14.288962002999938],[132.0761969980001,-14.290061001999959],[132.0771959980001,-14.291461002999938],[132.07815899800005,-14.292629998999928],[132.07902299900002,-14.29354799899994],[132.079784,-14.294281],[132.08057,-14.294981],[132.0817320000001,-14.295885],[132.082955,-14.296725],[132.083775,-14.297211],[132.09078500100009,-14.30108699899995],[132.09224000200004,-14.301871997999967],[132.0933149980001,-14.302491996999947],[132.0941510020001,-14.303083995999941],[132.0949610020001,-14.303771],[132.095704,-14.304540003999932],[132.09749605000002,-14.306819847999975],[132.10395401800008,-14.31503565099996],[132.10714622700004,-14.319096767999952],[132.1089248510001,-14.32135952699997],[132.11043599800007,-14.323282001999928],[132.11115599800007,-14.324110003999976],[132.11196599800007,-14.324832002999926],[132.1126799980001,-14.325325002999932],[132.11626199800003,-14.327484002999938],[132.1170340000001,-14.327974001999962],[132.1175740000001,-14.32839400399996],[132.11823899800004,-14.32900899599997],[132.11897399800011,-14.329887997999947],[132.119356,-14.330485003999968],[132.1228529980001,-14.336442],[132.12349100200004,-14.33729399699996],[132.12423800200008,-14.338075002999972],[132.13453431800008,-14.347000004999927],[132.13015581000002,-14.349593165999977],[132.11966208,-14.35578228999998],[132.10858379,-14.366835599999945],[132.10080735000008,-14.374592449999966],[132.08230559000003,-14.362546409999936],[132.0805281900001,-14.361390229999927],[132.0622547900001,-14.349502339999958],[132.05246484000008,-14.347361019999937],[132.03276331000006,-14.343048849999946],[132.0310419980001,-14.342671975999963],[132.02291202000004,-14.340891949999957],[131.99336238,-14.334420339999951],[131.96828304000007,-14.340890209999941],[131.97580003000007,-14.351751629999967],[131.9757990700001,-14.368015749999927],[131.99523233000002,-14.383395049999933],[131.98467583000001,-14.392416819999937],[131.9846735000001,-14.421944209999936],[131.98467359000006,-14.434993389999931],[131.98246659000006,-14.433802629999946],[131.95596380000006,-14.419495119999965],[131.92946601500012,-14.405185459999927],[131.92196347000004,-14.40518708999997],[131.92063853900004,-14.405187369999965],[131.91873492000002,-14.405187772999966],[131.8929985200001,-14.405193219999944],[131.89166446000002,-14.405199039999957],[131.8916624850001,-14.422269459999939],[131.89073585000006,-14.422271789999968],[131.87360201700005,-14.42227627099993],[131.86863821000009,-14.422277569999949],[131.80208264200007,-14.422294977999968],[131.72038428500002,-14.422316345999945],[131.71704354000008,-14.422317219999968],[131.71552273800012,-14.422306899999967],[131.666817852,-14.422270466999976],[131.6658869900001,-14.422269769999957],[131.66510582400008,-14.422269185999937],[131.66412999300007,-14.416470010999944],[131.66316998700006,-14.413800004999928],[131.6614499950001,-14.412679991999937],[131.66051001000005,-14.412240001999976],[131.66088999300007,-14.41168],[131.66243852500008,-14.410384090999969],[131.6627686160001,-14.409687231999953],[131.66269526200006,-14.408709183999974],[131.66209999700004,-14.407459991999929],[131.6608369710001,-14.405995099999927],[131.66025001100002,-14.404819997999937],[131.65993000600008,-14.403209989999937],[131.66061999300007,-14.402029997999932],[131.66292754900007,-14.401765042999955],[131.6661551080001,-14.401801718999934],[131.66952000100002,-14.400520000999961],[131.67275999100002,-14.399959988999967],[131.67435848600007,-14.399393275999955],[131.67612000400004,-14.397129993999954],[131.6786600060001,-14.392270012999973],[131.67911999700004,-14.389680005999935],[131.67933434000008,-14.389141329999973],[131.67970000100001,-14.38877000499997],[131.6812700060001,-14.388640000999942],[131.68250073600007,-14.389514989999952],[131.68415119200006,-14.390309654999953],[131.68610728800002,-14.39074977599995],[131.68779442100004,-14.390627519999953],[131.68909000400004,-14.390120004999972],[131.693600005,-14.385829998999952],[131.6944099960001,-14.384359995999944],[131.69582000200012,-14.379539990999945],[131.69700029900002,-14.378683107999962],[131.69939000800002,-14.377579992999927],[131.70207392300006,-14.376653657999952],[131.70477999700006,-14.375219990999938],[131.70676855400006,-14.374281891999942],[131.71084999200002,-14.371810001999961],[131.713110002,-14.370579995999947],[131.71571000100005,-14.36729000899993],[131.71721000700006,-14.364019987999939],[131.71847998900012,-14.36243],[131.71976000100005,-14.36130000399993],[131.72114999500002,-14.36051000699996],[131.72288000700007,-14.359949994999965],[131.72451000800004,-14.359720008999943],[131.7266799990001,-14.36011001199995],[131.72855999800004,-14.359940002999963],[131.73119999200003,-14.35823000399995],[131.7339999930001,-14.358129992999977],[131.73619999700009,-14.358350006999956],[131.7396799930001,-14.35903000199994],[131.7421399960001,-14.35982],[131.74246000200003,-14.359930001999942],[131.7442999960001,-14.361009992999982],[131.7465199930001,-14.360570012999972],[131.7497400100001,-14.36190000099998],[131.75173000100006,-14.361989991999963],[131.75363999400008,-14.36144],[131.75541000900012,-14.360419996999951],[131.7568199970001,-14.359239995999928],[131.76040999600002,-14.359010009999963],[131.76215000800005,-14.358550008999941],[131.76319000400008,-14.357989996999947],[131.7636899900001,-14.35752000499997],[131.766000006,-14.355389997999964],[131.76990000900003,-14.351770005999981],[131.77170669300006,-14.350444168999957],[131.77322954800002,-14.349706535999928],[131.77588998500005,-14.349179998999944],[131.7787100070001,-14.349799987999972],[131.78055000200004,-14.350000008999928],[131.78341000900002,-14.35068999699996],[131.786169996,-14.352410006999946],[131.7888499940001,-14.354399997999963],[131.79088999100009,-14.352170000999934],[131.79626999800007,-14.347759990999975],[131.79796000500005,-14.34604],[131.79954638700008,-14.343972034999979],[131.8012595990001,-14.340783556999952],[131.8015451340001,-14.339308290999952],[131.8024255350001,-14.336857446999943],[131.8028776320001,-14.335810483999978],[131.8033297300001,-14.334692136999934],[131.8038770060001,-14.333169281999972],[131.80440048700007,-14.33119432899997],[131.80620999200005,-14.326200005999965],[131.80731999600005,-14.324440009999932],[131.80868351700008,-14.323199339999974],[131.81025396100006,-14.32219996699996],[131.8135138230001,-14.320700905999956],[131.81884999600004,-14.320260005999955],[131.8197004220001,-14.32017742499994],[131.8214850170001,-14.320034656999951],[131.82489144800002,-14.319371520999937],[131.8279299950001,-14.318780001999926],[131.82998000200007,-14.317650005999951],[131.83151999300003,-14.31652999299996],[131.83494000300004,-14.316350001999979],[131.83644000900006,-14.31579],[131.83795000700002,-14.31566999699993],[131.840259994,-14.31465000299994],[131.8423399950001,-14.313069988999928],[131.8445900040001,-14.311509985999976],[131.84685998700002,-14.311710006999931],[131.84755000300004,-14.311710006999931],[131.8489399880001,-14.311030001999939],[131.85229000900006,-14.308429992999947],[131.85394999400012,-14.30702000599996],[131.8573800050001,-14.303110001999926],[131.85881000400002,-14.301670010999942],[131.86154000700003,-14.298930006999967],[131.86265001000004,-14.298039998999968],[131.86339000200007,-14.29745999499994],[131.86736000300004,-14.295459992999952],[131.8694099920001,-14.294519997999942],[131.869980004,-14.293609996999976],[131.87069000300005,-14.290840008999965],[131.87161999700004,-14.290380007999943],[131.873100001,-14.289660007999942],[131.8752099950001,-14.288119996999967],[131.8762300080001,-14.286610008999958],[131.876339991,-14.28412001199996],[131.8759900020001,-14.282089987999939],[131.87598000100002,-14.278749996999977],[131.87598000100002,-14.277800009999964],[131.8764400020001,-14.274979988999974],[131.8764400020001,-14.273739990999957],[131.8759299950001,-14.271470007999937],[131.87597000900007,-14.268769997999982],[131.87643000100002,-14.26740998799994],[131.87788999300005,-14.264659991999963],[131.87793000700003,-14.264589993999948],[131.8798900050001,-14.262559998999961],[131.88163000800012,-14.261420010999927],[131.88544000100012,-14.259720011999946],[131.88566998800002,-14.257689987999981],[131.88566998800002,-14.255999990999953],[131.88544000100012,-14.25531999499998],[131.88543,-14.253059993999955],[131.88597,-14.25186],[131.8884099920001,-14.248850005999941],[131.890210001,-14.243430003999947],[131.88996999500011,-14.238119994999977],[131.89192999300008,-14.230949988999953],[131.89238999400004,-14.227289991999953],[131.89150000400002,-14.224560007999969],[131.8892000080001,-14.21728],[131.8896800020001,-14.213379996999947],[131.890809998,-14.211969990999933],[131.8924100050001,-14.210370001999934],[131.89546001300005,-14.209349989999964],[131.897420011,-14.20756],[131.89862999600007,-14.206180005999954],[131.89911000900008,-14.204810003999967],[131.8995800020001,-14.203279994999946],[131.8992199920001,-14.200390003999928],[131.89885001000005,-14.19710000799995],[131.89725927400002,-14.188483582999936],[131.89680999400002,-14.186050000999956],[131.89667999000005,-14.182199993999973],[131.8972699950001,-14.176809985999967],[131.89658000800011,-14.167750007999928],[131.89587,-14.163499987999955],[131.89579001000004,-14.150979986999971],[131.89807001300005,-14.14918999799994],[131.90274999400003,-14.147759998999959],[131.90478994700004,-14.147999626999933],[131.9065500060001,-14.149160012999971],[131.90989000600007,-14.153059987999939],[131.91205000600007,-14.154800000999956],[131.9145300020001,-14.156049998999947],[131.91715999500002,-14.155300005999948],[131.91885999300007,-14.153509996999958],[131.919990008,-14.15173],[131.92071000800001,-14.149869992999982],[131.9206799950001,-14.147790010999927],[131.9187600020001,-14.145239988999947],[131.9158499990001,-14.142789996999966],[131.91341000700004,-14.139120008999953],[131.91375999700006,-14.134220013999936],[131.91462999400005,-14.131320002999928],[131.91635412800008,-14.128749786999947],[131.9201374710001,-14.125632692999943],[131.9242900060001,-14.121169985999927],[131.93189,-14.117390004999947],[131.9345,-14.115749993999941],[131.93562776200008,-14.111736640999936],[131.93519945900005,-14.109714098999973],[131.93431999100005,-14.107719991999943],[131.934940008,-14.104740009999944],[131.93614999400006,-14.10280000499995],[131.9375075360001,-14.100220049999962],[131.9374599470001,-14.095770456999958],[131.93822999500003,-14.091700001999982],[131.94058998700007,-14.090309988999934],[131.94167258800007,-14.090361346999941],[131.9439803570001,-14.090470826999933],[131.94557684100005,-14.09074044199997],[131.94661190700003,-14.091133052999965],[131.94740426700002,-14.091711261999933],[131.94780401700007,-14.09197538199993],[131.94826801200009,-14.091946827999948],[131.94884622100005,-14.091732676999982],[131.949445845,-14.091083083999933],[131.9500169150001,-14.09040493799995],[131.9505380170001,-14.090190785999937],[131.9538430890001,-14.089576884999929],[131.95544922500005,-14.089269934999948],[131.95648429000005,-14.088720278999972],[131.956850002,-14.088180001999945],[131.95847589900006,-14.086100492999947],[131.95901127800005,-14.085065426999961],[131.95953951800004,-14.08363775099997],[131.96149000700007,-14.078409996999937],[131.962731565,-14.07781282999997],[131.9659819090001,-14.076447018999943],[131.96806743500008,-14.075685613999951],[131.96920845800003,-14.07533343199998],[131.9701142670001,-14.075207083999942],[131.97100000400008,-14.075000006999971],[131.97167999900012,-14.074480009999945],[131.9733126100001,-14.071622039999966],[131.97364425500007,-14.071261131999961],[131.9738999960001,-14.071210006999934],[131.97453514400001,-14.071309903999975],[131.97545529500007,-14.071316406999927],[131.9761413450001,-14.071277389999977],[131.97678998800006,-14.071069991999934],[131.97704052000006,-14.070804368999973]]]}},{"type":"Feature","properties":{"CUSTODIAN":"Bushfires NT, Department of Environment and Natural Resources","BND_TYPE":"Volunteer Bushfire Brigade Area","SHORT_NAME":"Elizabeth Valley","GAZ_NAME":"Elizabeth Valley Volunteer Bushfire Brigade","GAZ_NO":"G38","GAZ_DATE":"1988-09-26T00:00:00","NOTES":"refers to the boundary of the road, not the centre line.  Northern edge does NOT match Darwin NTFRS District (this uses road centreline)","SHAPE_Leng":0.20103465845,"SHAPE_Area":0.00250016573258,"AREA_KM2":30.04},"geometry":{"type":"Polygon","coordinates":[[[131.11882557600006,-12.67204757199994],[131.11855763000005,-12.672133519999932],[131.1184230770001,-12.672133697999982],[131.1153619900001,-12.672137739999926],[131.11515987400003,-12.672138006999944],[131.11199245000012,-12.672142189999931],[131.11112446000004,-12.672536969999953],[131.1103020800001,-12.67214494999996],[131.10422390600002,-12.672154298999942],[131.10388114700004,-12.67215482599994],[131.10372271000006,-12.672155069999974],[131.08570682000004,-12.672183766999979],[131.08529286300006,-12.672184425999944],[131.08053801000005,-12.672192],[131.0805114000001,-12.671998089999931],[131.08048810100001,-12.67185727499998],[131.08012717000008,-12.669675839999968],[131.0800793420001,-12.669386771999939],[131.07999540600008,-12.668879473999937],[131.07982325000012,-12.667838979999942],[131.0791883600001,-12.66400208999994],[131.07859513000005,-12.660418819999961],[131.07815934400003,-12.657783953999967],[131.0781199700001,-12.657545889999938],[131.07806188000006,-12.657192069999951],[131.07798872500007,-12.656749461999937],[131.07753736000006,-12.65401855999994],[131.0770603100001,-12.651136599999973],[131.0763239800001,-12.646688629999971],[131.07575874300005,-12.64327273899994],[131.0756969900001,-12.642899549999981],[131.07566783000004,-12.642719029999967],[131.07559705100005,-12.642292404999978],[131.0752054200001,-12.639931829999966],[131.0746918100001,-12.63684361999998],[131.07437252900002,-12.634911213999942],[131.07435704600005,-12.634817504999944],[131.07429706000005,-12.634454449999964],[131.07424646000004,-12.63414765999994],[131.07422903000008,-12.63404042999997],[131.07416810000007,-12.63367306999993],[131.07414516000006,-12.633534699999927],[131.07414558000005,-12.633136469999954],[131.0741463920001,-12.63239356899993],[131.07414708800002,-12.631755760999965],[131.07415389000005,-12.625529409999956],[131.07416475000002,-12.619400319999954],[131.0741648400001,-12.61773814999998],[131.074164966,-12.615519353999957],[131.0741650210001,-12.614552303999972],[131.07416502600006,-12.61447024499995],[131.07416508000006,-12.613523629999975],[131.0741653760001,-12.61342801799998],[131.0748211230001,-12.613428631999966],[131.07484081500002,-12.613428649999946],[131.08055921800008,-12.613434001999963],[131.0826929970001,-12.613436002999947],[131.10362410200003,-12.613426598999979],[131.118166007,-12.613412970999946],[131.11818956600007,-12.613412948999951],[131.11859628600007,-12.613412567999944],[131.11879941400002,-12.613411398999972],[131.11880012000006,-12.613637619999963],[131.1188001800001,-12.613768400999959],[131.11880049,-12.61445040999996],[131.1188013860001,-12.616427199999976],[131.11880159800012,-12.616879189999963],[131.1188016630001,-12.617022899999938],[131.11880189500005,-12.61753480599998],[131.11880253000004,-12.618949219999934],[131.1188034700001,-12.621019239999953],[131.11880368000004,-12.621471209999982],[131.11880374100008,-12.621606619999966],[131.1188046100001,-12.623532219999959],[131.11880556000006,-12.625593229999936],[131.1188057700001,-12.626045199999965],[131.1188059750001,-12.626495430999967],[131.11880671000006,-12.628110969999966],[131.11881617400002,-12.641509827999926],[131.11881622800001,-12.64158671499996],[131.11881688000005,-12.642509299999972],[131.11881155000003,-12.642957259999946],[131.11881173000006,-12.643223057999933],[131.11882144000003,-12.657541119999962],[131.11882244000003,-12.660022028999947],[131.11882263200005,-12.660497930999952],[131.11882720000006,-12.671830879999959],[131.11882557600006,-12.67204757199994]]]}},{"type":"Feature","properties":{"CUSTODIAN":"Bushfires NT, Department of Environment and Natural Resources","BND_TYPE":"Volunteer Bushfire Brigade Area","SHORT_NAME":"Katherine","GAZ_NAME":"Katherine Volunteer Bushfire Brigade","GAZ_NO":"G48","GAZ_DATE":"1981-12-04T00:00:00","NOTES":"50km radius from Katherine Post Office (exluding ERA)","SHAPE_Leng":3.46000599103,"SHAPE_Area":0.649364610138,"AREA_KM2":7746.09},"geometry":{"type":"Polygon","coordinates":[[[132.72485401200004,-14.41766862299994],[132.72543912900005,-14.42335305399996],[132.72595049500012,-14.429044235999982],[132.72638802200004,-14.434741259999953],[132.72675163600002,-14.44044321499996],[132.72704127200006,-14.44614919199995],[132.72725687800005,-14.451858276999928],[132.72739841500004,-14.457569558999978],[132.72746585400012,-14.463282125999967],[132.72745917800012,-14.468995064999945],[132.7273783830001,-14.47470746099998],[132.72722347600006,-14.480418403999977],[132.72699447600007,-14.486126977999959],[132.72669141500012,-14.491832272999943],[132.7263143340001,-14.497533376999968],[132.72586328900002,-14.503229375999979],[132.72533834600006,-14.508919361999972],[132.72473958400008,-14.514602422999928],[132.72406709100005,-14.520277651999947],[132.72332097100002,-14.525944140999968],[132.72250133600005,-14.531600982999976],[132.72160831300005,-14.537247272999934],[132.72064203900004,-14.542882108999947],[132.71960266200006,-14.548504588999947],[132.7184903440001,-14.554113812999958],[132.71730525600003,-14.559708884999964],[132.7160475830001,-14.565288907999957],[132.714717521,-14.570852989999935],[132.7133152770001,-14.57640024099993],[132.7118410700001,-14.581929771999967],[132.71029513100007,-14.587440698999956],[132.70867770200005,-14.59293213899997],[132.7069890350001,-14.598403213999973],[132.70522939700004,-14.603853046999973],[132.7033990640001,-14.609280765999927],[132.7014983240001,-14.61468550199993],[132.69952747500008,-14.620066389999977],[132.697486829,-14.62542256699993],[132.69537670600005,-14.630753176999974],[132.69319744100005,-14.636057364999942],[132.69094937600005,-14.641334280999956],[132.688632868,-14.64658308099996],[132.68624828200007,-14.651802922999934],[132.68379599600007,-14.656992971999955],[132.68127639700003,-14.662152394999964],[132.67868988600003,-14.667280366999933],[132.67603687000008,-14.67237606499998],[132.67331777100003,-14.677438672999926],[132.6705330210001,-14.682467378999945],[132.66768306000006,-14.687461376999977],[132.66476834200012,-14.692419867999945],[132.66178932900004,-14.697342054999979],[132.65874649500006,-14.702227150999931],[132.65564032200007,-14.707074370999976],[132.65247130500006,-14.711882938999963],[132.64923994800006,-14.716652083999975],[132.64594676500008,-14.721381040999972],[132.64259227900004,-14.726069051999957],[132.63917702600008,-14.73071536499998],[132.63570154800004,-14.735319233999974],[132.63216640000007,-14.739879920999954],[132.62857214500002,-14.744396694999978],[132.62491935600008,-14.748868830999982],[132.621208614,-14.753295611999931],[132.61744051300002,-14.757676327999945],[132.61361565200002,-14.762010274999966],[132.60973464300002,-14.766296757999953],[132.60579810500008,-14.770535089999953],[132.60180666600002,-14.774724589999948],[132.59776096400003,-14.77886458599994],[132.5936616450001,-14.78295441399996],[132.58950936300005,-14.786993416999962],[132.58530478300008,-14.790980945999934],[132.58104857700005,-14.79491636299997],[132.57674142400003,-14.798799033999956],[132.57238401400002,-14.802628337999977],[132.56797704400003,-14.806403657999965],[132.56352121800012,-14.810124388999952],[132.55901725,-14.813789933999942],[132.55446586000005,-14.817399702999978],[132.54986777700003,-14.820953117999977],[132.54522373700001,-14.824449606999963],[132.5405344830001,-14.827888609999945],[132.53580076700007,-14.831269572999929],[132.5310233470001,-14.834591953999961],[132.52620298800002,-14.837855218999948],[132.521340462,-14.841058843999974],[132.5164365490001,-14.844202314999961],[132.51149203500006,-14.847285125999974],[132.50650771200003,-14.850306781999961],[132.5014843790001,-14.853266797999936],[132.49642284200002,-14.85616469799993],[132.4913239130001,-14.859000016999971],[132.48618841000007,-14.861772298999938],[132.48101715500002,-14.864481097999942],[132.47581098000012,-14.867125979999969],[132.4705707180001,-14.869706518999976],[132.4652972120001,-14.872222300999965],[132.4599913080001,-14.874672920999956],[132.45465385600005,-14.877057985999954],[132.4492857140001,-14.87937711199993],[132.4438877450001,-14.881629926999949],[132.43846081300012,-14.88381606799993],[132.43300579200002,-14.885935183999948],[132.4275235560001,-14.887986933999969],[132.422014987,-14.889970988999949],[132.41648096900008,-14.891887029999964],[132.4109223910001,-14.893734747999929],[132.40534014600007,-14.895513846999961],[132.39973513100006,-14.897224040999959],[132.39410824700008,-14.89886505499993],[132.38846039700002,-14.900436623999951],[132.38279249000004,-14.901938496999946],[132.37710543600008,-14.903370431999974],[132.371400149,-14.904732197999977],[132.36567754600003,-14.906023576999928],[132.35993854700007,-14.907244359999936],[132.35418407400005,-14.908394352999949],[132.34841505300005,-14.909473369999944],[132.34263241100007,-14.910481235999953],[132.33683707800003,-14.911417790999963],[132.3310299840001,-14.912282883999978],[132.32521206500007,-14.913076375999935],[132.31938425600003,-14.913798137999947],[132.3135474930001,-14.91444805499998],[132.30770271400002,-14.915026022999939],[132.30185086100005,-14.915531948999956],[132.29599287400004,-14.915965749999941],[132.29012969500002,-14.916327357999933],[132.28426226600004,-14.916616713999929],[132.278391531,-14.916833771999961],[132.27251843600004,-14.916978495999956],[132.26664392200007,-14.917050863999975],[132.26076893700008,-14.917050863999975],[132.2548944240001,-14.916978495999956],[132.24902132800003,-14.916833771999961],[132.2431505940001,-14.916616713999929],[132.237283165,-14.916327357999933],[132.2314199860001,-14.915965749999941],[132.2255619980001,-14.915531948999956],[132.21971014500002,-14.915026022999939],[132.21386536700004,-14.91444805499998],[132.2080286040001,-14.913798137999947],[132.20220079400008,-14.913076375999935],[132.19638287500004,-14.912282883999978],[132.1905757820001,-14.911417790999963],[132.18478044800008,-14.910481235999953],[132.1789978060001,-14.909473369999944],[132.1732287850001,-14.908394352999949],[132.16747431300007,-14.907244359999936],[132.1617353140001,-14.906023576999928],[132.15601271100002,-14.904732197999977],[132.15030742400006,-14.903370431999974],[132.1446203690001,-14.901938496999946],[132.13895246200002,-14.900436623999951],[132.13330461200007,-14.89886505499993],[132.1276777280001,-14.897224040999959],[132.12207271300008,-14.895513846999961],[132.11649046900004,-14.893734747999929],[132.11093189100006,-14.891887029999964],[132.10539787300002,-14.889970988999949],[132.09988930300005,-14.887986933999969],[132.094407068,-14.885935183999948],[132.08895204600003,-14.88381606799993],[132.08352511500004,-14.881629926999949],[132.07812714500005,-14.87937711199993],[132.0727590030001,-14.877057985999954],[132.06742155200004,-14.874672920999956],[132.06211564700004,-14.872222300999965],[132.05684214100006,-14.869706518999976],[132.05160188000002,-14.867125979999969],[132.04639570400002,-14.864481097999942],[132.04122445000007,-14.861772298999938],[132.03608894600006,-14.859000016999971],[132.03099001700002,-14.85616469799993],[132.02592848000006,-14.853266797999936],[132.0209051480001,-14.850306781999961],[132.01592082500008,-14.847285125999974],[132.01097631000005,-14.844202314999961],[132.00607239700003,-14.841058843999974],[132.00120987200012,-14.837855218999948],[131.99638951300005,-14.834591953999961],[131.99161209200008,-14.831269572999929],[131.98687837600005,-14.827888609999945],[131.982189123,-14.824449606999963],[131.97754508200012,-14.820953117999977],[131.9729469990001,-14.817399702999978],[131.96839560900003,-14.813789933999942],[131.96389164100003,-14.810124388999952],[131.9594358160001,-14.806403657999965],[131.95502884500002,-14.802628337999977],[131.95067143500012,-14.798799033999956],[131.9463642830001,-14.79491636299997],[131.94210807600007,-14.790980945999934],[131.9379034960001,-14.786993416999962],[131.93375121500003,-14.78295441399996],[131.9296518960001,-14.77886458599994],[131.925606194,-14.774724589999948],[131.92161475500006,-14.770535089999953],[131.917678216,-14.766296757999953],[131.91379720700002,-14.762010274999966],[131.909972347,-14.757676327999945],[131.90620424500003,-14.753295611999931],[131.90249350400006,-14.748868830999982],[131.89884071400002,-14.744396694999978],[131.89524645900008,-14.739879920999954],[131.8917113110001,-14.735319233999974],[131.88823583400006,-14.73071536499998],[131.8848205800001,-14.726069051999957],[131.88146609500006,-14.721381040999972],[131.8781729110001,-14.716652083999975],[131.8749415540001,-14.711882938999963],[131.87177253700008,-14.707074370999976],[131.86866636500008,-14.702227150999931],[131.8656235300001,-14.697342054999979],[131.86264451700004,-14.692419867999945],[131.8597297990001,-14.687461376999977],[131.85687983900004,-14.682467378999945],[131.854095088,-14.677438672999926],[131.85137599000007,-14.67237606499998],[131.8487229740001,-14.667280366999933],[131.84613646200012,-14.662152394999964],[131.84361686300008,-14.656992971999955],[131.8411645770001,-14.651802922999934],[131.83877999100002,-14.64658308099996],[131.8364634830001,-14.641334280999956],[131.8342154190001,-14.636057364999942],[131.8320361530001,-14.630753176999974],[131.829926031,-14.62542256699993],[131.82788538500006,-14.620066389999977],[131.82591453600003,-14.61468550199993],[131.82401379500004,-14.609280765999927],[131.8221834620001,-14.603853046999973],[131.82042382400004,-14.598403213999973],[131.8187351580001,-14.59293213899997],[131.81711772800008,-14.587440698999956],[131.81557178900005,-14.581929771999967],[131.81409758200004,-14.57640024099993],[131.81269533800003,-14.570852989999935],[131.81136527600006,-14.565288907999957],[131.81010760300012,-14.559708884999964],[131.80892251600005,-14.554113812999958],[131.8078101970001,-14.548504588999947],[131.8067708210001,-14.542882108999947],[131.8058045460001,-14.537247272999934],[131.8049115230001,-14.531600982999976],[131.80409188900012,-14.525944140999968],[131.8033457690001,-14.520277651999947],[131.80267327600006,-14.514602422999928],[131.8020745130001,-14.508919361999972],[131.80154957000002,-14.503229375999979],[131.80109852500004,-14.497533376999968],[131.80072144400003,-14.491832272999943],[131.80041838300008,-14.486126977999959],[131.8001893830001,-14.480418403999977],[131.80003447700005,-14.47470746099998],[131.79995368200002,-14.468995064999945],[131.79994700600002,-14.463282125999967],[131.8000144450001,-14.457569558999978],[131.8001559810001,-14.451858276999928],[131.80037158800008,-14.44614919199995],[131.80066122300002,-14.44044321499996],[131.8010248370001,-14.434741259999953],[131.80146236500002,-14.429044235999982],[131.8019737310001,-14.42335305399996],[131.80208264200007,-14.422294977999968],[131.8025588480001,-14.41766862299994],[131.8032176170001,-14.411991850999982],[131.80394992800007,-14.40632364399994],[131.8047556570001,-14.400664907999953],[131.805634671,-14.395016545999965],[131.80658682400008,-14.38937945999993],[131.80761195800005,-14.383754549999935],[131.808709904,-14.378142713999978],[131.80988048200004,-14.372544847999961],[131.81112349900002,-14.366961845999981],[131.81243875100006,-14.361394597999947],[131.81382602400004,-14.35584399299995],[131.8152850900001,-14.350310917999934],[131.81681571100012,-14.34479625399996],[131.81841763900002,-14.339300882999964],[131.82009061200006,-14.333825679999961],[131.82183435800005,-14.328371519999962],[131.82364859400002,-14.322939271999928],[131.82489144800002,-14.319371520999937],[131.82553302500003,-14.317529802999957],[131.8274873470001,-14.312143975999959],[131.82951124200008,-14.306782649999946],[131.83160438200002,-14.30144667999997],[131.8337664290001,-14.296136916999956],[131.83599703400012,-14.290854207999928],[131.83829583600004,-14.285599394999963],[131.84066246300006,-14.280373315999952],[131.8430965340001,-14.275176803999955],[131.8455976570001,-14.270010687999957],[131.84816542700003,-14.264875790999952],[131.85079943200003,-14.259772931999976],[131.85349924600007,-14.254702923999957],[131.85626443600006,-14.249666574999935],[131.85909455600006,-14.244664687999943],[131.8619891520001,-14.239698059999967],[131.8649477570001,-14.234767482999928],[131.8679698960001,-14.229873741999938],[131.8710550840001,-14.225017616999935],[131.8742028260001,-14.220199880999928],[131.87741261500003,-14.215421301999982],[131.88068393600008,-14.210682641999938],[131.88401626600012,-14.205984654999952],[131.8874090690001,-14.201328089999947],[131.89086180200002,-14.196713686999942],[131.89437391,-14.19214218299993],[131.89725927400002,-14.188483582999936],[131.897944832,-14.187614304999954],[131.90157399400005,-14.183130774999938],[131.9052608170001,-14.17869230499997],[131.9090047090001,-14.174299603999941],[131.9128050710001,-14.169953369999973],[131.91666129600003,-14.165654295999957],[131.92057276600008,-14.161403064999945],[131.92453885500004,-14.15720035499993],[131.92855892900002,-14.153046833999952],[131.9326323460001,-14.148943164999935],[131.93675845500002,-14.144889998999929],[131.94093659500004,-14.14088798299997],[131.94516610000005,-14.136937751999938],[131.94944629300005,-14.133039935999932],[131.9537764920001,-14.12919515599998],[131.9581560040001,-14.125404021999941],[131.96258413100009,-14.121667137999964],[131.967060166,-14.117985099999942],[131.97158339400005,-14.114358490999962],[131.9761530930001,-14.110787890999973],[131.98076853500004,-14.107273865999957],[131.98542898300002,-14.103816975999962],[131.98813248600004,-14.10186366499994],[131.99013369400006,-14.100417769999979],[131.99488191800003,-14.09707678999996],[131.99967289800009,-14.093794566999975],[132.004505869,-14.09057162299996],[132.0093800630001,-14.087408469999957],[132.01429470100004,-14.08430561299997],[132.019249,-14.081263542999977],[132.02424217200007,-14.078282744999967],[132.02927342100008,-14.075363693999975],[132.03434194600004,-14.072506851999947],[132.03944693800008,-14.069712674999948],[132.04458758600003,-14.066981606999946],[132.04976307100003,-14.064314082999942],[132.05497256800004,-14.061710524999967],[132.06021524900007,-14.05917134899994],[132.06549027900007,-14.056696957999975],[132.07079681800008,-14.054287744999954],[132.076134023,-14.051944093999964],[132.08150104300012,-14.049666375999948],[132.0868970240001,-14.047454954999978],[132.09232110900007,-14.04531018199998],[132.09777243400003,-14.04323239699994],[132.10325013200008,-14.041221930999939],[132.1087533320001,-14.039279103999945],[132.11428115900003,-14.037404223999943],[132.11983273300007,-14.035597588999963],[132.1254071720001,-14.033859486999972],[132.1310035900001,-14.032190193999952],[132.1366210960001,-14.030589974999941],[132.14225879700007,-14.029059083999982],[132.1479157970001,-14.027597764999939],[132.15359119700008,-14.026206250999962],[132.1592840950001,-14.024884760999953],[132.16499358600004,-14.023633506999943],[132.1707187620001,-14.022452685999951],[132.1764587130001,-14.02134248799996],[132.18221252800004,-14.020303086999945],[132.18797929100003,-14.019334649999962],[132.19375808600012,-14.018437330999973],[132.1995479960001,-14.017611270999964],[132.20534809900005,-14.016856601999962],[132.21115747400006,-14.016173443999946],[132.2169751990001,-14.01556190599996],[132.22280034800008,-14.015022084999941],[132.2286319970001,-14.01455406599996],[132.23446921800007,-14.01415792399996],[132.24031108400004,-14.013833721999958],[132.24615666700004,-14.013581511999973],[132.2520050390001,-14.013401332999933],[132.25785526900006,-14.01329321399993],[132.26370643000007,-14.013257171999953],[132.2695575900001,-14.01329321399993],[132.27540782100004,-14.013401332999933],[132.28125619200011,-14.013581511999973],[132.2871017760001,-14.013833721999958],[132.29294364200007,-14.01415792399996],[132.29878086300005,-14.01455406599996],[132.30461251100007,-14.015022084999941],[132.31043766100004,-14.01556190599996],[132.3162553850001,-14.016173443999946],[132.3220647610001,-14.016856601999962],[132.32786486400005,-14.017611270999964],[132.33365477300003,-14.018437330999973],[132.33943356800012,-14.019334649999962],[132.3452003320001,-14.020303086999945],[132.35095414600005,-14.02134248799996],[132.35669409700006,-14.022452685999951],[132.3624192730001,-14.023633506999943],[132.36812876400006,-14.024884760999953],[132.37382166200007,-14.026206250999962],[132.37949706200004,-14.027597764999939],[132.38515406300007,-14.029059083999982],[132.39079176400003,-14.030589974999941],[132.39640927000005,-14.032190193999952],[132.40200568700004,-14.033859486999972],[132.40758012600008,-14.035597588999963],[132.4131317010001,-14.037404223999943],[132.41865952700005,-14.039279103999945],[132.42416272700007,-14.041221930999939],[132.4296404260001,-14.04323239699994],[132.43509175100007,-14.04531018199998],[132.44051583500004,-14.047454954999978],[132.44591181700002,-14.049666375999948],[132.45127883700002,-14.051944093999964],[132.45661604100007,-14.054287744999954],[132.46192258000008,-14.056696957999975],[132.46719761000008,-14.05917134899994],[132.4724402910001,-14.061710524999967],[132.4776497890001,-14.064314082999942],[132.48282527300012,-14.066981606999946],[132.48796592100007,-14.069712674999948],[132.4930709140001,-14.072506851999947],[132.49813943800007,-14.075363693999975],[132.50317068700008,-14.078282744999967],[132.5081638590001,-14.081263542999977],[132.5131181590001,-14.08430561299997],[132.51803279700005,-14.087408469999957],[132.52290699000002,-14.09057162299996],[132.52773996200006,-14.093794566999975],[132.53253094100012,-14.09707678999996],[132.5372791650001,-14.100417769999979],[132.54198387600002,-14.103816975999962],[132.5466443250001,-14.107273865999957],[132.55125976600004,-14.110787890999973],[132.5558294660001,-14.114358490999962],[132.56035269400002,-14.117985099999942],[132.56482872800007,-14.121667137999964],[132.56925685500005,-14.125404021999941],[132.57363636800005,-14.12919515599998],[132.5779665660001,-14.133039935999932],[132.5822467600001,-14.136937751999938],[132.5864762650001,-14.14088798299997],[132.590654405,-14.144889998999929],[132.59478051300005,-14.148943164999935],[132.59885393000002,-14.153046833999952],[132.6028740050001,-14.15720035499993],[132.60684009400006,-14.161403064999945],[132.610751563,-14.165654295999957],[132.61460778800006,-14.169953369999973],[132.61840815000005,-14.174299603999941],[132.62215204300003,-14.17869230499997],[132.6258388650001,-14.183130774999938],[132.62946802800002,-14.187614304999954],[132.63303894900002,-14.19214218299993],[132.636551058,-14.196713686999942],[132.64000379000004,-14.201328089999947],[132.64339659300003,-14.205984654999952],[132.64672892300007,-14.210682641999938],[132.65000024500011,-14.215421301999982],[132.65321003400004,-14.220199880999928],[132.65635777500006,-14.225017616999935],[132.65944296300006,-14.229873741999938],[132.66246510300005,-14.234767482999928],[132.66542370800005,-14.239698059999967],[132.6683183030001,-14.244664687999943],[132.6711484230001,-14.249666574999935],[132.67391361300008,-14.254702923999957],[132.6766134280001,-14.259772931999976],[132.679247432,-14.264875790999952],[132.68181520300004,-14.270010687999957],[132.68431632500005,-14.275176803999955],[132.6867503960001,-14.280373315999952],[132.6891170240001,-14.285599394999963],[132.69141582500004,-14.290854207999928],[132.69364643000006,-14.296136916999956],[132.695808477,-14.30144667999997],[132.69790161800006,-14.306782649999946],[132.69992551300004,-14.312143975999959],[132.701879834,-14.317529802999957],[132.703764266,-14.322939271999928],[132.7055785020001,-14.328371519999962],[132.70732224800008,-14.333825679999961],[132.708995221,-14.339300882999964],[132.71059714800003,-14.34479625399996],[132.71212777000005,-14.350310917999934],[132.7135868360001,-14.35584399299995],[132.71497410900008,-14.361394597999947],[132.716289361,-14.366961845999981],[132.7175323780001,-14.372544847999961],[132.71870295500003,-14.378142713999978],[132.7198009020001,-14.383754549999935],[132.72082603600006,-14.38937945999993],[132.72177818800003,-14.395016545999965],[132.72265720200005,-14.400664907999953],[132.72346293200007,-14.40632364399994],[132.72419524200006,-14.411991850999982],[132.72485401200004,-14.41766862299994]],[[132.36282623700004,-14.475436204999937],[132.36284794000005,-14.475423059999969],[132.3633293700001,-14.473413987999947],[132.3633401080001,-14.473369178999974],[132.36353799000005,-14.472543389999942],[132.36359040000002,-14.472196459999964],[132.3643754620001,-14.470916192999937],[132.36439636400007,-14.470882105999976],[132.36514849000002,-14.46965554999997],[132.36510721900004,-14.469646001999934],[132.36511039700008,-14.46964073199996],[132.335618973,-14.462821959999928],[132.31362724300004,-14.457736968999939],[132.31367683400003,-14.44190597499994],[132.3137149810001,-14.43072891199995],[132.3137149810001,-14.428955077999944],[132.3137149810001,-14.42683982799997],[132.3137149810001,-14.426460265999935],[132.3137187960001,-14.42349052399993],[132.3137187960001,-14.421596526999963],[132.3134365080001,-14.421701430999974],[132.31315803500001,-14.42180824299993],[132.312875748,-14.421915053999953],[132.31259346000002,-14.422021865999966],[132.31231498700004,-14.422128676999932],[132.31195259100002,-14.42226409899996],[132.3115863800001,-14.422395705999975],[132.31122016900008,-14.422525405999977],[132.31085777300007,-14.422653197999978],[132.31049156200004,-14.422780990999968],[132.31027793900012,-14.422851562999938],[132.31006050100007,-14.42291641199995],[132.30984687800003,-14.422975539999982],[132.3096294400001,-14.423034667999957],[132.30941200300003,-14.423093795999932],[132.30926322900007,-14.423118590999934],[132.30911064100007,-14.423122405999948],[132.30895423900006,-14.42312431299996],[132.30880165100007,-14.423139571999968],[132.3086566930001,-14.423185348999937],[132.3086261750001,-14.42321205099995],[132.30861091600002,-14.423254012999962],[132.3086032870001,-14.423301696999943],[132.30859184300004,-14.423347472999978],[132.30857276900008,-14.423385619999976],[132.30854606600008,-14.423416137999936],[132.30851554900005,-14.423444747999952],[132.30848884600005,-14.423473357999967],[132.30845451400012,-14.42350006099997],[132.3084201810001,-14.423524856999961],[132.30835533100003,-14.423564910999971],[132.30828666700006,-14.423601150999957],[132.3082180020001,-14.42363357499994],[132.30814933800002,-14.423660277999943],[132.30807685900004,-14.423683166999979],[132.30802726700006,-14.423694610999974],[132.30797386200004,-14.423702239999955],[132.30792427100005,-14.423709868999936],[132.30787086500004,-14.423719405999975],[132.30782127400005,-14.423728942999958],[132.30780220000008,-14.423734664999927],[132.3077831270001,-14.423740386999953],[132.30776786800004,-14.423744201999966],[132.30774879500007,-14.423749923999935],[132.3077297210001,-14.423755645999961],[132.3077068330001,-14.42376136799993],[132.307683945,-14.423767089999956],[132.30766105700002,-14.423772811999982],[132.30763816800004,-14.423776626999938],[132.30761146500004,-14.423776626999938],[132.3074741360001,-14.42376136799993],[132.30733299300005,-14.423728942999958],[132.30719566300002,-14.423683166999979],[132.3070583340001,-14.423629760999972],[132.30692100500005,-14.423576354999966],[132.30679893500007,-14.423526763999973],[132.3066768650001,-14.423479079999936],[132.30655479400002,-14.423427581999931],[132.30643272400005,-14.423376082999937],[132.3063144680001,-14.423320769999975],[132.30626869200012,-14.423294066999972],[132.30622291600002,-14.423267364999958],[132.30617713900006,-14.423236846999941],[132.30613136300008,-14.423210143999938],[132.3060855870001,-14.423187255999949],[132.30602455100006,-14.423162459999958],[132.3059597020001,-14.423139571999968],[132.30589866600008,-14.423116683999979],[132.305833817,-14.423095702999944],[132.3057727810001,-14.423070907999943],[132.30563926700006,-14.423015593999935],[132.30550193800002,-14.422960280999973],[132.30536842300012,-14.422903060999943],[132.3052349090001,-14.422847747999981],[132.30510139500007,-14.422792434999963],[132.3050785060001,-14.422784804999935],[132.3050556180001,-14.422775268999942],[132.3050327300001,-14.422767638999971],[132.30501365700002,-14.422760009999934],[132.30499076800004,-14.422750472999951],[132.3048763280001,-14.422691344999976],[132.30476951600008,-14.42261505099998],[132.30466651900008,-14.422533034999958],[132.30456352200008,-14.42245483399995],[132.30445289600004,-14.422386168999935],[132.30434227000012,-14.422332763999975],[132.30422782900007,-14.422281264999981],[132.30411720300003,-14.422235488999945],[132.30399894700008,-14.422189712999966],[132.303880692,-14.422147750999954],[132.3037471770001,-14.42210197399993],[132.30360984800006,-14.422060012999964],[132.303468704,-14.422021865999966],[132.30333137500008,-14.421991347999949],[132.30319023100003,-14.42196845999996],[132.3030796050001,-14.421958922999977],[132.30296134900004,-14.421957015999965],[132.3028469090001,-14.421964644999946],[132.30273246800004,-14.421979903999954],[132.3026180270001,-14.421998977999976],[132.3024082180001,-14.42203903199993],[132.30219841000007,-14.42208862299998],[132.30199241600008,-14.422145843999942],[132.3017902370001,-14.422210692999954],[132.3015880580001,-14.422288894999951],[132.3014850620001,-14.422338485999944],[132.30138969400002,-14.422395705999975],[132.30129432700005,-14.42245483399995],[132.3011989590001,-14.422510146999969],[132.30109596300008,-14.42255783099995],[132.3009204860001,-14.422620772999949],[132.30074501,-14.422681807999936],[132.30056572,-14.422739028999956],[132.300386429,-14.422794341999975],[132.30021095300003,-14.422849654999936],[132.3001461030001,-14.422864913999945],[132.30008506800004,-14.422880172999953],[132.3000202180001,-14.422895431999962],[132.29995918300006,-14.42291068999998],[132.299898148,-14.422927855999944],[132.29977607700005,-14.422969817999956],[132.2996616360001,-14.423023223999962],[132.29955101000007,-14.423082351999938],[132.29944038400004,-14.42314910899995],[132.29933357200002,-14.423217772999976],[132.2992763520001,-14.423271178999926],[132.29923439000004,-14.423341750999953],[132.29919242900007,-14.42341232299998],[132.29914283800008,-14.423473357999967],[132.29907798800002,-14.423509597999953],[132.29891014100008,-14.423551558999975],[132.29874229400002,-14.42359352099993],[132.2985782620001,-14.423631667999928],[132.298406601,-14.423671721999938],[132.29823875400007,-14.42370796199998],[132.29816246000007,-14.423727035999946],[132.29808235200005,-14.423744201999966],[132.29800605800006,-14.42376136799993],[132.29792594900005,-14.42377853399995],[132.29784584000004,-14.423795699999971],[132.29774284400003,-14.42381095899998],[132.297636032,-14.423814773999936],[132.2975292210001,-14.423816680999948],[132.2974224090001,-14.42381858799996],[132.29731559800007,-14.423830031999955],[132.297250748,-14.423845290999964],[132.29718971300008,-14.423864364999929],[132.29712867700005,-14.423887252999975],[132.2970638280001,-14.423906325999951],[132.29699897800003,-14.423915862999934],[132.29684639000004,-14.42392921399994],[132.29669380200005,-14.423942565999937],[132.29653739900004,-14.423955916999944],[132.29638481100005,-14.423967360999939],[132.29623222400005,-14.423980712999935],[132.29620170600003,-14.423982619999947],[132.29617118800002,-14.423984527999949],[132.2961406710001,-14.42398643499996],[132.2961101530001,-14.423990249999974],[132.29607963600006,-14.42399215699993],[132.29602241500004,-14.423994063999942],[132.29596900900003,-14.423990249999974],[132.29591178900012,-14.42398643499996],[132.2958583830001,-14.423984527999949],[132.29580116300008,-14.423984527999949],[132.2957019810001,-14.423994063999942],[132.29560661300002,-14.424015044999976],[132.29551506000007,-14.424047469999948],[132.2954235080001,-14.424093245999927],[132.2953433990001,-14.424150466999947],[132.2953166960001,-14.424173354999937],[132.2952899930001,-14.42420005799994],[132.29527092,-14.424226760999943],[132.29524803200002,-14.424253463999946],[132.29522514300004,-14.424278258999948],[132.29517936700006,-14.424324035999973],[132.29513359100008,-14.424369811999952],[132.295084,-14.424413680999976],[132.2950344090001,-14.424453734999929],[132.29497718800008,-14.42448806799996],[132.29486274700002,-14.42452812199997],[132.29474449200006,-14.424549102999947],[132.2946224210001,-14.42455863999993],[132.294500351,-14.424570083999981],[132.29438591000007,-14.42459297199997],[132.29432487500003,-14.424610137999935],[132.294267654,-14.424629210999967],[132.2942104340001,-14.424648284999932],[132.29415321400006,-14.424665450999953],[132.29409599300004,-14.424682616999974],[132.29401969900005,-14.424703597999951],[132.29393959000004,-14.424720763999971],[132.29385948200002,-14.424734115999968],[132.29378318800002,-14.424747466999975],[132.293703079,-14.424757003999957],[132.29365348800002,-14.42475891099997],[132.29360771200004,-14.424755095999956],[132.29356193500007,-14.424747466999975],[132.29351234400008,-14.424741744999949],[132.2934665680001,-14.424741744999949],[132.29342079200012,-14.42474937399993],[132.29337501500004,-14.424760817999982],[132.29332923900006,-14.424776076999933],[132.29328346300008,-14.42478942899993],[132.2932376860001,-14.424797057999967],[132.29316139200012,-14.424797057999967],[132.29307746900008,-14.424785613999973],[132.29299736000007,-14.424770354999964],[132.29291725200005,-14.424760817999982],[132.29283714300004,-14.42476654099994],[132.29281425500005,-14.424772262999966],[132.2927951810001,-14.424779891999947],[132.2927761080001,-14.42478942899993],[132.29275322,-14.42479896499998],[132.29273414600004,-14.42480659499995],[132.29260444600004,-14.42484664899996],[132.29247093200001,-14.424888610999972],[132.2923374180001,-14.424922942999956],[132.2922077180001,-14.424938201999964],[132.2920780180001,-14.424922942999956],[132.29202079800007,-14.424909591999949],[132.29196739200006,-14.424892425999928],[132.29191017200003,-14.424875258999975],[132.29185676600002,-14.424858092999955],[132.29180336000002,-14.424842833999946],[132.2917690280001,-14.424833297999953],[132.29173469500006,-14.42482376099997],[132.29170036300002,-14.424814223999931],[132.2916698460001,-14.424804687999938],[132.29163551300007,-14.424797057999967],[132.29150962800009,-14.424787520999928],[132.2913837430001,-14.424810409999964],[132.2912578580001,-14.42484664899996],[132.29113197300012,-14.424880980999944],[132.29100608800002,-14.42489433299994],[132.29088401800004,-14.424882888999946],[132.2907657620001,-14.424861907999968],[132.29064750700002,-14.424839019999979],[132.29052925100007,-14.424821853999958],[132.29041099500012,-14.424814223999931],[132.29033851600002,-14.424819945999957],[132.29026985200005,-14.42482948299994],[132.29019737200008,-14.424840926999934],[132.2901287080001,-14.424850463999974],[132.29005622900002,-14.424856185999943],[132.28996849100008,-14.424852370999929],[132.28988075300003,-14.424842833999946],[132.2897930150001,-14.424831389999952],[132.28970146200004,-14.424821853999958],[132.2896137240001,-14.424818038999945],[132.28957939100007,-14.424819945999957],[132.28954887400005,-14.424819945999957],[132.28951454200012,-14.424821853999958],[132.2894802090001,-14.424827575999927],[132.28944587700005,-14.424835204999965],[132.28938484200012,-14.424852370999929],[132.2893276210001,-14.424871444999951],[132.28926658600005,-14.424892425999928],[132.28920936600002,-14.424913405999973],[132.2891483310001,-14.42493438699995],[132.28898048400004,-14.425001143999964],[132.2888126370001,-14.425065993999965],[132.28864479100002,-14.425132750999978],[132.28847694400008,-14.425199508999981],[132.28830909700002,-14.425266265999937],[132.28820991500004,-14.425306319999947],[132.28811454800007,-14.425346374999947],[132.28801536600008,-14.425386428999957],[132.2879161830001,-14.425426482999967],[132.28782081600002,-14.425470351999934],[132.28762245200005,-14.42556381199995],[132.28742408800008,-14.425662993999936],[132.28722572300012,-14.42576408399998],[132.28703117400005,-14.425867080999978],[132.2868328090001,-14.425966262999964],[132.28659248400004,-14.426080703999958],[132.28635597200002,-14.42619323699995],[132.2861156460001,-14.426303863999976],[132.28587532000006,-14.426416396999969],[132.285634995,-14.426530837999962],[132.2854251860001,-14.426641463999943],[132.285223007,-14.426761626999962],[132.28502464300004,-14.426893233999976],[132.2848339080001,-14.427032470999961],[132.28464317300006,-14.427177428999926],[132.28448677100005,-14.427305221999973],[132.2843418120001,-14.42743682899993],[132.28420448300005,-14.427577971999938],[132.28407096900003,-14.427722930999948],[132.28394508400004,-14.42787551899994],[132.28368949900005,-14.428211211999951],[132.28344154400008,-14.428550719999976],[132.28320884700008,-14.428894042999957],[132.2829837800001,-14.429246901999932],[132.2827739720001,-14.429607390999934],[132.28266716000007,-14.429794311999956],[132.28256416300007,-14.429981231999932],[132.28246116600008,-14.430170058999977],[132.28236961400012,-14.430362700999979],[132.2822856900001,-14.430557250999982],[132.28219413800002,-14.430799483999976],[132.28209877000006,-14.431039809999959],[132.2820034030001,-14.431282042999953],[132.28191185000003,-14.431522368999936],[132.28181648300006,-14.431762694999975],[132.28174400300009,-14.431983947999981],[132.2816677090001,-14.432207107999943],[132.2815952300001,-14.43242835999996],[132.2815189360001,-14.432649611999977],[132.28144645700002,-14.432870864999927],[132.28135108900005,-14.433141707999937],[132.28125572200008,-14.43341064499998],[132.28115272500008,-14.433679580999978],[132.28104591400006,-14.433946608999975],[132.28093528700003,-14.43421363799996],[132.2808475490001,-14.43439865099998],[132.28074073800008,-14.434576034999964],[132.280622482,-14.434745788999976],[132.2804927830001,-14.434909820999962],[132.28035545300008,-14.435071944999947],[132.28021812400004,-14.43522453299994],[132.2800769810001,-14.435367583999948],[132.2799243930001,-14.435499190999963],[132.27976036100006,-14.43561744699997],[132.27958107000006,-14.435726165999938],[132.27922248800007,-14.435907363999945],[132.27885627700005,-14.436063765999961],[132.2784862520001,-14.436195373999965],[132.27810859700003,-14.436306],[132.277719498,-14.436399459999961],[132.27760505700007,-14.436424254999963],[132.277486801,-14.43644523599994],[132.27737236000007,-14.436464309999963],[132.2772541050001,-14.43647766099997],[132.27713966400006,-14.43648529099994],[132.27700996400006,-14.436492919999978],[132.27688026400006,-14.436498641999947],[132.27675056500004,-14.436496734999935],[132.27662468000005,-14.436489104999964],[132.27649879500007,-14.43646812399993],[132.2763767240001,-14.436441421999973],[132.276254654,-14.43641471899997],[132.27613258400004,-14.436389922999979],[132.27601051300007,-14.436363219999976],[132.2758884430001,-14.436336516999972],[132.27569007900001,-14.43629455599995],[132.27549552900007,-14.436252593999939],[132.2753009800001,-14.436210631999927],[132.27510643000005,-14.43616676299996],[132.2749118800001,-14.436124801999938],[132.27474021900002,-14.436090468999964],[132.27456474300004,-14.43605613699998],[132.27439308200007,-14.436025619999953],[132.2742176060001,-14.43599891699995],[132.2740421300001,-14.435972213999946],[132.27390480000008,-14.435955047999926],[132.27376747100004,-14.435937880999973],[132.27363014200012,-14.435922622999954],[132.27349281300008,-14.435905456999933],[132.27335166900002,-14.435890197999981],[132.2732143400001,-14.43587303199996],[132.27307319600004,-14.435857772999952],[132.2729320530001,-14.435842513999944],[132.27279090900004,-14.435829162999937],[132.2726497650001,-14.435817718999942],[132.27237129200012,-14.435810088999972],[132.27209281900002,-14.435823440999968],[132.27181434600004,-14.435853957999939],[132.27153968800008,-14.435897826999962],[132.2712612150001,-14.435947417999955],[132.27083396900002,-14.436033248999934],[132.27040672300006,-14.436122893999936],[132.26998329200012,-14.43621444699994],[132.2695636750001,-14.436304091999943],[132.26914024400003,-14.436389922999979],[132.26909065200005,-14.436399459999961],[132.26904487600007,-14.436407088999943],[132.26899528500007,-14.43641471899997],[132.2689495090001,-14.436422347999951],[132.268903732,-14.436431884999934],[132.26863288900006,-14.436489104999964],[132.26836967500003,-14.436563491999948],[132.26811409000004,-14.436656951999964],[132.26786232000006,-14.436775207999972],[132.26762199400002,-14.436922072999948],[132.26755332900007,-14.436975478999955],[132.26749229400002,-14.437032699999975],[132.26743888900012,-14.43709754899993],[132.26738929700002,-14.437164306999932],[132.26734352100004,-14.43723487899996],[132.26731681800004,-14.437278747999926],[132.26729011500004,-14.437324523999962],[132.26726341200003,-14.437368392999929],[132.26724052400004,-14.437414168999965],[132.26721763600005,-14.437459945999933],[132.267183304,-14.437538146999941],[132.2671489720001,-14.437614440999937],[132.26711463900006,-14.437692641999945],[132.26708030700001,-14.43776893599994],[132.2670459750001,-14.437847136999949],[132.2670497890001,-14.437858581999933],[132.2670497890001,-14.43787193299994],[132.2670497890001,-14.437883376999935],[132.267053604,-14.43789482099993],[132.267053604,-14.437908172999926],[132.26705741900003,-14.437961577999943],[132.26706504800006,-14.438016890999961],[132.2670726780001,-14.438072204999969],[132.26708030700001,-14.438125609999929],[132.26709175100007,-14.438180922999948],[132.2671527860001,-14.438375472999951],[132.26724815400007,-14.43855857799997],[132.26735115100007,-14.438737868999965],[132.2674579620001,-14.438919066999972],[132.267541885,-14.439109801999962],[132.26757621800004,-14.43921279899996],[132.26760673500007,-14.43931579599996],[132.26763343800008,-14.439418792999959],[132.26765632600006,-14.43952369699997],[132.26766777000012,-14.439628600999981],[132.26767921400005,-14.439840316999948],[132.26768302900007,-14.440052031999926],[132.26767921400005,-14.44026374799995],[132.26766777000012,-14.440475463999974],[132.26764869700003,-14.44068717999994],[132.26762580900004,-14.440891265999937],[132.26759910600003,-14.441095351999934],[132.26757240300003,-14.44129943799993],[132.26754570000003,-14.441505431999929],[132.26752281200004,-14.441709517999982],[132.2675113680001,-14.441848754999967],[132.26749610900004,-14.441987990999962],[132.2674846650001,-14.442125319999946],[132.26747703600006,-14.44226455699993],[132.26747322100005,-14.442403792999926],[132.26747322100005,-14.442506789999982],[132.26747322100005,-14.44260978699998],[132.26747322100005,-14.442714690999935],[132.26747322100005,-14.442817687999934],[132.26747322100005,-14.442920684999933],[132.26747322100005,-14.443056106999961],[132.26747703600006,-14.44318962099993],[132.26747703600006,-14.443323134999957],[132.26747703600006,-14.443456649999973],[132.26747703600006,-14.443590163999943],[132.26746559100002,-14.44381904599993],[132.26743888900012,-14.444046020999963],[132.26740074200006,-14.444272994999949],[132.2673587800001,-14.444499968999935],[132.26732063300005,-14.444726943999967],[132.267259598,-14.44505500799994],[132.26718711900003,-14.44538307199997],[132.26711845400007,-14.445711135999943],[132.2670497890001,-14.446037291999971],[132.26698875400007,-14.446367263999946],[132.26696205100006,-14.44657897899998],[132.2669429780001,-14.446790694999947],[132.26693534900005,-14.447002410999971],[132.26693534900005,-14.447214126999938],[132.2669429780001,-14.447425841999973],[132.2669467930001,-14.447511672999951],[132.26695442200003,-14.447599410999942],[132.26696586600008,-14.447685241999977],[132.26697731000002,-14.447771071999966],[132.2669963840001,-14.447856902999945],[132.26700782800003,-14.447921752999946],[132.2670230870001,-14.447984694999946],[132.26703834500006,-14.448047637999935],[132.267053604,-14.448110579999934],[132.26706886300008,-14.44817352299998],[132.2670726780001,-14.448202132999938],[132.26708030700001,-14.448230742999954],[132.26708793600005,-14.448259353999958],[132.26709175100007,-14.448287963999974],[132.26709175100007,-14.448316573999932],[132.26708412200003,-14.448339461999979],[132.26706504800006,-14.448356627999942],[132.26703834500006,-14.448368072999926],[132.26700782800003,-14.448377608999976],[132.26698112500003,-14.448383330999945],[132.2668933870001,-14.448389052999971],[132.26680564900005,-14.448383330999945],[132.26671791100011,-14.448373794999952],[132.2666339870001,-14.448369979999939],[132.26655006400006,-14.448377608999976],[132.26650047300006,-14.448389052999971],[132.26645469700009,-14.448400496999966],[132.26640892000012,-14.448410033999949],[132.26636314400002,-14.448421477999943],[132.26631355300003,-14.44843482999994],[132.2662525180001,-14.44845199599996],[132.26618766800004,-14.448471068999936],[132.2661266330001,-14.448490142999958],[132.26606178300005,-14.448509215999934],[132.2659969330001,-14.448528289999956],[132.26590919500006,-14.448551177999946],[132.26581764200012,-14.44857215899998],[132.26572227500003,-14.448589324999944],[132.26563072200008,-14.44860267599995],[132.26553916900002,-14.448610305999978],[132.26550102200008,-14.448608397999976],[132.26546287500003,-14.448598861999926],[132.2654285430001,-14.448579787999961],[132.26539421100006,-14.44855499299996],[132.26535987900002,-14.44852256799993],[132.26531028700003,-14.448463439999955],[132.26527214100008,-14.44840431199998],[132.2652492520001,-14.448343276999935],[132.26523399400003,-14.44828414899996],[132.2652263640001,-14.448223113999973],[132.26523399400003,-14.448165893999942],[132.26524543800008,-14.448106765999967],[132.26526832600007,-14.448047637999935],[132.2652988430001,-14.447990416999971],[132.26534462000006,-14.447935103999953],[132.26543998700004,-14.447841643999936],[132.2655353550001,-14.447763442999928],[132.265638351,-14.447698592999927],[132.2657375340001,-14.44763755799994],[132.26584434500012,-14.44757461499995],[132.26588249200006,-14.44754981999995],[132.26592445400001,-14.44752693199996],[132.2659664150001,-14.44750404399997],[132.26601219200006,-14.447481154999934],[132.26605033900012,-14.447456359999933],[132.2660732270001,-14.447443007999937],[132.26609230000008,-14.447427749999974],[132.26610755900003,-14.447412490999966],[132.2661228180001,-14.447393416999944],[132.26613807700005,-14.447374343999968],[132.26616096500004,-14.447320937999962],[132.26616859400008,-14.447259902999974],[132.26615715000003,-14.447196959999928],[132.26614189100007,-14.447134017999929],[132.26611518900006,-14.447074889999953],[132.2660961150001,-14.44704055799997],[132.26607704200012,-14.447006225999928],[132.26605415300003,-14.446975707999968],[132.266027451,-14.446945189999951],[132.2659969330001,-14.44692039499995],[132.26590538000005,-14.446866988999943],[132.2658138280001,-14.446823119999976],[132.26571846000002,-14.446790694999947],[132.26562309300004,-14.446767806999958],[132.26552391100006,-14.446750640999937],[132.26547050500005,-14.446744918999968],[132.26541709900005,-14.446737288999941],[132.26535987900002,-14.446733474999974],[132.265306473,-14.446733474999974],[132.26525306700012,-14.446739196999943],[132.26518821700006,-14.44674682599998],[132.2651195530001,-14.446756362999963],[132.26505470300003,-14.446765899999946],[132.2649898530001,-14.446775435999939],[132.26492118800002,-14.446784972999978],[132.26485252400005,-14.446794509999961],[132.26478004500007,-14.446804046999944],[132.2647113800001,-14.446813582999937],[132.264638901,-14.446823119999976],[132.26456642200003,-14.446834563999971],[132.2645320890001,-14.44684028599994],[132.26449775700007,-14.446847915999967],[132.26446342500003,-14.44685745199996],[132.264432907,-14.446866988999943],[132.2643985750001,-14.446878432999938],[132.26431846600008,-14.446903228999929],[132.26423835800006,-14.44692802399993],[132.26416206400006,-14.446956634999935],[132.26408577000007,-14.446987151999963],[132.26400947600007,-14.447023391999949],[132.26395988500008,-14.447052001999964],[132.2639141080001,-14.44708251999998],[132.26386451700012,-14.447113036999951],[132.26381874100002,-14.447143554999968],[132.26377296400005,-14.447174071999939],[132.26367378200007,-14.447229384999957],[132.2635784150001,-14.447284697999976],[132.2634792330001,-14.447338103999982],[132.263380051,-14.447391509999932],[132.26328086900003,-14.447441100999981],[132.2632465360001,-14.447456359999933],[132.26321220400007,-14.44746971099994],[132.26317787200003,-14.447481154999934],[132.2631397250001,-14.447490691999974],[132.26310539200006,-14.447500228999957],[132.26308631900008,-14.447502135999969],[132.26306724500012,-14.44750404399997],[132.26304817200003,-14.447505950999982],[132.26303291300007,-14.44750976599994],[132.2630138400001,-14.447511672999951],[132.2629604340001,-14.447523116999946],[132.2629070280001,-14.44753456099994],[132.26285362200008,-14.447547912999937],[132.26280021700006,-14.447559356999932],[132.26275062600007,-14.447570800999927],[132.26271629300004,-14.447578429999965],[132.2626819610001,-14.447584151999934],[132.2626514430001,-14.44759178199996],[132.26261711100005,-14.44759750399993],[132.262582779,-14.447603225999956],[132.26256752000006,-14.447605132999968],[132.262556076,-14.44760703999998],[132.26254081700006,-14.44760703999998],[132.2625255580001,-14.44760703999998],[132.26251030000003,-14.44760703999998],[132.26249122600007,-14.447605132999968],[132.26246833800008,-14.447603225999956],[132.2624492650001,-14.447601317999954],[132.262426376,-14.44759750399993],[132.26240730300003,-14.44759178199996],[132.2623729710001,-14.447584151999934],[132.2623424530001,-14.44757461499995],[132.26231575000008,-14.447565078999958],[132.26228523300006,-14.447551726999961],[132.26225471500004,-14.447538375999954],[132.26223564100007,-14.447528838999972],[132.2622165680001,-14.447517394999977],[132.262197495,-14.44750404399997],[132.26217842100004,-14.447490691999974],[132.2621631620001,-14.447475432999966],[132.26214408900012,-14.447458266999945],[132.26212883000005,-14.447441100999981],[132.2621173860001,-14.44742393499996],[132.26210594200006,-14.447402953999926],[132.26209831200003,-14.447381972999949],[132.262094498,-14.44735908499996],[132.262094498,-14.44733619699997],[132.26209831200003,-14.44731330899998],[132.26210212700005,-14.447290420999934],[132.26210594200006,-14.447267531999955],[132.2621097560001,-14.447246551999967],[132.2621135710001,-14.447225570999933],[132.2621173860001,-14.447204589999956],[132.26212501500004,-14.447183608999978],[132.26212883000005,-14.447164535999946],[132.26214408900012,-14.447124480999946],[132.2621631620001,-14.447084426999936],[132.26217842100004,-14.447044372999926],[132.2621936800001,-14.447004317999927],[132.26220893900006,-14.446964263999973],[132.2622165680001,-14.446941375999927],[132.26222419700002,-14.44692039499995],[132.26223182700005,-14.44689750699996],[132.2622394560001,-14.44687461899997],[132.26224708600012,-14.446853637999936],[132.26225853000005,-14.446815490999938],[132.2622661590001,-14.446775435999939],[132.26227378800002,-14.446737288999941],[132.26227760300003,-14.446699141999943],[132.26228523300006,-14.446659087999933],[132.2622928620001,-14.446596145999933],[132.2622966770001,-14.446531295999932],[132.2622966770001,-14.446468352999943],[132.26228904700008,-14.446403502999942],[132.26227760300003,-14.446340560999943],[132.2622661590001,-14.44630813599997],[132.26225090000003,-14.446277617999954],[132.26223564100007,-14.446247100999926],[132.2622203830001,-14.446216582999966],[132.26220512400005,-14.446186065999939],[132.26220130900003,-14.446168899999975],[132.262197495,-14.446151732999965],[132.2621936800001,-14.446134566999945],[132.2621898650001,-14.446119307999936],[132.26218223600006,-14.446102141999972],[132.2621631620001,-14.44607543899997],[132.2621402740001,-14.44605255099998],[132.2621173860001,-14.446027755999978],[132.262094498,-14.446004867999932],[132.26207542400005,-14.44598007199994],[132.262067795,-14.445966720999934],[132.26205635100007,-14.445953368999938],[132.26204872100004,-14.44594001799993],[132.261991501,-14.445878982999943],[132.26193809500012,-14.445823668999935],[132.2618846890001,-14.445770263999975],[132.2618312840001,-14.445716857999969],[132.2617816930001,-14.445659636999949],[132.26173973100003,-14.445608138999944],[132.2617015840001,-14.44555664099994],[132.26166725200005,-14.445503234999933],[132.2616291050001,-14.445447921999971],[132.2615985870001,-14.445392608999953],[132.2615718840001,-14.445348739999929],[132.2615489960001,-14.44530296299996],[132.2615261080001,-14.445259093999937],[132.26150703400003,-14.445211410999946],[132.26148796100006,-14.445163726999965],[132.26145744300004,-14.445075988999974],[132.26143455500005,-14.444988250999927],[132.26141548200007,-14.444898604999935],[132.261400223,-14.444808959999932],[132.2613925930001,-14.44471931499993],[132.26138877900007,-14.444654464999928],[132.26138877900007,-14.444589614999927],[132.26138496400006,-14.444524764999926],[132.26138496400006,-14.444459914999982],[132.26138114900004,-14.44439506499998],[132.26138114900004,-14.444364547999953],[132.26137733500002,-14.444335937999938],[132.26137733500002,-14.444305419999978],[132.26137352000012,-14.444276809999963],[132.2613697050001,-14.444248198999958],[132.26136589100008,-14.44422721899997],[132.26136207600007,-14.444208144999948],[132.26135826100005,-14.44418716399997],[132.26135063200002,-14.444168090999938],[132.26134681700012,-14.444149016999972],[132.261323929,-14.444080352999947],[132.2612934110001,-14.444015502999946],[132.26125907900007,-14.443950652999945],[132.26122856100005,-14.443885802999944],[132.26120948800008,-14.443817138999975],[132.26120567300006,-14.44379424999994],[132.26120567300006,-14.44377136199995],[132.26120567300006,-14.44374847399996],[132.26120948800008,-14.443725585999971],[132.26121711700011,-14.443702697999981],[132.26122474700003,-14.44368362399996],[132.26123237600007,-14.443666457999939],[132.26123619100008,-14.443649291999975],[132.26124382000012,-14.443630218999942],[132.26125145000003,-14.443613051999932],[132.26125907900007,-14.443584441999974],[132.261270523,-14.443555831999959],[132.26128196700006,-14.443525313999942],[132.2612895970001,-14.443496703999926],[132.26130104100002,-14.443468093999968],[132.26130485500005,-14.443449019999946],[132.26130867000006,-14.44342994699997],[132.26131248500008,-14.443408965999936],[132.2613162990001,-14.44338989299996],[132.2613162990001,-14.443368911999926],[132.2613162990001,-14.443330764999928],[132.2613162990001,-14.443290709999928],[132.2613162990001,-14.443250655999975],[132.2613162990001,-14.443212508999977],[132.2613162990001,-14.443172454999967],[132.2613162990001,-14.443143844999952],[132.2613162990001,-14.443115233999947],[132.2613162990001,-14.443086623999932],[132.261323929,-14.443056106999961],[132.26133537300007,-14.443029403999958],[132.26135826100005,-14.442989348999959],[132.26138114900004,-14.442953109999962],[132.26141166700006,-14.442918776999932],[132.26143837000006,-14.442884444999947],[132.2614688870001,-14.442852019999975],[132.2614994050001,-14.442813872999977],[132.26153373700004,-14.442779540999936],[132.26156425500005,-14.44274330099995],[132.26159477200008,-14.442707061999954],[132.2616252900001,-14.442670821999968],[132.26164436300007,-14.442646026999967],[132.26166343700004,-14.442621230999976],[132.26168251,-14.442596435999974],[132.26169776900008,-14.442571639999926],[132.26171302800003,-14.44254493699998],[132.26172447200008,-14.442518233999976],[132.26173591600002,-14.442491530999973],[132.26174354600005,-14.44246482799997],[132.2617511750001,-14.442436217999955],[132.261758804,-14.442409514999952],[132.26177406300008,-14.442325591999975],[132.2617816930001,-14.442237853999927],[132.261785507,-14.442152022999949],[132.26180076600008,-14.442070006999927],[132.26183509800012,-14.441991805999976],[132.2618579860001,-14.441953658999978],[132.2618846890001,-14.441917418999935],[132.2619075780001,-14.441881179999939],[132.2619342800001,-14.441843032999941],[132.26195716900008,-14.441806792999955],[132.26196861300002,-14.441791533999947],[132.26197624200006,-14.44177818299994],[132.2619876860001,-14.441762923999931],[132.26200676000008,-14.441722869999978],[132.26202201800004,-14.441680907999967],[132.26202964800007,-14.441638946999944],[132.26203346300008,-14.441596984999933],[132.26202583300005,-14.441555022999978],[132.26202583300005,-14.441543578999926],[132.26202201800004,-14.441532134999932],[132.26201820400001,-14.441518783999982],[132.26201438900011,-14.44150733899994],[132.2620105740001,-14.441493987999934],[132.26200294500006,-14.44145965599995],[132.26199531600003,-14.441427230999977],[132.2619876860001,-14.441392898999936],[132.2619838710001,-14.441358565999963],[132.2619838710001,-14.441324233999978],[132.2619838710001,-14.441282271999967],[132.2619876860001,-14.441238402999943],[132.26199913000005,-14.441196441999978],[132.2620105740001,-14.441152572999954],[132.26202201800004,-14.441106795999929],[132.26202583300005,-14.441097259999935],[132.26202964800007,-14.441085814999951],[132.26204109200012,-14.441040038999972],[132.26205253600006,-14.440994262999936],[132.2620639800001,-14.440948485999968],[132.26207542400005,-14.440904616999944],[132.2620868680001,-14.440858840999965],[132.26210212700005,-14.44082260099998],[132.2621173860001,-14.440788268999938],[132.2621364590001,-14.440755843999966],[132.2621631620001,-14.440725326999939],[132.2621898650001,-14.440696715999934],[132.26220893900006,-14.440675734999957],[132.26223182700005,-14.44065666199998],[132.26225471500004,-14.440637588999948],[132.26227378800002,-14.440618514999926],[132.2622966770001,-14.44059944199995],[132.26233100900004,-14.440572738999947],[132.26236152600006,-14.440546035999944],[132.26239204400008,-14.44051933299994],[132.262426376,-14.440492629999937],[132.26245689400002,-14.440464019999979],[132.2624721530001,-14.440452575999927],[132.262479782,-14.440437316999976],[132.26249122600007,-14.440422057999967],[132.2624988560001,-14.440406798999959],[132.26250267000012,-14.440389632999938],[132.26250648500002,-14.440378188999944],[132.26250648500002,-14.440366744999949],[132.26251030000003,-14.440355300999954],[132.26251030000003,-14.440341948999958],[132.26250648500002,-14.440324782999937],[132.26250648500002,-14.440305709999961],[132.26250267000012,-14.440282821999972],[132.26249504100008,-14.440265655999951],[132.26249122600007,-14.440248488999941],[132.26248359700003,-14.440231322999978],[132.2624759670001,-14.440214156999957],[132.26246833800008,-14.44020080599995],[132.26245689400002,-14.440187453999954],[132.2624492650001,-14.440174102999947],[132.26243782000006,-14.44016075099995],[132.262426376,-14.44014358499993],[132.26241493200007,-14.440126418999967],[132.26239967300012,-14.440109252999946],[132.2623424530001,-14.440052031999926],[132.26228523300006,-14.440000533999978],[132.26222419700002,-14.439950942999928],[132.2621669770001,-14.439901351999936],[132.2621097560001,-14.439851760999943],[132.26202964800007,-14.43978500399993],[132.26194953900006,-14.439718245999927],[132.26187324500006,-14.43965148899997],[132.26179313700004,-14.439584731999958],[132.26171302800003,-14.43951415999993],[132.26169776900008,-14.439502715999936],[132.26168632500003,-14.439491271999941],[132.26161766100006,-14.439432143999966],[132.26155662500003,-14.439373015999934],[132.2614955900001,-14.439313888999948],[132.26143074000004,-14.439254760999972],[132.2613697050001,-14.439197539999952],[132.26130485500005,-14.43914794899996],[132.2612400050001,-14.439100265999969],[132.26117515600004,-14.439054488999943],[132.2611103060001,-14.439008712999964],[132.26104545600003,-14.438959121999972],[132.26103019700008,-14.438945769999975],[132.26101493800002,-14.438930510999967],[132.26099586500004,-14.43891715999996],[132.2609806060001,-14.438903808999953],[132.26096534700002,-14.438890456999957],[132.2609310150001,-14.438863753999954],[132.26090049700008,-14.438835143999938],[132.26086616500004,-14.438808440999935],[132.2608318330001,-14.438781737999932],[132.2608013150001,-14.438755034999929],[132.26076698300005,-14.43872642499997],[132.26073646500004,-14.438697814999955],[132.260705948,-14.43866920499994],[132.26067161600008,-14.43863868699998],[132.26064109800006,-14.43860626199995],[132.2606258390001,-14.438583373999961],[132.26061058000005,-14.43855857799997],[132.2605991360001,-14.438531875999956],[132.26058769200006,-14.438503264999952],[132.26058387800003,-14.438476562999938],[132.26058006300002,-14.438442229999964],[132.260576248,-14.43840789799998],[132.26058006300002,-14.438373565999939],[132.26058387800003,-14.438339232999965],[132.26059150700007,-14.438306807999936],[132.26059532200009,-14.43828773499996],[132.260602951,-14.438268660999938],[132.26061058000005,-14.438251494999975],[132.26061821000008,-14.438232421999942],[132.2606258390001,-14.438215255999978],[132.26063346900003,-14.438196181999956],[132.26064491300008,-14.43817710899998],[132.26065635700002,-14.438158034999958],[132.26066780100007,-14.438140868999938],[132.26068306000002,-14.438123702999974],[132.2607021330001,-14.438098906999926],[132.2607250210001,-14.438074111999981],[132.26074791000008,-14.438051223999935],[132.26077079800007,-14.438028335999945],[132.26079368600006,-14.438005446999966],[132.26082038900006,-14.437980651999965],[132.2608509060001,-14.437955855999974],[132.2608776090001,-14.437931060999972],[132.2609081270001,-14.437906264999981],[132.2609348300001,-14.43788146999998],[132.26097297700005,-14.437839507999968],[132.2610111240001,-14.437797545999956],[132.26104545600003,-14.437753676999932],[132.26107978800007,-14.437709807999966],[132.2611103060001,-14.43766403199993],[132.26112937900007,-14.437635421999971],[132.26114463800002,-14.437608718999968],[132.26115989700008,-14.437580108999953],[132.26117515600004,-14.437551497999948],[132.2611904140001,-14.437522887999933],[132.26120948800008,-14.43747329699994],[132.26123237600007,-14.437423705999947],[132.26125145000003,-14.437374114999955],[132.261270523,-14.43732261699995],[132.26128578200007,-14.437269210999943],[132.2612934110001,-14.437229155999944],[132.26130104100002,-14.437187194999979],[132.26130867000006,-14.437147140999969],[132.26131248500008,-14.437105178999957],[132.2613201140001,-14.437065124999947],[132.26132774400003,-14.437019347999978],[132.26133155800005,-14.436975478999955],[132.26133918800008,-14.436931609999931],[132.2613430020001,-14.436887740999964],[132.26135063200002,-14.43684387199994],[132.26135826100005,-14.436805724999942],[132.26136589100008,-14.436769484999957],[132.26137733500002,-14.43673324599996],[132.26138877900007,-14.436697005999974],[132.261400223,-14.436660766999978],[132.26141166700006,-14.436641692999956],[132.2614192960001,-14.43662261999998],[132.26143074000004,-14.436601638999946],[132.26143837000006,-14.43658256499998],[132.26144981400012,-14.436563491999948],[132.26146125800005,-14.436544417999926],[132.2614727020001,-14.43652534499995],[132.26148033100003,-14.436506270999928],[132.26149177600007,-14.436489104999964],[132.26150322,-14.436470031999932],[132.26151466400006,-14.436456679999935],[132.2615261080001,-14.436441421999973],[132.26153373700004,-14.436429976999932],[132.26156425500005,-14.436401366999974],[132.26159477200008,-14.436370849999946],[132.2616291050001,-14.436342238999941],[132.26165962200002,-14.436315535999938],[132.26169014000004,-14.43628692599998],[132.26170921300002,-14.43626975999996],[132.2617282870001,-14.436252593999939],[132.2617511750001,-14.43623733499993],[132.26177024800006,-14.436218261999954],[132.26178932200003,-14.436201095999934],[132.2618045810001,-14.436176299999943],[132.26181602500003,-14.43614959699994],[132.26181983900005,-14.436120986999981],[132.26182365400007,-14.436092376999966],[132.26182365400007,-14.436065673999963],[132.26181983900005,-14.436042785999973],[132.26181602500003,-14.436021804999939],[132.26180839500012,-14.436000823999962],[132.26179695100006,-14.435977935999972],[132.261785507,-14.435956954999938],[132.26174736000007,-14.435907363999945],[132.2617053990001,-14.435863494999978],[132.26166343700004,-14.435823440999968],[132.26161766100006,-14.435787200999982],[132.26156806900008,-14.435754775999953],[132.26151847800008,-14.435722350999981],[132.2614688870001,-14.435691832999964],[132.26141548200007,-14.435663222999949],[132.26136589100008,-14.435632705999978],[132.2613162990001,-14.43560028099995],[132.261270523,-14.435569762999933],[132.26122093200001,-14.435539245999962],[132.26117515600004,-14.435506820999933],[132.26112937900007,-14.435474395999961],[132.2610836030001,-14.43544006299993],[132.26104545600003,-14.435405730999946],[132.26100349400008,-14.43536949199995],[132.26096534700002,-14.435333251999964],[132.2609310150001,-14.435297011999978],[132.26089286800004,-14.435260772999982],[132.26086998000005,-14.435237884999935],[132.26084709200006,-14.435214995999956],[132.26082420300008,-14.435192107999967],[132.2608013150001,-14.435167312999965],[132.2607784270001,-14.43514442399993],[132.2607250210001,-14.435089110999968],[132.2606754300001,-14.435031890999937],[132.2606258390001,-14.434974669999974],[132.260576248,-14.434915542999931],[132.26053047200003,-14.434854506999955],[132.2604961400001,-14.434801101999938],[132.26046562200008,-14.434747695999931],[132.26043510400007,-14.43469238299997],[132.26040840100006,-14.434637069999951],[132.26037788400004,-14.434581756999933],[132.2603664400001,-14.43455505399993],[132.26035499600005,-14.434526442999982],[132.2603435520001,-14.434499740999968],[132.26032829300004,-14.434471129999963],[132.2603168490001,-14.43444442699996],[132.26030540500005,-14.43442726099994],[132.26029396100012,-14.434408187999964],[132.26028251600007,-14.434391021999943],[132.26027107200002,-14.43437385599998],[132.26025581400006,-14.43435668899997],[132.26024818400003,-14.434345244999975],[132.2602405550001,-14.434335708999981],[132.26023292500008,-14.43432426499993],[132.26022529600004,-14.434314727999947],[132.26021766700012,-14.434305190999964],[132.2601871490001,-14.434280395999963],[132.26015281700006,-14.43425369299996],[132.26012229900005,-14.434228896999969],[132.26009178200002,-14.434202193999965],[132.26006126400011,-14.434177398999964],[132.2600307460001,-14.43415069599996],[132.25999641400006,-14.43412589999997],[132.25996589700003,-14.434099196999966],[132.259935379,-14.434074401999965],[132.2599048610001,-14.434047698999962],[132.25988578800002,-14.434032439999953],[132.25987434400008,-14.434017180999945],[132.25985908500002,-14.433998107999969],[132.25984764100008,-14.433980941999948],[132.259832382,-14.433961867999926],[132.25982093800008,-14.433946608999975],[132.25980949400002,-14.433929442999954],[132.2597980500001,-14.433914184999935],[132.25979042100005,-14.433897017999982],[132.259778976,-14.433879851999961],[132.25976371800004,-14.433845519999977],[132.2597522740001,-14.433809279999934],[132.25974464400008,-14.433773040999938],[132.25974082900007,-14.433736800999952],[132.25973701500004,-14.43369483899994],[132.25973701500004,-14.433681487999934],[132.25974082900007,-14.43366432199997],[132.25974082900007,-14.433649062999962],[132.25975990300003,-14.433599471999969],[132.259778976,-14.433551787999932],[132.2598018650001,-14.43350410499994],[132.2598247530001,-14.43345642099996],[132.2598514560001,-14.433404921999966],[132.25985908500002,-14.433389663999947],[132.25986671400005,-14.43337631199995],[132.25987434400008,-14.433351516999949],[132.25988197300012,-14.433330535999971],[132.25988578800002,-14.433307647999982],[132.25988960300003,-14.433286666999948],[132.25989341700006,-14.433263778999958],[132.25989723200007,-14.433240890999969],[132.25990104700008,-14.433216094999977],[132.25990104700008,-14.433193206999931],[132.25989723200007,-14.43316841099994],[132.25988960300003,-14.43314552299995],[132.25987052900007,-14.43310546899994],[132.25984382600006,-14.433071135999967],[132.25981330900004,-14.43304061899994],[132.2597751620001,-14.433013915999936],[132.25973701500004,-14.432989119999945],[132.2596721650001,-14.432954787999961],[132.25960350000003,-14.432928084999958],[132.25953483600006,-14.43290710399998],[132.2594699860001,-14.432893752999973],[132.25939750700002,-14.432888030999948],[132.2593669890001,-14.432888030999948],[132.25933265700007,-14.432888030999948],[132.25929832500003,-14.43288993799996],[132.25926399200011,-14.432893752999973],[132.25922966000007,-14.432899474999942],[132.259214401,-14.432901381999955],[132.25919532800003,-14.432905196999968],[132.25918006900008,-14.432909011999982],[132.25916099500012,-14.432912826999939],[132.25914573700004,-14.432918548999965],[132.25912666300007,-14.432924270999933],[132.2591075900001,-14.432931899999971],[132.25909233100003,-14.432939528999952],[132.25907325700007,-14.43294715899998],[132.2590541840001,-14.432956695999962],[132.25903892500003,-14.432964324999944],[132.25902366600008,-14.432973861999926],[132.25901222200002,-14.432981490999964],[132.25899696400006,-14.432991027999947],[132.2589817050001,-14.432998656999928],[132.2589550020001,-14.433015822999948],[132.2589282990001,-14.433032989999958],[132.2589015960001,-14.433052062999934],[132.2588748930001,-14.433069228999955],[132.25884437600007,-14.433084487999963],[132.25881004300004,-14.43309783899997],[132.2587718960001,-14.433103560999939],[132.25872993500002,-14.433107375999953],[132.25869178800008,-14.433109282999965],[132.25865364100002,-14.433115004999934],[132.25861167900007,-14.433130263999942],[132.2585659030001,-14.433147429999963],[132.25852394100002,-14.433164596999973],[132.25848197900007,-14.433179854999935],[132.2584400180001,-14.433189391999974],[132.25839805600003,-14.433189391999974],[132.25835228000005,-14.43318557699996],[132.2583103180001,-14.43317794799998],[132.25826835600003,-14.43316841099994],[132.25822639500007,-14.433155059999933],[132.25819587700005,-14.43314552299995],[132.25816535900003,-14.433135985999968],[132.25813484200012,-14.433126449999975],[132.25810813900011,-14.433113097999978],[132.2580776210001,-14.433099746999972],[132.25803184500012,-14.433069228999955],[132.25798606900003,-14.433038711999927],[132.25794410700007,-14.433008193999967],[132.2578983310001,-14.43297767599995],[132.257852554,-14.432949065999935],[132.25783348100003,-14.432935714999928],[132.25781059300004,-14.432924270999933],[132.25779151900008,-14.432912826999939],[132.2577724460001,-14.432901381999955],[132.25775337200002,-14.43288993799996],[132.25769996600002,-14.43285751299993],[132.25764656100012,-14.432825088999948],[132.2575893400001,-14.432792663999976],[132.2575359340001,-14.432760238999947],[132.25748252900007,-14.432727813999975],[132.25745964100008,-14.43271636999998],[132.2574367520001,-14.432704925999928],[132.2574138640001,-14.432693480999944],[132.257390976,-14.432683944999951],[132.25736808800002,-14.432672500999956],[132.25734138500002,-14.432664870999929],[132.25731849700003,-14.432657241999948],[132.25729179400003,-14.432653426999934],[132.25726509100002,-14.432653426999934],[132.25723838800002,-14.432655333999946],[132.2572040560001,-14.432661056999962],[132.25716590900004,-14.432668685999943],[132.2571315770001,-14.432678222999982],[132.25709724400008,-14.432691573999932],[132.25706291200004,-14.432704925999928],[132.25704002400005,-14.432714461999979],[132.25702095000008,-14.432723998999961],[132.2569980620001,-14.432733535999944],[132.2569751740001,-14.432744979999939],[132.25695610000002,-14.432754516999978],[132.25691032400005,-14.432775496999966],[132.25686073300005,-14.432796477999943],[132.25681495700007,-14.432817458999978],[132.2567691800001,-14.432838439999955],[132.256723404,-14.432859420999932],[132.25668907200009,-14.43287277199994],[132.25665092500003,-14.432886123999936],[132.2566127780001,-14.432893752999973],[132.25657081600002,-14.432899474999942],[132.25653266900008,-14.432905196999968],[132.25651741000001,-14.432905196999968],[132.25649833700004,-14.43290710399998],[132.2564830780001,-14.43290710399998],[132.25644874600005,-14.43290710399998],[132.25634956400006,-14.433162688999971],[132.25489997900002,-14.43528175399996],[132.25444984400008,-14.435939788999974],[132.25384712200002,-14.437030791999973],[132.25377082800003,-14.438219069999946],[132.25544166600002,-14.439918517999956],[132.25446891800004,-14.440776824999944],[132.25248146100012,-14.443807601999936],[132.25052833600012,-14.442590713999948],[132.25010108900005,-14.443237304999968],[132.2497005460001,-14.443845748999934],[132.249345779,-14.444393157999968],[132.24912452700005,-14.44472885099998],[132.24886894200006,-14.444957732999967],[132.2478542330001,-14.445880889999955],[132.24933815000009,-14.447437285999968],[132.24793434100002,-14.448713302999977],[132.2473392490001,-14.448011397999949],[132.2467441560001,-14.447309493999967],[132.24529838600006,-14.448621749999973],[132.24462318400003,-14.449235915999964],[132.24064827000007,-14.44455146799993],[132.24007225000003,-14.443971633999979],[132.2394466400001,-14.443380355999977],[132.23863792400005,-14.442707061999954],[132.23778724700003,-14.442077636999954],[132.23689842200008,-14.44151687599998],[132.23637199400002,-14.441200255999945],[132.22133827200003,-14.43238830599995],[132.22033119200012,-14.43179893499996],[132.21626091000007,-14.429426192999927],[132.2156505580001,-14.430332183999951],[132.21533775300009,-14.430150985999944],[132.21436119100008,-14.429578780999975],[132.21327781700006,-14.428945540999962],[132.21231651300002,-14.428382873999965],[132.21146583600012,-14.42788505599998],[132.2106647490001,-14.427415847999953],[132.20987129200012,-14.42695045499994],[132.2086582180001,-14.42624092099993],[132.207071304,-14.425312041999973],[132.205015182,-14.424110412999937],[132.2049083710001,-14.424047469999948],[132.20489692700005,-14.424037932999966],[132.2046794890001,-14.423896789999958],[132.20466423000005,-14.423887252999975],[132.20445442200003,-14.423734664999927],[132.20441627500009,-14.423704146999967],[132.2043399810001,-14.42364311199998],[132.2042407990001,-14.42356300399996],[132.2040348050001,-14.42337989799995],[132.20386314400002,-14.42321205099995],[132.20394325300003,-14.423408507999966],[132.20420265200005,-14.424018859999933],[132.20446205100006,-14.424642562999964],[132.20472526600008,-14.425264358999982],[132.2049884800001,-14.425888061999956],[132.20525169400003,-14.426515578999954],[132.20551490800005,-14.427143096999941],[132.2057819370001,-14.427774428999953],[132.206045151,-14.428400039999929],[132.20631218000005,-14.429029464999928],[132.20657539400008,-14.429655074999971],[132.20684623700004,-14.430299758999979],[132.20711326600008,-14.43093681299996],[132.2073764800001,-14.43158340499997],[132.20762443500007,-14.432228087999931],[132.20785713200007,-14.43287277199994],[132.20808982800008,-14.433525084999928],[132.20831871000007,-14.43417358399995],[132.2085552220001,-14.43482780499994],[132.2087917330001,-14.43548965499997],[132.20902824400002,-14.43614959699994],[132.20926094100003,-14.43680381799993],[132.20949363700004,-14.437458037999932],[132.20973396300008,-14.438129424999943],[132.20997428900012,-14.43879699699994],[132.21021843000005,-14.439474105999977],[132.2104587550001,-14.440149306999956],[132.21070289600004,-14.44083023099995],[132.2109470370001,-14.441514968999968],[132.21119499200006,-14.442205428999955],[132.2114391330001,-14.442888259999961],[132.21167945900004,-14.443567275999953],[132.21192741400012,-14.444246291999946],[132.21216774000004,-14.444919585999969],[132.21240806600008,-14.445592879999936],[132.21264839200012,-14.446262359999935],[132.2128734590001,-14.446931838999944],[132.21306419400003,-14.447624206999933],[132.21321296700012,-14.448350905999973],[132.2133083340001,-14.449077605999946],[132.21335411100006,-14.449792861999981],[132.21335029600004,-14.45047569299993],[132.2133083340001,-14.451139449999971],[132.21322059600004,-14.451810836999982],[132.21309089700003,-14.45247840899998],[132.21294212300006,-14.45315551799996],[132.2127971650001,-14.453817367999932],[132.21264839200012,-14.454475402999947],[132.21250343300005,-14.455141067999932],[132.212366104,-14.455810546999942],[132.21226692200003,-14.456506728999955],[132.21219825700007,-14.457221984999933],[132.21217155500005,-14.457933425999954],[132.21216774000004,-14.458631515999969],[132.21216774000004,-14.45931053199996],[132.21216774000004,-14.460014342999955],[132.21216774000004,-14.460746764999953],[132.21216774000004,-14.461483001999966],[132.21216774000004,-14.462215423999965],[132.21216392500003,-14.462862014999928],[132.21216392500003,-14.463569640999935],[132.21216392500003,-14.464281081999957],[132.21216392500003,-14.46499443099998],[132.21216392500003,-14.465703963999943],[132.21216392500003,-14.466403960999969],[132.21216392500003,-14.467107772999952],[132.21216392500003,-14.46785545299997],[132.21216392500003,-14.468599318999964],[132.21216011,-14.469333648999964],[132.21216011,-14.470075606999956],[132.21216011,-14.470781325999951],[132.21216011,-14.471456527999976],[132.21216011,-14.472139358999982],[132.21216011,-14.472845077999978],[132.21216011,-14.473527907999937],[132.21216011,-14.474231719999977],[132.21217536900008,-14.47493362399996],[132.21222496000007,-14.475593566999976],[132.2122554780001,-14.475805282999943],[132.21247673000005,-14.475805282999943],[132.21253776600008,-14.475805282999943],[132.22439765900003,-14.475809096999967],[132.22399711600008,-14.477426528999956],[132.2238445280001,-14.48146438599997],[132.22347068800002,-14.482587813999942],[132.22311973600006,-14.483194350999952],[132.22118187,-14.485357284999964],[132.2203540800001,-14.486450194999975],[132.2200222020001,-14.48689079299993],[132.2198619840001,-14.487102508999953],[132.21980857800008,-14.487173079999934],[132.21846199000004,-14.488977431999956],[132.2164707180001,-14.490909575999979],[132.21641349800007,-14.490966796999942],[132.21514320400001,-14.492212295999934],[132.21265602100004,-14.494199752999975],[132.21264839200012,-14.49469757099996],[132.2126140590001,-14.498704909999958],[132.211645126,-14.498710631999927],[132.21163368200007,-14.49984550499994],[132.21251869200012,-14.499849318999964],[132.21255925000003,-14.504063049999957],[132.21255925800006,-14.505133851999972],[132.21537971600003,-14.505050658999949],[132.21559417100002,-14.505044531999943],[132.2157802580001,-14.505039214999954],[132.21627998400004,-14.505029677999971],[132.21661949200006,-14.505002974999968],[132.21680259700008,-14.504961013999946],[132.21753883400004,-14.504745482999965],[132.2177562710001,-14.504701613999941],[132.21817207300012,-14.50473403899997],[132.21846580500005,-14.504840850999926],[132.21907997100004,-14.505008697999926],[132.2206859590001,-14.505439757999966],[132.22208213800002,-14.505943297999977],[132.22251701400012,-14.506061553999928],[132.22274589500012,-14.506092071999944],[132.22306633000005,-14.506187438999973],[132.22336769100002,-14.506347655999946],[132.22412681600008,-14.506553649999944],[132.22460365300003,-14.506649016999972],[132.2256946560001,-14.506772994999949],[132.2259540560001,-14.506774901999961],[132.22627830500005,-14.506752013999971],[132.2264690400001,-14.50672721899997],[132.2266483310001,-14.506685256999958],[132.22715950000008,-14.50654220599995],[132.227632523,-14.506370543999935],[132.22791862500003,-14.506216048999931],[132.22818565400007,-14.506038665999938],[132.22844123800007,-14.50584983799996],[132.2286815640001,-14.505651473999933],[132.22907066300002,-14.50523567199997],[132.2292461400001,-14.504983901999935],[132.22938346900003,-14.504768371999944],[132.22972679100008,-14.503974914999958],[132.22999382000012,-14.503448485999968],[132.23022651700012,-14.503492354999935],[132.2313785550001,-14.503713607999941],[132.23066139200012,-14.505390166999973],[132.23031806900008,-14.50592994699997],[132.22791099500012,-14.508075713999972],[132.22836113000005,-14.508676528999956],[132.2313289640001,-14.510267257999942],[132.2318935390001,-14.510059356999932],[132.23218345600003,-14.509590148999962],[132.23219490100007,-14.50646209699994],[132.235136032,-14.505079268999964],[132.23748588600006,-14.505525588999944],[132.2377529140001,-14.50557708699995],[132.23774147000006,-14.505592345999958],[132.2367229460001,-14.508506774999944],[132.23619270300003,-14.50924682599998],[132.23642158500002,-14.509384154999964],[132.23710060100007,-14.509267806999958],[132.23760795600003,-14.50938034099994],[132.2402706150001,-14.511224746999972],[132.24129295300008,-14.511632918999965],[132.24134940200008,-14.51164397499997],[132.24139418700008,-14.511653485999943],[132.24169819000008,-14.511718042999973],[132.2438368600001,-14.51174154599994],[132.244602976,-14.511971846999927],[132.244695,-14.511706],[132.2447424070001,-14.511569538999936],[132.244802,-14.511398],[132.245118,-14.510486],[132.24514782900008,-14.510396748999938],[132.2451581800001,-14.510365778999926],[132.24555997800007,-14.509163569999942],[132.245569154,-14.509136114999933],[132.24582845500004,-14.50836026899998],[132.24584195600005,-14.508319872999948],[132.24608776600007,-14.507584390999966],[132.2464761660001,-14.506422271999952],[132.24648920900006,-14.506383244999938],[132.24663789800002,-14.50593835799998],[132.2466502520001,-14.505901395999956],[132.24713497400012,-14.504451071999938],[132.24739646900002,-14.503673552999942],[132.24788856600003,-14.503675460999943],[132.24839592,-14.503677367999956],[132.25041124000006,-14.503683740999975],[132.2634754180001,-14.503725051999936],[132.27238273600005,-14.503755568999964],[132.29574775700007,-14.503818511999953],[132.29602623000005,-14.503818511999953],[132.3060054780001,-14.503866195999933],[132.30840492200002,-14.503858565999963],[132.3100414280001,-14.503871917999959],[132.3115062710001,-14.503883361999954],[132.3150539400001,-14.503911971999969],[132.3181095120001,-14.503934859999958],[132.32123756400006,-14.50395965599995],[132.33775901800004,-14.504018783999982],[132.35768318200007,-14.504129409999962],[132.35925102200008,-14.501571654999964],[132.35299873400004,-14.497922896999967],[132.35360908500002,-14.495960235999974],[132.35444068900006,-14.493274688999975],[132.35502815200005,-14.492685317999928],[132.35862922700005,-14.491497039999956],[132.361368179,-14.489606856999956],[132.36176109300004,-14.489141463999943],[132.36310386700006,-14.486154555999974],[132.36333274800006,-14.48442268399998],[132.36506843600012,-14.482091903999958],[132.3652973180001,-14.480155944999979],[132.36406898500002,-14.477319716999943],[132.36390913600007,-14.476697445999946],[132.36390748000008,-14.476696209999943],[132.36386369600007,-14.476686148999931],[132.3627494420001,-14.476430108999978],[132.36251520500002,-14.476376284999958],[132.36273656000003,-14.475490519999937],[132.36282623700004,-14.475436204999937]]]}},{"type":"Feature","properties":{"CUSTODIAN":"Bushfires NT, Department of Environment and Natural Resources","BND_TYPE":"Volunteer Bushfire Brigade Area","SHORT_NAME":"Labasheeda Park","GAZ_NAME":"Labasheeda Park Volunteer Bushfire Brigade","GAZ_NO":"G21","GAZ_DATE":"1986-05-28T00:00:00","NOTES":null,"SHAPE_Leng":0.296626165836,"SHAPE_Area":0.00438110091904,"AREA_KM2":52.62},"geometry":{"type":"Polygon","coordinates":[[[131.0988420000001,-12.801124],[131.098825,-12.823222],[131.0988249940001,-12.823230154999976],[131.09657778200005,-12.823231723999982],[131.08370602000002,-12.82320894999998],[131.06884978000005,-12.823181659999932],[131.06866357,-12.823182669999937],[131.06867551000005,-12.81593947999994],[131.06867675,-12.815877109999974],[131.06280690900007,-12.81586340299998],[131.0623424140001,-12.815862317999972],[131.06191405800007,-12.815861317999975],[131.05380879000006,-12.815842389999943],[131.039214022,-12.815832874999955],[131.03907042900005,-12.815832780999926],[131.0389611700001,-12.815832709999938],[131.03875044000006,-12.815831269999933],[131.03875041000003,-12.815941529999975],[131.03874971000005,-12.819597349999981],[131.03874957800008,-12.820661729999927],[131.03874952700005,-12.82107291799997],[131.0387492740001,-12.823118915999942],[131.00905699600003,-12.823059110999964],[131.0090575910001,-12.820257373999937],[131.009058,-12.818331],[131.009064,-12.812911],[131.009113,-12.801073],[131.009125,-12.790486003999945],[131.00913029700007,-12.771829159999982],[131.00913031000005,-12.771781617999977],[131.068829,-12.771941],[131.083775,-12.771969],[131.09887231300002,-12.771997282999962],[131.0988420000001,-12.80104],[131.0988420000001,-12.801124]]]}},{"type":"Feature","properties":{"CUSTODIAN":"Bushfires NT, Department of Environment and Natural Resources","BND_TYPE":"Volunteer Bushfire Brigade Area","SHORT_NAME":"Lambells Lagoon","GAZ_NAME":"Lambells Lagoon Volunteer Bushfire Brigade","GAZ_NO":"G17","GAZ_DATE":"2001-05-02T00:00:00","NOTES":null,"SHAPE_Leng":0.469612471941,"SHAPE_Area":0.0106712214739,"AREA_KM2":128.28},"geometry":{"type":"Polygon","coordinates":[[[131.20806421300006,-12.61336],[131.204685,-12.61336],[131.18266,-12.613357],[131.178264,-12.613356],[131.17815738700006,-12.613352848999966],[131.1781580500001,-12.613503269999967],[131.17772132000005,-12.613503249999951],[131.17688129300006,-12.613503206999951],[131.17684294100002,-12.613503204999972],[131.17227772,-12.613502969999956],[131.17043750000005,-12.613502849999975],[131.1685972900001,-12.613502709999977],[131.16668276000007,-12.613502559999972],[131.16349972000012,-12.61350226999997],[131.1611535400001,-12.613502039999958],[131.1504213500001,-12.613500709999926],[131.15033279500005,-12.61350069699995],[131.14870173000008,-12.613500449999947],[131.14851909000004,-12.61350041999998],[131.14832989700005,-12.61349987999995],[131.1483305690001,-12.613389265999956],[131.14833125000007,-12.61327721999993],[131.14833249000003,-12.613073329999963],[131.1483321500001,-12.612387979999937],[131.14833178000003,-12.61166443999997],[131.14833178000003,-12.61158602599994],[131.14833181000006,-12.611483730999964],[131.14833177800006,-12.611452459999953],[131.14833176000002,-12.611220719999949],[131.14833109900007,-12.610797371999979],[131.14833106000003,-12.610759299999927],[131.1483310850001,-12.610643167999967],[131.14833111000007,-12.610579480999945],[131.14833111000007,-12.610579409999957],[131.14833121000004,-12.610271809999972],[131.14833088000012,-12.609791039999948],[131.1483308600001,-12.60967519999997],[131.14833081000006,-12.609451239999942],[131.148330514,-12.60908062599998],[131.148330449,-12.608962360999953],[131.1483301400001,-12.608770989999925],[131.14832975600007,-12.608482080999977],[131.14832942400005,-12.60795741499993],[131.14832926200006,-12.607695887999967],[131.14832909000006,-12.607369079999955],[131.14832955000008,-12.606872039999928],[131.14832943700003,-12.606709077999938],[131.14832932800005,-12.606510557999968],[131.14832913200007,-12.606193077999933],[131.14832912000008,-12.606170133999967],[131.14832912000008,-12.606170089999978],[131.1483289900001,-12.605922229999976],[131.14832889100012,-12.605596094999953],[131.1483288500001,-12.605463139999927],[131.1483288500001,-12.605463123999982],[131.1483278600001,-12.604848439999955],[131.1483273990001,-12.604534803999968],[131.1483271300001,-12.604337986999951],[131.14832753000007,-12.603759639999964],[131.14832759,-12.602994189999947],[131.14832491100003,-12.600716716999955],[131.14832463300002,-12.600479998999958],[131.14832457500006,-12.600480024999968],[131.14832451100006,-12.600409801999945],[131.14836663800008,-12.599786499999936],[131.1484481120001,-12.599313537999933],[131.14846549700007,-12.598905700999978],[131.14846484200007,-12.598732063999933],[131.148452001,-12.584160998999948],[131.148455,-12.582676],[131.148406,-12.582664998999974],[131.14839599800007,-12.572532998999975],[131.14839835200007,-12.572429160999945],[131.148404937,-12.569474058999958],[131.14846575700005,-12.569474259999936],[131.14849963000006,-12.56947415999997],[131.14937032000012,-12.569474829999933],[131.15590195000004,-12.569468919999963],[131.15768542,-12.569475159999968],[131.15895565300002,-12.569474354999954],[131.16331262100005,-12.569482149999942],[131.1633218600001,-12.569482209999933],[131.16527225000004,-12.569481819999965],[131.16554825000003,-12.569481399999972],[131.16588147400012,-12.569481113999927],[131.16682206200005,-12.569480727999974],[131.1672953200001,-12.569480819999967],[131.16796847900002,-12.569480256999952],[131.16816747000007,-12.569480089999956],[131.16830736800011,-12.569480116999955],[131.16903962000004,-12.569480259999978],[131.1699117700001,-12.569479519999959],[131.1707379300001,-12.569479159999958],[131.1707432290001,-12.569479115999968],[131.17787040500002,-12.569476357999974],[131.17788411100003,-12.569476276999978],[131.17811256000005,-12.569476229999964],[131.17815874000007,-12.569476219999956],[131.17815874100006,-12.569474655999954],[131.1782700000001,-12.569474],[131.1782690000001,-12.567601],[131.17826700000012,-12.560907],[131.178266,-12.558289],[131.178266,-12.557199],[131.178256,-12.554828],[131.17816131000006,-12.528705541999955],[131.17815972000005,-12.525638199999946],[131.17826364000007,-12.525638207999975],[131.17843892400003,-12.525638220999951],[131.18546332300002,-12.525638737999941],[131.18576987400002,-12.525638759999936],[131.20016561300008,-12.52563981999998],[131.2001833490001,-12.52563982099997],[131.20057769000005,-12.525639849999948],[131.21697408600005,-12.525631889999943],[131.23969479000004,-12.525271719999978],[131.25034901200002,-12.525170044999982],[131.25989810600004,-12.525078915999927],[131.26924541200003,-12.524989712999968],[131.26976442000012,-12.524984759999938],[131.2839493560001,-12.524851051999974],[131.2998405300001,-12.524701259999972],[131.31065225800012,-12.524598166999965],[131.3134355520001,-12.524571626999943],[131.30429265300006,-12.537920739999947],[131.29166930000008,-12.556351499999948],[131.28095457900008,-12.569452344999945],[131.28067312100006,-12.569796481999958],[131.27932969000005,-12.571439089999956],[131.27419269000006,-12.583958349999932],[131.27417120000007,-12.58400727999998],[131.2726451840001,-12.58773212099993],[131.27263865200007,-12.587748064999971],[131.2725126800001,-12.588055549999979],[131.27248828000006,-12.588035788999946],[131.27248687000008,-12.588039229999936],[131.26951282000005,-12.595292799999982],[131.26850424000008,-12.598259249999956],[131.26793798000006,-12.599924739999949],[131.26777206000008,-12.600412309999967],[131.26564192500007,-12.606674257999941],[131.2653878000001,-12.60742130999995],[131.26510686000006,-12.608411209999929],[131.26505710000004,-12.608422109999935],[131.2650005800001,-12.608587959999966],[131.26458889000003,-12.608855139999946],[131.25835858000005,-12.612899349999964],[131.25831668,-12.612927079999963],[131.25813082000002,-12.613053089999937],[131.25801346700007,-12.61313265299998],[131.25811011100006,-12.613304379999931],[131.25816852700007,-12.613408179999965],[131.25648440400005,-12.613398958999937],[131.2527882610001,-12.61339520699994],[131.2523417220001,-12.613361434999945],[131.2475348600001,-12.61336893999993],[131.24262293000004,-12.613383949999957],[131.238005,-12.613376],[131.208071,-12.61336],[131.20806421300006,-12.61336]]]}},{"type":"Feature","properties":{"CUSTODIAN":"Bushfires NT, Department of Environment and Natural Resources","BND_TYPE":"Volunteer Bushfire Brigade Area","SHORT_NAME":"Livingstone","GAZ_NAME":"Livingstone Volunteer Bushfire Brigade","GAZ_NO":"G34","GAZ_DATE":"1986-08-27T00:00:00","NOTES":"revokes 5 Feb 1986 G5","SHAPE_Leng":0.614641492785,"SHAPE_Area":0.0116612211296,"AREA_KM2":140.1},"geometry":{"type":"Polygon","coordinates":[[[131.20822633000012,-12.672131143999934],[131.208254785,-12.672177592999958],[131.2082547650001,-12.672226997999928],[131.20824923600003,-12.685636235999937],[131.20824481300008,-12.689616500999932],[131.20824481300008,-12.693539273999932],[131.20824481300008,-12.697479735999934],[131.20824481300008,-12.701389240999958],[131.20828448100008,-12.703906421999932],[131.2082845100001,-12.703908273999957],[131.206580002,-12.703864],[131.20308013600004,-12.701538394999943],[131.20299047800006,-12.70147881899993],[131.20044893800002,-12.701505337999947],[131.19423259600012,-12.701550547999943],[131.19126064900001,-12.701574341999958],[131.1881245200001,-12.701600515999928],[131.1851168810001,-12.701617172999931],[131.18201882300002,-12.701636207999968],[131.1794206840001,-12.701662390999957],[131.1785016890001,-12.701474380999969],[131.17831499800002,-12.701385],[131.17337600200005,-12.701369997999961],[131.17145699800005,-12.70195300399996],[131.1697550020001,-12.701397001999965],[131.14858717900006,-12.701503130999981],[131.14861558300004,-12.716060796999955],[131.14455100200007,-12.71606835199998],[131.13406813200004,-12.716097327999933],[131.1329424480001,-12.716100438999945],[131.1314595880001,-12.716104537999968],[131.1314612550001,-12.716280300999927],[131.13150957100004,-12.718384071999935],[131.13158571400004,-12.721375053999964],[131.13165471800005,-12.724037670999962],[131.13171182500002,-12.726409993999937],[131.13177131200007,-12.728663342999937],[131.1318593520001,-12.732213498999954],[131.13195810000002,-12.736034913999958],[131.13197773000002,-12.736766597999974],[131.132149926,-12.742649623999966],[131.13237818200002,-12.750851093999927],[131.13259856700006,-12.758942371999979],[131.1327717270001,-12.764837670999952],[131.13280321000002,-12.766545654999959],[131.13301572500006,-12.77466054599995],[131.133181013,-12.780760487999942],[131.133408647,-12.789893689999928],[131.13354624600004,-12.795391447999975],[131.1332669960001,-12.795398055999954],[131.12295800100003,-12.795642000999976],[131.12297,-12.795455],[131.11491,-12.795673],[131.1142400000001,-12.795857],[131.111066,-12.79594],[131.0988420000001,-12.801124],[131.0988420000001,-12.80104],[131.09887231300002,-12.771997282999962],[131.083775,-12.771969],[131.068829,-12.771941],[131.00913031000005,-12.771781617999977],[131.0095059680001,-12.770867882999937],[131.02350524000008,-12.757123189999959],[131.02406309000003,-12.75657493999995],[131.0311193220001,-12.749850567999943],[131.0383854690001,-12.742574652999963],[131.03847927000004,-12.742477909999934],[131.0390613190001,-12.741953579999972],[131.04289564600003,-12.738225369999952],[131.04363444000012,-12.737471979999953],[131.04395447000002,-12.736957769999947],[131.04405461700003,-12.73686079099997],[131.04784596000002,-12.73318938999995],[131.0479621170001,-12.733081229999982],[131.04798786100002,-12.733056902999977],[131.04803463000007,-12.733012176999978],[131.04808113,-12.732967171999974],[131.0481273590001,-12.732921887999964],[131.04817331700008,-12.732876328999964],[131.048219,-12.732830494999973],[131.048264409,-12.73278438899996],[131.0483095400001,-12.73273801099998],[131.04835439300007,-12.732691363999947],[131.04839896500005,-12.732644448999963],[131.04844325600004,-12.73259726699996],[131.04848726300008,-12.732549821999953],[131.04853098500007,-12.732502112999953],[131.048574421,-12.732454143999973],[131.04861756900004,-12.732405914999958],[131.04866042700007,-12.732357428999933],[131.0487029940001,-12.732308686999943],[131.04874526800006,-12.732259690999967],[131.04878724800005,-12.73221044199994],[131.0488289320001,-12.73216094299994],[131.04887031900012,-12.732111194999959],[131.0489114070001,-12.732061199999976],[131.04895219500008,-12.732010959999968],[131.04899268100007,-12.731960475999927],[131.04903286400008,-12.731909750999932],[131.049072743,-12.731858785999975],[131.0491123160001,-12.731807582999977],[131.04915158100005,-12.731756143999974],[131.04919053700007,-12.731704470999944],[131.04922918400007,-12.731652564999933],[131.04926751800008,-12.731600428999968],[131.0493055400001,-12.73154806399998],[131.04934324700002,-12.73149547199995],[131.0493806390001,-12.731442655999956],[131.04941771300003,-12.731389615999944],[131.04945447000011,-12.73133635499994],[131.04949090600007,-12.731282874999977],[131.049527022,-12.731229177999978],[131.04956281500006,-12.731175264999933],[131.04959828500012,-12.731121138999981],[131.04963343000009,-12.73106680199993],[131.0496682490001,-12.73101225499994],[131.04970274000004,-12.730957499999931],[131.05017091900004,-12.730465304999939],[131.05047924400003,-12.729971985999953],[131.0507451740001,-12.729459396999971],[131.05103422800005,-12.728854309999974],[131.0513847320001,-12.727973310999971],[131.05248244900008,-12.725264396999933],[131.0549617800001,-12.719130079999957],[131.0563766020001,-12.715637106999964],[131.05690566300007,-12.714278865999972],[131.061963955,-12.701636510999947],[131.062067737,-12.701455796999937],[131.06399949500008,-12.696644842999945],[131.0651621510001,-12.69376447899998],[131.06619231500008,-12.691174926999963],[131.06708396200008,-12.688953811999966],[131.07004806700002,-12.68149602099993],[131.072727632,-12.674707549999937],[131.0729409820001,-12.674736240999948],[131.07301920200007,-12.674746759999948],[131.07389100000012,-12.674864],[131.074691,-12.674893],[131.075478,-12.674859],[131.076423,-12.674701],[131.07752,-12.674398],[131.079997,-12.673319],[131.08026899900005,-12.673193],[131.08010584700003,-12.672192687999939],[131.08053801000005,-12.672192],[131.08529286300006,-12.672184425999944],[131.08570682000004,-12.672183766999979],[131.10372271000006,-12.672155069999974],[131.10388114700004,-12.67215482599994],[131.10422390600002,-12.672154298999942],[131.1103020800001,-12.67214494999996],[131.11112446000004,-12.672536969999953],[131.11199245000012,-12.672142189999931],[131.11515987400003,-12.672138006999944],[131.1153619900001,-12.672137739999926],[131.1184230770001,-12.672133697999982],[131.11855763000005,-12.672133519999932],[131.11882557600006,-12.67204757199994],[131.11891881500003,-12.672073421999926],[131.11927038500005,-12.672114548999957],[131.12403771200002,-12.672102811999935],[131.14009670400003,-12.672085599999946],[131.1415485110001,-12.672081506999973],[131.144636826,-12.672071907999964],[131.1482488480001,-12.672071907999964],[131.14851583200004,-12.67202372099996],[131.150542179,-12.672022083999934],[131.1559173710001,-12.672025438999981],[131.162033629,-12.672030829999926],[131.1686690800001,-12.672032658999967],[131.17491998600008,-12.672038413999928],[131.17635782600007,-12.67203462499998],[131.17653299800008,-12.671921],[131.178259,-12.671939996999981],[131.1791929740001,-12.672040506999963],[131.18099876400004,-12.672037565999972],[131.185092671,-12.672064035999938],[131.18888953400005,-12.672081681999941],[131.19343341800004,-12.672105209999927],[131.19725086800008,-12.672125796999978],[131.20090068000002,-12.672143442999982],[131.2009853610001,-12.672101477999945],[131.20206338800006,-12.671181785999977],[131.20386234600005,-12.672138534999931],[131.2078409390001,-12.672131796999963],[131.20822633000012,-12.672131143999934]]]}},{"type":"Feature","properties":{"CUSTODIAN":"Bushfires NT, Department of Environment and Natural Resources","BND_TYPE":"Volunteer Bushfire Brigade Area","SHORT_NAME":"Manton","GAZ_NAME":"Manton River/Acacia Store Volunteer Bushfire Brigade","GAZ_NO":"G21","GAZ_DATE":"1986-05-28T00:00:00","NOTES":null,"SHAPE_Leng":0.226016691645,"SHAPE_Area":0.00224393567019,"AREA_KM2":26.95},"geometry":{"type":"Polygon","coordinates":[[[131.15591100100005,-12.794852122999941],[131.15615932100002,-12.804782810999939],[131.15626825100003,-12.809117767999965],[131.1563224030001,-12.809487279999928],[131.15639293700008,-12.81211921399995],[131.156542843,-12.818186839999953],[131.156705998,-12.824114986999973],[131.15692672000011,-12.82411700199998],[131.16417891900005,-12.823934596999948],[131.16418167000006,-12.824032319999958],[131.16419555100003,-12.824525381999933],[131.1643098300001,-12.828584729999932],[131.16437436,-12.830854289999934],[131.16443859000003,-12.833141379999972],[131.1645113500001,-12.83572535999997],[131.164520723,-12.836056864999932],[131.1645299600001,-12.836383549999937],[131.16458322000005,-12.838581899999951],[131.16458107000005,-12.83878126999997],[131.16474519000008,-12.845998649999956],[131.1582686900001,-12.845993239999927],[131.15085092000004,-12.845990859999972],[131.14371298900005,-12.845988958999953],[131.14313873900005,-12.84598880599998],[131.14239864500007,-12.84598860899996],[131.14228831000003,-12.845988579999926],[131.14223942,-12.842490719999944],[131.14223232000006,-12.842207009999981],[131.14222801500011,-12.842027498999926],[131.14216253000006,-12.839296729999944],[131.1421545600001,-12.839116959999956],[131.1384451990001,-12.83920119399994],[131.13820017400008,-12.839206757999932],[131.13613524000004,-12.839253649999932],[131.13553580000007,-12.83926791999994],[131.1350507290001,-12.839279466999926],[131.1345033020001,-12.83777196799997],[131.13295199800007,-12.833499998999969],[131.132702998,-12.832583995999926],[131.13255899800004,-12.831518996999932],[131.1325670020001,-12.82656000399993],[131.1324419980001,-12.825537002999965],[131.13222899800007,-12.82471000399994],[131.1267654410001,-12.82483369299996],[131.12654000400005,-12.824823891999927],[131.12033558500002,-12.82495621299995],[131.11222837200012,-12.825139791999959],[131.11197907100006,-12.82514707699994],[131.11197662000006,-12.82503676999994],[131.11197393500004,-12.82492760499997],[131.11193231000004,-12.823235089999969],[131.11025830500012,-12.823233819999928],[131.10970257500003,-12.823233398999946],[131.0990659800001,-12.823225329999957],[131.0988249940001,-12.823230154999976],[131.098825,-12.823222],[131.0988420000001,-12.801124],[131.111066,-12.79594],[131.1142400000001,-12.795857],[131.11491,-12.795673],[131.12297,-12.795455],[131.12295800100003,-12.795642000999976],[131.1332669960001,-12.795398055999954],[131.13354624600004,-12.795391447999975],[131.14104500200006,-12.795214000999977],[131.15591100100005,-12.794852122999941]]]}},{"type":"Feature","properties":{"CUSTODIAN":"Bushfires NT, Department of Environment and Natural Resources","BND_TYPE":"Volunteer Bushfire Brigade Area","SHORT_NAME":"Milne","GAZ_NAME":"Milne Volunteer Bushfire Brigade","GAZ_NO":"G43","GAZ_DATE":"1999-11-03T00:00:00","NOTES":null,"SHAPE_Leng":0.947174020642,"SHAPE_Area":0.0293466089476,"AREA_KM2":352.48},"geometry":{"type":"Polygon","coordinates":[[[130.56575606500007,-12.88535812999993],[130.56568588800008,-12.878396271999975],[130.56568373100004,-12.87818286099997],[130.5655295040001,-12.862880883999935],[130.56552732400007,-12.862664579999944],[130.56548420000001,-12.858385969999972],[130.56086801800006,-12.858363524999959],[130.56078990100002,-12.858363145999931],[130.56079154000008,-12.858180879999964],[130.56082227000002,-12.84361580999996],[130.56082643900004,-12.841640586999972],[130.56082673600008,-12.841499984999928],[130.5608527160001,-12.829192176999982],[130.56085327000005,-12.828929589999973],[130.56085187000008,-12.828748899999937],[130.56089316300006,-12.815366782999945],[130.56089429200006,-12.815000801999929],[130.56089644000008,-12.814304669999956],[130.56094230000008,-12.80468161999994],[130.56094761000008,-12.803703029999951],[130.56094939800005,-12.803357035999966],[130.56096809000007,-12.799740309999947],[130.56096867000008,-12.799551639999947],[130.56096788000002,-12.799259078999967],[130.5609476300001,-12.791761616999963],[130.56094600300003,-12.791159169999958],[130.56092941000009,-12.785015399999963],[130.56097678000003,-12.775645315999952],[130.56097918700004,-12.775169194999933],[130.5610029400001,-12.77047061999997],[130.561003862,-12.770288213999947],[130.56120802200007,-12.77028899399994],[130.5614557,-12.770289939999941],[130.56274781000002,-12.770294959999944],[130.5627176700001,-12.76103835999993],[130.5625431520001,-12.70744033699998],[130.5628948210001,-12.707649230999948],[130.56316948000006,-12.707374572999981],[130.56455802900007,-12.707258224999975],[130.56576347300006,-12.706764220999958],[130.5669841770001,-12.707080841999982],[130.5687541960001,-12.707071303999953],[130.56925773600005,-12.707448958999976],[130.57195854200006,-12.707920073999958],[130.57212638800002,-12.707656859999929],[130.5724315640001,-12.707727431999956],[130.57282829300004,-12.708059310999943],[130.57351493900012,-12.708923339999956],[130.57336235100001,-12.709177016999945],[130.57398796000007,-12.710367202999976],[130.5746135710001,-12.711666106999928],[130.57447624200006,-12.711900710999942],[130.5746135710001,-12.712198256999955],[130.5752849580001,-12.712900161999926],[130.57595634400002,-12.713275909999936],[130.57598686200004,-12.713699340999938],[130.57572746200003,-12.714080810999974],[130.5781841280001,-12.714174269999944],[130.57974052400004,-12.714824675999978],[130.58135795600003,-12.716379165999967],[130.5821971900001,-12.718002318999936],[130.58176994300004,-12.722181319999947],[130.58195304900005,-12.723318099999972],[130.5812969210001,-12.726198195999928],[130.58123588600006,-12.728195189999951],[130.58079338000005,-12.73033142099996],[130.58431816100006,-12.731060027999945],[130.58514213600006,-12.729753493999965],[130.58616447400004,-12.728889464999952],[130.59119987500003,-12.727331160999938],[130.5929088590001,-12.726127623999957],[130.59438896100005,-12.724220275999926],[130.59460258500008,-12.723405837999962],[130.59467887900007,-12.718793868999967],[130.59550285400007,-12.717967986999952],[130.59661674500012,-12.718240737999963],[130.59788322400004,-12.718395232999967],[130.5992107400001,-12.718767165999964],[130.60163688700004,-12.718698500999949],[130.60418510500006,-12.718791961999955],[130.6063518520001,-12.71980857899996],[130.606794357,-12.720176696999943],[130.60685539200006,-12.720609664999927],[130.608778,-12.72289466899997],[130.60957145700002,-12.722610473999964],[130.61111259400002,-12.722818374999974],[130.61283683700003,-12.72367477399996],[130.6148815150001,-12.725343703999954],[130.6176586150001,-12.72619438199996],[130.6212596890001,-12.728071212999964],[130.62435722400005,-12.727943419999974],[130.62661552400004,-12.727108001999966],[130.62820243800002,-12.727521896999974],[130.6292247770001,-12.729097366999952],[130.62928581300002,-12.731437682999967],[130.62864494300004,-12.732852935999972],[130.628919601,-12.734748839999952],[130.6285076140001,-12.737300872999981],[130.62901115400007,-12.738761901999965],[130.6300487520001,-12.745046615999968],[130.62754631100006,-12.753469466999945],[130.62676811200004,-12.753690718999962],[130.62707328800002,-12.756038665999938],[130.6276836400001,-12.756343841999978],[130.62725639300004,-12.75774574299993],[130.62769889900005,-12.757907867999961],[130.62769889900005,-12.758295058999977],[130.6274242400001,-12.758731841999975],[130.62681388800002,-12.758844375999956],[130.62731742900007,-12.75943756099997],[130.62748527500003,-12.76019477799997],[130.62681388800002,-12.762432097999977],[130.6295299530001,-12.76494598399995],[130.6311016090001,-12.763860702999978],[130.63203239400002,-12.762725829999965],[130.63268852300007,-12.761247634999961],[130.63438224800007,-12.75922965999996],[130.63419914300005,-12.756195068999943],[130.63659477200008,-12.750646590999963],[130.63680839500012,-12.749507903999927],[130.63796806400012,-12.747982024999942],[130.63804435800012,-12.744508743999972],[130.6383190150001,-12.743370055999947],[130.637479782,-12.74180221599994],[130.63657951300002,-12.739583968999966],[130.63555717500003,-12.735250472999951],[130.63612175000003,-12.728946685999972],[130.63567924500012,-12.727657317999956],[130.63389396700006,-12.725769042999957],[130.6320781710001,-12.724515914999927],[130.62823295600003,-12.721790313999975],[130.625349045,-12.720668792999959],[130.62391471900003,-12.719701766999947],[130.621595382,-12.719120024999938],[130.6203594210001,-12.718088149999971],[130.61924552900007,-12.715934752999942],[130.61775016800004,-12.714532851999934],[130.6173534400001,-12.713451384999928],[130.6166820520001,-12.713020324999945],[130.61552238500008,-12.711456298999963],[130.61561393800002,-12.709718703999954],[130.617536545,-12.706995009999957],[130.6179180140001,-12.70683097799997],[130.61974906900002,-12.70725250199996],[130.6201763150001,-12.705947875999982],[130.62089347900007,-12.70529365599998],[130.62150383000005,-12.705226897999978],[130.62200737000012,-12.705612182999971],[130.62244987500003,-12.706043242999954],[130.6233348840001,-12.70647239699997],[130.6271953580001,-12.713878631999933],[130.6279125220001,-12.71485137999997],[130.62869072,-12.715171813999973],[130.63039970400007,-12.715539931999956],[130.63653373700004,-12.71539306699998],[130.639997482,-12.713312148999933],[130.64288139400003,-12.713068008999926],[130.64558219900005,-12.713439940999933],[130.6464672090001,-12.713968276999935],[130.64674186700006,-12.714462279999964],[130.6474437710001,-12.714494704999936],[130.6476726530001,-12.714248657999974],[130.6483440400001,-12.714109420999932],[130.64979362500003,-12.713747024999975],[130.65075492800008,-12.713298796999936],[130.65211296100006,-12.713235855999926],[130.6523265840001,-12.713308334999965],[130.6542797090001,-12.71432495099998],[130.6568737030001,-12.714181899999971],[130.6573619840001,-12.714397430999952],[130.65723991400012,-12.714677810999945],[130.6573619840001,-12.71483993499993],[130.65981865000003,-12.715250014999981],[130.65992546100006,-12.714878081999927],[130.66023063700004,-12.714639663999947],[130.66071891800004,-12.71466636699995],[130.66392326300002,-12.717203139999981],[130.66415214500012,-12.717662810999968],[130.6672344200001,-12.721069335999971],[130.66778373700004,-12.72243881199995],[130.66856193600006,-12.723121642999956],[130.6691112520001,-12.724418639999953],[130.66927909800006,-12.724418639999953],[130.66978263900012,-12.723909377999973],[130.6700115210001,-12.72375488299997],[130.67236137400005,-12.72372245799994],[130.67461967500003,-12.72483825699993],[130.6748943330001,-12.724863052999979],[130.67513847400005,-12.724834442999963],[130.67536735600004,-12.724905013999944],[130.6774883270001,-12.725334166999971],[130.6775646210001,-12.725559234999935],[130.67907524100008,-12.726272582999968],[130.68241691600008,-12.726604460999965],[130.68551445000003,-12.727561950999927],[130.68623161300002,-12.728044509999961],[130.68679618800002,-12.729116438999938],[130.68772697400004,-12.729499816999976],[130.68989372300007,-12.731674193999936],[130.68990898100003,-12.73225212099993],[130.68908500600003,-12.733829498999967],[130.68794059700008,-12.734922408999978],[130.683866501,-12.736900329999969],[130.6815471650001,-12.739192962999937],[130.6794414520001,-12.745281218999935],[130.67956352200008,-12.745822906999933],[130.68397331300002,-12.745468139999957],[130.68456840500005,-12.744272231999958],[130.68644523600005,-12.74268722499994],[130.68842887900007,-12.742076872999974],[130.68891716000007,-12.74104499899994],[130.69035148600005,-12.740266799999972],[130.6918773650001,-12.738910674999943],[130.69500541700006,-12.734441756999956],[130.69656181300002,-12.731412887999966],[130.6971721650001,-12.728237152999952],[130.698102951,-12.727264403999982],[130.7022380830001,-12.726152419999949],[130.70428276100006,-12.725000381999962],[130.7053203580001,-12.723203658999978],[130.70625114400002,-12.722953795999956],[130.70658683800002,-12.722038268999938],[130.70602226300002,-12.721246719999954],[130.7057323460001,-12.720272063999971],[130.7057323460001,-12.718637465999961],[130.70594596900003,-12.717741012999966],[130.7079143520001,-12.716407775999926],[130.70995903000005,-12.71627807599998],[130.71195793200002,-12.716598510999972],[130.71813774100008,-12.719017028999929],[130.71969413700003,-12.716711044999954],[130.716810226,-12.714614867999956],[130.71702384900004,-12.713962554999966],[130.71722446500007,-12.713930053999945],[130.71733603000007,-12.713925279999955],[130.71777022000003,-12.71390791999994],[130.71814009000002,-12.713881569999955],[130.71879921000004,-12.713807329999952],[130.71921902000008,-12.713760589999936],[130.71931534300006,-12.71375054799995],[130.71952172500005,-12.713729030999957],[130.71966379000003,-12.713714219999929],[130.72056536000002,-12.713560849999965],[130.72101406000002,-12.713415209999937],[130.72144316000004,-12.713228479999941],[130.72228212000005,-12.712817529999938],[130.72284433000004,-12.712573159999977],[130.72341905000008,-12.712355379999963],[130.7245968300001,-12.711998],[130.72528899000008,-12.711799779999978],[130.72598786000003,-12.71160188999994],[130.7273830900001,-12.711473659999967],[130.72763726000005,-12.711508159999937],[130.7279197800001,-12.711555139999973],[130.72822238000003,-12.711685139999929],[130.72815976000004,-12.711724319999973],[130.72803111000007,-12.711762219999969],[130.72777253000004,-12.711877889999926],[130.72772765000002,-12.71196784999995],[130.72772942000006,-12.712080199999946],[130.7278306400001,-12.712302349999959],[130.72797734000005,-12.712429479999969],[130.7281629800001,-12.712513599999966],[130.72847647000003,-12.712497],[130.72851503000004,-12.71241232999995],[130.72851265000008,-12.712291939999943],[130.72849164000002,-12.71201782999998],[130.72851751000007,-12.711921939999968],[130.72856591000004,-12.711836109999979],[130.72865504000004,-12.711673279999957],[130.72865163000006,-12.711577119999959],[130.72861290000003,-12.711472699999945],[130.72855114000004,-12.711285269999962],[130.7286003600001,-12.711212269999976],[130.72871627000006,-12.711169849999976],[130.72902885000008,-12.711128489999965],[130.7291770500001,-12.711095159999957],[130.72931309000012,-12.711049169999967],[130.7295161400001,-12.711025879999966],[130.72957638000003,-12.711097259999974],[130.72962102000008,-12.711217639999973],[130.7296111400001,-12.711459139999931],[130.7295367800001,-12.711504729999945],[130.72942435000004,-12.711515859999963],[130.72924324000007,-12.711515769999949],[130.72924953000006,-12.711548089999951],[130.72932708000008,-12.711606159999974],[130.72957615000007,-12.711730539999962],[130.72970840000005,-12.711775509999939],[130.72982744,-12.71180193999993],[130.73000918000002,-12.71177290999998],[130.7300717500001,-12.71169982999993],[130.73011495000003,-12.711592979999978],[130.73014434000004,-12.71133814999996],[130.73011797000004,-12.71119522999993],[130.7300667600001,-12.711056909999968],[130.73000294000008,-12.71085095999996],[130.73008458000004,-12.710819869999966],[130.7302688300001,-12.710876519999943],[130.7307405800001,-12.711008849999928],[130.73090558,-12.710968179999952],[130.73105499000008,-12.710869399999979],[130.73125439000012,-12.71074335999998],[130.73127163000004,-12.710801549999928],[130.73126256000012,-12.710916409999982],[130.73125714000003,-12.71115009999994],[130.73132132000012,-12.711190269999975],[130.73143793000008,-12.711144039999965],[130.73174382000002,-12.710957099999973],[130.7319881200001,-12.710867649999955],[130.73220848000005,-12.71085734999997],[130.73261846000003,-12.710951389999934],[130.73286957000005,-12.710982379999962],[130.73313752,-12.710985419999929],[130.73359549000008,-12.711107709999965],[130.73364514000002,-12.71116577999993],[130.73368742000002,-12.711236009999936],[130.7337722000001,-12.711368689999972],[130.73392234000005,-12.71141850999993],[130.73411877,-12.711357749999934],[130.7345445200001,-12.71120996999997],[130.73468432000004,-12.711254619999977],[130.73481907000007,-12.711356959999932],[130.7350068300001,-12.711496199999942],[130.73502101000008,-12.711441959999945],[130.73500586000011,-12.711326809999946],[130.73498981000012,-12.711092349999944],[130.7350464000001,-12.711058899999955],[130.73515156000008,-12.711102679999954],[130.73542881000003,-12.711267459999931],[130.73567106000007,-12.711310439999977],[130.73588713000004,-12.711239509999928],[130.73627460000012,-12.711081139999976],[130.73639375000005,-12.711109559999954],[130.73651201000007,-12.71118217999998],[130.7367552600001,-12.711358209999958],[130.73683899000002,-12.711405019999972],[130.7369266500001,-12.71144647999995],[130.73708750000003,-12.711473539999929],[130.73716091000006,-12.71140977999994],[130.73721267000008,-12.711290309999981],[130.73730582000007,-12.711083419999966],[130.73736817000008,-12.71108608999998],[130.73744369000008,-12.711156549999941],[130.73762088,-12.71137964999997],[130.73787528000003,-12.711583349999955],[130.73814663000007,-12.711666],[130.73870937000004,-12.711679849999939],[130.7391386600001,-12.71175476999997],[130.7394439300001,-12.71194201999998],[130.7397947400001,-12.712272879999944],[130.73998471000004,-12.712530009999966],[130.7401398300001,-12.712787359999936],[130.74026014000003,-12.713051739999969],[130.7404121300001,-12.71335283999997],[130.7405467200001,-12.72672487999995],[130.7407189500001,-12.75646654999997],[130.7406670800001,-12.770154789999935],[130.7407176900001,-12.771023199999945],[130.7407417400001,-12.771214399999963],[130.74068308000005,-12.785777649999943],[130.74060033,-12.800507449999941],[130.74053605000006,-12.815081189999944],[130.7406578,-12.829339309999966],[130.7403454800001,-12.858892349999962],[130.74008231000005,-12.885861939999927],[130.72531462000006,-12.885846869999966],[130.69902021000007,-12.885527369999977],[130.69849649000003,-12.885520289999931],[130.68756127000006,-12.885372339999947],[130.68539963000012,-12.88535823999996],[130.68521351000004,-12.885356729999955],[130.67778621000002,-12.885343869999929],[130.6703557500001,-12.885344639999971],[130.66292848000012,-12.885344019999934],[130.65550027000006,-12.885344089999933],[130.65531350000003,-12.88534390999996],[130.6253722900001,-12.885348179999937],[130.59569196000007,-12.88534722999998],[130.58084187000009,-12.885345669999936],[130.57109360000004,-12.88531439999997],[130.56997474000002,-12.885323579999977],[130.56575606500007,-12.88535812999993]]]}},{"type":"Feature","properties":{"CUSTODIAN":"Bushfires NT, Department of Environment and Natural Resources","BND_TYPE":"Volunteer Bushfire Brigade Area","SHORT_NAME":"Point Stuart","GAZ_NAME":"Point Stuart Volunteer Bushfire Brigade","GAZ_NO":"G4","GAZ_DATE":"1998-02-04T00:00:00","NOTES":null,"SHAPE_Leng":4.98829215101,"SHAPE_Area":0.54597528564,"AREA_KM2":6560.06},"geometry":{"type":"Polygon","coordinates":[[[131.39051232000008,-12.91941074999994],[131.42051330000004,-12.919405409999968],[131.42719295200004,-12.919397991999972],[131.43375877000005,-12.919390699999951],[131.46971799900007,-12.919350764999933],[131.46944855000004,-12.822243509999964],[131.51325463000012,-12.822090499999945],[131.5131216000001,-12.801304289999962],[131.51309783600004,-12.797583997999936],[131.51307305400007,-12.793704526999932],[131.51305219000005,-12.790438219999942],[131.51298422000002,-12.780685799999958],[131.51326037,-12.780684979999933],[131.5132229620001,-12.771719535999978],[131.513218993,-12.770768439999927],[131.51321698000004,-12.770285799999954],[131.5132160500001,-12.770059369999956],[131.51296041000012,-12.76845482999994],[131.51296102000003,-12.768271969999944],[131.51296796000008,-12.766184819999978],[131.5129709800001,-12.764621739999939],[131.51292451400002,-12.605912492999948],[131.5129235390001,-12.602581265999959],[131.51292316,-12.60128702999998],[131.51291585,-12.515327229999968],[131.39534115800006,-12.514870034999944],[131.393851,-12.514864239999952],[131.39298820500005,-12.514867782999943],[131.39314429,-12.514643732999957],[131.3942584990001,-12.513044356999956],[131.3942765160001,-12.513000035999937],[131.39457257300012,-12.512271735999946],[131.39502143900006,-12.511167525999952],[131.3952388770001,-12.509113311999954],[131.39475059500012,-12.50746726999995],[131.39317131000007,-12.50658225999996],[131.39047050500005,-12.50698852599993],[131.3888378150001,-12.508068083999945],[131.38678550800012,-12.510246276999965],[131.38497352600007,-12.511379241999975],[131.38268852200008,-12.512069701999962],[131.38052940400007,-12.512266158999978],[131.37867927600007,-12.511663436999982],[131.3774280550001,-12.510370253999952],[131.37648582500003,-12.50876045299998],[131.37615776000007,-12.506847381999933],[131.3761920930001,-12.504970549999939],[131.376684188,-12.503164291999951],[131.377790451,-12.502048491999972],[131.3794574740001,-12.50116348299997],[131.3806362150001,-12.499427795999964],[131.38118171700012,-12.496452330999944],[131.38067436300003,-12.49402618399995],[131.37877082800003,-12.49156570499997],[131.3764476780001,-12.489971160999971],[131.37316322300012,-12.489297866999948],[131.36988258300005,-12.490060805999974],[131.36696052500008,-12.49186706599994],[131.36522102300012,-12.49243163999995],[131.363424301,-12.491830825999955],[131.36242866500004,-12.49052047799995],[131.36152076700012,-12.488218307999944],[131.36179161000007,-12.485738753999954],[131.3628787990001,-12.483650206999926],[131.36480140700007,-12.48219680799997],[131.36850166400006,-12.480993270999932],[131.36988258300005,-12.479682921999938],[131.36969947800003,-12.477380752999977],[131.36817741400012,-12.47571563699995],[131.3654193870001,-12.474546431999954],[131.36153602600007,-12.474191664999978],[131.35903358500002,-12.47451209999997],[131.35508155800005,-12.475997924999945],[131.35352134700008,-12.477132796999967],[131.35221672000011,-12.479328155999951],[131.3507251740001,-12.481489181999962],[131.34924125700002,-12.48251533499996],[131.347208023,-12.48251533499996],[131.34510231000002,-12.481452941999976],[131.3438358310001,-12.479257582999935],[131.34350776600002,-12.476919173999931],[131.34405326800004,-12.473943709999958],[131.3444495220001,-12.473491164999928],[131.34575843800008,-12.471996307999973],[131.34768104500006,-12.470649719999926],[131.35236167900007,-12.469163894999951],[131.35381126400011,-12.468349456999931],[131.35439109800006,-12.465656280999951],[131.3536281590001,-12.463212966999947],[131.3516712180001,-12.461832046999973],[131.34818840000003,-12.461511611999981],[131.34550285300008,-12.46204376199995],[131.3419132240001,-12.46395683299994],[131.3397731780001,-12.464309691999972],[131.33817482000006,-12.463424681999982],[131.3372325900001,-12.46059226999995],[131.33791923500007,-12.456977843999937],[131.3395175930001,-12.455207824999945],[131.34267234800006,-12.452976225999976],[131.3430385590001,-12.450674056999958],[131.34202003500002,-12.449150084999928],[131.33901023900012,-12.448797225999954],[131.33650779700008,-12.449789046999967],[131.33505439700002,-12.451702117999957],[131.3328418740001,-12.455348967999953],[131.3306293490001,-12.456624984999962],[131.32765388500002,-12.456624984999962],[131.32569694500012,-12.45598602299998],[131.32399177600007,-12.454216002999942],[131.32308387800003,-12.452302932999942],[131.32290458700004,-12.449823379999941],[131.32351875300003,-12.447309493999967],[131.32460975700008,-12.44582176199998],[131.32660484300004,-12.44451141299993],[131.32910728500008,-12.44366073599997],[131.33280754100008,-12.443767546999936],[131.3368701930001,-12.44518280099993],[131.3391895300001,-12.445787429999939],[131.34096717800003,-12.444581984999957],[131.34184074400002,-12.44174766599997],[131.3415508270001,-12.438489913999945],[131.337957382,-12.434841155999948],[131.33360481300008,-12.432964324999944],[131.3302669530001,-12.43303489699997],[131.3281612400001,-12.434274672999948],[131.32663917600007,-12.436258315999964],[131.32384681700012,-12.440296172999979],[131.32210350100002,-12.440792083999952],[131.32025337200002,-12.439836501999935],[131.3190937050001,-12.438064574999942],[131.31876564000004,-12.435585021999941],[131.3189105990001,-12.429952621999973],[131.31782341000007,-12.427188873999967],[131.3156452180001,-12.42520523099995],[131.312746048,-12.424247741999977],[131.30998802200008,-12.42442512499997],[131.303930282,-12.425701140999934],[131.30179023800008,-12.424604414999976],[131.3003749840001,-12.420953750999956],[131.30069923400004,-12.417837142999929],[131.30225944500012,-12.415321349999942],[131.30527305600003,-12.413656233999973],[131.30824852000012,-12.413726806999932],[131.31231117200002,-12.414684294999972],[131.31477546700012,-12.413974761999953],[131.3163356780001,-12.412063598999964],[131.31677055300008,-12.409370422999928],[131.31579017600006,-12.406961440999964],[131.31394004800006,-12.405118941999945],[131.31042289700008,-12.40349006699995],[131.308172226,-12.402250289999927],[131.30694007800003,-12.400087356999961],[131.30705070500005,-12.397464751999962],[131.3078098300001,-12.39519882199994],[131.30977058400003,-12.393993377999948],[131.31234550500005,-12.393993377999948],[131.3174953460001,-12.39519882199994],[131.32214164700008,-12.39463233899994],[131.32555198700004,-12.392009734999931],[131.3273639680001,-12.389814376999936],[131.32794380100006,-12.386552810999945],[131.32714653000005,-12.383152007999968],[131.32518959100003,-12.380247115999964],[131.3228664400001,-12.378898620999962],[131.32090568600006,-12.378759383999977],[131.31902122500003,-12.379041670999982],[131.3171329500001,-12.380672454999967],[131.3146686550001,-12.383436202999974],[131.3129978180001,-12.384498596999947],[131.31082344100003,-12.38435745299995],[131.3085002900001,-12.382797240999935],[131.30697822600007,-12.380174635999936],[131.305089951,-12.377269744999978],[131.303495407,-12.37606620799994],[131.300230026,-12.37528610299995],[131.29602241500004,-12.373933791999946],[131.2936992650001,-12.371734619999927],[131.2921047210001,-12.367341994999947],[131.2907962800001,-12.363939284999958],[131.289129257,-12.361457824999945],[131.28325080900004,-12.35607147199994],[131.28122139000004,-12.35242080699993],[131.280855179,-12.348947524999971],[131.28122139000004,-12.345048903999952],[131.28172874400002,-12.341646193999964],[131.27921104400002,-12.338773726999932],[131.2732639310001,-12.336240768999971],[131.27189064000004,-12.333335876999968],[131.2728824610001,-12.32886505099998],[131.28348350500005,-12.315753935999965],[131.29263115000003,-12.307186126999966],[131.29476738000005,-12.302120208999952],[131.29430961600008,-12.297351836999951],[131.29065132100004,-12.293254851999961],[131.28333091800005,-12.287445067999954],[131.28218539400007,-12.283908725999936],[131.28096580500005,-12.280143737999936],[131.2802028650001,-12.263380050999956],[131.27570533800008,-12.244085310999935],[131.27356910700007,-12.239465713999948],[131.2683849340001,-12.23686027499997],[131.26144218500008,-12.234327316999952],[131.257955551,-12.232107162999966],[131.25706672600006,-12.230005264999932],[131.25456810000003,-12.229042052999944],[131.25456713200003,-12.22904316599994],[131.25456707700005,-12.229043228999956],[131.25456694000002,-12.229043],[131.25413994000007,-12.228332],[131.25351393000005,-12.226883],[131.25217099000008,-12.223315],[131.2513319200001,-12.222012],[131.24983692,-12.220515],[131.2492111800001,-12.218753023999966],[131.24910392000004,-12.218451],[131.24908898,-12.217204],[131.24769992000006,-12.216176],[131.24521298000002,-12.215166],[131.23975092000012,-12.214407],[131.23848392000002,-12.214851],[131.23408991000008,-12.215429],[131.23325097000009,-12.215445],[131.2331439200001,-12.215436],[131.2312059200001,-12.214865],[131.2302139200001,-12.214267],[131.22893192000004,-12.213085],[131.22928292000006,-12.212142],[131.22963392000008,-12.211362],[131.22958891000007,-12.210829],[131.22923692000006,-12.210416],[131.22858092,-12.210133],[131.22780292000004,-12.209027],[131.2311139200001,-12.197777],[131.23355592000007,-12.193094],[131.2375529100001,-12.18829],[131.23901792000004,-12.185892],[131.23978092000004,-12.18529],[131.2414289200001,-12.184788],[131.2431839200001,-12.182822],[131.24596094000003,-12.178841],[131.24687598000003,-12.176719],[131.2468759200001,-12.176114],[131.24620492000008,-12.176336],[131.2459909800001,-12.175832],[131.2488599200001,-12.17054],[131.2499429500001,-12.169356],[131.25191194,-12.165825],[131.25188092000008,-12.164759],[131.25290296000003,-12.164109],[131.25308697000003,-12.163719],[131.2525069200001,-12.163082],[131.25247596000008,-12.162368],[131.25328495000008,-12.161729],[131.2545359300001,-12.159975],[131.25482592000003,-12.15849],[131.2547039200001,-12.157244],[131.25485592000007,-12.155671],[131.25555792000011,-12.153767],[131.2554369400001,-12.152584],[131.25390998000012,-12.1505],[131.25110296000003,-12.148906],[131.24956197000006,-12.147608],[131.24936292000007,-12.146814],[131.2497749700001,-12.144262],[131.2504769200001,-12.143172],[131.25044692000006,-12.142811],[131.24942392000003,-12.141988],[131.24989698000002,-12.139047],[131.25035492000006,-12.137164],[131.25314692000006,-12.131665],[131.2548409200001,-12.12931],[131.25641196000004,-12.128683],[131.25662592000003,-12.12719],[131.2572829500001,-12.12629],[131.2605629200001,-12.123788],[131.26132599000005,-12.122317],[131.2615089300001,-12.121078],[131.26344699000003,-12.116986],[131.2635539800001,-12.115865],[131.2635379200001,-12.114067],[131.26555299000006,-12.111665],[131.26736899000002,-12.110023],[131.26752094000005,-12.108449],[131.26805493000006,-12.107523],[131.26935199000002,-12.106555],[131.26991595000004,-12.105412],[131.26996195000004,-12.104914],[131.2705119200001,-12.103708],[131.27066392000006,-12.102188],[131.27119792000008,-12.100557],[131.27122893,-12.100557],[131.27124392000007,-12.099708],[131.27029792000008,-12.098667],[131.2697029200001,-12.093304],[131.26901063700006,-12.090665170999955],[131.26684992000003,-12.082429],[131.26672797000003,-12.080424],[131.26593394000008,-12.078153],[131.26597992000006,-12.077394],[131.26652892000004,-12.076847],[131.26826892000008,-12.073471],[131.26863493000008,-12.071299],[131.26977897000006,-12.070531],[131.2709239400001,-12.068949],[131.2719975970001,-12.068075016999956],[131.2725240110001,-12.067646503999981],[131.27354794000007,-12.066813],[131.27475292000008,-12.065231],[131.27765298000008,-12.062605],[131.2790719200001,-12.060587],[131.2805979200001,-12.059165],[131.2815129700001,-12.057422],[131.28407592000008,-12.054202],[131.28615093000008,-12.050769],[131.28827294000007,-12.048529],[131.28908092000006,-12.045648],[131.28946292000012,-12.045157],[131.29155292000007,-12.045411],[131.29248399000005,-12.045132],[131.29402496000012,-12.044578],[131.29500193,-12.043648],[131.2979159900001,-12.042051],[131.29867897000008,-12.042154],[131.29966996000007,-12.041874],[131.30072297000004,-12.042679],[131.30221899000003,-12.042938],[131.30238694000002,-12.043262],[131.30113499000004,-12.04517],[131.3010439100001,-12.046634],[131.30188291000002,-12.048091],[131.30284396000002,-12.051662],[131.30368398000007,-12.052577],[131.30374497000003,-12.053552],[131.30275297000003,-12.054428],[131.30211197000006,-12.05568],[131.29957891000004,-12.057111],[131.29877096000007,-12.059178],[131.29896893000011,-12.062538],[131.2994259400001,-12.064757],[131.30105891000005,-12.067888],[131.30089092000003,-12.068432],[131.3005559600001,-12.06838],[131.29971697000008,-12.068514],[131.29956392000008,-12.069292],[131.29956399000002,-12.069997],[131.30298191000009,-12.07352],[131.30409594000002,-12.075553],[131.30603397000004,-12.077489],[131.30684193000002,-12.078775],[131.3073459100001,-12.078933],[131.30858192000005,-12.078137],[131.3095739700001,-12.078255],[131.30998597000007,-12.077953],[131.31077899000002,-12.07848],[131.31093191000002,-12.081641],[131.31444096000007,-12.087061],[131.31662298000003,-12.087639],[131.31679093000002,-12.088912],[131.31732491000002,-12.08964],[131.31823999000005,-12.089289],[131.31889695000007,-12.089654],[131.31991899000002,-12.089464],[131.32057496000004,-12.08973],[131.3208039100001,-12.090144],[131.32062097000005,-12.092323],[131.32022398000004,-12.093474],[131.31749294000008,-12.096289],[131.31492991000005,-12.100603],[131.3148839600001,-12.102429],[131.31538795000006,-12.104132],[131.31399892000002,-12.108237],[131.31346493,-12.11314],[131.31558599000005,-12.115688],[131.3209419100001,-12.120659],[131.32155195000007,-12.122181],[131.32161299000006,-12.123707],[131.32136891000005,-12.124559],[131.32054491000008,-12.125623],[131.31763091000005,-12.12665],[131.3161809300001,-12.128822],[131.31468595,-12.131898],[131.31485298000007,-12.133442],[131.31389192000006,-12.136242],[131.31369399000005,-12.138286],[131.31447199000002,-12.139057],[131.3155559800001,-12.14156],[131.31682191000004,-12.143113],[131.32242199000007,-12.146816],[131.3228489600001,-12.148439],[131.32245191000004,-12.149427],[131.32199394000008,-12.150669],[131.32174999000006,-12.151846],[131.32213192000006,-12.152141],[131.3219489500001,-12.152919],[131.3200869200001,-12.158122],[131.31865298000002,-12.160592],[131.31798191000007,-12.161212],[131.31749399000012,-12.161071],[131.3172179400001,-12.16158],[131.31703491000007,-12.162196],[131.31668494000007,-12.162804],[131.31645598000011,-12.164062],[131.3161199100001,-12.164707],[131.31553998000004,-12.165245],[131.31418199000007,-12.165645],[131.3136479200001,-12.168252],[131.31462491000002,-12.173069],[131.31627299000002,-12.178856],[131.32068191000008,-12.190802],[131.32332199000007,-12.19631],[131.32628196000007,-12.201218],[131.32745694000005,-12.202618],[131.33031095,-12.207582],[131.33276798000009,-12.211031],[131.33821497000008,-12.217383],[131.34106799000006,-12.221262],[131.34646998000005,-12.227234],[131.35391591000007,-12.233839],[131.35979097000006,-12.238289],[131.36445992000006,-12.242911],[131.36624498000003,-12.244251],[131.36769492000008,-12.24592],[131.3708529700001,-12.248441],[131.37356895000005,-12.249393],[131.37555319400008,-12.250910551999937],[131.3775059200001,-12.252404],[131.3805419900001,-12.253941],[131.38270996000006,-12.255603],[131.3886449900001,-12.259238],[131.39108599000008,-12.260626],[131.3919099300001,-12.260673],[131.39268792000007,-12.261588],[131.39445896000007,-12.262386],[131.39473291000002,-12.263522],[131.39572499000008,-12.26448],[131.39752594000004,-12.264952],[131.39917294000008,-12.264712],[131.39995195000006,-12.265003],[131.40071392000004,-12.265891],[131.40254592000008,-12.26639],[131.40381191000006,-12.267138],[131.40480391000006,-12.266949],[131.4196049100001,-12.273478],[131.42256499000007,-12.274382],[131.42311398000004,-12.27417],[131.42401399000005,-12.27446],[131.42773794000004,-12.276162],[131.43080498000006,-12.276532],[131.43382593,-12.278032],[131.4367409900001,-12.278241],[131.4379299200001,-12.278936],[131.44003592,-12.279459],[131.4404479200001,-12.279022],[131.4420960000001,-12.278889],[131.4435149300001,-12.280124],[131.44633793000003,-12.280875],[131.4497709100001,-12.280926],[131.4529449800001,-12.281711],[131.45558499000003,-12.281904],[131.4565919700001,-12.281615],[131.4579499900001,-12.282163],[131.45949096000004,-12.282077],[131.46187196000005,-12.282887],[131.467456,-12.283243],[131.46911894000004,-12.283897],[131.47078192000004,-12.283285],[131.47303999000007,-12.284331],[131.4743829900001,-12.283695],[131.47485696,-12.283926],[131.47812196000007,-12.283535],[131.4832789400001,-12.284058],[131.48581195000008,-12.283791],[131.49354799000002,-12.284064],[131.49504395000008,-12.283698],[131.49890399000003,-12.283924],[131.5005369800001,-12.283277],[131.50120799,-12.283533],[131.5021079400001,-12.283868],[131.50354297,-12.283963],[131.504031,-12.284293],[131.506457,-12.283395],[131.5087149200001,-12.283645],[131.51101898000002,-12.28319],[131.5131869600001,-12.283613],[131.5147119600001,-12.283048],[131.51599396000006,-12.283415],[131.51867993000008,-12.282578],[131.52237199,-12.282218],[131.5238059200001,-12.282368],[131.52463095000007,-12.281872],[131.52595797000004,-12.281968],[131.53305291000004,-12.28109],[131.533877,-12.280865],[131.5344259200001,-12.280372],[131.537173,-12.279696],[131.547091,-12.278086],[131.54973092000012,-12.278441],[131.55088997000007,-12.278268],[131.5522179500001,-12.278689],[131.5541709800001,-12.280315],[131.55522395000003,-12.28035],[131.5569179900001,-12.280326],[131.557573,-12.279606],[131.5604269600001,-12.278775],[131.56747598000004,-12.278375],[131.57394595000005,-12.279461],[131.57487693000007,-12.279832],[131.57747094,-12.279862],[131.581835,-12.280959],[131.58723692,-12.280962],[131.5892809400001,-12.281377],[131.59060899000008,-12.282114],[131.599169,-12.283072],[131.60309,-12.283143],[131.60496695000006,-12.28345],[131.606279,-12.283112],[131.60931599000003,-12.283355],[131.613939,-12.283039],[131.61493098000005,-12.283355],[131.6191269300001,-12.283432],[131.620348,-12.283963],[131.62176694000004,-12.283452],[131.6243609600001,-12.283364],[131.6280079400001,-12.283501],[131.62899893000008,-12.284088],[131.6334549500001,-12.283611],[131.6395889900001,-12.28404],[131.63997098000004,-12.283603],[131.64051997,-12.283534],[131.643343,-12.284374],[131.64961395000012,-12.284051],[131.655016,-12.284216],[131.656618,-12.283875],[131.65795994000007,-12.284449],[131.657533,-12.28542],[131.65783795000004,-12.285986],[131.6588149700001,-12.285923],[131.66078396000012,-12.28509],[131.66139399000008,-12.28513],[131.662523,-12.286067],[131.66432397000005,-12.285282],[131.67013699000006,-12.285306],[131.67219696000006,-12.285051],[131.6729139800001,-12.284557],[131.675157,-12.28449],[131.6792,-12.283809],[131.679521,-12.282794],[131.68008497000005,-12.282508],[131.68080294000004,-12.283151],[131.68116899000006,-12.284169],[131.682344,-12.284211],[131.68223698000008,-12.283869],[131.68258793000007,-12.28345],[131.6904,-12.28088],[131.6956949700001,-12.280394],[131.69628997000007,-12.280605],[131.698076,-12.279711],[131.70036398000002,-12.280068],[131.70066896000003,-12.280354],[131.70045597,-12.2807],[131.70156997000004,-12.280951],[131.70193596000001,-12.280495],[131.70431596000003,-12.279885],[131.70732198000007,-12.278301],[131.710023,-12.277705],[131.712189,-12.277837],[131.71672195000008,-12.27716],[131.717912,-12.277266],[131.7197429800001,-12.276949],[131.7205060000001,-12.276526],[131.72151195000004,-12.276724],[131.723099,-12.276464],[131.724122,-12.276924],[131.72763096000006,-12.276988],[131.72956896000005,-12.276499],[131.735597,-12.276132],[131.73697,-12.275721],[131.7402199400001,-12.275517],[131.7423859800001,-12.27489],[131.74380496000003,-12.274975],[131.748597,-12.273698],[131.74873394000008,-12.274176],[131.749177,-12.274271],[131.749787,-12.273713],[131.75090096000008,-12.273756],[131.75083240100003,-12.27412026299993],[131.75076300000012,-12.274489],[131.7511290000001,-12.274152],[131.75183197,-12.274081],[131.752579,-12.274001],[131.753312,-12.273931],[131.75412098000004,-12.273859],[131.75495894000005,-12.273544],[131.755967,-12.273407],[131.756699,-12.273219],[131.7576150000001,-12.272867],[131.758408,-12.272606],[131.7591410000001,-12.272382],[131.75962898000012,-12.272214],[131.759842,-12.272122],[131.76016298000002,-12.272118],[131.7602999600001,-12.272045],[131.76016296000012,-12.271956],[131.7599949900001,-12.271939],[131.759903,-12.271868],[131.75978095000005,-12.271887],[131.75975097000003,-12.271797],[131.7598579800001,-12.27176],[131.76004100000011,-12.271686],[131.760239,-12.271747],[131.76042196000003,-12.271781],[131.760651,-12.271797],[131.76083396,-12.271678],[131.760926,-12.271542],[131.76141398000004,-12.271401],[131.7619330000001,-12.27117],[131.76239096000006,-12.27112],[131.762513,-12.271119],[131.76322999,-12.270796],[131.76448095000012,-12.270485],[131.7656559400001,-12.270139],[131.76649494000003,-12.269787],[131.7674260000001,-12.269552],[131.768143,-12.269301],[131.76879898000004,-12.269041],[131.76927200000011,-12.268684],[131.769562,-12.268491],[131.7705689700001,-12.268337],[131.771241,-12.268059],[131.771851,-12.267899],[131.7723699700001,-12.267795],[131.77278200000012,-12.267655],[131.7733,-12.267604],[131.773712,-12.267591],[131.77404794000006,-12.267561],[131.77471995000008,-12.267915],[131.775498,-12.267718],[131.77571195000007,-12.266812],[131.7767949800001,-12.265392],[131.78085394000004,-12.26302],[131.78337217800004,-12.262263347999976],[131.78486715000008,-12.261814155999957],[131.786362,-12.261365],[131.78656100000012,-12.260451],[131.78775094000002,-12.259364],[131.79167196000003,-12.259062],[131.79392995000012,-12.258235],[131.795578,-12.25858],[131.796494,-12.257586],[131.803238,-12.255042],[131.808609,-12.254011],[131.8170469900001,-12.251178],[131.826248,-12.247308],[131.8282620000001,-12.245715],[131.83016998000005,-12.245362],[131.831513,-12.244191],[131.83268695000004,-12.243701],[131.83375494000006,-12.242615],[131.83611997000003,-12.241479],[131.83744795000007,-12.240101],[131.83937,-12.239467],[131.84094195000011,-12.238105],[131.84243698000012,-12.237349],[131.845352,-12.235106],[131.845932,-12.234332],[131.848266,-12.233585],[131.85015897000005,-12.232039],[131.8548730000001,-12.229081],[131.85546797000006,-12.228316],[131.86035099000003,-12.225249],[131.86581296000008,-12.221317],[131.869979,-12.217452],[131.8714749600001,-12.217048],[131.873031,-12.215524],[131.87435799000002,-12.21504],[131.8773489900001,-12.214846],[131.882903,-12.21533],[131.8881980000001,-12.214669],[131.8882890000001,-12.215057],[131.8879690000001,-12.215376],[131.889617,-12.215124],[131.892211,-12.215639],[131.89343198000006,-12.216276],[131.89627,-12.21939],[131.896835,-12.220766],[131.898315,-12.222159],[131.89949,-12.222382],[131.90174796000008,-12.222927],[131.90252596000005,-12.223993],[131.90374697000004,-12.224089],[131.9046770000001,-12.225064],[131.90534900000011,-12.2281],[131.90530296000009,-12.228562],[131.90434197000002,-12.229547],[131.904219,-12.230587],[131.90395997000007,-12.231665],[131.9038230000001,-12.232859],[131.904388,-12.235635],[131.905318,-12.237332],[131.9076529900001,-12.239475],[131.90937699000006,-12.238951],[131.90940796000007,-12.241426],[131.911666,-12.242892],[131.91326798000011,-12.242414],[131.9134969600001,-12.242665],[131.913192,-12.243869],[131.9138630000001,-12.244684],[131.91540395000004,-12.244596],[131.9156479500001,-12.245117],[131.91522098000007,-12.246494],[131.915817,-12.247048],[131.916778,-12.2473],[131.916991,-12.24783],[131.915771,-12.24909],[131.915816,-12.25235],[131.916686,-12.253976],[131.9169,-12.255428],[131.91957,-12.258841],[131.9213399900001,-12.260664],[131.93032799000002,-12.267451],[131.9393909800001,-12.273126],[131.948165,-12.277159],[131.9616380000001,-12.281457],[131.9642929900001,-12.281763],[131.9678029900001,-12.282944],[131.969085,-12.282786],[131.9699230000001,-12.283219],[131.9717700000001,-12.283344],[131.97540198000002,-12.284316],[131.97872799000004,-12.28483],[131.979338,-12.284327],[131.980071,-12.284391],[131.9810469900001,-12.285184],[131.985259,-12.284967],[131.991377,-12.285162],[132.001204,-12.288378],[132.003585,-12.289662],[132.0086050000001,-12.2934],[132.01103000000012,-12.293698],[132.0175,-12.296427],[132.0269,-12.298526],[132.0337199700001,-12.299634],[132.0502,-12.30057],[132.05464,-12.301487],[132.061125,-12.303347],[132.06361197,-12.303536],[132.0643080100001,-12.303975289999926],[132.06650095800012,-12.302290562999929],[132.0668422860001,-12.302717410999946],[132.06765998900005,-12.30373998999994],[132.06865000800008,-12.307290002999935],[132.07095999600006,-12.309859998999968],[132.07208,-12.310030006999966],[132.07315000800008,-12.310189995999963],[132.07902001000002,-12.305829991999929],[132.08256000400002,-12.30579999799994],[132.0828100020001,-12.305819990999964],[132.0852400020001,-12.308210004999978],[132.0880599950001,-12.319220007999945],[132.09154001100012,-12.323460008999973],[132.0913600010001,-12.325459991999935],[132.08271999200008,-12.32820998799997],[132.08086999600005,-12.331500002999974],[132.08079000700002,-12.334979998999927],[132.0807599950001,-12.336539992999974],[132.0812500080001,-12.34054000599997],[132.08256999500009,-12.341819997999949],[132.08559999200008,-12.343579993999981],[132.08649,-12.34501000199998],[132.08633000200007,-12.349849990999928],[132.08859998600008,-12.352500003999978],[132.0902500080001,-12.353410005999933],[132.092920004,-12.35364999199993],[132.0966699920001,-12.35289999899993],[132.0999999920001,-12.351110008999967],[132.1027999920001,-12.34959999299997],[132.10292999600006,-12.347610001999954],[132.0999999920001,-12.345349990999978],[132.09857999300004,-12.344249988999934],[132.0962799980001,-12.34012],[132.09661998600006,-12.337870008999971],[132.0980300010001,-12.336619990999964],[132.0999999920001,-12.335769986999935],[132.100659994,-12.335489995999978],[132.102009994,-12.334399994999956],[132.10605999400002,-12.330609993999929],[132.1081399950001,-12.330469997999955],[132.10925999900007,-12.331220009999981],[132.1099400050001,-12.334750002999954],[132.11037999400003,-12.33562],[132.11203000700004,-12.33692999599998],[132.11238951400003,-12.337116510999977],[132.11247334000007,-12.33716],[132.11246303000007,-12.33729773999994],[132.11149252500002,-12.360472357999981],[132.11146779000012,-12.361063009999953],[132.08005360100003,-12.400797024999974],[132.07223821200012,-12.410682264999934],[132.02024417000007,-12.476446559999943],[131.90058793000003,-12.519229579999944],[131.89934238,-12.51965851999995],[131.88807012000007,-12.523690969999961],[131.88808356000004,-12.61052067999998],[131.88808411000002,-12.614621449999959],[131.92695893000007,-12.614622469999972],[131.92696489000002,-12.657137099999943],[131.92697400400004,-12.686121359999959],[131.92697265200002,-12.727910082999927],[131.9269724410001,-12.734453504999976],[131.92697152000005,-12.762894929999959],[131.97172004000004,-12.762900799999954],[131.9717479300001,-12.821074429999953],[131.97174971000004,-12.822004689999972],[131.97175032000007,-12.82921816299995],[131.971751024,-12.837545924999972],[131.97175801000003,-12.920146649999936],[131.97175814000002,-12.921128359999955],[131.9731060900001,-12.921129049999934],[132.07345966000003,-12.921160619999966],[132.07345527000007,-13.001719069999979],[132.07345525000005,-13.002674579999962],[132.07346640000003,-13.175733269999967],[132.01154554900006,-13.175731552999935],[132.00537971100005,-13.17573138199998],[131.88192142000003,-13.17572795999996],[131.88176471000008,-13.175729719999936],[131.8789178500001,-13.175729589999946],[131.871763116,-13.175728893999974],[131.8545448850001,-13.175727219999942],[131.85453680000012,-13.247950809999963],[131.80003326000008,-13.247949889999973],[131.68786449000004,-13.24785597999994],[131.59331149000002,-13.247859279999943],[131.59324874000004,-13.09417032999994],[131.5178845900001,-13.09409422999994],[131.50358873000005,-13.094079849999957],[131.4470222100001,-13.094071749999955],[131.3649195800001,-13.09402463999993],[131.36492907000002,-13.06795655999997],[131.4303684900001,-13.033096279999938],[131.40587819000007,-13.004890259999968],[131.41513252000004,-12.997584969999934],[131.4111180100001,-12.978783309999926],[131.3874883200001,-12.945271349999928],[131.3928396220001,-12.938722971999937],[131.3942013420001,-12.937056637999945],[131.39806007000004,-12.932334719999972],[131.3976729300001,-12.928452969999967],[131.3975294600001,-12.926927279999973],[131.39051232000008,-12.91941074999994]]]}},{"type":"Feature","properties":{"CUSTODIAN":"Bushfires NT, Department of Environment and Natural Resources","BND_TYPE":"Volunteer Bushfire Brigade Area","SHORT_NAME":"Tennant Creek","GAZ_NAME":"Tennant Creek Volunteer Bushfire Brigade","GAZ_NO":"G34","GAZ_DATE":"1999-09-01T00:00:00","NOTES":"50km radius from Tennant Creek Post Office (excluding ERA)","SHAPE_Leng":3.32500710888,"SHAPE_Area":0.666897795019,"AREA_KM2":7742.6},"geometry":{"type":"Polygon","coordinates":[[[134.6626449580001,-19.586710024999945],[134.6629016060001,-19.588500736999947],[134.66315070100006,-19.590292407999982],[134.66339223700004,-19.59208500799997],[134.66362621200005,-19.593878507999932],[134.66385262200004,-19.59567287999994],[134.66407146100005,-19.597468095999943],[134.6642827270001,-19.59926412599998],[134.66448641600005,-19.601060941999947],[134.6646825250001,-19.60285851499998],[134.6648710500001,-19.604656816999977],[134.66505198700008,-19.606455817999972],[134.66522533500006,-19.608255489999976],[134.6653910880001,-19.610055804999945],[134.66554924600007,-19.61185673199998],[134.66569980500003,-19.613658244999954],[134.665842762,-19.61546031299997],[134.66597811400004,-19.61726290799993],[134.66610586000002,-19.619066000999965],[134.66622599700008,-19.620869563999975],[134.66633852300004,-19.622673566999936],[134.666443436,-19.624477980999927],[134.66654073300003,-19.62628277899995],[134.6666304140001,-19.628087929999936],[134.66671247600004,-19.62989340599995],[134.66678691800007,-19.631699178999952],[134.6668537380001,-19.633505217999982],[134.66691293600002,-19.635311496999975],[134.66696450900008,-19.63711798399993],[134.66700845700007,-19.638924652999947],[134.6670447790001,-19.64073147299996],[134.66707347300007,-19.64253841599998],[134.6670945400001,-19.64434545299997],[134.6671079790001,-19.64615255399997],[134.66711378900004,-19.647959691999972],[134.66711197000006,-19.64976683699996],[134.66710252100006,-19.65157396099994],[134.66708544300002,-19.65338103399995],[134.66706073500006,-19.65518802699995],[134.66702839800007,-19.65699491199996],[134.66698843200004,-19.65880165899995],[134.66694083700008,-19.660608240999977],[134.66688561400008,-19.662414626999976],[134.66682276400002,-19.664220788999955],[134.66675228600002,-19.66602669699995],[134.66667418300005,-19.66783232499995],[134.666588455,-19.66963764099995],[134.6664951030001,-19.671442617999958],[134.6663941280001,-19.673247225999944],[134.66628553300006,-19.675051435999933],[134.66616931700003,-19.676855220999983],[134.66604548300006,-19.678658549999966],[134.66591403300004,-19.680461394999952],[134.66577496800005,-19.682263726999963],[134.66562829100008,-19.684065517999954],[134.6654740030001,-19.68586673699997],[134.6653121070001,-19.687667357999942],[134.66514260500003,-19.689467349999973],[134.6649655000001,-19.69126668499996],[134.6647807930001,-19.693065333999982],[134.66458848900004,-19.69486326799995],[134.66438858900005,-19.69666045899993],[134.6641810960001,-19.698456877999945],[134.66396601400004,-19.700252495999962],[134.66374334600005,-19.702047283999946],[134.6635130950001,-19.703841212999976],[134.66327526500004,-19.70563425499995],[134.66302985900006,-19.707426381999937],[134.66277688000002,-19.70921756299998],[134.6625163330001,-19.71100777099997],[134.66224822200002,-19.71279697799997],[134.6619725500001,-19.714585152999973],[134.66168932200003,-19.716372269999965],[134.66139854200003,-19.718158297999935],[134.66110021500003,-19.71994320999994],[134.660794344,-19.721726975999957],[134.660480935,-19.72350956899993],[134.6601599920001,-19.72529095999994],[134.65983152100011,-19.727071119999948],[134.659495525,-19.72885001999998],[134.65915201200005,-19.730627632999926],[134.6588009840001,-19.73240392899993],[134.65844244900006,-19.734178880999934],[134.658076412,-19.735952458999975],[134.65770287700002,-19.73772463599994],[134.65732185100012,-19.739495382999962],[134.65693334000002,-19.741264670999954],[134.65653735,-19.74303247299997],[134.656133887,-19.744798758999934],[134.6557229560001,-19.746563501999958],[134.65530456500005,-19.74832667399994],[134.65487872000006,-19.750088244999972],[134.65444542700004,-19.75184818899993],[134.65400469400004,-19.75360647599996],[134.6535565260001,-19.75536307799996],[134.65310093100004,-19.757117967999932],[134.65263791600012,-19.758871116999956],[134.65216748800003,-19.76062249699993],[134.65168965500004,-19.762372079999977],[134.65120442300008,-19.764119837999942],[134.65071180100006,-19.76586574299995],[134.650211796,-19.767609765999964],[134.6497044150001,-19.769351880999977],[134.64918966800008,-19.771092058999955],[134.64866756100002,-19.772830270999975],[134.64813810200008,-19.774566491999963],[134.647601301,-19.77630069099996],[134.6470571650001,-19.77803284199996],[134.6465057040001,-19.77976291699997],[134.6459469240001,-19.78149088799995],[134.64538083600007,-19.783216726999967],[134.64480744900004,-19.784940407999954],[134.64422677000005,-19.786661900999945],[134.6436388090001,-19.78838117899994],[134.64304357600008,-19.790098215999933],[134.64244107900004,-19.791812981999954],[134.64183132900007,-19.793525451999983],[134.6412143340001,-19.79523559699993],[134.64059010500011,-19.796943389999967],[134.63995865000004,-19.798648802999935],[134.63931998100009,-19.80035180999994],[134.63867410600005,-19.802052381999943],[134.63802103700004,-19.80375049299994],[134.63736078300008,-19.80544611499994],[134.63669335500003,-19.807139221999932],[134.63601876300004,-19.808829784999944],[134.6353370180001,-19.810517777999962],[134.63464813000007,-19.812203173999933],[134.6339521110001,-19.81388594599997],[134.63324897100006,-19.815566065999974],[134.63253872200005,-19.817243507999933],[134.63182137400008,-19.818918244999963],[134.63109693800004,-19.820590249999952],[134.63036542800012,-19.82225949599996],[134.6296268530001,-19.823925955999982],[134.6288812250001,-19.82558960399996],[134.6281285560001,-19.827250411999955],[134.62736885900006,-19.828908354999953],[134.62660214400012,-19.830563405999953],[134.625828425,-19.832215536999968],[134.62504771200008,-19.833864722999976],[134.62426002000007,-19.83551093699998],[134.62346535900008,-19.83715415299997],[134.6226637430001,-19.83879434299996],[134.62185518400008,-19.840431482999975],[134.62103969600003,-19.84206554499997],[134.62021729000003,-19.84369650399998],[134.61938797900007,-19.84532433299995],[134.6185517780001,-19.84694900599993],[134.6177086990001,-19.84857049699997],[134.61685875600006,-19.85018877999994],[134.61600196200004,-19.851803828999948],[134.61513833000004,-19.85341561799993],[134.61426787400012,-19.85502412099993],[134.61339060800003,-19.85662931199994],[134.61250654600008,-19.85823116599994],[134.6116157020001,-19.85982965599993],[134.6107180900001,-19.86142475799994],[134.60981372300012,-19.86301644499997],[134.60890261800012,-19.864604691999943],[134.60798478700008,-19.866189473999952],[134.60706024600006,-19.867770764999932],[134.60612900800004,-19.86934853899993],[134.60519109000006,-19.870922770999982],[134.6042465050001,-19.872493436999946],[134.6032952700001,-19.874060509999936],[134.60233739700004,-19.87562396499993],[134.60137290400007,-19.87718377799996],[134.60040180500005,-19.878739923999944],[134.59942411600002,-19.880292375999943],[134.59843985200007,-19.88184111099997],[134.59744902900002,-19.883386103999953],[134.59645166300004,-19.884927329999982],[134.5954477680001,-19.886464762999935],[134.5944373630001,-19.887998378999953],[134.59342046100005,-19.889528154999937],[134.59239708000007,-19.891054063999945],[134.5913672360001,-19.892576082999938],[134.5903309460001,-19.89409418599996],[134.58928822400003,-19.895608350999964],[134.588239089,-19.89711855099995],[134.58718355700012,-19.898624763999976],[134.58612164500005,-19.90012696499997],[134.5850533690001,-19.901625128999967],[134.58397874700006,-19.903119232999927],[134.5828977960001,-19.904609251999943],[134.58181053200008,-19.906095162999975],[134.5807169730001,-19.907576941999935],[134.57961713800012,-19.909054564999963],[134.57851104200006,-19.91052800799997],[134.57739870400007,-19.91199724699993],[134.5762801410001,-19.91346225899997],[134.57515537200004,-19.914923020999936],[134.57402441300007,-19.916379508999967],[134.5728872840001,-19.91783169799993],[134.57174400200006,-19.919279566999933],[134.57059458600008,-19.920723091999946],[134.5694390530001,-19.92216224999993],[134.56827742300004,-19.923597015999974],[134.56710971300004,-19.925027369999952],[134.5659359430001,-19.92645328599997],[134.5647561300001,-19.92787474299996],[134.5635702950001,-19.929291717999945],[134.56237845600003,-19.930704186999947],[134.56118063100007,-19.93211212899996],[134.5599768400001,-19.933515518999968],[134.55876710200005,-19.934914336999952],[134.55755143700003,-19.93630855899994],[134.5563298630001,-19.937698163999983],[134.5551024010001,-19.939083126999947],[134.55386906900003,-19.94046342799993],[134.55262988900006,-19.941839044999938],[134.55138487800002,-19.94320995399994],[134.55013405800003,-19.94457613399993],[134.5488774480001,-19.945937562999973],[134.54761506900002,-19.947294218999957],[134.54634693900005,-19.948646080999936],[134.54507308100006,-19.94999312599998],[134.54379351300008,-19.951335332999975],[134.5425082580001,-19.952672679999978],[134.54121733400007,-19.95400514499994],[134.53992076200007,-19.955332707999958],[134.5386185650001,-19.95665534699998],[134.53731076100007,-19.957973040999946],[134.5359973730001,-19.959285767999972],[134.5346784200001,-19.96059350799993],[134.53335392500003,-19.96189623799995],[134.53202390800004,-19.96319393899995],[134.530688391,-19.96448658999998],[134.52934739500006,-19.96577416899993],[134.52800094100007,-19.967056655999954],[134.52664905200004,-19.968334029999937],[134.5252917480001,-19.969606270999975],[134.5239290510001,-19.97087335899994],[134.52256098400005,-19.972135271999946],[134.52118756700008,-19.97339199099997],[134.51980882400005,-19.974643494999953],[134.51842477500008,-19.97588976399993],[134.51703544400004,-19.977130777999946],[134.51564085300004,-19.978366517999973],[134.51424102300007,-19.97959696299995],[134.512835977,-19.980822092999972],[134.51142573900006,-19.98204188899996],[134.510010329,-19.98325633099995],[134.50858977200005,-19.984465399999976],[134.50716408900007,-19.985669075999965],[134.50573330400005,-19.986867338999957],[134.50429743900008,-19.988060170999972],[134.50285651800004,-19.989247551999938],[134.50141056400003,-19.99042946399993],[134.49995959900002,-19.991605885999945],[134.4985036480001,-19.992776799999945],[134.49704273200007,-19.99394218799995],[134.49557687700008,-19.99510203099993],[134.49410610500001,-19.996256308999932],[134.4926304390001,-19.997405003999972],[134.49114990400005,-19.998548098999947],[134.4896645240001,-19.999685572999965],[134.4881743210001,-20.000817409999968],[134.4866793210001,-20.00194358999994],[134.48517954600004,-20.003064096999935],[134.48367502200006,-20.00417891099994],[134.48216577200003,-20.005288013999973],[134.48065182000005,-20.006391389999976],[134.47913319000008,-20.007489018999934],[134.4776099080001,-20.008580884999958],[134.47608199700005,-20.009666969999955],[134.47454948200004,-20.010747255999945],[134.47301238800003,-20.011821725999937],[134.4714707390001,-20.01289036299994],[134.4699245590001,-20.013953148999974],[134.4683738750001,-20.015010066999935],[134.4668187100001,-20.016061100999934],[134.46525909000002,-20.017106232999936],[134.46369504000006,-20.01814544599995],[134.46212658500008,-20.01917872499996],[134.46055374900004,-20.020206050999946],[134.458976559,-20.02122740899995],[134.45739503900006,-20.022242782999967],[134.45580921500004,-20.023252154999966],[134.45421911300002,-20.024255508999943],[134.45262475800007,-20.025252829999943],[134.45102617500004,-20.026244100999975],[134.4494233910001,-20.02722930699997],[134.4478164310001,-20.02820843099994],[134.4462053200001,-20.029181456999936],[134.44459008500007,-20.03014837099994],[134.44297075200006,-20.031109155999957],[134.44134734700003,-20.032063797999967],[134.43971989500005,-20.033012278999934],[134.43808842400006,-20.033954585999936],[134.43645295800002,-20.034890702999974],[134.4348135250001,-20.035820615999967],[134.433170151,-20.03674430799998],[134.43152286200007,-20.03766176499994],[134.42987168500008,-20.03857297299993],[134.428216646,-20.039477916999942],[134.42655777200002,-20.040376580999975],[134.42489509000006,-20.04126895299993],[134.42322862600008,-20.04215501599998],[134.42155840700002,-20.043034757999976],[134.41988445900006,-20.04390816399996],[134.41820681100012,-20.044775218999973],[134.41652548900004,-20.04563590999993],[134.4148405190001,-20.046490222999978],[134.41315193000003,-20.04733814399998],[134.4114597470001,-20.04817965899997],[134.40976399900012,-20.049014755999963],[134.40806471300004,-20.049843419999945],[134.40636191600004,-20.05066563799994],[134.40465563500004,-20.051481396999975],[134.4029458980001,-20.052290683999956],[134.40123273200004,-20.053093484999977],[134.39951616500002,-20.053889787999935],[134.3977962250001,-20.05467957999997],[134.39607293900008,-20.05546284899998],[134.394346336,-20.056239580999943],[134.3926164410001,-20.05700976299994],[134.3908832850001,-20.05777338499996],[134.38914689400008,-20.05853043299993],[134.3874072960001,-20.059280894999972],[134.3856645200001,-20.06002475899993],[134.38391859400008,-20.06076201299993],[134.382169545,-20.06149264499993],[134.38041740200003,-20.062216643999932],[134.37866219300008,-20.06293399699996],[134.37690394600008,-20.063644693999947],[134.37514268900009,-20.064348721999977],[134.3733784520001,-20.065046070999927],[134.3716112620001,-20.06573672899998],[134.3698411480001,-20.06642068399998],[134.368068138,-20.067097926999963],[134.366292261,-20.067768445999945],[134.364513546,-20.068432229999928],[134.36273202000007,-20.06908926899996],[134.36094771400008,-20.06973955099994],[134.3591606550001,-20.070383066999966],[134.35737087300004,-20.07101980699997],[134.35557839500007,-20.071649758999968],[134.35378325200008,-20.07227291399994],[134.35198547200002,-20.072889260999943],[134.35018508300004,-20.073498790999963],[134.34838211600004,-20.074101493999933],[134.34657659800007,-20.07469735999996],[134.34476856000003,-20.075286379999966],[134.3429580300001,-20.075868543999945],[134.34114503800004,-20.076443842999936],[134.33932961200003,-20.07701226699993],[134.3375117810001,-20.077573806999965],[134.33569157700003,-20.078128454999955],[134.33386902600012,-20.07867620099995],[134.33204416,-20.079217035999932],[134.3302170070001,-20.079750951999927],[134.32838759600008,-20.080277939999974],[134.32655595800009,-20.08079799199993],[134.32472212200003,-20.081311098999947],[134.32288611600006,-20.08181725399993],[134.3210479720001,-20.082316446999982],[134.31920771900002,-20.082808669999963],[134.31736538500002,-20.083293916999935],[134.31552100200008,-20.083772178999936],[134.31367459800003,-20.08424344799994],[134.3118262040001,-20.08470771599997],[134.309975849,-20.085164976999977],[134.3081235620001,-20.085615222999934],[134.30626937500006,-20.08605844699997],[134.304413317,-20.086494640999945],[134.302555417,-20.08692379799993],[134.30069570600006,-20.087345911999932],[134.29883421400007,-20.08776097599997],[134.29697097100006,-20.088168982999946],[134.29510600600008,-20.088569925999934],[134.29323935000002,-20.08896379899994],[134.29137103300002,-20.089350595999974],[134.2895010850001,-20.089730310999983],[134.28762953600005,-20.090102936999926],[134.28575641700002,-20.090468467999926],[134.28388175700002,-20.090826897999932],[134.28200558800006,-20.09117822199994],[134.28012793800008,-20.091522434999945],[134.27824883800008,-20.091859528999976],[134.27636832000007,-20.09218950099995],[134.2744864120001,-20.092512343999942],[134.27260314600005,-20.092828053999938],[134.27071855100007,-20.093136624999943],[134.26883265900005,-20.093438052999943],[134.26694549900003,-20.093732331999945],[134.26505710300012,-20.09401945899998],[134.26316749900002,-20.094299426999953],[134.26127672000007,-20.09457223299995],[134.25938479500007,-20.09483787299996],[134.25749175500005,-20.09509634099993],[134.25559763100011,-20.09534763399995],[134.25370245300007,-20.095591748999936],[134.25180625100006,-20.095828679999954],[134.24990905700008,-20.096058423999978],[134.24801090000005,-20.09628097799998],[134.2461118120001,-20.096496336999962],[134.24421182300011,-20.09670449899994],[134.242310964,-20.09690545999996],[134.24040926500004,-20.097099215999947],[134.2385067570001,-20.09728576599997],[134.23660347200007,-20.09746510499997],[134.234699438,-20.097637229999975],[134.232794688,-20.097802139999942],[134.2308892520001,-20.09795983099997],[134.2289831600001,-20.098110300999963],[134.2270764440001,-20.098253546999956],[134.2251691340001,-20.09838956699997],[134.22326126100006,-20.098518358999968],[134.22135285600007,-20.09863992099997],[134.21944395000003,-20.098754250999946],[134.21753457300008,-20.098861346999968],[134.215624756,-20.098961206999945],[134.21371453000006,-20.099053829999946],[134.21180392500003,-20.09913921499998],[134.209892974,-20.099217358999965],[134.20798170600006,-20.09928826099997],[134.20607015200005,-20.099351921999983],[134.20415834300002,-20.099408337999932],[134.20224631000008,-20.09945750999998],[134.200334085,-20.099499436999963],[134.19842169600008,-20.09953411799995],[134.19650917700005,-20.099561552999944],[134.19459655600008,-20.09958174099995],[134.19268386700003,-20.099594680999928],[134.19077113800006,-20.099600373999976],[134.18885840100006,-20.099598819999983],[134.18694568700005,-20.099590017999958],[134.18503302700003,-20.099573968999948],[134.18312045100004,-20.099550672999953],[134.18120799100006,-20.099520130999963],[134.17929567700003,-20.09948234199993],[134.17738354000005,-20.09943730699996],[134.17547161100003,-20.099385027999972],[134.1735599210001,-20.099325504999968],[134.17164850000006,-20.099258738999936],[134.16973738100012,-20.09918473099998],[134.1678265920001,-20.099103482999965],[134.1659161660001,-20.099014994999948],[134.16400613300004,-20.098919268999964],[134.16209652300006,-20.098816306999936],[134.16018736800004,-20.098706109999966],[134.1582786990001,-20.098588679999978],[134.15637054600006,-20.098464018999948],[134.15446294000003,-20.09833212899997],[134.15255591100004,-20.098193012999957],[134.15064949100008,-20.098046671999953],[134.14874371100007,-20.097893107999937],[134.14683860000002,-20.09773232499998],[134.14493419100006,-20.09756432499995],[134.1430305130001,-20.097389109999938],[134.14112759700004,-20.097206683999957],[134.1392254740001,-20.09701704899993],[134.137324174,-20.09682020899993],[134.13542372900008,-20.096616165999933],[134.1335241690001,-20.096404923999955],[134.13162552400001,-20.096186486999954],[134.12972782500003,-20.095960856999966],[134.12783110400005,-20.095728038999937],[134.12593538900012,-20.09548803699994],[134.1240407130001,-20.09524085299995],[134.12214710500007,-20.094986492999965],[134.1202545960001,-20.09472495999995],[134.11836321700002,-20.09445625799998],[134.11647299800006,-20.09418039299993],[134.11458397,-20.093897367999944],[134.11269616200002,-20.093607186999975],[134.1108096060001,-20.093309855999962],[134.10892433200002,-20.093005379999965],[134.10704037100004,-20.092693762999943],[134.10515775200008,-20.092375009999955],[134.10327650600004,-20.09204912699994],[134.10139666300006,-20.091716118999955],[134.09951825400003,-20.09137599099995],[134.0976413090001,-20.09102874799993],[134.09576585900004,-20.09067439699993],[134.093891933,-20.09031294199997],[134.09201956200002,-20.08994439099996],[134.0901487750001,-20.089568747999976],[134.08827960400004,-20.089186019999943],[134.08641207800008,-20.088796213999956],[134.08454622700003,-20.088399333999973],[134.08268208100003,-20.087995387999968],[134.08081967200008,-20.087584382999978],[134.0789590270001,-20.08716632499994],[134.07710017800002,-20.086741219999965],[134.07524315400008,-20.086309074999974],[134.07338798600006,-20.08586989899993],[134.0715347030001,-20.085423695999964],[134.06968333600003,-20.084970475999967],[134.06783391300007,-20.084510244999933],[134.06598646500004,-20.08404300999996],[134.06414102100007,-20.08356877999995],[134.06229761200007,-20.083087560999957],[134.06045626700006,-20.08259936199994],[134.05861701600008,-20.08210418999994],[134.05677988800005,-20.081602052999926],[134.0549449130001,-20.081092959999978],[134.05311212000004,-20.080576918999952],[134.05128153900012,-20.080053937999935],[134.04945320000002,-20.079524025999945],[134.04762713200012,-20.078987189999964],[134.0458033650001,-20.078443439999944],[134.04398192700012,-20.07789278499996],[134.0421628480001,-20.07733523299993],[134.04034615800003,-20.07677079399997],[134.0385318860001,-20.076199475999942],[134.0367200600001,-20.07562128899997],[134.03491071000008,-20.075036241999953],[134.03310386600003,-20.07444434399997],[134.03129955600002,-20.073845605999963],[134.02949781000007,-20.07324003599996],[134.0276986560001,-20.072627644999955],[134.02590212400003,-20.07200844199997],[134.024108242,-20.071382437999944],[134.0223170390001,-20.070749641999953],[134.02052854400006,-20.070110064999938],[134.01874278600008,-20.069463716999962],[134.01695979400006,-20.06881060799998],[134.01517959600005,-20.068150748999983],[134.0134022210001,-20.067484150999974],[134.0116276980001,-20.06681082399996],[134.009856054,-20.06613077999998],[134.00808732000007,-20.065444028999934],[134.0063215230001,-20.06475058199993],[134.00455869100006,-20.064050449999968],[134.00279885400005,-20.063343645999964],[134.00104203900003,-20.06263017899994],[133.99928827400004,-20.06191006299997],[133.9975375880001,-20.061183307999954],[133.99579000900007,-20.060449924999944],[133.99404556500008,-20.05970992799996],[133.99230428500005,-20.058963326999958],[133.99056619500004,-20.058210135999957],[133.9888313250001,-20.057450364999966],[133.98709970200002,-20.05668402799995],[133.98537135300012,-20.055911135999963],[133.98364630800006,-20.055131702999972],[133.98192459300003,-20.054345739999974],[133.98020623600007,-20.053553259999944],[133.97849126500012,-20.052754276999963],[133.9767797070001,-20.05194880199997],[133.97507159000008,-20.051136849999978],[133.9733669420001,-20.050318432999973],[133.9716657890001,-20.04949356399993],[133.96996816,-20.048662255999943],[133.96827408100012,-20.047824523999964],[133.96658358000002,-20.04698037999998],[133.96489668300012,-20.046129837999956],[133.9632134190001,-20.045272911999973],[133.96153381400006,-20.04440961599994],[133.95985789400004,-20.043539963999933],[133.95818568800007,-20.042663968999932],[133.95651722200012,-20.041781644999958],[133.954852522,-20.040893007999955],[133.95319161600003,-20.039998070999957],[133.951534529,-20.039096848999975],[133.94988129,-20.038189355999975],[133.94823192400008,-20.03727560699997],[133.94658645800007,-20.03635561599998],[133.94494491800003,-20.035429398999952],[133.94330733000004,-20.034496969999964],[133.94167372200002,-20.03355834499996],[133.94004411900005,-20.032613537999964],[133.93841854700008,-20.031662564999976],[133.93679703200007,-20.030705440999952],[133.93517960100007,-20.02974218199995],[133.93356628000004,-20.028772801999935],[133.93195709400004,-20.027797317999955],[133.93035206900004,-20.026815745999954],[133.9287512310001,-20.025828100999945],[133.92715460500006,-20.02483439899993],[133.9255622180001,-20.023834655999963],[133.92397409500006,-20.022828887999935],[133.92239026200002,-20.02181711199995],[133.92081074300006,-20.020799342999965],[133.91923556400002,-20.019775598999956],[133.91766475100007,-20.018745894999938],[133.9160983280001,-20.017710248999947],[133.914536321,-20.016668675999938],[133.91297875500004,-20.015621194999937],[133.91142565400003,-20.014567819999968],[133.90987704400004,-20.01350857099993],[133.90833295000004,-20.012443462999954],[133.90679339700011,-20.01137251399996],[133.905258408,-20.010295739999947],[133.90372800900002,-20.009213160999934],[133.902202224,-20.008124791999933],[133.90068107700006,-20.00703065099998],[133.899164594,-20.00593075599994],[133.89765279800008,-20.004825124999968],[133.896145713,-20.003713775999927],[133.8946433650001,-20.00259672599998],[133.8931457760001,-20.001473992999934],[133.8916529700001,-20.00034559599993],[133.89016497300008,-19.999211551999963],[133.888681807,-19.99807188099993],[133.8872034970001,-19.99692659899995],[133.88573006500008,-19.995775726999966],[133.88426153600005,-19.994619280999927],[133.8827979340001,-19.99345728199995],[133.88133928000002,-19.992289746999973],[133.87988560000008,-19.99111669499996],[133.87843691600006,-19.98993814599993],[133.87699325200003,-19.988754117999974],[133.87555463,-19.98756462999995],[133.87412107300008,-19.986369701999934],[133.8726926050001,-19.985169352999947],[133.87126924900008,-19.98396360099997],[133.8698510270001,-19.982752466999955],[133.86843796100004,-19.98153596999998],[133.86703007500012,-19.980314128999964],[133.8656273910001,-19.979086963999976],[133.86422993200006,-19.977854495999964],[133.86283771900003,-19.976616742999965],[133.8614507750001,-19.97537372599993],[133.86006912300002,-19.97412546499993],[133.85869278400003,-19.972871978999933],[133.85732178000012,-19.971613288999947],[133.85595613400005,-19.970349415999976],[133.85459586600007,-19.969080378999934],[133.853241,-19.967806198999938],[133.85189155600006,-19.966526896999937],[133.85054755600004,-19.96524249299995],[133.84920902200008,-19.96395300699993],[133.84787597500008,-19.962658460999933],[133.84654843600003,-19.961358875999963],[133.84522642700006,-19.960054270999933],[133.84390996800005,-19.95874466899994],[133.84259908,-19.957430089999946],[133.84129378600005,-19.956110555999942],[133.83999410500007,-19.954786086999945],[133.8387000580001,-19.95345670499995],[133.8374116650001,-19.952122431999953],[133.836128948,-19.950783288999958],[133.83485192800003,-19.94943929599998],[133.8335806230001,-19.948090476999937],[133.8323150550001,-19.946736852999948],[133.83105524300004,-19.94537844499996],[133.82980120900004,-19.94401527499997],[133.82855297100002,-19.94264736599996],[133.8273105500001,-19.941274738999937],[133.82607396600008,-19.93989741599995],[133.82484323800008,-19.93851541999993],[133.82361838600002,-19.937128771999937],[133.82239942900003,-19.935737494999955],[133.82118638800011,-19.93434161199997],[133.8199792800001,-19.932941144999972],[133.8187781260001,-19.93153611599996],[133.81758294500003,-19.93012654699993],[133.81639375500004,-19.928712462999954],[133.81521057600003,-19.927293884999926],[133.81403342600004,-19.925870835999945],[133.81286232500008,-19.924443338999936],[133.8116972900001,-19.92301141599995],[133.8105383410001,-19.921575091999955],[133.80938549600012,-19.92013438899994],[133.80823877300008,-19.91868933099994],[133.80709819100002,-19.917239938999955],[133.8059637670001,-19.915786238999942],[133.8048355190001,-19.91432825199996],[133.80371346700008,-19.912866002999976],[133.80259762700007,-19.91139951599996],[133.8014880170001,-19.909928812999965],[133.80038465500002,-19.908453917999964],[133.79928755900005,-19.90697485499993],[133.79819674500004,-19.905491647999952],[133.79711223200002,-19.904004319999956],[133.79603403600004,-19.902512895999962],[133.79496217400003,-19.901017398999954],[133.79389666500003,-19.899517853999953],[133.7928375240001,-19.89801428499993],[133.79178476800007,-19.89650671499993],[133.7907384140001,-19.89499516899997],[133.7896984790001,-19.893479671999955],[133.78866498000002,-19.89196024699993],[133.78763793200005,-19.890436918999967],[133.786617352,-19.88890971199993],[133.78560325600006,-19.88737865199994],[133.78459566000004,-19.88584376199998],[133.7835945810001,-19.884305066999957],[133.7826000340001,-19.88276259199995],[133.7816120340001,-19.881216361999975],[133.78063059900012,-19.87966640199994],[133.77965574200005,-19.878112735999935],[133.77868748000003,-19.876555389999965],[133.77772582800003,-19.874994387999948],[133.7767708,-19.87342975499996],[133.77582241400012,-19.871861516999957],[133.77488068200012,-19.870289698999954],[133.77394562100005,-19.868714326999964],[133.77301724500012,-19.86713542399997],[133.77209556900004,-19.865553016999968],[133.77118060600003,-19.86396713099998],[133.770272373,-19.86237779199996],[133.76937088300008,-19.860785024999927],[133.76847615000008,-19.859188855999946],[133.7675881890001,-19.85758930999998],[133.76670701400008,-19.855986412999982],[133.76583263800012,-19.854380189999972],[133.76496507500008,-19.85277066799995],[133.76410434000002,-19.851157872999977],[133.76325044500004,-19.849541828999975],[133.7624034050001,-19.84792256399993],[133.76156323200007,-19.846300102999976],[133.76072994000003,-19.84467447199995],[133.75990354200007,-19.84304569799997],[133.75908405100006,-19.841413804999945],[133.7582714790001,-19.83977882199997],[133.7574658410001,-19.838140772999964],[133.75666714800002,-19.836499685999968],[133.755875413,-19.834855584999957],[133.75509064900007,-19.833208498999966],[133.75431286800006,-19.831558452999957],[133.75354208200008,-19.82990547399993],[133.752778303,-19.82824958799995],[133.75202154300007,-19.826590821999957],[133.7512718150001,-19.824929201999964],[133.75052913000002,-19.823264755999958],[133.7497935,-19.821597508999957],[133.74906493600008,-19.81992748899995],[133.74834344900012,-19.81825472199995],[133.7476290520001,-19.81657923499995],[133.74692175600012,-19.81490105499995],[133.7462215700001,-19.81322020999994],[133.74552850700002,-19.81153672499994],[133.7448425780001,-19.809850627999936],[133.7441637930001,-19.808161945999927],[133.74349216200005,-19.80647070599997],[133.74282769700005,-19.80477693599994],[133.74217040700012,-19.803080660999967],[133.74152030400012,-19.801381910999964],[133.7408773960001,-19.79968071099995],[133.740241695,-19.79797708899997],[133.73961321000002,-19.796271071999968],[133.7389919520001,-19.794562687999928],[133.73837792900008,-19.792851964999954],[133.73777115200005,-19.791138927999953],[133.73717162900004,-19.789423606999947],[133.73657937100006,-19.787706028999935],[133.73599438600002,-19.785986219999927],[133.73541668400003,-19.784264208999957],[133.73484627400012,-19.782540022999967],[133.7342831640001,-19.780813689999945],[133.73372736300007,-19.779085237999936],[133.73317888100007,-19.77735469299995],[133.73263772500002,-19.775622084999952],[133.73210390500003,-19.773887440999943],[133.73157742700005,-19.772150787999976],[133.73105830100008,-19.770412153999928],[133.73054653500003,-19.768671566999956],[133.73004213600007,-19.76692905599998],[133.72954511300009,-19.765184647999945],[133.72905547300002,-19.76343836999996],[133.728573223,-19.761690251999937],[133.7280983720001,-19.75994032099993],[133.72763092600007,-19.75818860399994],[133.7271708930001,-19.756435130999932],[133.7267182800001,-19.754679928999963],[133.72627309400002,-19.752923025999962],[133.7258353410001,-19.751164450999966],[133.72540502900006,-19.74940423099997],[133.72498216500003,-19.747642394999957],[133.72456675400008,-19.745878970999968],[133.72415880300002,-19.744113986999935],[133.723758319,-19.74234747199995],[133.7233653070001,-19.740579453999942],[133.722979774,-19.73880996099996],[133.72260172500012,-19.73703902099993],[133.72223116700002,-19.735266662999948],[133.721868104,-19.733492914999943],[133.72151254400012,-19.73171780699994],[133.7211644900001,-19.729941364999945],[133.72082394900008,-19.72816361799994],[133.72049092500004,-19.726384595999946],[133.72016542400002,-19.724604325999962],[133.7198474500001,-19.722822836999967],[133.71953700900008,-19.721040156999948],[133.71923410500006,-19.719256315999928],[133.71893874300008,-19.717471340999964],[133.7186509270001,-19.715685260999976],[133.7183706620001,-19.71389810499994],[133.71809795100012,-19.712109900999963],[133.717832799,-19.71032067799996],[133.71757521000006,-19.708530464999967],[133.71732518800002,-19.706739290999963],[133.71708273700006,-19.704947182999945],[133.71684785900004,-19.703154169999948],[133.71662055900003,-19.70136028299993],[133.7164008410001,-19.699565547999953],[133.71618870600003,-19.69776999399994],[133.71598415900007,-19.695973651999964],[133.71578720200012,-19.694176547999973],[133.7155978390001,-19.692378712999982],[133.71541607200004,-19.690580173999933],[133.7152419030001,-19.688780960999964],[133.71507533600004,-19.686981101999947],[133.71491637200006,-19.685180626999966],[133.714765015,-19.68337956299996],[133.71462126500012,-19.681577939999954],[133.7144851260001,-19.679775785999936],[133.7143565990001,-19.67797313099993],[133.71423568600005,-19.67617000299998],[133.71412238800008,-19.674366430999953],[133.71401670800003,-19.672562444999983],[133.71391864600002,-19.670758070999966],[133.71382820400004,-19.668953340999963],[133.71374538300006,-19.66714828199997],[133.71367018400008,-19.66534292299997],[133.7136026080001,-19.66353729399998],[133.71354265600007,-19.661731422999935],[133.71349032900002,-19.659925337999937],[133.71344562700006,-19.65811906999994],[133.71340855000005,-19.656312645999947],[133.7133791000001,-19.654506095999977],[133.713357276,-19.652699448999954],[133.7133430780001,-19.650892732999978],[133.71333650600002,-19.64908597699997],[133.71333756100012,-19.647279210999955],[133.71334624100007,-19.64547246199993],[133.7133625470001,-19.643665760999966],[133.71338647700009,-19.641859134999947],[133.71341803200005,-19.640052614999945],[133.7134572110001,-19.638246226999968],[133.71350401200004,-19.63644000299996],[133.7135584350001,-19.634633968999935],[133.71362047800005,-19.63282815599996],[133.71369014000004,-19.631022591999965],[133.71376742100006,-19.62921730599993],[133.71385231800002,-19.627412325999956],[133.71394482900007,-19.62560768299994],[133.7140449540001,-19.623803402999954],[133.7141526900001,-19.62199951799994],[133.71426803500003,-19.620196053999962],[133.7143909880001,-19.618393040999933],[133.71452154500003,-19.616590507999945],[133.71465970500003,-19.614788483999973],[133.71480546500004,-19.61298699699995],[133.71495882200009,-19.611186075999967],[133.71511977400007,-19.609385749999944],[133.71528831900002,-19.607586047999973],[133.7154644520001,-19.605786997999928],[133.7156481720001,-19.603988628999957],[133.71583947400006,-19.60219097099997],[133.716038356,-19.600394050999967],[133.7162448140001,-19.59859789799998],[133.71645884400004,-19.59680254099993],[133.7166804430001,-19.59500800899997],[133.71690960800004,-19.593214330999956],[133.71714633300007,-19.59142153399995],[133.7173906160001,-19.58962964799997],[133.71764245200006,-19.587838701999942],[133.717901836,-19.586048722999976],[133.7181687650001,-19.584259740999983],[133.71844323400012,-19.58247178399995],[133.71872523700006,-19.58068487999998],[133.71901477200004,-19.578899057999934],[133.71931183100003,-19.577114347999952],[133.71961641200005,-19.57533077599993],[133.71992850800007,-19.573548371999948],[133.72024811400001,-19.571767163999937],[133.72057522500006,-19.56998717999994],[133.72090983500004,-19.56820844999993],[133.72125194000012,-19.566431],[133.72160153200002,-19.56465486099995],[133.72195860700003,-19.56288005899995],[133.7223231580001,-19.561106623999933],[133.72269518000007,-19.55933458399994],[133.72307466600012,-19.557563965999975],[133.72346160900008,-19.555794799999944],[133.72385600400003,-19.55402711399995],[133.72425784400002,-19.552260934999936],[133.72466712200003,-19.550496291999934],[133.7250838320001,-19.548733212999934],[133.725507966,-19.54697172599998],[133.72593951800002,-19.545211859999938],[133.7263784800001,-19.543453641999974],[133.7268248460001,-19.541697099999965],[133.72727860700002,-19.539942262999944],[133.7277397570001,-19.538189157999966],[133.72820828700003,-19.536437813999953],[133.72868419100007,-19.53468825799996],[133.7291674600001,-19.532940518999965],[133.7296580860001,-19.531194623999966],[133.73015606100012,-19.52945060099995],[133.73066137800004,-19.527708476999976],[133.73117402700007,-19.52596828199995],[133.73169400100005,-19.524230041999942],[133.7322212900001,-19.522493784999938],[133.73275588700005,-19.520759538999982],[133.73329778200002,-19.51902733199995],[133.7338469670001,-19.517297189999965],[133.734403433,-19.515569142999937],[133.73496716900002,-19.51384321699993],[133.73553816900005,-19.512119438999946],[133.73611642100002,-19.51039783799996],[133.73670191600002,-19.508678440999972],[133.737294646,-19.50696127599997],[133.73789460000012,-19.505246367999973],[133.7385017680001,-19.50353374699995],[133.73911614100007,-19.501823438999963],[133.7397377090001,-19.500115471999948],[133.740366461,-19.498409871999968],[133.7410023870001,-19.496706667999945],[133.74164547700002,-19.495005884999955],[133.74229572000002,-19.493307551999976],[133.74295310600007,-19.49161169599995],[133.74361762400008,-19.489918341999953],[133.74428926400003,-19.488227518999963],[133.74496801300006,-19.48653925399998],[133.74565386200004,-19.484853572999953],[133.74634680000008,-19.48317050299994],[133.7470468140001,-19.48149007099994],[133.7477538930001,-19.47981230299996],[133.74846802700006,-19.478137226999934],[133.74918920300001,-19.476464869999973],[133.74991741000008,-19.474795256999982],[133.75065263600004,-19.473128415999952],[133.75139486900002,-19.471464372999947],[133.75214409700004,-19.469803153999976],[133.75290030700012,-19.46814478699997],[133.75366348800003,-19.466489296999953],[133.75443362800002,-19.464836710999975],[133.7552107130001,-19.463187054999935],[133.7559947310001,-19.461540355999944],[133.7567856700001,-19.459896638999965],[133.75758351700006,-19.45825593199993],[133.75838825800008,-19.45661825899998],[133.7591998810001,-19.45498364799994],[133.7600183720001,-19.453352123999935],[133.76084371900004,-19.45172371299998],[133.76167590700004,-19.450098441999955],[133.76251492500012,-19.448476334999953],[133.7633607570001,-19.446857419999958],[133.7642133910001,-19.445241720999945],[133.76507281200008,-19.44362926499997],[133.76593900700004,-19.44202007699994],[133.76681196100003,-19.440414181999927],[133.76769166100007,-19.438811606999934],[133.7685780920001,-19.43721237699998],[133.76947124100002,-19.43561651799996],[133.77037109200012,-19.434024053999963],[133.7712776310001,-19.43243501099994],[133.77219084400008,-19.430849414999955],[133.77311071500003,-19.429267290999974],[133.77403723100008,-19.42768866399996],[133.77497037500007,-19.42611355799994],[133.77591013300002,-19.424542],[133.7768564900001,-19.422974014999966],[133.77780943100004,-19.421409625999956],[133.77876894000008,-19.419848858999956],[133.77973500200005,-19.418291739999972],[133.78070760000003,-19.416738291999934],[133.78168672100003,-19.415188540999964],[133.78267234700002,-19.413642510999978],[133.78366446300004,-19.41210022699994],[133.78466305300003,-19.410561712999936],[133.78566810000007,-19.40902699399993],[133.78667959000006,-19.407496093999953],[133.7876975040001,-19.405969037999967],[133.788721828,-19.404445849999945],[133.78975254500006,-19.402926554999965],[133.7907896370001,-19.401411175999954],[133.7918330880001,-19.39989973699994],[133.79288288300006,-19.39839226299995],[133.79393900200012,-19.396888777999948],[133.79500143100006,-19.39538930499998],[133.7960701510001,-19.393893868999953],[133.79714514500006,-19.392402492999963],[133.798226397,-19.390915200999927],[133.79931388800003,-19.389432015999944],[133.80040760200006,-19.387952962999975],[133.8015075200001,-19.38647806499995],[133.80261362500005,-19.385007344999963],[133.80372590000002,-19.383540826999933],[133.80484432700007,-19.38207853399996],[133.80596888600007,-19.380620488999966],[133.80709956200008,-19.37916671599993],[133.80823633400007,-19.377717237999946],[133.80937918600011,-19.376272076999953],[133.81052809800008,-19.374831256999983],[133.81168305300002,-19.37339480099996],[133.81284403100005,-19.37196273199993],[133.81401101500012,-19.37053507199994],[133.8151839850001,-19.369111842999928],[133.81636292300004,-19.367693069999973],[133.81754780900008,-19.366278773999966],[133.81873862600003,-19.364868977999947],[133.81993535200002,-19.36346370399997],[133.8211379710001,-19.36206297399997],[133.82234646100005,-19.360666811999977],[133.82356080500006,-19.359275238999942],[133.8247809820001,-19.357888275999983],[133.82600697200007,-19.35650594799995],[133.82723875700003,-19.35512827399998],[133.82847631700008,-19.353755277999937],[133.8297196310001,-19.35238698099994],[133.83096868000007,-19.351023404999978],[133.8322234430001,-19.34966457099995],[133.83348390100002,-19.348310501999947],[133.83475003400008,-19.346961217999933],[133.83602182100003,-19.345616741999947],[133.83729924200009,-19.34427709399995],[133.838582276,-19.342942295999933],[133.83987090300002,-19.34161236899996],[133.8411651030001,-19.34028733499997],[133.842464854,-19.338967212999933],[133.8437701350001,-19.337652026999933],[133.84508092700003,-19.336341794999953],[133.8463972080001,-19.335036539999976],[133.8477189560001,-19.33373628099997],[133.84904615100004,-19.332441039999935],[133.8503787720001,-19.331150837999928],[133.8517167970001,-19.329865693999977],[133.85306020500002,-19.328585628999974],[133.85440897400008,-19.32731066399998],[133.85576308300006,-19.326040817999967],[133.85712251000007,-19.324776112999928],[133.8584872340001,-19.323516566999956],[133.85985723200008,-19.322262201999933],[133.8612324830001,-19.321013036999943],[133.86261296400005,-19.319769091999945],[133.86399865500005,-19.318530385999964],[133.8653895320001,-19.31729693999995],[133.86678557300002,-19.316068772999927],[133.8681867560001,-19.31484590499997],[133.86959305900007,-19.313628353999945],[133.8710044600001,-19.31241614099997],[133.87242093500004,-19.31120928499996],[133.87384246200008,-19.31000780399995],[133.87526901800004,-19.308811718999948],[133.87670058100002,-19.30762104699994],[133.87813712800005,-19.306435808999936],[133.87957863500003,-19.30525602199998],[133.88102508100008,-19.304081705999977],[133.8824764410001,-19.302912878999962],[133.88393269300002,-19.301749559999962],[133.88539381300006,-19.300591766999958],[133.88685977800003,-19.29943951799993],[133.88833056400006,-19.298292832999948],[133.88980614900004,-19.29715172899995],[133.8912865090001,-19.29601622499996],[133.8927716190001,-19.29488633699998],[133.89426145700008,-19.29376208599996],[133.89575599800003,-19.292643486999964],[133.89725522000003,-19.291530559999956],[133.89875909700004,-19.290423320999935],[133.90026760500007,-19.289321788999928],[133.901780722,-19.288225980999982],[133.90329842200003,-19.287135913999975],[133.90482068200004,-19.286051604999955],[133.90634747700005,-19.284973072999946],[133.90787878300011,-19.283900332999963],[133.90941457500003,-19.282833403999973],[133.91095483000004,-19.281772300999933],[133.9124995210001,-19.28071704299998],[133.91404862600007,-19.27966764499996],[133.91560211900003,-19.278624124999965],[133.91715997500012,-19.27758649799995],[133.91872216900003,-19.27655478199995],[133.92028867800002,-19.275528992999966],[133.92185947500002,-19.274509146999947],[133.92343453600006,-19.273495259999947],[133.92501383500007,-19.27248734899996],[133.9265973480001,-19.271485428999938],[133.92818504900004,-19.27048951599994],[133.92977691300007,-19.26949962699996],[133.9313729150001,-19.268515776999948],[133.9329730280001,-19.267537981999965],[133.93457722900007,-19.266566255999976],[133.93618549100006,-19.26560061699996],[133.937797788,-19.264641077999954],[133.93941409500007,-19.263687654999956],[133.94103438600007,-19.262740363999967],[133.94265863600003,-19.261799218999954],[133.94428681800002,-19.260864235999975],[133.94591890700008,-19.25993542899994],[133.94755487600003,-19.25901281299997],[133.94919470000002,-19.25809640199998],[133.95083835200012,-19.257186211999965],[133.95248580700002,-19.256282255999963],[133.9541370380001,-19.255384549999974],[133.955792018,-19.254493105999927],[133.9574507220001,-19.253607940999927],[133.95911312300007,-19.25272906699996],[133.9607791950001,-19.25185649799994],[133.96244891100002,-19.250990248999926],[133.9641222450001,-19.25013033299996],[133.9657991690001,-19.249276762999955],[133.96747965800012,-19.248429554999973],[133.96916368400002,-19.247588719999953],[133.9708512210001,-19.246754271999976],[133.97254224200003,-19.24592622499995],[133.97423672000002,-19.245104590999972],[133.97593462800012,-19.244289383999956],[133.97763594000003,-19.243480616999932],[133.97934062700006,-19.242678301999945],[133.98104866300002,-19.24188245299996],[133.9827600210001,-19.241093080999974],[133.98447467300002,-19.240310199999954],[133.98619259300006,-19.23953382199994],[133.98791375300004,-19.238763958999982],[133.98963812500006,-19.238000622999948],[133.99136568300003,-19.23724382699993],[133.99309639800003,-19.23649358299997],[133.99483024300002,-19.235749901999952],[133.99656719100005,-19.235012795999978],[133.99830721400008,-19.234282277999966],[134.00005028500004,-19.233558357999982],[134.00179637500003,-19.232841048999944],[134.0035454570001,-19.232130360999975],[134.00529750400005,-19.231426305999946],[134.00705248600002,-19.23072889499997],[134.00881037700003,-19.23003813899993],[134.01057114900004,-19.229354048999937],[134.01233477300002,-19.228676635999932],[134.01410122100003,-19.22800591099997],[134.01587046600002,-19.22734188499993],[134.01764247900007,-19.22668456699995],[134.01941723200002,-19.226033968999957],[134.02119469700006,-19.22539010099996],[134.022974846,-19.224752971999976],[134.02475765100007,-19.224122593999937],[134.0265430820001,-19.223498975999973],[134.02833111200005,-19.222882126999934],[134.03012171300009,-19.222272058999977],[134.03191485500008,-19.22166877999996],[134.0337105110001,-19.221072300999936],[134.0355086510001,-19.220482629999935],[134.03730924800004,-19.219899775999977],[134.03911227300011,-19.219323750999934],[134.04091769600007,-19.21875456099997],[134.04272549100006,-19.218192216999967],[134.04453562600008,-19.217636726999956],[134.04634807500008,-19.217088100999945],[134.04816280800003,-19.216546345999973],[134.04997979600012,-19.216011471999934],[134.05179901100007,-19.21548348699997],[134.0536204240001,-19.214962399999933],[134.05544400500003,-19.214448217999973],[134.05726972500008,-19.213940949999937],[134.0590975570001,-19.21344060399997],[134.06092747000002,-19.21294718799993],[134.06275943600008,-19.21246070899997],[134.0645934260001,-19.211981175999938],[134.06642941000007,-19.21150859599993],[134.06826735900006,-19.211042976999977],[134.07010724400004,-19.210584324999957],[134.07194903700008,-19.210132648999945],[134.07379270700005,-19.209687955999982],[134.07563822500003,-19.209250251999947],[134.0774855630001,-19.208819543999937],[134.0793346900001,-19.20839583999998],[134.08118557800003,-19.207979145999957],[134.08303819700006,-19.207569467999974],[134.08489251700007,-19.207166813999947],[134.08674851000012,-19.206771188999937],[134.08860614500009,-19.206382599999927],[134.09046539400003,-19.206001053999955],[134.09232622700006,-19.20562655499998],[134.09418861300003,-19.205259110999975],[134.09605252500012,-19.204898725999954],[134.0979179310001,-19.204545406999955],[134.09978480300003,-19.204199159999973],[134.10165311100002,-19.203859988999966],[134.10352282500003,-19.203527899999926],[134.10539391500004,-19.20320289899996],[134.1072663530001,-19.202884989999973],[134.10914010700003,-19.202574178999953],[134.11101514900008,-19.202270470999963],[134.11289144800003,-19.20197386999996],[134.11476897600005,-19.20168438199994],[134.11664770100003,-19.20140200999998],[134.11852759500005,-19.201126758999976],[134.12040862700007,-19.20085863399993],[134.1222907670001,-19.200597638999966],[134.12417398600007,-19.200343777999933],[134.1260582540001,-19.200097055999947],[134.12794354100004,-19.19985747499993],[134.1298298170001,-19.199625039999944],[134.1317170520001,-19.199399753999955],[134.1336052160001,-19.19918162199997],[134.1354942790001,-19.198970645999964],[134.13738421200003,-19.198766829999954],[134.13927498300006,-19.198570177999954],[134.14116656400006,-19.198380690999954],[134.14305892400012,-19.198198374999947],[134.1449520330001,-19.198023229999933],[134.14684586200008,-19.197855259999983],[134.14874037900006,-19.197694467999952],[134.150635555,-19.19754085699998],[134.15253136,-19.19739442799994],[134.15442776400005,-19.19725518399997],[134.1563247370001,-19.19712312699994],[134.15822224900012,-19.19699825999993],[134.16012026900012,-19.196880583999928],[134.16201876700006,-19.19677010099997],[134.16391771400004,-19.19666681399997],[134.16581707900002,-19.19657072299998],[134.1677168320001,-19.196481829999982],[134.16961694300005,-19.196400136999955],[134.17151738200005,-19.196325644999945],[134.1734181180001,-19.19625835399995],[134.17531912200002,-19.196198267999932],[134.17722036300006,-19.196145384999966],[134.17912181100007,-19.196099706999973],[134.18102343600003,-19.196061234999945],[134.18292520800003,-19.196029968999937],[134.18482709700004,-19.19600590999994],[134.18672907200005,-19.195989058999942],[134.18863110300003,-19.195979414999954],[134.19053316100008,-19.195976977999976],[134.19243521400006,-19.19598174999993],[134.19433723300006,-19.19599372899995],[134.19623918800005,-19.196012914999983],[134.19814104800002,-19.196039308999957],[134.20004278300007,-19.196072908999952],[134.20194436300005,-19.196113715999957],[134.20384575900005,-19.196161727999936],[134.20574693800006,-19.196216944999946],[134.20764787300004,-19.19627936699993],[134.2095485310001,-19.19634899099998],[134.2114488840001,-19.196425816999977],[134.21334890100002,-19.196509843999934],[134.21524855200005,-19.19660106999993],[134.21714780700006,-19.196699493999972],[134.21904663500004,-19.19680511499996],[134.22094500700007,-19.196917929999927],[134.22284289200002,-19.197037937999937],[134.2247402600001,-19.197165137999946],[134.22663708200002,-19.197299525999938],[134.22853332600005,-19.19744110099998],[134.2304289640001,-19.197589860999926],[134.2323239640001,-19.197745802999975],[134.2342182980001,-19.19790892599997],[134.23611193400006,-19.198079224999958],[134.2380048430001,-19.198256698999955],[134.2398969940001,-19.198441344999935],[134.241788358,-19.19863315899994],[134.24367890500002,-19.19883213999998],[134.24556860400003,-19.199038282999936],[134.2474574260001,-19.199251584999956],[134.2493453410001,-19.199472043999947],[134.25123231800012,-19.19969965499996],[134.25311832800003,-19.199934414999973],[134.25500334100002,-19.20017631999997],[134.25688732700007,-19.200425365999934],[134.25877025600005,-19.200681549999956],[134.26065209800004,-19.200944867999965],[134.26253282300002,-19.201215313999967],[134.26441240100007,-19.201492885999983],[134.26629080300006,-19.201777577999962],[134.26816799900007,-19.20206938599995],[134.27004395900008,-19.202368304999936],[134.27191865300006,-19.20267433099997],[134.2737920520001,-19.202987458999928],[134.27566412500005,-19.20330768399998],[134.277534843,-19.203635],[134.27940417700006,-19.203969402999974],[134.28127209600007,-19.204310887999952],[134.2831385710001,-19.204659447999973],[134.28500357200005,-19.205015077999974],[134.28686707000008,-19.205377773999942],[134.28872903500007,-19.20574752799996],[134.2905894380001,-19.20612433499997],[134.29244824800003,-19.206508188999976],[134.29430543800004,-19.206899084999975],[134.296160976,-19.207297014999938],[134.298014834,-19.207701973999974],[134.29986698200003,-19.20811395499993],[134.301717391,-19.20853295099994],[134.30356603100006,-19.208958956999936],[134.30541287300002,-19.209391963999963],[134.3072578870001,-19.209831966999957],[134.30910104600002,-19.210278957999947],[134.31094231800012,-19.21073293099994],[134.3127816750001,-19.21119387699997],[134.3146190870001,-19.211661789999937],[134.31645452700002,-19.212136662999967],[134.3182879630001,-19.21261848699993],[134.32011936800006,-19.213107254999954],[134.32194871100012,-19.213602959999946],[134.3237759650001,-19.214105593999932],[134.32560110000009,-19.21461514699996],[134.32742408700005,-19.215131613999972],[134.32924489700008,-19.21565498399997],[134.33106350100002,-19.216185250999956],[134.33287987000006,-19.216722404999928],[134.33469397600004,-19.217266437999967],[134.33650579000005,-19.217817341999933],[134.33831528200005,-19.21837510699993],[134.34012242400001,-19.218939724999927],[134.3419271880001,-19.219511186999966],[134.3437295440001,-19.22008948299998],[134.34552946400004,-19.220674605999932],[134.3473269200001,-19.221266543999945],[134.34912188300007,-19.221865289999982],[134.3509143230001,-19.22247083299993],[134.35270421400003,-19.223083162999956],[134.35449152700005,-19.22370227199997],[134.35627623200003,-19.224328149999963],[134.35805830200002,-19.22496078499995],[134.3598377080001,-19.22560016899996],[134.36161442200012,-19.22624629099994],[134.36338841600002,-19.226899140999933],[134.3651596620001,-19.227558707999947],[134.366928131,-19.22822498299996],[134.36869379600012,-19.228897953999933],[134.37045662700007,-19.229577610999968],[134.37221659800002,-19.230263942999954],[134.37397368100005,-19.230956938999952],[134.37572784600002,-19.231656587999964],[134.37747906700008,-19.232362878999936],[134.37922731600008,-19.233075800999927],[134.3809725640001,-19.23379534299994],[134.38271478500008,-19.23452149299993],[134.38445395000008,-19.23525423899997],[134.38619003100007,-19.23599356999995],[134.3879230020001,-19.236739473999933],[134.38965283400012,-19.237491939999927],[134.39137950000008,-19.238250954999955],[134.39310297300005,-19.239016507999963],[134.3948232240001,-19.239788585999975],[134.39654022800005,-19.240567175999956],[134.39825395600008,-19.241352267999957],[134.39996438100002,-19.242143846999966],[134.40167147600005,-19.242941901999927],[134.4033752140001,-19.24374641999998],[134.40507556700004,-19.244557387999976],[134.40677250900012,-19.24537479299994],[134.40846601300007,-19.24619862199995],[134.41015605200005,-19.24702886299997],[134.41184259800002,-19.24786550099998],[134.41352562500003,-19.248708523999937],[134.41520510700002,-19.249557918999983],[134.41688101500006,-19.250413670999933],[134.41855332500006,-19.25127576799997],[134.4202220090001,-19.25214419499997],[134.42188704000012,-19.253018938999958],[134.42354839200004,-19.253899985999965],[134.42520603900005,-19.25478732199997],[134.42685995500005,-19.25568093199996],[134.42851011200003,-19.256580802999963],[134.4301564850001,-19.257486919999963],[134.43179904700003,-19.258399269999927],[134.43343777200005,-19.25931783599998],[134.4350726350001,-19.260242605999963],[134.43670360800002,-19.261173562999943],[134.43833066700006,-19.262110693999944],[134.43995378500006,-19.263053982999963],[134.44157293600006,-19.26400341599998],[134.4431880950001,-19.264958976999935],[134.4447992360001,-19.265920651999977],[134.44640633300003,-19.266888423999944],[134.44800936100012,-19.267862278999928],[134.4496082930001,-19.268842200999927],[134.4512031050001,-19.26982817499993],[134.45279377100007,-19.270820183999945],[134.45438026600004,-19.27181821299996],[134.45596256500005,-19.272822246999965],[134.45754064100004,-19.273832268999968],[134.45911447100002,-19.274848262999967],[134.46068402900005,-19.275870212999962],[134.46224929000005,-19.27689810399994],[134.46381022900005,-19.277931916999933],[134.4653668210001,-19.278971637999973],[134.4669190410001,-19.280017248999968],[134.4684668650001,-19.281068734999963],[134.470010268,-19.28212607699993],[134.4715492260001,-19.283189259999972],[134.47308371300005,-19.284258266999927],[134.47461370500002,-19.28533307999993],[134.47613917800004,-19.28641368199993],[134.477660108,-19.28750005699993],[134.47917647000008,-19.28859218699995],[134.48068824000006,-19.289690054999937],[134.4821953940001,-19.290793641999983],[134.48369790700008,-19.29190293299996],[134.48519575700004,-19.293017907999968],[134.48668891900002,-19.294138550999946],[134.48817736900003,-19.295264843999973],[134.4896610840001,-19.296396767999966],[134.49114003900002,-19.297534304999942],[134.49261421100005,-19.29867743899996],[134.49408357700008,-19.299826148999955],[134.49554811300004,-19.300980418999927],[134.49700779600005,-19.302140228999974],[134.49846260200002,-19.303305561999935],[134.49991250900007,-19.304476398999952],[134.5013574930001,-19.305652719999955],[134.50279753000007,-19.30683450899994],[134.50423259900003,-19.308021744999962],[134.50566267500005,-19.309214408999935],[134.50708773700012,-19.310412483999983],[134.50850776100003,-19.31161594899993],[134.50992272500002,-19.312824785999965],[134.5113326070001,-19.31403897599995],[134.51273738200007,-19.31525849899998],[134.51413703000003,-19.31648333499993],[134.5155315280001,-19.31771346599993],[134.5169208530001,-19.318948870999975],[134.5183049840001,-19.320189530999983],[134.51968389700005,-19.321435426999926],[134.52105757200002,-19.32268653799997],[134.52242598600003,-19.323942844999976],[134.5237891170001,-19.325204327999927],[134.5251469430001,-19.32647096599993],[134.52649944300003,-19.327742738999973],[134.52784659600002,-19.32901962799997],[134.52918837900006,-19.33030161199997],[134.53052477000006,-19.331588669999974],[134.5318557500001,-19.33288078199996],[134.53318129600007,-19.334177926999928],[134.5345013870001,-19.33548008599996],[134.53581600200005,-19.336787235999964],[134.53712512000004,-19.338099357999965],[134.53842872100006,-19.33941643099996],[134.53972678200012,-19.340738431999966],[134.54101928400007,-19.342065342999945],[134.54230620500005,-19.34339713999998],[134.543587526,-19.34473380399993],[134.54486322500009,-19.34607531299997],[134.54613328200003,-19.34742164499994],[134.54739767700005,-19.348772779999933],[134.54865638900003,-19.350128694999967],[134.54990939900006,-19.351489368999978],[134.551156686,-19.352854779999973],[134.5523982310001,-19.354224907999935],[134.5536340120001,-19.355599728999948],[134.55486401200005,-19.35697922199995],[134.5560882090001,-19.358363364999946],[134.55730658400012,-19.35975213599994],[134.55851911800005,-19.36114551299994],[134.55972579100012,-19.36254347399995],[134.56092658400007,-19.363945995999927],[134.5621214780001,-19.365353057999982],[134.5633104530001,-19.36676463599997],[134.56449349000002,-19.368180708999944],[134.56567057100006,-19.369601252999928],[134.56684167700007,-19.371026246999975],[134.56800678800005,-19.37245566599995],[134.56916588600006,-19.373889489999954],[134.5703189520001,-19.375327694999953],[134.5714659680001,-19.376770256999976],[134.57260691600004,-19.37821715499996],[134.573741777,-19.37966836499993],[134.57487053300008,-19.38112386299997],[134.5759931650001,-19.382583626999974],[134.57710965700005,-19.384047633999955],[134.5782199890001,-19.38551585999994],[134.5793241440001,-19.386988281999948],[134.58042210400004,-19.388464875999944],[134.58151385100007,-19.389945617999956],[134.58259936900004,-19.39143048699998],[134.58367863900003,-19.39291945599996],[134.5847516450001,-19.394412503999945],[134.5858183680001,-19.395909605999975],[134.5868787920001,-19.397410737999962],[134.58793290000006,-19.398915875999933],[134.58898067400003,-19.40042499699996],[134.59002209900007,-19.401938075999965],[134.59105715600003,-19.403455089999966],[134.5920858300001,-19.404976012999953],[134.59310810400007,-19.40650082299993],[134.59412396200003,-19.408029493999948],[134.59513338600004,-19.409562001999973],[134.59613636100005,-19.411098322999976],[134.5971328710001,-19.412638432999927],[134.59812289900003,-19.41418230599993],[134.5991064310001,-19.415729918999943],[134.60008344800008,-19.41728124599996],[134.60105393700007,-19.418836262999946],[134.60201788200004,-19.42039494499994],[134.60297526600004,-19.421957266999982],[134.60392607400001,-19.42352320499998],[134.6048702920001,-19.42509273299993],[134.60580790400002,-19.426665826999965],[134.60673889400005,-19.428242460999968],[134.6076632480001,-19.429822609999974],[134.60858095000003,-19.431406248999963],[134.60949198700007,-19.432993352999972],[134.61039634300005,-19.434583896999982],[134.611294003,-19.436177853999936],[134.6121849540001,-19.437775200999965],[134.61306918000002,-19.439375910999956],[134.61394666800004,-19.440979957999957],[134.61481740300007,-19.442587317999937],[134.61568137100005,-19.444197963999954],[134.6165385590001,-19.44581187199998],[134.61738895100007,-19.447429013999965],[134.61823253600005,-19.44904936599994],[134.6190692980001,-19.45067290199995],[134.61989922500004,-19.452299594999943],[134.6207223020001,-19.45392941999995],[134.62153851800008,-19.45556235099997],[134.62234785700002,-19.45719836199993],[134.62315030900004,-19.458837425999945],[134.62394585800007,-19.460479517999943],[134.62473449300012,-19.46212461099998],[134.6255162000001,-19.463772679999977],[134.62629096800003,-19.46542369699995],[134.62705878200006,-19.46707763699993],[134.62781963200007,-19.468734472999927],[134.62857350500008,-19.47039417899998],[134.629320387,-19.472056727999927],[134.63006026800008,-19.47372209399998],[134.63079313600008,-19.475390250999965],[134.63151897700004,-19.477061169999956],[134.63223778100007,-19.478734826999982],[134.63294953600007,-19.48041119399994],[134.63365423100004,-19.482090244999938],[134.6343518530001,-19.483771951999927],[134.63504239100007,-19.485456289999945],[134.63572583500002,-19.48714322999996],[134.63640217300008,-19.488832745999957],[134.63707139400003,-19.490524811999933],[134.6377334880001,-19.492219399999954],[134.63838844300005,-19.493916482999964],[134.63903624800002,-19.495616034999955],[134.6396768940001,-19.49731802699995],[134.64031037000007,-19.499022432999936],[134.64093666500003,-19.500729225999976],[134.6415557690001,-19.502438377999965],[134.64216767200003,-19.504149861999963],[134.64277236500004,-19.50586365199996],[134.64336983700002,-19.50757971799993],[134.64396007800008,-19.509298034999972],[134.64454307900007,-19.51101857499998],[134.64511883000011,-19.512741308999978],[134.64568732300006,-19.514466211999945],[134.64624854700003,-19.516193253999973],[134.6468024930001,-19.517922409999983],[134.64734915200006,-19.519653649999952],[134.64788851600008,-19.52138694799993],[134.64842057600003,-19.52312227599998],[134.64894532200003,-19.52485960499996],[134.64946274700003,-19.526598908999972],[134.64997284100002,-19.52834015999997],[134.65047559700008,-19.53008332899998],[134.6509710050001,-19.53182838899994],[134.6514590590001,-19.53357531299997],[134.651939749,-19.535324070999934],[134.6524130690001,-19.537074636999932],[134.65287900900012,-19.538826981999932],[134.65333756400003,-19.540581078999935],[134.65378872400004,-19.542336898999963],[134.6542324820001,-19.54409441399997],[134.65466883200008,-19.545853595999972],[134.65509776600004,-19.547614417999966],[134.65551927600006,-19.54937684999993],[134.6559333570001,-19.55114086599997],[134.6563400000001,-19.552906435999944],[134.65673920000006,-19.55467353299997],[134.65713095,-19.556442127999958],[134.65751524200004,-19.558212192999974],[134.6578920720001,-19.559983699999975],[134.65826143200002,-19.561756619999983],[134.6586233170001,-19.56353092599994],[134.65897772000005,-19.56530658799994],[134.65932463500008,-19.567083578999927],[134.6596640570001,-19.568861869999978],[134.65999598000008,-19.570641432999935],[134.66032039900006,-19.572422238999934],[134.6606373080001,-19.57420425899994],[134.66094670100006,-19.575987465999958],[134.66124857400007,-19.57777183099995],[134.6615429210001,-19.57955732499994],[134.66182973800005,-19.581343919999938],[134.66210902000012,-19.583131587999958],[134.662380761,-19.584920298999975],[134.6626449580001,-19.586710024999945]],[[134.15466888800006,-19.688127407999957],[134.24225243800004,-19.70382265799998],[134.2817173960001,-19.670918121999932],[134.2444574100001,-19.618803095999965],[134.14745575400002,-19.588157354999964],[134.14713799800006,-19.588481816999945],[134.15260420700008,-19.614855206999948],[134.15261697100004,-19.652617729999974],[134.15466888800006,-19.688127407999957]]]}},{"type":"Feature","properties":{"CUSTODIAN":"Bushfires NT, Department of Environment and Natural Resources","BND_TYPE":"Volunteer Bushfire Brigade Area","SHORT_NAME":"Wagait","GAZ_NAME":"Wagait Volunteer Bushfire Brigade","GAZ_NO":"G35","GAZ_DATE":"1988-08-31T00:00:00","NOTES":"Gazette name is Wagait; also locally known as Cox Peninsula","SHAPE_Leng":0.293979139225,"SHAPE_Area":0.00197174603161,"AREA_KM2":23.71},"geometry":{"type":"Polygon","coordinates":[[[130.70929959900002,-12.421481847999928],[130.7093791970001,-12.421491622999952],[130.70956993100003,-12.421291351999969],[130.70979881300002,-12.421100615999933],[130.71010398900012,-12.421098708999978],[130.7102260590001,-12.421367645999965],[130.71006202700005,-12.42158698999998],[130.71001625000008,-12.421886443999938],[130.71000862100004,-12.422164916999975],[130.71018409700002,-12.422382353999978],[130.71041679400003,-12.422578810999937],[130.71057319700003,-12.422794341999975],[130.71064949100003,-12.423074722999957],[130.71069908100003,-12.423345565999966],[130.71077156,-12.423625945999959],[130.71093177800003,-12.423851012999933],[130.7111263280001,-12.424064635999969],[130.71134758000005,-12.424192428999959],[130.7115116120001,-12.423936843999968],[130.71132469200006,-12.423721313999977],[130.71113014200012,-12.423515318999932],[130.71117591900008,-12.423242568999967],[130.7114582060001,-12.423196792999931],[130.71173667900007,-12.42320442199997],[130.7120494840001,-12.423200606999956],[130.71234321600002,-12.423208236999926],[130.7126178740001,-12.423297881999929],[130.712903976,-12.423385619999976],[130.7132091520001,-12.42348289499995],[130.713495254,-12.42356300299997],[130.71378135600003,-12.423669814999926],[130.71410179100008,-12.423757552999973],[130.71440696700006,-12.423837661999926],[130.71469306900008,-12.423925398999927],[130.71497154300005,-12.424051284999962],[130.71525764500007,-12.424184798999931],[130.71555900600003,-12.424308776999965],[130.71584510800005,-12.424406051999938],[130.7161121370001,-12.42451286399995],[130.71639061000008,-12.42463874799995],[130.71665763800002,-12.424743651999961],[130.71693229700008,-12.424842834999936],[130.71722984300004,-12.42487716599993],[130.71751213100003,-12.424964904999968],[130.7178096770001,-12.424999236999952],[130.71807670600003,-12.425088881999955],[130.71837806700012,-12.425176620999935],[130.7186565400001,-12.425237655999979],[130.71892356800004,-12.425291060999939],[130.7192478180001,-12.425361632999966],[130.71951484700003,-12.42545890799994],[130.7198352810001,-12.42555618299997],[130.72012901300002,-12.42564392099996],[130.72041511600003,-12.42572402899998],[130.72070121800004,-12.425785063999967],[130.72098732000006,-12.425855636999927],[130.7212810520001,-12.425916671999971],[130.72157859800006,-12.426006316999974],[130.7218456270001,-12.426103591999947],[130.72212028500007,-12.426219939999953],[130.72242546100006,-12.426307677999944],[130.72273063700004,-12.426387786999953],[130.723031998,-12.426467894999973],[130.7233371740001,-12.426555632999964],[130.72363090500005,-12.426616667999951],[130.72392845100012,-12.426706313999944],[130.7242107390001,-12.42677688599997],[130.7245159150001,-12.426801680999972],[130.72478294400003,-12.426925658999949],[130.72499656700006,-12.427131652999947],[130.72511863700004,-12.427402495999956],[130.72532081600002,-12.427644728999951],[130.72553443900006,-12.427843093999968],[130.72579383800007,-12.427986144999977],[130.72606086700011,-12.428148269999951],[130.72633552500008,-12.428262710999945],[130.72663307200003,-12.428316115999962],[130.72692680300008,-12.428358077999974],[130.72723197900007,-12.428491591999943],[130.72748756400006,-12.428462981999928],[130.7277812960001,-12.42841720499996],[130.7280597680001,-12.428405761999954],[130.72835350100002,-12.428403853999953],[130.72864723200007,-12.428392409999958],[130.72892189000004,-12.428382873999965],[130.72920799200006,-12.42836189299993],[130.72952079800007,-12.428304671999967],[130.72980308500007,-12.428249358999949],[130.73010826100005,-12.428211211999951],[130.73042106600008,-12.428182601999936],[130.73070335300008,-12.428153991999977],[130.73099708600012,-12.428115843999933],[130.7312755590001,-12.428094863999945],[130.7314319610001,-12.428112029999966],[130.73149299600004,-12.428104400999928],[130.7316875450001,-12.428030013999944],[130.7318897250001,-12.427974700999926],[130.73204231300008,-12.427946090999967],[130.73227119500007,-12.427944183999955],[130.7324047090001,-12.427944183999955],[130.73246955900004,-12.427951812999936],[130.73273658800008,-12.428031921999946],[130.73297691300002,-12.428174971999965],[130.73321723900006,-12.428318023999964],[130.73343849200012,-12.428470611999956],[130.73363304200006,-12.428676604999964],[130.73364448600012,-12.428949355999976],[130.73381233200007,-12.429092406999928],[130.73401069700003,-12.428882598999962],[130.7342319490001,-12.428691863999973],[130.73449516300002,-12.42854499799995],[130.7347927090001,-12.428470611999956],[130.73506736800005,-12.428386687999932],[130.73534965500005,-12.428295134999928],[130.73565483100003,-12.428256988999976],[130.73596763600005,-12.428237914999954],[130.73624992400005,-12.428199767999956],[130.73655509900004,-12.428161620999958],[130.73683738700004,-12.428133010999943],[130.73714256300002,-12.428094863999945],[130.73744773800001,-12.428047179999965],[130.73772239700008,-12.428001403999929],[130.73802375800005,-12.427944183999955],[130.73832893400004,-12.427860259999932],[130.73861122200003,-12.427768706999927],[130.7389049530001,-12.42767715399998],[130.73917198100003,-12.427566528999932],[130.7394733430001,-12.42743682799994],[130.73974037200003,-12.427301406999959],[130.7399883270001,-12.42718124399994],[130.74026298500007,-12.427135466999971],[130.74051857000006,-12.427005767999958],[130.74079322800003,-12.426895141999978],[130.74110603400004,-12.426820754999937],[130.74141120900003,-12.426755904999936],[130.74168586700011,-12.426717757999938],[130.74197196900002,-12.426708220999956],[130.74226570100006,-12.426696776999961],[130.74256706200003,-12.426685332999966],[130.74287223800002,-12.426673888999971],[130.74315834100003,-12.426681517999953],[130.7434329990001,-12.426761626999962],[130.74368476900008,-12.426921843999935],[130.74387931800004,-12.427139281999928],[130.74411964400008,-12.427299498999957],[130.74436760000003,-12.427415847999953],[130.74463462800009,-12.42749404899996],[130.74492836000002,-12.427501678999931],[130.74522209100007,-12.42749977099993],[130.74550819400008,-12.427497863999974],[130.7458209990001,-12.427495955999973],[130.74612236000007,-12.42748641999998],[130.74642753600006,-12.427474975999928],[130.74673271100005,-12.427417754999965],[130.74699592600007,-12.427316665999967],[130.74725532500008,-12.427206038999941],[130.74755668600005,-12.427124023999966],[130.74784278900006,-12.427076339999928],[130.74812507600006,-12.427074431999927],[130.74840354900005,-12.427089690999935],[130.7486705780001,-12.427162169999974],[130.74893760700002,-12.42726898199993],[130.7492122650001,-12.427373885999941],[130.7494716640001,-12.427480696999964],[130.74973869300004,-12.427606582999942],[130.74997901900008,-12.427759170999934],[130.750246048,-12.427919387999964],[130.75051307700005,-12.428062438999973],[130.75079917900007,-12.428159712999957],[130.75107765200005,-12.428220748999934],[130.75135231000002,-12.428293228999962],[130.7516040800001,-12.428443908999952],[130.75185203600006,-12.428613661999975],[130.75210380500005,-12.42879295399996],[130.75235939000004,-12.428918837999959],[130.75261878900005,-12.429042815999935],[130.7528591150001,-12.429178237999963],[130.75308036800004,-12.429374694999979],[130.75326728800007,-12.429599761999953],[130.75335884100002,-12.42986106899997],[130.7535076150001,-12.430105209999965],[130.75364875800005,-12.430229186999952],[130.75366783200002,-12.430292128999952],[130.75369453400003,-12.43034744299996],[130.75373268200008,-12.430391311999927],[130.7537860870001,-12.430444716999943],[130.753843307,-12.430490493999969],[130.7538890840001,-12.430536269999948],[130.75393486000007,-12.430570601999932],[130.75398826600008,-12.430616378999957],[130.75402641300002,-12.430662154999936],[130.75409126300008,-12.43070602399996],[130.75415611300002,-12.430749892999927],[130.75421333300005,-12.43077659599993],[130.75425911000002,-12.430812835999973],[130.75431251500004,-12.430868148999934],[130.75436973500007,-12.430904388999977],[130.7544040680001,-12.430948256999955],[130.75444221500004,-12.430992125999978],[130.7544803620001,-12.431037902999947],[130.75452613800007,-12.43108177199997],[130.7545833580001,-12.43112754799995],[130.75464820900004,-12.431154250999953],[130.75469398500002,-12.431180953999956],[130.7547397610001,-12.431217192999952],[130.7548122400001,-12.431270599999948],[130.75487709100003,-12.431324004999965],[130.75492286700012,-12.431369780999944],[130.75498008700004,-12.43142318799994],[130.75502586400012,-12.431476592999957],[130.75506401100006,-12.431512832999942],[130.7550983430001,-12.431558608999978],[130.75513649000004,-12.431604385999947],[130.75518226600002,-12.431657790999964],[130.75522041300007,-12.431720733999953],[130.75525856000002,-12.431764602999976],[130.75529670700007,-12.431829452999978],[130.75531578100004,-12.431882857999938],[130.755334854,-12.431945800999927],[130.75535011300008,-12.432018279999966],[130.7553806310001,-12.432081221999965],[130.75539970400007,-12.432161330999975],[130.75541877700005,-12.432233809999957],[130.755437851,-12.432289122999975],[130.75547218400004,-12.432369231999928],[130.7555103300001,-12.432422636999945],[130.75555610700007,-12.432495116999974],[130.75560569800007,-12.432558059999963],[130.75563240100007,-12.432613372999981],[130.75567817700005,-12.432666777999941],[130.75573158200007,-12.43272972099993],[130.755796432,-12.43280219999997],[130.75586128200007,-12.432863234999957],[130.7559452050001,-12.432916640999963],[130.75599098200007,-12.432945251999968],[130.75608635000003,-12.433008193999967],[130.756132126,-12.433032988999969],[130.75622367900007,-12.433095931999958],[130.7563076020001,-12.433141707999937],[130.75635337800009,-12.43317794799998],[130.7564067840001,-12.433195113999943],[130.7564640050001,-12.433231353999929],[130.7565631860001,-12.433301924999967],[130.7566127780001,-12.433347701999935],[130.75667762800003,-12.433382033999976],[130.756723404,-12.43340873699998],[130.75678825400007,-12.433444976999965],[130.75684928900012,-12.433481215999961],[130.75691413900006,-12.433525085999975],[130.75699043300006,-12.433570861999954],[130.75706291200004,-12.433614730999977],[130.7571277620001,-12.433650969999974],[130.757184982,-12.43369483899994],[130.75723838800002,-12.433750152999949],[130.75729560900004,-12.433803557999966],[130.75734138500002,-12.433849334999934],[130.75737953100008,-12.433893203999958],[130.75742530800005,-12.433956145999957],[130.75745201100005,-12.434019088999946],[130.75748252900007,-12.434082030999946],[130.7574901580001,-12.434137343999964],[130.75750923200007,-12.434200286999953],[130.75750923200007,-12.434263229999942],[130.75750923200007,-12.43431663499996],[130.75750160200005,-12.434389113999941],[130.7574634550001,-12.434453963999943],[130.75742912300007,-12.434497832999966],[130.75740242000006,-12.434543608999945],[130.7573833460001,-12.434616087999927],[130.75739479000003,-12.434688567999956],[130.75740242000006,-12.434761046999938],[130.7574100490001,-12.434823989999927],[130.75742149400003,-12.434886932999973],[130.75744056700012,-12.434949874999973],[130.75746727,-12.435022353999955],[130.75749778800002,-12.43506813099998],[130.75752449000004,-12.43513107299998],[130.7575626370001,-12.435203552999951],[130.75758934100008,-12.435256957999968],[130.7576198580001,-12.435302733999947],[130.75765419000004,-12.435356140999943],[130.7576923370001,-12.435428619999982],[130.757749557,-12.435501098999964],[130.7577953340001,-12.435571669999945],[130.75782966600002,-12.43561744699997],[130.75786781300008,-12.435663222999949],[130.75791358900005,-12.435726165999938],[130.75795936600002,-12.435770034999962],[130.75800514200012,-12.435806274999948],[130.7580814360001,-12.435859679999965],[130.7581844330001,-12.435922622999954],[130.75826454200012,-12.435966491999977],[130.75832939200006,-12.436012267999956],[130.7583866120001,-12.43603897099996],[130.75845146200004,-12.436092376999966],[130.7585163110001,-12.436136245999933],[130.7585697180001,-12.436172485999975],[130.75862693800002,-12.436199187999932],[130.75868034300004,-12.436225890999935],[130.7587451930001,-12.436243056999956],[130.75881004300004,-12.436279295999952],[130.758882523,-12.436298369999975],[130.75894737300007,-12.436323165999966],[130.759012223,-12.436342238999941],[130.7591075900001,-12.436376571999972],[130.7591609960001,-12.436386107999965],[130.75927162100004,-12.436422347999951],[130.75932884300005,-12.436439513999971],[130.7593898780001,-12.436456680999981],[130.759447098,-12.436466216999975],[130.75956535300008,-12.436483382999938],[130.7596225740001,-12.436500548999959],[130.7597217560001,-12.436517715999969],[130.7598247530001,-12.436534881999933],[130.759908676,-12.436534881999933],[130.75998878500002,-12.436534881999933],[130.76007270800005,-12.43654251099997],[130.7601375580001,-12.436552046999964],[130.76020240800005,-12.436550140999941],[130.76027488700004,-12.436559676999934],[130.7603397370001,-12.436569213999974],[130.76040458600005,-12.436567305999972],[130.76048851000007,-12.436576842999955],[130.76058006300002,-12.436574935999943],[130.76069069000005,-12.436584471999936],[130.76078224100002,-12.436592101999963],[130.760835648,-12.436599730999944],[130.76089286800004,-12.436618804999966],[130.76096534700002,-12.43663597099993],[130.76105690000009,-12.436672209999927],[130.7611408240001,-12.43670844999997],[130.76120567300006,-12.436735152999972],[130.76127815300003,-12.436752318999936],[130.76133537300007,-12.436759948999963],[130.7613964080001,-12.436759948999963],[130.76145362800003,-12.436759948999963],[130.7615261080001,-12.436759948999963],[130.76161766000007,-12.436767577999944],[130.7616748810001,-12.436767577999944],[130.761785507,-12.436775207999972],[130.7618579860001,-12.436784743999965],[130.76194191000002,-12.436811446999968],[130.76202583300005,-12.436845778999952],[130.76210594200006,-12.436872481999956],[130.76218223600006,-12.436889647999976],[130.76224708600012,-12.436925887999962],[130.7622928620001,-12.436962126999958],[130.76235771200004,-12.436998366999944],[130.76241111800005,-12.437025069999947],[130.76246833800008,-12.437061309999933],[130.76253318800002,-12.437105178999957],[130.7625980370001,-12.43713188199996],[130.762659073,-12.437168121999946],[130.76271629400003,-12.437204360999942],[130.76277351400006,-12.437231063999945],[130.76282691900008,-12.43726539599993],[130.76287269600004,-12.437318801999936],[130.76292991600008,-12.437311171999966],[130.76298332200008,-12.437292098999933],[130.76304817200003,-12.437255858999947],[130.7630939490001,-12.43721771199995],[130.7631397250001,-12.437191008999946],[130.76320457400004,-12.43715476999995],[130.76325798100004,-12.437145232999967],[130.76331520100007,-12.437135696999974],[130.76338768000005,-12.437135696999974],[130.76346015900003,-12.437135696999974],[130.76353645300003,-12.437126158999945],[130.76358985900004,-12.437126158999945],[130.7636547090001,-12.437124252999979],[130.76372718800008,-12.437124252999979],[130.76379203800002,-12.437124252999979],[130.76384544400003,-12.43713188199996],[130.76391029400008,-12.43713188199996],[130.76397514300004,-12.437141417999953],[130.7640399930001,-12.43714904799998],[130.76410484300004,-12.437158583999974],[130.76417732200002,-12.437192916999948],[130.76425361600002,-12.437219618999961],[130.7642993930001,-12.437255858999947],[130.76434516900008,-12.437292098999933],[130.7644023890001,-12.437337874999969],[130.764482498,-12.437391280999975],[130.76456642100004,-12.437435149999942],[130.7646312710001,-12.437480926999967],[130.76467704800007,-12.437505721999969],[130.764741898,-12.43756103499993],[130.76479911800004,-12.437597273999927],[130.764844895,-12.43764114299995],[130.76489830000003,-12.437686919999976],[130.76495552000006,-12.437740325999926],[130.76500129700003,-12.437786101999961],[130.76503944400008,-12.437829970999928],[130.76508522000006,-12.437873839999952],[130.76513862600007,-12.43792915299997],[130.765203476,-12.43799209599996],[130.76526069600004,-12.438045501999966],[130.76531410200005,-12.438098906999926],[130.76537132300007,-12.438154219999944],[130.76541709900005,-12.438217162999933],[130.76546669000004,-12.438261031999957],[130.765512467,-12.438333511999929],[130.76553916900002,-12.438379287999965],[130.76556587200002,-12.438442229999964],[130.76559639000004,-12.438505171999964],[130.76562309200006,-12.43855857899996],[130.76564216600002,-12.438611983999976],[130.76564979600005,-12.438684462999959],[130.7656612400001,-12.43875694299993],[130.7656612400001,-12.43881988499993],[130.7656612400001,-12.43888282699993],[130.7656612400001,-12.43896484399994],[130.76567268400004,-12.43902778699993],[130.76567268400004,-12.439090728999929],[130.76567268400004,-12.439153670999929],[130.7656841280001,-12.439216613999974],[130.7656841280001,-12.439281463999976],[130.7656841280001,-12.439344405999975],[130.765691757,-12.439407348999964],[130.765691757,-12.439460753999981],[130.76569557200003,-12.439525603999982],[130.76569557200003,-12.439605712999935],[130.76569557200003,-12.439668654999934],[130.76569557200003,-12.439741134999963],[130.76569557200003,-12.439796447999981],[130.76569557200003,-12.439859389999981],[130.76570701600008,-12.43991279599993],[130.76570701600008,-12.43997573799993],[130.76569557200003,-12.440057754999941],[130.76569938600005,-12.44013023399998],[130.76569938600005,-12.44018363899994],[130.76569938600005,-12.440265655999951],[130.76569938600005,-12.440328597999951],[130.76569938600005,-12.440410613999973],[130.76569938600005,-12.440465926999934],[130.76569938600005,-12.44051933299994],[130.7657108310001,-12.44058227499994],[130.7657108310001,-12.440635680999947],[130.7657108310001,-12.440700530999948],[130.7657108310001,-12.440763473999937],[130.7657108310001,-12.440816878999954],[130.76572227500003,-12.440889358999982],[130.76572227500003,-12.440944671999944],[130.76572227500003,-12.441007613999943],[130.76573371900008,-12.441070556999932],[130.7657413490001,-12.441143035999971],[130.76575279300005,-12.44120597899996],[130.765768051,-12.44126892099996],[130.76579856900003,-12.441341399999942],[130.76581764200012,-12.441394805999948],[130.76584434500012,-12.441457747999948],[130.765871048,-12.44153022699993],[130.76590156600003,-12.441583633999926],[130.76592826800004,-12.441638945999955],[130.76595878600006,-12.441701888999944],[130.76600456200003,-12.441755293999961],[130.76603126500004,-12.441808700999957],[130.7660694120001,-12.441871642999956],[130.76611518900006,-12.441944121999938],[130.766153335,-12.441980361999981],[130.7661991120001,-12.44204330399998],[130.76624488800007,-12.44209670999993],[130.76628303600012,-12.442142486999956],[130.76634788500007,-12.442214965999938],[130.76639366100005,-12.442277907999937],[130.7664318090001,-12.442331313999944],[130.76646614100002,-12.44237708999998],[130.76651573200002,-12.442447662999939],[130.76655006400006,-12.44251060399995],[130.76658058200007,-12.442565917999957],[130.76661491400012,-12.44260978699998],[130.76665306100006,-12.442665099999942],[130.7666912080001,-12.442708968999966],[130.76672554000004,-12.442754744999945],[130.7667636870001,-12.442808150999952],[130.76680183400003,-12.442853927999977],[130.7668399810001,-12.442907332999937],[130.76688575800006,-12.442970275999926],[130.76693153400004,-12.443042754999965],[130.7669696810001,-12.443105697999954],[130.7669963840001,-12.443178176999936],[130.7670230870001,-12.44322204599996],[130.767053604,-12.443277358999978],[130.76708030700001,-12.443321227999945],[130.76709175100007,-12.443374633999952],[130.76709175100007,-12.443447112999934],[130.7670726780001,-12.443502425999952],[130.76703453100004,-12.443565368999941],[130.76700019800012,-12.44363784799998],[130.76697349500012,-12.44370079099997],[130.7669467930001,-12.443765639999981],[130.7669200900001,-12.443838119999953],[130.76688194300004,-12.443901061999952],[130.76684761,-12.443964003999952],[130.7668170930001,-12.444028853999953],[130.76678276100006,-12.444091796999942],[130.7667636870001,-12.44414710999996],[130.76673698500008,-12.444200515999967],[130.76671791100011,-12.444263458999956],[130.7666912080001,-12.444345473999931],[130.76667213400003,-12.444398879999937],[130.76664543200002,-12.444463729999939],[130.76663017300007,-12.444526671999938],[130.7666110990001,-12.444589614999927],[130.76660347000006,-12.444644927999946],[130.7665843970001,-12.444707869999945],[130.7665843970001,-12.444770812999934],[130.7665843970001,-12.444826125999953],[130.7665843970001,-12.444906234999962],[130.7665843970001,-12.444978713999944],[130.7665843970001,-12.445041655999944],[130.7665882110001,-12.445114135999972],[130.76659584000004,-12.445177077999972],[130.76661491400012,-12.445259094999926],[130.76664543200002,-12.445322036999926],[130.76667976300007,-12.445392608999953],[130.76669883700004,-12.445457458999954],[130.76673698500008,-12.445529937999936],[130.7667636870001,-12.445583342999953],[130.76678276100006,-12.445636749999949],[130.766820907,-12.445709228999931],[130.76685905500005,-12.445791243999963],[130.7668933870001,-12.445854186999952],[130.766923904,-12.445924758999979],[130.76697731000002,-12.446023940999964],[130.76700782800003,-12.446079253999926],[130.76703453100004,-12.44612312399994],[130.7670726780001,-12.44618606499995],[130.7670993810001,-12.446249007999938],[130.7671260830001,-12.446294783999974],[130.767156601,-12.446357726999963],[130.767183304,-12.446413039999982],[130.76721382100004,-12.446456908999949],[130.76724052400004,-12.446519850999948],[130.7673053740001,-12.446611403999952],[130.76737785300008,-12.446636199999944],[130.76744270300003,-12.446662902999947],[130.76749992300006,-12.446681976999969],[130.76754570000003,-12.446718215999965],[130.76749992300006,-12.446754455999951],[130.76744270300003,-12.446744917999979],[130.767389298,-12.446744917999979],[130.7673320770001,-12.446727752999948],[130.76726722800004,-12.446701049999945],[130.76721382100004,-12.446683882999935],[130.76716804500006,-12.446657180999978],[130.76711082500003,-12.446628569999973],[130.7670497890001,-12.446620941999981],[130.76700019800012,-12.446647643999938],[130.76697349500012,-12.446702956999957],[130.7669467930001,-12.446758270999965],[130.76691246000007,-12.446811675999982],[130.76688575800006,-12.446866988999943],[130.76684761,-12.446929930999943],[130.766820907,-12.44698524499995],[130.76678276100006,-12.44704818699995],[130.76675605700007,-12.447101592999957],[130.76672935500005,-12.447156905999975],[130.7666912080001,-12.447229384999957],[130.7666645050001,-12.447292327999946],[130.76666831900002,-12.447355269999946],[130.76666831900002,-12.447418212999935],[130.76670265200005,-12.44746398899997],[130.76675987200008,-12.447437286999957],[130.76682472200002,-12.447408676999942],[130.7668704990001,-12.447372436999956],[130.76691627500009,-12.447343825999951],[130.7669696810001,-12.447299957999974],[130.76701545700007,-12.447273253999981],[130.76706123300005,-12.447244643999966],[130.76713371200003,-12.44721603399995],[130.7671794890001,-12.447179794999954],[130.76724433900006,-12.447153090999961],[130.76729011500004,-12.447116851999965],[130.76732826300008,-12.44708061199998],[130.7673816680001,-12.447052001999964],[130.767389298,-12.447107314999926],[130.7673549650001,-12.447160720999932],[130.76730918900012,-12.44721603399995],[130.76726341300002,-12.447252273999936],[130.76721000600003,-12.44727897599995],[130.7671527860001,-12.447317123999937],[130.76710701000002,-12.447360992999961],[130.767053604,-12.44740676899994],[130.76700782800003,-12.447435378999955],[130.76695060800012,-12.447462081999959],[130.76689720100012,-12.447488784999962],[130.76683235100006,-12.447536467999953],[130.7667675020001,-12.447570800999927],[130.76670646700006,-12.447616576999962],[130.76664924700003,-12.447664260999943],[130.76659584000004,-12.447727202999943],[130.76654243500002,-12.447790145999932],[130.7664852140001,-12.447853087999931],[130.76642036500004,-12.447917937999932],[130.76636695800005,-12.447990416999971],[130.7663021080001,-12.448108672999979],[130.76626777700005,-12.448154448999958],[130.76621055600003,-12.448207855999954],[130.7661495210001,-12.448270797999953],[130.766103745,-12.448316573999932],[130.76606559700008,-12.448352813999975],[130.76603126500004,-12.448398589999954],[130.7659931180001,-12.448444365999933],[130.76595878600006,-12.448499678999951],[130.76592063900011,-12.448545455999977],[130.7658672330001,-12.448598861999926],[130.76582145700002,-12.448654174999945],[130.76578331000007,-12.44869041499993],[130.76574516300002,-12.448736190999966],[130.765691757,-12.448808669999949],[130.7656650550001,-12.448862074999965],[130.765638351,-12.448907851999934],[130.76560020500006,-12.448970793999933],[130.7655811310001,-12.449026107999941],[130.76557350200005,-12.44909858699998],[130.76556587200002,-12.44916152999997],[130.76554679800006,-12.449234008999952],[130.76553916900002,-12.449316023999927],[130.76552009600005,-12.449405669999976],[130.765512467,-12.449478149999948],[130.7655048370001,-12.44956779499995],[130.76549339300004,-12.449623107999969],[130.76549720800006,-12.449686049999968],[130.76549720800006,-12.449748992999957],[130.76549720800006,-12.449831008999979],[130.76549720800006,-12.44990348899995],[130.76549720800006,-12.449956893999968],[130.76549720800006,-12.45002937299995],[130.76549720800006,-12.450111388999971],[130.7655086520001,-12.45017433199996],[130.76551628100003,-12.45023727399996],[130.76552772600007,-12.450290679999966],[130.765535354,-12.450363158999949],[130.76554679800006,-12.45043563799993],[130.7655544280001,-12.450498580999977],[130.76556587200002,-12.450607299999945],[130.76557731600008,-12.450662612999963],[130.7655849460001,-12.450752257999966],[130.76559639000004,-12.45083427399993],[130.76560402000007,-12.45091438299994],[130.76561546300002,-12.451005935999945],[130.76561546300002,-12.451068877999944],[130.76562309200006,-12.45112228399995],[130.76564216600002,-12.45118522699994],[130.7656612400001,-12.451276778999954],[130.76568031300008,-12.45139312699996],[130.76569938600005,-12.45145606999995],[130.76571846000002,-12.451528548999931],[130.76572990400007,-12.451620101999936],[130.7657375340001,-12.451673507999942],[130.76574897800003,-12.451726912999959],[130.76575660700007,-12.45179939299993],[130.765768051,-12.45186233499993],[130.76577949500006,-12.451917647999949],[130.765794754,-12.451980590999938],[130.76580619800006,-12.452033996999944],[130.76581764200012,-12.452096939999933],[130.76582527200003,-12.452159880999943],[130.7658367150001,-12.452224730999944],[130.76584434500012,-12.452297209999927],[130.76585578900006,-12.452360152999972],[130.7658634180001,-12.452423095999961],[130.765871048,-12.452486037999961],[130.76588249200006,-12.45254898099995],[130.76588249200006,-12.452630996999972],[130.7658939360001,-12.452703475999954],[130.76590156600003,-12.452783583999974],[130.7659130090001,-12.452875136999978],[130.76592063900011,-12.452938079999967],[130.76593208300005,-12.453008651999937],[130.7659435270001,-12.453083037999932],[130.7659435270001,-12.453145980999977],[130.7659435270001,-12.45323562599998],[130.7659435270001,-12.453334808999955],[130.76595497100004,-12.453443526999934],[130.76595497100004,-12.453523635999943],[130.76595497100004,-12.453605651999965],[130.76595497100004,-12.453660964999926],[130.76595497100004,-12.453714370999933],[130.76595497100004,-12.453805923999937],[130.76596641600008,-12.453922271999943],[130.76596641600008,-12.454011916999946],[130.76596641600008,-12.45412063599997],[130.76595878600006,-12.454175948999932],[130.76595878600006,-12.454257964999954],[130.7659397120001,-12.454338072999974],[130.76592445300003,-12.454429625999978],[130.7659168240001,-12.454492568999967],[130.765897751,-12.454572677999977],[130.765871048,-12.454673766999974],[130.76585197400004,-12.454753875999927],[130.76581764200012,-12.454854964999981],[130.76579856900003,-12.454927443999964],[130.76577186600002,-12.454990386999953],[130.76574516300002,-12.455043792999959],[130.76571464500012,-12.455099105999977],[130.76568031300008,-12.45517158499996],[130.76565361000007,-12.45523643499996],[130.7656078340001,-12.455270767999934],[130.76554298400004,-12.455253600999981],[130.76548576300002,-12.45523643499996],[130.7654323580001,-12.455190658999982],[130.76535606400012,-12.455110549999972],[130.76531028700003,-12.455064772999947],[130.76526451100005,-12.45502090399998],[130.76521110600004,-12.454984664999927],[130.76515388500002,-12.454984664999927],[130.76503562900007,-12.455257415999938],[130.76497459400002,-12.455411910999942],[130.76495552000006,-12.455474852999942],[130.76492881800004,-12.45553779599993],[130.76488304100008,-12.455593108999949],[130.7648372650001,-12.455648422999957],[130.76477241600003,-12.455701827999974],[130.76472663900006,-12.455747603999953],[130.76468086300008,-12.455774306999956],[130.7646083830001,-12.455812453999954],[130.76455116300008,-12.455839156999957],[130.76449775700007,-12.45586585999996],[130.764432907,-12.455884932999936],[130.76434135400007,-12.45591163599994],[130.7642230990001,-12.45597648599994],[130.76415824900005,-12.456022262999966],[130.76408577000007,-12.456077574999938],[130.76401329100008,-12.456140517999927],[130.76392173800002,-12.456205367999928],[130.7638645180001,-12.456241606999981],[130.7638111110001,-12.456277846999967],[130.76371955900004,-12.456333159999929],[130.76364707900007,-12.456396102999975],[130.763582229,-12.456451415999936],[130.76353645300003,-12.456497192999961],[130.7634983060001,-12.456541061999928],[130.763456345,-12.456586837999964],[130.76341056900003,-12.456661224999948],[130.7633724210001,-12.456731795999929],[130.7633457180001,-12.456787108999947],[130.76331901600008,-12.456842422999955],[130.76329994200012,-12.456895827999972],[130.76326561000008,-12.456958770999961],[130.76322746300002,-12.45701408399998],[130.76318168700004,-12.457040786999926],[130.76312828000005,-12.457059859999958],[130.7630634310001,-12.457105635999937],[130.76299858100003,-12.457151412999963],[130.7629604340001,-12.457197188999942],[130.762914657,-12.457241057999966],[130.7628612520001,-12.457305907999967],[130.76282310500005,-12.457387924999978],[130.76279640200005,-12.457441329999938],[130.7627811430001,-12.457513808999977],[130.7627544400001,-12.457605361999981],[130.76273536700012,-12.457695006999927],[130.76271629400003,-12.457757949999973],[130.76270866400012,-12.457847594999976],[130.76270103500008,-12.45793914799998],[130.76270103500008,-12.457994460999942],[130.76269340500005,-12.458065032999968],[130.76269340500005,-12.45812034599993],[130.762685776,-12.45819282499997],[130.762685776,-12.458272933999979],[130.76266670200005,-12.458354949999944],[130.76264762900007,-12.458454131999929],[130.76264,-12.45853614799995],[130.76262092600007,-12.458618163999972],[130.76261329600004,-12.458671569999979],[130.76260566700012,-12.45872688299994],[130.76259422300006,-12.45878982499994],[130.76259422300006,-12.458862304999968],[130.7625980370001,-12.45893478399995],[130.7625980370001,-12.458988189999957],[130.76261711100005,-12.459051132999946],[130.76262474100008,-12.459106444999975],[130.76260566700012,-12.459159850999981],[130.7625522610001,-12.459196090999967],[130.7624988560001,-12.459234237999965],[130.762453079,-12.45926856999995],[130.76240730300003,-12.459306716999947],[130.76236152600006,-12.459350585999971],[130.7623233800001,-12.459415435999972],[130.76229667600012,-12.459478377999972],[130.76225853000005,-12.459560393999936],[130.76222419700002,-12.459632872999975],[130.76217842100004,-12.45973205599995],[130.76213264500007,-12.459804534999932],[130.7621135710001,-12.459869384999934],[130.76209831200003,-12.45993995699996],[130.76207923900006,-12.460004806999962],[130.76207160900003,-12.460067748999961],[130.76204490700002,-12.460149764999926],[130.76203346300008,-12.460212707999972],[130.76201820400001,-12.460285186999954],[130.7620067590001,-12.460357665999936],[130.76199913000005,-12.460420607999936],[130.76199150000002,-12.460474014999932],[130.76199150000002,-12.460538863999943],[130.76197242800004,-12.460601806999932],[130.76195335400007,-12.460655212999939],[130.76194572500003,-12.46072006199995],[130.76191902100004,-12.46080017099996],[130.76189994900005,-12.460872649999942],[130.76187324500006,-12.460945128999981],[130.76186561600002,-12.46100807199997],[130.76184654200006,-12.461072921999971],[130.76181984000004,-12.461145400999953],[130.76179313700004,-12.461217879999936],[130.76177406300008,-12.461271285999942],[130.76174736100006,-12.461343764999981],[130.76172065700007,-12.46140670799997],[130.76168632500003,-12.461471557999971],[130.7616481780001,-12.46153449999997],[130.76162147500008,-12.46158027599995],[130.76158332800003,-12.461633681999956],[130.7615489960001,-12.461679458999981],[130.7615222940001,-12.461744308999926],[130.76148414600004,-12.461807250999982],[130.76146507200008,-12.461860656999932],[130.76143074100003,-12.461923598999931],[130.7613925930001,-12.46197891199995],[130.76136589100008,-12.462041854999939],[130.76133155800005,-12.462087630999974],[130.7612667080001,-12.462097167999957],[130.76122093200001,-12.46206092899996],[130.76122856100005,-12.461997985999972],[130.76125526400006,-12.461925506999933],[130.76127433800002,-12.461862563999944],[130.7612895970001,-12.461809157999937],[130.7613201140001,-12.461727142999962],[130.76135444700003,-12.461652755999978],[130.76138114900004,-12.461589812999932],[130.76140785200005,-12.461519240999962],[130.76143455500005,-12.46145439199995],[130.7614727020001,-12.461400984999955],[130.76149177600007,-12.461345672999926],[130.76151847900007,-12.461263655999971],[130.7615451810001,-12.461154937999936],[130.76155281100012,-12.46110153199993],[130.76157951400012,-12.461029052999947],[130.7615985870001,-12.460966109999958],[130.76160621600002,-12.46091079699994],[130.76161766000007,-12.460857390999934],[130.7616252900001,-12.460802077999972],[130.76163291900002,-12.460748671999966],[130.76164436300007,-12.460683822999954],[130.76164054900005,-12.460630416999948],[130.7616519930001,-12.460577010999941],[130.76161384500006,-12.460494994999976],[130.76158714300004,-12.460577010999941],[130.76156806900008,-12.46063232399996],[130.76153373700004,-12.460685729999966],[130.76150322,-12.460741042999928],[130.76144981400012,-12.460794448999934],[130.76138496400006,-12.460849761999953],[130.76133155800005,-12.460893630999976],[130.76125907900007,-12.460895538999978],[130.76120185900004,-12.460878371999968],[130.76115608200007,-12.46082305899995],[130.76112938000006,-12.46076011699995],[130.76111793500002,-12.46069717399996],[130.76111793500002,-12.460634231999961],[130.76107978800007,-12.460590362999937],[130.76102638200007,-12.460624694999979],[130.7609806060001,-12.46067237799997],[130.76094245900003,-12.460735320999959],[130.76088905300003,-12.460834502999944],[130.76086235000002,-12.46088790899995],[130.760835648,-12.460943221999969],[130.76079750000008,-12.460996627999975],[130.76076316900003,-12.461051940999937],[130.7607250210001,-12.461107253999955],[130.76067924500012,-12.461170196999944],[130.76063346800004,-12.461223601999961],[130.76055336000002,-12.461235045999956],[130.7604694370001,-12.461242675999927],[130.7603893280001,-12.461254119999978],[130.7604427340001,-12.461360930999945],[130.76045036300002,-12.461433410999973],[130.76043510400007,-12.461488722999945],[130.76037788400004,-12.461561202999974],[130.76033210700007,-12.46159744199997],[130.76025199900005,-12.461643218999939],[130.76017951900008,-12.461662291999971],[130.76011467,-12.461681365999937],[130.76004982000006,-12.46170806899994],[130.75999260000003,-12.461763381999958],[130.75991249100002,-12.461826323999958],[130.75986671400005,-12.461879730999954],[130.75980949400002,-12.461927413999945],[130.7597751620001,-12.461971282999968],[130.7597026830001,-12.46204376199995],[130.75965690600003,-12.462089538999976],[130.7596187590001,-12.462125777999972],[130.759572982,-12.462162017999958],[130.75950050300003,-12.462217330999977],[130.7594165800001,-12.462253570999962],[130.7593631740001,-12.462299346999941],[130.7593364720001,-12.46235465999996],[130.75932884300005,-12.462427138999942],[130.759317398,-12.462497710999969],[130.759317398,-12.46255302399993],[130.75930213900006,-12.462615966999977],[130.75926399200011,-12.462680816999978],[130.75922966000007,-12.462724685999945],[130.75916481000002,-12.462762831999953],[130.7591075900001,-12.462762831999953],[130.7590274810001,-12.46275329599996],[130.75897026000007,-12.462953567999932],[130.75896263100003,-12.463026046999971],[130.75893592900002,-12.46310615599998],[130.75891685500005,-12.463171004999936],[130.7589015960001,-12.463241577999952],[130.75889015200005,-12.463323592999927],[130.7588748940001,-12.463388442999928],[130.75885582,-12.463451385999974],[130.75883674600004,-12.463577269999973],[130.75882911700012,-12.463642119999975],[130.75881385800005,-12.463712691999945],[130.75879478500008,-12.463794707999966],[130.7587757110001,-12.463857650999955],[130.75875663700003,-12.463930129999937],[130.7587490080001,-12.464002608999976],[130.75874137800008,-12.464057922999928],[130.7587223060001,-12.464111327999944],[130.75871467600007,-12.464166640999963],[130.7586956020001,-12.46422004699997],[130.75868415800005,-12.464302062999934],[130.75876045200005,-12.46435546899994],[130.75876045200005,-12.46442794799998],[130.75876045200005,-12.464483260999941],[130.75876045200005,-12.46454620299994],[130.758752823,-12.46460914599993],[130.758752823,-12.464672088999976],[130.7587451930001,-12.464727400999948],[130.75870704700003,-12.46481704699994],[130.75868034300004,-12.464889526999968],[130.75866508400009,-12.464942931999929],[130.75865364100002,-12.464998244999947],[130.75863838200007,-12.465080260999969],[130.75862693800002,-12.46516990699996],[130.7586193080001,-12.465225218999933],[130.7586193080001,-12.465288161999979],[130.758649826,-12.465351104999968],[130.75870323200002,-12.465332030999946],[130.75876808200007,-12.465276717999927],[130.75880241400012,-12.465213774999938],[130.7588481900001,-12.465131759999963],[130.75891304000004,-12.46504211499996],[130.75894737300007,-12.464960097999949],[130.75898551900002,-12.464878081999927],[130.759012223,-12.464822768999966],[130.75903892500003,-12.464769363999949],[130.75907707200008,-12.46472358699998],[130.7591304780001,-12.464677810999945],[130.75918769800012,-12.46472358699998],[130.75922584500006,-12.464822768999966],[130.759241104,-12.464895247999948],[130.75929069500012,-12.464965820999964],[130.759344101,-12.465028761999974],[130.75940132200003,-12.465110778999929],[130.759420395,-12.465164183999946],[130.759420395,-12.465219497999954],[130.75939369200012,-12.465309142999956],[130.7593631740001,-12.465364455999975],[130.7593364720001,-12.465417861999981],[130.75930976900008,-12.46548080399998],[130.75928306600008,-12.465555190999964],[130.75925636300008,-12.465625762999935],[130.75921821600002,-12.465673446999972],[130.7591838840001,-12.465736389999961],[130.7591571810001,-12.465818404999936],[130.75912284800006,-12.465908049999939],[130.75906562800003,-12.465997695999931],[130.7590007780001,-12.46604537899998],[130.75890922500002,-12.466062545999932],[130.7588253020001,-12.466064452999944],[130.7587451930001,-12.466064452999944],[130.75868034300004,-12.46611022999997],[130.75860786400006,-12.466136931999927],[130.75853538500007,-12.466129302999946],[130.75847053500001,-12.466129302999946],[130.75837516800004,-12.466119765999963],[130.75827598600006,-12.466121672999975],[130.75819206300002,-12.466138839999928],[130.75812721300008,-12.466176985999937],[130.7580547330001,-12.46620368999993],[130.75796318100004,-12.46620368999993],[130.75789070200005,-12.466178893999938],[130.75783348000004,-12.466152190999935],[130.75778007500003,-12.466169356999956],[130.75773429900005,-12.466197966999971],[130.75768852200008,-12.466241835999938],[130.7576427460001,-12.466297149999946],[130.75758934100008,-12.466342925999982],[130.75753211900007,-12.466352462999964],[130.75744819600004,-12.466352462999964],[130.75735664400008,-12.466335296999944],[130.75727653500007,-12.466318129999934],[130.75721168600012,-12.466272353999955],[130.7571544640001,-12.466209410999966],[130.75710868800002,-12.466129302999946],[130.7570514680001,-12.466066360999946],[130.75701332100004,-12.466020583999978],[130.75695228600011,-12.466020583999978],[130.75689506600008,-12.46603012099996],[130.75684166000008,-12.466049193999936],[130.7567958830001,-12.466094970999961],[130.75675773700004,-12.46615028399998],[130.75673103300005,-12.46620368999993],[130.75671196000008,-12.466259002999948],[130.7567157740001,-12.466329573999928],[130.75670433000005,-12.466384887999936],[130.75668525700007,-12.466457366999975],[130.75665855400007,-12.466510771999936],[130.756669998,-12.466566085999943],[130.75667762800003,-12.466646193999964],[130.75667762800003,-12.466701507999971],[130.75668144300005,-12.466773986999954],[130.75668144300005,-12.466854095999963],[130.75668144300005,-12.466909408999982],[130.75668144300005,-12.466972350999981],[130.75666236900008,-12.467054366999946],[130.75667381300002,-12.467136382999968],[130.75668144300005,-12.467189787999928],[130.75668144300005,-12.46729659999994],[130.75668525700007,-12.467351913999948],[130.75668525700007,-12.467460632999973],[130.75668525700007,-12.467514037999933],[130.756696701,-12.467596053999955],[130.75673103300005,-12.467668532999937],[130.75678825400007,-12.467702865999968],[130.75685310300003,-12.467794418999972],[130.75687980700002,-12.467838287999939],[130.75691795400007,-12.467891692999956],[130.75695228600011,-12.467927932999942],[130.7570285800001,-12.46799087599993],[130.75712013300006,-12.46804618799996],[130.75719642700005,-12.46811675999993],[130.757261276,-12.468160628999954],[130.7573604590001,-12.468170165999936],[130.7574634550001,-12.468177794999974],[130.75752449000004,-12.468177794999974],[130.7576198580001,-12.468177794999974],[130.7577190400001,-12.468149184999959],[130.75780296300002,-12.468112944999973],[130.75788307200003,-12.468050002999973],[130.75792884800012,-12.468004226999938],[130.75796699600005,-12.467958450999959],[130.7580013270001,-12.467912673999933],[130.75803947500003,-12.467859267999927],[130.75806617700005,-12.467803954999965],[130.758085251,-12.467731475999926],[130.758085251,-12.467658995999955],[130.7580814360001,-12.467550277999976],[130.75809288000005,-12.46748733499993],[130.75809288000005,-12.46743392899998],[130.75810051000008,-12.467378615999962],[130.75812721300008,-12.467325210999945],[130.7581539150001,-12.467262267999956],[130.758211135,-12.467206954999938],[130.75827217100004,-12.467142104999937],[130.7583370210001,-12.467079162999937],[130.75837516800004,-12.46702384899993],[130.7583904270001,-12.46695327699996],[130.75840187100005,-12.466878890999965],[130.7584362030001,-12.466815947999976],[130.758520126,-12.466815947999976],[130.75860404900004,-12.466859816999943],[130.75863838200007,-12.46691513099995],[130.75864219700009,-12.467014312999936],[130.758623123,-12.467096328999958],[130.75861549400008,-12.467159271999947],[130.75858879100008,-12.467231750999929],[130.7585697180001,-12.467304229999968],[130.75855827400005,-12.467367171999967],[130.75855064400002,-12.467449187999932],[130.75856208800008,-12.467548370999964],[130.75858879100008,-12.46765518199993],[130.75860023500002,-12.467710494999949],[130.75862693800002,-12.467782973999931],[130.75868415800005,-12.46786308299994],[130.7587490080001,-12.46793556199998],[130.75878334100003,-12.467971801999965],[130.7588214870001,-12.46800613399995],[130.75886726400006,-12.468042373999936],[130.75896263100003,-12.468114852999975],[130.7590084080001,-12.468158721999941],[130.7590541840001,-12.468204497999977],[130.75909233100003,-12.468257903999927],[130.75916481000002,-12.468330382999966],[130.75921821600002,-12.468402861999948],[130.75924873400004,-12.46847534099993],[130.75925636300008,-12.46855544999994],[130.75918769800012,-12.468610763999948],[130.75905799800012,-12.46889114399994],[130.75907707200008,-12.46895408599994],[130.75909614600005,-12.469009398999958],[130.75911521900002,-12.469062805999954],[130.7591342920001,-12.469116210999971],[130.75915336600008,-12.46917915299997],[130.7591609960001,-12.469251632999942],[130.75918006900008,-12.469306944999971],[130.75919914200006,-12.46936988799996],[130.75922584500006,-12.469423293999967],[130.75925636300008,-12.469469070999935],[130.75928306600008,-12.469522475999952],[130.75930976900008,-12.469575881999958],[130.75934791500003,-12.46964836099994],[130.75938606300008,-12.46971130399993],[130.75942420900003,-12.469774246999975],[130.75945854200006,-12.469820022999954],[130.7594890590001,-12.469873427999971],[130.75952339200012,-12.469926834999967],[130.7595424650001,-12.46999931399995],[130.75956153900006,-12.470064162999961],[130.75956153900006,-12.47012710499996],[130.759572982,-12.47019004799995],[130.759572982,-12.470243453999956],[130.759572982,-12.470315932999938],[130.75958442700005,-12.470378875999927],[130.759572982,-12.470434188999945],[130.7595462800001,-12.470487593999962],[130.75952720600003,-12.470552443999964],[130.75948524500006,-12.470651626999938],[130.7594394680001,-12.470705031999955],[130.75940132200003,-12.47075080899998],[130.7593364720001,-12.47079658499996],[130.75927543600005,-12.470832824999945],[130.75921821600002,-12.47086143499996],[130.75916481000002,-12.470897673999957],[130.7590007780001,-12.47111511199995],[130.7587718960001,-12.471261977999973],[130.7584400170001,-12.47136306799996],[130.7581577300001,-12.471446990999937],[130.75789070200005,-12.47167396499998],[130.757852554,-12.471729277999941],[130.75780677800003,-12.471773146999965],[130.7577724450001,-12.471828460999973],[130.75772667,-12.471891403999962],[130.75768089300004,-12.471963882999944],[130.7576427460001,-12.472038268999938],[130.75760841300007,-12.472118377999948],[130.75758171100006,-12.472209930999952],[130.7575626370001,-12.472263335999969],[130.75755500800005,-12.472326278999958],[130.75755500800005,-12.472381591999977],[130.75754737800003,-12.47247123699998],[130.75755500800005,-12.472524642999929],[130.75754737800003,-12.47260665899995],[130.75754737800003,-12.47266960099995],[130.75754737800003,-12.472724913999969],[130.75754737800003,-12.47279739399994],[130.75754737800003,-12.47286987299998],[130.75755882300007,-12.47292327799994],[130.75755119300004,-12.47300529499995],[130.75758552600007,-12.473049163999974],[130.7576160430001,-12.473094939999953],[130.7576427460001,-12.47314834599996],[130.75766182000007,-12.473203658999978],[130.7576694490001,-12.473266601999967],[130.75768089300004,-12.473320006999927],[130.75768852200008,-12.473375319999946],[130.75769996600002,-12.473438262999935],[130.75769996600002,-12.47349166899994],[130.75769996600002,-12.47354698199996],[130.75769996600002,-12.473609923999959],[130.7576923370001,-12.473682402999941],[130.75766563500008,-12.47374534599993],[130.7576389310001,-12.473808288999976],[130.7576198580001,-12.473863601999938],[130.75758552600007,-12.473917007999944],[130.75754737800003,-12.47396278399998],[130.757520676,-12.474018096999941],[130.757493973,-12.474088668999968],[130.75747489900004,-12.47415351899997],[130.75747489900004,-12.47420692399993],[130.75747489900004,-12.474279403999958],[130.75746727,-12.47435188299994],[130.75746727,-12.474407195999959],[130.75747871400006,-12.474470137999958],[130.75747871400006,-12.474533080999947],[130.7574863430001,-12.47460555999993],[130.75749778800002,-12.474668502999975],[130.75750541700006,-12.474721907999935],[130.75752449000004,-12.474777221999943],[130.75755119300004,-12.47484779299998],[130.75757026700012,-12.474903105999942],[130.75758934100008,-12.474985122999954],[130.75760841300007,-12.47503852799997],[130.75760841300007,-12.47510147099996],[130.75760078400003,-12.475154876999966],[130.75757408200002,-12.475210189999927],[130.757520676,-12.47524642999997],[130.7574634550001,-12.475265502999946],[130.75739860500005,-12.475265502999946],[130.7573337550001,-12.475267409999958],[130.75731086700011,-12.475311278999982],[130.75722312900007,-12.475366592999933],[130.75715065000009,-12.475383758999953],[130.75708961500004,-12.475421904999962],[130.75703239400002,-12.475458144999948],[130.75697898900012,-12.475484847999951],[130.7569217680001,-12.47553062399993],[130.7568683620001,-12.475566863999973],[130.75681114200006,-12.475603103999958],[130.75675010700002,-12.47566795399996],[130.75668525700007,-12.475723265999932],[130.756620407,-12.475767134999955],[130.75657463100003,-12.475822448999963],[130.75652885500006,-12.47585868799996],[130.7564830780001,-12.475904464999928],[130.75644874600005,-12.475957870999935],[130.7564105990001,-12.475996016999943],[130.7563571930001,-12.47606658999996],[130.75631904600004,-12.476121902999978],[130.75627327000007,-12.47617721499995],[130.75617078000005,-12.476488389999929],[130.75588801000004,-12.477020559999971],[130.7557733000001,-12.477294019999931],[130.75569058000008,-12.477576219999946],[130.75564423000003,-12.477838479999946],[130.7556216600001,-12.477970329999948],[130.75559293000003,-12.47810112999997],[130.75548203000005,-12.47847588999997],[130.75543344000005,-12.478663409999967],[130.75540482000008,-12.478852609999933],[130.75542812000003,-12.479349069999955],[130.7554660500001,-12.479598309999972],[130.75550350000003,-12.479846279999947],[130.75559189000012,-12.480431169999974],[130.75563719000002,-12.480724469999927],[130.7556769900001,-12.481020239999964],[130.75573969000004,-12.48188732999995],[130.7557237300001,-12.482317249999937],[130.75566098000002,-12.482737799999938],[130.75555577000011,-12.483083239999928],[130.7554754800001,-12.483249179999973],[130.75537113000007,-12.483408579999946],[130.75520055000004,-12.483580619999941],[130.7550984400001,-12.483635339999978],[130.75498644000004,-12.483655149999947],[130.75484759000005,-12.483622149999974],[130.75478854000005,-12.483583129999943],[130.75474642000006,-12.48353015999993],[130.75472391000005,-12.483452029999967],[130.75472244000002,-12.483412079999937],[130.7547269900001,-12.483376619999945],[130.75485512000012,-12.483251949999953],[130.75494890000004,-12.483190589999936],[130.75502871000003,-12.483103479999954],[130.75510969000004,-12.482902729999978],[130.75510883000004,-12.482815149999965],[130.7550631900001,-12.482759769999973],[130.75498403000006,-12.482738679999954],[130.75494476000006,-12.482726639999953],[130.75491565000004,-12.482706489999941],[130.7548973900001,-12.48259],[130.75491791000002,-12.48252225999994],[130.75495080000007,-12.48246219999993],[130.7550366700001,-12.482372699999928],[130.7550730700001,-12.482328439999947],[130.7550875600001,-12.482280529999969],[130.75494576000006,-12.482055919999937],[130.75486861000002,-12.48195039999996],[130.75487319,-12.48186611999995],[130.7549422300001,-12.48181803999995],[130.7549826300001,-12.481793639999978],[130.75501970000005,-12.481765739999958],[130.75512104000006,-12.481638799999928],[130.75515487000007,-12.48156653999996],[130.7551742500001,-12.481493559999933],[130.7551605000001,-12.48130987999997],[130.75514513000007,-12.481213169999933],[130.75514409000004,-12.481114099999957],[130.75516933000006,-12.48094237999993],[130.75517091000006,-12.48086146999998],[130.75515110000003,-12.480788649999965],[130.75506040000005,-12.480680319999976],[130.75500560000012,-12.480628519999982],[130.75495647000002,-12.480572969999969],[130.7548763200001,-12.480446679999943],[130.75484368000002,-12.480379909999954],[130.75481672,-12.480311749999942],[130.7547733,-12.480010119999974],[130.75477776000002,-12.479853169999956],[130.75478499000008,-12.479697289999933],[130.75480431000005,-12.479398139999944],[130.75481150000007,-12.479249039999956],[130.75480856000001,-12.479100549999941],[130.75477501000012,-12.478872069999966],[130.75474197000005,-12.478759749999938],[130.75469514000008,-12.478649319999931],[130.75460834000012,-12.478491249999934],[130.75457562000008,-12.478412729999945],[130.75456423000003,-12.478333799999973],[130.75464478000004,-12.478110639999954],[130.75470438000002,-12.477999619999935],[130.75474521,-12.477889709999943],[130.7547701300001,-12.477724039999941],[130.7547841500001,-12.477634729999977],[130.7548072300001,-12.477536769999972],[130.75484439000002,-12.47740030999995],[130.75484906000008,-12.477342609999937],[130.75483324000004,-12.47730157999996],[130.75471404000007,-12.47727668999994],[130.7546339700001,-12.477284529999963],[130.75455723000005,-12.477294339999958],[130.75429367000004,-12.47737387999996],[130.7541821200001,-12.477447729999938],[130.75409895000007,-12.477541379999934],[130.75403468000002,-12.47777771999995],[130.75404062000007,-12.477907759999937],[130.7540654500001,-12.47802970999993],[130.7541776500001,-12.478258399999959],[130.7542418800001,-12.478371789999926],[130.7542893100001,-12.478489259999947],[130.75433008000005,-12.478859869999951],[130.75432593000005,-12.479050349999966],[130.75432196000008,-12.47923929999996],[130.75430284000004,-12.479842609999935],[130.75429237000003,-12.480145579999942],[130.7542933200001,-12.48045073999998],[130.75431663000006,-12.481097699999964],[130.75430259000007,-12.481416069999966],[130.75424672000008,-12.48172556999998],[130.75400824000008,-12.482278959999974],[130.7538443200001,-12.482539],[130.75366514000007,-12.482786939999926],[130.7531886700001,-12.483284749999939],[130.75291339000012,-12.483495889999972],[130.7526224600001,-12.483679559999928],[130.7521525300001,-12.483891239999934],[130.75190357000008,-12.48396841999994],[130.75164972000005,-12.484029369999973],[130.75119242000005,-12.484081149999952],[130.75096330000008,-12.484071609999944],[130.75073906000011,-12.484035279999944],[130.75052992000008,-12.483973459999959],[130.75042665,-12.483937429999969],[130.75032421000003,-12.483902389999969],[130.7500822300001,-12.48382657999997],[130.74995737000006,-12.483794579999937],[130.7498265800001,-12.48377002999996],[130.74945258000002,-12.483761519999973],[130.74928046000002,-12.483802319999938],[130.74913741000012,-12.483882969999968],[130.7489952200001,-12.484065399999963],[130.7489376300001,-12.484174069999938],[130.74888252000005,-12.484282349999944],[130.74873294000008,-12.484597249999979],[130.74865265000005,-12.484749989999955],[130.74855544000002,-12.484890099999973],[130.74814546000005,-12.485223499999961],[130.74790140000005,-12.48534430999996],[130.74764841,-12.485438329999965],[130.74719884,-12.485546369999952],[130.74697885000012,-12.48560890999994],[130.74677629000007,-12.485706119999975],[130.74668784000005,-12.485767889999977],[130.74664483000004,-12.485800619999964],[130.74660237000012,-12.485833799999966],[130.74616318000005,-12.486268809999956],[130.74596859000007,-12.48651222999996],[130.74578067000004,-12.486761119999926],[130.74551183000005,-12.48718101999998],[130.74541734000002,-12.487411049999935],[130.74536353000008,-12.487658709999948],[130.74534626000002,-12.488060429999962],[130.74531779000006,-12.488245649999953],[130.74523971000008,-12.488400729999967],[130.74500774000012,-12.488569179999956],[130.74486435000006,-12.488628329999926],[130.74471720000008,-12.488675289999946],[130.74441057,-12.488741269999935],[130.7442652300001,-12.488782709999953],[130.7441388300001,-12.48885077999995],[130.74396861000002,-12.489038809999954],[130.7438944700001,-12.48914911999998],[130.74381959000004,-12.489259609999976],[130.74341960000004,-12.489821719999952],[130.7431842100001,-12.490057089999937],[130.7428968700001,-12.490214699999967],[130.74261705000004,-12.490286559999959],[130.74248265000006,-12.490328019999936],[130.7423644800001,-12.490389879999952],[130.74209472000007,-12.490755729999933],[130.74200602000008,-12.490985269999953],[130.74192844000004,-12.491215269999941],[130.74182542000005,-12.491724939999926],[130.74183332000007,-12.491984139999943],[130.74188929000002,-12.492236959999957],[130.74204773000008,-12.492598679999958],[130.74211075000005,-12.492778159999943],[130.74212410000007,-12.492958589999944],[130.74208763000001,-12.493116649999934],[130.74206129000004,-12.49319590999994],[130.74203423000006,-12.493275539999956],[130.74185767000006,-12.49376714999994],[130.74180035000006,-12.494012209999937],[130.7417940800001,-12.494244469999956],[130.73235638000006,-12.494243849999975],[130.73175079700002,-12.494244563999928],[130.731759,-12.494227],[130.73185100000012,-12.49403],[130.732012,-12.49346],[130.732146,-12.492853],[130.732162,-12.492419],[130.732203,-12.476119],[130.737093,-12.46744],[130.74027300000012,-12.464642],[130.74178799900005,-12.447536997999975],[130.72580300200002,-12.445732998999972],[130.71473999800003,-12.444482002999962],[130.709,-12.443447636999963],[130.709,-12.416784377999932],[130.70922279400008,-12.416864394999948],[130.70947837800009,-12.416980743999943],[130.7097377780001,-12.41711425799997],[130.709951401,-12.417293548999965],[130.71008873000005,-12.417535781999959],[130.7101001740001,-12.417818068999964],[130.71008491500004,-12.418106078999926],[130.71011161800004,-12.418376921999936],[130.7102527620001,-12.41862869299996],[130.7104091640001,-12.41889953599997],[130.71057701100005,-12.41911506599996],[130.7106914520001,-12.41938590999996],[130.7106914520001,-12.419675826999935],[130.71065712000006,-12.419946669999945],[130.71059227,-12.420209884999963],[130.710542679,-12.420480727999973],[130.7102832800001,-12.420600890999935],[130.7096118930001,-12.42060470599995],[130.7094554900001,-12.42074966399997],[130.7094593050001,-12.421049117999928],[130.70934104900005,-12.421312331999957],[130.70916175900004,-12.421464919999949],[130.70929959900002,-12.421481847999928]]]}},{"type":"Feature","properties":{"CUSTODIAN":"Bushfires NT, Department of Environment and Natural Resources","BND_TYPE":"Volunteer Bushfire Brigade Area","SHORT_NAME":"Douglas Daly","GAZ_NAME":"Douglas/Daly Volunteer Bushfire Brigade","GAZ_NO":"G2","GAZ_DATE":"1985-01-16T00:00:00","NOTES":"(page 5) 50km radius from intersection Oolloo Rd, Hot Springs Rd.  (Revoked: G39. 3/10/1984 - was 30km radius)","SHAPE_Leng":2.95657860469,"SHAPE_Area":0.669014102727,"AREA_KM2":8005.69},"geometry":{"type":"Polygon","coordinates":[[[131.8387130530001,-13.808274980999954],[131.83825760000002,-13.808451089999949],[131.83708154500005,-13.808451353999942],[131.8361174900001,-13.808451569999932],[131.83590745000004,-13.808451609999963],[131.83526638,-13.80845174999996],[131.8350564000001,-13.808451789999935],[131.82511036000005,-13.808453739999948],[131.82489964,-13.808453449999945],[131.82471821000001,-13.80845346999996],[131.82414568000002,-13.808453489999977],[131.81706041000007,-13.808453679999957],[131.81576472000006,-13.808454909999966],[131.80803688000003,-13.808455379999941],[131.80803603000004,-13.818642189999935],[131.80803478000007,-13.824859239999967],[131.80803448000006,-13.837543499999981],[131.81694519000007,-13.837545159999934],[131.82601670000008,-13.837547879999931],[131.832683405,-13.837549022999951],[131.82394000800002,-13.868976895999936],[131.81111601700002,-13.903902516999949],[131.79552326600003,-13.937682980999966],[131.77726288000008,-13.970099210999933],[131.75645328300004,-14.000940974999935],[131.7332294350001,-14.03000825099997],[131.70774195,-14.057112527999948],[131.68015612600004,-14.08207802399994],[131.6506508660001,-14.104742826999939],[131.61941752300004,-14.124959948999958],[131.58665865800003,-14.14259827199993],[131.55258672500008,-14.157543406999935],[131.51742269200008,-14.169698426999958],[131.481394614,-14.17898450399997],[131.4447361440001,-14.185341412999946],[131.40768502800006,-14.188727926999945],[131.37048155600007,-14.189122082999972],[131.3333670070001,-14.186521325999934],[131.2965820830001,-14.180942520999963],[131.26036534800005,-14.172421849999978],[131.2249516820001,-14.161014572999932],[131.19057075700005,-14.146794669999963],[131.1574455450001,-14.129854362999936],[131.1257908760001,-14.110303514999941],[131.09581204300002,-14.08826892299993],[131.06770347000008,-14.063893487999962],[131.0416474530001,-14.037335293999945],[131.0178129730001,-14.008766582999954],[130.99635460800005,-13.978372631999946],[130.97741152300011,-13.94635055799995],[130.96110657000008,-13.912908036999966],[130.9475454950001,-13.87826195599996],[130.93681624500005,-13.84263700899993],[130.93358189900005,-13.82760832699995],[130.92898840400005,-13.806264235999947],[130.92411273800008,-13.76937952999998],[130.92222086900006,-13.732222100999934],[130.92332506500009,-13.695032929999968],[130.92515920000005,-13.678462164999928],[130.92741816500006,-13.658053202999952],[130.934473625,-13.621522746999972],[130.9444456860001,-13.58567847699993],[130.9572696770001,-13.550752856999964],[130.9728624280001,-13.516972391999957],[130.99112281400005,-13.484556161999933],[131.0119324110001,-13.453714397999931],[131.03515625900002,-13.424647121999953],[131.06064374400012,-13.397542844999975],[131.0882295680001,-13.372577349999972],[131.11773482800004,-13.349912545999928],[131.1489681710001,-13.329695424999954],[131.1817270360001,-13.312057100999937],[131.21579896900005,-13.297111966999978],[131.25096300100006,-13.284956945999966],[131.28699108,-13.275670868999953],[131.32364955000003,-13.269313960999966],[131.36070066600007,-13.265927446999967],[131.39790413800006,-13.26553328999995],[131.43501868700002,-13.268134047999979],[131.47180361100004,-13.27371285199996],[131.50802034600008,-13.282233522999945],[131.54343401100004,-13.293640799999935],[131.57781493700008,-13.30786070299996],[131.61094014900004,-13.324801010999977],[131.64259481800002,-13.344351857999982],[131.6725736510001,-13.366386450999926],[131.70068222400005,-13.39076188599995],[131.72673824100002,-13.417320078999978],[131.75057272000004,-13.445888790999959],[131.77203108600008,-13.476282740999977],[131.79097417100002,-13.508304814999974],[131.80727912400005,-13.541747335999958],[131.82084019900003,-13.576393416999963],[131.83156944900009,-13.612018364999926],[131.83939729000008,-13.648391136999976],[131.84427295600005,-13.685275843999932],[131.84616482500007,-13.722433272999979],[131.84506062900005,-13.759622443999945],[131.84096752900007,-13.796602170999961],[131.8387130530001,-13.808274980999954]]]}}],"metadata":{"title":"Northern Territory Volunteer Bushfire Brigade Areas","source":"Bushfires NT \u2014 NTG Open Data Portal","source_url":"https://data.nt.gov.au/dataset/bushfire-nt-administration-boundaries","licence":"CC BY 4.0","attribution":"Northern Territory Police, Fire and Emergency Services","vintage":"June 2021","notes":"Reprojected from GDA1994 (EPSG:4283) to WGS84. 20 rural volunteer brigade areas. Field GAZ_NAME contains gazetted name."}}