{
  "type": "FeatureCollection",
  "name": "Ambulance_Stations_QUEENSLAND",
  "crs": {
    "type": "name",
    "properties": {
      "name": "urn:ogc:def:crs:OGC:1.3:CRS84"
    }
  },
  "metadata": {"source": "Digital Atlas of Australia — Ambulance Stations", "source_url": "https://digital.atlas.gov.au/datasets/ambulance-stations", "licence": "Creative Commons Attribution 4.0 International (CC BY 4.0)", "licence_url": "https://creativecommons.org/licenses/by/4.0/", "description": "Ambulance station point locations, Queensland (split from national dataset)."}, "features": [
    {
      "type": "Feature",
      "properties": {
        "objectid": 693,
        "featuretype": "EMERGENCY FACILITY",
        "descripton": "An emergency management facility from which a particular agency\u2019s resources are commanded, coordinated and assigned to an incident or emergency",
        "class": "AMBULANCE STATION",
        "facility_name": "TORRES STRAIT HELICOPTER",
        "facility_operationalstatus": "OPERATIONAL",
        "facility_address": null,
        "abs_suburb": null,
        "facility_state": "QUEENSLAND",
        "abs_postcode": null,
        "facility_attribute_source": "HTTP://DATA.QLD.GOV.AU",
        "facility_attribute_date": null,
        "facility_source": "HTTP://DATA.QLD.GOV.AU",
        "facility_date": null,
        "facility_spatial_confidence": null,
        "facility_revised": "2018-07-04T00:00:00Z",
        "comment_": null,
        "facility_lat": "-10.588963999999976",
        "facility_long": "142.2096650000001",
        "validated": null,
        "gnaf_building_name": null,
        "gnaf_address_detail_pid": "GAQLD719264757",
        "gnaf_formatted_address": "LOT 1 AUBREY PARADE",
        "gnaf_confidence": "0",
        "gnaf_postcode": "4875",
        "gnaf_suburb": "THURSDAY ISLAND",
        "distance_to_gnaf": 163,
        "gnaf_lat": "-10.588123889999963",
        "gnaf_long": "142.21088897000004"
      },
      "geometry": {
        "type": "Point",
        "coordinates": [
          142.20967329661198,
          -10.588950456770544
        ]
      }
    },
    {
      "type": "Feature",
      "properties": {
        "objectid": 694,
        "featuretype": "EMERGENCY FACILITY",
        "descripton": "An emergency management facility from which a particular agency\u2019s resources are commanded, coordinated and assigned to an incident or emergency",
        "class": "AMBULANCE STATION",
        "facility_name": "SUNNYBANK HILLS",
        "facility_operationalstatus": "OPERATIONAL",
        "facility_address": null,
        "abs_suburb": "ACACIA RIDGE",
        "facility_state": "QUEENSLAND",
        "abs_postcode": "4110",
        "facility_attribute_source": "HTTP://DATA.QLD.GOV.AU",
        "facility_attribute_date": null,
        "facility_source": "HTTP://DATA.QLD.GOV.AU",
        "facility_date": null,
        "facility_spatial_confidence": null,
        "facility_revised": "2018-07-04T00:00:00Z",
        "comment_": null,
        "facility_lat": "-27.588242999999977",
        "facility_long": "153.0456170000001",
        "validated": null,
        "gnaf_building_name": null,
        "gnaf_address_detail_pid": "GAQLD155860141",
        "gnaf_formatted_address": "169 JACKSON ROAD",
        "gnaf_confidence": "2",
        "gnaf_postcode": "4109",
        "gnaf_suburb": "SUNNYBANK HILLS",
        "distance_to_gnaf": 10,
        "gnaf_lat": "-27.588207659999966",
        "gnaf_long": "153.04552817"
      },
      "geometry": {
        "type": "Point",
        "coordinates": [
          153.04562301704053,
          -27.58823044718267
        ]
      }
    },
    {
      "type": "Feature",
      "properties": {
        "objectid": 695,
        "featuretype": "EMERGENCY FACILITY",
        "descripton": "An emergency management facility from which a particular agency\u2019s resources are commanded, coordinated and assigned to an incident or emergency",
        "class": "AMBULANCE STATION",
        "facility_name": "CAIRNS HELICOPTER",
        "facility_operationalstatus": "OPERATIONAL",
        "facility_address": null,
        "abs_suburb": "AEROGLEN",
        "facility_state": "QUEENSLAND",
        "abs_postcode": "4870",
        "facility_attribute_source": "HTTP://DATA.QLD.GOV.AU",
        "facility_attribute_date": null,
        "facility_source": "HTTP://DATA.QLD.GOV.AU",
        "facility_date": null,
        "facility_spatial_confidence": null,
        "facility_revised": "2018-07-04T00:00:00Z",
        "comment_": null,
        "facility_lat": "-16.885189999999966",
        "facility_long": "145.74960700000008",
        "validated": null,
        "gnaf_building_name": null,
        "gnaf_address_detail_pid": "GAQLD719956763",
        "gnaf_formatted_address": "181 BUSH PILOTS AVENUE",
        "gnaf_confidence": "0",
        "gnaf_postcode": "4870",
        "gnaf_suburb": "AEROGLEN",
        "distance_to_gnaf": 28,
        "gnaf_lat": "-16.885417029999928",
        "gnaf_long": "145.74949234000007"
      },
      "geometry": {
        "type": "Point",
        "coordinates": [
          145.74961470592845,
          -16.885176733623346
        ]
      }
    },
    {
      "type": "Feature",
      "properties": {
        "objectid": 696,
        "featuretype": "EMERGENCY FACILITY",
        "descripton": "An emergency management facility from which a particular agency\u2019s resources are commanded, coordinated and assigned to an incident or emergency",
        "class": "AMBULANCE STATION",
        "facility_name": "ALPHA",
        "facility_operationalstatus": "OPERATIONAL",
        "facility_address": null,
        "abs_suburb": "ALPHA",
        "facility_state": "QUEENSLAND",
        "abs_postcode": "4724",
        "facility_attribute_source": "HTTP://DATA.QLD.GOV.AU",
        "facility_attribute_date": null,
        "facility_source": "HTTP://DATA.QLD.GOV.AU",
        "facility_date": null,
        "facility_spatial_confidence": null,
        "facility_revised": "2018-07-04T00:00:00Z",
        "comment_": null,
        "facility_lat": "-23.655065999999977",
        "facility_long": "146.6367540000001",
        "validated": null,
        "gnaf_building_name": "OLD ALPHA HOSPITAL",
        "gnaf_address_detail_pid": "GAQLD156197053",
        "gnaf_formatted_address": "3 GORDON STREET",
        "gnaf_confidence": "2",
        "gnaf_postcode": "4724",
        "gnaf_suburb": "ALPHA",
        "distance_to_gnaf": 22,
        "gnaf_lat": "-23.655226079999977",
        "gnaf_long": "146.63688342000012"
      },
      "geometry": {
        "type": "Point",
        "coordinates": [
          146.63676108394597,
          -23.655052854232558
        ]
      }
    },
    {
      "type": "Feature",
      "properties": {
        "objectid": 697,
        "featuretype": "EMERGENCY FACILITY",
        "descripton": "An emergency management facility from which a particular agency\u2019s resources are commanded, coordinated and assigned to an incident or emergency",
        "class": "AMBULANCE STATION",
        "facility_name": "ARAMAC",
        "facility_operationalstatus": "OPERATIONAL",
        "facility_address": null,
        "abs_suburb": "ARAMAC",
        "facility_state": "QUEENSLAND",
        "abs_postcode": "4726",
        "facility_attribute_source": "HTTP://DATA.QLD.GOV.AU",
        "facility_attribute_date": null,
        "facility_source": "HTTP://DATA.QLD.GOV.AU",
        "facility_date": null,
        "facility_spatial_confidence": null,
        "facility_revised": "2018-07-04T00:00:00Z",
        "comment_": null,
        "facility_lat": "-22.968174999999974",
        "facility_long": "145.24236100000007",
        "validated": null,
        "gnaf_building_name": null,
        "gnaf_address_detail_pid": "GAQLD424936922",
        "gnaf_formatted_address": "47 BOOKER STREET",
        "gnaf_confidence": "2",
        "gnaf_postcode": "4726",
        "gnaf_suburb": "ARAMAC",
        "distance_to_gnaf": 19,
        "gnaf_lat": "-22.96834378999995",
        "gnaf_long": "145.2423498600001"
      },
      "geometry": {
        "type": "Point",
        "coordinates": [
          145.24236827052457,
          -22.968161748759712
        ]
      }
    },
    {
      "type": "Feature",
      "properties": {
        "objectid": 698,
        "featuretype": "EMERGENCY FACILITY",
        "descripton": "An emergency management facility from which a particular agency\u2019s resources are commanded, coordinated and assigned to an incident or emergency",
        "class": "AMBULANCE STATION",
        "facility_name": "ATHERTON",
        "facility_operationalstatus": "OPERATIONAL",
        "facility_address": null,
        "abs_suburb": "ATHERTON",
        "facility_state": "QUEENSLAND",
        "abs_postcode": "4883",
        "facility_attribute_source": "HTTP://DATA.QLD.GOV.AU",
        "facility_attribute_date": null,
        "facility_source": "HTTP://DATA.QLD.GOV.AU",
        "facility_date": null,
        "facility_spatial_confidence": null,
        "facility_revised": "2018-07-04T00:00:00Z",
        "comment_": null,
        "facility_lat": "-17.266714999999976",
        "facility_long": "145.48403800000006",
        "validated": null,
        "gnaf_building_name": null,
        "gnaf_address_detail_pid": "GAQLD163169520",
        "gnaf_formatted_address": "3 MAZLIN STREET",
        "gnaf_confidence": "0",
        "gnaf_postcode": "4883",
        "gnaf_suburb": "ATHERTON",
        "distance_to_gnaf": 5,
        "gnaf_lat": "-17.266753739999956",
        "gnaf_long": "145.48402569000007"
      },
      "geometry": {
        "type": "Point",
        "coordinates": [
          145.4840456939501,
          -17.266701718280224
        ]
      }
    },
    {
      "type": "Feature",
      "properties": {
        "objectid": 699,
        "featuretype": "EMERGENCY FACILITY",
        "descripton": "An emergency management facility from which a particular agency\u2019s resources are commanded, coordinated and assigned to an incident or emergency",
        "class": "AMBULANCE STATION",
        "facility_name": "AUGATHELLA",
        "facility_operationalstatus": "OPERATIONAL",
        "facility_address": null,
        "abs_suburb": "AUGATHELLA",
        "facility_state": "QUEENSLAND",
        "abs_postcode": "4477",
        "facility_attribute_source": "HTTP://DATA.QLD.GOV.AU",
        "facility_attribute_date": null,
        "facility_source": "HTTP://DATA.QLD.GOV.AU",
        "facility_date": null,
        "facility_spatial_confidence": null,
        "facility_revised": "2018-07-04T00:00:00Z",
        "comment_": null,
        "facility_lat": "-25.795577999999978",
        "facility_long": "146.5898380000001",
        "validated": null,
        "gnaf_building_name": null,
        "gnaf_address_detail_pid": "GAQLD161097829",
        "gnaf_formatted_address": "LOT 63 CAVANAGH STREET",
        "gnaf_confidence": "0",
        "gnaf_postcode": "4477",
        "gnaf_suburb": "AUGATHELLA",
        "distance_to_gnaf": 241,
        "gnaf_lat": "-25.79705710999997",
        "gnaf_long": "146.59160522000002"
      },
      "geometry": {
        "type": "Point",
        "coordinates": [
          146.58984489734235,
          -25.795564867740826
        ]
      }
    },
    {
      "type": "Feature",
      "properties": {
        "objectid": 700,
        "featuretype": "EMERGENCY FACILITY",
        "descripton": "An emergency management facility from which a particular agency\u2019s resources are commanded, coordinated and assigned to an incident or emergency",
        "class": "AMBULANCE STATION",
        "facility_name": "SPRINGFIELD",
        "facility_operationalstatus": "OPERATIONAL",
        "facility_address": null,
        "abs_suburb": "AUGUSTINE HEIGHTS",
        "facility_state": "QUEENSLAND",
        "abs_postcode": "4300",
        "facility_attribute_source": "HTTP://DATA.QLD.GOV.AU",
        "facility_attribute_date": null,
        "facility_source": "HTTP://DATA.QLD.GOV.AU",
        "facility_date": null,
        "facility_spatial_confidence": null,
        "facility_revised": "2018-07-04T00:00:00Z",
        "comment_": null,
        "facility_lat": "-27.670139999999947",
        "facility_long": "152.89195000000007",
        "validated": null,
        "gnaf_building_name": null,
        "gnaf_address_detail_pid": "GAQLD163262249",
        "gnaf_formatted_address": "70 GATEWAY DRIVE",
        "gnaf_confidence": "1",
        "gnaf_postcode": "4300",
        "gnaf_suburb": "AUGUSTINE HEIGHTS",
        "distance_to_gnaf": 9,
        "gnaf_lat": "-27.670171469999957",
        "gnaf_long": "152.8918649300001"
      },
      "geometry": {
        "type": "Point",
        "coordinates": [
          152.8919560233179,
          -27.670127432434917
        ]
      }
    },
    {
      "type": "Feature",
      "properties": {
        "objectid": 701,
        "featuretype": "EMERGENCY FACILITY",
        "descripton": "An emergency management facility from which a particular agency\u2019s resources are commanded, coordinated and assigned to an incident or emergency",
        "class": "AMBULANCE STATION",
        "facility_name": "AYR",
        "facility_operationalstatus": "OPERATIONAL",
        "facility_address": null,
        "abs_suburb": "AYR",
        "facility_state": "QUEENSLAND",
        "abs_postcode": "4807",
        "facility_attribute_source": "HTTP://DATA.QLD.GOV.AU",
        "facility_attribute_date": null,
        "facility_source": "HTTP://DATA.QLD.GOV.AU",
        "facility_date": null,
        "facility_spatial_confidence": null,
        "facility_revised": "2018-07-04T00:00:00Z",
        "comment_": null,
        "facility_lat": "-19.578407999999968",
        "facility_long": "147.40352700000005",
        "validated": null,
        "gnaf_building_name": null,
        "gnaf_address_detail_pid": "GAQLD719177766",
        "gnaf_formatted_address": "UNIT 1 202 QUEEN STREET",
        "gnaf_confidence": "1",
        "gnaf_postcode": "4807",
        "gnaf_suburb": "AYR",
        "distance_to_gnaf": 1,
        "gnaf_lat": "-19.57841363999995",
        "gnaf_long": "147.40352896000002"
      },
      "geometry": {
        "type": "Point",
        "coordinates": [
          147.40353437439487,
          -19.578394878916388
        ]
      }
    },
    {
      "type": "Feature",
      "properties": {
        "objectid": 702,
        "featuretype": "EMERGENCY FACILITY",
        "descripton": "An emergency management facility from which a particular agency\u2019s resources are commanded, coordinated and assigned to an incident or emergency",
        "class": "AMBULANCE STATION",
        "facility_name": "BABINDA",
        "facility_operationalstatus": "OPERATIONAL",
        "facility_address": null,
        "abs_suburb": "BABINDA",
        "facility_state": "QUEENSLAND",
        "abs_postcode": "4861",
        "facility_attribute_source": "HTTP://DATA.QLD.GOV.AU",
        "facility_attribute_date": null,
        "facility_source": "HTTP://DATA.QLD.GOV.AU",
        "facility_date": null,
        "facility_spatial_confidence": null,
        "facility_revised": "2018-07-04T00:00:00Z",
        "comment_": null,
        "facility_lat": "-17.34335999999996",
        "facility_long": "145.9195410000001",
        "validated": null,
        "gnaf_building_name": "BABINDA HOSPITAL",
        "gnaf_address_detail_pid": "GAQLD161979719",
        "gnaf_formatted_address": "128-130 MUNRO STREET",
        "gnaf_confidence": "1",
        "gnaf_postcode": "4861",
        "gnaf_suburb": "BABINDA",
        "distance_to_gnaf": 96,
        "gnaf_lat": "-17.34276794999994",
        "gnaf_long": "145.91888390000008"
      },
      "geometry": {
        "type": "Point",
        "coordinates": [
          145.91954865997437,
          -17.343346749575655
        ]
      }
    },
    {
      "type": "Feature",
      "properties": {
        "objectid": 703,
        "featuretype": "EMERGENCY FACILITY",
        "descripton": "An emergency management facility from which a particular agency\u2019s resources are commanded, coordinated and assigned to an incident or emergency",
        "class": "AMBULANCE STATION",
        "facility_name": "BALMORAL",
        "facility_operationalstatus": "OPERATIONAL",
        "facility_address": null,
        "abs_suburb": "BALMORAL",
        "facility_state": "QUEENSLAND",
        "abs_postcode": "4171",
        "facility_attribute_source": "HTTP://DATA.QLD.GOV.AU",
        "facility_attribute_date": null,
        "facility_source": "HTTP://DATA.QLD.GOV.AU",
        "facility_date": null,
        "facility_spatial_confidence": null,
        "facility_revised": "2018-07-04T00:00:00Z",
        "comment_": null,
        "facility_lat": "-27.45968499999998",
        "facility_long": "153.07171400000004",
        "validated": null,
        "gnaf_building_name": null,
        "gnaf_address_detail_pid": "GAQLD161004789",
        "gnaf_formatted_address": "214 THYNNE ROAD",
        "gnaf_confidence": "1",
        "gnaf_postcode": "4171",
        "gnaf_suburb": "BALMORAL",
        "distance_to_gnaf": 35,
        "gnaf_lat": "-27.45956076999994",
        "gnaf_long": "153.07138995000003"
      },
      "geometry": {
        "type": "Point",
        "coordinates": [
          153.071720030492,
          -27.459672448792574
        ]
      }
    },
    {
      "type": "Feature",
      "properties": {
        "objectid": 704,
        "featuretype": "EMERGENCY FACILITY",
        "descripton": "An emergency management facility from which a particular agency\u2019s resources are commanded, coordinated and assigned to an incident or emergency",
        "class": "AMBULANCE STATION",
        "facility_name": "BARALABA",
        "facility_operationalstatus": "OPERATIONAL",
        "facility_address": null,
        "abs_suburb": "BARALABA",
        "facility_state": "QUEENSLAND",
        "abs_postcode": "4702",
        "facility_attribute_source": "HTTP://DATA.QLD.GOV.AU",
        "facility_attribute_date": null,
        "facility_source": "HTTP://DATA.QLD.GOV.AU",
        "facility_date": null,
        "facility_spatial_confidence": null,
        "facility_revised": "2018-07-04T00:00:00Z",
        "comment_": null,
        "facility_lat": "-24.180984999999964",
        "facility_long": "149.81175100000007",
        "validated": null,
        "gnaf_building_name": null,
        "gnaf_address_detail_pid": "GAQLD154999433",
        "gnaf_formatted_address": "34 STOPFORD STREET",
        "gnaf_confidence": "2",
        "gnaf_postcode": "4702",
        "gnaf_suburb": "BARALABA",
        "distance_to_gnaf": 20,
        "gnaf_lat": "-24.181136869999932",
        "gnaf_long": "149.8118586500001"
      },
      "geometry": {
        "type": "Point",
        "coordinates": [
          149.81175773547332,
          -24.180972115841044
        ]
      }
    },
    {
      "type": "Feature",
      "properties": {
        "objectid": 705,
        "featuretype": "EMERGENCY FACILITY",
        "descripton": "An emergency management facility from which a particular agency\u2019s resources are commanded, coordinated and assigned to an incident or emergency",
        "class": "AMBULANCE STATION",
        "facility_name": "BARCALDINE",
        "facility_operationalstatus": "OPERATIONAL",
        "facility_address": null,
        "abs_suburb": "BARCALDINE",
        "facility_state": "QUEENSLAND",
        "abs_postcode": "4725",
        "facility_attribute_source": "HTTP://DATA.QLD.GOV.AU",
        "facility_attribute_date": null,
        "facility_source": "HTTP://DATA.QLD.GOV.AU",
        "facility_date": null,
        "facility_spatial_confidence": null,
        "facility_revised": "2018-07-04T00:00:00Z",
        "comment_": null,
        "facility_lat": "-23.552994999999953",
        "facility_long": "145.29346700000008",
        "validated": null,
        "gnaf_building_name": "HOSPITAL NURSES QUARTERS",
        "gnaf_address_detail_pid": "GAQLD157501787",
        "gnaf_formatted_address": "25 OAK STREET",
        "gnaf_confidence": "2",
        "gnaf_postcode": "4725",
        "gnaf_suburb": "BARCALDINE",
        "distance_to_gnaf": 75,
        "gnaf_lat": "-23.553358069999945",
        "gnaf_long": "145.29408462000004"
      },
      "geometry": {
        "type": "Point",
        "coordinates": [
          145.29347421859035,
          -23.552981756967814
        ]
      }
    },
    {
      "type": "Feature",
      "properties": {
        "objectid": 706,
        "featuretype": "EMERGENCY FACILITY",
        "descripton": "An emergency management facility from which a particular agency\u2019s resources are commanded, coordinated and assigned to an incident or emergency",
        "class": "AMBULANCE STATION",
        "facility_name": "BEAUDESERT",
        "facility_operationalstatus": "OPERATIONAL",
        "facility_address": null,
        "abs_suburb": "BEAUDESERT",
        "facility_state": "QUEENSLAND",
        "abs_postcode": "4285",
        "facility_attribute_source": "HTTP://DATA.QLD.GOV.AU",
        "facility_attribute_date": null,
        "facility_source": "HTTP://DATA.QLD.GOV.AU",
        "facility_date": null,
        "facility_spatial_confidence": null,
        "facility_revised": "2018-07-04T00:00:00Z",
        "comment_": null,
        "facility_lat": "-27.985862999999938",
        "facility_long": "153.00249100000008",
        "validated": null,
        "gnaf_building_name": "BEAUDESERT HOSPITAL",
        "gnaf_address_detail_pid": "GAQLD156272252",
        "gnaf_formatted_address": "64 TINA STREET",
        "gnaf_confidence": "1",
        "gnaf_postcode": "4285",
        "gnaf_suburb": "BEAUDESERT",
        "distance_to_gnaf": 28,
        "gnaf_lat": "-27.98566939999995",
        "gnaf_long": "153.0023057400001"
      },
      "geometry": {
        "type": "Point",
        "coordinates": [
          153.00249697127057,
          -27.98585044597449
        ]
      }
    },
    {
      "type": "Feature",
      "properties": {
        "objectid": 707,
        "featuretype": "EMERGENCY FACILITY",
        "descripton": "An emergency management facility from which a particular agency\u2019s resources are commanded, coordinated and assigned to an incident or emergency",
        "class": "AMBULANCE STATION",
        "facility_name": "BEERWAH",
        "facility_operationalstatus": "OPERATIONAL",
        "facility_address": null,
        "abs_suburb": "BEERWAH",
        "facility_state": "QUEENSLAND",
        "abs_postcode": "4519",
        "facility_attribute_source": "HTTP://DATA.QLD.GOV.AU",
        "facility_attribute_date": null,
        "facility_source": "HTTP://DATA.QLD.GOV.AU",
        "facility_date": null,
        "facility_spatial_confidence": null,
        "facility_revised": "2018-07-04T00:00:00Z",
        "comment_": null,
        "facility_lat": "-26.855033999999932",
        "facility_long": "152.95918200000006",
        "validated": null,
        "gnaf_building_name": "QAS BEERWAH",
        "gnaf_address_detail_pid": "GAQLD155006157",
        "gnaf_formatted_address": "23 BEERWAH PARADE",
        "gnaf_confidence": "2",
        "gnaf_postcode": "4519",
        "gnaf_suburb": "BEERWAH",
        "distance_to_gnaf": 30,
        "gnaf_lat": "-26.854955449999977",
        "gnaf_long": "152.95947458000012"
      },
      "geometry": {
        "type": "Point",
        "coordinates": [
          152.95918811821906,
          -26.85502143271102
        ]
      }
    },
    {
      "type": "Feature",
      "properties": {
        "objectid": 708,
        "featuretype": "EMERGENCY FACILITY",
        "descripton": "An emergency management facility from which a particular agency\u2019s resources are commanded, coordinated and assigned to an incident or emergency",
        "class": "AMBULANCE STATION",
        "facility_name": "COOLANGATTA",
        "facility_operationalstatus": "OPERATIONAL",
        "facility_address": null,
        "abs_suburb": "BILINGA",
        "facility_state": "QUEENSLAND",
        "abs_postcode": "4225",
        "facility_attribute_source": "HTTP://DATA.QLD.GOV.AU",
        "facility_attribute_date": null,
        "facility_source": "HTTP://DATA.QLD.GOV.AU",
        "facility_date": null,
        "facility_spatial_confidence": null,
        "facility_revised": "2018-07-04T00:00:00Z",
        "comment_": null,
        "facility_lat": "-28.16087799999997",
        "facility_long": "153.5107250000001",
        "validated": null,
        "gnaf_building_name": null,
        "gnaf_address_detail_pid": "GAQLD159773242",
        "gnaf_formatted_address": "238 COOLANGATTA ROAD",
        "gnaf_confidence": "0",
        "gnaf_postcode": "4225",
        "gnaf_suburb": "BILINGA",
        "distance_to_gnaf": 9,
        "gnaf_lat": "-28.16080975999995",
        "gnaf_long": "153.51068472000009"
      },
      "geometry": {
        "type": "Point",
        "coordinates": [
          153.51073089279254,
          -28.160865498828958
        ]
      }
    },
    {
      "type": "Feature",
      "properties": {
        "objectid": 709,
        "featuretype": "EMERGENCY FACILITY",
        "descripton": "An emergency management facility from which a particular agency\u2019s resources are commanded, coordinated and assigned to an incident or emergency",
        "class": "AMBULANCE STATION",
        "facility_name": "BILOELA",
        "facility_operationalstatus": "OPERATIONAL",
        "facility_address": null,
        "abs_suburb": "BILOELA",
        "facility_state": "QUEENSLAND",
        "abs_postcode": "4715",
        "facility_attribute_source": "HTTP://DATA.QLD.GOV.AU",
        "facility_attribute_date": null,
        "facility_source": "HTTP://DATA.QLD.GOV.AU",
        "facility_date": null,
        "facility_spatial_confidence": null,
        "facility_revised": "2018-07-04T00:00:00Z",
        "comment_": null,
        "facility_lat": "-24.40250999999995",
        "facility_long": "150.51440800000012",
        "validated": null,
        "gnaf_building_name": null,
        "gnaf_address_detail_pid": "GAQLD157558520",
        "gnaf_formatted_address": "32 KARIBOE STREET",
        "gnaf_confidence": "1",
        "gnaf_postcode": "4715",
        "gnaf_suburb": "BILOELA",
        "distance_to_gnaf": 8,
        "gnaf_lat": "-24.402547849999962",
        "gnaf_long": "150.51434371000005"
      },
      "geometry": {
        "type": "Point",
        "coordinates": [
          150.51441464577113,
          -24.40249718012313
        ]
      }
    },
    {
      "type": "Feature",
      "properties": {
        "objectid": 710,
        "featuretype": "EMERGENCY FACILITY",
        "descripton": "An emergency management facility from which a particular agency\u2019s resources are commanded, coordinated and assigned to an incident or emergency",
        "class": "AMBULANCE STATION",
        "facility_name": "BIRDSVILLE",
        "facility_operationalstatus": "OPERATIONAL",
        "facility_address": null,
        "abs_suburb": "BIRDSVILLE",
        "facility_state": "QUEENSLAND",
        "abs_postcode": "4482",
        "facility_attribute_source": "HTTP://DATA.QLD.GOV.AU",
        "facility_attribute_date": null,
        "facility_source": "HTTP://DATA.QLD.GOV.AU",
        "facility_date": null,
        "facility_spatial_confidence": null,
        "facility_revised": "2018-07-04T00:00:00Z",
        "comment_": null,
        "facility_lat": "-25.89780499999995",
        "facility_long": "139.3535760000001",
        "validated": null,
        "gnaf_building_name": null,
        "gnaf_address_detail_pid": "GAQLD425260134",
        "gnaf_formatted_address": "46 ADELAIDE STREET",
        "gnaf_confidence": "1",
        "gnaf_postcode": "4482",
        "gnaf_suburb": "BIRDSVILLE",
        "distance_to_gnaf": 8,
        "gnaf_lat": "-25.897739419999937",
        "gnaf_long": "139.35361281000007"
      },
      "geometry": {
        "type": "Point",
        "coordinates": [
          139.35358366172508,
          -25.89779143819322
        ]
      }
    },
    {
      "type": "Feature",
      "properties": {
        "objectid": 711,
        "featuretype": "EMERGENCY FACILITY",
        "descripton": "An emergency management facility from which a particular agency\u2019s resources are commanded, coordinated and assigned to an incident or emergency",
        "class": "AMBULANCE STATION",
        "facility_name": "BIRKDALE",
        "facility_operationalstatus": "OPERATIONAL",
        "facility_address": null,
        "abs_suburb": "BIRKDALE",
        "facility_state": "QUEENSLAND",
        "abs_postcode": "4159",
        "facility_attribute_source": "HTTP://DATA.QLD.GOV.AU",
        "facility_attribute_date": null,
        "facility_source": "HTTP://DATA.QLD.GOV.AU",
        "facility_date": null,
        "facility_spatial_confidence": null,
        "facility_revised": "2018-07-04T00:00:00Z",
        "comment_": null,
        "facility_lat": "-27.49327999999997",
        "facility_long": "153.21769400000005",
        "validated": null,
        "gnaf_building_name": "BIRKDALE AMBULANCE STATION",
        "gnaf_address_detail_pid": "GAQLD162659372",
        "gnaf_formatted_address": "5-9 NAPIER STREET",
        "gnaf_confidence": "1",
        "gnaf_postcode": "4159",
        "gnaf_suburb": "BIRKDALE",
        "distance_to_gnaf": 13,
        "gnaf_lat": "-27.493164169999943",
        "gnaf_long": "153.21770704000005"
      },
      "geometry": {
        "type": "Point",
        "coordinates": [
          153.2177000105803,
          -27.493267463779766
        ]
      }
    },
    {
      "type": "Feature",
      "properties": {
        "objectid": 712,
        "featuretype": "EMERGENCY FACILITY",
        "descripton": "An emergency management facility from which a particular agency\u2019s resources are commanded, coordinated and assigned to an incident or emergency",
        "class": "AMBULANCE STATION",
        "facility_name": "NORTHERN BEACHES",
        "facility_operationalstatus": "OPERATIONAL",
        "facility_address": null,
        "abs_suburb": "BLACK RIVER",
        "facility_state": "QUEENSLAND",
        "abs_postcode": "4818",
        "facility_attribute_source": "HTTP://DATA.QLD.GOV.AU",
        "facility_attribute_date": null,
        "facility_source": "HTTP://DATA.QLD.GOV.AU",
        "facility_date": null,
        "facility_spatial_confidence": null,
        "facility_revised": "2018-07-04T00:00:00Z",
        "comment_": null,
        "facility_lat": "-19.226237999999967",
        "facility_long": "146.6283880000001",
        "validated": null,
        "gnaf_building_name": null,
        "gnaf_address_detail_pid": "GAQLD424998824",
        "gnaf_formatted_address": "4 BOWDEN ROAD",
        "gnaf_confidence": "2",
        "gnaf_postcode": "4818",
        "gnaf_suburb": "BLACK RIVER",
        "distance_to_gnaf": 7,
        "gnaf_lat": "-19.22629847999997",
        "gnaf_long": "146.62838392000003"
      },
      "geometry": {
        "type": "Point",
        "coordinates": [
          146.62839546102555,
          -19.22622481711105
        ]
      }
    },
    {
      "type": "Feature",
      "properties": {
        "objectid": 713,
        "featuretype": "EMERGENCY FACILITY",
        "descripton": "An emergency management facility from which a particular agency\u2019s resources are commanded, coordinated and assigned to an incident or emergency",
        "class": "AMBULANCE STATION",
        "facility_name": "BLACKALL",
        "facility_operationalstatus": "OPERATIONAL",
        "facility_address": null,
        "abs_suburb": "BLACKALL",
        "facility_state": "QUEENSLAND",
        "abs_postcode": "4472",
        "facility_attribute_source": "HTTP://DATA.QLD.GOV.AU",
        "facility_attribute_date": null,
        "facility_source": "HTTP://DATA.QLD.GOV.AU",
        "facility_date": null,
        "facility_spatial_confidence": null,
        "facility_revised": "2018-07-04T00:00:00Z",
        "comment_": null,
        "facility_lat": "-24.42292999999995",
        "facility_long": "145.46337700000004",
        "validated": null,
        "gnaf_building_name": "AMBULANCE CENTRE & DWELLING",
        "gnaf_address_detail_pid": "GAQLD156274582",
        "gnaf_formatted_address": "4 CORONATION DRIVE",
        "gnaf_confidence": "2",
        "gnaf_postcode": "4472",
        "gnaf_suburb": "BLACKALL",
        "distance_to_gnaf": 5,
        "gnaf_lat": "-24.42292889999993",
        "gnaf_long": "145.46333188000006"
      },
      "geometry": {
        "type": "Point",
        "coordinates": [
          145.46338413074915,
          -24.422916775677823
        ]
      }
    },
    {
      "type": "Feature",
      "properties": {
        "objectid": 714,
        "featuretype": "EMERGENCY FACILITY",
        "descripton": "An emergency management facility from which a particular agency\u2019s resources are commanded, coordinated and assigned to an incident or emergency",
        "class": "AMBULANCE STATION",
        "facility_name": "BLACKWATER",
        "facility_operationalstatus": "OPERATIONAL",
        "facility_address": null,
        "abs_suburb": "BLACKWATER",
        "facility_state": "QUEENSLAND",
        "abs_postcode": "4717",
        "facility_attribute_source": "HTTP://DATA.QLD.GOV.AU",
        "facility_attribute_date": null,
        "facility_source": "HTTP://DATA.QLD.GOV.AU",
        "facility_date": null,
        "facility_spatial_confidence": null,
        "facility_revised": "2018-07-04T00:00:00Z",
        "comment_": null,
        "facility_lat": "-23.58218999999997",
        "facility_long": "148.879903",
        "validated": null,
        "gnaf_building_name": null,
        "gnaf_address_detail_pid": "GAQLD155043557",
        "gnaf_formatted_address": "21 MACKENZIE STREET",
        "gnaf_confidence": "2",
        "gnaf_postcode": "4717",
        "gnaf_suburb": "BLACKWATER",
        "distance_to_gnaf": 11,
        "gnaf_lat": "-23.582220829999983",
        "gnaf_long": "148.87980324000011"
      },
      "geometry": {
        "type": "Point",
        "coordinates": [
          148.8799098826959,
          -23.582177031186088
        ]
      }
    },
    {
      "type": "Feature",
      "properties": {
        "objectid": 715,
        "featuretype": "EMERGENCY FACILITY",
        "descripton": "An emergency management facility from which a particular agency\u2019s resources are commanded, coordinated and assigned to an incident or emergency",
        "class": "AMBULANCE STATION",
        "facility_name": "BRIBIE ISLAND",
        "facility_operationalstatus": "OPERATIONAL",
        "facility_address": null,
        "abs_suburb": "BONGAREE",
        "facility_state": "QUEENSLAND",
        "abs_postcode": "4507",
        "facility_attribute_source": "HTTP://DATA.QLD.GOV.AU",
        "facility_attribute_date": null,
        "facility_source": "HTTP://DATA.QLD.GOV.AU",
        "facility_date": null,
        "facility_spatial_confidence": null,
        "facility_revised": "2018-07-04T00:00:00Z",
        "comment_": null,
        "facility_lat": "-27.083297999999957",
        "facility_long": "153.1595900000001",
        "validated": null,
        "gnaf_building_name": null,
        "gnaf_address_detail_pid": "GAQLD155044725",
        "gnaf_formatted_address": "10 SECOND AVENUE",
        "gnaf_confidence": "1",
        "gnaf_postcode": "4507",
        "gnaf_suburb": "BONGAREE",
        "distance_to_gnaf": 17,
        "gnaf_lat": "-27.08319660999996",
        "gnaf_long": "153.15946879000012"
      },
      "geometry": {
        "type": "Point",
        "coordinates": [
          153.15959606863856,
          -27.08328545466638
        ]
      }
    },
    {
      "type": "Feature",
      "properties": {
        "objectid": 716,
        "featuretype": "EMERGENCY FACILITY",
        "descripton": "An emergency management facility from which a particular agency\u2019s resources are commanded, coordinated and assigned to an incident or emergency",
        "class": "AMBULANCE STATION",
        "facility_name": "BOONAH",
        "facility_operationalstatus": "OPERATIONAL",
        "facility_address": null,
        "abs_suburb": "BOONAH",
        "facility_state": "QUEENSLAND",
        "abs_postcode": "4310",
        "facility_attribute_source": "HTTP://DATA.QLD.GOV.AU",
        "facility_attribute_date": null,
        "facility_source": "HTTP://DATA.QLD.GOV.AU",
        "facility_date": null,
        "facility_spatial_confidence": null,
        "facility_revised": "2018-07-04T00:00:00Z",
        "comment_": null,
        "facility_lat": "-27.993052999999975",
        "facility_long": "152.68568200000004",
        "validated": null,
        "gnaf_building_name": null,
        "gnaf_address_detail_pid": "GAQLD156290227",
        "gnaf_formatted_address": "2 CORONATION DRIVE",
        "gnaf_confidence": "2",
        "gnaf_postcode": "4310",
        "gnaf_suburb": "BOONAH",
        "distance_to_gnaf": 12,
        "gnaf_lat": "-27.993156099999965",
        "gnaf_long": "152.6857144700001"
      },
      "geometry": {
        "type": "Point",
        "coordinates": [
          152.68568800522684,
          -27.99304041444999
        ]
      }
    },
    {
      "type": "Feature",
      "properties": {
        "objectid": 717,
        "featuretype": "EMERGENCY FACILITY",
        "descripton": "An emergency management facility from which a particular agency\u2019s resources are commanded, coordinated and assigned to an incident or emergency",
        "class": "AMBULANCE STATION",
        "facility_name": "EDMONTON",
        "facility_operationalstatus": "OPERATIONAL",
        "facility_address": null,
        "abs_suburb": "EDMONTON",
        "facility_state": "QUEENSLAND",
        "abs_postcode": "4869",
        "facility_attribute_source": "HTTP://DATA.QLD.GOV.AU",
        "facility_attribute_date": null,
        "facility_source": "HTTP://DATA.QLD.GOV.AU",
        "facility_date": null,
        "facility_spatial_confidence": null,
        "facility_revised": "2018-07-04T00:00:00Z",
        "comment_": null,
        "facility_lat": "-17.015840999999966",
        "facility_long": "145.742656",
        "validated": null,
        "gnaf_building_name": null,
        "gnaf_address_detail_pid": "GAQLD163304598",
        "gnaf_formatted_address": "9-13 COATES STREET",
        "gnaf_confidence": "0",
        "gnaf_postcode": "4869",
        "gnaf_suburb": "EDMONTON",
        "distance_to_gnaf": 12,
        "gnaf_lat": "-17.01576497999997",
        "gnaf_long": "145.74273098000003"
      },
      "geometry": {
        "type": "Point",
        "coordinates": [
          145.74266369641873,
          -17.01582773424685
        ]
      }
    },
    {
      "type": "Feature",
      "properties": {
        "objectid": 725,
        "featuretype": "EMERGENCY FACILITY",
        "descripton": "An emergency management facility from which a particular agency\u2019s resources are commanded, coordinated and assigned to an incident or emergency",
        "class": "AMBULANCE STATION",
        "facility_name": "BOWEN",
        "facility_operationalstatus": "OPERATIONAL",
        "facility_address": null,
        "abs_suburb": "BOWEN",
        "facility_state": "QUEENSLAND",
        "abs_postcode": "4805",
        "facility_attribute_source": "HTTP://DATA.QLD.GOV.AU",
        "facility_attribute_date": null,
        "facility_source": "HTTP://DATA.QLD.GOV.AU",
        "facility_date": null,
        "facility_spatial_confidence": null,
        "facility_revised": "2018-07-04T00:00:00Z",
        "comment_": null,
        "facility_lat": "-20.008063999999933",
        "facility_long": "148.23612800000012",
        "validated": null,
        "gnaf_building_name": null,
        "gnaf_address_detail_pid": "GAQLD161212029",
        "gnaf_formatted_address": "LOT 320 LEICHHARDT STREET",
        "gnaf_confidence": "1",
        "gnaf_postcode": "4805",
        "gnaf_suburb": "BOWEN",
        "distance_to_gnaf": 13,
        "gnaf_lat": "-20.007943169999976",
        "gnaf_long": "148.2361268300001"
      },
      "geometry": {
        "type": "Point",
        "coordinates": [
          148.2361352741156,
          -20.0080509485022
        ]
      }
    },
    {
      "type": "Feature",
      "properties": {
        "objectid": 726,
        "featuretype": "EMERGENCY FACILITY",
        "descripton": "An emergency management facility from which a particular agency\u2019s resources are commanded, coordinated and assigned to an incident or emergency",
        "class": "AMBULANCE STATION",
        "facility_name": "BOYNE ISLAND",
        "facility_operationalstatus": "OPERATIONAL",
        "facility_address": null,
        "abs_suburb": "BOYNE ISLAND",
        "facility_state": "QUEENSLAND",
        "abs_postcode": "4680",
        "facility_attribute_source": "HTTP://DATA.QLD.GOV.AU",
        "facility_attribute_date": null,
        "facility_source": "HTTP://DATA.QLD.GOV.AU",
        "facility_date": null,
        "facility_spatial_confidence": null,
        "facility_revised": "2018-07-04T00:00:00Z",
        "comment_": null,
        "facility_lat": "-23.954354999999964",
        "facility_long": "151.35148200000003",
        "validated": null,
        "gnaf_building_name": null,
        "gnaf_address_detail_pid": "GAQLD157587188",
        "gnaf_formatted_address": "3 CURTIS AVENUE",
        "gnaf_confidence": "1",
        "gnaf_postcode": "4680",
        "gnaf_suburb": "BOYNE ISLAND",
        "distance_to_gnaf": 2,
        "gnaf_lat": "-23.95434077999994",
        "gnaf_long": "151.3514723500001"
      },
      "geometry": {
        "type": "Point",
        "coordinates": [
          151.35148861676595,
          -23.954342253465512
        ]
      }
    },
    {
      "type": "Feature",
      "properties": {
        "objectid": 727,
        "featuretype": "EMERGENCY FACILITY",
        "descripton": "An emergency management facility from which a particular agency\u2019s resources are commanded, coordinated and assigned to an incident or emergency",
        "class": "AMBULANCE STATION",
        "facility_name": "SANDGATE",
        "facility_operationalstatus": "OPERATIONAL",
        "facility_address": null,
        "abs_suburb": "BRACKEN RIDGE",
        "facility_state": "QUEENSLAND",
        "abs_postcode": "4017",
        "facility_attribute_source": "HTTP://DATA.QLD.GOV.AU",
        "facility_attribute_date": null,
        "facility_source": "HTTP://DATA.QLD.GOV.AU",
        "facility_date": null,
        "facility_spatial_confidence": null,
        "facility_revised": "2018-07-04T00:00:00Z",
        "comment_": null,
        "facility_lat": "-27.312240999999972",
        "facility_long": "153.0433180000001",
        "validated": null,
        "gnaf_building_name": null,
        "gnaf_address_detail_pid": "GAQLD159017122",
        "gnaf_formatted_address": "215 BRACKEN RIDGE ROAD",
        "gnaf_confidence": "1",
        "gnaf_postcode": "4017",
        "gnaf_suburb": "BRACKEN RIDGE",
        "distance_to_gnaf": 16,
        "gnaf_lat": "-27.312100159999943",
        "gnaf_long": "153.04334202000007"
      },
      "geometry": {
        "type": "Point",
        "coordinates": [
          153.04332405212435,
          -27.31222844477416
        ]
      }
    },
    {
      "type": "Feature",
      "properties": {
        "objectid": 728,
        "featuretype": "EMERGENCY FACILITY",
        "descripton": "An emergency management facility from which a particular agency\u2019s resources are commanded, coordinated and assigned to an incident or emergency",
        "class": "AMBULANCE STATION",
        "facility_name": "KAWANA",
        "facility_operationalstatus": "OPERATIONAL",
        "facility_address": null,
        "abs_suburb": "BUDDINA",
        "facility_state": "QUEENSLAND",
        "abs_postcode": "4575",
        "facility_attribute_source": "HTTP://DATA.QLD.GOV.AU",
        "facility_attribute_date": null,
        "facility_source": "HTTP://DATA.QLD.GOV.AU",
        "facility_date": null,
        "facility_spatial_confidence": null,
        "facility_revised": "2018-07-04T00:00:00Z",
        "comment_": null,
        "facility_lat": "-26.704844999999978",
        "facility_long": "153.13154800000007",
        "validated": null,
        "gnaf_building_name": "QAS BUDDINA",
        "gnaf_address_detail_pid": "GAQLD155078349",
        "gnaf_formatted_address": "31 ARUNTA STREET",
        "gnaf_confidence": "2",
        "gnaf_postcode": "4575",
        "gnaf_suburb": "BUDDINA",
        "distance_to_gnaf": 3,
        "gnaf_lat": "-26.704819139999984",
        "gnaf_long": "153.1315638200001"
      },
      "geometry": {
        "type": "Point",
        "coordinates": [
          153.13155411903566,
          -26.70483244882751
        ]
      }
    },
    {
      "type": "Feature",
      "properties": {
        "objectid": 729,
        "featuretype": "EMERGENCY FACILITY",
        "descripton": "An emergency management facility from which a particular agency\u2019s resources are commanded, coordinated and assigned to an incident or emergency",
        "class": "AMBULANCE STATION",
        "facility_name": "MAROOCHYDORE",
        "facility_operationalstatus": "OPERATIONAL",
        "facility_address": null,
        "abs_suburb": "BUDERIM",
        "facility_state": "QUEENSLAND",
        "abs_postcode": "4556",
        "facility_attribute_source": "HTTP://DATA.QLD.GOV.AU",
        "facility_attribute_date": null,
        "facility_source": "HTTP://DATA.QLD.GOV.AU",
        "facility_date": null,
        "facility_spatial_confidence": null,
        "facility_revised": "2018-07-04T00:00:00Z",
        "comment_": null,
        "facility_lat": "-26.66263399999997",
        "facility_long": "153.06517400000007",
        "validated": null,
        "gnaf_building_name": "MAROOCHYDORE FIRE AND RESCUE STATION",
        "gnaf_address_detail_pid": "GAQLD156334165",
        "gnaf_formatted_address": "1 NORTH BUDERIM BOULEVARD",
        "gnaf_confidence": "1",
        "gnaf_postcode": "4556",
        "gnaf_suburb": "BUDERIM",
        "distance_to_gnaf": 21,
        "gnaf_lat": "-26.662806239999952",
        "gnaf_long": "153.06508522000001"
      },
      "geometry": {
        "type": "Point",
        "coordinates": [
          153.06518013116278,
          -26.662621441810224
        ]
      }
    },
    {
      "type": "Feature",
      "properties": {
        "objectid": 730,
        "featuretype": "EMERGENCY FACILITY",
        "descripton": "An emergency management facility from which a particular agency\u2019s resources are commanded, coordinated and assigned to an incident or emergency",
        "class": "AMBULANCE STATION",
        "facility_name": "BUNDABERG",
        "facility_operationalstatus": "OPERATIONAL",
        "facility_address": null,
        "abs_suburb": "BUNDABERG WEST",
        "facility_state": "QUEENSLAND",
        "abs_postcode": "4670",
        "facility_attribute_source": "HTTP://DATA.QLD.GOV.AU",
        "facility_attribute_date": null,
        "facility_source": "HTTP://DATA.QLD.GOV.AU",
        "facility_date": null,
        "facility_spatial_confidence": null,
        "facility_revised": "2018-07-04T00:00:00Z",
        "comment_": null,
        "facility_lat": "-24.870308999999963",
        "facility_long": "152.33156200000008",
        "validated": null,
        "gnaf_building_name": null,
        "gnaf_address_detail_pid": "GAQLD156350422",
        "gnaf_formatted_address": "307 BOURBONG STREET",
        "gnaf_confidence": "1",
        "gnaf_postcode": "4670",
        "gnaf_suburb": "BUNDABERG WEST",
        "distance_to_gnaf": 15,
        "gnaf_lat": "-24.870211259999962",
        "gnaf_long": "152.33145449000006"
      },
      "geometry": {
        "type": "Point",
        "coordinates": [
          152.33156842059248,
          -24.870296354681958
        ]
      }
    },
    {
      "type": "Feature",
      "properties": {
        "objectid": 731,
        "featuretype": "EMERGENCY FACILITY",
        "descripton": "An emergency management facility from which a particular agency\u2019s resources are commanded, coordinated and assigned to an incident or emergency",
        "class": "AMBULANCE STATION",
        "facility_name": "BURKETOWN",
        "facility_operationalstatus": "OPERATIONAL",
        "facility_address": null,
        "abs_suburb": "BURKETOWN",
        "facility_state": "QUEENSLAND",
        "abs_postcode": "4830",
        "facility_attribute_source": "HTTP://DATA.QLD.GOV.AU",
        "facility_attribute_date": null,
        "facility_source": "HTTP://DATA.QLD.GOV.AU",
        "facility_date": null,
        "facility_spatial_confidence": null,
        "facility_revised": "2018-07-04T00:00:00Z",
        "comment_": null,
        "facility_lat": "-17.731859999999926",
        "facility_long": "139.5483710000001",
        "validated": null,
        "gnaf_building_name": null,
        "gnaf_address_detail_pid": "GAQLD720863896",
        "gnaf_formatted_address": "104 BEAMES STREET",
        "gnaf_confidence": "0",
        "gnaf_postcode": "4830",
        "gnaf_suburb": "BURKETOWN",
        "distance_to_gnaf": 93,
        "gnaf_lat": "-17.73241052999998",
        "gnaf_long": "139.54903702000001"
      },
      "geometry": {
        "type": "Point",
        "coordinates": [
          139.54837906148927,
          -17.731846383555528
        ]
      }
    },
    {
      "type": "Feature",
      "properties": {
        "objectid": 732,
        "featuretype": "EMERGENCY FACILITY",
        "descripton": "An emergency management facility from which a particular agency\u2019s resources are commanded, coordinated and assigned to an incident or emergency",
        "class": "AMBULANCE STATION",
        "facility_name": "BURLEIGH HEADS",
        "facility_operationalstatus": "OPERATIONAL",
        "facility_address": null,
        "abs_suburb": "BURLEIGH HEADS",
        "facility_state": "QUEENSLAND",
        "abs_postcode": "4220",
        "facility_attribute_source": "HTTP://DATA.QLD.GOV.AU",
        "facility_attribute_date": null,
        "facility_source": "HTTP://DATA.QLD.GOV.AU",
        "facility_date": null,
        "facility_spatial_confidence": null,
        "facility_revised": "2018-07-04T00:00:00Z",
        "comment_": null,
        "facility_lat": "-28.099148999999954",
        "facility_long": "153.44311500000003",
        "validated": null,
        "gnaf_building_name": "BURLEIGH HEADS AMBULANCE STATION",
        "gnaf_address_detail_pid": "GAQLD157656390",
        "gnaf_formatted_address": "158 WEST BURLEIGH ROAD",
        "gnaf_confidence": "2",
        "gnaf_postcode": "4220",
        "gnaf_suburb": "BURLEIGH HEADS",
        "distance_to_gnaf": 4,
        "gnaf_lat": "-28.09914306999997",
        "gnaf_long": "153.44315252"
      },
      "geometry": {
        "type": "Point",
        "coordinates": [
          153.44312090826372,
          -28.099136491438806
        ]
      }
    },
    {
      "type": "Feature",
      "properties": {
        "objectid": 741,
        "featuretype": "EMERGENCY FACILITY",
        "descripton": "An emergency management facility from which a particular agency\u2019s resources are commanded, coordinated and assigned to an incident or emergency",
        "class": "AMBULANCE STATION",
        "facility_name": "HALIFAX",
        "facility_operationalstatus": "OPERATIONAL",
        "facility_address": null,
        "abs_suburb": "HALIFAX",
        "facility_state": "QUEENSLAND",
        "abs_postcode": "4850",
        "facility_attribute_source": "HTTP://DATA.QLD.GOV.AU",
        "facility_attribute_date": null,
        "facility_source": "HTTP://DATA.QLD.GOV.AU",
        "facility_date": null,
        "facility_spatial_confidence": null,
        "facility_revised": "2018-07-04T00:00:00Z",
        "comment_": null,
        "facility_lat": "-18.580866999999955",
        "facility_long": "146.28506800000002",
        "validated": null,
        "gnaf_building_name": null,
        "gnaf_address_detail_pid": "GAQLD155366725",
        "gnaf_formatted_address": "18 MACROSSAN STREET",
        "gnaf_confidence": "2",
        "gnaf_postcode": "4850",
        "gnaf_suburb": "HALIFAX",
        "distance_to_gnaf": 20,
        "gnaf_lat": "-18.58083371999993",
        "gnaf_long": "146.28525517000003"
      },
      "geometry": {
        "type": "Point",
        "coordinates": [
          146.2850755379827,
          -18.580853786408248
        ]
      }
    },
    {
      "type": "Feature",
      "properties": {
        "objectid": 742,
        "featuretype": "EMERGENCY FACILITY",
        "descripton": "An emergency management facility from which a particular agency\u2019s resources are commanded, coordinated and assigned to an incident or emergency",
        "class": "AMBULANCE STATION",
        "facility_name": "HELENSVALE",
        "facility_operationalstatus": "OPERATIONAL",
        "facility_address": null,
        "abs_suburb": "HELENSVALE",
        "facility_state": "QUEENSLAND",
        "abs_postcode": "4212",
        "facility_attribute_source": "HTTP://DATA.QLD.GOV.AU",
        "facility_attribute_date": null,
        "facility_source": "HTTP://DATA.QLD.GOV.AU",
        "facility_date": null,
        "facility_spatial_confidence": null,
        "facility_revised": "2018-07-04T00:00:00Z",
        "comment_": null,
        "facility_lat": "-27.936530999999945",
        "facility_long": "153.3366820000001",
        "validated": null,
        "gnaf_building_name": "HELENSVALE AMBULANCE STATION",
        "gnaf_address_detail_pid": "GAQLD155319805",
        "gnaf_formatted_address": "28-30 KINGSTON DRIVE",
        "gnaf_confidence": "0",
        "gnaf_postcode": "4212",
        "gnaf_suburb": "HELENSVALE",
        "distance_to_gnaf": 29,
        "gnaf_lat": "-27.93643456999996",
        "gnaf_long": "153.33695590000002"
      },
      "geometry": {
        "type": "Point",
        "coordinates": [
          153.33668794096113,
          -27.936518479327987
        ]
      }
    },
    {
      "type": "Feature",
      "properties": {
        "objectid": 743,
        "featuretype": "EMERGENCY FACILITY",
        "descripton": "An emergency management facility from which a particular agency\u2019s resources are commanded, coordinated and assigned to an incident or emergency",
        "class": "AMBULANCE STATION",
        "facility_name": "HIGHFIELDS",
        "facility_operationalstatus": "OPERATIONAL",
        "facility_address": null,
        "abs_suburb": "HIGHFIELDS",
        "facility_state": "QUEENSLAND",
        "abs_postcode": "4352",
        "facility_attribute_source": "HTTP://DATA.QLD.GOV.AU",
        "facility_attribute_date": null,
        "facility_source": "HTTP://DATA.QLD.GOV.AU",
        "facility_date": null,
        "facility_spatial_confidence": null,
        "facility_revised": "2018-07-04T00:00:00Z",
        "comment_": null,
        "facility_lat": "-27.45587999999998",
        "facility_long": "151.9407020000001",
        "validated": null,
        "gnaf_building_name": null,
        "gnaf_address_detail_pid": "GAQLD160767907",
        "gnaf_formatted_address": "21 KRATZKE ROAD",
        "gnaf_confidence": "1",
        "gnaf_postcode": "4352",
        "gnaf_suburb": "HIGHFIELDS",
        "distance_to_gnaf": 32,
        "gnaf_lat": "-27.45610455999997",
        "gnaf_long": "151.94090361000008"
      },
      "geometry": {
        "type": "Point",
        "coordinates": [
          151.9407081528062,
          -27.455867337539186
        ]
      }
    },
    {
      "type": "Feature",
      "properties": {
        "objectid": 744,
        "featuretype": "EMERGENCY FACILITY",
        "descripton": "An emergency management facility from which a particular agency\u2019s resources are commanded, coordinated and assigned to an incident or emergency",
        "class": "AMBULANCE STATION",
        "facility_name": "LOGAN WEST",
        "facility_operationalstatus": "OPERATIONAL",
        "facility_address": null,
        "abs_suburb": "HILLCREST",
        "facility_state": "QUEENSLAND",
        "abs_postcode": "4118",
        "facility_attribute_source": "HTTP://DATA.QLD.GOV.AU",
        "facility_attribute_date": null,
        "facility_source": "HTTP://DATA.QLD.GOV.AU",
        "facility_date": null,
        "facility_spatial_confidence": null,
        "facility_revised": "2018-07-04T00:00:00Z",
        "comment_": null,
        "facility_lat": "-27.677732999999932",
        "facility_long": "153.03020800000002",
        "validated": null,
        "gnaf_building_name": "Q A S LOGAN WEST",
        "gnaf_address_detail_pid": "GAQLD155386745",
        "gnaf_formatted_address": "1 ORR COURT",
        "gnaf_confidence": "1",
        "gnaf_postcode": "4118",
        "gnaf_suburb": "HILLCREST",
        "distance_to_gnaf": 2,
        "gnaf_lat": "-27.677718569999968",
        "gnaf_long": "153.03020018000007"
      },
      "geometry": {
        "type": "Point",
        "coordinates": [
          153.03021400737498,
          -27.677720446339116
        ]
      }
    },
    {
      "type": "Feature",
      "properties": {
        "objectid": 745,
        "featuretype": "EMERGENCY FACILITY",
        "descripton": "An emergency management facility from which a particular agency\u2019s resources are commanded, coordinated and assigned to an incident or emergency",
        "class": "AMBULANCE STATION",
        "facility_name": "HOME HILL",
        "facility_operationalstatus": "OPERATIONAL",
        "facility_address": null,
        "abs_suburb": "HOME HILL",
        "facility_state": "QUEENSLAND",
        "abs_postcode": "4806",
        "facility_attribute_source": "HTTP://DATA.QLD.GOV.AU",
        "facility_attribute_date": null,
        "facility_source": "HTTP://DATA.QLD.GOV.AU",
        "facility_date": null,
        "facility_spatial_confidence": null,
        "facility_revised": "2018-07-04T00:00:00Z",
        "comment_": null,
        "facility_lat": "-19.661033999999972",
        "facility_long": "147.41587600000003",
        "validated": null,
        "gnaf_building_name": "HOME HILL AMBULANCE CENTRE",
        "gnaf_address_detail_pid": "GAQLD155411873",
        "gnaf_formatted_address": "83 TENTH AVENUE",
        "gnaf_confidence": "1",
        "gnaf_postcode": "4806",
        "gnaf_suburb": "HOME HILL",
        "distance_to_gnaf": 21,
        "gnaf_lat": "-19.660951569999952",
        "gnaf_long": "147.41605477000007"
      },
      "geometry": {
        "type": "Point",
        "coordinates": [
          147.41588336634314,
          -19.661020880570423
        ]
      }
    },
    {
      "type": "Feature",
      "properties": {
        "objectid": 746,
        "featuretype": "EMERGENCY FACILITY",
        "descripton": "An emergency management facility from which a particular agency\u2019s resources are commanded, coordinated and assigned to an incident or emergency",
        "class": "AMBULANCE STATION",
        "facility_name": "HORN ISLAND FIELD OFFICE",
        "facility_operationalstatus": "OPERATIONAL",
        "facility_address": null,
        "abs_suburb": "HORN",
        "facility_state": "QUEENSLAND",
        "abs_postcode": "4875",
        "facility_attribute_source": "HTTP://DATA.QLD.GOV.AU",
        "facility_attribute_date": null,
        "facility_source": "HTTP://DATA.QLD.GOV.AU",
        "facility_date": null,
        "facility_spatial_confidence": null,
        "facility_revised": "2018-07-04T00:00:00Z",
        "comment_": null,
        "facility_lat": "-10.594136999999932",
        "facility_long": "142.25016500000004",
        "validated": null,
        "gnaf_building_name": null,
        "gnaf_address_detail_pid": "GAQLD156670531",
        "gnaf_formatted_address": "LOT 20 NAWIE STREET",
        "gnaf_confidence": "0",
        "gnaf_postcode": "4875",
        "gnaf_suburb": "HORN",
        "distance_to_gnaf": 19,
        "gnaf_lat": "-10.59420739999996",
        "gnaf_long": "142.2503234200001"
      },
      "geometry": {
        "type": "Point",
        "coordinates": [
          142.2501732948511,
          -10.594123459057295
        ]
      }
    },
    {
      "type": "Feature",
      "properties": {
        "objectid": 747,
        "featuretype": "EMERGENCY FACILITY",
        "descripton": "An emergency management facility from which a particular agency\u2019s resources are commanded, coordinated and assigned to an incident or emergency",
        "class": "AMBULANCE STATION",
        "facility_name": "HOWARD",
        "facility_operationalstatus": "OPERATIONAL",
        "facility_address": null,
        "abs_suburb": "HOWARD",
        "facility_state": "QUEENSLAND",
        "abs_postcode": "4659",
        "facility_attribute_source": "HTTP://DATA.QLD.GOV.AU",
        "facility_attribute_date": null,
        "facility_source": "HTTP://DATA.QLD.GOV.AU",
        "facility_date": null,
        "facility_spatial_confidence": null,
        "facility_revised": "2018-07-04T00:00:00Z",
        "comment_": null,
        "facility_lat": "-25.321658999999954",
        "facility_long": "152.56026500000007",
        "validated": null,
        "gnaf_building_name": null,
        "gnaf_address_detail_pid": "GAQLD161329670",
        "gnaf_formatted_address": "LOT 104 THOMAS STREET",
        "gnaf_confidence": "0",
        "gnaf_postcode": "4659",
        "gnaf_suburb": "HOWARD",
        "distance_to_gnaf": 17,
        "gnaf_lat": "-25.32166055999994",
        "gnaf_long": "152.56010030000004"
      },
      "geometry": {
        "type": "Point",
        "coordinates": [
          152.56027134519894,
          -25.321646380775054
        ]
      }
    },
    {
      "type": "Feature",
      "properties": {
        "objectid": 748,
        "featuretype": "EMERGENCY FACILITY",
        "descripton": "An emergency management facility from which a particular agency\u2019s resources are commanded, coordinated and assigned to an incident or emergency",
        "class": "AMBULANCE STATION",
        "facility_name": "CABOOLTURE",
        "facility_operationalstatus": "OPERATIONAL",
        "facility_address": null,
        "abs_suburb": "CABOOLTURE",
        "facility_state": "QUEENSLAND",
        "abs_postcode": "4510",
        "facility_attribute_source": "HTTP://DATA.QLD.GOV.AU",
        "facility_attribute_date": null,
        "facility_source": "HTTP://DATA.QLD.GOV.AU",
        "facility_date": null,
        "facility_spatial_confidence": null,
        "facility_revised": "2018-07-04T00:00:00Z",
        "comment_": null,
        "facility_lat": "-27.085793999999964",
        "facility_long": "152.9610150000001",
        "validated": null,
        "gnaf_building_name": "CABOOLTURE FIRE BRIGADE & AMBULANCE STATION",
        "gnaf_address_detail_pid": "GAQLD161444675",
        "gnaf_formatted_address": "54-60 LOWER KING STREET",
        "gnaf_confidence": "0",
        "gnaf_postcode": "4510",
        "gnaf_suburb": "CABOOLTURE",
        "distance_to_gnaf": 17,
        "gnaf_lat": "-27.08589650999994",
        "gnaf_long": "152.9608920600001"
      },
      "geometry": {
        "type": "Point",
        "coordinates": [
          152.96102108925106,
          -27.08578143472749
        ]
      }
    },
    {
      "type": "Feature",
      "properties": {
        "objectid": 749,
        "featuretype": "EMERGENCY FACILITY",
        "descripton": "An emergency management facility from which a particular agency\u2019s resources are commanded, coordinated and assigned to an incident or emergency",
        "class": "AMBULANCE STATION",
        "facility_name": "CARMILA",
        "facility_operationalstatus": "OPERATIONAL",
        "facility_address": null,
        "abs_suburb": "CARMILA",
        "facility_state": "QUEENSLAND",
        "abs_postcode": "4739",
        "facility_attribute_source": "HTTP://DATA.QLD.GOV.AU",
        "facility_attribute_date": null,
        "facility_source": "HTTP://DATA.QLD.GOV.AU",
        "facility_date": null,
        "facility_spatial_confidence": null,
        "facility_revised": "2018-07-04T00:00:00Z",
        "comment_": null,
        "facility_lat": "-21.909449999999936",
        "facility_long": "149.41256700000008",
        "validated": null,
        "gnaf_building_name": null,
        "gnaf_address_detail_pid": "GAQLD160733309",
        "gnaf_formatted_address": "16 MUSIC STREET",
        "gnaf_confidence": "0",
        "gnaf_postcode": "4739",
        "gnaf_suburb": "CARMILA",
        "distance_to_gnaf": 129,
        "gnaf_lat": "-21.909031769999956",
        "gnaf_long": "149.41140253000003"
      },
      "geometry": {
        "type": "Point",
        "coordinates": [
          149.41257400079652,
          -21.909437062535694
        ]
      }
    },
    {
      "type": "Feature",
      "properties": {
        "objectid": 750,
        "featuretype": "EMERGENCY FACILITY",
        "descripton": "An emergency management facility from which a particular agency\u2019s resources are commanded, coordinated and assigned to an incident or emergency",
        "class": "AMBULANCE STATION",
        "facility_name": "CHARLEVILLE",
        "facility_operationalstatus": "OPERATIONAL",
        "facility_address": null,
        "abs_suburb": "CHARLEVILLE",
        "facility_state": "QUEENSLAND",
        "abs_postcode": "4470",
        "facility_attribute_source": "HTTP://DATA.QLD.GOV.AU",
        "facility_attribute_date": null,
        "facility_source": "HTTP://DATA.QLD.GOV.AU",
        "facility_date": null,
        "facility_spatial_confidence": null,
        "facility_revised": "2018-07-04T00:00:00Z",
        "comment_": null,
        "facility_lat": "-26.40410499999996",
        "facility_long": "146.23939000000007",
        "validated": null,
        "gnaf_building_name": null,
        "gnaf_address_detail_pid": "GAQLD156414683",
        "gnaf_formatted_address": "55 EDWARD STREET",
        "gnaf_confidence": "2",
        "gnaf_postcode": "4470",
        "gnaf_suburb": "CHARLEVILLE",
        "distance_to_gnaf": 11,
        "gnaf_lat": "-26.404013989999953",
        "gnaf_long": "146.23934939000003"
      },
      "geometry": {
        "type": "Point",
        "coordinates": [
          146.239396879372,
          -26.40409184663091
        ]
      }
    },
    {
      "type": "Feature",
      "properties": {
        "objectid": 751,
        "featuretype": "EMERGENCY FACILITY",
        "descripton": "An emergency management facility from which a particular agency\u2019s resources are commanded, coordinated and assigned to an incident or emergency",
        "class": "AMBULANCE STATION",
        "facility_name": "CHARTERS TOWERS",
        "facility_operationalstatus": "OPERATIONAL",
        "facility_address": null,
        "abs_suburb": "CHARTERS TOWERS CITY",
        "facility_state": "QUEENSLAND",
        "abs_postcode": "4820",
        "facility_attribute_source": "HTTP://DATA.QLD.GOV.AU",
        "facility_attribute_date": null,
        "facility_source": "HTTP://DATA.QLD.GOV.AU",
        "facility_date": null,
        "facility_spatial_confidence": null,
        "facility_revised": "2018-07-04T00:00:00Z",
        "comment_": null,
        "facility_lat": "-20.076625999999976",
        "facility_long": "146.26592600000004",
        "validated": null,
        "gnaf_building_name": "AMBULANCE STATION",
        "gnaf_address_detail_pid": "GAQLD425250677",
        "gnaf_formatted_address": "153-157 GILL STREET",
        "gnaf_confidence": "0",
        "gnaf_postcode": "4820",
        "gnaf_suburb": "CHARTERS TOWERS CITY",
        "distance_to_gnaf": 22,
        "gnaf_lat": "-20.076448589999927",
        "gnaf_long": "146.26602723000008"
      },
      "geometry": {
        "type": "Point",
        "coordinates": [
          146.26593341845916,
          -20.076612797565467
        ]
      }
    },
    {
      "type": "Feature",
      "properties": {
        "objectid": 752,
        "featuretype": "EMERGENCY FACILITY",
        "descripton": "An emergency management facility from which a particular agency\u2019s resources are commanded, coordinated and assigned to an incident or emergency",
        "class": "AMBULANCE STATION",
        "facility_name": "CHERMSIDE",
        "facility_operationalstatus": "OPERATIONAL",
        "facility_address": null,
        "abs_suburb": "CHERMSIDE",
        "facility_state": "QUEENSLAND",
        "abs_postcode": "4032",
        "facility_attribute_source": "HTTP://DATA.QLD.GOV.AU",
        "facility_attribute_date": null,
        "facility_source": "HTTP://DATA.QLD.GOV.AU",
        "facility_date": null,
        "facility_spatial_confidence": null,
        "facility_revised": "2018-07-04T00:00:00Z",
        "comment_": null,
        "facility_lat": "-27.385133999999937",
        "facility_long": "153.0240960000001",
        "validated": null,
        "gnaf_building_name": null,
        "gnaf_address_detail_pid": "GAQLD161172479",
        "gnaf_formatted_address": "520 HAMILTON ROAD",
        "gnaf_confidence": "0",
        "gnaf_postcode": "4032",
        "gnaf_suburb": "CHERMSIDE",
        "distance_to_gnaf": 7,
        "gnaf_lat": "-27.385197449999964",
        "gnaf_long": "153.0240851200001"
      },
      "geometry": {
        "type": "Point",
        "coordinates": [
          153.02410204499589,
          -27.385121443419955
        ]
      }
    },
    {
      "type": "Feature",
      "properties": {
        "objectid": 753,
        "featuretype": "EMERGENCY FACILITY",
        "descripton": "An emergency management facility from which a particular agency\u2019s resources are commanded, coordinated and assigned to an incident or emergency",
        "class": "AMBULANCE STATION",
        "facility_name": "CHILLAGOE",
        "facility_operationalstatus": "OPERATIONAL",
        "facility_address": null,
        "abs_suburb": "CHILLAGOE",
        "facility_state": "QUEENSLAND",
        "abs_postcode": "4871",
        "facility_attribute_source": "HTTP://DATA.QLD.GOV.AU",
        "facility_attribute_date": null,
        "facility_source": "HTTP://DATA.QLD.GOV.AU",
        "facility_date": null,
        "facility_spatial_confidence": null,
        "facility_revised": "2018-07-04T00:00:00Z",
        "comment_": null,
        "facility_lat": "-17.149952999999982",
        "facility_long": "144.52823200000012",
        "validated": null,
        "gnaf_building_name": null,
        "gnaf_address_detail_pid": "GAQLD162037637",
        "gnaf_formatted_address": "21 HOSPITAL AVENUE",
        "gnaf_confidence": "1",
        "gnaf_postcode": "4871",
        "gnaf_suburb": "CHILLAGOE",
        "distance_to_gnaf": 74,
        "gnaf_lat": "-17.149756629999956",
        "gnaf_long": "144.5288923700001"
      },
      "geometry": {
        "type": "Point",
        "coordinates": [
          144.5282397640925,
          -17.149939652805397
        ]
      }
    },
    {
      "type": "Feature",
      "properties": {
        "objectid": 754,
        "featuretype": "EMERGENCY FACILITY",
        "descripton": "An emergency management facility from which a particular agency\u2019s resources are commanded, coordinated and assigned to an incident or emergency",
        "class": "AMBULANCE STATION",
        "facility_name": "CHINCHILLA",
        "facility_operationalstatus": "OPERATIONAL",
        "facility_address": null,
        "abs_suburb": "CHINCHILLA",
        "facility_state": "QUEENSLAND",
        "abs_postcode": "4413",
        "facility_attribute_source": "HTTP://DATA.QLD.GOV.AU",
        "facility_attribute_date": null,
        "facility_source": "HTTP://DATA.QLD.GOV.AU",
        "facility_date": null,
        "facility_spatial_confidence": null,
        "facility_revised": "2018-07-04T00:00:00Z",
        "comment_": null,
        "facility_lat": "-26.74126199999995",
        "facility_long": "150.62427800000012",
        "validated": null,
        "gnaf_building_name": null,
        "gnaf_address_detail_pid": "GAQLD155174869",
        "gnaf_formatted_address": "68 HEENEY STREET",
        "gnaf_confidence": "2",
        "gnaf_postcode": "4413",
        "gnaf_suburb": "CHINCHILLA",
        "distance_to_gnaf": 9,
        "gnaf_lat": "-26.741256129999954",
        "gnaf_long": "150.6241874200001"
      },
      "geometry": {
        "type": "Point",
        "coordinates": [
          150.6242843771432,
          -26.74124920884105
        ]
      }
    },
    {
      "type": "Feature",
      "properties": {
        "objectid": 755,
        "featuretype": "EMERGENCY FACILITY",
        "descripton": "An emergency management facility from which a particular agency\u2019s resources are commanded, coordinated and assigned to an incident or emergency",
        "class": "AMBULANCE STATION",
        "facility_name": "CLERMONT",
        "facility_operationalstatus": "OPERATIONAL",
        "facility_address": null,
        "abs_suburb": "CLERMONT",
        "facility_state": "QUEENSLAND",
        "abs_postcode": "4721",
        "facility_attribute_source": "HTTP://DATA.QLD.GOV.AU",
        "facility_attribute_date": null,
        "facility_source": "HTTP://DATA.QLD.GOV.AU",
        "facility_date": null,
        "facility_spatial_confidence": null,
        "facility_revised": "2018-07-04T00:00:00Z",
        "comment_": null,
        "facility_lat": "-22.82328099999995",
        "facility_long": "147.64128800000003",
        "validated": null,
        "gnaf_building_name": null,
        "gnaf_address_detail_pid": "GAQLD155166777",
        "gnaf_formatted_address": "36 SIRIUS STREET",
        "gnaf_confidence": "2",
        "gnaf_postcode": "4721",
        "gnaf_suburb": "CLERMONT",
        "distance_to_gnaf": 9,
        "gnaf_lat": "-22.823216539999976",
        "gnaf_long": "147.64133519000006"
      },
      "geometry": {
        "type": "Point",
        "coordinates": [
          147.64129506681468,
          -22.823267924436674
        ]
      }
    },
    {
      "type": "Feature",
      "properties": {
        "objectid": 756,
        "featuretype": "EMERGENCY FACILITY",
        "descripton": "An emergency management facility from which a particular agency\u2019s resources are commanded, coordinated and assigned to an incident or emergency",
        "class": "AMBULANCE STATION",
        "facility_name": "CLEVELAND",
        "facility_operationalstatus": "OPERATIONAL",
        "facility_address": null,
        "abs_suburb": "CLEVELAND",
        "facility_state": "QUEENSLAND",
        "abs_postcode": "4163",
        "facility_attribute_source": "HTTP://DATA.QLD.GOV.AU",
        "facility_attribute_date": null,
        "facility_source": "HTTP://DATA.QLD.GOV.AU",
        "facility_date": null,
        "facility_spatial_confidence": null,
        "facility_revised": "2018-07-04T00:00:00Z",
        "comment_": null,
        "facility_lat": "-27.528043999999966",
        "facility_long": "153.25519300000008",
        "validated": null,
        "gnaf_building_name": "CLEVELAND AMBULANCE",
        "gnaf_address_detail_pid": "GAQLD161463348",
        "gnaf_formatted_address": "39 WELLINGTON STREET",
        "gnaf_confidence": "1",
        "gnaf_postcode": "4163",
        "gnaf_suburb": "CLEVELAND",
        "distance_to_gnaf": 29,
        "gnaf_lat": "-27.528022759999942",
        "gnaf_long": "153.25490244000002"
      },
      "geometry": {
        "type": "Point",
        "coordinates": [
          153.2551990021307,
          -27.52803146784925
        ]
      }
    },
    {
      "type": "Feature",
      "properties": {
        "objectid": 757,
        "featuretype": "EMERGENCY FACILITY",
        "descripton": "An emergency management facility from which a particular agency\u2019s resources are commanded, coordinated and assigned to an incident or emergency",
        "class": "AMBULANCE STATION",
        "facility_name": "CLIFTON",
        "facility_operationalstatus": "OPERATIONAL",
        "facility_address": null,
        "abs_suburb": "CLIFTON",
        "facility_state": "QUEENSLAND",
        "abs_postcode": "4361",
        "facility_attribute_source": "HTTP://DATA.QLD.GOV.AU",
        "facility_attribute_date": null,
        "facility_source": "HTTP://DATA.QLD.GOV.AU",
        "facility_date": null,
        "facility_spatial_confidence": null,
        "facility_revised": "2018-07-04T00:00:00Z",
        "comment_": null,
        "facility_lat": "-27.93099099999995",
        "facility_long": "151.90818000000002",
        "validated": null,
        "gnaf_building_name": null,
        "gnaf_address_detail_pid": "GAQLD155189691",
        "gnaf_formatted_address": "18 QUEEN STREET",
        "gnaf_confidence": "2",
        "gnaf_postcode": "4361",
        "gnaf_suburb": "CLIFTON",
        "distance_to_gnaf": 3,
        "gnaf_lat": "-27.931011629999944",
        "gnaf_long": "151.90819124000006"
      },
      "geometry": {
        "type": "Point",
        "coordinates": [
          151.9081860987681,
          -27.930978338135898
        ]
      }
    },
    {
      "type": "Feature",
      "properties": {
        "objectid": 758,
        "featuretype": "EMERGENCY FACILITY",
        "descripton": "An emergency management facility from which a particular agency\u2019s resources are commanded, coordinated and assigned to an incident or emergency",
        "class": "AMBULANCE STATION",
        "facility_name": "CLONCURRY",
        "facility_operationalstatus": "OPERATIONAL",
        "facility_address": null,
        "abs_suburb": "CLONCURRY",
        "facility_state": "QUEENSLAND",
        "abs_postcode": "4824",
        "facility_attribute_source": "HTTP://DATA.QLD.GOV.AU",
        "facility_attribute_date": null,
        "facility_source": "HTTP://DATA.QLD.GOV.AU",
        "facility_date": null,
        "facility_spatial_confidence": null,
        "facility_revised": "2018-07-04T00:00:00Z",
        "comment_": null,
        "facility_lat": "-20.703912999999943",
        "facility_long": "140.5276980000001",
        "validated": null,
        "gnaf_building_name": null,
        "gnaf_address_detail_pid": "GAQLD425037297",
        "gnaf_formatted_address": "LOT 33 FLINDERS HIGHWAY",
        "gnaf_confidence": "0",
        "gnaf_postcode": "4824",
        "gnaf_suburb": "CLONCURRY",
        "distance_to_gnaf": 158,
        "gnaf_lat": "-20.704929019999952",
        "gnaf_long": "140.52875899000003"
      },
      "geometry": {
        "type": "Point",
        "coordinates": [
          140.52770583339986,
          -20.703899453066487
        ]
      }
    },
    {
      "type": "Feature",
      "properties": {
        "objectid": 759,
        "featuretype": "EMERGENCY FACILITY",
        "descripton": "An emergency management facility from which a particular agency\u2019s resources are commanded, coordinated and assigned to an incident or emergency",
        "class": "AMBULANCE STATION",
        "facility_name": "COLLINSVILLE",
        "facility_operationalstatus": "OPERATIONAL",
        "facility_address": null,
        "abs_suburb": "COLLINSVILLE",
        "facility_state": "QUEENSLAND",
        "abs_postcode": "4804",
        "facility_attribute_source": "HTTP://DATA.QLD.GOV.AU",
        "facility_attribute_date": null,
        "facility_source": "HTTP://DATA.QLD.GOV.AU",
        "facility_date": null,
        "facility_spatial_confidence": null,
        "facility_revised": "2018-07-04T00:00:00Z",
        "comment_": null,
        "facility_lat": "-20.546453999999983",
        "facility_long": "147.8375860000001",
        "validated": null,
        "gnaf_building_name": "COLLINSVILLE M P HEALTH",
        "gnaf_address_detail_pid": "GAQLD156467219",
        "gnaf_formatted_address": "81-91 GARRICK STREET",
        "gnaf_confidence": "1",
        "gnaf_postcode": "4804",
        "gnaf_suburb": "COLLINSVILLE",
        "distance_to_gnaf": 7,
        "gnaf_lat": "-20.54639937999997",
        "gnaf_long": "147.83761098000002"
      },
      "geometry": {
        "type": "Point",
        "coordinates": [
          147.83759325630916,
          -20.546440921093247
        ]
      }
    },
    {
      "type": "Feature",
      "properties": {
        "objectid": 760,
        "featuretype": "EMERGENCY FACILITY",
        "descripton": "An emergency management facility from which a particular agency\u2019s resources are commanded, coordinated and assigned to an incident or emergency",
        "class": "AMBULANCE STATION",
        "facility_name": "COOKTOWN",
        "facility_operationalstatus": "OPERATIONAL",
        "facility_address": null,
        "abs_suburb": "COOKTOWN",
        "facility_state": "QUEENSLAND",
        "abs_postcode": "4895",
        "facility_attribute_source": "HTTP://DATA.QLD.GOV.AU",
        "facility_attribute_date": null,
        "facility_source": "HTTP://DATA.QLD.GOV.AU",
        "facility_date": null,
        "facility_spatial_confidence": null,
        "facility_revised": "2018-07-04T00:00:00Z",
        "comment_": null,
        "facility_lat": "-15.473397999999975",
        "facility_long": "145.248826",
        "validated": null,
        "gnaf_building_name": "AMBULANCE",
        "gnaf_address_detail_pid": "GAQLD156462637",
        "gnaf_formatted_address": "19 HELEN STREET",
        "gnaf_confidence": "2",
        "gnaf_postcode": "4895",
        "gnaf_suburb": "COOKTOWN",
        "distance_to_gnaf": 18,
        "gnaf_lat": "-15.473373049999964",
        "gnaf_long": "145.24866162000012"
      },
      "geometry": {
        "type": "Point",
        "coordinates": [
          145.24883384081477,
          -15.473384686760262
        ]
      }
    },
    {
      "type": "Feature",
      "properties": {
        "objectid": 761,
        "featuretype": "EMERGENCY FACILITY",
        "descripton": "An emergency management facility from which a particular agency\u2019s resources are commanded, coordinated and assigned to an incident or emergency",
        "class": "AMBULANCE STATION",
        "facility_name": "COOLUM",
        "facility_operationalstatus": "OPERATIONAL",
        "facility_address": null,
        "abs_suburb": "COOLUM BEACH",
        "facility_state": "QUEENSLAND",
        "abs_postcode": "4573",
        "facility_attribute_source": "HTTP://DATA.QLD.GOV.AU",
        "facility_attribute_date": null,
        "facility_source": "HTTP://DATA.QLD.GOV.AU",
        "facility_date": null,
        "facility_spatial_confidence": null,
        "facility_revised": "2018-07-04T00:00:00Z",
        "comment_": null,
        "facility_lat": "-26.527784999999938",
        "facility_long": "153.08998700000006",
        "validated": null,
        "gnaf_building_name": "AMBULANCE",
        "gnaf_address_detail_pid": "GAQLD425480362",
        "gnaf_formatted_address": "6 WILLIAM STREET",
        "gnaf_confidence": "2",
        "gnaf_postcode": "4573",
        "gnaf_suburb": "COOLUM BEACH",
        "distance_to_gnaf": 6,
        "gnaf_lat": "-26.527739879999956",
        "gnaf_long": "153.09001161000003"
      },
      "geometry": {
        "type": "Point",
        "coordinates": [
          153.0899931453866,
          -26.527772443228223
        ]
      }
    },
    {
      "type": "Feature",
      "properties": {
        "objectid": 762,
        "featuretype": "EMERGENCY FACILITY",
        "descripton": "An emergency management facility from which a particular agency\u2019s resources are commanded, coordinated and assigned to an incident or emergency",
        "class": "AMBULANCE STATION",
        "facility_name": "COOMERA",
        "facility_operationalstatus": "OPERATIONAL",
        "facility_address": null,
        "abs_suburb": "COOMERA",
        "facility_state": "QUEENSLAND",
        "abs_postcode": "4209",
        "facility_attribute_source": "HTTP://DATA.QLD.GOV.AU",
        "facility_attribute_date": null,
        "facility_source": "HTTP://DATA.QLD.GOV.AU",
        "facility_date": null,
        "facility_spatial_confidence": null,
        "facility_revised": "2018-07-04T00:00:00Z",
        "comment_": null,
        "facility_lat": "-27.85823399999998",
        "facility_long": "153.31018200000005",
        "validated": null,
        "gnaf_building_name": "COOMERA AMBULANCE STATION",
        "gnaf_address_detail_pid": "GAQLD425329763",
        "gnaf_formatted_address": "35 FOXWELL ROAD",
        "gnaf_confidence": "0",
        "gnaf_postcode": "4209",
        "gnaf_suburb": "COOMERA",
        "distance_to_gnaf": 7,
        "gnaf_lat": "-27.858190029999946",
        "gnaf_long": "153.31023850000008"
      },
      "geometry": {
        "type": "Point",
        "coordinates": [
          153.3101879539274,
          -27.85822147602253
        ]
      }
    },
    {
      "type": "Feature",
      "properties": {
        "objectid": 763,
        "featuretype": "EMERGENCY FACILITY",
        "descripton": "An emergency management facility from which a particular agency\u2019s resources are commanded, coordinated and assigned to an incident or emergency",
        "class": "AMBULANCE STATION",
        "facility_name": "COOROY",
        "facility_operationalstatus": "OPERATIONAL",
        "facility_address": null,
        "abs_suburb": "COOROY",
        "facility_state": "QUEENSLAND",
        "abs_postcode": "4563",
        "facility_attribute_source": "HTTP://DATA.QLD.GOV.AU",
        "facility_attribute_date": null,
        "facility_source": "HTTP://DATA.QLD.GOV.AU",
        "facility_date": null,
        "facility_spatial_confidence": null,
        "facility_revised": "2018-07-04T00:00:00Z",
        "comment_": null,
        "facility_lat": "-26.416226999999935",
        "facility_long": "152.91436900000008",
        "validated": null,
        "gnaf_building_name": null,
        "gnaf_address_detail_pid": "GAQLD155207964",
        "gnaf_formatted_address": "41 KAURI STREET",
        "gnaf_confidence": "1",
        "gnaf_postcode": "4563",
        "gnaf_suburb": "COOROY",
        "distance_to_gnaf": 3,
        "gnaf_lat": "-26.41623379999993",
        "gnaf_long": "152.91433573000006"
      },
      "geometry": {
        "type": "Point",
        "coordinates": [
          152.91437517718788,
          -26.41621442472725
        ]
      }
    },
    {
      "type": "Feature",
      "properties": {
        "objectid": 764,
        "featuretype": "EMERGENCY FACILITY",
        "descripton": "An emergency management facility from which a particular agency\u2019s resources are commanded, coordinated and assigned to an incident or emergency",
        "class": "AMBULANCE STATION",
        "facility_name": "CROWS NEST",
        "facility_operationalstatus": "OPERATIONAL",
        "facility_address": null,
        "abs_suburb": "CROWS NEST",
        "facility_state": "QUEENSLAND",
        "abs_postcode": "4355",
        "facility_attribute_source": "HTTP://DATA.QLD.GOV.AU",
        "facility_attribute_date": null,
        "facility_source": "HTTP://DATA.QLD.GOV.AU",
        "facility_date": null,
        "facility_spatial_confidence": null,
        "facility_revised": "2018-07-04T00:00:00Z",
        "comment_": null,
        "facility_lat": "-27.262391999999977",
        "facility_long": "152.05389100000002",
        "validated": null,
        "gnaf_building_name": null,
        "gnaf_address_detail_pid": "GAQLD163178602",
        "gnaf_formatted_address": "4 CURNOW STREET",
        "gnaf_confidence": "2",
        "gnaf_postcode": "4355",
        "gnaf_suburb": "CROWS NEST",
        "distance_to_gnaf": 5,
        "gnaf_lat": "-27.26238116999997",
        "gnaf_long": "152.05384689000005"
      },
      "geometry": {
        "type": "Point",
        "coordinates": [
          152.05389716399452,
          -27.262379346919577
        ]
      }
    },
    {
      "type": "Feature",
      "properties": {
        "objectid": 765,
        "featuretype": "EMERGENCY FACILITY",
        "descripton": "An emergency management facility from which a particular agency\u2019s resources are commanded, coordinated and assigned to an incident or emergency",
        "class": "AMBULANCE STATION",
        "facility_name": "CROYDON",
        "facility_operationalstatus": "OPERATIONAL",
        "facility_address": null,
        "abs_suburb": "CROYDON",
        "facility_state": "QUEENSLAND",
        "abs_postcode": "4871",
        "facility_attribute_source": "HTTP://DATA.QLD.GOV.AU",
        "facility_attribute_date": null,
        "facility_source": "HTTP://DATA.QLD.GOV.AU",
        "facility_date": null,
        "facility_spatial_confidence": null,
        "facility_revised": "2018-07-04T00:00:00Z",
        "comment_": null,
        "facility_lat": "-18.21070499999996",
        "facility_long": "142.23917900000004",
        "validated": null,
        "gnaf_building_name": "CROYDON HOSPITAL",
        "gnaf_address_detail_pid": "GAQLD160679079",
        "gnaf_formatted_address": "1 SIRCOM STREET",
        "gnaf_confidence": "2",
        "gnaf_postcode": "4871",
        "gnaf_suburb": "CROYDON",
        "distance_to_gnaf": 130,
        "gnaf_lat": "-18.21169218999995",
        "gnaf_long": "142.23984179"
      },
      "geometry": {
        "type": "Point",
        "coordinates": [
          142.23918684802686,
          -18.210691522656006
        ]
      }
    },
    {
      "type": "Feature",
      "properties": {
        "objectid": 766,
        "featuretype": "EMERGENCY FACILITY",
        "descripton": "An emergency management facility from which a particular agency\u2019s resources are commanded, coordinated and assigned to an incident or emergency",
        "class": "AMBULANCE STATION",
        "facility_name": "TOWNSVILLE",
        "facility_operationalstatus": "OPERATIONAL",
        "facility_address": null,
        "abs_suburb": "CURRAJONG",
        "facility_state": "QUEENSLAND",
        "abs_postcode": "4812",
        "facility_attribute_source": "HTTP://DATA.QLD.GOV.AU",
        "facility_attribute_date": null,
        "facility_source": "HTTP://DATA.QLD.GOV.AU",
        "facility_date": null,
        "facility_spatial_confidence": null,
        "facility_revised": "2018-07-04T00:00:00Z",
        "comment_": null,
        "facility_lat": "-19.279682999999977",
        "facility_long": "146.7833740000001",
        "validated": null,
        "gnaf_building_name": null,
        "gnaf_address_detail_pid": "GAQLD156495791",
        "gnaf_formatted_address": "225 HUGH STREET",
        "gnaf_confidence": "1",
        "gnaf_postcode": "4812",
        "gnaf_suburb": "CURRAJONG",
        "distance_to_gnaf": 1,
        "gnaf_lat": "-19.279683689999956",
        "gnaf_long": "146.78336917000001"
      },
      "geometry": {
        "type": "Point",
        "coordinates": [
          146.78338144529994,
          -19.27966982912666
        ]
      }
    },
    {
      "type": "Feature",
      "properties": {
        "objectid": 767,
        "featuretype": "EMERGENCY FACILITY",
        "descripton": "An emergency management facility from which a particular agency\u2019s resources are commanded, coordinated and assigned to an incident or emergency",
        "class": "AMBULANCE STATION",
        "facility_name": "DAJARRA",
        "facility_operationalstatus": "OPERATIONAL",
        "facility_address": null,
        "abs_suburb": "DAJARRA",
        "facility_state": "QUEENSLAND",
        "abs_postcode": "4825",
        "facility_attribute_source": "HTTP://DATA.QLD.GOV.AU",
        "facility_attribute_date": null,
        "facility_source": "HTTP://DATA.QLD.GOV.AU",
        "facility_date": null,
        "facility_spatial_confidence": null,
        "facility_revised": "2018-07-04T00:00:00Z",
        "comment_": null,
        "facility_lat": "-21.693922999999927",
        "facility_long": "139.51435400000003",
        "validated": null,
        "gnaf_building_name": null,
        "gnaf_address_detail_pid": "GAQLD425811792",
        "gnaf_formatted_address": "14-20 MATHESON STREET",
        "gnaf_confidence": "0",
        "gnaf_postcode": "4825",
        "gnaf_suburb": "DAJARRA",
        "distance_to_gnaf": 13,
        "gnaf_lat": "-21.694033649999938",
        "gnaf_long": "139.51438072000008"
      },
      "geometry": {
        "type": "Point",
        "coordinates": [
          139.51436186699502,
          -21.693909413426415
        ]
      }
    },
    {
      "type": "Feature",
      "properties": {
        "objectid": 768,
        "featuretype": "EMERGENCY FACILITY",
        "descripton": "An emergency management facility from which a particular agency\u2019s resources are commanded, coordinated and assigned to an incident or emergency",
        "class": "AMBULANCE STATION",
        "facility_name": "DALBY",
        "facility_operationalstatus": "OPERATIONAL",
        "facility_address": null,
        "abs_suburb": "DALBY",
        "facility_state": "QUEENSLAND",
        "abs_postcode": "4405",
        "facility_attribute_source": "HTTP://DATA.QLD.GOV.AU",
        "facility_attribute_date": null,
        "facility_source": "HTTP://DATA.QLD.GOV.AU",
        "facility_date": null,
        "facility_spatial_confidence": null,
        "facility_revised": "2018-07-04T00:00:00Z",
        "comment_": null,
        "facility_lat": "-27.18559799999997",
        "facility_long": "151.2603620000001",
        "validated": null,
        "gnaf_building_name": null,
        "gnaf_address_detail_pid": "GAQLD155227060",
        "gnaf_formatted_address": "154 CUNNINGHAM STREET",
        "gnaf_confidence": "2",
        "gnaf_postcode": "4405",
        "gnaf_suburb": "DALBY",
        "distance_to_gnaf": 7,
        "gnaf_lat": "-27.185564889999966",
        "gnaf_long": "151.2603022500001"
      },
      "geometry": {
        "type": "Point",
        "coordinates": [
          151.2603682583026,
          -27.185585270946373
        ]
      }
    },
    {
      "type": "Feature",
      "properties": {
        "objectid": 769,
        "featuretype": "EMERGENCY FACILITY",
        "descripton": "An emergency management facility from which a particular agency\u2019s resources are commanded, coordinated and assigned to an incident or emergency",
        "class": "AMBULANCE STATION",
        "facility_name": "CENTENARY",
        "facility_operationalstatus": "OPERATIONAL",
        "facility_address": null,
        "abs_suburb": "DARRA",
        "facility_state": "QUEENSLAND",
        "abs_postcode": "4076",
        "facility_attribute_source": "HTTP://DATA.QLD.GOV.AU",
        "facility_attribute_date": null,
        "facility_source": "HTTP://DATA.QLD.GOV.AU",
        "facility_date": null,
        "facility_spatial_confidence": null,
        "facility_revised": "2018-07-04T00:00:00Z",
        "comment_": null,
        "facility_lat": "-27.55946799999998",
        "facility_long": "152.9429520000001",
        "validated": null,
        "gnaf_building_name": null,
        "gnaf_address_detail_pid": "GAQLD162916756",
        "gnaf_formatted_address": "23 SUMNERS ROAD",
        "gnaf_confidence": "0",
        "gnaf_postcode": "4076",
        "gnaf_suburb": "DARRA",
        "distance_to_gnaf": 60,
        "gnaf_lat": "-27.55980926999996",
        "gnaf_long": "152.94248734000007"
      },
      "geometry": {
        "type": "Point",
        "coordinates": [
          152.94295803174597,
          -27.559455436662592
        ]
      }
    },
    {
      "type": "Feature",
      "properties": {
        "objectid": 770,
        "featuretype": "EMERGENCY FACILITY",
        "descripton": "An emergency management facility from which a particular agency\u2019s resources are commanded, coordinated and assigned to an incident or emergency",
        "class": "AMBULANCE STATION",
        "facility_name": "DAYBORO",
        "facility_operationalstatus": "OPERATIONAL",
        "facility_address": null,
        "abs_suburb": "DAYBORO",
        "facility_state": "QUEENSLAND",
        "abs_postcode": "4521",
        "facility_attribute_source": "HTTP://DATA.QLD.GOV.AU",
        "facility_attribute_date": null,
        "facility_source": "HTTP://DATA.QLD.GOV.AU",
        "facility_date": null,
        "facility_spatial_confidence": null,
        "facility_revised": "2018-07-04T00:00:00Z",
        "comment_": null,
        "facility_lat": "-27.19142599999998",
        "facility_long": "152.81356700000003",
        "validated": null,
        "gnaf_building_name": null,
        "gnaf_address_detail_pid": "GAQLD155238337",
        "gnaf_formatted_address": "140 MCKENZIE STREET",
        "gnaf_confidence": "2",
        "gnaf_postcode": "4521",
        "gnaf_suburb": "DAYBORO",
        "distance_to_gnaf": 148,
        "gnaf_lat": "-27.19272209999997",
        "gnaf_long": "152.8139053100001"
      },
      "geometry": {
        "type": "Point",
        "coordinates": [
          152.8135730916767,
          -27.191413420844288
        ]
      }
    },
    {
      "type": "Feature",
      "properties": {
        "objectid": 771,
        "featuretype": "EMERGENCY FACILITY",
        "descripton": "An emergency management facility from which a particular agency\u2019s resources are commanded, coordinated and assigned to an incident or emergency",
        "class": "AMBULANCE STATION",
        "facility_name": "DECEPTION BAY",
        "facility_operationalstatus": "OPERATIONAL",
        "facility_address": null,
        "abs_suburb": "DECEPTION BAY",
        "facility_state": "QUEENSLAND",
        "abs_postcode": "4508",
        "facility_attribute_source": "HTTP://DATA.QLD.GOV.AU",
        "facility_attribute_date": null,
        "facility_source": "HTTP://DATA.QLD.GOV.AU",
        "facility_date": null,
        "facility_spatial_confidence": null,
        "facility_revised": "2018-07-04T00:00:00Z",
        "comment_": null,
        "facility_lat": "-27.192154999999957",
        "facility_long": "153.021384",
        "validated": null,
        "gnaf_building_name": "DECEPTION BAY AMBULANCE STATION",
        "gnaf_address_detail_pid": "GAQLD157854451",
        "gnaf_formatted_address": "415 DECEPTION BAY ROAD",
        "gnaf_confidence": "1",
        "gnaf_postcode": "4508",
        "gnaf_suburb": "DECEPTION BAY",
        "distance_to_gnaf": 26,
        "gnaf_lat": "-27.192363329999978",
        "gnaf_long": "153.0212655900001"
      },
      "geometry": {
        "type": "Point",
        "coordinates": [
          153.02139006954906,
          -27.1921424416217
        ]
      }
    },
    {
      "type": "Feature",
      "properties": {
        "objectid": 772,
        "featuretype": "EMERGENCY FACILITY",
        "descripton": "An emergency management facility from which a particular agency\u2019s resources are commanded, coordinated and assigned to an incident or emergency",
        "class": "AMBULANCE STATION",
        "facility_name": "DIMBULAH",
        "facility_operationalstatus": "OPERATIONAL",
        "facility_address": null,
        "abs_suburb": "DIMBULAH",
        "facility_state": "QUEENSLAND",
        "abs_postcode": "4872",
        "facility_attribute_source": "HTTP://DATA.QLD.GOV.AU",
        "facility_attribute_date": null,
        "facility_source": "HTTP://DATA.QLD.GOV.AU",
        "facility_date": null,
        "facility_spatial_confidence": null,
        "facility_revised": "2018-07-04T00:00:00Z",
        "comment_": null,
        "facility_lat": "-17.148787999999968",
        "facility_long": "145.10886200000004",
        "validated": null,
        "gnaf_building_name": null,
        "gnaf_address_detail_pid": "GAQLD161428195",
        "gnaf_formatted_address": "13-17 BRICKLEY STREET",
        "gnaf_confidence": "1",
        "gnaf_postcode": "4872",
        "gnaf_suburb": "DIMBULAH",
        "distance_to_gnaf": 14,
        "gnaf_lat": "-17.14866207999995",
        "gnaf_long": "145.10884253000006"
      },
      "geometry": {
        "type": "Point",
        "coordinates": [
          145.1088697268547,
          -17.148774691514316
        ]
      }
    },
    {
      "type": "Feature",
      "properties": {
        "objectid": 773,
        "featuretype": "EMERGENCY FACILITY",
        "descripton": "An emergency management facility from which a particular agency\u2019s resources are commanded, coordinated and assigned to an incident or emergency",
        "class": "AMBULANCE STATION",
        "facility_name": "DIRRANBANDI",
        "facility_operationalstatus": "OPERATIONAL",
        "facility_address": null,
        "abs_suburb": "DIRRANBANDI",
        "facility_state": "QUEENSLAND",
        "abs_postcode": "4486",
        "facility_attribute_source": "HTTP://DATA.QLD.GOV.AU",
        "facility_attribute_date": null,
        "facility_source": "HTTP://DATA.QLD.GOV.AU",
        "facility_date": null,
        "facility_spatial_confidence": null,
        "facility_revised": "2018-07-04T00:00:00Z",
        "comment_": null,
        "facility_lat": "-28.57974399999995",
        "facility_long": "148.22904900000003",
        "validated": null,
        "gnaf_building_name": null,
        "gnaf_address_detail_pid": "GAQLD156514453",
        "gnaf_formatted_address": "36-48 CROTHERS STREET",
        "gnaf_confidence": "1",
        "gnaf_postcode": "4486",
        "gnaf_suburb": "DIRRANBANDI",
        "distance_to_gnaf": 123,
        "gnaf_lat": "-28.57865998999995",
        "gnaf_long": "148.2287631800001"
      },
      "geometry": {
        "type": "Point",
        "coordinates": [
          148.22905544457623,
          -28.579731016915737
        ]
      }
    },
    {
      "type": "Feature",
      "properties": {
        "objectid": 774,
        "featuretype": "EMERGENCY FACILITY",
        "descripton": "An emergency management facility from which a particular agency\u2019s resources are commanded, coordinated and assigned to an incident or emergency",
        "class": "AMBULANCE STATION",
        "facility_name": "DUARINGA",
        "facility_operationalstatus": "OPERATIONAL",
        "facility_address": null,
        "abs_suburb": "DUARINGA",
        "facility_state": "QUEENSLAND",
        "abs_postcode": "4712",
        "facility_attribute_source": "HTTP://DATA.QLD.GOV.AU",
        "facility_attribute_date": null,
        "facility_source": "HTTP://DATA.QLD.GOV.AU",
        "facility_date": null,
        "facility_spatial_confidence": null,
        "facility_revised": "2018-07-04T00:00:00Z",
        "comment_": null,
        "facility_lat": "-23.714561999999944",
        "facility_long": "149.6734100000001",
        "validated": null,
        "gnaf_building_name": null,
        "gnaf_address_detail_pid": "GAQLD156535489",
        "gnaf_formatted_address": "10 ALICE STREET",
        "gnaf_confidence": "1",
        "gnaf_postcode": "4712",
        "gnaf_suburb": "DUARINGA",
        "distance_to_gnaf": 26,
        "gnaf_lat": "-23.714546019999943",
        "gnaf_long": "149.67315142000007"
      },
      "geometry": {
        "type": "Point",
        "coordinates": [
          149.67341679649303,
          -23.714549099970228
        ]
      }
    },
    {
      "type": "Feature",
      "properties": {
        "objectid": 775,
        "featuretype": "EMERGENCY FACILITY",
        "descripton": "An emergency management facility from which a particular agency\u2019s resources are commanded, coordinated and assigned to an incident or emergency",
        "class": "AMBULANCE STATION",
        "facility_name": "DUNWICH",
        "facility_operationalstatus": "OPERATIONAL",
        "facility_address": null,
        "abs_suburb": "DUNWICH",
        "facility_state": "QUEENSLAND",
        "abs_postcode": "4183",
        "facility_attribute_source": "HTTP://DATA.QLD.GOV.AU",
        "facility_attribute_date": null,
        "facility_source": "HTTP://DATA.QLD.GOV.AU",
        "facility_date": null,
        "facility_spatial_confidence": null,
        "facility_revised": "2018-07-04T00:00:00Z",
        "comment_": null,
        "facility_lat": "-27.497292999999956",
        "facility_long": "153.39994500000012",
        "validated": null,
        "gnaf_building_name": null,
        "gnaf_address_detail_pid": "GAQLD155250437",
        "gnaf_formatted_address": "34 PETRIE STREET",
        "gnaf_confidence": "2",
        "gnaf_postcode": "4183",
        "gnaf_suburb": "DUNWICH",
        "distance_to_gnaf": 15,
        "gnaf_lat": "-27.49717585999997",
        "gnaf_long": "153.40002546000005"
      },
      "geometry": {
        "type": "Point",
        "coordinates": [
          153.399950990538,
          -27.497280482308753
        ]
      }
    },
    {
      "type": "Feature",
      "properties": {
        "objectid": 776,
        "featuretype": "EMERGENCY FACILITY",
        "descripton": "An emergency management facility from which a particular agency\u2019s resources are commanded, coordinated and assigned to an incident or emergency",
        "class": "AMBULANCE STATION",
        "facility_name": "DURACK",
        "facility_operationalstatus": "OPERATIONAL",
        "facility_address": null,
        "abs_suburb": "DURACK",
        "facility_state": "QUEENSLAND",
        "abs_postcode": "4077",
        "facility_attribute_source": "HTTP://DATA.QLD.GOV.AU",
        "facility_attribute_date": null,
        "facility_source": "HTTP://DATA.QLD.GOV.AU",
        "facility_date": null,
        "facility_spatial_confidence": null,
        "facility_revised": "2018-07-04T00:00:00Z",
        "comment_": null,
        "facility_lat": "-27.587448999999935",
        "facility_long": "152.98593600000004",
        "validated": null,
        "gnaf_building_name": null,
        "gnaf_address_detail_pid": "GAQLD155264340",
        "gnaf_formatted_address": "530 BLUNDER ROAD",
        "gnaf_confidence": "0",
        "gnaf_postcode": "4077",
        "gnaf_suburb": "DURACK",
        "distance_to_gnaf": 27,
        "gnaf_lat": "-27.587609219999933",
        "gnaf_long": "152.98572443000012"
      },
      "geometry": {
        "type": "Point",
        "coordinates": [
          152.9859420235802,
          -27.587436441187513
        ]
      }
    },
    {
      "type": "Feature",
      "properties": {
        "objectid": 777,
        "featuretype": "EMERGENCY FACILITY",
        "descripton": "An emergency management facility from which a particular agency\u2019s resources are commanded, coordinated and assigned to an incident or emergency",
        "class": "AMBULANCE STATION",
        "facility_name": "DYSART",
        "facility_operationalstatus": "OPERATIONAL",
        "facility_address": null,
        "abs_suburb": "DYSART",
        "facility_state": "QUEENSLAND",
        "abs_postcode": "4745",
        "facility_attribute_source": "HTTP://DATA.QLD.GOV.AU",
        "facility_attribute_date": null,
        "facility_source": "HTTP://DATA.QLD.GOV.AU",
        "facility_date": null,
        "facility_spatial_confidence": null,
        "facility_revised": "2018-07-04T00:00:00Z",
        "comment_": null,
        "facility_lat": "-22.585425999999927",
        "facility_long": "148.34937200000002",
        "validated": null,
        "gnaf_building_name": null,
        "gnaf_address_detail_pid": "GAQLD156527692",
        "gnaf_formatted_address": "47 QUEEN ELIZABETH DRIVE",
        "gnaf_confidence": "2",
        "gnaf_postcode": "4745",
        "gnaf_suburb": "DYSART",
        "distance_to_gnaf": 20,
        "gnaf_lat": "-22.58546334999994",
        "gnaf_long": "148.3491803600001"
      },
      "geometry": {
        "type": "Point",
        "coordinates": [
          148.34937902646215,
          -22.585412979188227
        ]
      }
    },
    {
      "type": "Feature",
      "properties": {
        "objectid": 778,
        "featuretype": "EMERGENCY FACILITY",
        "descripton": "An emergency management facility from which a particular agency\u2019s resources are commanded, coordinated and assigned to an incident or emergency",
        "class": "AMBULANCE STATION",
        "facility_name": "BEENLEIGH",
        "facility_operationalstatus": "OPERATIONAL",
        "facility_address": null,
        "abs_suburb": "EAGLEBY",
        "facility_state": "QUEENSLAND",
        "abs_postcode": "4207",
        "facility_attribute_source": "HTTP://DATA.QLD.GOV.AU",
        "facility_attribute_date": null,
        "facility_source": "HTTP://DATA.QLD.GOV.AU",
        "facility_date": null,
        "facility_spatial_confidence": null,
        "facility_revised": "2018-07-04T00:00:00Z",
        "comment_": null,
        "facility_lat": "-27.703011999999944",
        "facility_long": "153.20120600000007",
        "validated": null,
        "gnaf_building_name": "BEENLEIGH AMBULANCE",
        "gnaf_address_detail_pid": "GAQLD161268775",
        "gnaf_formatted_address": "21  ",
        "gnaf_confidence": "0",
        "gnaf_postcode": "4207",
        "gnaf_suburb": "EAGLEBY",
        "distance_to_gnaf": 14,
        "gnaf_lat": "-27.70305437999997",
        "gnaf_long": "153.2013430400001"
      },
      "geometry": {
        "type": "Point",
        "coordinates": [
          153.20121198564055,
          -27.702999463764595
        ]
      }
    },
    {
      "type": "Feature",
      "properties": {
        "objectid": 779,
        "featuretype": "EMERGENCY FACILITY",
        "descripton": "An emergency management facility from which a particular agency\u2019s resources are commanded, coordinated and assigned to an incident or emergency",
        "class": "AMBULANCE STATION",
        "facility_name": "EATONS HILL",
        "facility_operationalstatus": "OPERATIONAL",
        "facility_address": null,
        "abs_suburb": "EATONS HILL",
        "facility_state": "QUEENSLAND",
        "abs_postcode": "4037",
        "facility_attribute_source": "HTTP://DATA.QLD.GOV.AU",
        "facility_attribute_date": null,
        "facility_source": "HTTP://DATA.QLD.GOV.AU",
        "facility_date": null,
        "facility_spatial_confidence": null,
        "facility_revised": "2018-07-04T00:00:00Z",
        "comment_": null,
        "facility_lat": "-27.337098999999967",
        "facility_long": "152.96025600000007",
        "validated": null,
        "gnaf_building_name": null,
        "gnaf_address_detail_pid": "GAQLD162117709",
        "gnaf_formatted_address": "5 APEX GROVE",
        "gnaf_confidence": "1",
        "gnaf_postcode": "4037",
        "gnaf_suburb": "EATONS HILL",
        "distance_to_gnaf": 43,
        "gnaf_lat": "-27.336950999999942",
        "gnaf_long": "152.95985651000012"
      },
      "geometry": {
        "type": "Point",
        "coordinates": [
          152.96026205785464,
          -27.337086436640657
        ]
      }
    },
    {
      "type": "Feature",
      "properties": {
        "objectid": 780,
        "featuretype": "EMERGENCY FACILITY",
        "descripton": "An emergency management facility from which a particular agency\u2019s resources are commanded, coordinated and assigned to an incident or emergency",
        "class": "AMBULANCE STATION",
        "facility_name": "HUGHENDEN",
        "facility_operationalstatus": "OPERATIONAL",
        "facility_address": null,
        "abs_suburb": "HUGHENDEN",
        "facility_state": "QUEENSLAND",
        "abs_postcode": "4821",
        "facility_attribute_source": "HTTP://DATA.QLD.GOV.AU",
        "facility_attribute_date": null,
        "facility_source": "HTTP://DATA.QLD.GOV.AU",
        "facility_date": null,
        "facility_spatial_confidence": null,
        "facility_revised": "2018-07-04T00:00:00Z",
        "comment_": null,
        "facility_lat": "-20.84572899999995",
        "facility_long": "144.19836600000008",
        "validated": null,
        "gnaf_building_name": null,
        "gnaf_address_detail_pid": "GAQLD155395107",
        "gnaf_formatted_address": "25 MORAN STREET",
        "gnaf_confidence": "2",
        "gnaf_postcode": "4821",
        "gnaf_suburb": "HUGHENDEN",
        "distance_to_gnaf": 5,
        "gnaf_lat": "-20.845689359999938",
        "gnaf_long": "144.19834865000007"
      },
      "geometry": {
        "type": "Point",
        "coordinates": [
          144.19837352296005,
          -20.845715662082434
        ]
      }
    },
    {
      "type": "Feature",
      "properties": {
        "objectid": 781,
        "featuretype": "EMERGENCY FACILITY",
        "descripton": "An emergency management facility from which a particular agency\u2019s resources are commanded, coordinated and assigned to an incident or emergency",
        "class": "AMBULANCE STATION",
        "facility_name": "CALEN",
        "facility_operationalstatus": "OPERATIONAL",
        "facility_address": null,
        "abs_suburb": "CALEN",
        "facility_state": "QUEENSLAND",
        "abs_postcode": "4798",
        "facility_attribute_source": "HTTP://DATA.QLD.GOV.AU",
        "facility_attribute_date": null,
        "facility_source": "HTTP://DATA.QLD.GOV.AU",
        "facility_date": null,
        "facility_spatial_confidence": null,
        "facility_revised": "2018-07-04T00:00:00Z",
        "comment_": null,
        "facility_lat": "-20.900793999999962",
        "facility_long": "148.7601350000001",
        "validated": null,
        "gnaf_building_name": "CALEN AMBULANCE STATION",
        "gnaf_address_detail_pid": "GAQLD162049217",
        "gnaf_formatted_address": "145 MCINTYRE STREET",
        "gnaf_confidence": "0",
        "gnaf_postcode": "4798",
        "gnaf_suburb": "CALEN",
        "distance_to_gnaf": 52,
        "gnaf_lat": "-20.900786909999965",
        "gnaf_long": "148.7596321300001"
      },
      "geometry": {
        "type": "Point",
        "coordinates": [
          148.7601421510946,
          -20.900780998997188
        ]
      }
    },
    {
      "type": "Feature",
      "properties": {
        "objectid": 782,
        "featuretype": "EMERGENCY FACILITY",
        "descripton": "An emergency management facility from which a particular agency\u2019s resources are commanded, coordinated and assigned to an incident or emergency",
        "class": "AMBULANCE STATION",
        "facility_name": "CALLIOPE",
        "facility_operationalstatus": "OPERATIONAL",
        "facility_address": null,
        "abs_suburb": "CALLIOPE",
        "facility_state": "QUEENSLAND",
        "abs_postcode": "4680",
        "facility_attribute_source": "HTTP://DATA.QLD.GOV.AU",
        "facility_attribute_date": null,
        "facility_source": "HTTP://DATA.QLD.GOV.AU",
        "facility_date": null,
        "facility_spatial_confidence": null,
        "facility_revised": "2018-07-04T00:00:00Z",
        "comment_": null,
        "facility_lat": "-24.00577099999998",
        "facility_long": "151.20048800000006",
        "validated": null,
        "gnaf_building_name": null,
        "gnaf_address_detail_pid": "GAQLD156393225",
        "gnaf_formatted_address": "4 BLOOMFIELD STREET",
        "gnaf_confidence": "2",
        "gnaf_postcode": "4680",
        "gnaf_suburb": "CALLIOPE",
        "distance_to_gnaf": 2,
        "gnaf_lat": "-24.005765099999962",
        "gnaf_long": "151.20050088000005"
      },
      "geometry": {
        "type": "Point",
        "coordinates": [
          151.20049462496718,
          -24.005758239790964
        ]
      }
    },
    {
      "type": "Feature",
      "properties": {
        "objectid": 783,
        "featuretype": "EMERGENCY FACILITY",
        "descripton": "An emergency management facility from which a particular agency\u2019s resources are commanded, coordinated and assigned to an incident or emergency",
        "class": "AMBULANCE STATION",
        "facility_name": "CALOUNDRA",
        "facility_operationalstatus": "OPERATIONAL",
        "facility_address": null,
        "abs_suburb": "CALOUNDRA",
        "facility_state": "QUEENSLAND",
        "abs_postcode": "4551",
        "facility_attribute_source": "HTTP://DATA.QLD.GOV.AU",
        "facility_attribute_date": null,
        "facility_source": "HTTP://DATA.QLD.GOV.AU",
        "facility_date": null,
        "facility_spatial_confidence": null,
        "facility_revised": "2018-07-04T00:00:00Z",
        "comment_": null,
        "facility_lat": "-26.80195699999996",
        "facility_long": "153.12004100000001",
        "validated": null,
        "gnaf_building_name": "QAS CALOUNDRA",
        "gnaf_address_detail_pid": "GAQLD156380027",
        "gnaf_formatted_address": "2 WEST TERRACE",
        "gnaf_confidence": "1",
        "gnaf_postcode": "4551",
        "gnaf_suburb": "CALOUNDRA",
        "distance_to_gnaf": 6,
        "gnaf_lat": "-26.801929249999944",
        "gnaf_long": "153.11998655000002"
      },
      "geometry": {
        "type": "Point",
        "coordinates": [
          153.12004710808827,
          -26.801944448442253
        ]
      }
    },
    {
      "type": "Feature",
      "properties": {
        "objectid": 784,
        "featuretype": "EMERGENCY FACILITY",
        "descripton": "An emergency management facility from which a particular agency\u2019s resources are commanded, coordinated and assigned to an incident or emergency",
        "class": "AMBULANCE STATION",
        "facility_name": "WHITSUNDAY",
        "facility_operationalstatus": "OPERATIONAL",
        "facility_address": null,
        "abs_suburb": "CANNONVALE",
        "facility_state": "QUEENSLAND",
        "abs_postcode": "4802",
        "facility_attribute_source": "HTTP://DATA.QLD.GOV.AU",
        "facility_attribute_date": null,
        "facility_source": "HTTP://DATA.QLD.GOV.AU",
        "facility_date": null,
        "facility_spatial_confidence": null,
        "facility_revised": "2018-07-04T00:00:00Z",
        "comment_": null,
        "facility_lat": "-20.275759999999934",
        "facility_long": "148.698033",
        "validated": null,
        "gnaf_building_name": null,
        "gnaf_address_detail_pid": "GAQLD156396377",
        "gnaf_formatted_address": "7 SCHNAPPER STREET",
        "gnaf_confidence": "2",
        "gnaf_postcode": "4802",
        "gnaf_suburb": "CANNONVALE",
        "distance_to_gnaf": 19,
        "gnaf_lat": "-20.275597429999948",
        "gnaf_long": "148.69799148000004"
      },
      "geometry": {
        "type": "Point",
        "coordinates": [
          148.69804021441828,
          -20.275746988583585
        ]
      }
    },
    {
      "type": "Feature",
      "properties": {
        "objectid": 785,
        "featuretype": "EMERGENCY FACILITY",
        "descripton": "An emergency management facility from which a particular agency\u2019s resources are commanded, coordinated and assigned to an incident or emergency",
        "class": "AMBULANCE STATION",
        "facility_name": "CANUNGRA",
        "facility_operationalstatus": "OPERATIONAL",
        "facility_address": null,
        "abs_suburb": "CANUNGRA",
        "facility_state": "QUEENSLAND",
        "abs_postcode": "4275",
        "facility_attribute_source": "HTTP://DATA.QLD.GOV.AU",
        "facility_attribute_date": null,
        "facility_source": "HTTP://DATA.QLD.GOV.AU",
        "facility_date": null,
        "facility_spatial_confidence": null,
        "facility_revised": "2018-07-04T00:00:00Z",
        "comment_": null,
        "facility_lat": "-28.01672199999996",
        "facility_long": "153.16293900000005",
        "validated": null,
        "gnaf_building_name": null,
        "gnaf_address_detail_pid": "GAQLD161748410",
        "gnaf_formatted_address": "24-26 CHRISTIE STREET",
        "gnaf_confidence": "2",
        "gnaf_postcode": "4275",
        "gnaf_suburb": "CANUNGRA",
        "distance_to_gnaf": 10,
        "gnaf_lat": "-28.016673539999942",
        "gnaf_long": "153.16302439000003"
      },
      "geometry": {
        "type": "Point",
        "coordinates": [
          153.1629449496987,
          -28.016709462360364
        ]
      }
    },
    {
      "type": "Feature",
      "properties": {
        "objectid": 786,
        "featuretype": "EMERGENCY FACILITY",
        "descripton": "An emergency management facility from which a particular agency\u2019s resources are commanded, coordinated and assigned to an incident or emergency",
        "class": "AMBULANCE STATION",
        "facility_name": "CAPALABA",
        "facility_operationalstatus": "OPERATIONAL",
        "facility_address": null,
        "abs_suburb": "CAPALABA",
        "facility_state": "QUEENSLAND",
        "abs_postcode": "4157",
        "facility_attribute_source": "HTTP://DATA.QLD.GOV.AU",
        "facility_attribute_date": null,
        "facility_source": "HTTP://DATA.QLD.GOV.AU",
        "facility_date": null,
        "facility_spatial_confidence": null,
        "facility_revised": "2018-07-04T00:00:00Z",
        "comment_": null,
        "facility_lat": "-27.542641999999944",
        "facility_long": "153.19017400000007",
        "validated": null,
        "gnaf_building_name": "CAPALABA AMBULANCE",
        "gnaf_address_detail_pid": "GAQLD155124692",
        "gnaf_formatted_address": "221 MOUNT COTTON ROAD",
        "gnaf_confidence": "1",
        "gnaf_postcode": "4157",
        "gnaf_suburb": "CAPALABA",
        "distance_to_gnaf": 11,
        "gnaf_lat": "-27.54265468999995",
        "gnaf_long": "153.19005989000004"
      },
      "geometry": {
        "type": "Point",
        "coordinates": [
          153.19018000725802,
          -27.54262946138717
        ]
      }
    },
    {
      "type": "Feature",
      "properties": {
        "objectid": 787,
        "featuretype": "EMERGENCY FACILITY",
        "descripton": "An emergency management facility from which a particular agency\u2019s resources are commanded, coordinated and assigned to an incident or emergency",
        "class": "AMBULANCE STATION",
        "facility_name": "CAPELLA",
        "facility_operationalstatus": "OPERATIONAL",
        "facility_address": null,
        "abs_suburb": "CAPELLA",
        "facility_state": "QUEENSLAND",
        "abs_postcode": "4723",
        "facility_attribute_source": "HTTP://DATA.QLD.GOV.AU",
        "facility_attribute_date": null,
        "facility_source": "HTTP://DATA.QLD.GOV.AU",
        "facility_date": null,
        "facility_spatial_confidence": null,
        "facility_revised": "2018-07-04T00:00:00Z",
        "comment_": null,
        "facility_lat": "-23.089527999999973",
        "facility_long": "148.02551500000004",
        "validated": null,
        "gnaf_building_name": null,
        "gnaf_address_detail_pid": "GAQLD156408399",
        "gnaf_formatted_address": "9 GORDON STREET",
        "gnaf_confidence": "2",
        "gnaf_postcode": "4723",
        "gnaf_suburb": "CAPELLA",
        "distance_to_gnaf": 1,
        "gnaf_lat": "-23.089527129999965",
        "gnaf_long": "148.02550396000004"
      },
      "geometry": {
        "type": "Point",
        "coordinates": [
          148.02552200775236,
          -23.089514957131403
        ]
      }
    },
    {
      "type": "Feature",
      "properties": {
        "objectid": 788,
        "featuretype": "EMERGENCY FACILITY",
        "descripton": "An emergency management facility from which a particular agency\u2019s resources are commanded, coordinated and assigned to an incident or emergency",
        "class": "AMBULANCE STATION",
        "facility_name": "CARDWELL",
        "facility_operationalstatus": "OPERATIONAL",
        "facility_address": null,
        "abs_suburb": "CARDWELL",
        "facility_state": "QUEENSLAND",
        "abs_postcode": "4849",
        "facility_attribute_source": "HTTP://DATA.QLD.GOV.AU",
        "facility_attribute_date": null,
        "facility_source": "HTTP://DATA.QLD.GOV.AU",
        "facility_date": null,
        "facility_spatial_confidence": null,
        "facility_revised": "2018-07-04T00:00:00Z",
        "comment_": null,
        "facility_lat": "-18.25579399999998",
        "facility_long": "146.0169830000001",
        "validated": null,
        "gnaf_building_name": null,
        "gnaf_address_detail_pid": "GAQLD157704456",
        "gnaf_formatted_address": "222 VICTORIA STREET",
        "gnaf_confidence": "2",
        "gnaf_postcode": "4849",
        "gnaf_suburb": "CARDWELL",
        "distance_to_gnaf": 7,
        "gnaf_lat": "-18.255734879999977",
        "gnaf_long": "146.01700587000005"
      },
      "geometry": {
        "type": "Point",
        "coordinates": [
          146.01699058238276,
          -18.25578076428191
        ]
      }
    },
    {
      "type": "Feature",
      "properties": {
        "objectid": 789,
        "featuretype": "EMERGENCY FACILITY",
        "descripton": "An emergency management facility from which a particular agency\u2019s resources are commanded, coordinated and assigned to an incident or emergency",
        "class": "AMBULANCE STATION",
        "facility_name": "EIDSVOLD",
        "facility_operationalstatus": "OPERATIONAL",
        "facility_address": null,
        "abs_suburb": "EIDSVOLD",
        "facility_state": "QUEENSLAND",
        "abs_postcode": "4627",
        "facility_attribute_source": "HTTP://DATA.QLD.GOV.AU",
        "facility_attribute_date": null,
        "facility_source": "HTTP://DATA.QLD.GOV.AU",
        "facility_date": null,
        "facility_spatial_confidence": null,
        "facility_revised": "2018-07-04T00:00:00Z",
        "comment_": null,
        "facility_lat": "-25.37046799999996",
        "facility_long": "151.1228860000001",
        "validated": null,
        "gnaf_building_name": null,
        "gnaf_address_detail_pid": "GAQLD160220528",
        "gnaf_formatted_address": "43 MORETON STREET",
        "gnaf_confidence": "1",
        "gnaf_postcode": "4627",
        "gnaf_suburb": "EIDSVOLD",
        "distance_to_gnaf": 2,
        "gnaf_lat": "-25.37048582999995",
        "gnaf_long": "151.1228944400001"
      },
      "geometry": {
        "type": "Point",
        "coordinates": [
          151.122892480438,
          -25.370455243683477
        ]
      }
    },
    {
      "type": "Feature",
      "properties": {
        "objectid": 790,
        "featuretype": "EMERGENCY FACILITY",
        "descripton": "An emergency management facility from which a particular agency\u2019s resources are commanded, coordinated and assigned to an incident or emergency",
        "class": "AMBULANCE STATION",
        "facility_name": "EMERALD",
        "facility_operationalstatus": "OPERATIONAL",
        "facility_address": null,
        "abs_suburb": "EMERALD",
        "facility_state": "QUEENSLAND",
        "abs_postcode": "4720",
        "facility_attribute_source": "HTTP://DATA.QLD.GOV.AU",
        "facility_attribute_date": null,
        "facility_source": "HTTP://DATA.QLD.GOV.AU",
        "facility_date": null,
        "facility_spatial_confidence": null,
        "facility_revised": "2018-07-04T00:00:00Z",
        "comment_": null,
        "facility_lat": "-23.516153999999972",
        "facility_long": "148.15515400000004",
        "validated": null,
        "gnaf_building_name": null,
        "gnaf_address_detail_pid": "GAQLD161183464",
        "gnaf_formatted_address": "LOT 46 HOSPITAL ROAD",
        "gnaf_confidence": "0",
        "gnaf_postcode": "4720",
        "gnaf_suburb": "EMERALD",
        "distance_to_gnaf": 51,
        "gnaf_lat": "-23.515701729999932",
        "gnaf_long": "148.15504009000006"
      },
      "geometry": {
        "type": "Point",
        "coordinates": [
          148.15516095569927,
          -23.516140971043832
        ]
      }
    },
    {
      "type": "Feature",
      "properties": {
        "objectid": 791,
        "featuretype": "EMERGENCY FACILITY",
        "descripton": "An emergency management facility from which a particular agency\u2019s resources are commanded, coordinated and assigned to an incident or emergency",
        "class": "AMBULANCE STATION",
        "facility_name": "EMU PARK",
        "facility_operationalstatus": "OPERATIONAL",
        "facility_address": null,
        "abs_suburb": "EMU PARK",
        "facility_state": "QUEENSLAND",
        "abs_postcode": "4710",
        "facility_attribute_source": "HTTP://DATA.QLD.GOV.AU",
        "facility_attribute_date": null,
        "facility_source": "HTTP://DATA.QLD.GOV.AU",
        "facility_date": null,
        "facility_spatial_confidence": null,
        "facility_revised": "2018-07-04T00:00:00Z",
        "comment_": null,
        "facility_lat": "-23.266892999999982",
        "facility_long": "150.820195",
        "validated": null,
        "gnaf_building_name": "FIRE STATION",
        "gnaf_address_detail_pid": "GAQLD161950127",
        "gnaf_formatted_address": "55 CONNOR STREET",
        "gnaf_confidence": "0",
        "gnaf_postcode": "4710",
        "gnaf_suburb": "EMU PARK",
        "distance_to_gnaf": 14,
        "gnaf_lat": "-23.26676853999993",
        "gnaf_long": "150.82020678000003"
      },
      "geometry": {
        "type": "Point",
        "coordinates": [
          150.8202017397451,
          -23.266880198608657
        ]
      }
    },
    {
      "type": "Feature",
      "properties": {
        "objectid": 792,
        "featuretype": "EMERGENCY FACILITY",
        "descripton": "An emergency management facility from which a particular agency\u2019s resources are commanded, coordinated and assigned to an incident or emergency",
        "class": "AMBULANCE STATION",
        "facility_name": "HAPPY VALLEY",
        "facility_operationalstatus": "OPERATIONAL",
        "facility_address": null,
        "abs_suburb": "FRASER ISLAND",
        "facility_state": "QUEENSLAND",
        "abs_postcode": "4581",
        "facility_attribute_source": "HTTP://DATA.QLD.GOV.AU",
        "facility_attribute_date": null,
        "facility_source": "HTTP://DATA.QLD.GOV.AU",
        "facility_date": null,
        "facility_spatial_confidence": null,
        "facility_revised": "2018-07-04T00:00:00Z",
        "comment_": null,
        "facility_lat": "-25.33620099999996",
        "facility_long": "153.20190100000002",
        "validated": null,
        "gnaf_building_name": null,
        "gnaf_address_detail_pid": "GAQLD163176621",
        "gnaf_formatted_address": "LOT 113 WARRY STREET",
        "gnaf_confidence": "1",
        "gnaf_postcode": "4581",
        "gnaf_suburb": "FRASER ISLAND",
        "distance_to_gnaf": 9,
        "gnaf_lat": "-25.33613332999994",
        "gnaf_long": "153.20185760000004"
      },
      "geometry": {
        "type": "Point",
        "coordinates": [
          153.20190728116435,
          -25.336188444901726
        ]
      }
    },
    {
      "type": "Feature",
      "properties": {
        "objectid": 793,
        "featuretype": "EMERGENCY FACILITY",
        "descripton": "An emergency management facility from which a particular agency\u2019s resources are commanded, coordinated and assigned to an incident or emergency",
        "class": "AMBULANCE STATION",
        "facility_name": "GATTON",
        "facility_operationalstatus": "OPERATIONAL",
        "facility_address": null,
        "abs_suburb": "GATTON",
        "facility_state": "QUEENSLAND",
        "abs_postcode": "4343",
        "facility_attribute_source": "HTTP://DATA.QLD.GOV.AU",
        "facility_attribute_date": null,
        "facility_source": "HTTP://DATA.QLD.GOV.AU",
        "facility_date": null,
        "facility_spatial_confidence": null,
        "facility_revised": "2018-07-04T00:00:00Z",
        "comment_": null,
        "facility_lat": "-27.558798999999965",
        "facility_long": "152.27474000000007",
        "validated": null,
        "gnaf_building_name": null,
        "gnaf_address_detail_pid": "GAQLD155318864",
        "gnaf_formatted_address": "90 SPENCER STREET",
        "gnaf_confidence": "1",
        "gnaf_postcode": "4343",
        "gnaf_suburb": "GATTON",
        "distance_to_gnaf": 12,
        "gnaf_lat": "-27.558906469999954",
        "gnaf_long": "152.27470954000012"
      },
      "geometry": {
        "type": "Point",
        "coordinates": [
          152.27474610408782,
          -27.558786370672987
        ]
      }
    },
    {
      "type": "Feature",
      "properties": {
        "objectid": 794,
        "featuretype": "EMERGENCY FACILITY",
        "descripton": "An emergency management facility from which a particular agency\u2019s resources are commanded, coordinated and assigned to an incident or emergency",
        "class": "AMBULANCE STATION",
        "facility_name": "GEORGETOWN",
        "facility_operationalstatus": "OPERATIONAL",
        "facility_address": null,
        "abs_suburb": "GEORGETOWN",
        "facility_state": "QUEENSLAND",
        "abs_postcode": "4871",
        "facility_attribute_source": "HTTP://DATA.QLD.GOV.AU",
        "facility_attribute_date": null,
        "facility_source": "HTTP://DATA.QLD.GOV.AU",
        "facility_date": null,
        "facility_spatial_confidence": null,
        "facility_revised": "2018-07-04T00:00:00Z",
        "comment_": null,
        "facility_lat": "-18.292693999999926",
        "facility_long": "143.54722000000004",
        "validated": null,
        "gnaf_building_name": "GEORGETOWN HOSPITAL",
        "gnaf_address_detail_pid": "GAQLD157951917",
        "gnaf_formatted_address": "1 NORMANTON STREET",
        "gnaf_confidence": "1",
        "gnaf_postcode": "4871",
        "gnaf_suburb": "GEORGETOWN",
        "distance_to_gnaf": 55,
        "gnaf_lat": "-18.292360499999972",
        "gnaf_long": "143.54684034000002"
      },
      "geometry": {
        "type": "Point",
        "coordinates": [
          143.5472277510642,
          -18.292680600115222
        ]
      }
    },
    {
      "type": "Feature",
      "properties": {
        "objectid": 795,
        "featuretype": "EMERGENCY FACILITY",
        "descripton": "An emergency management facility from which a particular agency\u2019s resources are commanded, coordinated and assigned to an incident or emergency",
        "class": "AMBULANCE STATION",
        "facility_name": "GIN GIN",
        "facility_operationalstatus": "OPERATIONAL",
        "facility_address": null,
        "abs_suburb": "GIN GIN",
        "facility_state": "QUEENSLAND",
        "abs_postcode": "4671",
        "facility_attribute_source": "HTTP://DATA.QLD.GOV.AU",
        "facility_attribute_date": null,
        "facility_source": "HTTP://DATA.QLD.GOV.AU",
        "facility_date": null,
        "facility_spatial_confidence": null,
        "facility_revised": "2018-07-04T00:00:00Z",
        "comment_": null,
        "facility_lat": "-24.987076999999942",
        "facility_long": "151.9538110000001",
        "validated": null,
        "gnaf_building_name": null,
        "gnaf_address_detail_pid": "GAQLD156599831",
        "gnaf_formatted_address": "8 MULGRAVE STREET",
        "gnaf_confidence": "2",
        "gnaf_postcode": "4671",
        "gnaf_suburb": "GIN GIN",
        "distance_to_gnaf": 3,
        "gnaf_lat": "-24.987081579999938",
        "gnaf_long": "151.95383504000006"
      },
      "geometry": {
        "type": "Point",
        "coordinates": [
          151.95381744317436,
          -24.987064319054028
        ]
      }
    },
    {
      "type": "Feature",
      "properties": {
        "objectid": 796,
        "featuretype": "EMERGENCY FACILITY",
        "descripton": "An emergency management facility from which a particular agency\u2019s resources are commanded, coordinated and assigned to an incident or emergency",
        "class": "AMBULANCE STATION",
        "facility_name": "CUNGULLA FIRST RESPONDER",
        "facility_operationalstatus": "OPERATIONAL",
        "facility_address": null,
        "abs_suburb": "GIRU",
        "facility_state": "QUEENSLAND",
        "abs_postcode": "4809",
        "facility_attribute_source": "HTTP://DATA.QLD.GOV.AU",
        "facility_attribute_date": null,
        "facility_source": "HTTP://DATA.QLD.GOV.AU",
        "facility_date": null,
        "facility_spatial_confidence": null,
        "facility_revised": "2018-07-04T00:00:00Z",
        "comment_": null,
        "facility_lat": "-19.55121699999995",
        "facility_long": "147.10556000000008",
        "validated": null,
        "gnaf_building_name": null,
        "gnaf_address_detail_pid": "GAQLD720311993",
        "gnaf_formatted_address": "419 SHIRBOURNE ROAD",
        "gnaf_confidence": "1",
        "gnaf_postcode": "4809",
        "gnaf_suburb": "GIRU",
        "distance_to_gnaf": 202,
        "gnaf_lat": "-19.55058589999993",
        "gnaf_long": "147.10736931000008"
      },
      "geometry": {
        "type": "Point",
        "coordinates": [
          147.1055673987934,
          -19.55120385577496
        ]
      }
    },
    {
      "type": "Feature",
      "properties": {
        "objectid": 797,
        "featuretype": "EMERGENCY FACILITY",
        "descripton": "An emergency management facility from which a particular agency\u2019s resources are commanded, coordinated and assigned to an incident or emergency",
        "class": "AMBULANCE STATION",
        "facility_name": "GIRU",
        "facility_operationalstatus": "OPERATIONAL",
        "facility_address": null,
        "abs_suburb": "GIRU",
        "facility_state": "QUEENSLAND",
        "abs_postcode": "4809",
        "facility_attribute_source": "HTTP://DATA.QLD.GOV.AU",
        "facility_attribute_date": null,
        "facility_source": "HTTP://DATA.QLD.GOV.AU",
        "facility_date": null,
        "facility_spatial_confidence": null,
        "facility_revised": "2018-07-04T00:00:00Z",
        "comment_": null,
        "facility_lat": "-19.517348999999967",
        "facility_long": "147.10337000000004",
        "validated": null,
        "gnaf_building_name": "GIRU AMBULANCE CENTRE",
        "gnaf_address_detail_pid": "GAQLD162832710",
        "gnaf_formatted_address": "1 SHIRBOURNE ROAD",
        "gnaf_confidence": "2",
        "gnaf_postcode": "4809",
        "gnaf_suburb": "GIRU",
        "distance_to_gnaf": 10,
        "gnaf_lat": "-19.517332889999977",
        "gnaf_long": "147.10346574000005"
      },
      "geometry": {
        "type": "Point",
        "coordinates": [
          147.1033774018295,
          -19.517335855322735
        ]
      }
    },
    {
      "type": "Feature",
      "properties": {
        "objectid": 798,
        "featuretype": "EMERGENCY FACILITY",
        "descripton": "An emergency management facility from which a particular agency\u2019s resources are commanded, coordinated and assigned to an incident or emergency",
        "class": "AMBULANCE STATION",
        "facility_name": "GLADSTONE",
        "facility_operationalstatus": "OPERATIONAL",
        "facility_address": null,
        "abs_suburb": "GLADSTONE CENTRAL",
        "facility_state": "QUEENSLAND",
        "abs_postcode": "4680",
        "facility_attribute_source": "HTTP://DATA.QLD.GOV.AU",
        "facility_attribute_date": null,
        "facility_source": "HTTP://DATA.QLD.GOV.AU",
        "facility_date": null,
        "facility_spatial_confidence": null,
        "facility_revised": "2018-07-04T00:00:00Z",
        "comment_": null,
        "facility_lat": "-23.84945099999993",
        "facility_long": "151.25785700000006",
        "validated": null,
        "gnaf_building_name": null,
        "gnaf_address_detail_pid": "GAQLD162508142",
        "gnaf_formatted_address": "120 GLENLYON STREET",
        "gnaf_confidence": "2",
        "gnaf_postcode": "4680",
        "gnaf_suburb": "GLADSTONE CENTRAL",
        "distance_to_gnaf": 3,
        "gnaf_lat": "-23.84943439999995",
        "gnaf_long": "151.25788335000004"
      },
      "geometry": {
        "type": "Point",
        "coordinates": [
          151.25786363694053,
          -23.849438243851765
        ]
      }
    },
    {
      "type": "Feature",
      "properties": {
        "objectid": 799,
        "featuretype": "EMERGENCY FACILITY",
        "descripton": "An emergency management facility from which a particular agency\u2019s resources are commanded, coordinated and assigned to an incident or emergency",
        "class": "AMBULANCE STATION",
        "facility_name": "GLENDEN",
        "facility_operationalstatus": "OPERATIONAL",
        "facility_address": null,
        "abs_suburb": "GLENDEN",
        "facility_state": "QUEENSLAND",
        "abs_postcode": "4743",
        "facility_attribute_source": "HTTP://DATA.QLD.GOV.AU",
        "facility_attribute_date": null,
        "facility_source": "HTTP://DATA.QLD.GOV.AU",
        "facility_date": null,
        "facility_spatial_confidence": null,
        "facility_revised": "2018-07-04T00:00:00Z",
        "comment_": null,
        "facility_lat": "-21.357929999999953",
        "facility_long": "148.11860400000012",
        "validated": null,
        "gnaf_building_name": null,
        "gnaf_address_detail_pid": "GAQLD161946914",
        "gnaf_formatted_address": "6 BELL PLACE",
        "gnaf_confidence": "2",
        "gnaf_postcode": "4743",
        "gnaf_suburb": "GLENDEN",
        "distance_to_gnaf": 4,
        "gnaf_lat": "-21.357915069999933",
        "gnaf_long": "148.11857190000012"
      },
      "geometry": {
        "type": "Point",
        "coordinates": [
          148.11861116031056,
          -21.357916950331514
        ]
      }
    },
    {
      "type": "Feature",
      "properties": {
        "objectid": 800,
        "featuretype": "EMERGENCY FACILITY",
        "descripton": "An emergency management facility from which a particular agency\u2019s resources are commanded, coordinated and assigned to an incident or emergency",
        "class": "AMBULANCE STATION",
        "facility_name": "GOONDIWINDI",
        "facility_operationalstatus": "OPERATIONAL",
        "facility_address": null,
        "abs_suburb": "GOONDIWINDI",
        "facility_state": "QUEENSLAND",
        "abs_postcode": "4390",
        "facility_attribute_source": "HTTP://DATA.QLD.GOV.AU",
        "facility_attribute_date": null,
        "facility_source": "HTTP://DATA.QLD.GOV.AU",
        "facility_date": null,
        "facility_spatial_confidence": null,
        "facility_revised": "2018-07-04T00:00:00Z",
        "comment_": null,
        "facility_lat": "-28.547660999999948",
        "facility_long": "150.31361100000004",
        "validated": null,
        "gnaf_building_name": null,
        "gnaf_address_detail_pid": "GAQLD155360366",
        "gnaf_formatted_address": "183 MARSHALL STREET",
        "gnaf_confidence": "2",
        "gnaf_postcode": "4390",
        "gnaf_suburb": "GOONDIWINDI",
        "distance_to_gnaf": 9,
        "gnaf_lat": "-28.54763356999996",
        "gnaf_long": "150.31352475000006"
      },
      "geometry": {
        "type": "Point",
        "coordinates": [
          150.31361720584835,
          -28.54764819487243
        ]
      }
    },
    {
      "type": "Feature",
      "properties": {
        "objectid": 801,
        "featuretype": "EMERGENCY FACILITY",
        "descripton": "An emergency management facility from which a particular agency\u2019s resources are commanded, coordinated and assigned to an incident or emergency",
        "class": "AMBULANCE STATION",
        "facility_name": "GORDONVALE",
        "facility_operationalstatus": "OPERATIONAL",
        "facility_address": null,
        "abs_suburb": "GORDONVALE",
        "facility_state": "QUEENSLAND",
        "abs_postcode": "4865",
        "facility_attribute_source": "HTTP://DATA.QLD.GOV.AU",
        "facility_attribute_date": null,
        "facility_source": "HTTP://DATA.QLD.GOV.AU",
        "facility_date": null,
        "facility_spatial_confidence": null,
        "facility_revised": "2018-07-04T00:00:00Z",
        "comment_": null,
        "facility_lat": "-17.09357499999993",
        "facility_long": "145.78725300000008",
        "validated": null,
        "gnaf_building_name": null,
        "gnaf_address_detail_pid": "GAQLD720731203",
        "gnaf_formatted_address": "32 MILL STREET",
        "gnaf_confidence": "0",
        "gnaf_postcode": "4865",
        "gnaf_suburb": "GORDONVALE",
        "distance_to_gnaf": 10,
        "gnaf_lat": "-17.093653339999946",
        "gnaf_long": "145.78721602000007"
      },
      "geometry": {
        "type": "Point",
        "coordinates": [
          145.78726068765712,
          -17.093561738058135
        ]
      }
    },
    {
      "type": "Feature",
      "properties": {
        "objectid": 802,
        "featuretype": "EMERGENCY FACILITY",
        "descripton": "An emergency management facility from which a particular agency\u2019s resources are commanded, coordinated and assigned to an incident or emergency",
        "class": "AMBULANCE STATION",
        "facility_name": "GRACEMERE",
        "facility_operationalstatus": "OPERATIONAL",
        "facility_address": null,
        "abs_suburb": "GRACEMERE",
        "facility_state": "QUEENSLAND",
        "abs_postcode": "4702",
        "facility_attribute_source": "HTTP://DATA.QLD.GOV.AU",
        "facility_attribute_date": null,
        "facility_source": "HTTP://DATA.QLD.GOV.AU",
        "facility_date": null,
        "facility_spatial_confidence": null,
        "facility_revised": "2018-07-04T00:00:00Z",
        "comment_": null,
        "facility_lat": "-23.443871999999942",
        "facility_long": "150.45627000000002",
        "validated": null,
        "gnaf_building_name": null,
        "gnaf_address_detail_pid": "GAQLD162370975",
        "gnaf_formatted_address": "34 BLAND STREET",
        "gnaf_confidence": "2",
        "gnaf_postcode": "4702",
        "gnaf_suburb": "GRACEMERE",
        "distance_to_gnaf": 21,
        "gnaf_lat": "-23.44400115999997",
        "gnaf_long": "150.4561190500001"
      },
      "geometry": {
        "type": "Point",
        "coordinates": [
          150.45627675346918,
          -23.443859167028354
        ]
      }
    },
    {
      "type": "Feature",
      "properties": {
        "objectid": 803,
        "featuretype": "EMERGENCY FACILITY",
        "descripton": "An emergency management facility from which a particular agency\u2019s resources are commanded, coordinated and assigned to an incident or emergency",
        "class": "AMBULANCE STATION",
        "facility_name": "GREENVALE FIRST RESPONDER",
        "facility_operationalstatus": "OPERATIONAL",
        "facility_address": null,
        "abs_suburb": "GREENVALE",
        "facility_state": "QUEENSLAND",
        "abs_postcode": "4816",
        "facility_attribute_source": "HTTP://DATA.QLD.GOV.AU",
        "facility_attribute_date": null,
        "facility_source": "HTTP://DATA.QLD.GOV.AU",
        "facility_date": null,
        "facility_spatial_confidence": null,
        "facility_revised": "2018-07-04T00:00:00Z",
        "comment_": null,
        "facility_lat": "-19.00240199999996",
        "facility_long": "144.98341400000004",
        "validated": null,
        "gnaf_building_name": "SES BUILDING & AMBUL",
        "gnaf_address_detail_pid": "GAQLD425478823",
        "gnaf_formatted_address": "8 REDBANK DRIVE",
        "gnaf_confidence": "0",
        "gnaf_postcode": "4816",
        "gnaf_suburb": "GREENVALE",
        "distance_to_gnaf": 10,
        "gnaf_lat": "-19.002332859999967",
        "gnaf_long": "144.9833537300001"
      },
      "geometry": {
        "type": "Point",
        "coordinates": [
          144.9834215982624,
          -19.00238869861086
        ]
      }
    },
    {
      "type": "Feature",
      "properties": {
        "objectid": 804,
        "featuretype": "EMERGENCY FACILITY",
        "descripton": "An emergency management facility from which a particular agency\u2019s resources are commanded, coordinated and assigned to an incident or emergency",
        "class": "AMBULANCE STATION",
        "facility_name": "GYMPIE",
        "facility_operationalstatus": "OPERATIONAL",
        "facility_address": null,
        "abs_suburb": "GYMPIE",
        "facility_state": "QUEENSLAND",
        "abs_postcode": "4570",
        "facility_attribute_source": "HTTP://DATA.QLD.GOV.AU",
        "facility_attribute_date": null,
        "facility_source": "HTTP://DATA.QLD.GOV.AU",
        "facility_date": null,
        "facility_spatial_confidence": null,
        "facility_revised": "2018-07-04T00:00:00Z",
        "comment_": null,
        "facility_lat": "-26.185862999999983",
        "facility_long": "152.6579630000001",
        "validated": null,
        "gnaf_building_name": null,
        "gnaf_address_detail_pid": "GAQLD156627081",
        "gnaf_formatted_address": "17 ALFRED STREET",
        "gnaf_confidence": "1",
        "gnaf_postcode": "4570",
        "gnaf_suburb": "GYMPIE",
        "distance_to_gnaf": 27,
        "gnaf_lat": "-26.186086889999956",
        "gnaf_long": "152.6580736400001"
      },
      "geometry": {
        "type": "Point",
        "coordinates": [
          152.65796923148292,
          -26.18585039739132
        ]
      }
    },
    {
      "type": "Feature",
      "properties": {
        "objectid": 805,
        "featuretype": "EMERGENCY FACILITY",
        "descripton": "An emergency management facility from which a particular agency\u2019s resources are commanded, coordinated and assigned to an incident or emergency",
        "class": "AMBULANCE STATION",
        "facility_name": "LONGREACH",
        "facility_operationalstatus": "OPERATIONAL",
        "facility_address": null,
        "abs_suburb": "LONGREACH",
        "facility_state": "QUEENSLAND",
        "abs_postcode": "4730",
        "facility_attribute_source": "HTTP://DATA.QLD.GOV.AU",
        "facility_attribute_date": null,
        "facility_source": "HTTP://DATA.QLD.GOV.AU",
        "facility_date": null,
        "facility_spatial_confidence": null,
        "facility_revised": "2018-07-04T00:00:00Z",
        "comment_": null,
        "facility_lat": "-23.43985699999996",
        "facility_long": "144.25697000000002",
        "validated": null,
        "gnaf_building_name": null,
        "gnaf_address_detail_pid": "GAQLD160692788",
        "gnaf_formatted_address": "17 SUNBIRD STREET",
        "gnaf_confidence": "2",
        "gnaf_postcode": "4730",
        "gnaf_suburb": "LONGREACH",
        "distance_to_gnaf": 9,
        "gnaf_lat": "-23.43991472999994",
        "gnaf_long": "144.25691561000008"
      },
      "geometry": {
        "type": "Point",
        "coordinates": [
          144.2569773249019,
          -23.43984368675125
        ]
      }
    },
    {
      "type": "Feature",
      "properties": {
        "objectid": 806,
        "featuretype": "EMERGENCY FACILITY",
        "descripton": "An emergency management facility from which a particular agency\u2019s resources are commanded, coordinated and assigned to an incident or emergency",
        "class": "AMBULANCE STATION",
        "facility_name": "LOWOOD",
        "facility_operationalstatus": "OPERATIONAL",
        "facility_address": null,
        "abs_suburb": "LOWOOD",
        "facility_state": "QUEENSLAND",
        "abs_postcode": "4311",
        "facility_attribute_source": "HTTP://DATA.QLD.GOV.AU",
        "facility_attribute_date": null,
        "facility_source": "HTTP://DATA.QLD.GOV.AU",
        "facility_date": null,
        "facility_spatial_confidence": null,
        "facility_revised": "2018-07-04T00:00:00Z",
        "comment_": null,
        "facility_lat": "-27.463796999999943",
        "facility_long": "152.58133400000008",
        "validated": null,
        "gnaf_building_name": null,
        "gnaf_address_detail_pid": "GAQLD162057550",
        "gnaf_formatted_address": "11 PEACE STREET",
        "gnaf_confidence": "1",
        "gnaf_postcode": "4311",
        "gnaf_suburb": "LOWOOD",
        "distance_to_gnaf": 17,
        "gnaf_lat": "-27.463804739999944",
        "gnaf_long": "152.58116738"
      },
      "geometry": {
        "type": "Point",
        "coordinates": [
          152.58134008266964,
          -27.463784399982504
        ]
      }
    },
    {
      "type": "Feature",
      "properties": {
        "objectid": 807,
        "featuretype": "EMERGENCY FACILITY",
        "descripton": "An emergency management facility from which a particular agency\u2019s resources are commanded, coordinated and assigned to an incident or emergency",
        "class": "AMBULANCE STATION",
        "facility_name": "MACLEAY ISLAND",
        "facility_operationalstatus": "OPERATIONAL",
        "facility_address": null,
        "abs_suburb": "MACLEAY ISLAND",
        "facility_state": "QUEENSLAND",
        "abs_postcode": "4184",
        "facility_attribute_source": "HTTP://DATA.QLD.GOV.AU",
        "facility_attribute_date": null,
        "facility_source": "HTTP://DATA.QLD.GOV.AU",
        "facility_date": null,
        "facility_spatial_confidence": null,
        "facility_revised": "2018-07-04T00:00:00Z",
        "comment_": null,
        "facility_lat": "-27.62885099999994",
        "facility_long": "153.36317200000008",
        "validated": null,
        "gnaf_building_name": "REDLANDS BLUE CARE SMBI RESPITE CENTRE",
        "gnaf_address_detail_pid": "GAQLD719708449",
        "gnaf_formatted_address": "40 HIGH CENTRAL ROAD",
        "gnaf_confidence": "0",
        "gnaf_postcode": "4184",
        "gnaf_suburb": "MACLEAY ISLAND",
        "distance_to_gnaf": 12,
        "gnaf_lat": "-27.62887694999995",
        "gnaf_long": "153.36329296000008"
      },
      "geometry": {
        "type": "Point",
        "coordinates": [
          153.3631779776293,
          -27.628838479603267
        ]
      }
    },
    {
      "type": "Feature",
      "properties": {
        "objectid": 808,
        "featuretype": "EMERGENCY FACILITY",
        "descripton": "An emergency management facility from which a particular agency\u2019s resources are commanded, coordinated and assigned to an incident or emergency",
        "class": "AMBULANCE STATION",
        "facility_name": "MALANDA",
        "facility_operationalstatus": "OPERATIONAL",
        "facility_address": null,
        "abs_suburb": "MALANDA",
        "facility_state": "QUEENSLAND",
        "abs_postcode": "4885",
        "facility_attribute_source": "HTTP://DATA.QLD.GOV.AU",
        "facility_attribute_date": null,
        "facility_source": "HTTP://DATA.QLD.GOV.AU",
        "facility_date": null,
        "facility_spatial_confidence": null,
        "facility_revised": "2018-07-04T00:00:00Z",
        "comment_": null,
        "facility_lat": "-17.353614999999934",
        "facility_long": "145.5955570000001",
        "validated": null,
        "gnaf_building_name": null,
        "gnaf_address_detail_pid": "GAQLD156777346",
        "gnaf_formatted_address": "2 CATHERINE STREET",
        "gnaf_confidence": "2",
        "gnaf_postcode": "4885",
        "gnaf_suburb": "MALANDA",
        "distance_to_gnaf": 8,
        "gnaf_lat": "-17.35363377999994",
        "gnaf_long": "145.59563249000007"
      },
      "geometry": {
        "type": "Point",
        "coordinates": [
          145.59556468017226,
          -17.353601726790025
        ]
      }
    },
    {
      "type": "Feature",
      "properties": {
        "objectid": 809,
        "featuretype": "EMERGENCY FACILITY",
        "descripton": "An emergency management facility from which a particular agency\u2019s resources are commanded, coordinated and assigned to an incident or emergency",
        "class": "AMBULANCE STATION",
        "facility_name": "MALENY",
        "facility_operationalstatus": "OPERATIONAL",
        "facility_address": null,
        "abs_suburb": "MALENY",
        "facility_state": "QUEENSLAND",
        "abs_postcode": "4552",
        "facility_attribute_source": "HTTP://DATA.QLD.GOV.AU",
        "facility_attribute_date": null,
        "facility_source": "HTTP://DATA.QLD.GOV.AU",
        "facility_date": null,
        "facility_spatial_confidence": null,
        "facility_revised": "2018-07-04T00:00:00Z",
        "comment_": null,
        "facility_lat": "-26.755296999999928",
        "facility_long": "152.84557300000006",
        "validated": null,
        "gnaf_building_name": "QAS MALENY",
        "gnaf_address_detail_pid": "GAQLD155513369",
        "gnaf_formatted_address": "8 BEAN STREET",
        "gnaf_confidence": "2",
        "gnaf_postcode": "4552",
        "gnaf_suburb": "MALENY",
        "distance_to_gnaf": 20,
        "gnaf_lat": "-26.755432129999974",
        "gnaf_long": "152.84570850000011"
      },
      "geometry": {
        "type": "Point",
        "coordinates": [
          152.84557914242433,
          -26.75528442056952
        ]
      }
    },
    {
      "type": "Feature",
      "properties": {
        "objectid": 810,
        "featuretype": "EMERGENCY FACILITY",
        "descripton": "An emergency management facility from which a particular agency\u2019s resources are commanded, coordinated and assigned to an incident or emergency",
        "class": "AMBULANCE STATION",
        "facility_name": "WYNNUM",
        "facility_operationalstatus": "OPERATIONAL",
        "facility_address": null,
        "abs_suburb": "MANLY WEST",
        "facility_state": "QUEENSLAND",
        "abs_postcode": "4179",
        "facility_attribute_source": "HTTP://DATA.QLD.GOV.AU",
        "facility_attribute_date": null,
        "facility_source": "HTTP://DATA.QLD.GOV.AU",
        "facility_date": null,
        "facility_spatial_confidence": null,
        "facility_revised": "2018-07-04T00:00:00Z",
        "comment_": null,
        "facility_lat": "-27.465153999999927",
        "facility_long": "153.1821000000001",
        "validated": null,
        "gnaf_building_name": "WYNNUM HOSPITAL",
        "gnaf_address_detail_pid": "GAQLD156810112",
        "gnaf_formatted_address": "150 WHITES ROAD",
        "gnaf_confidence": "1",
        "gnaf_postcode": "4179",
        "gnaf_suburb": "LOTA",
        "distance_to_gnaf": 123,
        "gnaf_lat": "-27.46417022999998",
        "gnaf_long": "153.1826809800001"
      },
      "geometry": {
        "type": "Point",
        "coordinates": [
          153.18210601796906,
          -27.465141459960417
        ]
      }
    },
    {
      "type": "Feature",
      "properties": {
        "objectid": 811,
        "featuretype": "EMERGENCY FACILITY",
        "descripton": "An emergency management facility from which a particular agency\u2019s resources are commanded, coordinated and assigned to an incident or emergency",
        "class": "AMBULANCE STATION",
        "facility_name": "CAIRNS",
        "facility_operationalstatus": "OPERATIONAL",
        "facility_address": null,
        "abs_suburb": "MANUNDA",
        "facility_state": "QUEENSLAND",
        "abs_postcode": "4870",
        "facility_attribute_source": "HTTP://DATA.QLD.GOV.AU",
        "facility_attribute_date": null,
        "facility_source": "HTTP://DATA.QLD.GOV.AU",
        "facility_date": null,
        "facility_spatial_confidence": null,
        "facility_revised": "2018-07-04T00:00:00Z",
        "comment_": null,
        "facility_lat": "-16.913675999999953",
        "facility_long": "145.751032",
        "validated": null,
        "gnaf_building_name": null,
        "gnaf_address_detail_pid": "GAQLD155530930",
        "gnaf_formatted_address": "42-50 ANDERSON STREET",
        "gnaf_confidence": "2",
        "gnaf_postcode": "4870",
        "gnaf_suburb": "MANUNDA",
        "distance_to_gnaf": 48,
        "gnaf_lat": "-16.91324013999997",
        "gnaf_long": "145.75101698000003"
      },
      "geometry": {
        "type": "Point",
        "coordinates": [
          145.75103970367084,
          -16.913662733966788
        ]
      }
    },
    {
      "type": "Feature",
      "properties": {
        "objectid": 812,
        "featuretype": "EMERGENCY FACILITY",
        "descripton": "An emergency management facility from which a particular agency\u2019s resources are commanded, coordinated and assigned to an incident or emergency",
        "class": "AMBULANCE STATION",
        "facility_name": "MAREEBA",
        "facility_operationalstatus": "OPERATIONAL",
        "facility_address": null,
        "abs_suburb": "MAREEBA",
        "facility_state": "QUEENSLAND",
        "abs_postcode": "4880",
        "facility_attribute_source": "HTTP://DATA.QLD.GOV.AU",
        "facility_attribute_date": null,
        "facility_source": "HTTP://DATA.QLD.GOV.AU",
        "facility_date": null,
        "facility_spatial_confidence": null,
        "facility_revised": "2018-07-04T00:00:00Z",
        "comment_": null,
        "facility_lat": "-16.988616999999977",
        "facility_long": "145.42320600000005",
        "validated": null,
        "gnaf_building_name": null,
        "gnaf_address_detail_pid": "GAQLD156785858",
        "gnaf_formatted_address": "103 WALSH STREET",
        "gnaf_confidence": "1",
        "gnaf_postcode": "4880",
        "gnaf_suburb": "MAREEBA",
        "distance_to_gnaf": 3,
        "gnaf_lat": "-16.988631149999947",
        "gnaf_long": "145.4232255600001"
      },
      "geometry": {
        "type": "Point",
        "coordinates": [
          145.42321371869022,
          -16.988603711700307
        ]
      }
    },
    {
      "type": "Feature",
      "properties": {
        "objectid": 813,
        "featuretype": "EMERGENCY FACILITY",
        "descripton": "An emergency management facility from which a particular agency\u2019s resources are commanded, coordinated and assigned to an incident or emergency",
        "class": "AMBULANCE STATION",
        "facility_name": "MARIAN FIRST RESPONDER",
        "facility_operationalstatus": "OPERATIONAL",
        "facility_address": null,
        "abs_suburb": "MARIAN",
        "facility_state": "QUEENSLAND",
        "abs_postcode": "4753",
        "facility_attribute_source": "HTTP://DATA.QLD.GOV.AU",
        "facility_attribute_date": null,
        "facility_source": "HTTP://DATA.QLD.GOV.AU",
        "facility_date": null,
        "facility_spatial_confidence": null,
        "facility_revised": "2018-07-04T00:00:00Z",
        "comment_": null,
        "facility_lat": "-21.144010999999978",
        "facility_long": "148.94396800000004",
        "validated": null,
        "gnaf_building_name": null,
        "gnaf_address_detail_pid": "GAQLD162421979",
        "gnaf_formatted_address": "358 ANZAC AVENUE",
        "gnaf_confidence": "2",
        "gnaf_postcode": "4753",
        "gnaf_suburb": "MARIAN",
        "distance_to_gnaf": 31,
        "gnaf_lat": "-21.14372948999994",
        "gnaf_long": "148.94393731000002"
      },
      "geometry": {
        "type": "Point",
        "coordinates": [
          148.94397511338238,
          -21.14399801638499
        ]
      }
    },
    {
      "type": "Feature",
      "properties": {
        "objectid": 814,
        "featuretype": "EMERGENCY FACILITY",
        "descripton": "An emergency management facility from which a particular agency\u2019s resources are commanded, coordinated and assigned to an incident or emergency",
        "class": "AMBULANCE STATION",
        "facility_name": "MARLBOROUGH",
        "facility_operationalstatus": "OPERATIONAL",
        "facility_address": null,
        "abs_suburb": "MARLBOROUGH",
        "facility_state": "QUEENSLAND",
        "abs_postcode": "4705",
        "facility_attribute_source": "HTTP://DATA.QLD.GOV.AU",
        "facility_attribute_date": null,
        "facility_source": "HTTP://DATA.QLD.GOV.AU",
        "facility_date": null,
        "facility_spatial_confidence": null,
        "facility_revised": "2018-07-04T00:00:00Z",
        "comment_": null,
        "facility_lat": "-22.81323199999997",
        "facility_long": "149.89274000000012",
        "validated": null,
        "gnaf_building_name": "AMBULANCE & FIRE BUILDING",
        "gnaf_address_detail_pid": "GAQLD425039091",
        "gnaf_formatted_address": "25 MILMAN STREET",
        "gnaf_confidence": "2",
        "gnaf_postcode": "4705",
        "gnaf_suburb": "MARLBOROUGH",
        "distance_to_gnaf": 10,
        "gnaf_lat": "-22.813149689999932",
        "gnaf_long": "149.89276799000004"
      },
      "geometry": {
        "type": "Point",
        "coordinates": [
          149.89274686905438,
          -22.813219111714023
        ]
      }
    },
    {
      "type": "Feature",
      "properties": {
        "objectid": 815,
        "featuretype": "EMERGENCY FACILITY",
        "descripton": "An emergency management facility from which a particular agency\u2019s resources are commanded, coordinated and assigned to an incident or emergency",
        "class": "AMBULANCE STATION",
        "facility_name": "MARYBOROUGH",
        "facility_operationalstatus": "OPERATIONAL",
        "facility_address": null,
        "abs_suburb": "MARYBOROUGH",
        "facility_state": "QUEENSLAND",
        "abs_postcode": "4650",
        "facility_attribute_source": "HTTP://DATA.QLD.GOV.AU",
        "facility_attribute_date": null,
        "facility_source": "HTTP://DATA.QLD.GOV.AU",
        "facility_date": null,
        "facility_spatial_confidence": null,
        "facility_revised": "2018-07-04T00:00:00Z",
        "comment_": null,
        "facility_lat": "-25.520367999999962",
        "facility_long": "152.69161700000006",
        "validated": null,
        "gnaf_building_name": null,
        "gnaf_address_detail_pid": "GAQLD161356544",
        "gnaf_formatted_address": "LOT 2 WINSTON NOBLE DRIVE",
        "gnaf_confidence": "0",
        "gnaf_postcode": "4650",
        "gnaf_suburb": "MARYBOROUGH",
        "distance_to_gnaf": 24,
        "gnaf_lat": "-25.520256829999937",
        "gnaf_long": "152.69182137000007"
      },
      "geometry": {
        "type": "Point",
        "coordinates": [
          152.69162330856864,
          -25.52035539535764
        ]
      }
    },
    {
      "type": "Feature",
      "properties": {
        "objectid": 816,
        "featuretype": "EMERGENCY FACILITY",
        "descripton": "An emergency management facility from which a particular agency\u2019s resources are commanded, coordinated and assigned to an incident or emergency",
        "class": "AMBULANCE STATION",
        "facility_name": "MEANDARRA",
        "facility_operationalstatus": "OPERATIONAL",
        "facility_address": null,
        "abs_suburb": "MEANDARRA",
        "facility_state": "QUEENSLAND",
        "abs_postcode": "4422",
        "facility_attribute_source": "HTTP://DATA.QLD.GOV.AU",
        "facility_attribute_date": null,
        "facility_source": "HTTP://DATA.QLD.GOV.AU",
        "facility_date": null,
        "facility_spatial_confidence": null,
        "facility_revised": "2018-07-04T00:00:00Z",
        "comment_": null,
        "facility_lat": "-27.323193999999944",
        "facility_long": "149.88194600000008",
        "validated": null,
        "gnaf_building_name": null,
        "gnaf_address_detail_pid": "GAQLD158287465",
        "gnaf_formatted_address": "13 SARA STREET",
        "gnaf_confidence": "1",
        "gnaf_postcode": "4422",
        "gnaf_suburb": "MEANDARRA",
        "distance_to_gnaf": 10,
        "gnaf_lat": "-27.323150079999948",
        "gnaf_long": "149.8818623300001"
      },
      "geometry": {
        "type": "Point",
        "coordinates": [
          149.88195239216765,
          -27.323181147063167
        ]
      }
    },
    {
      "type": "Feature",
      "properties": {
        "objectid": 817,
        "featuretype": "EMERGENCY FACILITY",
        "descripton": "An emergency management facility from which a particular agency\u2019s resources are commanded, coordinated and assigned to an incident or emergency",
        "class": "AMBULANCE STATION",
        "facility_name": "MERMAID WATERS",
        "facility_operationalstatus": "OPERATIONAL",
        "facility_address": null,
        "abs_suburb": "MERMAID WATERS",
        "facility_state": "QUEENSLAND",
        "abs_postcode": "4218",
        "facility_attribute_source": "HTTP://DATA.QLD.GOV.AU",
        "facility_attribute_date": null,
        "facility_source": "HTTP://DATA.QLD.GOV.AU",
        "facility_date": null,
        "facility_spatial_confidence": null,
        "facility_revised": "2018-07-04T00:00:00Z",
        "comment_": null,
        "facility_lat": "-28.047529999999938",
        "facility_long": "153.40905500000008",
        "validated": null,
        "gnaf_building_name": null,
        "gnaf_address_detail_pid": "GAQLD162676039",
        "gnaf_formatted_address": "229 MARKERI STREET",
        "gnaf_confidence": "0",
        "gnaf_postcode": "4218",
        "gnaf_suburb": "MERMAID WATERS",
        "distance_to_gnaf": 12,
        "gnaf_lat": "-28.047455829999933",
        "gnaf_long": "153.40914018000012"
      },
      "geometry": {
        "type": "Point",
        "coordinates": [
          153.40906091869743,
          -28.0475174875619
        ]
      }
    },
    {
      "type": "Feature",
      "properties": {
        "objectid": 818,
        "featuretype": "EMERGENCY FACILITY",
        "descripton": "An emergency management facility from which a particular agency\u2019s resources are commanded, coordinated and assigned to an incident or emergency",
        "class": "AMBULANCE STATION",
        "facility_name": "MIDDLEMOUNT",
        "facility_operationalstatus": "OPERATIONAL",
        "facility_address": null,
        "abs_suburb": "MIDDLEMOUNT",
        "facility_state": "QUEENSLAND",
        "abs_postcode": "4746",
        "facility_attribute_source": "HTTP://DATA.QLD.GOV.AU",
        "facility_attribute_date": null,
        "facility_source": "HTTP://DATA.QLD.GOV.AU",
        "facility_date": null,
        "facility_spatial_confidence": null,
        "facility_revised": "2018-07-04T00:00:00Z",
        "comment_": null,
        "facility_lat": "-22.808488999999952",
        "facility_long": "148.70265000000006",
        "validated": null,
        "gnaf_building_name": null,
        "gnaf_address_detail_pid": "GAQLD156843587",
        "gnaf_formatted_address": "83 CENTENARY DRIVE",
        "gnaf_confidence": "1",
        "gnaf_postcode": "4746",
        "gnaf_suburb": "MIDDLEMOUNT",
        "distance_to_gnaf": 25,
        "gnaf_lat": "-22.808489979999933",
        "gnaf_long": "148.70240983000008"
      },
      "geometry": {
        "type": "Point",
        "coordinates": [
          148.7026569741148,
          -22.8084760100763
        ]
      }
    },
    {
      "type": "Feature",
      "properties": {
        "objectid": 819,
        "featuretype": "EMERGENCY FACILITY",
        "descripton": "An emergency management facility from which a particular agency\u2019s resources are commanded, coordinated and assigned to an incident or emergency",
        "class": "AMBULANCE STATION",
        "facility_name": "MILES",
        "facility_operationalstatus": "OPERATIONAL",
        "facility_address": null,
        "abs_suburb": "MILES",
        "facility_state": "QUEENSLAND",
        "abs_postcode": "4415",
        "facility_attribute_source": "HTTP://DATA.QLD.GOV.AU",
        "facility_attribute_date": null,
        "facility_source": "HTTP://DATA.QLD.GOV.AU",
        "facility_date": null,
        "facility_spatial_confidence": null,
        "facility_revised": "2018-07-04T00:00:00Z",
        "comment_": null,
        "facility_lat": "-26.659473999999932",
        "facility_long": "150.18371500000012",
        "validated": null,
        "gnaf_building_name": null,
        "gnaf_address_detail_pid": "GAQLD156854589",
        "gnaf_formatted_address": "48 MURILLA STREET",
        "gnaf_confidence": "2",
        "gnaf_postcode": "4415",
        "gnaf_suburb": "MILES",
        "distance_to_gnaf": 28,
        "gnaf_lat": "-26.659725549999962",
        "gnaf_long": "150.1837449200001"
      },
      "geometry": {
        "type": "Point",
        "coordinates": [
          150.18372143288877,
          -26.65946116855744
        ]
      }
    },
    {
      "type": "Feature",
      "properties": {
        "objectid": 820,
        "featuretype": "EMERGENCY FACILITY",
        "descripton": "An emergency management facility from which a particular agency\u2019s resources are commanded, coordinated and assigned to an incident or emergency",
        "class": "AMBULANCE STATION",
        "facility_name": "MILLAA MILLAA",
        "facility_operationalstatus": "OPERATIONAL",
        "facility_address": null,
        "abs_suburb": "MILLAA MILLAA",
        "facility_state": "QUEENSLAND",
        "abs_postcode": "4886",
        "facility_attribute_source": "HTTP://DATA.QLD.GOV.AU",
        "facility_attribute_date": null,
        "facility_source": "HTTP://DATA.QLD.GOV.AU",
        "facility_date": null,
        "facility_spatial_confidence": null,
        "facility_revised": "2018-07-04T00:00:00Z",
        "comment_": null,
        "facility_lat": "-17.51451499999996",
        "facility_long": "145.60778800000003",
        "validated": null,
        "gnaf_building_name": null,
        "gnaf_address_detail_pid": "GAQLD158264101",
        "gnaf_formatted_address": "45 PALM AVENUE",
        "gnaf_confidence": "2",
        "gnaf_postcode": "4886",
        "gnaf_suburb": "MILLAA MILLAA",
        "distance_to_gnaf": 32,
        "gnaf_lat": "-17.514488419999964",
        "gnaf_long": "145.60808469000006"
      },
      "geometry": {
        "type": "Point",
        "coordinates": [
          145.6077956671587,
          -17.514501729010966
        ]
      }
    },
    {
      "type": "Feature",
      "properties": {
        "objectid": 821,
        "featuretype": "EMERGENCY FACILITY",
        "descripton": "An emergency management facility from which a particular agency\u2019s resources are commanded, coordinated and assigned to an incident or emergency",
        "class": "AMBULANCE STATION",
        "facility_name": "MILLMERRAN",
        "facility_operationalstatus": "OPERATIONAL",
        "facility_address": null,
        "abs_suburb": "MILLMERRAN",
        "facility_state": "QUEENSLAND",
        "abs_postcode": "4357",
        "facility_attribute_source": "HTTP://DATA.QLD.GOV.AU",
        "facility_attribute_date": null,
        "facility_source": "HTTP://DATA.QLD.GOV.AU",
        "facility_date": null,
        "facility_spatial_confidence": null,
        "facility_revised": "2018-07-04T00:00:00Z",
        "comment_": null,
        "facility_lat": "-27.879234999999937",
        "facility_long": "151.268412",
        "validated": null,
        "gnaf_building_name": null,
        "gnaf_address_detail_pid": "GAQLD155554271",
        "gnaf_formatted_address": "8 COMMENS STREET",
        "gnaf_confidence": "2",
        "gnaf_postcode": "4357",
        "gnaf_suburb": "MILLMERRAN",
        "distance_to_gnaf": 9,
        "gnaf_lat": "-27.879165839999928",
        "gnaf_long": "151.26845378000007"
      },
      "geometry": {
        "type": "Point",
        "coordinates": [
          151.26841817587118,
          -27.87922227712952
        ]
      }
    },
    {
      "type": "Feature",
      "properties": {
        "objectid": 822,
        "featuretype": "EMERGENCY FACILITY",
        "descripton": "An emergency management facility from which a particular agency\u2019s resources are commanded, coordinated and assigned to an incident or emergency",
        "class": "AMBULANCE STATION",
        "facility_name": "MIRIAM VALE",
        "facility_operationalstatus": "OPERATIONAL",
        "facility_address": null,
        "abs_suburb": "MIRIAM VALE",
        "facility_state": "QUEENSLAND",
        "abs_postcode": "4677",
        "facility_attribute_source": "HTTP://DATA.QLD.GOV.AU",
        "facility_attribute_date": null,
        "facility_source": "HTTP://DATA.QLD.GOV.AU",
        "facility_date": null,
        "facility_spatial_confidence": null,
        "facility_revised": "2018-07-04T00:00:00Z",
        "comment_": null,
        "facility_lat": "-24.328409999999963",
        "facility_long": "151.5596240000001",
        "validated": null,
        "gnaf_building_name": "AMBULANCE RESIDENCE",
        "gnaf_address_detail_pid": "GAQLD155569677",
        "gnaf_formatted_address": "33 ROE STREET",
        "gnaf_confidence": "2",
        "gnaf_postcode": "4677",
        "gnaf_suburb": "MIRIAM VALE",
        "distance_to_gnaf": 24,
        "gnaf_lat": "-24.328604189999965",
        "gnaf_long": "151.55952620000005"
      },
      "geometry": {
        "type": "Point",
        "coordinates": [
          151.55963055570285,
          -24.328397276115723
        ]
      }
    },
    {
      "type": "Feature",
      "properties": {
        "objectid": 823,
        "featuretype": "EMERGENCY FACILITY",
        "descripton": "An emergency management facility from which a particular agency\u2019s resources are commanded, coordinated and assigned to an incident or emergency",
        "class": "AMBULANCE STATION",
        "facility_name": "MITCHELTON",
        "facility_operationalstatus": "OPERATIONAL",
        "facility_address": null,
        "abs_suburb": "MITCHELTON",
        "facility_state": "QUEENSLAND",
        "abs_postcode": "4053",
        "facility_attribute_source": "HTTP://DATA.QLD.GOV.AU",
        "facility_attribute_date": null,
        "facility_source": "HTTP://DATA.QLD.GOV.AU",
        "facility_date": null,
        "facility_spatial_confidence": null,
        "facility_revised": "2018-07-04T00:00:00Z",
        "comment_": null,
        "facility_lat": "-27.413899999999956",
        "facility_long": "152.97570000000007",
        "validated": null,
        "gnaf_building_name": null,
        "gnaf_address_detail_pid": "GAQLD156819002",
        "gnaf_formatted_address": "543 SAMFORD ROAD",
        "gnaf_confidence": "2",
        "gnaf_postcode": "4053",
        "gnaf_suburb": "MITCHELTON",
        "distance_to_gnaf": 27,
        "gnaf_lat": "-27.413661089999948",
        "gnaf_long": "152.9757556400001"
      },
      "geometry": {
        "type": "Point",
        "coordinates": [
          152.9757060465522,
          -27.413887438793875
        ]
      }
    },
    {
      "type": "Feature",
      "properties": {
        "objectid": 824,
        "featuretype": "EMERGENCY FACILITY",
        "descripton": "An emergency management facility from which a particular agency\u2019s resources are commanded, coordinated and assigned to an incident or emergency",
        "class": "AMBULANCE STATION",
        "facility_name": "MONTO",
        "facility_operationalstatus": "OPERATIONAL",
        "facility_address": null,
        "abs_suburb": "MONTO",
        "facility_state": "QUEENSLAND",
        "abs_postcode": "4630",
        "facility_attribute_source": "HTTP://DATA.QLD.GOV.AU",
        "facility_attribute_date": null,
        "facility_source": "HTTP://DATA.QLD.GOV.AU",
        "facility_date": null,
        "facility_spatial_confidence": null,
        "facility_revised": "2018-07-04T00:00:00Z",
        "comment_": null,
        "facility_lat": "-24.867798999999934",
        "facility_long": "151.12159100000008",
        "validated": null,
        "gnaf_building_name": null,
        "gnaf_address_detail_pid": "GAQLD158328468",
        "gnaf_formatted_address": "1 MAXWELL STREET",
        "gnaf_confidence": "2",
        "gnaf_postcode": "4630",
        "gnaf_suburb": "MONTO",
        "distance_to_gnaf": 7,
        "gnaf_lat": "-24.86786096999998",
        "gnaf_long": "151.12160962000007"
      },
      "geometry": {
        "type": "Point",
        "coordinates": [
          151.1215975368341,
          -24.867786239496212
        ]
      }
    },
    {
      "type": "Feature",
      "properties": {
        "objectid": 825,
        "featuretype": "EMERGENCY FACILITY",
        "descripton": "An emergency management facility from which a particular agency\u2019s resources are commanded, coordinated and assigned to an incident or emergency",
        "class": "AMBULANCE STATION",
        "facility_name": "MORANBAH",
        "facility_operationalstatus": "OPERATIONAL",
        "facility_address": null,
        "abs_suburb": "MORANBAH",
        "facility_state": "QUEENSLAND",
        "abs_postcode": "4744",
        "facility_attribute_source": "HTTP://DATA.QLD.GOV.AU",
        "facility_attribute_date": null,
        "facility_source": "HTTP://DATA.QLD.GOV.AU",
        "facility_date": null,
        "facility_spatial_confidence": null,
        "facility_revised": "2018-07-04T00:00:00Z",
        "comment_": null,
        "facility_lat": "-22.000949999999932",
        "facility_long": "148.04541800000004",
        "validated": null,
        "gnaf_building_name": null,
        "gnaf_address_detail_pid": "GAQLD160444565",
        "gnaf_formatted_address": "11 GRIFFIN STREET",
        "gnaf_confidence": "1",
        "gnaf_postcode": "4744",
        "gnaf_suburb": "MORANBAH",
        "distance_to_gnaf": 14,
        "gnaf_lat": "-22.00097003999997",
        "gnaf_long": "148.04528534000008"
      },
      "geometry": {
        "type": "Point",
        "coordinates": [
          148.04542510724394,
          -22.00093694978287
        ]
      }
    },
    {
      "type": "Feature",
      "properties": {
        "objectid": 826,
        "featuretype": "EMERGENCY FACILITY",
        "descripton": "An emergency management facility from which a particular agency\u2019s resources are commanded, coordinated and assigned to an incident or emergency",
        "class": "AMBULANCE STATION",
        "facility_name": "MORVEN",
        "facility_operationalstatus": "OPERATIONAL",
        "facility_address": null,
        "abs_suburb": "MORVEN",
        "facility_state": "QUEENSLAND",
        "abs_postcode": "4468",
        "facility_attribute_source": "HTTP://DATA.QLD.GOV.AU",
        "facility_attribute_date": null,
        "facility_source": "HTTP://DATA.QLD.GOV.AU",
        "facility_date": null,
        "facility_spatial_confidence": null,
        "facility_revised": "2018-07-04T00:00:00Z",
        "comment_": null,
        "facility_lat": "-26.416146999999967",
        "facility_long": "147.1124370000001",
        "validated": null,
        "gnaf_building_name": null,
        "gnaf_address_detail_pid": "GAQLD425810473",
        "gnaf_formatted_address": "29-31 EURELLA STREET",
        "gnaf_confidence": "0",
        "gnaf_postcode": "4468",
        "gnaf_suburb": "MORVEN",
        "distance_to_gnaf": 10,
        "gnaf_lat": "-26.416163439999934",
        "gnaf_long": "147.11233757000002"
      },
      "geometry": {
        "type": "Point",
        "coordinates": [
          147.11244378463866,
          -26.41613391207978
        ]
      }
    },
    {
      "type": "Feature",
      "properties": {
        "objectid": 827,
        "featuretype": "EMERGENCY FACILITY",
        "descripton": "An emergency management facility from which a particular agency\u2019s resources are commanded, coordinated and assigned to an incident or emergency",
        "class": "AMBULANCE STATION",
        "facility_name": "MOSSMAN",
        "facility_operationalstatus": "OPERATIONAL",
        "facility_address": null,
        "abs_suburb": "MOSSMAN",
        "facility_state": "QUEENSLAND",
        "abs_postcode": "4873",
        "facility_attribute_source": "HTTP://DATA.QLD.GOV.AU",
        "facility_attribute_date": null,
        "facility_source": "HTTP://DATA.QLD.GOV.AU",
        "facility_date": null,
        "facility_spatial_confidence": null,
        "facility_revised": "2018-07-04T00:00:00Z",
        "comment_": null,
        "facility_lat": "-16.462679999999978",
        "facility_long": "145.37278400000002",
        "validated": null,
        "gnaf_building_name": "AMBULANCE MOSSMAN",
        "gnaf_address_detail_pid": "GAQLD155588958",
        "gnaf_formatted_address": "43 FRONT STREET",
        "gnaf_confidence": "2",
        "gnaf_postcode": "4873",
        "gnaf_suburb": "MOSSMAN",
        "distance_to_gnaf": 1,
        "gnaf_lat": "-16.462680819999946",
        "gnaf_long": "145.37277467"
      },
      "geometry": {
        "type": "Point",
        "coordinates": [
          145.37279176094475,
          -16.46266670373777
        ]
      }
    },
    {
      "type": "Feature",
      "properties": {
        "objectid": 828,
        "featuretype": "EMERGENCY FACILITY",
        "descripton": "An emergency management facility from which a particular agency\u2019s resources are commanded, coordinated and assigned to an incident or emergency",
        "class": "AMBULANCE STATION",
        "facility_name": "MOUNT GARNET",
        "facility_operationalstatus": "OPERATIONAL",
        "facility_address": null,
        "abs_suburb": "MOUNT GARNET",
        "facility_state": "QUEENSLAND",
        "abs_postcode": "4872",
        "facility_attribute_source": "HTTP://DATA.QLD.GOV.AU",
        "facility_attribute_date": null,
        "facility_source": "HTTP://DATA.QLD.GOV.AU",
        "facility_date": null,
        "facility_spatial_confidence": null,
        "facility_revised": "2018-07-04T00:00:00Z",
        "comment_": null,
        "facility_lat": "-17.676995999999974",
        "facility_long": "145.11525400000005",
        "validated": null,
        "gnaf_building_name": null,
        "gnaf_address_detail_pid": "GAQLD163164389",
        "gnaf_formatted_address": "14 GARNET STREET",
        "gnaf_confidence": "2",
        "gnaf_postcode": "4872",
        "gnaf_suburb": "MOUNT GARNET",
        "distance_to_gnaf": 3,
        "gnaf_lat": "-17.67698293999996",
        "gnaf_long": "145.1152761400001"
      },
      "geometry": {
        "type": "Point",
        "coordinates": [
          145.1152616875099,
          -17.676982696415816
        ]
      }
    },
    {
      "type": "Feature",
      "properties": {
        "objectid": 829,
        "featuretype": "EMERGENCY FACILITY",
        "descripton": "An emergency management facility from which a particular agency\u2019s resources are commanded, coordinated and assigned to an incident or emergency",
        "class": "AMBULANCE STATION",
        "facility_name": "MOUNT LARCOM",
        "facility_operationalstatus": "OPERATIONAL",
        "facility_address": null,
        "abs_suburb": "MOUNT LARCOM",
        "facility_state": "QUEENSLAND",
        "abs_postcode": "4695",
        "facility_attribute_source": "HTTP://DATA.QLD.GOV.AU",
        "facility_attribute_date": null,
        "facility_source": "HTTP://DATA.QLD.GOV.AU",
        "facility_date": null,
        "facility_spatial_confidence": null,
        "facility_revised": "2018-07-04T00:00:00Z",
        "comment_": null,
        "facility_lat": "-23.81081299999994",
        "facility_long": "150.97859500000004",
        "validated": null,
        "gnaf_building_name": null,
        "gnaf_address_detail_pid": "GAQLD155593700",
        "gnaf_formatted_address": "43 RAGLAN STREET",
        "gnaf_confidence": "1",
        "gnaf_postcode": "4695",
        "gnaf_suburb": "MOUNT LARCOM",
        "distance_to_gnaf": 1,
        "gnaf_lat": "-23.81081475999997",
        "gnaf_long": "150.97858521000012"
      },
      "geometry": {
        "type": "Point",
        "coordinates": [
          150.97860166669417,
          -23.8108002176394
        ]
      }
    },
    {
      "type": "Feature",
      "properties": {
        "objectid": 830,
        "featuretype": "EMERGENCY FACILITY",
        "descripton": "An emergency management facility from which a particular agency\u2019s resources are commanded, coordinated and assigned to an incident or emergency",
        "class": "AMBULANCE STATION",
        "facility_name": "MOURA",
        "facility_operationalstatus": "OPERATIONAL",
        "facility_address": null,
        "abs_suburb": "MOURA",
        "facility_state": "QUEENSLAND",
        "abs_postcode": "4718",
        "facility_attribute_source": "HTTP://DATA.QLD.GOV.AU",
        "facility_attribute_date": null,
        "facility_source": "HTTP://DATA.QLD.GOV.AU",
        "facility_date": null,
        "facility_spatial_confidence": null,
        "facility_revised": "2018-07-04T00:00:00Z",
        "comment_": null,
        "facility_lat": "-24.570693999999946",
        "facility_long": "149.96909900000003",
        "validated": null,
        "gnaf_building_name": null,
        "gnaf_address_detail_pid": "GAQLD156895716",
        "gnaf_formatted_address": "17-21 DAWSON HIGHWAY",
        "gnaf_confidence": "1",
        "gnaf_postcode": "4718",
        "gnaf_suburb": "MOURA",
        "distance_to_gnaf": 13,
        "gnaf_lat": "-24.570680979999963",
        "gnaf_long": "149.96897593000006"
      },
      "geometry": {
        "type": "Point",
        "coordinates": [
          149.9691056797448,
          -24.570681132825605
        ]
      }
    },
    {
      "type": "Feature",
      "properties": {
        "objectid": 831,
        "featuretype": "EMERGENCY FACILITY",
        "descripton": "An emergency management facility from which a particular agency\u2019s resources are commanded, coordinated and assigned to an incident or emergency",
        "class": "AMBULANCE STATION",
        "facility_name": "MUDGEERABA",
        "facility_operationalstatus": "OPERATIONAL",
        "facility_address": null,
        "abs_suburb": "MUDGEERABA",
        "facility_state": "QUEENSLAND",
        "abs_postcode": "4213",
        "facility_attribute_source": "HTTP://DATA.QLD.GOV.AU",
        "facility_attribute_date": null,
        "facility_source": "HTTP://DATA.QLD.GOV.AU",
        "facility_date": null,
        "facility_spatial_confidence": null,
        "facility_revised": "2018-07-04T00:00:00Z",
        "comment_": null,
        "facility_lat": "-28.052960999999982",
        "facility_long": "153.35536100000002",
        "validated": null,
        "gnaf_building_name": "WORONGARY FIRE STATION",
        "gnaf_address_detail_pid": "GAQLD155615785",
        "gnaf_formatted_address": "32 MUDGEERABA ROAD",
        "gnaf_confidence": "1",
        "gnaf_postcode": "4213",
        "gnaf_suburb": "MUDGEERABA",
        "distance_to_gnaf": 29,
        "gnaf_lat": "-28.053201239999964",
        "gnaf_long": "153.3554817800001"
      },
      "geometry": {
        "type": "Point",
        "coordinates": [
          153.35536692389238,
          -28.052948482138707
        ]
      }
    },
    {
      "type": "Feature",
      "properties": {
        "objectid": 832,
        "featuretype": "EMERGENCY FACILITY",
        "descripton": "An emergency management facility from which a particular agency\u2019s resources are commanded, coordinated and assigned to an incident or emergency",
        "class": "AMBULANCE STATION",
        "facility_name": "MUNDUBBERA",
        "facility_operationalstatus": "OPERATIONAL",
        "facility_address": null,
        "abs_suburb": "MUNDUBBERA",
        "facility_state": "QUEENSLAND",
        "abs_postcode": "4626",
        "facility_attribute_source": "HTTP://DATA.QLD.GOV.AU",
        "facility_attribute_date": null,
        "facility_source": "HTTP://DATA.QLD.GOV.AU",
        "facility_date": null,
        "facility_spatial_confidence": null,
        "facility_revised": "2018-07-04T00:00:00Z",
        "comment_": null,
        "facility_lat": "-25.587317999999982",
        "facility_long": "151.29448600000012",
        "validated": null,
        "gnaf_building_name": null,
        "gnaf_address_detail_pid": "GAQLD162384636",
        "gnaf_formatted_address": "92 LEICHHARDT STREET",
        "gnaf_confidence": "1",
        "gnaf_postcode": "4626",
        "gnaf_suburb": "MUNDUBBERA",
        "distance_to_gnaf": 9,
        "gnaf_lat": "-25.58733073999997",
        "gnaf_long": "151.29457489000004"
      },
      "geometry": {
        "type": "Point",
        "coordinates": [
          151.29449243890366,
          -25.587305261413647
        ]
      }
    },
    {
      "type": "Feature",
      "properties": {
        "objectid": 833,
        "featuretype": "EMERGENCY FACILITY",
        "descripton": "An emergency management facility from which a particular agency\u2019s resources are commanded, coordinated and assigned to an incident or emergency",
        "class": "AMBULANCE STATION",
        "facility_name": "MURGON",
        "facility_operationalstatus": "OPERATIONAL",
        "facility_address": null,
        "abs_suburb": "MURGON",
        "facility_state": "QUEENSLAND",
        "abs_postcode": "4605",
        "facility_attribute_source": "HTTP://DATA.QLD.GOV.AU",
        "facility_attribute_date": null,
        "facility_source": "HTTP://DATA.QLD.GOV.AU",
        "facility_date": null,
        "facility_spatial_confidence": null,
        "facility_revised": "2018-07-04T00:00:00Z",
        "comment_": null,
        "facility_lat": "-26.24400399999996",
        "facility_long": "151.94301200000007",
        "validated": null,
        "gnaf_building_name": null,
        "gnaf_address_detail_pid": "GAQLD155631879",
        "gnaf_formatted_address": "51 LAMB STREET",
        "gnaf_confidence": "1",
        "gnaf_postcode": "4605",
        "gnaf_suburb": "MURGON",
        "distance_to_gnaf": 23,
        "gnaf_lat": "-26.243900519999954",
        "gnaf_long": "151.9428104100001"
      },
      "geometry": {
        "type": "Point",
        "coordinates": [
          151.9430182973163,
          -26.243991328153072
        ]
      }
    },
    {
      "type": "Feature",
      "properties": {
        "objectid": 834,
        "featuretype": "EMERGENCY FACILITY",
        "descripton": "An emergency management facility from which a particular agency\u2019s resources are commanded, coordinated and assigned to an incident or emergency",
        "class": "AMBULANCE STATION",
        "facility_name": "CHERBOURG FIRST RESPONDER",
        "facility_operationalstatus": "OPERATIONAL",
        "facility_address": null,
        "abs_suburb": "MURGON",
        "facility_state": "QUEENSLAND",
        "abs_postcode": "4605",
        "facility_attribute_source": "HTTP://DATA.QLD.GOV.AU",
        "facility_attribute_date": null,
        "facility_source": "HTTP://DATA.QLD.GOV.AU",
        "facility_date": null,
        "facility_spatial_confidence": null,
        "facility_revised": "2018-07-04T00:00:00Z",
        "comment_": null,
        "facility_lat": "-26.241817999999967",
        "facility_long": "151.94733400000007",
        "validated": null,
        "gnaf_building_name": null,
        "gnaf_address_detail_pid": "GAQLD156872189",
        "gnaf_formatted_address": "64 WATT STREET",
        "gnaf_confidence": "2",
        "gnaf_postcode": "4605",
        "gnaf_suburb": "MURGON",
        "distance_to_gnaf": 14,
        "gnaf_lat": "-26.24170799999996",
        "gnaf_long": "151.9473966700001"
      },
      "geometry": {
        "type": "Point",
        "coordinates": [
          151.9473402971326,
          -26.241805328550907
        ]
      }
    },
    {
      "type": "Feature",
      "properties": {
        "objectid": 835,
        "featuretype": "EMERGENCY FACILITY",
        "descripton": "An emergency management facility from which a particular agency\u2019s resources are commanded, coordinated and assigned to an incident or emergency",
        "class": "AMBULANCE STATION",
        "facility_name": "MUTTABURRA",
        "facility_operationalstatus": "OPERATIONAL",
        "facility_address": null,
        "abs_suburb": "MUTTABURRA",
        "facility_state": "QUEENSLAND",
        "abs_postcode": "4732",
        "facility_attribute_source": "HTTP://DATA.QLD.GOV.AU",
        "facility_attribute_date": null,
        "facility_source": "HTTP://DATA.QLD.GOV.AU",
        "facility_date": null,
        "facility_spatial_confidence": null,
        "facility_revised": "2018-07-04T00:00:00Z",
        "comment_": null,
        "facility_lat": "-22.594217999999955",
        "facility_long": "144.54749500000003",
        "validated": null,
        "gnaf_building_name": null,
        "gnaf_address_detail_pid": "GAQLD161466858",
        "gnaf_formatted_address": "9 BRUFORD STREET",
        "gnaf_confidence": "2",
        "gnaf_postcode": "4732",
        "gnaf_suburb": "MUTTABURRA",
        "distance_to_gnaf": 31,
        "gnaf_lat": "-22.59399820999994",
        "gnaf_long": "144.54767585000002"
      },
      "geometry": {
        "type": "Point",
        "coordinates": [
          144.5475023626611,
          -22.594204698968127
        ]
      }
    },
    {
      "type": "Feature",
      "properties": {
        "objectid": 836,
        "featuretype": "EMERGENCY FACILITY",
        "descripton": "An emergency management facility from which a particular agency\u2019s resources are commanded, coordinated and assigned to an incident or emergency",
        "class": "AMBULANCE STATION",
        "facility_name": "SMITHFIELD",
        "facility_operationalstatus": "OPERATIONAL",
        "facility_address": null,
        "abs_suburb": "SMITHFIELD",
        "facility_state": "QUEENSLAND",
        "abs_postcode": "4878",
        "facility_attribute_source": "HTTP://DATA.QLD.GOV.AU",
        "facility_attribute_date": null,
        "facility_source": "HTTP://DATA.QLD.GOV.AU",
        "facility_date": null,
        "facility_spatial_confidence": null,
        "facility_revised": "2018-07-04T00:00:00Z",
        "comment_": null,
        "facility_lat": "-16.83179599999994",
        "facility_long": "145.69254200000012",
        "validated": null,
        "gnaf_building_name": null,
        "gnaf_address_detail_pid": "GAQLD157107247",
        "gnaf_formatted_address": "1-3 STANTON ROAD",
        "gnaf_confidence": "2",
        "gnaf_postcode": "4878",
        "gnaf_suburb": "SMITHFIELD",
        "distance_to_gnaf": 10,
        "gnaf_lat": "-16.831784699999957",
        "gnaf_long": "145.69244907000007"
      },
      "geometry": {
        "type": "Point",
        "coordinates": [
          145.69254971355485,
          -16.83178272914949
        ]
      }
    },
    {
      "type": "Feature",
      "properties": {
        "objectid": 837,
        "featuretype": "EMERGENCY FACILITY",
        "descripton": "An emergency management facility from which a particular agency\u2019s resources are commanded, coordinated and assigned to an incident or emergency",
        "class": "AMBULANCE STATION",
        "facility_name": "IMBIL FIRST RESPONDER",
        "facility_operationalstatus": "OPERATIONAL",
        "facility_address": null,
        "abs_suburb": "IMBIL",
        "facility_state": "QUEENSLAND",
        "abs_postcode": "4570",
        "facility_attribute_source": "HTTP://DATA.QLD.GOV.AU",
        "facility_attribute_date": null,
        "facility_source": "HTTP://DATA.QLD.GOV.AU",
        "facility_date": null,
        "facility_spatial_confidence": null,
        "facility_revised": "2018-07-04T00:00:00Z",
        "comment_": null,
        "facility_lat": "-26.459498999999937",
        "facility_long": "152.67483500000003",
        "validated": null,
        "gnaf_building_name": null,
        "gnaf_address_detail_pid": "GAQLD158058327",
        "gnaf_formatted_address": "95 YABBA ROAD",
        "gnaf_confidence": "1",
        "gnaf_postcode": "4570",
        "gnaf_suburb": "IMBIL",
        "distance_to_gnaf": 54,
        "gnaf_lat": "-26.459172729999977",
        "gnaf_long": "152.6744319500001"
      },
      "geometry": {
        "type": "Point",
        "coordinates": [
          152.67484119642307,
          -26.45948640125199
        ]
      }
    },
    {
      "type": "Feature",
      "properties": {
        "objectid": 838,
        "featuretype": "EMERGENCY FACILITY",
        "descripton": "An emergency management facility from which a particular agency\u2019s resources are commanded, coordinated and assigned to an incident or emergency",
        "class": "AMBULANCE STATION",
        "facility_name": "INGHAM",
        "facility_operationalstatus": "OPERATIONAL",
        "facility_address": null,
        "abs_suburb": "INGHAM",
        "facility_state": "QUEENSLAND",
        "abs_postcode": "4850",
        "facility_attribute_source": "HTTP://DATA.QLD.GOV.AU",
        "facility_attribute_date": null,
        "facility_source": "HTTP://DATA.QLD.GOV.AU",
        "facility_date": null,
        "facility_spatial_confidence": null,
        "facility_revised": "2018-07-04T00:00:00Z",
        "comment_": null,
        "facility_lat": "-18.65063699999996",
        "facility_long": "146.17389900000012",
        "validated": null,
        "gnaf_building_name": null,
        "gnaf_address_detail_pid": "GAQLD156677802",
        "gnaf_formatted_address": "18 VICTORIA MILL ROAD",
        "gnaf_confidence": "1",
        "gnaf_postcode": "4850",
        "gnaf_suburb": "INGHAM",
        "distance_to_gnaf": 6,
        "gnaf_lat": "-18.650598049999928",
        "gnaf_long": "146.17394018000005"
      },
      "geometry": {
        "type": "Point",
        "coordinates": [
          146.17390654022068,
          -18.650623778923702
        ]
      }
    },
    {
      "type": "Feature",
      "properties": {
        "objectid": 839,
        "featuretype": "EMERGENCY FACILITY",
        "descripton": "An emergency management facility from which a particular agency\u2019s resources are commanded, coordinated and assigned to an incident or emergency",
        "class": "AMBULANCE STATION",
        "facility_name": "INGLEWOOD",
        "facility_operationalstatus": "OPERATIONAL",
        "facility_address": null,
        "abs_suburb": "INGLEWOOD",
        "facility_state": "QUEENSLAND",
        "abs_postcode": "4387",
        "facility_attribute_source": "HTTP://DATA.QLD.GOV.AU",
        "facility_attribute_date": null,
        "facility_source": "HTTP://DATA.QLD.GOV.AU",
        "facility_date": null,
        "facility_spatial_confidence": null,
        "facility_revised": "2018-07-04T00:00:00Z",
        "comment_": null,
        "facility_lat": "-28.41778599999998",
        "facility_long": "151.08103800000004",
        "validated": null,
        "gnaf_building_name": null,
        "gnaf_address_detail_pid": "GAQLD158082602",
        "gnaf_formatted_address": "19 PRINCESS STREET",
        "gnaf_confidence": "2",
        "gnaf_postcode": "4387",
        "gnaf_suburb": "INGLEWOOD",
        "distance_to_gnaf": 11,
        "gnaf_lat": "-28.41769113999993",
        "gnaf_long": "151.08100203000004"
      },
      "geometry": {
        "type": "Point",
        "coordinates": [
          151.08104413311764,
          -28.417773263862898
        ]
      }
    },
    {
      "type": "Feature",
      "properties": {
        "objectid": 840,
        "featuretype": "EMERGENCY FACILITY",
        "descripton": "An emergency management facility from which a particular agency\u2019s resources are commanded, coordinated and assigned to an incident or emergency",
        "class": "AMBULANCE STATION",
        "facility_name": "INJUNE",
        "facility_operationalstatus": "OPERATIONAL",
        "facility_address": null,
        "abs_suburb": "INJUNE",
        "facility_state": "QUEENSLAND",
        "abs_postcode": "4454",
        "facility_attribute_source": "HTTP://DATA.QLD.GOV.AU",
        "facility_attribute_date": null,
        "facility_source": "HTTP://DATA.QLD.GOV.AU",
        "facility_date": null,
        "facility_spatial_confidence": null,
        "facility_revised": "2018-07-04T00:00:00Z",
        "comment_": null,
        "facility_lat": "-25.84125199999994",
        "facility_long": "148.56720300000006",
        "validated": null,
        "gnaf_building_name": "INJUNE AMBULANCE STATION",
        "gnaf_address_detail_pid": "GAQLD720740977",
        "gnaf_formatted_address": "12 FIRST AVENUE",
        "gnaf_confidence": "1",
        "gnaf_postcode": "4454",
        "gnaf_suburb": "INJUNE",
        "distance_to_gnaf": 12,
        "gnaf_lat": "-25.841299899999967",
        "gnaf_long": "148.56731278000007"
      },
      "geometry": {
        "type": "Point",
        "coordinates": [
          148.56720968806076,
          -25.841239023357513
        ]
      }
    },
    {
      "type": "Feature",
      "properties": {
        "objectid": 841,
        "featuretype": "EMERGENCY FACILITY",
        "descripton": "An emergency management facility from which a particular agency\u2019s resources are commanded, coordinated and assigned to an incident or emergency",
        "class": "AMBULANCE STATION",
        "facility_name": "INNISFAIL",
        "facility_operationalstatus": "OPERATIONAL",
        "facility_address": null,
        "abs_suburb": "INNISFAIL",
        "facility_state": "QUEENSLAND",
        "abs_postcode": "4860",
        "facility_attribute_source": "HTTP://DATA.QLD.GOV.AU",
        "facility_attribute_date": null,
        "facility_source": "HTTP://DATA.QLD.GOV.AU",
        "facility_date": null,
        "facility_spatial_confidence": null,
        "facility_revised": "2018-07-04T00:00:00Z",
        "comment_": null,
        "facility_lat": "-17.521166999999934",
        "facility_long": "146.03083000000004",
        "validated": null,
        "gnaf_building_name": null,
        "gnaf_address_detail_pid": "GAQLD160545794",
        "gnaf_formatted_address": "56 FITZGERALD ESPLANADE",
        "gnaf_confidence": "0",
        "gnaf_postcode": "4860",
        "gnaf_suburb": "INNISFAIL",
        "distance_to_gnaf": 1,
        "gnaf_lat": "-17.521170859999927",
        "gnaf_long": "146.03084302000002"
      },
      "geometry": {
        "type": "Point",
        "coordinates": [
          146.03083763893778,
          -17.521153759045937
        ]
      }
    },
    {
      "type": "Feature",
      "properties": {
        "objectid": 842,
        "featuretype": "EMERGENCY FACILITY",
        "descripton": "An emergency management facility from which a particular agency\u2019s resources are commanded, coordinated and assigned to an incident or emergency",
        "class": "AMBULANCE STATION",
        "facility_name": "ISISFORD",
        "facility_operationalstatus": "OPERATIONAL",
        "facility_address": null,
        "abs_suburb": "ISISFORD",
        "facility_state": "QUEENSLAND",
        "abs_postcode": "4731",
        "facility_attribute_source": "HTTP://DATA.QLD.GOV.AU",
        "facility_attribute_date": null,
        "facility_source": "HTTP://DATA.QLD.GOV.AU",
        "facility_date": null,
        "facility_spatial_confidence": null,
        "facility_revised": "2018-07-04T00:00:00Z",
        "comment_": null,
        "facility_lat": "-24.261958999999933",
        "facility_long": "144.4387190000001",
        "validated": null,
        "gnaf_building_name": null,
        "gnaf_address_detail_pid": "GAQLD163115889",
        "gnaf_formatted_address": "5 SAINT CHAD STREET",
        "gnaf_confidence": "1",
        "gnaf_postcode": "4731",
        "gnaf_suburb": "ISISFORD",
        "distance_to_gnaf": 23,
        "gnaf_lat": "-24.261747389999982",
        "gnaf_long": "144.43872455000007"
      },
      "geometry": {
        "type": "Point",
        "coordinates": [
          144.4387262441719,
          -24.261945705088824
        ]
      }
    },
    {
      "type": "Feature",
      "properties": {
        "objectid": 843,
        "featuretype": "EMERGENCY FACILITY",
        "descripton": "An emergency management facility from which a particular agency\u2019s resources are commanded, coordinated and assigned to an incident or emergency",
        "class": "AMBULANCE STATION",
        "facility_name": "VMR JACOBS WELL FIRST RESPONDER",
        "facility_operationalstatus": "OPERATIONAL",
        "facility_address": null,
        "abs_suburb": "JACOBS WELL",
        "facility_state": "QUEENSLAND",
        "abs_postcode": "4208",
        "facility_attribute_source": "HTTP://DATA.QLD.GOV.AU",
        "facility_attribute_date": null,
        "facility_source": "HTTP://DATA.QLD.GOV.AU",
        "facility_date": null,
        "facility_spatial_confidence": null,
        "facility_revised": "2018-07-04T00:00:00Z",
        "comment_": null,
        "facility_lat": "-27.78279299999997",
        "facility_long": "153.37076100000002",
        "validated": null,
        "gnaf_building_name": null,
        "gnaf_address_detail_pid": "GAQLD156676779",
        "gnaf_formatted_address": "34 ESPLANADE ",
        "gnaf_confidence": "2",
        "gnaf_postcode": "4208",
        "gnaf_suburb": "JACOBS WELL",
        "distance_to_gnaf": 10,
        "gnaf_lat": "-27.78270937999997",
        "gnaf_long": "153.37071702000003"
      },
      "geometry": {
        "type": "Point",
        "coordinates": [
          153.37076695703936,
          -27.782780481586432
        ]
      }
    },
    {
      "type": "Feature",
      "properties": {
        "objectid": 844,
        "featuretype": "EMERGENCY FACILITY",
        "descripton": "An emergency management facility from which a particular agency\u2019s resources are commanded, coordinated and assigned to an incident or emergency",
        "class": "AMBULANCE STATION",
        "facility_name": "NAMBOUR",
        "facility_operationalstatus": "OPERATIONAL",
        "facility_address": null,
        "abs_suburb": "NAMBOUR",
        "facility_state": "QUEENSLAND",
        "abs_postcode": "4560",
        "facility_attribute_source": "HTTP://DATA.QLD.GOV.AU",
        "facility_attribute_date": null,
        "facility_source": "HTTP://DATA.QLD.GOV.AU",
        "facility_date": null,
        "facility_spatial_confidence": null,
        "facility_revised": "2018-07-04T00:00:00Z",
        "comment_": null,
        "facility_lat": "-26.617727999999943",
        "facility_long": "152.96248800000012",
        "validated": null,
        "gnaf_building_name": null,
        "gnaf_address_detail_pid": "GAQLD161290666",
        "gnaf_formatted_address": "27 RIGBY STREET",
        "gnaf_confidence": "1",
        "gnaf_postcode": "4560",
        "gnaf_suburb": "NAMBOUR",
        "distance_to_gnaf": 12,
        "gnaf_lat": "-26.61768619999998",
        "gnaf_long": "152.96238144000006"
      },
      "geometry": {
        "type": "Point",
        "coordinates": [
          152.96249414734368,
          -26.61771543115074
        ]
      }
    },
    {
      "type": "Feature",
      "properties": {
        "objectid": 845,
        "featuretype": "EMERGENCY FACILITY",
        "descripton": "An emergency management facility from which a particular agency\u2019s resources are commanded, coordinated and assigned to an incident or emergency",
        "class": "AMBULANCE STATION",
        "facility_name": "NANANGO",
        "facility_operationalstatus": "OPERATIONAL",
        "facility_address": null,
        "abs_suburb": "NANANGO",
        "facility_state": "QUEENSLAND",
        "abs_postcode": "4615",
        "facility_attribute_source": "HTTP://DATA.QLD.GOV.AU",
        "facility_attribute_date": null,
        "facility_source": "HTTP://DATA.QLD.GOV.AU",
        "facility_date": null,
        "facility_spatial_confidence": null,
        "facility_revised": "2018-07-04T00:00:00Z",
        "comment_": null,
        "facility_lat": "-26.67095299999994",
        "facility_long": "151.9976650000001",
        "validated": null,
        "gnaf_building_name": null,
        "gnaf_address_detail_pid": "GAQLD156900478",
        "gnaf_formatted_address": "95 DRAYTON STREET",
        "gnaf_confidence": "2",
        "gnaf_postcode": "4615",
        "gnaf_suburb": "NANANGO",
        "distance_to_gnaf": 4,
        "gnaf_lat": "-26.670955409999976",
        "gnaf_long": "151.99770477000004"
      },
      "geometry": {
        "type": "Point",
        "coordinates": [
          151.99767124097647,
          -26.670940336814752
        ]
      }
    },
    {
      "type": "Feature",
      "properties": {
        "objectid": 846,
        "featuretype": "EMERGENCY FACILITY",
        "descripton": "An emergency management facility from which a particular agency\u2019s resources are commanded, coordinated and assigned to an incident or emergency",
        "class": "AMBULANCE STATION",
        "facility_name": "WEIPA",
        "facility_operationalstatus": "OPERATIONAL",
        "facility_address": null,
        "abs_suburb": "NANUM",
        "facility_state": "QUEENSLAND",
        "abs_postcode": "4874",
        "facility_attribute_source": "HTTP://DATA.QLD.GOV.AU",
        "facility_attribute_date": null,
        "facility_source": "HTTP://DATA.QLD.GOV.AU",
        "facility_date": null,
        "facility_spatial_confidence": null,
        "facility_revised": "2018-07-04T00:00:00Z",
        "comment_": null,
        "facility_lat": "-12.653276999999946",
        "facility_long": "141.86007900000004",
        "validated": null,
        "gnaf_building_name": null,
        "gnaf_address_detail_pid": "GAQLD425864915",
        "gnaf_formatted_address": "LOT 168 JOHN EVANS DRIVE",
        "gnaf_confidence": "0",
        "gnaf_postcode": "4874",
        "gnaf_suburb": "MISSION RIVER",
        "distance_to_gnaf": 10,
        "gnaf_lat": "-12.653225919999954",
        "gnaf_long": "141.86015494000003"
      },
      "geometry": {
        "type": "Point",
        "coordinates": [
          141.8600871948491,
          -12.653263455319253
        ]
      }
    },
    {
      "type": "Feature",
      "properties": {
        "objectid": 847,
        "featuretype": "EMERGENCY FACILITY",
        "descripton": "An emergency management facility from which a particular agency\u2019s resources are commanded, coordinated and assigned to an incident or emergency",
        "class": "AMBULANCE STATION",
        "facility_name": "WEIPA FIELD OFFICE",
        "facility_operationalstatus": "OPERATIONAL",
        "facility_address": null,
        "abs_suburb": "NANUM",
        "facility_state": "QUEENSLAND",
        "abs_postcode": "4874",
        "facility_attribute_source": "HTTP://DATA.QLD.GOV.AU",
        "facility_attribute_date": null,
        "facility_source": "HTTP://DATA.QLD.GOV.AU",
        "facility_date": null,
        "facility_spatial_confidence": null,
        "facility_revised": "2018-07-04T00:00:00Z",
        "comment_": null,
        "facility_lat": "-12.653276999999946",
        "facility_long": "141.86007900000004",
        "validated": null,
        "gnaf_building_name": null,
        "gnaf_address_detail_pid": "GAQLD425864915",
        "gnaf_formatted_address": "LOT 168 JOHN EVANS DRIVE",
        "gnaf_confidence": "0",
        "gnaf_postcode": "4874",
        "gnaf_suburb": "MISSION RIVER",
        "distance_to_gnaf": 10,
        "gnaf_lat": "-12.653225919999954",
        "gnaf_long": "141.86015494000003"
      },
      "geometry": {
        "type": "Point",
        "coordinates": [
          141.8600871948491,
          -12.653263455319253
        ]
      }
    },
    {
      "type": "Feature",
      "properties": {
        "objectid": 848,
        "featuretype": "EMERGENCY FACILITY",
        "descripton": "An emergency management facility from which a particular agency\u2019s resources are commanded, coordinated and assigned to an incident or emergency",
        "class": "AMBULANCE STATION",
        "facility_name": "NARANGBA",
        "facility_operationalstatus": "OPERATIONAL",
        "facility_address": null,
        "abs_suburb": "NARANGBA",
        "facility_state": "QUEENSLAND",
        "abs_postcode": "4504",
        "facility_attribute_source": "HTTP://DATA.QLD.GOV.AU",
        "facility_attribute_date": null,
        "facility_source": "HTTP://DATA.QLD.GOV.AU",
        "facility_date": null,
        "facility_spatial_confidence": null,
        "facility_revised": "2018-07-04T00:00:00Z",
        "comment_": null,
        "facility_lat": "-27.18654399999997",
        "facility_long": "152.93553500000007",
        "validated": null,
        "gnaf_building_name": null,
        "gnaf_address_detail_pid": "GAQLD162054597",
        "gnaf_formatted_address": "1001-1005 OAKEY FLAT ROAD",
        "gnaf_confidence": "0",
        "gnaf_postcode": "4504",
        "gnaf_suburb": "NARANGBA",
        "distance_to_gnaf": 24,
        "gnaf_lat": "-27.18676021999994",
        "gnaf_long": "152.93552278000004"
      },
      "geometry": {
        "type": "Point",
        "coordinates": [
          152.93554107934943,
          -27.186531432975983
        ]
      }
    },
    {
      "type": "Feature",
      "properties": {
        "objectid": 849,
        "featuretype": "EMERGENCY FACILITY",
        "descripton": "An emergency management facility from which a particular agency\u2019s resources are commanded, coordinated and assigned to an incident or emergency",
        "class": "AMBULANCE STATION",
        "facility_name": "NATHAN",
        "facility_operationalstatus": "OPERATIONAL",
        "facility_address": null,
        "abs_suburb": "NATHAN",
        "facility_state": "QUEENSLAND",
        "abs_postcode": "4111",
        "facility_attribute_source": "HTTP://DATA.QLD.GOV.AU",
        "facility_attribute_date": null,
        "facility_source": "HTTP://DATA.QLD.GOV.AU",
        "facility_date": null,
        "facility_spatial_confidence": null,
        "facility_revised": "2018-07-04T00:00:00Z",
        "comment_": null,
        "facility_lat": "-27.54427099999998",
        "facility_long": "153.03964400000007",
        "validated": null,
        "gnaf_building_name": null,
        "gnaf_address_detail_pid": "GAQLD157147174",
        "gnaf_formatted_address": "642 TOOHEY ROAD",
        "gnaf_confidence": "1",
        "gnaf_postcode": "4107",
        "gnaf_suburb": "SALISBURY",
        "distance_to_gnaf": 15,
        "gnaf_lat": "-27.544378089999952",
        "gnaf_long": "153.03973381000003"
      },
      "geometry": {
        "type": "Point",
        "coordinates": [
          153.03965002324597,
          -27.544258446236338
        ]
      }
    },
    {
      "type": "Feature",
      "properties": {
        "objectid": 850,
        "featuretype": "EMERGENCY FACILITY",
        "descripton": "An emergency management facility from which a particular agency\u2019s resources are commanded, coordinated and assigned to an incident or emergency",
        "class": "AMBULANCE STATION",
        "facility_name": "NEBO",
        "facility_operationalstatus": "OPERATIONAL",
        "facility_address": null,
        "abs_suburb": "NEBO",
        "facility_state": "QUEENSLAND",
        "abs_postcode": "4742",
        "facility_attribute_source": "HTTP://DATA.QLD.GOV.AU",
        "facility_attribute_date": null,
        "facility_source": "HTTP://DATA.QLD.GOV.AU",
        "facility_date": null,
        "facility_spatial_confidence": null,
        "facility_revised": "2018-07-04T00:00:00Z",
        "comment_": null,
        "facility_lat": "-21.69017599999995",
        "facility_long": "148.69122100000004",
        "validated": null,
        "gnaf_building_name": null,
        "gnaf_address_detail_pid": "GAQLD156883605",
        "gnaf_formatted_address": "19 BOVEY STREET",
        "gnaf_confidence": "2",
        "gnaf_postcode": "4742",
        "gnaf_suburb": "NEBO",
        "distance_to_gnaf": 21,
        "gnaf_lat": "-21.69036066999996",
        "gnaf_long": "148.69126533000008"
      },
      "geometry": {
        "type": "Point",
        "coordinates": [
          148.69122808210108,
          -21.690162999875938
        ]
      }
    },
    {
      "type": "Feature",
      "properties": {
        "objectid": 851,
        "featuretype": "EMERGENCY FACILITY",
        "descripton": "An emergency management facility from which a particular agency\u2019s resources are commanded, coordinated and assigned to an incident or emergency",
        "class": "AMBULANCE STATION",
        "facility_name": "MAGNETIC ISLAND",
        "facility_operationalstatus": "OPERATIONAL",
        "facility_address": null,
        "abs_suburb": "NELLY BAY",
        "facility_state": "QUEENSLAND",
        "abs_postcode": "4819",
        "facility_attribute_source": "HTTP://DATA.QLD.GOV.AU",
        "facility_attribute_date": null,
        "facility_source": "HTTP://DATA.QLD.GOV.AU",
        "facility_date": null,
        "facility_spatial_confidence": null,
        "facility_revised": "2018-07-04T00:00:00Z",
        "comment_": null,
        "facility_lat": "-19.156245999999953",
        "facility_long": "146.84556900000007",
        "validated": null,
        "gnaf_building_name": null,
        "gnaf_address_detail_pid": "GAQLD155624854",
        "gnaf_formatted_address": "54 KELLY STREET",
        "gnaf_confidence": "1",
        "gnaf_postcode": "4819",
        "gnaf_suburb": "NELLY BAY",
        "distance_to_gnaf": 21,
        "gnaf_lat": "-19.156367529999955",
        "gnaf_long": "146.8454149700001"
      },
      "geometry": {
        "type": "Point",
        "coordinates": [
          146.84557645104542,
          -19.156232832755055
        ]
      }
    },
    {
      "type": "Feature",
      "properties": {
        "objectid": 852,
        "featuretype": "EMERGENCY FACILITY",
        "descripton": "An emergency management facility from which a particular agency\u2019s resources are commanded, coordinated and assigned to an incident or emergency",
        "class": "AMBULANCE STATION",
        "facility_name": "JANDOWAE",
        "facility_operationalstatus": "OPERATIONAL",
        "facility_address": null,
        "abs_suburb": "JANDOWAE",
        "facility_state": "QUEENSLAND",
        "abs_postcode": "4410",
        "facility_attribute_source": "HTTP://DATA.QLD.GOV.AU",
        "facility_attribute_date": null,
        "facility_source": "HTTP://DATA.QLD.GOV.AU",
        "facility_date": null,
        "facility_spatial_confidence": null,
        "facility_revised": "2018-07-04T00:00:00Z",
        "comment_": null,
        "facility_lat": "-26.780746999999963",
        "facility_long": "151.11047000000008",
        "validated": null,
        "gnaf_building_name": null,
        "gnaf_address_detail_pid": "GAQLD158093024",
        "gnaf_formatted_address": "27 GEORGE STREET",
        "gnaf_confidence": "2",
        "gnaf_postcode": "4410",
        "gnaf_suburb": "JANDOWAE",
        "distance_to_gnaf": 14,
        "gnaf_lat": "-26.780645879999952",
        "gnaf_long": "151.11039391000008"
      },
      "geometry": {
        "type": "Point",
        "coordinates": [
          151.11047632123461,
          -26.780734253797256
        ]
      }
    },
    {
      "type": "Feature",
      "properties": {
        "objectid": 853,
        "featuretype": "EMERGENCY FACILITY",
        "descripton": "An emergency management facility from which a particular agency\u2019s resources are commanded, coordinated and assigned to an incident or emergency",
        "class": "AMBULANCE STATION",
        "facility_name": "JIMBOOMBA",
        "facility_operationalstatus": "OPERATIONAL",
        "facility_address": null,
        "abs_suburb": "JIMBOOMBA",
        "facility_state": "QUEENSLAND",
        "abs_postcode": "4280",
        "facility_attribute_source": "HTTP://DATA.QLD.GOV.AU",
        "facility_attribute_date": null,
        "facility_source": "HTTP://DATA.QLD.GOV.AU",
        "facility_date": null,
        "facility_spatial_confidence": null,
        "facility_revised": "2018-07-04T00:00:00Z",
        "comment_": null,
        "facility_lat": "-27.828862999999956",
        "facility_long": "153.02516000000003",
        "validated": null,
        "gnaf_building_name": null,
        "gnaf_address_detail_pid": "GAQLD156692442",
        "gnaf_formatted_address": "26-28 JOHANNA STREET",
        "gnaf_confidence": "2",
        "gnaf_postcode": "4280",
        "gnaf_suburb": "JIMBOOMBA",
        "distance_to_gnaf": 26,
        "gnaf_lat": "-27.828983809999954",
        "gnaf_long": "153.02539106000006"
      },
      "geometry": {
        "type": "Point",
        "coordinates": [
          153.0251659887521,
          -27.828850447019235
        ]
      }
    },
    {
      "type": "Feature",
      "properties": {
        "objectid": 854,
        "featuretype": "EMERGENCY FACILITY",
        "descripton": "An emergency management facility from which a particular agency\u2019s resources are commanded, coordinated and assigned to an incident or emergency",
        "class": "AMBULANCE STATION",
        "facility_name": "JULIA CREEK",
        "facility_operationalstatus": "OPERATIONAL",
        "facility_address": null,
        "abs_suburb": "JULIA CREEK",
        "facility_state": "QUEENSLAND",
        "abs_postcode": "4823",
        "facility_attribute_source": "HTTP://DATA.QLD.GOV.AU",
        "facility_attribute_date": null,
        "facility_source": "HTTP://DATA.QLD.GOV.AU",
        "facility_date": null,
        "facility_spatial_confidence": null,
        "facility_revised": "2018-07-04T00:00:00Z",
        "comment_": null,
        "facility_lat": "-20.657746999999972",
        "facility_long": "141.74282100000005",
        "validated": null,
        "gnaf_building_name": null,
        "gnaf_address_detail_pid": "GAQLD156699116",
        "gnaf_formatted_address": "68 BURKE STREET",
        "gnaf_confidence": "2",
        "gnaf_postcode": "4823",
        "gnaf_suburb": "JULIA CREEK",
        "distance_to_gnaf": 8,
        "gnaf_lat": "-20.657818359999965",
        "gnaf_long": "141.74281014000007"
      },
      "geometry": {
        "type": "Point",
        "coordinates": [
          141.74282873620936,
          -20.657733515233343
        ]
      }
    },
    {
      "type": "Feature",
      "properties": {
        "objectid": 855,
        "featuretype": "EMERGENCY FACILITY",
        "descripton": "An emergency management facility from which a particular agency\u2019s resources are commanded, coordinated and assigned to an incident or emergency",
        "class": "AMBULANCE STATION",
        "facility_name": "KENMORE",
        "facility_operationalstatus": "OPERATIONAL",
        "facility_address": null,
        "abs_suburb": "KENMORE",
        "facility_state": "QUEENSLAND",
        "abs_postcode": "4069",
        "facility_attribute_source": "HTTP://DATA.QLD.GOV.AU",
        "facility_attribute_date": null,
        "facility_source": "HTTP://DATA.QLD.GOV.AU",
        "facility_date": null,
        "facility_spatial_confidence": null,
        "facility_revised": "2018-07-04T00:00:00Z",
        "comment_": null,
        "facility_lat": "-27.50722399999995",
        "facility_long": "152.95058800000004",
        "validated": null,
        "gnaf_building_name": null,
        "gnaf_address_detail_pid": "GAQLD162123747",
        "gnaf_formatted_address": "6 BOBLYNNE STREET",
        "gnaf_confidence": "1",
        "gnaf_postcode": "4069",
        "gnaf_suburb": "KENMORE",
        "distance_to_gnaf": 24,
        "gnaf_lat": "-27.50701007999993",
        "gnaf_long": "152.9506019900001"
      },
      "geometry": {
        "type": "Point",
        "coordinates": [
          152.95059403750284,
          -27.507211437015187
        ]
      }
    },
    {
      "type": "Feature",
      "properties": {
        "objectid": 856,
        "featuretype": "EMERGENCY FACILITY",
        "descripton": "An emergency management facility from which a particular agency\u2019s resources are commanded, coordinated and assigned to an incident or emergency",
        "class": "AMBULANCE STATION",
        "facility_name": "HAMMOND ISLAND FIRST RESPONDER",
        "facility_operationalstatus": "OPERATIONAL",
        "facility_address": null,
        "abs_suburb": "KERIRI ISLAND",
        "facility_state": "QUEENSLAND",
        "abs_postcode": "4875",
        "facility_attribute_source": "HTTP://DATA.QLD.GOV.AU",
        "facility_attribute_date": null,
        "facility_source": "HTTP://DATA.QLD.GOV.AU",
        "facility_date": null,
        "facility_spatial_confidence": null,
        "facility_revised": "2018-07-04T00:00:00Z",
        "comment_": null,
        "facility_lat": "-10.554055999999946",
        "facility_long": "142.21748100000002",
        "validated": null,
        "gnaf_building_name": null,
        "gnaf_address_detail_pid": "GAQLD425144469",
        "gnaf_formatted_address": "33 LOUIS ROAD",
        "gnaf_confidence": "2",
        "gnaf_postcode": "4875",
        "gnaf_suburb": "KERIRI ISLAND",
        "distance_to_gnaf": 30,
        "gnaf_lat": "-10.55379156999993",
        "gnaf_long": "142.21744376000004"
      },
      "geometry": {
        "type": "Point",
        "coordinates": [
          142.2174892983009,
          -10.554042456902565
        ]
      }
    },
    {
      "type": "Feature",
      "properties": {
        "objectid": 857,
        "featuretype": "EMERGENCY FACILITY",
        "descripton": "An emergency management facility from which a particular agency\u2019s resources are commanded, coordinated and assigned to an incident or emergency",
        "class": "AMBULANCE STATION",
        "facility_name": "KILCOY",
        "facility_operationalstatus": "OPERATIONAL",
        "facility_address": null,
        "abs_suburb": "KILCOY",
        "facility_state": "QUEENSLAND",
        "abs_postcode": "4515",
        "facility_attribute_source": "HTTP://DATA.QLD.GOV.AU",
        "facility_attribute_date": null,
        "facility_source": "HTTP://DATA.QLD.GOV.AU",
        "facility_date": null,
        "facility_spatial_confidence": null,
        "facility_revised": "2018-07-04T00:00:00Z",
        "comment_": null,
        "facility_lat": "-26.942098999999928",
        "facility_long": "152.56388900000002",
        "validated": null,
        "gnaf_building_name": null,
        "gnaf_address_detail_pid": "GAQLD158120845",
        "gnaf_formatted_address": "7 KENNEDY STREET",
        "gnaf_confidence": "2",
        "gnaf_postcode": "4515",
        "gnaf_suburb": "KILCOY",
        "distance_to_gnaf": 10,
        "gnaf_lat": "-26.942170749999946",
        "gnaf_long": "152.56383444000005"
      },
      "geometry": {
        "type": "Point",
        "coordinates": [
          152.56389514886556,
          -26.942086394137956
        ]
      }
    },
    {
      "type": "Feature",
      "properties": {
        "objectid": 858,
        "featuretype": "EMERGENCY FACILITY",
        "descripton": "An emergency management facility from which a particular agency\u2019s resources are commanded, coordinated and assigned to an incident or emergency",
        "class": "AMBULANCE STATION",
        "facility_name": "KINGAROY",
        "facility_operationalstatus": "OPERATIONAL",
        "facility_address": null,
        "abs_suburb": "KINGAROY",
        "facility_state": "QUEENSLAND",
        "abs_postcode": "4610",
        "facility_attribute_source": "HTTP://DATA.QLD.GOV.AU",
        "facility_attribute_date": null,
        "facility_source": "HTTP://DATA.QLD.GOV.AU",
        "facility_date": null,
        "facility_spatial_confidence": null,
        "facility_revised": "2018-07-04T00:00:00Z",
        "comment_": null,
        "facility_lat": "-26.536584999999945",
        "facility_long": "151.8391570000001",
        "validated": null,
        "gnaf_building_name": null,
        "gnaf_address_detail_pid": "GAQLD156716873",
        "gnaf_formatted_address": "27 EDWARD STREET",
        "gnaf_confidence": "1",
        "gnaf_postcode": "4610",
        "gnaf_suburb": "KINGAROY",
        "distance_to_gnaf": 12,
        "gnaf_lat": "-26.536688149999975",
        "gnaf_long": "151.83916451000005"
      },
      "geometry": {
        "type": "Point",
        "coordinates": [
          151.83916327343232,
          -26.53657232052968
        ]
      }
    },
    {
      "type": "Feature",
      "properties": {
        "objectid": 859,
        "featuretype": "EMERGENCY FACILITY",
        "descripton": "An emergency management facility from which a particular agency\u2019s resources are commanded, coordinated and assigned to an incident or emergency",
        "class": "AMBULANCE STATION",
        "facility_name": "KURANDA",
        "facility_operationalstatus": "OPERATIONAL",
        "facility_address": null,
        "abs_suburb": "KURANDA",
        "facility_state": "QUEENSLAND",
        "abs_postcode": "4881",
        "facility_attribute_source": "HTTP://DATA.QLD.GOV.AU",
        "facility_attribute_date": null,
        "facility_source": "HTTP://DATA.QLD.GOV.AU",
        "facility_date": null,
        "facility_spatial_confidence": null,
        "facility_revised": "2018-07-04T00:00:00Z",
        "comment_": null,
        "facility_lat": "-16.83367599999997",
        "facility_long": "145.62237200000004",
        "validated": null,
        "gnaf_building_name": null,
        "gnaf_address_detail_pid": "GAQLD160676612",
        "gnaf_formatted_address": "3-9 FALLON ROAD",
        "gnaf_confidence": "2",
        "gnaf_postcode": "4881",
        "gnaf_suburb": "KURANDA",
        "distance_to_gnaf": 21,
        "gnaf_lat": "-16.833602559999974",
        "gnaf_long": "145.62255619000007"
      },
      "geometry": {
        "type": "Point",
        "coordinates": [
          145.62237971779797,
          -16.833662724242885
        ]
      }
    },
    {
      "type": "Feature",
      "properties": {
        "objectid": 860,
        "featuretype": "EMERGENCY FACILITY",
        "descripton": "An emergency management facility from which a particular agency\u2019s resources are commanded, coordinated and assigned to an incident or emergency",
        "class": "AMBULANCE STATION",
        "facility_name": "LAIDLEY",
        "facility_operationalstatus": "OPERATIONAL",
        "facility_address": null,
        "abs_suburb": "LAIDLEY",
        "facility_state": "QUEENSLAND",
        "abs_postcode": "4341",
        "facility_attribute_source": "HTTP://DATA.QLD.GOV.AU",
        "facility_attribute_date": null,
        "facility_source": "HTTP://DATA.QLD.GOV.AU",
        "facility_date": null,
        "facility_spatial_confidence": null,
        "facility_revised": "2018-07-04T00:00:00Z",
        "comment_": null,
        "facility_lat": "-27.62886599999996",
        "facility_long": "152.39444000000003",
        "validated": null,
        "gnaf_building_name": null,
        "gnaf_address_detail_pid": "GAQLD161794845",
        "gnaf_formatted_address": "156-158 PATRICK STREET",
        "gnaf_confidence": "0",
        "gnaf_postcode": "4341",
        "gnaf_suburb": "LAIDLEY",
        "distance_to_gnaf": 21,
        "gnaf_lat": "-27.628913309999973",
        "gnaf_long": "152.3946448700001"
      },
      "geometry": {
        "type": "Point",
        "coordinates": [
          152.39444608247132,
          -27.628853382914233
        ]
      }
    },
    {
      "type": "Feature",
      "properties": {
        "objectid": 861,
        "featuretype": "EMERGENCY FACILITY",
        "descripton": "An emergency management facility from which a particular agency\u2019s resources are commanded, coordinated and assigned to an incident or emergency",
        "class": "AMBULANCE STATION",
        "facility_name": "KIRWAN",
        "facility_operationalstatus": "OPERATIONAL",
        "facility_address": null,
        "abs_suburb": "THURINGOWA CENTRAL",
        "facility_state": "QUEENSLAND",
        "abs_postcode": "4817",
        "facility_attribute_source": "HTTP://DATA.QLD.GOV.AU",
        "facility_attribute_date": null,
        "facility_source": "HTTP://DATA.QLD.GOV.AU",
        "facility_date": null,
        "facility_spatial_confidence": null,
        "facility_revised": "2018-07-04T00:00:00Z",
        "comment_": null,
        "facility_lat": "-19.309042999999974",
        "facility_long": "146.7307750000001",
        "validated": null,
        "gnaf_building_name": null,
        "gnaf_address_detail_pid": "GAQLD720374599",
        "gnaf_formatted_address": "5 BASS STREET",
        "gnaf_confidence": "1",
        "gnaf_postcode": "4817",
        "gnaf_suburb": "THURINGOWA CENTRAL",
        "distance_to_gnaf": 11,
        "gnaf_lat": "-19.309034259999976",
        "gnaf_long": "146.7306721000001"
      },
      "geometry": {
        "type": "Point",
        "coordinates": [
          146.73078244670776,
          -19.309029825437566
        ]
      }
    },
    {
      "type": "Feature",
      "properties": {
        "objectid": 862,
        "featuretype": "EMERGENCY FACILITY",
        "descripton": "An emergency management facility from which a particular agency\u2019s resources are commanded, coordinated and assigned to an incident or emergency",
        "class": "AMBULANCE STATION",
        "facility_name": "THURSDAY ISLAND",
        "facility_operationalstatus": "OPERATIONAL",
        "facility_address": null,
        "abs_suburb": "THURSDAY ISLAND",
        "facility_state": "QUEENSLAND",
        "abs_postcode": "4875",
        "facility_attribute_source": "HTTP://DATA.QLD.GOV.AU",
        "facility_attribute_date": null,
        "facility_source": "HTTP://DATA.QLD.GOV.AU",
        "facility_date": null,
        "facility_spatial_confidence": null,
        "facility_revised": "2018-07-04T00:00:00Z",
        "comment_": null,
        "facility_lat": "-10.582192999999961",
        "facility_long": "142.22333400000002",
        "validated": null,
        "gnaf_building_name": null,
        "gnaf_address_detail_pid": "GAQLD162050133",
        "gnaf_formatted_address": "8 MILMAN STREET",
        "gnaf_confidence": "1",
        "gnaf_postcode": "4875",
        "gnaf_suburb": "THURSDAY ISLAND",
        "distance_to_gnaf": 21,
        "gnaf_lat": "-10.582022989999928",
        "gnaf_long": "142.22342229000003"
      },
      "geometry": {
        "type": "Point",
        "coordinates": [
          142.22334229649925,
          -10.582179457468335
        ]
      }
    },
    {
      "type": "Feature",
      "properties": {
        "objectid": 863,
        "featuretype": "EMERGENCY FACILITY",
        "descripton": "An emergency management facility from which a particular agency\u2019s resources are commanded, coordinated and assigned to an incident or emergency",
        "class": "AMBULANCE STATION",
        "facility_name": "TIERI",
        "facility_operationalstatus": "OPERATIONAL",
        "facility_address": null,
        "abs_suburb": "TIERI",
        "facility_state": "QUEENSLAND",
        "abs_postcode": "4709",
        "facility_attribute_source": "HTTP://DATA.QLD.GOV.AU",
        "facility_attribute_date": null,
        "facility_source": "HTTP://DATA.QLD.GOV.AU",
        "facility_date": null,
        "facility_spatial_confidence": null,
        "facility_revised": "2018-07-04T00:00:00Z",
        "comment_": null,
        "facility_lat": "-23.03800499999994",
        "facility_long": "148.34467100000006",
        "validated": null,
        "gnaf_building_name": null,
        "gnaf_address_detail_pid": "GAQLD157231748",
        "gnaf_formatted_address": "1 MALVERN AVENUE",
        "gnaf_confidence": "1",
        "gnaf_postcode": "4709",
        "gnaf_suburb": "TIERI",
        "distance_to_gnaf": 10,
        "gnaf_lat": "-23.03791807999994",
        "gnaf_long": "148.34468374000005"
      },
      "geometry": {
        "type": "Point",
        "coordinates": [
          148.34467798395198,
          -23.037991982519685
        ]
      }
    },
    {
      "type": "Feature",
      "properties": {
        "objectid": 864,
        "featuretype": "EMERGENCY FACILITY",
        "descripton": "An emergency management facility from which a particular agency\u2019s resources are commanded, coordinated and assigned to an incident or emergency",
        "class": "AMBULANCE STATION",
        "facility_name": "COOLOOLA COAST",
        "facility_operationalstatus": "OPERATIONAL",
        "facility_address": null,
        "abs_suburb": "TIN CAN BAY",
        "facility_state": "QUEENSLAND",
        "abs_postcode": "4580",
        "facility_attribute_source": "HTTP://DATA.QLD.GOV.AU",
        "facility_attribute_date": null,
        "facility_source": "HTTP://DATA.QLD.GOV.AU",
        "facility_date": null,
        "facility_spatial_confidence": null,
        "facility_revised": "2018-07-04T00:00:00Z",
        "comment_": null,
        "facility_lat": "-25.916956999999968",
        "facility_long": "153.00362300000006",
        "validated": null,
        "gnaf_building_name": null,
        "gnaf_address_detail_pid": "GAQLD425750436",
        "gnaf_formatted_address": "73 GYMPIE ROAD",
        "gnaf_confidence": "2",
        "gnaf_postcode": "4580",
        "gnaf_suburb": "TIN CAN BAY",
        "distance_to_gnaf": 20,
        "gnaf_lat": "-25.91707600999996",
        "gnaf_long": "153.0037712400001"
      },
      "geometry": {
        "type": "Point",
        "coordinates": [
          153.00362922953917,
          -25.916944429649586
        ]
      }
    },
    {
      "type": "Feature",
      "properties": {
        "objectid": 865,
        "featuretype": "EMERGENCY FACILITY",
        "descripton": "An emergency management facility from which a particular agency\u2019s resources are commanded, coordinated and assigned to an incident or emergency",
        "class": "AMBULANCE STATION",
        "facility_name": "TOOGOOLAWAH",
        "facility_operationalstatus": "OPERATIONAL",
        "facility_address": null,
        "abs_suburb": "TOOGOOLAWAH",
        "facility_state": "QUEENSLAND",
        "abs_postcode": "4313",
        "facility_attribute_source": "HTTP://DATA.QLD.GOV.AU",
        "facility_attribute_date": null,
        "facility_source": "HTTP://DATA.QLD.GOV.AU",
        "facility_date": null,
        "facility_spatial_confidence": null,
        "facility_revised": "2018-07-04T00:00:00Z",
        "comment_": null,
        "facility_lat": "-27.08797999999996",
        "facility_long": "152.37386300000003",
        "validated": null,
        "gnaf_building_name": null,
        "gnaf_address_detail_pid": "GAQLD157253711",
        "gnaf_formatted_address": "50 FULHAM STREET",
        "gnaf_confidence": "2",
        "gnaf_postcode": "4313",
        "gnaf_suburb": "TOOGOOLAWAH",
        "distance_to_gnaf": 10,
        "gnaf_lat": "-27.08799278999993",
        "gnaf_long": "152.37376569000003"
      },
      "geometry": {
        "type": "Point",
        "coordinates": [
          152.37386915107442,
          -27.0879673766369
        ]
      }
    },
    {
      "type": "Feature",
      "properties": {
        "objectid": 866,
        "featuretype": "EMERGENCY FACILITY",
        "descripton": "An emergency management facility from which a particular agency\u2019s resources are commanded, coordinated and assigned to an incident or emergency",
        "class": "AMBULANCE STATION",
        "facility_name": "TOOWOOMBA",
        "facility_operationalstatus": "OPERATIONAL",
        "facility_address": null,
        "abs_suburb": "TOOWOOMBA CITY",
        "facility_state": "QUEENSLAND",
        "abs_postcode": "4350",
        "facility_attribute_source": "HTTP://DATA.QLD.GOV.AU",
        "facility_attribute_date": null,
        "facility_source": "HTTP://DATA.QLD.GOV.AU",
        "facility_date": null,
        "facility_spatial_confidence": null,
        "facility_revised": "2018-07-04T00:00:00Z",
        "comment_": null,
        "facility_lat": "-27.565021999999942",
        "facility_long": "151.951005",
        "validated": null,
        "gnaf_building_name": "AMBULANCE",
        "gnaf_address_detail_pid": "GAQLD720029161",
        "gnaf_formatted_address": "2-8 NORTHAM STREET",
        "gnaf_confidence": "0",
        "gnaf_postcode": "4350",
        "gnaf_suburb": "TOOWOOMBA CITY",
        "distance_to_gnaf": 6,
        "gnaf_lat": "-27.565076939999983",
        "gnaf_long": "151.95098508"
      },
      "geometry": {
        "type": "Point",
        "coordinates": [
          151.95101113849077,
          -27.565009339386663
        ]
      }
    },
    {
      "type": "Feature",
      "properties": {
        "objectid": 867,
        "featuretype": "EMERGENCY FACILITY",
        "descripton": "An emergency management facility from which a particular agency\u2019s resources are commanded, coordinated and assigned to an incident or emergency",
        "class": "AMBULANCE STATION",
        "facility_name": "FAIRVIEW",
        "facility_operationalstatus": "OPERATIONAL",
        "facility_address": null,
        "abs_suburb": "TORRINGTON",
        "facility_state": "QUEENSLAND",
        "abs_postcode": "4350",
        "facility_attribute_source": "HTTP://DATA.QLD.GOV.AU",
        "facility_attribute_date": null,
        "facility_source": "HTTP://DATA.QLD.GOV.AU",
        "facility_date": null,
        "facility_spatial_confidence": null,
        "facility_revised": "2018-07-04T00:00:00Z",
        "comment_": null,
        "facility_lat": "-27.535060999999928",
        "facility_long": "151.90315500000008",
        "validated": null,
        "gnaf_building_name": null,
        "gnaf_address_detail_pid": "GAQLD156054971",
        "gnaf_formatted_address": "554 BRIDGE STREET",
        "gnaf_confidence": "1",
        "gnaf_postcode": "4350",
        "gnaf_suburb": "TORRINGTON",
        "distance_to_gnaf": 40,
        "gnaf_lat": "-27.535361689999945",
        "gnaf_long": "151.90293907000012"
      },
      "geometry": {
        "type": "Point",
        "coordinates": [
          151.90316114731596,
          -27.535048334555146
        ]
      }
    },
    {
      "type": "Feature",
      "properties": {
        "objectid": 868,
        "featuretype": "EMERGENCY FACILITY",
        "descripton": "An emergency management facility from which a particular agency\u2019s resources are commanded, coordinated and assigned to an incident or emergency",
        "class": "AMBULANCE STATION",
        "facility_name": "NERANG",
        "facility_operationalstatus": "OPERATIONAL",
        "facility_address": null,
        "abs_suburb": "NERANG",
        "facility_state": "QUEENSLAND",
        "abs_postcode": "4211",
        "facility_attribute_source": "HTTP://DATA.QLD.GOV.AU",
        "facility_attribute_date": null,
        "facility_source": "HTTP://DATA.QLD.GOV.AU",
        "facility_date": null,
        "facility_spatial_confidence": null,
        "facility_revised": "2018-07-04T00:00:00Z",
        "comment_": null,
        "facility_lat": "-28.00552799999997",
        "facility_long": "153.33827500000007",
        "validated": null,
        "gnaf_building_name": "NERANG AMBULANCE STATION",
        "gnaf_address_detail_pid": "GAQLD156911634",
        "gnaf_formatted_address": "1 MORTENSEN ROAD",
        "gnaf_confidence": "0",
        "gnaf_postcode": "4211",
        "gnaf_suburb": "NERANG",
        "distance_to_gnaf": 13,
        "gnaf_lat": "-28.005415419999963",
        "gnaf_long": "153.33828915000004"
      },
      "geometry": {
        "type": "Point",
        "coordinates": [
          153.33828093189177,
          -28.0055154800305
        ]
      }
    },
    {
      "type": "Feature",
      "properties": {
        "objectid": 869,
        "featuretype": "EMERGENCY FACILITY",
        "descripton": "An emergency management facility from which a particular agency\u2019s resources are commanded, coordinated and assigned to an incident or emergency",
        "class": "AMBULANCE STATION",
        "facility_name": "NORTH ROCKHAMPTON",
        "facility_operationalstatus": "OPERATIONAL",
        "facility_address": null,
        "abs_suburb": "PARKHURST",
        "facility_state": "QUEENSLAND",
        "abs_postcode": "4702",
        "facility_attribute_source": "HTTP://DATA.QLD.GOV.AU",
        "facility_attribute_date": null,
        "facility_source": "HTTP://DATA.QLD.GOV.AU",
        "facility_date": null,
        "facility_spatial_confidence": null,
        "facility_revised": "2018-07-04T00:00:00Z",
        "comment_": null,
        "facility_lat": "-23.314393999999936",
        "facility_long": "150.51570400000003",
        "validated": null,
        "gnaf_building_name": null,
        "gnaf_address_detail_pid": "GAQLD162078289",
        "gnaf_formatted_address": "755 YAAMBA ROAD",
        "gnaf_confidence": "0",
        "gnaf_postcode": "4702",
        "gnaf_suburb": "PARKHURST",
        "distance_to_gnaf": 82,
        "gnaf_lat": "-23.313953949999927",
        "gnaf_long": "150.51505872000007"
      },
      "geometry": {
        "type": "Point",
        "coordinates": [
          150.51571076183882,
          -23.314381171320854
        ]
      }
    },
    {
      "type": "Feature",
      "properties": {
        "objectid": 870,
        "featuretype": "EMERGENCY FACILITY",
        "descripton": "An emergency management facility from which a particular agency\u2019s resources are commanded, coordinated and assigned to an incident or emergency",
        "class": "AMBULANCE STATION",
        "facility_name": "MOUNT ISA",
        "facility_operationalstatus": "OPERATIONAL",
        "facility_address": null,
        "abs_suburb": "PARKSIDE",
        "facility_state": "QUEENSLAND",
        "abs_postcode": "4825",
        "facility_attribute_source": "HTTP://DATA.QLD.GOV.AU",
        "facility_attribute_date": null,
        "facility_source": "HTTP://DATA.QLD.GOV.AU",
        "facility_date": null,
        "facility_spatial_confidence": null,
        "facility_revised": "2018-07-04T00:00:00Z",
        "comment_": null,
        "facility_lat": "-20.728783999999962",
        "facility_long": "139.4855070000001",
        "validated": null,
        "gnaf_building_name": null,
        "gnaf_address_detail_pid": "GAQLD157001196",
        "gnaf_formatted_address": "1 CHURCH STREET",
        "gnaf_confidence": "1",
        "gnaf_postcode": "4825",
        "gnaf_suburb": "PARKSIDE",
        "distance_to_gnaf": 20,
        "gnaf_lat": "-20.728682919999983",
        "gnaf_long": "139.4856670900001"
      },
      "geometry": {
        "type": "Point",
        "coordinates": [
          139.48551491839345,
          -20.728770404599768
        ]
      }
    },
    {
      "type": "Feature",
      "properties": {
        "objectid": 871,
        "featuretype": "EMERGENCY FACILITY",
        "descripton": "An emergency management facility from which a particular agency\u2019s resources are commanded, coordinated and assigned to an incident or emergency",
        "class": "AMBULANCE STATION",
        "facility_name": "PETRIE",
        "facility_operationalstatus": "OPERATIONAL",
        "facility_address": null,
        "abs_suburb": "PETRIE",
        "facility_state": "QUEENSLAND",
        "abs_postcode": "4502",
        "facility_attribute_source": "HTTP://DATA.QLD.GOV.AU",
        "facility_attribute_date": null,
        "facility_source": "HTTP://DATA.QLD.GOV.AU",
        "facility_date": null,
        "facility_spatial_confidence": null,
        "facility_revised": "2018-07-04T00:00:00Z",
        "comment_": null,
        "facility_lat": "-27.270819999999958",
        "facility_long": "152.97791400000006",
        "validated": null,
        "gnaf_building_name": null,
        "gnaf_address_detail_pid": "GAQLD156991523",
        "gnaf_formatted_address": "1 OLOAN STREET",
        "gnaf_confidence": "1",
        "gnaf_postcode": "4502",
        "gnaf_suburb": "PETRIE",
        "distance_to_gnaf": 4,
        "gnaf_lat": "-27.270797829999935",
        "gnaf_long": "152.97788703000003"
      },
      "geometry": {
        "type": "Point",
        "coordinates": [
          152.9779200642919,
          -27.270807437885296
        ]
      }
    },
    {
      "type": "Feature",
      "properties": {
        "objectid": 872,
        "featuretype": "EMERGENCY FACILITY",
        "descripton": "An emergency management facility from which a particular agency\u2019s resources are commanded, coordinated and assigned to an incident or emergency",
        "class": "AMBULANCE STATION",
        "facility_name": "ROMA STREET",
        "facility_operationalstatus": "OPERATIONAL",
        "facility_address": null,
        "abs_suburb": "PETRIE TERRACE",
        "facility_state": "QUEENSLAND",
        "abs_postcode": "4000",
        "facility_attribute_source": "HTTP://DATA.QLD.GOV.AU",
        "facility_attribute_date": null,
        "facility_source": "HTTP://DATA.QLD.GOV.AU",
        "facility_date": null,
        "facility_spatial_confidence": null,
        "facility_revised": "2018-07-04T00:00:00Z",
        "comment_": null,
        "facility_lat": "-27.465934999999945",
        "facility_long": "153.0152220000001",
        "validated": null,
        "gnaf_building_name": null,
        "gnaf_address_detail_pid": "GAQLD163147517",
        "gnaf_formatted_address": "279 UPPER ROMA STREET",
        "gnaf_confidence": "0",
        "gnaf_postcode": "4000",
        "gnaf_suburb": "BRISBANE CITY",
        "distance_to_gnaf": 21,
        "gnaf_lat": "-27.465817969999932",
        "gnaf_long": "153.01539361000005"
      },
      "geometry": {
        "type": "Point",
        "coordinates": [
          153.01522803576196,
          -27.46592244316704
        ]
      }
    },
    {
      "type": "Feature",
      "properties": {
        "objectid": 873,
        "featuretype": "EMERGENCY FACILITY",
        "descripton": "An emergency management facility from which a particular agency\u2019s resources are commanded, coordinated and assigned to an incident or emergency",
        "class": "AMBULANCE STATION",
        "facility_name": "PINJARRA HILLS",
        "facility_operationalstatus": "OPERATIONAL",
        "facility_address": null,
        "abs_suburb": "PINJARRA HILLS",
        "facility_state": "QUEENSLAND",
        "abs_postcode": "4069",
        "facility_attribute_source": "HTTP://DATA.QLD.GOV.AU",
        "facility_attribute_date": null,
        "facility_source": "HTTP://DATA.QLD.GOV.AU",
        "facility_date": null,
        "facility_spatial_confidence": null,
        "facility_revised": "2018-07-04T00:00:00Z",
        "comment_": null,
        "facility_lat": "-27.54307499999993",
        "facility_long": "152.89831600000002",
        "validated": null,
        "gnaf_building_name": null,
        "gnaf_address_detail_pid": "GAQLD424944633",
        "gnaf_formatted_address": "251 PINJARRA ROAD",
        "gnaf_confidence": "2",
        "gnaf_postcode": "4069",
        "gnaf_suburb": "PINJARRA HILLS",
        "distance_to_gnaf": 17,
        "gnaf_lat": "-27.543026749999967",
        "gnaf_long": "152.89847836"
      },
      "geometry": {
        "type": "Point",
        "coordinates": [
          152.8983220386209,
          -27.543062432071025
        ]
      }
    },
    {
      "type": "Feature",
      "properties": {
        "objectid": 874,
        "featuretype": "EMERGENCY FACILITY",
        "descripton": "An emergency management facility from which a particular agency\u2019s resources are commanded, coordinated and assigned to an incident or emergency",
        "class": "AMBULANCE STATION",
        "facility_name": "PITTSWORTH",
        "facility_operationalstatus": "OPERATIONAL",
        "facility_address": null,
        "abs_suburb": "PITTSWORTH",
        "facility_state": "QUEENSLAND",
        "abs_postcode": "4356",
        "facility_attribute_source": "HTTP://DATA.QLD.GOV.AU",
        "facility_attribute_date": null,
        "facility_source": "HTTP://DATA.QLD.GOV.AU",
        "facility_date": null,
        "facility_spatial_confidence": null,
        "facility_revised": "2018-07-04T00:00:00Z",
        "comment_": null,
        "facility_lat": "-27.716643999999974",
        "facility_long": "151.6348720000001",
        "validated": null,
        "gnaf_building_name": null,
        "gnaf_address_detail_pid": "GAQLD156987926",
        "gnaf_formatted_address": "46 SHORT STREET",
        "gnaf_confidence": "1",
        "gnaf_postcode": "4356",
        "gnaf_suburb": "PITTSWORTH",
        "distance_to_gnaf": 5,
        "gnaf_lat": "-27.716625989999955",
        "gnaf_long": "151.63491251000005"
      },
      "geometry": {
        "type": "Point",
        "coordinates": [
          151.63487815478038,
          -27.716631310374314
        ]
      }
    },
    {
      "type": "Feature",
      "properties": {
        "objectid": 875,
        "featuretype": "EMERGENCY FACILITY",
        "descripton": "An emergency management facility from which a particular agency\u2019s resources are commanded, coordinated and assigned to an incident or emergency",
        "class": "AMBULANCE STATION",
        "facility_name": "POINT LOOKOUT",
        "facility_operationalstatus": "OPERATIONAL",
        "facility_address": null,
        "abs_suburb": "POINT LOOKOUT",
        "facility_state": "QUEENSLAND",
        "abs_postcode": "4183",
        "facility_attribute_source": "HTTP://DATA.QLD.GOV.AU",
        "facility_attribute_date": null,
        "facility_source": "HTTP://DATA.QLD.GOV.AU",
        "facility_date": null,
        "facility_spatial_confidence": null,
        "facility_revised": "2018-07-04T00:00:00Z",
        "comment_": null,
        "facility_lat": "-27.42635999999993",
        "facility_long": "153.52003500000012",
        "validated": null,
        "gnaf_building_name": "POINT LOOKOUT FIRE STATION",
        "gnaf_address_detail_pid": "GAQLD719383003",
        "gnaf_formatted_address": "85 EAST COAST ROAD",
        "gnaf_confidence": "1",
        "gnaf_postcode": "4183",
        "gnaf_suburb": "POINT LOOKOUT",
        "distance_to_gnaf": 11,
        "gnaf_lat": "-27.426405879999948",
        "gnaf_long": "153.51993920000007"
      },
      "geometry": {
        "type": "Point",
        "coordinates": [
          153.52004098680644,
          -27.42634749400776
        ]
      }
    },
    {
      "type": "Feature",
      "properties": {
        "objectid": 876,
        "featuretype": "EMERGENCY FACILITY",
        "descripton": "An emergency management facility from which a particular agency\u2019s resources are commanded, coordinated and assigned to an incident or emergency",
        "class": "AMBULANCE STATION",
        "facility_name": "POMONA",
        "facility_operationalstatus": "OPERATIONAL",
        "facility_address": null,
        "abs_suburb": "POMONA",
        "facility_state": "QUEENSLAND",
        "abs_postcode": "4568",
        "facility_attribute_source": "HTTP://DATA.QLD.GOV.AU",
        "facility_attribute_date": null,
        "facility_source": "HTTP://DATA.QLD.GOV.AU",
        "facility_date": null,
        "facility_spatial_confidence": null,
        "facility_revised": "2018-07-04T00:00:00Z",
        "comment_": null,
        "facility_lat": "-26.365707999999984",
        "facility_long": "152.85434900000007",
        "validated": null,
        "gnaf_building_name": null,
        "gnaf_address_detail_pid": "GAQLD157009153",
        "gnaf_formatted_address": "19 RESERVE STREET",
        "gnaf_confidence": "2",
        "gnaf_postcode": "4568",
        "gnaf_suburb": "POMONA",
        "distance_to_gnaf": 13,
        "gnaf_lat": "-26.36576187999998",
        "gnaf_long": "152.85446694000007"
      },
      "geometry": {
        "type": "Point",
        "coordinates": [
          152.85435518953545,
          -26.365695418332766
        ]
      }
    },
    {
      "type": "Feature",
      "properties": {
        "objectid": 877,
        "featuretype": "EMERGENCY FACILITY",
        "descripton": "An emergency management facility from which a particular agency\u2019s resources are commanded, coordinated and assigned to an incident or emergency",
        "class": "AMBULANCE STATION",
        "facility_name": "PORT DOUGLAS",
        "facility_operationalstatus": "OPERATIONAL",
        "facility_address": null,
        "abs_suburb": "PORT DOUGLAS",
        "facility_state": "QUEENSLAND",
        "abs_postcode": "4877",
        "facility_attribute_source": "HTTP://DATA.QLD.GOV.AU",
        "facility_attribute_date": null,
        "facility_source": "HTTP://DATA.QLD.GOV.AU",
        "facility_date": null,
        "facility_spatial_confidence": null,
        "facility_revised": "2018-07-04T00:00:00Z",
        "comment_": null,
        "facility_lat": "-16.498625999999945",
        "facility_long": "145.46332300000006",
        "validated": null,
        "gnaf_building_name": null,
        "gnaf_address_detail_pid": "GAQLD424861952",
        "gnaf_formatted_address": "UNIT 3 3 PORT DOUGLAS ROAD",
        "gnaf_confidence": "-1",
        "gnaf_postcode": "4877",
        "gnaf_suburb": "PORT DOUGLAS",
        "distance_to_gnaf": 13,
        "gnaf_lat": "-16.498581039999976",
        "gnaf_long": "145.46320717000003"
      },
      "geometry": {
        "type": "Point",
        "coordinates": [
          145.46333075274998,
          -16.498612710304215
        ]
      }
    },
    {
      "type": "Feature",
      "properties": {
        "objectid": 878,
        "featuretype": "EMERGENCY FACILITY",
        "descripton": "An emergency management facility from which a particular agency\u2019s resources are commanded, coordinated and assigned to an incident or emergency",
        "class": "AMBULANCE STATION",
        "facility_name": "PROSERPINE",
        "facility_operationalstatus": "OPERATIONAL",
        "facility_address": null,
        "abs_suburb": "PROSERPINE",
        "facility_state": "QUEENSLAND",
        "abs_postcode": "4800",
        "facility_attribute_source": "HTTP://DATA.QLD.GOV.AU",
        "facility_attribute_date": null,
        "facility_source": "HTTP://DATA.QLD.GOV.AU",
        "facility_date": null,
        "facility_spatial_confidence": null,
        "facility_revised": "2018-07-04T00:00:00Z",
        "comment_": null,
        "facility_lat": "-20.400229999999965",
        "facility_long": "148.5836250000001",
        "validated": null,
        "gnaf_building_name": null,
        "gnaf_address_detail_pid": "GAQLD158494932",
        "gnaf_formatted_address": "9 CHAPMAN STREET",
        "gnaf_confidence": "2",
        "gnaf_postcode": "4800",
        "gnaf_suburb": "PROSERPINE",
        "distance_to_gnaf": 30,
        "gnaf_lat": "-20.40024251999995",
        "gnaf_long": "148.58391338"
      },
      "geometry": {
        "type": "Point",
        "coordinates": [
          148.5836322116523,
          -20.400216980183362
        ]
      }
    },
    {
      "type": "Feature",
      "properties": {
        "objectid": 879,
        "featuretype": "EMERGENCY FACILITY",
        "descripton": "An emergency management facility from which a particular agency\u2019s resources are commanded, coordinated and assigned to an incident or emergency",
        "class": "AMBULANCE STATION",
        "facility_name": "PROSTON",
        "facility_operationalstatus": "OPERATIONAL",
        "facility_address": null,
        "abs_suburb": "PROSTON",
        "facility_state": "QUEENSLAND",
        "abs_postcode": "4613",
        "facility_attribute_source": "HTTP://DATA.QLD.GOV.AU",
        "facility_attribute_date": null,
        "facility_source": "HTTP://DATA.QLD.GOV.AU",
        "facility_date": null,
        "facility_spatial_confidence": null,
        "facility_revised": "2018-07-04T00:00:00Z",
        "comment_": null,
        "facility_lat": "-26.161176999999952",
        "facility_long": "151.59963700000003",
        "validated": null,
        "gnaf_building_name": null,
        "gnaf_address_detail_pid": "GAQLD425756101",
        "gnaf_formatted_address": "28 WONDAI PROSTON ROAD",
        "gnaf_confidence": "0",
        "gnaf_postcode": "4613",
        "gnaf_suburb": "PROSTON",
        "distance_to_gnaf": 2,
        "gnaf_lat": "-26.16115512999994",
        "gnaf_long": "151.59963456000003"
      },
      "geometry": {
        "type": "Point",
        "coordinates": [
          151.59964334212745,
          -26.161164294732497
        ]
      }
    },
    {
      "type": "Feature",
      "properties": {
        "objectid": 880,
        "featuretype": "EMERGENCY FACILITY",
        "descripton": "An emergency management facility from which a particular agency\u2019s resources are commanded, coordinated and assigned to an incident or emergency",
        "class": "AMBULANCE STATION",
        "facility_name": "QUILPIE",
        "facility_operationalstatus": "OPERATIONAL",
        "facility_address": null,
        "abs_suburb": "QUILPIE",
        "facility_state": "QUEENSLAND",
        "abs_postcode": "4480",
        "facility_attribute_source": "HTTP://DATA.QLD.GOV.AU",
        "facility_attribute_date": null,
        "facility_source": "HTTP://DATA.QLD.GOV.AU",
        "facility_date": null,
        "facility_spatial_confidence": null,
        "facility_revised": "2018-07-04T00:00:00Z",
        "comment_": null,
        "facility_lat": "-26.615651999999955",
        "facility_long": "144.27411100000006",
        "validated": null,
        "gnaf_building_name": "HOSPITAL",
        "gnaf_address_detail_pid": "GAQLD158503746",
        "gnaf_formatted_address": "30 GYRICA STREET",
        "gnaf_confidence": "2",
        "gnaf_postcode": "4480",
        "gnaf_suburb": "QUILPIE",
        "distance_to_gnaf": 192,
        "gnaf_lat": "-26.617103699999973",
        "gnaf_long": "144.27516408000008"
      },
      "geometry": {
        "type": "Point",
        "coordinates": [
          144.2741180749673,
          -26.615638712603353
        ]
      }
    },
    {
      "type": "Feature",
      "properties": {
        "objectid": 881,
        "featuretype": "EMERGENCY FACILITY",
        "descripton": "An emergency management facility from which a particular agency\u2019s resources are commanded, coordinated and assigned to an incident or emergency",
        "class": "AMBULANCE STATION",
        "facility_name": "BURNETT COAST",
        "facility_operationalstatus": "OPERATIONAL",
        "facility_address": null,
        "abs_suburb": "QUNABA",
        "facility_state": "QUEENSLAND",
        "abs_postcode": "4670",
        "facility_attribute_source": "HTTP://DATA.QLD.GOV.AU",
        "facility_attribute_date": null,
        "facility_source": "HTTP://DATA.QLD.GOV.AU",
        "facility_date": null,
        "facility_spatial_confidence": null,
        "facility_revised": "2018-07-04T00:00:00Z",
        "comment_": null,
        "facility_lat": "-24.841737999999964",
        "facility_long": "152.41028100000005",
        "validated": null,
        "gnaf_building_name": null,
        "gnaf_address_detail_pid": "GAQLD155732206",
        "gnaf_formatted_address": "6 CATTERMULL AVENUE",
        "gnaf_confidence": "1",
        "gnaf_postcode": "4670",
        "gnaf_suburb": "QUNABA",
        "distance_to_gnaf": 28,
        "gnaf_lat": "-24.84197727999998",
        "gnaf_long": "152.41018587000008"
      },
      "geometry": {
        "type": "Point",
        "coordinates": [
          152.4102874164492,
          -24.841725362142363
        ]
      }
    },
    {
      "type": "Feature",
      "properties": {
        "objectid": 882,
        "featuretype": "EMERGENCY FACILITY",
        "descripton": "An emergency management facility from which a particular agency\u2019s resources are commanded, coordinated and assigned to an incident or emergency",
        "class": "AMBULANCE STATION",
        "facility_name": "RAINBOW BEACH",
        "facility_operationalstatus": "OPERATIONAL",
        "facility_address": null,
        "abs_suburb": "RAINBOW BEACH",
        "facility_state": "QUEENSLAND",
        "abs_postcode": "4581",
        "facility_attribute_source": "HTTP://DATA.QLD.GOV.AU",
        "facility_attribute_date": null,
        "facility_source": "HTTP://DATA.QLD.GOV.AU",
        "facility_date": null,
        "facility_spatial_confidence": null,
        "facility_revised": "2018-07-04T00:00:00Z",
        "comment_": null,
        "facility_lat": "-25.905141999999955",
        "facility_long": "153.0908290000001",
        "validated": null,
        "gnaf_building_name": null,
        "gnaf_address_detail_pid": "GAQLD160201809",
        "gnaf_formatted_address": "23 RAINBOW BEACH ROAD",
        "gnaf_confidence": "1",
        "gnaf_postcode": "4581",
        "gnaf_suburb": "RAINBOW BEACH",
        "distance_to_gnaf": 15,
        "gnaf_lat": "-25.90527615999997",
        "gnaf_long": "153.09078919"
      },
      "geometry": {
        "type": "Point",
        "coordinates": [
          153.09083522229542,
          -25.90512943831219
        ]
      }
    },
    {
      "type": "Feature",
      "properties": {
        "objectid": 883,
        "featuretype": "EMERGENCY FACILITY",
        "descripton": "An emergency management facility from which a particular agency\u2019s resources are commanded, coordinated and assigned to an incident or emergency",
        "class": "AMBULANCE STATION",
        "facility_name": "RATHDOWNEY",
        "facility_operationalstatus": "OPERATIONAL",
        "facility_address": null,
        "abs_suburb": "RATHDOWNEY",
        "facility_state": "QUEENSLAND",
        "abs_postcode": "4287",
        "facility_attribute_source": "HTTP://DATA.QLD.GOV.AU",
        "facility_attribute_date": null,
        "facility_source": "HTTP://DATA.QLD.GOV.AU",
        "facility_date": null,
        "facility_spatial_confidence": null,
        "facility_revised": "2018-07-04T00:00:00Z",
        "comment_": null,
        "facility_lat": "-28.21158399999996",
        "facility_long": "152.86236600000007",
        "validated": null,
        "gnaf_building_name": "RATHDOWNEY HALL",
        "gnaf_address_detail_pid": "GAQLD155708445",
        "gnaf_formatted_address": "87 COLLINS STREET",
        "gnaf_confidence": "2",
        "gnaf_postcode": "4287",
        "gnaf_suburb": "RATHDOWNEY",
        "distance_to_gnaf": 18,
        "gnaf_lat": "-28.211422329999948",
        "gnaf_long": "152.86239029000012"
      },
      "geometry": {
        "type": "Point",
        "coordinates": [
          152.86237195804173,
          -28.211571433720177
        ]
      }
    },
    {
      "type": "Feature",
      "properties": {
        "objectid": 884,
        "featuretype": "EMERGENCY FACILITY",
        "descripton": "An emergency management facility from which a particular agency\u2019s resources are commanded, coordinated and assigned to an incident or emergency",
        "class": "AMBULANCE STATION",
        "facility_name": "RAVENSHOE",
        "facility_operationalstatus": "OPERATIONAL",
        "facility_address": null,
        "abs_suburb": "RAVENSHOE",
        "facility_state": "QUEENSLAND",
        "abs_postcode": "4888",
        "facility_attribute_source": "HTTP://DATA.QLD.GOV.AU",
        "facility_attribute_date": null,
        "facility_source": "HTTP://DATA.QLD.GOV.AU",
        "facility_date": null,
        "facility_spatial_confidence": null,
        "facility_revised": "2018-07-04T00:00:00Z",
        "comment_": null,
        "facility_lat": "-17.609725999999966",
        "facility_long": "145.48704900000007",
        "validated": null,
        "gnaf_building_name": null,
        "gnaf_address_detail_pid": "GAQLD158513898",
        "gnaf_formatted_address": "16 THETA STREET",
        "gnaf_confidence": "0",
        "gnaf_postcode": "4888",
        "gnaf_suburb": "RAVENSHOE",
        "distance_to_gnaf": 15,
        "gnaf_lat": "-17.60962006999995",
        "gnaf_long": "145.48696689000008"
      },
      "geometry": {
        "type": "Point",
        "coordinates": [
          145.48705666788953,
          -17.6097127213975
        ]
      }
    },
    {
      "type": "Feature",
      "properties": {
        "objectid": 885,
        "featuretype": "EMERGENCY FACILITY",
        "descripton": "An emergency management facility from which a particular agency\u2019s resources are commanded, coordinated and assigned to an incident or emergency",
        "class": "AMBULANCE STATION",
        "facility_name": "REDBANK",
        "facility_operationalstatus": "OPERATIONAL",
        "facility_address": null,
        "abs_suburb": "REDBANK",
        "facility_state": "QUEENSLAND",
        "abs_postcode": "4301",
        "facility_attribute_source": "HTTP://DATA.QLD.GOV.AU",
        "facility_attribute_date": null,
        "facility_source": "HTTP://DATA.QLD.GOV.AU",
        "facility_date": null,
        "facility_spatial_confidence": null,
        "facility_revised": "2018-07-04T00:00:00Z",
        "comment_": null,
        "facility_lat": "-27.602243999999928",
        "facility_long": "152.8664990000001",
        "validated": null,
        "gnaf_building_name": null,
        "gnaf_address_detail_pid": "GAQLD155725415",
        "gnaf_formatted_address": "29 BRISBANE ROAD",
        "gnaf_confidence": "2",
        "gnaf_postcode": "4301",
        "gnaf_suburb": "REDBANK",
        "distance_to_gnaf": 20,
        "gnaf_lat": "-27.602366889999928",
        "gnaf_long": "152.86635633000003"
      },
      "geometry": {
        "type": "Point",
        "coordinates": [
          152.86650503461752,
          -27.60223142936066
        ]
      }
    },
    {
      "type": "Feature",
      "properties": {
        "objectid": 886,
        "featuretype": "EMERGENCY FACILITY",
        "descripton": "An emergency management facility from which a particular agency\u2019s resources are commanded, coordinated and assigned to an incident or emergency",
        "class": "AMBULANCE STATION",
        "facility_name": "REDCLIFFE",
        "facility_operationalstatus": "OPERATIONAL",
        "facility_address": null,
        "abs_suburb": "REDCLIFFE",
        "facility_state": "QUEENSLAND",
        "abs_postcode": "4020",
        "facility_attribute_source": "HTTP://DATA.QLD.GOV.AU",
        "facility_attribute_date": null,
        "facility_source": "HTTP://DATA.QLD.GOV.AU",
        "facility_date": null,
        "facility_spatial_confidence": null,
        "facility_revised": "2018-07-04T00:00:00Z",
        "comment_": null,
        "facility_lat": "-27.233638999999982",
        "facility_long": "153.1090620000001",
        "validated": null,
        "gnaf_building_name": null,
        "gnaf_address_detail_pid": "GAQLD163319342",
        "gnaf_formatted_address": "52 SYDNEY STREET",
        "gnaf_confidence": "1",
        "gnaf_postcode": "4020",
        "gnaf_suburb": "REDCLIFFE",
        "distance_to_gnaf": 16,
        "gnaf_lat": "-27.233570329999964",
        "gnaf_long": "153.10920169000008"
      },
      "geometry": {
        "type": "Point",
        "coordinates": [
          153.1090680550375,
          -27.233626450764667
        ]
      }
    },
    {
      "type": "Feature",
      "properties": {
        "objectid": 887,
        "featuretype": "EMERGENCY FACILITY",
        "descripton": "An emergency management facility from which a particular agency\u2019s resources are commanded, coordinated and assigned to an incident or emergency",
        "class": "AMBULANCE STATION",
        "facility_name": "REDLAND BAY",
        "facility_operationalstatus": "OPERATIONAL",
        "facility_address": null,
        "abs_suburb": "REDLAND BAY",
        "facility_state": "QUEENSLAND",
        "abs_postcode": "4165",
        "facility_attribute_source": "HTTP://DATA.QLD.GOV.AU",
        "facility_attribute_date": null,
        "facility_source": "HTTP://DATA.QLD.GOV.AU",
        "facility_date": null,
        "facility_spatial_confidence": null,
        "facility_revised": "2018-07-04T00:00:00Z",
        "comment_": null,
        "facility_lat": "-27.61144799999994",
        "facility_long": "153.28912900000012",
        "validated": null,
        "gnaf_building_name": null,
        "gnaf_address_detail_pid": "GAQLD162656635",
        "gnaf_formatted_address": "29-31 GORDON ROAD",
        "gnaf_confidence": "1",
        "gnaf_postcode": "4165",
        "gnaf_suburb": "REDLAND BAY",
        "distance_to_gnaf": 286,
        "gnaf_lat": "-27.610461159999943",
        "gnaf_long": "153.2864532200001"
      },
      "geometry": {
        "type": "Point",
        "coordinates": [
          153.28913498783598,
          -27.61143547194604
        ]
      }
    },
    {
      "type": "Feature",
      "properties": {
        "objectid": 888,
        "featuretype": "EMERGENCY FACILITY",
        "descripton": "An emergency management facility from which a particular agency\u2019s resources are commanded, coordinated and assigned to an incident or emergency",
        "class": "AMBULANCE STATION",
        "facility_name": "RICHMOND",
        "facility_operationalstatus": "OPERATIONAL",
        "facility_address": null,
        "abs_suburb": "RICHMOND",
        "facility_state": "QUEENSLAND",
        "abs_postcode": "4822",
        "facility_attribute_source": "HTTP://DATA.QLD.GOV.AU",
        "facility_attribute_date": null,
        "facility_source": "HTTP://DATA.QLD.GOV.AU",
        "facility_date": null,
        "facility_spatial_confidence": null,
        "facility_revised": "2018-07-04T00:00:00Z",
        "comment_": null,
        "facility_lat": "-20.73884899999996",
        "facility_long": "143.14915800000006",
        "validated": null,
        "gnaf_building_name": null,
        "gnaf_address_detail_pid": "GAQLD719070996",
        "gnaf_formatted_address": "LOT 3 GALLAGHER DRIVE",
        "gnaf_confidence": "-1",
        "gnaf_postcode": "4822",
        "gnaf_suburb": "RICHMOND",
        "distance_to_gnaf": 81,
        "gnaf_lat": "-20.738163929999928",
        "gnaf_long": "143.14942800000006"
      },
      "geometry": {
        "type": "Point",
        "coordinates": [
          143.14916561607532,
          -20.73883559602434
        ]
      }
    },
    {
      "type": "Feature",
      "properties": {
        "objectid": 889,
        "featuretype": "EMERGENCY FACILITY",
        "descripton": "An emergency management facility from which a particular agency\u2019s resources are commanded, coordinated and assigned to an incident or emergency",
        "class": "AMBULANCE STATION",
        "facility_name": "ROCKHAMPTON",
        "facility_operationalstatus": "OPERATIONAL",
        "facility_address": null,
        "abs_suburb": "ROCKHAMPTON CITY",
        "facility_state": "QUEENSLAND",
        "abs_postcode": "4700",
        "facility_attribute_source": "HTTP://DATA.QLD.GOV.AU",
        "facility_attribute_date": null,
        "facility_source": "HTTP://DATA.QLD.GOV.AU",
        "facility_date": null,
        "facility_spatial_confidence": null,
        "facility_revised": "2018-07-04T00:00:00Z",
        "comment_": null,
        "facility_lat": "-23.378983999999946",
        "facility_long": "150.50866300000007",
        "validated": null,
        "gnaf_building_name": null,
        "gnaf_address_detail_pid": "GAQLD157092232",
        "gnaf_formatted_address": "57 FITZROY STREET",
        "gnaf_confidence": "1",
        "gnaf_postcode": "4700",
        "gnaf_suburb": "ROCKHAMPTON CITY",
        "distance_to_gnaf": 12,
        "gnaf_lat": "-23.37909202999998",
        "gnaf_long": "150.50865384000008"
      },
      "geometry": {
        "type": "Point",
        "coordinates": [
          150.50866975562946,
          -23.378971171217838
        ]
      }
    },
    {
      "type": "Feature",
      "properties": {
        "objectid": 890,
        "featuretype": "EMERGENCY FACILITY",
        "descripton": "An emergency management facility from which a particular agency\u2019s resources are commanded, coordinated and assigned to an incident or emergency",
        "class": "AMBULANCE STATION",
        "facility_name": "ROMA",
        "facility_operationalstatus": "OPERATIONAL",
        "facility_address": null,
        "abs_suburb": "ROMA",
        "facility_state": "QUEENSLAND",
        "abs_postcode": "4455",
        "facility_attribute_source": "HTTP://DATA.QLD.GOV.AU",
        "facility_attribute_date": null,
        "facility_source": "HTTP://DATA.QLD.GOV.AU",
        "facility_date": null,
        "facility_spatial_confidence": null,
        "facility_revised": "2018-07-04T00:00:00Z",
        "comment_": null,
        "facility_lat": "-26.573411999999962",
        "facility_long": "148.7890040000001",
        "validated": null,
        "gnaf_building_name": null,
        "gnaf_address_detail_pid": "GAQLD157082079",
        "gnaf_formatted_address": "85 ARTHUR STREET",
        "gnaf_confidence": "2",
        "gnaf_postcode": "4455",
        "gnaf_suburb": "ROMA",
        "distance_to_gnaf": 7,
        "gnaf_lat": "-26.57341133999995",
        "gnaf_long": "148.78893898"
      },
      "geometry": {
        "type": "Point",
        "coordinates": [
          148.78901059013884,
          -26.573399047541052
        ]
      }
    },
    {
      "type": "Feature",
      "properties": {
        "objectid": 891,
        "featuretype": "EMERGENCY FACILITY",
        "descripton": "An emergency management facility from which a particular agency\u2019s resources are commanded, coordinated and assigned to an incident or emergency",
        "class": "AMBULANCE STATION",
        "facility_name": "ROSEWOOD",
        "facility_operationalstatus": "OPERATIONAL",
        "facility_address": null,
        "abs_suburb": "ROSEWOOD",
        "facility_state": "QUEENSLAND",
        "abs_postcode": "4340",
        "facility_attribute_source": "HTTP://DATA.QLD.GOV.AU",
        "facility_attribute_date": null,
        "facility_source": "HTTP://DATA.QLD.GOV.AU",
        "facility_date": null,
        "facility_spatial_confidence": null,
        "facility_revised": "2018-07-04T00:00:00Z",
        "comment_": null,
        "facility_lat": "-27.637775999999974",
        "facility_long": "152.59148500000003",
        "validated": null,
        "gnaf_building_name": null,
        "gnaf_address_detail_pid": "GAQLD157043905",
        "gnaf_formatted_address": "70 JOHN STREET",
        "gnaf_confidence": "2",
        "gnaf_postcode": "4340",
        "gnaf_suburb": "ROSEWOOD",
        "distance_to_gnaf": 21,
        "gnaf_lat": "-27.63782765999997",
        "gnaf_long": "152.59127694000006"
      },
      "geometry": {
        "type": "Point",
        "coordinates": [
          152.59149105996528,
          -27.63776340235253
        ]
      }
    },
    {
      "type": "Feature",
      "properties": {
        "objectid": 892,
        "featuretype": "EMERGENCY FACILITY",
        "descripton": "An emergency management facility from which a particular agency\u2019s resources are commanded, coordinated and assigned to an incident or emergency",
        "class": "AMBULANCE STATION",
        "facility_name": "RUNAWAY BAY",
        "facility_operationalstatus": "OPERATIONAL",
        "facility_address": null,
        "abs_suburb": "RUNAWAY BAY",
        "facility_state": "QUEENSLAND",
        "abs_postcode": "4216",
        "facility_attribute_source": "HTTP://DATA.QLD.GOV.AU",
        "facility_attribute_date": null,
        "facility_source": "HTTP://DATA.QLD.GOV.AU",
        "facility_date": null,
        "facility_spatial_confidence": null,
        "facility_revised": "2018-07-04T00:00:00Z",
        "comment_": null,
        "facility_lat": "-27.911399999999958",
        "facility_long": "153.39763400000004",
        "validated": null,
        "gnaf_building_name": "RUNAWAY BAY AMBULANCE",
        "gnaf_address_detail_pid": "GAQLD162293262",
        "gnaf_formatted_address": "LOT 200 SPORTS DRIVE",
        "gnaf_confidence": "0",
        "gnaf_postcode": "4216",
        "gnaf_suburb": "RUNAWAY BAY",
        "distance_to_gnaf": 4,
        "gnaf_lat": "-27.911414499999978",
        "gnaf_long": "153.3976704800001"
      },
      "geometry": {
        "type": "Point",
        "coordinates": [
          153.39763993754434,
          -27.91138748533172
        ]
      }
    },
    {
      "type": "Feature",
      "properties": {
        "objectid": 893,
        "featuretype": "EMERGENCY FACILITY",
        "descripton": "An emergency management facility from which a particular agency\u2019s resources are commanded, coordinated and assigned to an incident or emergency",
        "class": "AMBULANCE STATION",
        "facility_name": "RUSSELL ISLAND",
        "facility_operationalstatus": "OPERATIONAL",
        "facility_address": null,
        "abs_suburb": "RUSSELL ISLAND",
        "facility_state": "QUEENSLAND",
        "abs_postcode": "4184",
        "facility_attribute_source": "HTTP://DATA.QLD.GOV.AU",
        "facility_attribute_date": null,
        "facility_source": "HTTP://DATA.QLD.GOV.AU",
        "facility_date": null,
        "facility_spatial_confidence": null,
        "facility_revised": "2018-07-04T00:00:00Z",
        "comment_": null,
        "facility_lat": "-27.64789799999994",
        "facility_long": "153.3824770000001",
        "validated": null,
        "gnaf_building_name": "RUSSELL ISLAND AMBULANCE STATION",
        "gnaf_address_detail_pid": "GAQLD162956281",
        "gnaf_formatted_address": "24-26 HIGH STREET",
        "gnaf_confidence": "1",
        "gnaf_postcode": "4184",
        "gnaf_suburb": "RUSSELL ISLAND",
        "distance_to_gnaf": 0,
        "gnaf_lat": "-27.647897599999965",
        "gnaf_long": "153.38247697000008"
      },
      "geometry": {
        "type": "Point",
        "coordinates": [
          153.3824829731047,
          -27.647885481717523
        ]
      }
    },
    {
      "type": "Feature",
      "properties": {
        "objectid": 894,
        "featuretype": "EMERGENCY FACILITY",
        "descripton": "An emergency management facility from which a particular agency\u2019s resources are commanded, coordinated and assigned to an incident or emergency",
        "class": "AMBULANCE STATION",
        "facility_name": "SAMFORD",
        "facility_operationalstatus": "OPERATIONAL",
        "facility_address": null,
        "abs_suburb": "SAMFORD VILLAGE",
        "facility_state": "QUEENSLAND",
        "abs_postcode": "4520",
        "facility_attribute_source": "HTTP://DATA.QLD.GOV.AU",
        "facility_attribute_date": null,
        "facility_source": "HTTP://DATA.QLD.GOV.AU",
        "facility_date": null,
        "facility_spatial_confidence": null,
        "facility_revised": "2018-07-04T00:00:00Z",
        "comment_": null,
        "facility_lat": "-27.373467999999946",
        "facility_long": "152.884722",
        "validated": null,
        "gnaf_building_name": null,
        "gnaf_address_detail_pid": "GAQLD162176381",
        "gnaf_formatted_address": "21  ",
        "gnaf_confidence": "-1",
        "gnaf_postcode": "4520",
        "gnaf_suburb": "SAMFORD VILLAGE",
        "distance_to_gnaf": 17,
        "gnaf_lat": "-27.373622049999938",
        "gnaf_long": "152.88469237000004"
      },
      "geometry": {
        "type": "Point",
        "coordinates": [
          152.8847280613638,
          -27.37345542937628
        ]
      }
    },
    {
      "type": "Feature",
      "properties": {
        "objectid": 895,
        "featuretype": "EMERGENCY FACILITY",
        "descripton": "An emergency management facility from which a particular agency\u2019s resources are commanded, coordinated and assigned to an incident or emergency",
        "class": "AMBULANCE STATION",
        "facility_name": "GEMFIELDS",
        "facility_operationalstatus": "OPERATIONAL",
        "facility_address": null,
        "abs_suburb": "SAPPHIRE CENTRAL",
        "facility_state": "QUEENSLAND",
        "abs_postcode": "4702",
        "facility_attribute_source": "HTTP://DATA.QLD.GOV.AU",
        "facility_attribute_date": null,
        "facility_source": "HTTP://DATA.QLD.GOV.AU",
        "facility_date": null,
        "facility_spatial_confidence": null,
        "facility_revised": "2018-07-04T00:00:00Z",
        "comment_": null,
        "facility_lat": "-23.46019199999995",
        "facility_long": "147.72102000000007",
        "validated": null,
        "gnaf_building_name": null,
        "gnaf_address_detail_pid": "GAQLD720468253",
        "gnaf_formatted_address": "1010 RUBYVALE ROAD",
        "gnaf_confidence": "2",
        "gnaf_postcode": "4702",
        "gnaf_suburb": "SAPPHIRE CENTRAL",
        "distance_to_gnaf": 20,
        "gnaf_lat": "-23.46035928999993",
        "gnaf_long": "147.72108112000012"
      },
      "geometry": {
        "type": "Point",
        "coordinates": [
          147.72102700089766,
          -23.46017893590981
        ]
      }
    },
    {
      "type": "Feature",
      "properties": {
        "objectid": 896,
        "featuretype": "EMERGENCY FACILITY",
        "descripton": "An emergency management facility from which a particular agency\u2019s resources are commanded, coordinated and assigned to an incident or emergency",
        "class": "AMBULANCE STATION",
        "facility_name": "SARINA",
        "facility_operationalstatus": "OPERATIONAL",
        "facility_address": null,
        "abs_suburb": "SARINA",
        "facility_state": "QUEENSLAND",
        "abs_postcode": "4737",
        "facility_attribute_source": "HTTP://DATA.QLD.GOV.AU",
        "facility_attribute_date": null,
        "facility_source": "HTTP://DATA.QLD.GOV.AU",
        "facility_date": null,
        "facility_spatial_confidence": null,
        "facility_revised": "2018-07-04T00:00:00Z",
        "comment_": null,
        "facility_lat": "-21.42269299999998",
        "facility_long": "149.21391500000004",
        "validated": null,
        "gnaf_building_name": null,
        "gnaf_address_detail_pid": "GAQLD162951363",
        "gnaf_formatted_address": "1 BRANDON STREET",
        "gnaf_confidence": "1",
        "gnaf_postcode": "4737",
        "gnaf_suburb": "SARINA",
        "distance_to_gnaf": 15,
        "gnaf_lat": "-21.422813249999933",
        "gnaf_long": "149.21398775000011"
      },
      "geometry": {
        "type": "Point",
        "coordinates": [
          149.21392206475855,
          -21.422680041508073
        ]
      }
    },
    {
      "type": "Feature",
      "properties": {
        "objectid": 897,
        "featuretype": "EMERGENCY FACILITY",
        "descripton": "An emergency management facility from which a particular agency\u2019s resources are commanded, coordinated and assigned to an incident or emergency",
        "class": "AMBULANCE STATION",
        "facility_name": "HERVEY BAY",
        "facility_operationalstatus": "OPERATIONAL",
        "facility_address": null,
        "abs_suburb": "SCARNESS",
        "facility_state": "QUEENSLAND",
        "abs_postcode": "4655",
        "facility_attribute_source": "HTTP://DATA.QLD.GOV.AU",
        "facility_attribute_date": null,
        "facility_source": "HTTP://DATA.QLD.GOV.AU",
        "facility_date": null,
        "facility_spatial_confidence": null,
        "facility_revised": "2018-07-04T00:00:00Z",
        "comment_": null,
        "facility_lat": "-25.28580999999997",
        "facility_long": "152.85133800000006",
        "validated": null,
        "gnaf_building_name": null,
        "gnaf_address_detail_pid": "GAQLD155799470",
        "gnaf_formatted_address": "118 TORQUAY ROAD",
        "gnaf_confidence": "2",
        "gnaf_postcode": "4655",
        "gnaf_suburb": "SCARNESS",
        "distance_to_gnaf": 10,
        "gnaf_lat": "-25.28576886999997",
        "gnaf_long": "152.85142481000003"
      },
      "geometry": {
        "type": "Point",
        "coordinates": [
          152.85134432123576,
          -25.285797409319958
        ]
      }
    },
    {
      "type": "Feature",
      "properties": {
        "objectid": 898,
        "featuretype": "EMERGENCY FACILITY",
        "descripton": "An emergency management facility from which a particular agency\u2019s resources are commanded, coordinated and assigned to an incident or emergency",
        "class": "AMBULANCE STATION",
        "facility_name": "SEAFORTH",
        "facility_operationalstatus": "OPERATIONAL",
        "facility_address": null,
        "abs_suburb": "SEAFORTH",
        "facility_state": "QUEENSLAND",
        "abs_postcode": "4741",
        "facility_attribute_source": "HTTP://DATA.QLD.GOV.AU",
        "facility_attribute_date": null,
        "facility_source": "HTTP://DATA.QLD.GOV.AU",
        "facility_date": null,
        "facility_spatial_confidence": null,
        "facility_revised": "2018-07-04T00:00:00Z",
        "comment_": null,
        "facility_lat": "-20.89951899999994",
        "facility_long": "148.96485700000005",
        "validated": null,
        "gnaf_building_name": null,
        "gnaf_address_detail_pid": "GAQLD160448526",
        "gnaf_formatted_address": "36 PALM AVENUE",
        "gnaf_confidence": "2",
        "gnaf_postcode": "4741",
        "gnaf_suburb": "SEAFORTH",
        "distance_to_gnaf": 1,
        "gnaf_lat": "-20.89951370999995",
        "gnaf_long": "148.9648454600001"
      },
      "geometry": {
        "type": "Point",
        "coordinates": [
          148.96486413498533,
          -20.89950601608597
        ]
      }
    },
    {
      "type": "Feature",
      "properties": {
        "objectid": 899,
        "featuretype": "EMERGENCY FACILITY",
        "descripton": "An emergency management facility from which a particular agency\u2019s resources are commanded, coordinated and assigned to an incident or emergency",
        "class": "AMBULANCE STATION",
        "facility_name": "SILKWOOD",
        "facility_operationalstatus": "OPERATIONAL",
        "facility_address": null,
        "abs_suburb": "SILKWOOD",
        "facility_state": "QUEENSLAND",
        "abs_postcode": "4856",
        "facility_attribute_source": "HTTP://DATA.QLD.GOV.AU",
        "facility_attribute_date": null,
        "facility_source": "HTTP://DATA.QLD.GOV.AU",
        "facility_date": null,
        "facility_spatial_confidence": null,
        "facility_revised": "2018-07-04T00:00:00Z",
        "comment_": null,
        "facility_lat": "-17.741097999999965",
        "facility_long": "146.01235800000006",
        "validated": null,
        "gnaf_building_name": null,
        "gnaf_address_detail_pid": "GAQLD163018943",
        "gnaf_formatted_address": "187 SILKWOOD JAPOON ROAD",
        "gnaf_confidence": "1",
        "gnaf_postcode": "4856",
        "gnaf_suburb": "SILKWOOD",
        "distance_to_gnaf": 18,
        "gnaf_lat": "-17.74118963999996",
        "gnaf_long": "146.0122194800001"
      },
      "geometry": {
        "type": "Point",
        "coordinates": [
          146.0123656230021,
          -17.741084759590027
        ]
      }
    },
    {
      "type": "Feature",
      "properties": {
        "objectid": 901,
        "featuretype": "EMERGENCY FACILITY",
        "descripton": "An emergency management facility from which a particular agency\u2019s resources are commanded, coordinated and assigned to an incident or emergency",
        "class": "AMBULANCE STATION",
        "facility_name": "NINGI",
        "facility_operationalstatus": "OPERATIONAL",
        "facility_address": null,
        "abs_suburb": "NINGI",
        "facility_state": "QUEENSLAND",
        "abs_postcode": "4511",
        "facility_attribute_source": "HTTP://DATA.QLD.GOV.AU",
        "facility_attribute_date": null,
        "facility_source": "HTTP://DATA.QLD.GOV.AU",
        "facility_date": null,
        "facility_spatial_confidence": null,
        "facility_revised": "2018-07-04T00:00:00Z",
        "comment_": null,
        "facility_lat": "-27.071621999999934",
        "facility_long": "153.0593560000001",
        "validated": null,
        "gnaf_building_name": null,
        "gnaf_address_detail_pid": "GAQLD160084523",
        "gnaf_formatted_address": "1 BEAMES ROAD",
        "gnaf_confidence": "2",
        "gnaf_postcode": "4511",
        "gnaf_suburb": "NINGI",
        "distance_to_gnaf": 63,
        "gnaf_lat": "-27.071551049999982",
        "gnaf_long": "153.05872190000002"
      },
      "geometry": {
        "type": "Point",
        "coordinates": [
          153.05936208066043,
          -27.07160944447992
        ]
      }
    },
    {
      "type": "Feature",
      "properties": {
        "objectid": 902,
        "featuretype": "EMERGENCY FACILITY",
        "descripton": "An emergency management facility from which a particular agency\u2019s resources are commanded, coordinated and assigned to an incident or emergency",
        "class": "AMBULANCE STATION",
        "facility_name": "NOOSA HEADS",
        "facility_operationalstatus": "OPERATIONAL",
        "facility_address": null,
        "abs_suburb": "NOOSA HEADS",
        "facility_state": "QUEENSLAND",
        "abs_postcode": "4567",
        "facility_attribute_source": "HTTP://DATA.QLD.GOV.AU",
        "facility_attribute_date": null,
        "facility_source": "HTTP://DATA.QLD.GOV.AU",
        "facility_date": null,
        "facility_spatial_confidence": null,
        "facility_revised": "2018-07-04T00:00:00Z",
        "comment_": null,
        "facility_lat": "-26.408665999999982",
        "facility_long": "153.09065600000008",
        "validated": null,
        "gnaf_building_name": null,
        "gnaf_address_detail_pid": "GAQLD161443621",
        "gnaf_formatted_address": "14 LANGURA STREET",
        "gnaf_confidence": "1",
        "gnaf_postcode": "4567",
        "gnaf_suburb": "NOOSA HEADS",
        "distance_to_gnaf": 4,
        "gnaf_lat": "-26.40864689999995",
        "gnaf_long": "153.09062170000004"
      },
      "geometry": {
        "type": "Point",
        "coordinates": [
          153.0906621601136,
          -26.408653442342228
        ]
      }
    },
    {
      "type": "Feature",
      "properties": {
        "objectid": 903,
        "featuretype": "EMERGENCY FACILITY",
        "descripton": "An emergency management facility from which a particular agency\u2019s resources are commanded, coordinated and assigned to an incident or emergency",
        "class": "AMBULANCE STATION",
        "facility_name": "NORMANTON",
        "facility_operationalstatus": "OPERATIONAL",
        "facility_address": null,
        "abs_suburb": "NORMANTON",
        "facility_state": "QUEENSLAND",
        "abs_postcode": "4890",
        "facility_attribute_source": "HTTP://DATA.QLD.GOV.AU",
        "facility_attribute_date": null,
        "facility_source": "HTTP://DATA.QLD.GOV.AU",
        "facility_date": null,
        "facility_spatial_confidence": null,
        "facility_revised": "2018-07-04T00:00:00Z",
        "comment_": null,
        "facility_lat": "-17.67302899999993",
        "facility_long": "141.07958900000006",
        "validated": null,
        "gnaf_building_name": null,
        "gnaf_address_detail_pid": "GAQLD162930850",
        "gnaf_formatted_address": "70 THOMPSON STREET",
        "gnaf_confidence": "2",
        "gnaf_postcode": "4890",
        "gnaf_suburb": "NORMANTON",
        "distance_to_gnaf": 56,
        "gnaf_lat": "-17.67341977999996",
        "gnaf_long": "141.07992016000003"
      },
      "geometry": {
        "type": "Point",
        "coordinates": [
          141.07959695960812,
          -17.67301545622828
        ]
      }
    },
    {
      "type": "Feature",
      "properties": {
        "objectid": 904,
        "featuretype": "EMERGENCY FACILITY",
        "descripton": "An emergency management facility from which a particular agency\u2019s resources are commanded, coordinated and assigned to an incident or emergency",
        "class": "AMBULANCE STATION",
        "facility_name": "NORTH LAKES",
        "facility_operationalstatus": "OPERATIONAL",
        "facility_address": null,
        "abs_suburb": "NORTH LAKES",
        "facility_state": "QUEENSLAND",
        "abs_postcode": "4509",
        "facility_attribute_source": "HTTP://DATA.QLD.GOV.AU",
        "facility_attribute_date": null,
        "facility_source": "HTTP://DATA.QLD.GOV.AU",
        "facility_date": null,
        "facility_spatial_confidence": null,
        "facility_revised": "2018-07-04T00:00:00Z",
        "comment_": null,
        "facility_lat": "-27.239911999999947",
        "facility_long": "153.02192300000002",
        "validated": null,
        "gnaf_building_name": null,
        "gnaf_address_detail_pid": "GAQLD162612439",
        "gnaf_formatted_address": "1 WINN STREET",
        "gnaf_confidence": "1",
        "gnaf_postcode": "4509",
        "gnaf_suburb": "NORTH LAKES",
        "distance_to_gnaf": 28,
        "gnaf_lat": "-27.239731259999928",
        "gnaf_long": "153.02212311000005"
      },
      "geometry": {
        "type": "Point",
        "coordinates": [
          153.02192906349535,
          -27.23989944205386
        ]
      }
    },
    {
      "type": "Feature",
      "properties": {
        "objectid": 905,
        "featuretype": "EMERGENCY FACILITY",
        "descripton": "An emergency management facility from which a particular agency\u2019s resources are commanded, coordinated and assigned to an incident or emergency",
        "class": "AMBULANCE STATION",
        "facility_name": "NORTHGATE",
        "facility_operationalstatus": "OPERATIONAL",
        "facility_address": null,
        "abs_suburb": "NORTHGATE",
        "facility_state": "QUEENSLAND",
        "abs_postcode": "4013",
        "facility_attribute_source": "HTTP://DATA.QLD.GOV.AU",
        "facility_attribute_date": null,
        "facility_source": "HTTP://DATA.QLD.GOV.AU",
        "facility_date": null,
        "facility_spatial_confidence": null,
        "facility_revised": "2018-07-04T00:00:00Z",
        "comment_": null,
        "facility_lat": "-27.396904999999947",
        "facility_long": "153.0741630000001",
        "validated": null,
        "gnaf_building_name": null,
        "gnaf_address_detail_pid": "GAQLD155657947",
        "gnaf_formatted_address": "19 FRASER ROAD",
        "gnaf_confidence": "1",
        "gnaf_postcode": "4013",
        "gnaf_suburb": "NORTHGATE",
        "distance_to_gnaf": 30,
        "gnaf_lat": "-27.39684520999998",
        "gnaf_long": "153.07386630000008"
      },
      "geometry": {
        "type": "Point",
        "coordinates": [
          153.07416903815962,
          -27.396892448543323
        ]
      }
    },
    {
      "type": "Feature",
      "properties": {
        "objectid": 906,
        "featuretype": "EMERGENCY FACILITY",
        "descripton": "An emergency management facility from which a particular agency\u2019s resources are commanded, coordinated and assigned to an incident or emergency",
        "class": "AMBULANCE STATION",
        "facility_name": "OAKEY",
        "facility_operationalstatus": "OPERATIONAL",
        "facility_address": null,
        "abs_suburb": "OAKEY",
        "facility_state": "QUEENSLAND",
        "abs_postcode": "4401",
        "facility_attribute_source": "HTTP://DATA.QLD.GOV.AU",
        "facility_attribute_date": null,
        "facility_source": "HTTP://DATA.QLD.GOV.AU",
        "facility_date": null,
        "facility_spatial_confidence": null,
        "facility_revised": "2018-07-04T00:00:00Z",
        "comment_": null,
        "facility_lat": "-27.433193999999958",
        "facility_long": "151.71914800000002",
        "validated": null,
        "gnaf_building_name": null,
        "gnaf_address_detail_pid": "GAQLD425541977",
        "gnaf_formatted_address": "LOT 2 CHERRY STREET",
        "gnaf_confidence": "0",
        "gnaf_postcode": "4401",
        "gnaf_suburb": "OAKEY",
        "distance_to_gnaf": 20,
        "gnaf_lat": "-27.433342839999966",
        "gnaf_long": "151.71904201000007"
      },
      "geometry": {
        "type": "Point",
        "coordinates": [
          151.71915417952405,
          -27.433181316164756
        ]
      }
    },
    {
      "type": "Feature",
      "properties": {
        "objectid": 907,
        "featuretype": "EMERGENCY FACILITY",
        "descripton": "An emergency management facility from which a particular agency\u2019s resources are commanded, coordinated and assigned to an incident or emergency",
        "class": "AMBULANCE STATION",
        "facility_name": "MACKAY",
        "facility_operationalstatus": "OPERATIONAL",
        "facility_address": null,
        "abs_suburb": "PAGET",
        "facility_state": "QUEENSLAND",
        "abs_postcode": "4740",
        "facility_attribute_source": "HTTP://DATA.QLD.GOV.AU",
        "facility_attribute_date": null,
        "facility_source": "HTTP://DATA.QLD.GOV.AU",
        "facility_date": null,
        "facility_spatial_confidence": null,
        "facility_revised": "2018-07-04T00:00:00Z",
        "comment_": null,
        "facility_lat": "-21.169217999999944",
        "facility_long": "149.1692270000001",
        "validated": null,
        "gnaf_building_name": null,
        "gnaf_address_detail_pid": "GAQLD160748529",
        "gnaf_formatted_address": "3 TRANSPORT AVENUE",
        "gnaf_confidence": "1",
        "gnaf_postcode": "4740",
        "gnaf_suburb": "PAGET",
        "distance_to_gnaf": 32,
        "gnaf_lat": "-21.169400399999972",
        "gnaf_long": "149.16946515000006"
      },
      "geometry": {
        "type": "Point",
        "coordinates": [
          149.1692340928698,
          -21.169205035591183
        ]
      }
    },
    {
      "type": "Feature",
      "properties": {
        "objectid": 908,
        "featuretype": "EMERGENCY FACILITY",
        "descripton": "An emergency management facility from which a particular agency\u2019s resources are commanded, coordinated and assigned to an incident or emergency",
        "class": "AMBULANCE STATION",
        "facility_name": "PALM ISLAND",
        "facility_operationalstatus": "OPERATIONAL",
        "facility_address": null,
        "abs_suburb": "PALM ISLAND",
        "facility_state": "QUEENSLAND",
        "abs_postcode": "4816",
        "facility_attribute_source": "HTTP://DATA.QLD.GOV.AU",
        "facility_attribute_date": null,
        "facility_source": "HTTP://DATA.QLD.GOV.AU",
        "facility_date": null,
        "facility_spatial_confidence": null,
        "facility_revised": "2018-07-04T00:00:00Z",
        "comment_": null,
        "facility_lat": "-18.72102899999993",
        "facility_long": "146.58847200000002",
        "validated": null,
        "gnaf_building_name": null,
        "gnaf_address_detail_pid": "GAQLD425267883",
        "gnaf_formatted_address": "479 WALLABY POINT ROAD",
        "gnaf_confidence": "0",
        "gnaf_postcode": "4816",
        "gnaf_suburb": "PALM ISLAND",
        "distance_to_gnaf": 7,
        "gnaf_lat": "-18.72097612999994",
        "gnaf_long": "146.58850040000004"
      },
      "geometry": {
        "type": "Point",
        "coordinates": [
          146.5884795053091,
          -18.721015809887046
        ]
      }
    },
    {
      "type": "Feature",
      "properties": {
        "objectid": 909,
        "featuretype": "EMERGENCY FACILITY",
        "descripton": "An emergency management facility from which a particular agency\u2019s resources are commanded, coordinated and assigned to an incident or emergency",
        "class": "AMBULANCE STATION",
        "facility_name": "SOUTHPORT",
        "facility_operationalstatus": "OPERATIONAL",
        "facility_address": null,
        "abs_suburb": "SOUTHPORT",
        "facility_state": "QUEENSLAND",
        "abs_postcode": "4215",
        "facility_attribute_source": "HTTP://DATA.QLD.GOV.AU",
        "facility_attribute_date": null,
        "facility_source": "HTTP://DATA.QLD.GOV.AU",
        "facility_date": null,
        "facility_spatial_confidence": null,
        "facility_revised": "2018-07-04T00:00:00Z",
        "comment_": null,
        "facility_lat": "-27.97533999999996",
        "facility_long": "153.39541500000007",
        "validated": null,
        "gnaf_building_name": "SOUTHPORT AMBULANCE STATION",
        "gnaf_address_detail_pid": "GAQLD425405742",
        "gnaf_formatted_address": "2-10 BINSTEAD DRIVE",
        "gnaf_confidence": "0",
        "gnaf_postcode": "4215",
        "gnaf_suburb": "SOUTHPORT",
        "distance_to_gnaf": 25,
        "gnaf_lat": "-27.975245799999982",
        "gnaf_long": "153.39518693000002"
      },
      "geometry": {
        "type": "Point",
        "coordinates": [
          153.39542092952954,
          -27.97532748560701
        ]
      }
    },
    {
      "type": "Feature",
      "properties": {
        "objectid": 910,
        "featuretype": "EMERGENCY FACILITY",
        "descripton": "An emergency management facility from which a particular agency\u2019s resources are commanded, coordinated and assigned to an incident or emergency",
        "class": "AMBULANCE STATION",
        "facility_name": "SPRING HILL",
        "facility_operationalstatus": "OPERATIONAL",
        "facility_address": null,
        "abs_suburb": "SPRING HILL",
        "facility_state": "QUEENSLAND",
        "abs_postcode": "4000",
        "facility_attribute_source": "HTTP://DATA.QLD.GOV.AU",
        "facility_attribute_date": null,
        "facility_source": "HTTP://DATA.QLD.GOV.AU",
        "facility_date": null,
        "facility_spatial_confidence": null,
        "facility_revised": "2018-07-04T00:00:00Z",
        "comment_": null,
        "facility_lat": "-27.46135099999998",
        "facility_long": "153.02886000000012",
        "validated": null,
        "gnaf_building_name": null,
        "gnaf_address_detail_pid": "GAQLD157128850",
        "gnaf_formatted_address": "211 BOUNDARY STREET",
        "gnaf_confidence": "1",
        "gnaf_postcode": "4000",
        "gnaf_suburb": "SPRING HILL",
        "distance_to_gnaf": 25,
        "gnaf_lat": "-27.461238649999927",
        "gnaf_long": "153.02908431000003"
      },
      "geometry": {
        "type": "Point",
        "coordinates": [
          153.02886603487715,
          -27.461338444499752
        ]
      }
    },
    {
      "type": "Feature",
      "properties": {
        "objectid": 911,
        "featuretype": "EMERGENCY FACILITY",
        "descripton": "An emergency management facility from which a particular agency\u2019s resources are commanded, coordinated and assigned to an incident or emergency",
        "class": "AMBULANCE STATION",
        "facility_name": "SPRINGBROOK",
        "facility_operationalstatus": "OPERATIONAL",
        "facility_address": null,
        "abs_suburb": "SPRINGBROOK",
        "facility_state": "QUEENSLAND",
        "abs_postcode": "4213",
        "facility_attribute_source": "HTTP://DATA.QLD.GOV.AU",
        "facility_attribute_date": null,
        "facility_source": "HTTP://DATA.QLD.GOV.AU",
        "facility_date": null,
        "facility_spatial_confidence": null,
        "facility_revised": "2018-07-04T00:00:00Z",
        "comment_": null,
        "facility_lat": "-28.19512599999996",
        "facility_long": "153.2686000000001",
        "validated": null,
        "gnaf_building_name": "SPRINGBROOK RURAL FIRE BRIGADE",
        "gnaf_address_detail_pid": "GAQLD159633671",
        "gnaf_formatted_address": "3 CARRICKS ROAD",
        "gnaf_confidence": "1",
        "gnaf_postcode": "4213",
        "gnaf_suburb": "SPRINGBROOK",
        "distance_to_gnaf": 7,
        "gnaf_lat": "-28.195070819999955",
        "gnaf_long": "153.26856304000012"
      },
      "geometry": {
        "type": "Point",
        "coordinates": [
          153.2686059150967,
          -28.1951134744418
        ]
      }
    },
    {
      "type": "Feature",
      "properties": {
        "objectid": 912,
        "featuretype": "EMERGENCY FACILITY",
        "descripton": "An emergency management facility from which a particular agency\u2019s resources are commanded, coordinated and assigned to an incident or emergency",
        "class": "AMBULANCE STATION",
        "facility_name": "SPRINGSURE",
        "facility_operationalstatus": "OPERATIONAL",
        "facility_address": null,
        "abs_suburb": "SPRINGSURE",
        "facility_state": "QUEENSLAND",
        "abs_postcode": "4722",
        "facility_attribute_source": "HTTP://DATA.QLD.GOV.AU",
        "facility_attribute_date": null,
        "facility_source": "HTTP://DATA.QLD.GOV.AU",
        "facility_date": null,
        "facility_spatial_confidence": null,
        "facility_revised": "2018-07-04T00:00:00Z",
        "comment_": null,
        "facility_lat": "-24.114521999999965",
        "facility_long": "148.0891650000001",
        "validated": null,
        "gnaf_building_name": null,
        "gnaf_address_detail_pid": "GAQLD157115089",
        "gnaf_formatted_address": "32 PORPHYRY STREET",
        "gnaf_confidence": "2",
        "gnaf_postcode": "4722",
        "gnaf_suburb": "SPRINGSURE",
        "distance_to_gnaf": 24,
        "gnaf_lat": "-24.114404779999973",
        "gnaf_long": "148.08936395000012"
      },
      "geometry": {
        "type": "Point",
        "coordinates": [
          148.08917190485397,
          -24.114508970571137
        ]
      }
    },
    {
      "type": "Feature",
      "properties": {
        "objectid": 913,
        "featuretype": "EMERGENCY FACILITY",
        "descripton": "An emergency management facility from which a particular agency\u2019s resources are commanded, coordinated and assigned to an incident or emergency",
        "class": "AMBULANCE STATION",
        "facility_name": "SPRINGWOOD",
        "facility_operationalstatus": "OPERATIONAL",
        "facility_address": null,
        "abs_suburb": "SPRINGWOOD",
        "facility_state": "QUEENSLAND",
        "abs_postcode": "4127",
        "facility_attribute_source": "HTTP://DATA.QLD.GOV.AU",
        "facility_attribute_date": null,
        "facility_source": "HTTP://DATA.QLD.GOV.AU",
        "facility_date": null,
        "facility_spatial_confidence": null,
        "facility_revised": "2018-07-04T00:00:00Z",
        "comment_": null,
        "facility_lat": "-27.615868999999975",
        "facility_long": "153.12552600000004",
        "validated": null,
        "gnaf_building_name": "Q A S SPRINGWOOD",
        "gnaf_address_detail_pid": "GAQLD162073076",
        "gnaf_formatted_address": "2-4 VANESSA BOULEVARD",
        "gnaf_confidence": "1",
        "gnaf_postcode": "4127",
        "gnaf_suburb": "SPRINGWOOD",
        "distance_to_gnaf": 12,
        "gnaf_lat": "-27.61576698999994",
        "gnaf_long": "153.12548776000006"
      },
      "geometry": {
        "type": "Point",
        "coordinates": [
          153.12553200491578,
          -27.615856455440735
        ]
      }
    },
    {
      "type": "Feature",
      "properties": {
        "objectid": 914,
        "featuretype": "EMERGENCY FACILITY",
        "descripton": "An emergency management facility from which a particular agency\u2019s resources are commanded, coordinated and assigned to an incident or emergency",
        "class": "AMBULANCE STATION",
        "facility_name": "ST LAWRENCE",
        "facility_operationalstatus": "OPERATIONAL",
        "facility_address": null,
        "abs_suburb": "ST LAWRENCE",
        "facility_state": "QUEENSLAND",
        "abs_postcode": "4707",
        "facility_attribute_source": "HTTP://DATA.QLD.GOV.AU",
        "facility_attribute_date": null,
        "facility_source": "HTTP://DATA.QLD.GOV.AU",
        "facility_date": null,
        "facility_spatial_confidence": null,
        "facility_revised": "2018-07-04T00:00:00Z",
        "comment_": null,
        "facility_lat": "-22.345608999999968",
        "facility_long": "149.53416900000002",
        "validated": null,
        "gnaf_building_name": null,
        "gnaf_address_detail_pid": "GAQLD160753552",
        "gnaf_formatted_address": "24 MACARTNEY STREET",
        "gnaf_confidence": "2",
        "gnaf_postcode": "4707",
        "gnaf_suburb": "ST LAWRENCE",
        "distance_to_gnaf": 13,
        "gnaf_lat": "-22.34571485999993",
        "gnaf_long": "149.5342267200001"
      },
      "geometry": {
        "type": "Point",
        "coordinates": [
          149.53417594727497,
          -22.345596076628127
        ]
      }
    },
    {
      "type": "Feature",
      "properties": {
        "objectid": 915,
        "featuretype": "EMERGENCY FACILITY",
        "descripton": "An emergency management facility from which a particular agency\u2019s resources are commanded, coordinated and assigned to an incident or emergency",
        "class": "AMBULANCE STATION",
        "facility_name": "STANTHORPE",
        "facility_operationalstatus": "OPERATIONAL",
        "facility_address": null,
        "abs_suburb": "STANTHORPE",
        "facility_state": "QUEENSLAND",
        "abs_postcode": "4380",
        "facility_attribute_source": "HTTP://DATA.QLD.GOV.AU",
        "facility_attribute_date": null,
        "facility_source": "HTTP://DATA.QLD.GOV.AU",
        "facility_date": null,
        "facility_spatial_confidence": null,
        "facility_revised": "2018-07-04T00:00:00Z",
        "comment_": null,
        "facility_lat": "-28.65256899999997",
        "facility_long": "151.93328700000006",
        "validated": null,
        "gnaf_building_name": null,
        "gnaf_address_detail_pid": "GAQLD162455673",
        "gnaf_formatted_address": "48-50 MARSH STREET",
        "gnaf_confidence": "2",
        "gnaf_postcode": "4380",
        "gnaf_suburb": "STANTHORPE",
        "distance_to_gnaf": 25,
        "gnaf_lat": "-28.65261402999994",
        "gnaf_long": "151.93353607000006"
      },
      "geometry": {
        "type": "Point",
        "coordinates": [
          151.93329300747823,
          -28.652556346146856
        ]
      }
    },
    {
      "type": "Feature",
      "properties": {
        "objectid": 916,
        "featuretype": "EMERGENCY FACILITY",
        "descripton": "An emergency management facility from which a particular agency\u2019s resources are commanded, coordinated and assigned to an incident or emergency",
        "class": "AMBULANCE STATION",
        "facility_name": "SURAT",
        "facility_operationalstatus": "OPERATIONAL",
        "facility_address": null,
        "abs_suburb": "SURAT",
        "facility_state": "QUEENSLAND",
        "abs_postcode": "4417",
        "facility_attribute_source": "HTTP://DATA.QLD.GOV.AU",
        "facility_attribute_date": null,
        "facility_source": "HTTP://DATA.QLD.GOV.AU",
        "facility_date": null,
        "facility_spatial_confidence": null,
        "facility_revised": "2018-07-04T00:00:00Z",
        "comment_": null,
        "facility_lat": "-27.15234899999996",
        "facility_long": "149.06652700000006",
        "validated": null,
        "gnaf_building_name": null,
        "gnaf_address_detail_pid": "GAQLD157170167",
        "gnaf_formatted_address": "49 WILLIAM STREET",
        "gnaf_confidence": "2",
        "gnaf_postcode": "4417",
        "gnaf_suburb": "SURAT",
        "distance_to_gnaf": 18,
        "gnaf_lat": "-27.15251060999998",
        "gnaf_long": "149.06652854000004"
      },
      "geometry": {
        "type": "Point",
        "coordinates": [
          149.06653349972322,
          -27.152336075393602
        ]
      }
    },
    {
      "type": "Feature",
      "properties": {
        "objectid": 917,
        "featuretype": "EMERGENCY FACILITY",
        "descripton": "An emergency management facility from which a particular agency\u2019s resources are commanded, coordinated and assigned to an incident or emergency",
        "class": "AMBULANCE STATION",
        "facility_name": "TAMBO",
        "facility_operationalstatus": "OPERATIONAL",
        "facility_address": null,
        "abs_suburb": "TAMBO",
        "facility_state": "QUEENSLAND",
        "abs_postcode": "4478",
        "facility_attribute_source": "HTTP://DATA.QLD.GOV.AU",
        "facility_attribute_date": null,
        "facility_source": "HTTP://DATA.QLD.GOV.AU",
        "facility_date": null,
        "facility_spatial_confidence": null,
        "facility_revised": "2018-07-04T00:00:00Z",
        "comment_": null,
        "facility_lat": "-24.88207499999993",
        "facility_long": "146.2497300000001",
        "validated": null,
        "gnaf_building_name": null,
        "gnaf_address_detail_pid": "GAQLD155877270",
        "gnaf_formatted_address": "12 GARDEN STREET",
        "gnaf_confidence": "2",
        "gnaf_postcode": "4478",
        "gnaf_suburb": "TAMBO",
        "distance_to_gnaf": 39,
        "gnaf_lat": "-24.88184769999998",
        "gnaf_long": "146.25002556000004"
      },
      "geometry": {
        "type": "Point",
        "coordinates": [
          146.2497370136388,
          -24.8820618354622
        ]
      }
    },
    {
      "type": "Feature",
      "properties": {
        "objectid": 918,
        "featuretype": "EMERGENCY FACILITY",
        "descripton": "An emergency management facility from which a particular agency\u2019s resources are commanded, coordinated and assigned to an incident or emergency",
        "class": "AMBULANCE STATION",
        "facility_name": "MOUNT TAMBORINE",
        "facility_operationalstatus": "OPERATIONAL",
        "facility_address": null,
        "abs_suburb": "TAMBORINE MOUNTAIN",
        "facility_state": "QUEENSLAND",
        "abs_postcode": "4272",
        "facility_attribute_source": "HTTP://DATA.QLD.GOV.AU",
        "facility_attribute_date": null,
        "facility_source": "HTTP://DATA.QLD.GOV.AU",
        "facility_date": null,
        "facility_spatial_confidence": null,
        "facility_revised": "2018-07-04T00:00:00Z",
        "comment_": null,
        "facility_lat": "-27.936171999999942",
        "facility_long": "153.1803880000001",
        "validated": null,
        "gnaf_building_name": "TAMBORINE MOUNTAIN FIRE STATION",
        "gnaf_address_detail_pid": "GAQLD425331518",
        "gnaf_formatted_address": "122-126 MAIN WESTERN ROAD",
        "gnaf_confidence": "1",
        "gnaf_postcode": "4272",
        "gnaf_suburb": "TAMBORINE MOUNTAIN",
        "distance_to_gnaf": 18,
        "gnaf_lat": "-27.93628143999996",
        "gnaf_long": "153.1805212600001"
      },
      "geometry": {
        "type": "Point",
        "coordinates": [
          153.18039395810408,
          -27.936159463491393
        ]
      }
    },
    {
      "type": "Feature",
      "properties": {
        "objectid": 919,
        "featuretype": "EMERGENCY FACILITY",
        "descripton": "An emergency management facility from which a particular agency\u2019s resources are commanded, coordinated and assigned to an incident or emergency",
        "class": "AMBULANCE STATION",
        "facility_name": "BUDERIM",
        "facility_operationalstatus": "OPERATIONAL",
        "facility_address": null,
        "abs_suburb": "TANAWHA",
        "facility_state": "QUEENSLAND",
        "abs_postcode": "4556",
        "facility_attribute_source": "HTTP://DATA.QLD.GOV.AU",
        "facility_attribute_date": null,
        "facility_source": "HTTP://DATA.QLD.GOV.AU",
        "facility_date": null,
        "facility_spatial_confidence": null,
        "facility_revised": "2018-07-04T00:00:00Z",
        "comment_": null,
        "facility_lat": "-26.71275899999995",
        "facility_long": "153.04850800000008",
        "validated": null,
        "gnaf_building_name": null,
        "gnaf_address_detail_pid": "GAQLD160094294",
        "gnaf_formatted_address": "431 TANAWHA TOURIST DRIVE",
        "gnaf_confidence": "2",
        "gnaf_postcode": "4556",
        "gnaf_suburb": "TANAWHA",
        "distance_to_gnaf": 27,
        "gnaf_lat": "-26.712866359999964",
        "gnaf_long": "153.0487456400001"
      },
      "geometry": {
        "type": "Point",
        "coordinates": [
          153.04851412664456,
          -26.712746440535394
        ]
      }
    },
    {
      "type": "Feature",
      "properties": {
        "objectid": 920,
        "featuretype": "EMERGENCY FACILITY",
        "descripton": "An emergency management facility from which a particular agency\u2019s resources are commanded, coordinated and assigned to an incident or emergency",
        "class": "AMBULANCE STATION",
        "facility_name": "TARA",
        "facility_operationalstatus": "OPERATIONAL",
        "facility_address": null,
        "abs_suburb": "TARA",
        "facility_state": "QUEENSLAND",
        "abs_postcode": "4421",
        "facility_attribute_source": "HTTP://DATA.QLD.GOV.AU",
        "facility_attribute_date": null,
        "facility_source": "HTTP://DATA.QLD.GOV.AU",
        "facility_date": null,
        "facility_spatial_confidence": null,
        "facility_revised": "2018-07-04T00:00:00Z",
        "comment_": null,
        "facility_lat": "-27.27618099999995",
        "facility_long": "150.45531600000004",
        "validated": null,
        "gnaf_building_name": null,
        "gnaf_address_detail_pid": "GAQLD157195433",
        "gnaf_formatted_address": "61 DAY STREET",
        "gnaf_confidence": "2",
        "gnaf_postcode": "4421",
        "gnaf_suburb": "TARA",
        "distance_to_gnaf": 4,
        "gnaf_lat": "-27.276201619999938",
        "gnaf_long": "150.45534555000006"
      },
      "geometry": {
        "type": "Point",
        "coordinates": [
          150.45532233490678,
          -27.276168197753588
        ]
      }
    },
    {
      "type": "Feature",
      "properties": {
        "objectid": 921,
        "featuretype": "EMERGENCY FACILITY",
        "descripton": "An emergency management facility from which a particular agency\u2019s resources are commanded, coordinated and assigned to an incident or emergency",
        "class": "AMBULANCE STATION",
        "facility_name": "TAROOM",
        "facility_operationalstatus": "OPERATIONAL",
        "facility_address": null,
        "abs_suburb": "TAROOM",
        "facility_state": "QUEENSLAND",
        "abs_postcode": "4420",
        "facility_attribute_source": "HTTP://DATA.QLD.GOV.AU",
        "facility_attribute_date": null,
        "facility_source": "HTTP://DATA.QLD.GOV.AU",
        "facility_date": null,
        "facility_spatial_confidence": null,
        "facility_revised": "2018-07-04T00:00:00Z",
        "comment_": null,
        "facility_lat": "-25.639509999999973",
        "facility_long": "149.80009600000005",
        "validated": null,
        "gnaf_building_name": null,
        "gnaf_address_detail_pid": "GAQLD155874993",
        "gnaf_formatted_address": "1 YALDWYN STREET",
        "gnaf_confidence": "2",
        "gnaf_postcode": "4420",
        "gnaf_suburb": "TAROOM",
        "distance_to_gnaf": 2,
        "gnaf_lat": "-25.639523519999955",
        "gnaf_long": "149.80010372000004"
      },
      "geometry": {
        "type": "Point",
        "coordinates": [
          149.80010258314707,
          -25.639497126583993
        ]
      }
    },
    {
      "type": "Feature",
      "properties": {
        "objectid": 922,
        "featuretype": "EMERGENCY FACILITY",
        "descripton": "An emergency management facility from which a particular agency\u2019s resources are commanded, coordinated and assigned to an incident or emergency",
        "class": "AMBULANCE STATION",
        "facility_name": "TEWANTIN",
        "facility_operationalstatus": "OPERATIONAL",
        "facility_address": null,
        "abs_suburb": "TEWANTIN",
        "facility_state": "QUEENSLAND",
        "abs_postcode": "4565",
        "facility_attribute_source": "HTTP://DATA.QLD.GOV.AU",
        "facility_attribute_date": null,
        "facility_source": "HTTP://DATA.QLD.GOV.AU",
        "facility_date": null,
        "facility_spatial_confidence": null,
        "facility_revised": "2018-07-04T00:00:00Z",
        "comment_": null,
        "facility_lat": "-26.39376599999997",
        "facility_long": "153.02682000000004",
        "validated": null,
        "gnaf_building_name": null,
        "gnaf_address_detail_pid": "GAQLD158717636",
        "gnaf_formatted_address": "4 COOROY NOOSA ROAD",
        "gnaf_confidence": "0",
        "gnaf_postcode": "4565",
        "gnaf_suburb": "TEWANTIN",
        "distance_to_gnaf": 18,
        "gnaf_lat": "-26.393800539999972",
        "gnaf_long": "153.0266479600001"
      },
      "geometry": {
        "type": "Point",
        "coordinates": [
          153.02682616847446,
          -26.393753435808254
        ]
      }
    },
    {
      "type": "Feature",
      "properties": {
        "objectid": 923,
        "featuretype": "EMERGENCY FACILITY",
        "descripton": "An emergency management facility from which a particular agency\u2019s resources are commanded, coordinated and assigned to an incident or emergency",
        "class": "AMBULANCE STATION",
        "facility_name": "THARGOMINDAH",
        "facility_operationalstatus": "OPERATIONAL",
        "facility_address": null,
        "abs_suburb": "THARGOMINDAH",
        "facility_state": "QUEENSLAND",
        "abs_postcode": "4492",
        "facility_attribute_source": "HTTP://DATA.QLD.GOV.AU",
        "facility_attribute_date": null,
        "facility_source": "HTTP://DATA.QLD.GOV.AU",
        "facility_date": null,
        "facility_spatial_confidence": null,
        "facility_revised": "2018-07-04T00:00:00Z",
        "comment_": null,
        "facility_lat": "-27.997443999999973",
        "facility_long": "143.81925",
        "validated": null,
        "gnaf_building_name": null,
        "gnaf_address_detail_pid": "GAQLD161951813",
        "gnaf_formatted_address": "76 DOWLING STREET",
        "gnaf_confidence": "2",
        "gnaf_postcode": "4492",
        "gnaf_suburb": "THARGOMINDAH",
        "distance_to_gnaf": 200,
        "gnaf_lat": "-27.996506959999977",
        "gnaf_long": "143.8209873300001"
      },
      "geometry": {
        "type": "Point",
        "coordinates": [
          143.81925701570248,
          -27.997430693888997
        ]
      }
    },
    {
      "type": "Feature",
      "properties": {
        "objectid": 924,
        "featuretype": "EMERGENCY FACILITY",
        "descripton": "An emergency management facility from which a particular agency\u2019s resources are commanded, coordinated and assigned to an incident or emergency",
        "class": "AMBULANCE STATION",
        "facility_name": "THEODORE",
        "facility_operationalstatus": "OPERATIONAL",
        "facility_address": null,
        "abs_suburb": "THEODORE",
        "facility_state": "QUEENSLAND",
        "abs_postcode": "4719",
        "facility_attribute_source": "HTTP://DATA.QLD.GOV.AU",
        "facility_attribute_date": null,
        "facility_source": "HTTP://DATA.QLD.GOV.AU",
        "facility_date": null,
        "facility_spatial_confidence": null,
        "facility_revised": "2018-07-04T00:00:00Z",
        "comment_": null,
        "facility_lat": "-24.94358399999993",
        "facility_long": "150.07594800000004",
        "validated": null,
        "gnaf_building_name": null,
        "gnaf_address_detail_pid": "GAQLD157185679",
        "gnaf_formatted_address": "85 THE BOULEVARD ",
        "gnaf_confidence": "2",
        "gnaf_postcode": "4719",
        "gnaf_suburb": "THEODORE",
        "distance_to_gnaf": 17,
        "gnaf_lat": "-24.94357513999995",
        "gnaf_long": "150.07578382000008"
      },
      "geometry": {
        "type": "Point",
        "coordinates": [
          150.07595462989926,
          -24.94357114528429
        ]
      }
    },
    {
      "type": "Feature",
      "properties": {
        "objectid": 931,
        "featuretype": "EMERGENCY FACILITY",
        "descripton": "An emergency management facility from which a particular agency\u2019s resources are commanded, coordinated and assigned to an incident or emergency",
        "class": "AMBULANCE STATION",
        "facility_name": "NORTH MACKAY",
        "facility_operationalstatus": "OPERATIONAL",
        "facility_address": null,
        "abs_suburb": "BEACONSFIELD",
        "facility_state": "QUEENSLAND",
        "abs_postcode": "4740",
        "facility_attribute_source": "HTTP://DATA.QLD.GOV.AU",
        "facility_attribute_date": null,
        "facility_source": "HTTP://DATA.QLD.GOV.AU",
        "facility_date": null,
        "facility_spatial_confidence": null,
        "facility_revised": "2018-07-04T00:00:00Z",
        "comment_": "NO GNAF POINT",
        "facility_lat": "-21.099298999999974",
        "facility_long": "149.16564500000004",
        "validated": null,
        "gnaf_building_name": null,
        "gnaf_address_detail_pid": null,
        "gnaf_formatted_address": null,
        "gnaf_confidence": null,
        "gnaf_postcode": null,
        "gnaf_suburb": null,
        "distance_to_gnaf": null,
        "gnaf_lat": null,
        "gnaf_long": null
      },
      "geometry": {
        "type": "Point",
        "coordinates": [
          149.16565209989065,
          -21.099286034700842
        ]
      }
    },
    {
      "type": "Feature",
      "properties": {
        "objectid": 932,
        "featuretype": "EMERGENCY FACILITY",
        "descripton": "An emergency management facility from which a particular agency\u2019s resources are commanded, coordinated and assigned to an incident or emergency",
        "class": "AMBULANCE STATION",
        "facility_name": "BEDOURIE",
        "facility_operationalstatus": "OPERATIONAL",
        "facility_address": null,
        "abs_suburb": "BEDOURIE",
        "facility_state": "QUEENSLAND",
        "abs_postcode": "4829",
        "facility_attribute_source": "HTTP://DATA.QLD.GOV.AU",
        "facility_attribute_date": null,
        "facility_source": "HTTP://DATA.QLD.GOV.AU",
        "facility_date": null,
        "facility_spatial_confidence": null,
        "facility_revised": "2018-07-04T00:00:00Z",
        "comment_": "NO GNAF POINT",
        "facility_lat": "-24.357707999999946",
        "facility_long": "139.46765600000003",
        "validated": null,
        "gnaf_building_name": null,
        "gnaf_address_detail_pid": null,
        "gnaf_formatted_address": null,
        "gnaf_confidence": null,
        "gnaf_postcode": null,
        "gnaf_suburb": null,
        "distance_to_gnaf": null,
        "gnaf_lat": null,
        "gnaf_long": null
      },
      "geometry": {
        "type": "Point",
        "coordinates": [
          139.46766373244233,
          -24.357694431759064
        ]
      }
    },
    {
      "type": "Feature",
      "properties": {
        "objectid": 933,
        "featuretype": "EMERGENCY FACILITY",
        "descripton": "An emergency management facility from which a particular agency\u2019s resources are commanded, coordinated and assigned to an incident or emergency",
        "class": "AMBULANCE STATION",
        "facility_name": "BIGGENDEN",
        "facility_operationalstatus": "OPERATIONAL",
        "facility_address": null,
        "abs_suburb": "BIGGENDEN",
        "facility_state": "QUEENSLAND",
        "abs_postcode": "4621",
        "facility_attribute_source": "HTTP://DATA.QLD.GOV.AU",
        "facility_attribute_date": null,
        "facility_source": "HTTP://DATA.QLD.GOV.AU",
        "facility_date": null,
        "facility_spatial_confidence": null,
        "facility_revised": "2018-07-04T00:00:00Z",
        "comment_": "NO GNAF POINT",
        "facility_lat": "-25.508419999999944",
        "facility_long": "152.04979400000002",
        "validated": null,
        "gnaf_building_name": null,
        "gnaf_address_detail_pid": null,
        "gnaf_formatted_address": null,
        "gnaf_confidence": null,
        "gnaf_postcode": null,
        "gnaf_suburb": null,
        "distance_to_gnaf": null,
        "gnaf_lat": null,
        "gnaf_long": null
      },
      "geometry": {
        "type": "Point",
        "coordinates": [
          152.04980037313283,
          -25.50840733252165
        ]
      }
    },
    {
      "type": "Feature",
      "properties": {
        "objectid": 934,
        "featuretype": "EMERGENCY FACILITY",
        "descripton": "An emergency management facility from which a particular agency\u2019s resources are commanded, coordinated and assigned to an incident or emergency",
        "class": "AMBULANCE STATION",
        "facility_name": "BOLLON",
        "facility_operationalstatus": "OPERATIONAL",
        "facility_address": null,
        "abs_suburb": "BOLLON",
        "facility_state": "QUEENSLAND",
        "abs_postcode": "4488",
        "facility_attribute_source": "HTTP://DATA.QLD.GOV.AU",
        "facility_attribute_date": null,
        "facility_source": "HTTP://DATA.QLD.GOV.AU",
        "facility_date": null,
        "facility_spatial_confidence": null,
        "facility_revised": "2018-07-04T00:00:00Z",
        "comment_": "NO GNAF POINT",
        "facility_lat": "-28.153268999999966",
        "facility_long": "147.28446500000007",
        "validated": null,
        "gnaf_building_name": null,
        "gnaf_address_detail_pid": null,
        "gnaf_formatted_address": null,
        "gnaf_confidence": null,
        "gnaf_postcode": null,
        "gnaf_suburb": null,
        "distance_to_gnaf": null,
        "gnaf_lat": null,
        "gnaf_long": null
      },
      "geometry": {
        "type": "Point",
        "coordinates": [
          147.28447159782775,
          -28.153255938714334
        ]
      }
    },
    {
      "type": "Feature",
      "properties": {
        "objectid": 935,
        "featuretype": "EMERGENCY FACILITY",
        "descripton": "An emergency management facility from which a particular agency\u2019s resources are commanded, coordinated and assigned to an incident or emergency",
        "class": "AMBULANCE STATION",
        "facility_name": "BOULIA",
        "facility_operationalstatus": "OPERATIONAL",
        "facility_address": null,
        "abs_suburb": "BOULIA",
        "facility_state": "QUEENSLAND",
        "abs_postcode": "4829",
        "facility_attribute_source": "HTTP://DATA.QLD.GOV.AU",
        "facility_attribute_date": null,
        "facility_source": "HTTP://DATA.QLD.GOV.AU",
        "facility_date": null,
        "facility_spatial_confidence": null,
        "facility_revised": "2018-07-04T00:00:00Z",
        "comment_": "NO GNAF POINT",
        "facility_lat": "-22.908378999999968",
        "facility_long": "139.9087760000001",
        "validated": null,
        "gnaf_building_name": null,
        "gnaf_address_detail_pid": null,
        "gnaf_formatted_address": null,
        "gnaf_confidence": null,
        "gnaf_postcode": null,
        "gnaf_suburb": null,
        "distance_to_gnaf": null,
        "gnaf_lat": null,
        "gnaf_long": null
      },
      "geometry": {
        "type": "Point",
        "coordinates": [
          139.90878376735506,
          -22.90836544079877
        ]
      }
    },
    {
      "type": "Feature",
      "properties": {
        "objectid": 936,
        "featuretype": "EMERGENCY FACILITY",
        "descripton": "An emergency management facility from which a particular agency\u2019s resources are commanded, coordinated and assigned to an incident or emergency",
        "class": "AMBULANCE STATION",
        "facility_name": "CAMOOWEAL",
        "facility_operationalstatus": "OPERATIONAL",
        "facility_address": null,
        "abs_suburb": "CAMOOWEAL",
        "facility_state": "QUEENSLAND",
        "abs_postcode": "4828",
        "facility_attribute_source": "HTTP://DATA.QLD.GOV.AU",
        "facility_attribute_date": null,
        "facility_source": "HTTP://DATA.QLD.GOV.AU",
        "facility_date": null,
        "facility_spatial_confidence": null,
        "facility_revised": "2018-07-04T00:00:00Z",
        "comment_": "NO GNAF POINT",
        "facility_lat": "-19.91782299999994",
        "facility_long": "138.121843",
        "validated": null,
        "gnaf_building_name": null,
        "gnaf_address_detail_pid": null,
        "gnaf_formatted_address": null,
        "gnaf_confidence": null,
        "gnaf_postcode": null,
        "gnaf_suburb": null,
        "distance_to_gnaf": null,
        "gnaf_lat": null,
        "gnaf_long": null
      },
      "geometry": {
        "type": "Point",
        "coordinates": [
          138.12185106723337,
          -19.91780934158732
        ]
      }
    },
    {
      "type": "Feature",
      "properties": {
        "objectid": 937,
        "featuretype": "EMERGENCY FACILITY",
        "descripton": "An emergency management facility from which a particular agency\u2019s resources are commanded, coordinated and assigned to an incident or emergency",
        "class": "AMBULANCE STATION",
        "facility_name": "CARINA",
        "facility_operationalstatus": "OPERATIONAL",
        "facility_address": null,
        "abs_suburb": "CARINA",
        "facility_state": "QUEENSLAND",
        "abs_postcode": "4152",
        "facility_attribute_source": "HTTP://DATA.QLD.GOV.AU",
        "facility_attribute_date": null,
        "facility_source": "HTTP://DATA.QLD.GOV.AU",
        "facility_date": null,
        "facility_spatial_confidence": null,
        "facility_revised": "2018-07-04T00:00:00Z",
        "comment_": "NO GNAF POINT",
        "facility_lat": "-27.496464999999944",
        "facility_long": "153.0994240000001",
        "validated": null,
        "gnaf_building_name": null,
        "gnaf_address_detail_pid": null,
        "gnaf_formatted_address": null,
        "gnaf_confidence": null,
        "gnaf_postcode": null,
        "gnaf_suburb": null,
        "distance_to_gnaf": null,
        "gnaf_lat": null,
        "gnaf_long": null
      },
      "geometry": {
        "type": "Point",
        "coordinates": [
          153.0994300228668,
          -27.4964524518708
        ]
      }
    },
    {
      "type": "Feature",
      "properties": {
        "objectid": 938,
        "featuretype": "EMERGENCY FACILITY",
        "descripton": "An emergency management facility from which a particular agency\u2019s resources are commanded, coordinated and assigned to an incident or emergency",
        "class": "AMBULANCE STATION",
        "facility_name": "CHILDERS",
        "facility_operationalstatus": "OPERATIONAL",
        "facility_address": null,
        "abs_suburb": "CHILDERS",
        "facility_state": "QUEENSLAND",
        "abs_postcode": "4660",
        "facility_attribute_source": "HTTP://DATA.QLD.GOV.AU",
        "facility_attribute_date": null,
        "facility_source": "HTTP://DATA.QLD.GOV.AU",
        "facility_date": null,
        "facility_spatial_confidence": null,
        "facility_revised": "2018-07-04T00:00:00Z",
        "comment_": "NO GNAF POINT",
        "facility_lat": "-25.236143999999967",
        "facility_long": "152.2775180000001",
        "validated": null,
        "gnaf_building_name": null,
        "gnaf_address_detail_pid": null,
        "gnaf_formatted_address": null,
        "gnaf_confidence": null,
        "gnaf_postcode": null,
        "gnaf_suburb": null,
        "distance_to_gnaf": null,
        "gnaf_lat": null,
        "gnaf_long": null
      },
      "geometry": {
        "type": "Point",
        "coordinates": [
          152.2775243828177,
          -25.23613135239011
        ]
      }
    },
    {
      "type": "Feature",
      "properties": {
        "objectid": 939,
        "featuretype": "EMERGENCY FACILITY",
        "descripton": "An emergency management facility from which a particular agency\u2019s resources are commanded, coordinated and assigned to an incident or emergency",
        "class": "AMBULANCE STATION",
        "facility_name": "COEN FIELD OFFICE",
        "facility_operationalstatus": "OPERATIONAL",
        "facility_address": null,
        "abs_suburb": "COEN",
        "facility_state": "QUEENSLAND",
        "abs_postcode": "4892",
        "facility_attribute_source": "HTTP://DATA.QLD.GOV.AU",
        "facility_attribute_date": null,
        "facility_source": "HTTP://DATA.QLD.GOV.AU",
        "facility_date": null,
        "facility_spatial_confidence": null,
        "facility_revised": "2018-07-04T00:00:00Z",
        "comment_": "NO GNAF POINT",
        "facility_lat": "-13.944899999999961",
        "facility_long": "143.20090000000005",
        "validated": null,
        "gnaf_building_name": null,
        "gnaf_address_detail_pid": null,
        "gnaf_formatted_address": null,
        "gnaf_confidence": null,
        "gnaf_postcode": null,
        "gnaf_suburb": null,
        "distance_to_gnaf": null,
        "gnaf_lat": null,
        "gnaf_long": null
      },
      "geometry": {
        "type": "Point",
        "coordinates": [
          143.20090805398692,
          -13.944886542514737
        ]
      }
    },
    {
      "type": "Feature",
      "properties": {
        "objectid": 940,
        "featuretype": "EMERGENCY FACILITY",
        "descripton": "An emergency management facility from which a particular agency\u2019s resources are commanded, coordinated and assigned to an incident or emergency",
        "class": "AMBULANCE STATION",
        "facility_name": "COOCHIEMUDLO",
        "facility_operationalstatus": "OPERATIONAL",
        "facility_address": null,
        "abs_suburb": "COOCHIEMUDLO ISLAND",
        "facility_state": "QUEENSLAND",
        "abs_postcode": "4184",
        "facility_attribute_source": "HTTP://DATA.QLD.GOV.AU",
        "facility_attribute_date": null,
        "facility_source": "HTTP://DATA.QLD.GOV.AU",
        "facility_date": null,
        "facility_spatial_confidence": null,
        "facility_revised": "2018-07-04T00:00:00Z",
        "comment_": "NO GNAF POINT",
        "facility_lat": "-27.574570999999935",
        "facility_long": "153.3254320000001",
        "validated": null,
        "gnaf_building_name": null,
        "gnaf_address_detail_pid": null,
        "gnaf_formatted_address": null,
        "gnaf_confidence": null,
        "gnaf_postcode": null,
        "gnaf_suburb": null,
        "distance_to_gnaf": null,
        "gnaf_lat": null,
        "gnaf_long": null
      },
      "geometry": {
        "type": "Point",
        "coordinates": [
          153.32543798864305,
          -27.574558475339856
        ]
      }
    },
    {
      "type": "Feature",
      "properties": {
        "objectid": 949,
        "featuretype": "EMERGENCY FACILITY",
        "descripton": "An emergency management facility from which a particular agency\u2019s resources are commanded, coordinated and assigned to an incident or emergency",
        "class": "AMBULANCE STATION",
        "facility_name": "COOKTOWN FIELD OFFICE",
        "facility_operationalstatus": "OPERATIONAL",
        "facility_address": null,
        "abs_suburb": "COOKTOWN",
        "facility_state": "QUEENSLAND",
        "abs_postcode": "4895",
        "facility_attribute_source": "HTTP://DATA.QLD.GOV.AU",
        "facility_attribute_date": null,
        "facility_source": "HTTP://DATA.QLD.GOV.AU",
        "facility_date": null,
        "facility_spatial_confidence": null,
        "facility_revised": "2018-07-04T00:00:00Z",
        "comment_": "NO GNAF POINT",
        "facility_lat": "-15.475599999999929",
        "facility_long": "145.24720000000002",
        "validated": null,
        "gnaf_building_name": null,
        "gnaf_address_detail_pid": null,
        "gnaf_formatted_address": null,
        "gnaf_confidence": null,
        "gnaf_postcode": null,
        "gnaf_suburb": null,
        "distance_to_gnaf": null,
        "gnaf_lat": null,
        "gnaf_long": null
      },
      "geometry": {
        "type": "Point",
        "coordinates": [
          145.24720784074677,
          -15.475586686667935
        ]
      }
    },
    {
      "type": "Feature",
      "properties": {
        "objectid": 950,
        "featuretype": "EMERGENCY FACILITY",
        "descripton": "An emergency management facility from which a particular agency\u2019s resources are commanded, coordinated and assigned to an incident or emergency",
        "class": "AMBULANCE STATION",
        "facility_name": "COOYAR FIRST RESPONDER",
        "facility_operationalstatus": "OPERATIONAL",
        "facility_address": null,
        "abs_suburb": "COOYAR",
        "facility_state": "QUEENSLAND",
        "abs_postcode": "4402",
        "facility_attribute_source": "HTTP://DATA.QLD.GOV.AU",
        "facility_attribute_date": null,
        "facility_source": "HTTP://DATA.QLD.GOV.AU",
        "facility_date": null,
        "facility_spatial_confidence": null,
        "facility_revised": "2018-07-04T00:00:00Z",
        "comment_": "NO GNAF POINT",
        "facility_lat": "-26.97935599999994",
        "facility_long": "151.83513200000004",
        "validated": null,
        "gnaf_building_name": null,
        "gnaf_address_detail_pid": null,
        "gnaf_formatted_address": null,
        "gnaf_confidence": null,
        "gnaf_postcode": null,
        "gnaf_suburb": null,
        "distance_to_gnaf": null,
        "gnaf_lat": null,
        "gnaf_long": null
      },
      "geometry": {
        "type": "Point",
        "coordinates": [
          151.83513822128637,
          -26.979343323658295
        ]
      }
    },
    {
      "type": "Feature",
      "properties": {
        "objectid": 951,
        "featuretype": "EMERGENCY FACILITY",
        "descripton": "An emergency management facility from which a particular agency\u2019s resources are commanded, coordinated and assigned to an incident or emergency",
        "class": "AMBULANCE STATION",
        "facility_name": "CUNNAMULLA",
        "facility_operationalstatus": "OPERATIONAL",
        "facility_address": null,
        "abs_suburb": "CUNNAMULLA",
        "facility_state": "QUEENSLAND",
        "abs_postcode": "4490",
        "facility_attribute_source": "HTTP://DATA.QLD.GOV.AU",
        "facility_attribute_date": null,
        "facility_source": "HTTP://DATA.QLD.GOV.AU",
        "facility_date": null,
        "facility_spatial_confidence": null,
        "facility_revised": "2018-07-04T00:00:00Z",
        "comment_": "NO GNAF POINT",
        "facility_lat": "-28.072229999999934",
        "facility_long": "145.6903860000001",
        "validated": null,
        "gnaf_building_name": null,
        "gnaf_address_detail_pid": null,
        "gnaf_formatted_address": null,
        "gnaf_confidence": null,
        "gnaf_postcode": null,
        "gnaf_suburb": null,
        "distance_to_gnaf": null,
        "gnaf_lat": null,
        "gnaf_long": null
      },
      "geometry": {
        "type": "Point",
        "coordinates": [
          145.69039279054786,
          -28.072216819876267
        ]
      }
    },
    {
      "type": "Feature",
      "properties": {
        "objectid": 952,
        "featuretype": "EMERGENCY FACILITY",
        "descripton": "An emergency management facility from which a particular agency\u2019s resources are commanded, coordinated and assigned to an incident or emergency",
        "class": "AMBULANCE STATION",
        "facility_name": "DOOMADGEE",
        "facility_operationalstatus": "OPERATIONAL",
        "facility_address": null,
        "abs_suburb": "DOOMADGEE",
        "facility_state": "QUEENSLAND",
        "abs_postcode": "4830",
        "facility_attribute_source": "HTTP://DATA.QLD.GOV.AU",
        "facility_attribute_date": null,
        "facility_source": "HTTP://DATA.QLD.GOV.AU",
        "facility_date": null,
        "facility_spatial_confidence": null,
        "facility_revised": "2018-07-04T00:00:00Z",
        "comment_": "NO GNAF POINT",
        "facility_lat": "-17.943186999999966",
        "facility_long": "138.825734",
        "validated": null,
        "gnaf_building_name": null,
        "gnaf_address_detail_pid": null,
        "gnaf_formatted_address": null,
        "gnaf_confidence": null,
        "gnaf_postcode": null,
        "gnaf_suburb": null,
        "distance_to_gnaf": null,
        "gnaf_lat": null,
        "gnaf_long": null
      },
      "geometry": {
        "type": "Point",
        "coordinates": [
          138.82574210183344,
          -17.943173354181578
        ]
      }
    },
    {
      "type": "Feature",
      "properties": {
        "objectid": 961,
        "featuretype": "EMERGENCY FACILITY",
        "descripton": "An emergency management facility from which a particular agency\u2019s resources are commanded, coordinated and assigned to an incident or emergency",
        "class": "AMBULANCE STATION",
        "facility_name": "FRASER ISLAND FIRST RESPONDER",
        "facility_operationalstatus": "OPERATIONAL",
        "facility_address": null,
        "abs_suburb": "EURONG",
        "facility_state": "QUEENSLAND",
        "abs_postcode": "4581",
        "facility_attribute_source": "HTTP://DATA.QLD.GOV.AU",
        "facility_attribute_date": null,
        "facility_source": "HTTP://DATA.QLD.GOV.AU",
        "facility_date": null,
        "facility_spatial_confidence": null,
        "facility_revised": "2018-07-04T00:00:00Z",
        "comment_": "NO GNAF POINT",
        "facility_lat": "-25.50840599999998",
        "facility_long": "153.12476500000002",
        "validated": null,
        "gnaf_building_name": null,
        "gnaf_address_detail_pid": null,
        "gnaf_formatted_address": null,
        "gnaf_confidence": null,
        "gnaf_postcode": null,
        "gnaf_suburb": null,
        "distance_to_gnaf": null,
        "gnaf_lat": null,
        "gnaf_long": null
      },
      "geometry": {
        "type": "Point",
        "coordinates": [
          153.12477126760425,
          -25.50839343851936
        ]
      }
    },
    {
      "type": "Feature",
      "properties": {
        "objectid": 962,
        "featuretype": "EMERGENCY FACILITY",
        "descripton": "An emergency management facility from which a particular agency\u2019s resources are commanded, coordinated and assigned to an incident or emergency",
        "class": "AMBULANCE STATION",
        "facility_name": "FINCH HATTON",
        "facility_operationalstatus": "OPERATIONAL",
        "facility_address": null,
        "abs_suburb": "FINCH HATTON",
        "facility_state": "QUEENSLAND",
        "abs_postcode": "4756",
        "facility_attribute_source": "HTTP://DATA.QLD.GOV.AU",
        "facility_attribute_date": null,
        "facility_source": "HTTP://DATA.QLD.GOV.AU",
        "facility_date": null,
        "facility_spatial_confidence": null,
        "facility_revised": "2018-07-04T00:00:00Z",
        "comment_": "NO GNAF POINT",
        "facility_lat": "-21.14008999999993",
        "facility_long": "148.63226600000007",
        "validated": null,
        "gnaf_building_name": null,
        "gnaf_address_detail_pid": null,
        "gnaf_formatted_address": null,
        "gnaf_confidence": null,
        "gnaf_postcode": null,
        "gnaf_suburb": null,
        "distance_to_gnaf": null,
        "gnaf_lat": null,
        "gnaf_long": null
      },
      "geometry": {
        "type": "Point",
        "coordinates": [
          148.63227313882572,
          -21.14007699040785
        ]
      }
    },
    {
      "type": "Feature",
      "properties": {
        "objectid": 963,
        "featuretype": "EMERGENCY FACILITY",
        "descripton": "An emergency management facility from which a particular agency\u2019s resources are commanded, coordinated and assigned to an incident or emergency",
        "class": "AMBULANCE STATION",
        "facility_name": "GARBUTT HELICOPTER",
        "facility_operationalstatus": "OPERATIONAL",
        "facility_address": null,
        "abs_suburb": "GARBUTT",
        "facility_state": "QUEENSLAND",
        "abs_postcode": "4814",
        "facility_attribute_source": "HTTP://DATA.QLD.GOV.AU",
        "facility_attribute_date": null,
        "facility_source": "HTTP://DATA.QLD.GOV.AU",
        "facility_date": null,
        "facility_spatial_confidence": null,
        "facility_revised": "2018-07-04T00:00:00Z",
        "comment_": "NO GNAF POINT",
        "facility_lat": "-19.25279999999998",
        "facility_long": "146.77280000000007",
        "validated": null,
        "gnaf_building_name": null,
        "gnaf_address_detail_pid": null,
        "gnaf_formatted_address": null,
        "gnaf_confidence": null,
        "gnaf_postcode": null,
        "gnaf_suburb": null,
        "distance_to_gnaf": null,
        "gnaf_lat": null,
        "gnaf_long": null
      },
      "geometry": {
        "type": "Point",
        "coordinates": [
          146.77280744830466,
          -19.252786828107993
        ]
      }
    },
    {
      "type": "Feature",
      "properties": {
        "objectid": 964,
        "featuretype": "EMERGENCY FACILITY",
        "descripton": "An emergency management facility from which a particular agency\u2019s resources are commanded, coordinated and assigned to an incident or emergency",
        "class": "AMBULANCE STATION",
        "facility_name": "GAYNDAH",
        "facility_operationalstatus": "OPERATIONAL",
        "facility_address": null,
        "abs_suburb": "GAYNDAH",
        "facility_state": "QUEENSLAND",
        "abs_postcode": "4625",
        "facility_attribute_source": "HTTP://DATA.QLD.GOV.AU",
        "facility_attribute_date": null,
        "facility_source": "HTTP://DATA.QLD.GOV.AU",
        "facility_date": null,
        "facility_spatial_confidence": null,
        "facility_revised": "2018-07-04T00:00:00Z",
        "comment_": "NO GNAF POINT",
        "facility_lat": "-25.636022999999966",
        "facility_long": "151.61066100000005",
        "validated": null,
        "gnaf_building_name": null,
        "gnaf_address_detail_pid": null,
        "gnaf_formatted_address": null,
        "gnaf_confidence": null,
        "gnaf_postcode": null,
        "gnaf_suburb": null,
        "distance_to_gnaf": null,
        "gnaf_lat": null,
        "gnaf_long": null
      },
      "geometry": {
        "type": "Point",
        "coordinates": [
          151.61066740182847,
          -25.636010291563156
        ]
      }
    },
    {
      "type": "Feature",
      "properties": {
        "objectid": 965,
        "featuretype": "EMERGENCY FACILITY",
        "descripton": "An emergency management facility from which a particular agency\u2019s resources are commanded, coordinated and assigned to an incident or emergency",
        "class": "AMBULANCE STATION",
        "facility_name": "IAMA ISLAND FIRST RESPONDER",
        "facility_operationalstatus": "OPERATIONAL",
        "facility_address": null,
        "abs_suburb": "IAMA ISLAND",
        "facility_state": "QUEENSLAND",
        "abs_postcode": "4875",
        "facility_attribute_source": "HTTP://DATA.QLD.GOV.AU",
        "facility_attribute_date": null,
        "facility_source": "HTTP://DATA.QLD.GOV.AU",
        "facility_date": null,
        "facility_spatial_confidence": null,
        "facility_revised": "2018-07-04T00:00:00Z",
        "comment_": "NO GNAF POINT",
        "facility_lat": "-9.899333999999953",
        "facility_long": "142.77583100000004",
        "validated": null,
        "gnaf_building_name": null,
        "gnaf_address_detail_pid": null,
        "gnaf_formatted_address": null,
        "gnaf_confidence": null,
        "gnaf_postcode": null,
        "gnaf_suburb": null,
        "distance_to_gnaf": null,
        "gnaf_lat": null,
        "gnaf_long": null
      },
      "geometry": {
        "type": "Point",
        "coordinates": [
          142.77583931665677,
          -9.899320482780697
        ]
      }
    },
    {
      "type": "Feature",
      "properties": {
        "objectid": 966,
        "featuretype": "EMERGENCY FACILITY",
        "descripton": "An emergency management facility from which a particular agency\u2019s resources are commanded, coordinated and assigned to an incident or emergency",
        "class": "AMBULANCE STATION",
        "facility_name": "IPSWICH",
        "facility_operationalstatus": "OPERATIONAL",
        "facility_address": null,
        "abs_suburb": "IPSWICH",
        "facility_state": "QUEENSLAND",
        "abs_postcode": "4305",
        "facility_attribute_source": "HTTP://DATA.QLD.GOV.AU",
        "facility_attribute_date": null,
        "facility_source": "HTTP://DATA.QLD.GOV.AU",
        "facility_date": null,
        "facility_spatial_confidence": null,
        "facility_revised": "2018-07-04T00:00:00Z",
        "comment_": "NO GNAF POINT",
        "facility_lat": "-27.619793999999956",
        "facility_long": "152.76493300000004",
        "validated": null,
        "gnaf_building_name": null,
        "gnaf_address_detail_pid": null,
        "gnaf_formatted_address": null,
        "gnaf_confidence": null,
        "gnaf_postcode": null,
        "gnaf_suburb": null,
        "distance_to_gnaf": null,
        "gnaf_lat": null,
        "gnaf_long": null
      },
      "geometry": {
        "type": "Point",
        "coordinates": [
          152.76493904340506,
          -27.61978141938652
        ]
      }
    },
    {
      "type": "Feature",
      "properties": {
        "objectid": 983,
        "featuretype": "EMERGENCY FACILITY",
        "descripton": "An emergency management facility from which a particular agency\u2019s resources are commanded, coordinated and assigned to an incident or emergency",
        "class": "AMBULANCE STATION",
        "facility_name": "JERICHO",
        "facility_operationalstatus": "OPERATIONAL",
        "facility_address": null,
        "abs_suburb": "JERICHO",
        "facility_state": "QUEENSLAND",
        "abs_postcode": "4728",
        "facility_attribute_source": "HTTP://DATA.QLD.GOV.AU",
        "facility_attribute_date": null,
        "facility_source": "HTTP://DATA.QLD.GOV.AU",
        "facility_date": null,
        "facility_spatial_confidence": null,
        "facility_revised": "2018-07-04T00:00:00Z",
        "comment_": "NO GNAF POINT",
        "facility_lat": "-23.604254999999966",
        "facility_long": "146.12704500000007",
        "validated": null,
        "gnaf_building_name": null,
        "gnaf_address_detail_pid": null,
        "gnaf_formatted_address": null,
        "gnaf_confidence": null,
        "gnaf_postcode": null,
        "gnaf_suburb": null,
        "distance_to_gnaf": null,
        "gnaf_lat": null,
        "gnaf_long": null
      },
      "geometry": {
        "type": "Point",
        "coordinates": [
          146.12705213609698,
          -23.60424181635181
        ]
      }
    },
    {
      "type": "Feature",
      "properties": {
        "objectid": 984,
        "featuretype": "EMERGENCY FACILITY",
        "descripton": "An emergency management facility from which a particular agency\u2019s resources are commanded, coordinated and assigned to an incident or emergency",
        "class": "AMBULANCE STATION",
        "facility_name": "JUNDAH",
        "facility_operationalstatus": "OPERATIONAL",
        "facility_address": null,
        "abs_suburb": "JUNDAH",
        "facility_state": "QUEENSLAND",
        "abs_postcode": "4736",
        "facility_attribute_source": "HTTP://DATA.QLD.GOV.AU",
        "facility_attribute_date": null,
        "facility_source": "HTTP://DATA.QLD.GOV.AU",
        "facility_date": null,
        "facility_spatial_confidence": null,
        "facility_revised": "2018-07-04T00:00:00Z",
        "comment_": "NO GNAF POINT",
        "facility_lat": "-24.821823999999935",
        "facility_long": "143.07046700000012",
        "validated": null,
        "gnaf_building_name": null,
        "gnaf_address_detail_pid": null,
        "gnaf_formatted_address": null,
        "gnaf_confidence": null,
        "gnaf_postcode": null,
        "gnaf_suburb": null,
        "distance_to_gnaf": null,
        "gnaf_lat": null,
        "gnaf_long": null
      },
      "geometry": {
        "type": "Point",
        "coordinates": [
          143.0704743386601,
          -24.82181062368124
        ]
      }
    },
    {
      "type": "Feature",
      "properties": {
        "objectid": 985,
        "featuretype": "EMERGENCY FACILITY",
        "descripton": "An emergency management facility from which a particular agency\u2019s resources are commanded, coordinated and assigned to an incident or emergency",
        "class": "AMBULANCE STATION",
        "facility_name": "MOUNT ISA HELICOPTER",
        "facility_operationalstatus": "OPERATIONAL",
        "facility_address": null,
        "abs_suburb": "KALKADOON",
        "facility_state": "QUEENSLAND",
        "abs_postcode": "4825",
        "facility_attribute_source": "HTTP://DATA.QLD.GOV.AU",
        "facility_attribute_date": null,
        "facility_source": "HTTP://DATA.QLD.GOV.AU",
        "facility_date": null,
        "facility_spatial_confidence": null,
        "facility_revised": "2018-07-04T00:00:00Z",
        "comment_": "NO GNAF POINT",
        "facility_lat": "-20.667044999999973",
        "facility_long": "139.491349",
        "validated": null,
        "gnaf_building_name": null,
        "gnaf_address_detail_pid": null,
        "gnaf_formatted_address": null,
        "gnaf_confidence": null,
        "gnaf_postcode": null,
        "gnaf_suburb": null,
        "distance_to_gnaf": null,
        "gnaf_lat": null,
        "gnaf_long": null
      },
      "geometry": {
        "type": "Point",
        "coordinates": [
          139.49135692101146,
          -20.667031404375003
        ]
      }
    },
    {
      "type": "Feature",
      "properties": {
        "objectid": 986,
        "featuretype": "EMERGENCY FACILITY",
        "descripton": "An emergency management facility from which a particular agency\u2019s resources are commanded, coordinated and assigned to an incident or emergency",
        "class": "AMBULANCE STATION",
        "facility_name": "KARRAGARRA ISLAND",
        "facility_operationalstatus": "OPERATIONAL",
        "facility_address": null,
        "abs_suburb": "KARRAGARRA ISLAND",
        "facility_state": "QUEENSLAND",
        "abs_postcode": "4184",
        "facility_attribute_source": "HTTP://DATA.QLD.GOV.AU",
        "facility_attribute_date": null,
        "facility_source": "HTTP://DATA.QLD.GOV.AU",
        "facility_date": null,
        "facility_spatial_confidence": null,
        "facility_revised": "2018-07-04T00:00:00Z",
        "comment_": "NO GNAF POINT",
        "facility_lat": "-27.63691099999994",
        "facility_long": "153.37411200000008",
        "validated": null,
        "gnaf_building_name": null,
        "gnaf_address_detail_pid": null,
        "gnaf_formatted_address": null,
        "gnaf_confidence": null,
        "gnaf_postcode": null,
        "gnaf_suburb": null,
        "distance_to_gnaf": null,
        "gnaf_lat": null,
        "gnaf_long": null
      },
      "geometry": {
        "type": "Point",
        "coordinates": [
          153.37411797541645,
          -27.63689848077969
        ]
      }
    },
    {
      "type": "Feature",
      "properties": {
        "objectid": 995,
        "featuretype": "EMERGENCY FACILITY",
        "descripton": "An emergency management facility from which a particular agency\u2019s resources are commanded, coordinated and assigned to an incident or emergency",
        "class": "AMBULANCE STATION",
        "facility_name": "KARUMBA",
        "facility_operationalstatus": "OPERATIONAL",
        "facility_address": null,
        "abs_suburb": "KARUMBA",
        "facility_state": "QUEENSLAND",
        "abs_postcode": "4891",
        "facility_attribute_source": "HTTP://DATA.QLD.GOV.AU",
        "facility_attribute_date": null,
        "facility_source": "HTTP://DATA.QLD.GOV.AU",
        "facility_date": null,
        "facility_spatial_confidence": null,
        "facility_revised": "2018-07-04T00:00:00Z",
        "comment_": "NO GNAF POINT",
        "facility_lat": "-17.484947999999974",
        "facility_long": "140.84208",
        "validated": null,
        "gnaf_building_name": null,
        "gnaf_address_detail_pid": null,
        "gnaf_formatted_address": null,
        "gnaf_confidence": null,
        "gnaf_postcode": null,
        "gnaf_suburb": null,
        "distance_to_gnaf": null,
        "gnaf_lat": null,
        "gnaf_long": null
      },
      "geometry": {
        "type": "Point",
        "coordinates": [
          140.84208798602302,
          -17.48493444269578
        ]
      }
    },
    {
      "type": "Feature",
      "properties": {
        "objectid": 996,
        "featuretype": "EMERGENCY FACILITY",
        "descripton": "An emergency management facility from which a particular agency\u2019s resources are commanded, coordinated and assigned to an incident or emergency",
        "class": "AMBULANCE STATION",
        "facility_name": "KEDRON PARK",
        "facility_operationalstatus": "OPERATIONAL",
        "facility_address": null,
        "abs_suburb": "KEDRON",
        "facility_state": "QUEENSLAND",
        "abs_postcode": "4031",
        "facility_attribute_source": "HTTP://DATA.QLD.GOV.AU",
        "facility_attribute_date": null,
        "facility_source": "HTTP://DATA.QLD.GOV.AU",
        "facility_date": null,
        "facility_spatial_confidence": null,
        "facility_revised": "2018-07-04T00:00:00Z",
        "comment_": "NO GNAF POINT",
        "facility_lat": "-27.41542099999998",
        "facility_long": "153.0374710000001",
        "validated": null,
        "gnaf_building_name": null,
        "gnaf_address_detail_pid": null,
        "gnaf_formatted_address": null,
        "gnaf_confidence": null,
        "gnaf_postcode": null,
        "gnaf_suburb": null,
        "distance_to_gnaf": null,
        "gnaf_lat": null,
        "gnaf_long": null
      },
      "geometry": {
        "type": "Point",
        "coordinates": [
          153.03747703974804,
          -27.41540844500199
        ]
      }
    },
    {
      "type": "Feature",
      "properties": {
        "objectid": 997,
        "featuretype": "EMERGENCY FACILITY",
        "descripton": "An emergency management facility from which a particular agency\u2019s resources are commanded, coordinated and assigned to an incident or emergency",
        "class": "AMBULANCE STATION",
        "facility_name": "KENILWORTH FIRST RESPONDER",
        "facility_operationalstatus": "OPERATIONAL",
        "facility_address": null,
        "abs_suburb": "KENILWORTH",
        "facility_state": "QUEENSLAND",
        "abs_postcode": "4574",
        "facility_attribute_source": "HTTP://DATA.QLD.GOV.AU",
        "facility_attribute_date": null,
        "facility_source": "HTTP://DATA.QLD.GOV.AU",
        "facility_date": null,
        "facility_spatial_confidence": null,
        "facility_revised": "2018-07-04T00:00:00Z",
        "comment_": "NO GNAF POINT",
        "facility_lat": "-26.593189999999936",
        "facility_long": "152.72764200000006",
        "validated": null,
        "gnaf_building_name": null,
        "gnaf_address_detail_pid": null,
        "gnaf_formatted_address": null,
        "gnaf_confidence": null,
        "gnaf_postcode": null,
        "gnaf_suburb": null,
        "distance_to_gnaf": null,
        "gnaf_lat": null,
        "gnaf_long": null
      },
      "geometry": {
        "type": "Point",
        "coordinates": [
          152.7276481746148,
          -26.59317740755204
        ]
      }
    },
    {
      "type": "Feature",
      "properties": {
        "objectid": 998,
        "featuretype": "EMERGENCY FACILITY",
        "descripton": "An emergency management facility from which a particular agency\u2019s resources are commanded, coordinated and assigned to an incident or emergency",
        "class": "AMBULANCE STATION",
        "facility_name": "BUNDABERG HELICOPTER",
        "facility_operationalstatus": "OPERATIONAL",
        "facility_address": null,
        "abs_suburb": "KENSINGTON",
        "facility_state": "QUEENSLAND",
        "abs_postcode": "4670",
        "facility_attribute_source": "HTTP://DATA.QLD.GOV.AU",
        "facility_attribute_date": null,
        "facility_source": "HTTP://DATA.QLD.GOV.AU",
        "facility_date": null,
        "facility_spatial_confidence": null,
        "facility_revised": "2018-07-04T00:00:00Z",
        "comment_": "NO GNAF POINT",
        "facility_lat": "-24.89429999999993",
        "facility_long": "152.3221000000001",
        "validated": null,
        "gnaf_building_name": null,
        "gnaf_address_detail_pid": null,
        "gnaf_formatted_address": null,
        "gnaf_confidence": null,
        "gnaf_postcode": null,
        "gnaf_suburb": null,
        "distance_to_gnaf": null,
        "gnaf_lat": null,
        "gnaf_long": null
      },
      "geometry": {
        "type": "Point",
        "coordinates": [
          152.32210641868247,
          -24.89428735395442
        ]
      }
    },
    {
      "type": "Feature",
      "properties": {
        "objectid": 999,
        "featuretype": "EMERGENCY FACILITY",
        "descripton": "An emergency management facility from which a particular agency\u2019s resources are commanded, coordinated and assigned to an incident or emergency",
        "class": "AMBULANCE STATION",
        "facility_name": "KILKIVAN FIRST RESPONDER",
        "facility_operationalstatus": "OPERATIONAL",
        "facility_address": null,
        "abs_suburb": "KILKIVAN",
        "facility_state": "QUEENSLAND",
        "abs_postcode": "4600",
        "facility_attribute_source": "HTTP://DATA.QLD.GOV.AU",
        "facility_attribute_date": null,
        "facility_source": "HTTP://DATA.QLD.GOV.AU",
        "facility_date": null,
        "facility_spatial_confidence": null,
        "facility_revised": "2018-07-04T00:00:00Z",
        "comment_": "NO GNAF POINT",
        "facility_lat": "-26.08560799999998",
        "facility_long": "152.23931900000002",
        "validated": null,
        "gnaf_building_name": null,
        "gnaf_address_detail_pid": null,
        "gnaf_formatted_address": null,
        "gnaf_confidence": null,
        "gnaf_postcode": null,
        "gnaf_suburb": null,
        "distance_to_gnaf": null,
        "gnaf_lat": null,
        "gnaf_long": null
      },
      "geometry": {
        "type": "Point",
        "coordinates": [
          152.23932528596515,
          -26.08559535552738
        ]
      }
    },
    {
      "type": "Feature",
      "properties": {
        "objectid": 1000,
        "featuretype": "EMERGENCY FACILITY",
        "descripton": "An emergency management facility from which a particular agency\u2019s resources are commanded, coordinated and assigned to an incident or emergency",
        "class": "AMBULANCE STATION",
        "facility_name": "KILLARNEY FIRST RESPONDER",
        "facility_operationalstatus": "OPERATIONAL",
        "facility_address": null,
        "abs_suburb": "KILLARNEY",
        "facility_state": "QUEENSLAND",
        "abs_postcode": "4373",
        "facility_attribute_source": "HTTP://DATA.QLD.GOV.AU",
        "facility_attribute_date": null,
        "facility_source": "HTTP://DATA.QLD.GOV.AU",
        "facility_date": null,
        "facility_spatial_confidence": null,
        "facility_revised": "2018-07-04T00:00:00Z",
        "comment_": "NO GNAF POINT",
        "facility_lat": "-28.332903999999928",
        "facility_long": "152.29640700000004",
        "validated": null,
        "gnaf_building_name": null,
        "gnaf_address_detail_pid": null,
        "gnaf_formatted_address": null,
        "gnaf_confidence": null,
        "gnaf_postcode": null,
        "gnaf_suburb": null,
        "distance_to_gnaf": null,
        "gnaf_lat": null,
        "gnaf_long": null
      },
      "geometry": {
        "type": "Point",
        "coordinates": [
          152.29641300600167,
          -28.332891378831835
        ]
      }
    },
    {
      "type": "Feature",
      "properties": {
        "objectid": 1017,
        "featuretype": "EMERGENCY FACILITY",
        "descripton": "An emergency management facility from which a particular agency\u2019s resources are commanded, coordinated and assigned to an incident or emergency",
        "class": "AMBULANCE STATION",
        "facility_name": "KOWANYAMA FIELD OFFICE",
        "facility_operationalstatus": "OPERATIONAL",
        "facility_address": null,
        "abs_suburb": "KOWANYAMA",
        "facility_state": "QUEENSLAND",
        "abs_postcode": "4892",
        "facility_attribute_source": "HTTP://DATA.QLD.GOV.AU",
        "facility_attribute_date": null,
        "facility_source": "HTTP://DATA.QLD.GOV.AU",
        "facility_date": null,
        "facility_spatial_confidence": null,
        "facility_revised": "2018-07-04T00:00:00Z",
        "comment_": "NO GNAF POINT",
        "facility_lat": "-15.477899999999977",
        "facility_long": "141.74840000000006",
        "validated": null,
        "gnaf_building_name": null,
        "gnaf_address_detail_pid": null,
        "gnaf_formatted_address": null,
        "gnaf_confidence": null,
        "gnaf_postcode": null,
        "gnaf_suburb": null,
        "distance_to_gnaf": null,
        "gnaf_lat": null,
        "gnaf_long": null
      },
      "geometry": {
        "type": "Point",
        "coordinates": [
          141.74840804104224,
          -15.477886473102092
        ]
      }
    },
    {
      "type": "Feature",
      "properties": {
        "objectid": 1018,
        "featuretype": "EMERGENCY FACILITY",
        "descripton": "An emergency management facility from which a particular agency\u2019s resources are commanded, coordinated and assigned to an incident or emergency",
        "class": "AMBULANCE STATION",
        "facility_name": "LAKELAND FIRST RESPONDER",
        "facility_operationalstatus": "OPERATIONAL",
        "facility_address": null,
        "abs_suburb": "LAKELAND",
        "facility_state": "QUEENSLAND",
        "abs_postcode": "4871",
        "facility_attribute_source": "HTTP://DATA.QLD.GOV.AU",
        "facility_attribute_date": null,
        "facility_source": "HTTP://DATA.QLD.GOV.AU",
        "facility_date": null,
        "facility_spatial_confidence": null,
        "facility_revised": "2018-07-04T00:00:00Z",
        "comment_": "NO GNAF POINT",
        "facility_lat": "-15.855838999999946",
        "facility_long": "144.8564530000001",
        "validated": null,
        "gnaf_building_name": null,
        "gnaf_address_detail_pid": null,
        "gnaf_formatted_address": null,
        "gnaf_confidence": null,
        "gnaf_postcode": null,
        "gnaf_suburb": null,
        "distance_to_gnaf": null,
        "gnaf_lat": null,
        "gnaf_long": null
      },
      "geometry": {
        "type": "Point",
        "coordinates": [
          144.8564608358656,
          -15.855825663521944
        ]
      }
    },
    {
      "type": "Feature",
      "properties": {
        "objectid": 1019,
        "featuretype": "EMERGENCY FACILITY",
        "descripton": "An emergency management facility from which a particular agency\u2019s resources are commanded, coordinated and assigned to an incident or emergency",
        "class": "AMBULANCE STATION",
        "facility_name": "MABUIAG ISLAND FIRST RESPONDER",
        "facility_operationalstatus": "OPERATIONAL",
        "facility_address": null,
        "abs_suburb": "MABUIAG ISLAND",
        "facility_state": "QUEENSLAND",
        "abs_postcode": "4875",
        "facility_attribute_source": "HTTP://DATA.QLD.GOV.AU",
        "facility_attribute_date": null,
        "facility_source": "HTTP://DATA.QLD.GOV.AU",
        "facility_date": null,
        "facility_spatial_confidence": null,
        "facility_revised": "2018-07-04T00:00:00Z",
        "comment_": "NO GNAF POINT",
        "facility_lat": "-9.949903999999947",
        "facility_long": "142.19540100000006",
        "validated": null,
        "gnaf_building_name": null,
        "gnaf_address_detail_pid": null,
        "gnaf_formatted_address": null,
        "gnaf_confidence": null,
        "gnaf_postcode": null,
        "gnaf_suburb": null,
        "distance_to_gnaf": null,
        "gnaf_lat": null,
        "gnaf_long": null
      },
      "geometry": {
        "type": "Point",
        "coordinates": [
          142.1954093330898,
          -9.949890450482222
        ]
      }
    },
    {
      "type": "Feature",
      "properties": {
        "objectid": 1020,
        "featuretype": "EMERGENCY FACILITY",
        "descripton": "An emergency management facility from which a particular agency\u2019s resources are commanded, coordinated and assigned to an incident or emergency",
        "class": "AMBULANCE STATION",
        "facility_name": "MAROOCHYDORE HELICOPTER",
        "facility_operationalstatus": "OPERATIONAL",
        "facility_address": null,
        "abs_suburb": "MARCOOLA",
        "facility_state": "QUEENSLAND",
        "abs_postcode": "4564",
        "facility_attribute_source": "HTTP://DATA.QLD.GOV.AU",
        "facility_attribute_date": null,
        "facility_source": "HTTP://DATA.QLD.GOV.AU",
        "facility_date": null,
        "facility_spatial_confidence": null,
        "facility_revised": "2018-07-04T00:00:00Z",
        "comment_": "NO GNAF POINT",
        "facility_lat": "-26.608599999999967",
        "facility_long": "153.08860000000004",
        "validated": null,
        "gnaf_building_name": null,
        "gnaf_address_detail_pid": null,
        "gnaf_formatted_address": null,
        "gnaf_confidence": null,
        "gnaf_postcode": null,
        "gnaf_suburb": null,
        "distance_to_gnaf": null,
        "gnaf_lat": null,
        "gnaf_long": null
      },
      "geometry": {
        "type": "Point",
        "coordinates": [
          153.08860613547384,
          -26.608587443734596
        ]
      }
    },
    {
      "type": "Feature",
      "properties": {
        "objectid": 1029,
        "featuretype": "EMERGENCY FACILITY",
        "descripton": "An emergency management facility from which a particular agency\u2019s resources are commanded, coordinated and assigned to an incident or emergency",
        "class": "AMBULANCE STATION",
        "facility_name": "LOGAN HOSPITAL",
        "facility_operationalstatus": "OPERATIONAL",
        "facility_address": null,
        "abs_suburb": "MEADOWBROOK",
        "facility_state": "QUEENSLAND",
        "abs_postcode": "4131",
        "facility_attribute_source": "HTTP://DATA.QLD.GOV.AU",
        "facility_attribute_date": null,
        "facility_source": "HTTP://DATA.QLD.GOV.AU",
        "facility_date": null,
        "facility_spatial_confidence": null,
        "facility_revised": "2018-07-04T00:00:00Z",
        "comment_": "NO GNAF POINT",
        "facility_lat": "-27.670743999999956",
        "facility_long": "153.14011200000004",
        "validated": null,
        "gnaf_building_name": null,
        "gnaf_address_detail_pid": null,
        "gnaf_formatted_address": null,
        "gnaf_confidence": null,
        "gnaf_postcode": null,
        "gnaf_suburb": null,
        "distance_to_gnaf": null,
        "gnaf_lat": null,
        "gnaf_long": null
      },
      "geometry": {
        "type": "Point",
        "coordinates": [
          153.14011799636432,
          -27.67073145734294
        ]
      }
    },
    {
      "type": "Feature",
      "properties": {
        "objectid": 1030,
        "featuretype": "EMERGENCY FACILITY",
        "descripton": "An emergency management facility from which a particular agency\u2019s resources are commanded, coordinated and assigned to an incident or emergency",
        "class": "AMBULANCE STATION",
        "facility_name": "MITCHELL",
        "facility_operationalstatus": "OPERATIONAL",
        "facility_address": null,
        "abs_suburb": "MITCHELL",
        "facility_state": "QUEENSLAND",
        "abs_postcode": "4465",
        "facility_attribute_source": "HTTP://DATA.QLD.GOV.AU",
        "facility_attribute_date": null,
        "facility_source": "HTTP://DATA.QLD.GOV.AU",
        "facility_date": null,
        "facility_spatial_confidence": null,
        "facility_revised": "2018-07-04T00:00:00Z",
        "comment_": "NO GNAF POINT",
        "facility_lat": "-26.487895999999978",
        "facility_long": "147.97539600000005",
        "validated": null,
        "gnaf_building_name": null,
        "gnaf_address_detail_pid": null,
        "gnaf_formatted_address": null,
        "gnaf_confidence": null,
        "gnaf_postcode": null,
        "gnaf_suburb": null,
        "distance_to_gnaf": null,
        "gnaf_lat": null,
        "gnaf_long": null
      },
      "geometry": {
        "type": "Point",
        "coordinates": [
          147.97540268551086,
          -26.487882980302476
        ]
      }
    },
    {
      "type": "Feature",
      "properties": {
        "objectid": 1031,
        "featuretype": "EMERGENCY FACILITY",
        "descripton": "An emergency management facility from which a particular agency\u2019s resources are commanded, coordinated and assigned to an incident or emergency",
        "class": "AMBULANCE STATION",
        "facility_name": "ST PAULS FIRST RESPONDER",
        "facility_operationalstatus": "OPERATIONAL",
        "facility_address": null,
        "abs_suburb": "MOA ISLAND",
        "facility_state": "QUEENSLAND",
        "abs_postcode": "4875",
        "facility_attribute_source": "HTTP://DATA.QLD.GOV.AU",
        "facility_attribute_date": null,
        "facility_source": "HTTP://DATA.QLD.GOV.AU",
        "facility_date": null,
        "facility_spatial_confidence": null,
        "facility_revised": "2018-07-04T00:00:00Z",
        "comment_": "NO GNAF POINT",
        "facility_lat": "-10.185862999999927",
        "facility_long": "142.33292300000005",
        "validated": null,
        "gnaf_building_name": null,
        "gnaf_address_detail_pid": null,
        "gnaf_formatted_address": null,
        "gnaf_confidence": null,
        "gnaf_postcode": null,
        "gnaf_suburb": null,
        "distance_to_gnaf": null,
        "gnaf_lat": null,
        "gnaf_long": null
      },
      "geometry": {
        "type": "Point",
        "coordinates": [
          142.3329313150894,
          -10.185849460144405
        ]
      }
    },
    {
      "type": "Feature",
      "properties": {
        "objectid": 1032,
        "featuretype": "EMERGENCY FACILITY",
        "descripton": "An emergency management facility from which a particular agency\u2019s resources are commanded, coordinated and assigned to an incident or emergency",
        "class": "AMBULANCE STATION",
        "facility_name": "MORETON ISLAND (TANGALOOMA)",
        "facility_operationalstatus": "OPERATIONAL",
        "facility_address": null,
        "abs_suburb": "MORETON ISLAND",
        "facility_state": "QUEENSLAND",
        "abs_postcode": "4025",
        "facility_attribute_source": "HTTP://DATA.QLD.GOV.AU",
        "facility_attribute_date": null,
        "facility_source": "HTTP://DATA.QLD.GOV.AU",
        "facility_date": null,
        "facility_spatial_confidence": null,
        "facility_revised": "2018-07-04T00:00:00Z",
        "comment_": "NO GNAF POINT",
        "facility_lat": "-27.175399999999968",
        "facility_long": "153.37480500000004",
        "validated": null,
        "gnaf_building_name": null,
        "gnaf_address_detail_pid": null,
        "gnaf_formatted_address": null,
        "gnaf_confidence": null,
        "gnaf_postcode": null,
        "gnaf_suburb": null,
        "distance_to_gnaf": null,
        "gnaf_lat": null,
        "gnaf_long": null
      },
      "geometry": {
        "type": "Point",
        "coordinates": [
          153.37481103429684,
          -27.175387477202953
        ]
      }
    },
    {
      "type": "Feature",
      "properties": {
        "objectid": 1033,
        "featuretype": "EMERGENCY FACILITY",
        "descripton": "An emergency management facility from which a particular agency\u2019s resources are commanded, coordinated and assigned to an incident or emergency",
        "class": "AMBULANCE STATION",
        "facility_name": "KOORINGAL FIRST RESPONDER",
        "facility_operationalstatus": "OPERATIONAL",
        "facility_address": null,
        "abs_suburb": "MORETON ISLAND",
        "facility_state": "QUEENSLAND",
        "abs_postcode": "4025",
        "facility_attribute_source": "HTTP://DATA.QLD.GOV.AU",
        "facility_attribute_date": null,
        "facility_source": "HTTP://DATA.QLD.GOV.AU",
        "facility_date": null,
        "facility_spatial_confidence": null,
        "facility_revised": "2018-07-04T00:00:00Z",
        "comment_": "NO GNAF POINT",
        "facility_lat": "-27.355369999999937",
        "facility_long": "153.41924600000004",
        "validated": null,
        "gnaf_building_name": null,
        "gnaf_address_detail_pid": null,
        "gnaf_formatted_address": null,
        "gnaf_confidence": null,
        "gnaf_postcode": null,
        "gnaf_suburb": null,
        "distance_to_gnaf": null,
        "gnaf_lat": null,
        "gnaf_long": null
      },
      "geometry": {
        "type": "Point",
        "coordinates": [
          153.4192520066387,
          -27.355357483153842
        ]
      }
    },
    {
      "type": "Feature",
      "properties": {
        "objectid": 1051,
        "featuretype": "EMERGENCY FACILITY",
        "descripton": "An emergency management facility from which a particular agency\u2019s resources are commanded, coordinated and assigned to an incident or emergency",
        "class": "AMBULANCE STATION",
        "facility_name": "MOUNT MORGAN",
        "facility_operationalstatus": "OPERATIONAL",
        "facility_address": null,
        "abs_suburb": "MOUNT MORGAN",
        "facility_state": "QUEENSLAND",
        "abs_postcode": "4714",
        "facility_attribute_source": "HTTP://DATA.QLD.GOV.AU",
        "facility_attribute_date": null,
        "facility_source": "HTTP://DATA.QLD.GOV.AU",
        "facility_date": null,
        "facility_spatial_confidence": null,
        "facility_revised": "2018-07-04T00:00:00Z",
        "comment_": "NO GNAF POINT",
        "facility_lat": "-23.644059999999968",
        "facility_long": "150.38646400000005",
        "validated": null,
        "gnaf_building_name": null,
        "gnaf_address_detail_pid": null,
        "gnaf_formatted_address": null,
        "gnaf_confidence": null,
        "gnaf_postcode": null,
        "gnaf_suburb": null,
        "distance_to_gnaf": null,
        "gnaf_lat": null,
        "gnaf_long": null
      },
      "geometry": {
        "type": "Point",
        "coordinates": [
          150.38647073861068,
          -23.644047162397356
        ]
      }
    },
    {
      "type": "Feature",
      "properties": {
        "objectid": 1052,
        "featuretype": "EMERGENCY FACILITY",
        "descripton": "An emergency management facility from which a particular agency\u2019s resources are commanded, coordinated and assigned to an incident or emergency",
        "class": "AMBULANCE STATION",
        "facility_name": "MOUNT SURPRISE FIRST RESPONDER",
        "facility_operationalstatus": "OPERATIONAL",
        "facility_address": null,
        "abs_suburb": "MOUNT SURPRISE",
        "facility_state": "QUEENSLAND",
        "abs_postcode": "4871",
        "facility_attribute_source": "HTTP://DATA.QLD.GOV.AU",
        "facility_attribute_date": null,
        "facility_source": "HTTP://DATA.QLD.GOV.AU",
        "facility_date": null,
        "facility_spatial_confidence": null,
        "facility_revised": "2018-07-04T00:00:00Z",
        "comment_": "NO GNAF POINT",
        "facility_lat": "-18.14726399999995",
        "facility_long": "144.31833200000005",
        "validated": null,
        "gnaf_building_name": null,
        "gnaf_address_detail_pid": null,
        "gnaf_formatted_address": null,
        "gnaf_confidence": null,
        "gnaf_postcode": null,
        "gnaf_suburb": null,
        "distance_to_gnaf": null,
        "gnaf_lat": null,
        "gnaf_long": null
      },
      "geometry": {
        "type": "Point",
        "coordinates": [
          144.3183397074986,
          -18.147250647525325
        ]
      }
    },
    {
      "type": "Feature",
      "properties": {
        "objectid": 1053,
        "featuretype": "EMERGENCY FACILITY",
        "descripton": "An emergency management facility from which a particular agency\u2019s resources are commanded, coordinated and assigned to an incident or emergency",
        "class": "AMBULANCE STATION",
        "facility_name": "TALWOOD FIRST RESPONDER",
        "facility_operationalstatus": "OPERATIONAL",
        "facility_address": null,
        "abs_suburb": "NORTH TALWOOD",
        "facility_state": "QUEENSLAND",
        "abs_postcode": "4496",
        "facility_attribute_source": "HTTP://DATA.QLD.GOV.AU",
        "facility_attribute_date": null,
        "facility_source": "HTTP://DATA.QLD.GOV.AU",
        "facility_date": null,
        "facility_spatial_confidence": null,
        "facility_revised": "2018-07-04T00:00:00Z",
        "comment_": "NO GNAF POINT",
        "facility_lat": "-28.486043999999936",
        "facility_long": "149.47219100000007",
        "validated": null,
        "gnaf_building_name": null,
        "gnaf_address_detail_pid": null,
        "gnaf_formatted_address": null,
        "gnaf_confidence": null,
        "gnaf_postcode": null,
        "gnaf_suburb": null,
        "distance_to_gnaf": null,
        "gnaf_lat": null,
        "gnaf_long": null
      },
      "geometry": {
        "type": "Point",
        "coordinates": [
          149.47219730992668,
          -28.48603112036677
        ]
      }
    },
    {
      "type": "Feature",
      "properties": {
        "objectid": 1054,
        "featuretype": "EMERGENCY FACILITY",
        "descripton": "An emergency management facility from which a particular agency\u2019s resources are commanded, coordinated and assigned to an incident or emergency",
        "class": "AMBULANCE STATION",
        "facility_name": "ROLLESTON FIRST RESPONDER",
        "facility_operationalstatus": "OPERATIONAL",
        "facility_address": null,
        "abs_suburb": "ROLLESTON",
        "facility_state": "QUEENSLAND",
        "abs_postcode": "4702",
        "facility_attribute_source": "HTTP://DATA.QLD.GOV.AU",
        "facility_attribute_date": null,
        "facility_source": "HTTP://DATA.QLD.GOV.AU",
        "facility_date": null,
        "facility_spatial_confidence": null,
        "facility_revised": "2018-07-04T00:00:00Z",
        "comment_": "NO GNAF POINT",
        "facility_lat": "-24.46378199999998",
        "facility_long": "148.62219900000002",
        "validated": null,
        "gnaf_building_name": null,
        "gnaf_address_detail_pid": null,
        "gnaf_formatted_address": null,
        "gnaf_confidence": null,
        "gnaf_postcode": null,
        "gnaf_suburb": null,
        "distance_to_gnaf": null,
        "gnaf_lat": null,
        "gnaf_long": null
      },
      "geometry": {
        "type": "Point",
        "coordinates": [
          148.62220581997582,
          -24.463769016893313
        ]
      }
    },
    {
      "type": "Feature",
      "properties": {
        "objectid": 1055,
        "featuretype": "EMERGENCY FACILITY",
        "descripton": "An emergency management facility from which a particular agency\u2019s resources are commanded, coordinated and assigned to an incident or emergency",
        "class": "AMBULANCE STATION",
        "facility_name": "AGNES WATER",
        "facility_operationalstatus": "OPERATIONAL",
        "facility_address": null,
        "abs_suburb": "ROUND HILL",
        "facility_state": "QUEENSLAND",
        "abs_postcode": "4677",
        "facility_attribute_source": "HTTP://DATA.QLD.GOV.AU",
        "facility_attribute_date": null,
        "facility_source": "HTTP://DATA.QLD.GOV.AU",
        "facility_date": null,
        "facility_spatial_confidence": null,
        "facility_revised": "2018-07-04T00:00:00Z",
        "comment_": "NO GNAF POINT",
        "facility_lat": "-24.24093199999993",
        "facility_long": "151.86422700000003",
        "validated": null,
        "gnaf_building_name": null,
        "gnaf_address_detail_pid": null,
        "gnaf_formatted_address": null,
        "gnaf_confidence": null,
        "gnaf_postcode": null,
        "gnaf_suburb": null,
        "distance_to_gnaf": null,
        "gnaf_lat": null,
        "gnaf_long": null
      },
      "geometry": {
        "type": "Point",
        "coordinates": [
          151.86423353725525,
          -24.2409193043679
        ]
      }
    },
    {
      "type": "Feature",
      "properties": {
        "objectid": 1066,
        "featuretype": "EMERGENCY FACILITY",
        "descripton": "An emergency management facility from which a particular agency\u2019s resources are commanded, coordinated and assigned to an incident or emergency",
        "class": "AMBULANCE STATION",
        "facility_name": "SOUTH JOHNSTONE",
        "facility_operationalstatus": "OPERATIONAL",
        "facility_address": null,
        "abs_suburb": "SOUTH JOHNSTONE",
        "facility_state": "QUEENSLAND",
        "abs_postcode": "4859",
        "facility_attribute_source": "HTTP://DATA.QLD.GOV.AU",
        "facility_attribute_date": null,
        "facility_source": "HTTP://DATA.QLD.GOV.AU",
        "facility_date": null,
        "facility_spatial_confidence": null,
        "facility_revised": "2018-07-04T00:00:00Z",
        "comment_": "NO GNAF POINT",
        "facility_lat": "-17.60231799999997",
        "facility_long": "145.99283000000003",
        "validated": null,
        "gnaf_building_name": null,
        "gnaf_address_detail_pid": null,
        "gnaf_formatted_address": null,
        "gnaf_confidence": null,
        "gnaf_postcode": null,
        "gnaf_suburb": null,
        "distance_to_gnaf": null,
        "gnaf_lat": null,
        "gnaf_long": null
      },
      "geometry": {
        "type": "Point",
        "coordinates": [
          145.99283763511045,
          -17.60230475701257
        ]
      }
    },
    {
      "type": "Feature",
      "properties": {
        "objectid": 1067,
        "featuretype": "EMERGENCY FACILITY",
        "descripton": "An emergency management facility from which a particular agency\u2019s resources are commanded, coordinated and assigned to an incident or emergency",
        "class": "AMBULANCE STATION",
        "facility_name": "MACKAY HELICOPTER",
        "facility_operationalstatus": "OPERATIONAL",
        "facility_address": null,
        "abs_suburb": "SOUTH MACKAY",
        "facility_state": "QUEENSLAND",
        "abs_postcode": "4740",
        "facility_attribute_source": "HTTP://DATA.QLD.GOV.AU",
        "facility_attribute_date": null,
        "facility_source": "HTTP://DATA.QLD.GOV.AU",
        "facility_date": null,
        "facility_spatial_confidence": null,
        "facility_revised": "2018-07-04T00:00:00Z",
        "comment_": "NO GNAF POINT",
        "facility_lat": "-21.176232999999968",
        "facility_long": "149.1814770000001",
        "validated": null,
        "gnaf_building_name": null,
        "gnaf_address_detail_pid": null,
        "gnaf_formatted_address": null,
        "gnaf_confidence": null,
        "gnaf_postcode": null,
        "gnaf_suburb": null,
        "distance_to_gnaf": null,
        "gnaf_lat": null,
        "gnaf_long": null
      },
      "geometry": {
        "type": "Point",
        "coordinates": [
          149.18148409120946,
          -21.17622003668895
        ]
      }
    },
    {
      "type": "Feature",
      "properties": {
        "objectid": 1068,
        "featuretype": "EMERGENCY FACILITY",
        "descripton": "An emergency management facility from which a particular agency\u2019s resources are commanded, coordinated and assigned to an incident or emergency",
        "class": "AMBULANCE STATION",
        "facility_name": "VMR SOUTHPORT",
        "facility_operationalstatus": "OPERATIONAL",
        "facility_address": null,
        "abs_suburb": "SOUTHPORT",
        "facility_state": "QUEENSLAND",
        "abs_postcode": "4215",
        "facility_attribute_source": "HTTP://DATA.QLD.GOV.AU",
        "facility_attribute_date": null,
        "facility_source": "HTTP://DATA.QLD.GOV.AU",
        "facility_date": null,
        "facility_spatial_confidence": null,
        "facility_revised": "2018-07-04T00:00:00Z",
        "comment_": "NO GNAF POINT",
        "facility_lat": "-27.96747899999997",
        "facility_long": "153.41419600000006",
        "validated": null,
        "gnaf_building_name": null,
        "gnaf_address_detail_pid": null,
        "gnaf_formatted_address": null,
        "gnaf_confidence": null,
        "gnaf_postcode": null,
        "gnaf_suburb": null,
        "distance_to_gnaf": null,
        "gnaf_lat": null,
        "gnaf_long": null
      },
      "geometry": {
        "type": "Point",
        "coordinates": [
          153.41420192849054,
          -27.967466487458832
        ]
      }
    },
    {
      "type": "Feature",
      "properties": {
        "objectid": 1069,
        "featuretype": "EMERGENCY FACILITY",
        "descripton": "An emergency management facility from which a particular agency\u2019s resources are commanded, coordinated and assigned to an incident or emergency",
        "class": "AMBULANCE STATION",
        "facility_name": "ST GEORGE",
        "facility_operationalstatus": "OPERATIONAL",
        "facility_address": null,
        "abs_suburb": "ST GEORGE",
        "facility_state": "QUEENSLAND",
        "abs_postcode": "4487",
        "facility_attribute_source": "HTTP://DATA.QLD.GOV.AU",
        "facility_attribute_date": null,
        "facility_source": "HTTP://DATA.QLD.GOV.AU",
        "facility_date": null,
        "facility_spatial_confidence": null,
        "facility_revised": "2018-07-04T00:00:00Z",
        "comment_": "NO GNAF POINT",
        "facility_lat": "-28.03371199999998",
        "facility_long": "148.5860520000001",
        "validated": null,
        "gnaf_building_name": null,
        "gnaf_address_detail_pid": null,
        "gnaf_formatted_address": null,
        "gnaf_confidence": null,
        "gnaf_postcode": null,
        "gnaf_suburb": null,
        "distance_to_gnaf": null,
        "gnaf_lat": null,
        "gnaf_long": null
      },
      "geometry": {
        "type": "Point",
        "coordinates": [
          148.58605846046203,
          -28.033699042016853
        ]
      }
    },
    {
      "type": "Feature",
      "properties": {
        "objectid": 1070,
        "featuretype": "EMERGENCY FACILITY",
        "descripton": "An emergency management facility from which a particular agency\u2019s resources are commanded, coordinated and assigned to an incident or emergency",
        "class": "AMBULANCE STATION",
        "facility_name": "TEXAS",
        "facility_operationalstatus": "OPERATIONAL",
        "facility_address": null,
        "abs_suburb": "TEXAS",
        "facility_state": "QUEENSLAND",
        "abs_postcode": "4385",
        "facility_attribute_source": "HTTP://DATA.QLD.GOV.AU",
        "facility_attribute_date": null,
        "facility_source": "HTTP://DATA.QLD.GOV.AU",
        "facility_date": null,
        "facility_spatial_confidence": null,
        "facility_revised": "2018-07-04T00:00:00Z",
        "comment_": "NO GNAF POINT",
        "facility_lat": "-28.857514999999978",
        "facility_long": "151.1784490000001",
        "validated": null,
        "gnaf_building_name": null,
        "gnaf_address_detail_pid": null,
        "gnaf_formatted_address": null,
        "gnaf_confidence": null,
        "gnaf_postcode": null,
        "gnaf_suburb": null,
        "distance_to_gnaf": null,
        "gnaf_lat": null,
        "gnaf_long": null
      },
      "geometry": {
        "type": "Point",
        "coordinates": [
          151.1784550694186,
          -28.857502276298888
        ]
      }
    },
    {
      "type": "Feature",
      "properties": {
        "objectid": 1083,
        "featuretype": "EMERGENCY FACILITY",
        "descripton": "An emergency management facility from which a particular agency\u2019s resources are commanded, coordinated and assigned to an incident or emergency",
        "class": "AMBULANCE STATION",
        "facility_name": "TULLY",
        "facility_operationalstatus": "OPERATIONAL",
        "facility_address": null,
        "abs_suburb": "TULLY",
        "facility_state": "QUEENSLAND",
        "abs_postcode": "4854",
        "facility_attribute_source": "HTTP://DATA.QLD.GOV.AU",
        "facility_attribute_date": null,
        "facility_source": "HTTP://DATA.QLD.GOV.AU",
        "facility_date": null,
        "facility_spatial_confidence": null,
        "facility_revised": "2018-07-04T00:00:00Z",
        "comment_": null,
        "facility_lat": "-17.933681999999976",
        "facility_long": "145.92216700000006",
        "validated": null,
        "gnaf_building_name": null,
        "gnaf_address_detail_pid": "GAQLD155914225",
        "gnaf_formatted_address": "15 WATKINS STREET",
        "gnaf_confidence": "2",
        "gnaf_postcode": "4854",
        "gnaf_suburb": "TULLY",
        "distance_to_gnaf": 14,
        "gnaf_lat": "-17.93372366999995",
        "gnaf_long": "145.92204103000006"
      },
      "geometry": {
        "type": "Point",
        "coordinates": [
          145.92217461402268,
          -17.933668754774846
        ]
      }
    },
    {
      "type": "Feature",
      "properties": {
        "objectid": 1088,
        "featuretype": "EMERGENCY FACILITY",
        "descripton": "An emergency management facility from which a particular agency\u2019s resources are commanded, coordinated and assigned to an incident or emergency",
        "class": "AMBULANCE STATION",
        "facility_name": "MORNINGTON ISLAND",
        "facility_operationalstatus": "OPERATIONAL",
        "facility_address": null,
        "abs_suburb": "WELLESLEY ISLANDS",
        "facility_state": "QUEENSLAND",
        "abs_postcode": "4892",
        "facility_attribute_source": "HTTP://DATA.QLD.GOV.AU",
        "facility_attribute_date": null,
        "facility_source": "HTTP://DATA.QLD.GOV.AU",
        "facility_date": null,
        "facility_spatial_confidence": null,
        "facility_revised": "2018-07-04T00:00:00Z",
        "comment_": "NO GNAF POINT",
        "facility_lat": "-16.66588299999995",
        "facility_long": "139.1778650000001",
        "validated": null,
        "gnaf_building_name": null,
        "gnaf_address_detail_pid": null,
        "gnaf_formatted_address": null,
        "gnaf_confidence": null,
        "gnaf_postcode": null,
        "gnaf_suburb": null,
        "distance_to_gnaf": null,
        "gnaf_lat": null,
        "gnaf_long": null
      },
      "geometry": {
        "type": "Point",
        "coordinates": [
          139.17787313655924,
          -16.665869358760506
        ]
      }
    },
    {
      "type": "Feature",
      "properties": {
        "objectid": 1089,
        "featuretype": "EMERGENCY FACILITY",
        "descripton": "An emergency management facility from which a particular agency\u2019s resources are commanded, coordinated and assigned to an incident or emergency",
        "class": "AMBULANCE STATION",
        "facility_name": "ROCKHAMPTON HELICOPTER",
        "facility_operationalstatus": "OPERATIONAL",
        "facility_address": null,
        "abs_suburb": "WEST ROCKHAMPTON",
        "facility_state": "QUEENSLAND",
        "abs_postcode": "4700",
        "facility_attribute_source": "HTTP://DATA.QLD.GOV.AU",
        "facility_attribute_date": null,
        "facility_source": "HTTP://DATA.QLD.GOV.AU",
        "facility_date": null,
        "facility_spatial_confidence": null,
        "facility_revised": "2018-07-04T00:00:00Z",
        "comment_": "NO GNAF POINT",
        "facility_lat": "-23.378048999999976",
        "facility_long": "150.47863100000006",
        "validated": null,
        "gnaf_building_name": null,
        "gnaf_address_detail_pid": null,
        "gnaf_formatted_address": null,
        "gnaf_confidence": null,
        "gnaf_postcode": null,
        "gnaf_suburb": null,
        "distance_to_gnaf": null,
        "gnaf_lat": null,
        "gnaf_long": null
      },
      "geometry": {
        "type": "Point",
        "coordinates": [
          150.47863775842285,
          -23.37803616850095
        ]
      }
    },
    {
      "type": "Feature",
      "properties": {
        "objectid": 1090,
        "featuretype": "EMERGENCY FACILITY",
        "descripton": "An emergency management facility from which a particular agency\u2019s resources are commanded, coordinated and assigned to an incident or emergency",
        "class": "AMBULANCE STATION",
        "facility_name": "HAMILTON ISLAND",
        "facility_operationalstatus": "OPERATIONAL",
        "facility_address": null,
        "abs_suburb": "WHITSUNDAYS",
        "facility_state": "QUEENSLAND",
        "abs_postcode": "4803",
        "facility_attribute_source": "HTTP://DATA.QLD.GOV.AU",
        "facility_attribute_date": null,
        "facility_source": "HTTP://DATA.QLD.GOV.AU",
        "facility_date": null,
        "facility_spatial_confidence": null,
        "facility_revised": "2018-07-04T00:00:00Z",
        "comment_": "NO GNAF POINT",
        "facility_lat": "-20.350199999999973",
        "facility_long": "148.95010000000002",
        "validated": null,
        "gnaf_building_name": null,
        "gnaf_address_detail_pid": null,
        "gnaf_formatted_address": null,
        "gnaf_confidence": null,
        "gnaf_postcode": null,
        "gnaf_suburb": null,
        "distance_to_gnaf": null,
        "gnaf_lat": null,
        "gnaf_long": null
      },
      "geometry": {
        "type": "Point",
        "coordinates": [
          148.95010718813626,
          -20.350187010220154
        ]
      }
    },
    {
      "type": "Feature",
      "properties": {
        "objectid": 1091,
        "featuretype": "EMERGENCY FACILITY",
        "descripton": "An emergency management facility from which a particular agency\u2019s resources are commanded, coordinated and assigned to an incident or emergency",
        "class": "AMBULANCE STATION",
        "facility_name": "TOOWOOMBA HELICOPTER",
        "facility_operationalstatus": "OPERATIONAL",
        "facility_address": null,
        "abs_suburb": "WILSONTON",
        "facility_state": "QUEENSLAND",
        "abs_postcode": "4350",
        "facility_attribute_source": "HTTP://DATA.QLD.GOV.AU",
        "facility_attribute_date": null,
        "facility_source": "HTTP://DATA.QLD.GOV.AU",
        "facility_date": null,
        "facility_spatial_confidence": null,
        "facility_revised": "2018-07-04T00:00:00Z",
        "comment_": "NO GNAF POINT",
        "facility_lat": "-27.543626999999958",
        "facility_long": "151.91034100000002",
        "validated": null,
        "gnaf_building_name": null,
        "gnaf_address_detail_pid": null,
        "gnaf_formatted_address": null,
        "gnaf_confidence": null,
        "gnaf_postcode": null,
        "gnaf_suburb": null,
        "distance_to_gnaf": null,
        "gnaf_lat": null,
        "gnaf_long": null
      },
      "geometry": {
        "type": "Point",
        "coordinates": [
          151.9103471455002,
          -27.543614335312107
        ]
      }
    },
    {
      "type": "Feature",
      "properties": {
        "objectid": 1092,
        "featuretype": "EMERGENCY FACILITY",
        "descripton": "An emergency management facility from which a particular agency\u2019s resources are commanded, coordinated and assigned to an incident or emergency",
        "class": "AMBULANCE STATION",
        "facility_name": "WOORABINDA",
        "facility_operationalstatus": "OPERATIONAL",
        "facility_address": null,
        "abs_suburb": "WOORABINDA",
        "facility_state": "QUEENSLAND",
        "abs_postcode": "4713",
        "facility_attribute_source": "HTTP://DATA.QLD.GOV.AU",
        "facility_attribute_date": null,
        "facility_source": "HTTP://DATA.QLD.GOV.AU",
        "facility_date": null,
        "facility_spatial_confidence": null,
        "facility_revised": "2018-07-04T00:00:00Z",
        "comment_": "NO GNAF POINT",
        "facility_lat": "-24.130458999999973",
        "facility_long": "149.45547900000008",
        "validated": null,
        "gnaf_building_name": null,
        "gnaf_address_detail_pid": null,
        "gnaf_formatted_address": null,
        "gnaf_confidence": null,
        "gnaf_postcode": null,
        "gnaf_suburb": null,
        "distance_to_gnaf": null,
        "gnaf_lat": null,
        "gnaf_long": null
      },
      "geometry": {
        "type": "Point",
        "coordinates": [
          149.4554857741824,
          -24.130446084511814
        ]
      }
    },
    {
      "type": "Feature",
      "properties": {
        "objectid": 1093,
        "featuretype": "EMERGENCY FACILITY",
        "descripton": "An emergency management facility from which a particular agency\u2019s resources are commanded, coordinated and assigned to an incident or emergency",
        "class": "AMBULANCE STATION",
        "facility_name": "TURKEY BEACH FIRST RESPONDER",
        "facility_operationalstatus": "OPERATIONAL",
        "facility_address": null,
        "abs_suburb": "TURKEY BEACH",
        "facility_state": "QUEENSLAND",
        "abs_postcode": "4678",
        "facility_attribute_source": "HTTP://DATA.QLD.GOV.AU",
        "facility_attribute_date": null,
        "facility_source": "HTTP://DATA.QLD.GOV.AU",
        "facility_date": null,
        "facility_spatial_confidence": null,
        "facility_revised": "2018-07-04T00:00:00Z",
        "comment_": null,
        "facility_lat": "-24.076176999999973",
        "facility_long": "151.6522480000001",
        "validated": null,
        "gnaf_building_name": null,
        "gnaf_address_detail_pid": "GAQLD158781392",
        "gnaf_formatted_address": "17 HANCOCK STREET",
        "gnaf_confidence": "2",
        "gnaf_postcode": "4678",
        "gnaf_suburb": "TURKEY BEACH",
        "distance_to_gnaf": 4,
        "gnaf_lat": "-24.076212389999966",
        "gnaf_long": "151.65224203000002"
      },
      "geometry": {
        "type": "Point",
        "coordinates": [
          151.65225457549764,
          -24.076164282816876
        ]
      }
    },
    {
      "type": "Feature",
      "properties": {
        "objectid": 1094,
        "featuretype": "EMERGENCY FACILITY",
        "descripton": "An emergency management facility from which a particular agency\u2019s resources are commanded, coordinated and assigned to an incident or emergency",
        "class": "AMBULANCE STATION",
        "facility_name": "MOUNT GRAVATT",
        "facility_operationalstatus": "OPERATIONAL",
        "facility_address": null,
        "abs_suburb": "UPPER MOUNT GRAVATT",
        "facility_state": "QUEENSLAND",
        "abs_postcode": "4122",
        "facility_attribute_source": "HTTP://DATA.QLD.GOV.AU",
        "facility_attribute_date": null,
        "facility_source": "HTTP://DATA.QLD.GOV.AU",
        "facility_date": null,
        "facility_spatial_confidence": null,
        "facility_revised": "2018-07-04T00:00:00Z",
        "comment_": null,
        "facility_lat": "-27.545847999999978",
        "facility_long": "153.08205700000008",
        "validated": null,
        "gnaf_building_name": null,
        "gnaf_address_detail_pid": "GAQLD162921721",
        "gnaf_formatted_address": "3 WISHART ROAD",
        "gnaf_confidence": "0",
        "gnaf_postcode": "4122",
        "gnaf_suburb": "UPPER MOUNT GRAVATT",
        "distance_to_gnaf": 16,
        "gnaf_lat": "-27.545989519999978",
        "gnaf_long": "153.08204344000012"
      },
      "geometry": {
        "type": "Point",
        "coordinates": [
          153.082063018481,
          -27.545835450512257
        ]
      }
    },
    {
      "type": "Feature",
      "properties": {
        "objectid": 1095,
        "featuretype": "EMERGENCY FACILITY",
        "descripton": "An emergency management facility from which a particular agency\u2019s resources are commanded, coordinated and assigned to an incident or emergency",
        "class": "AMBULANCE STATION",
        "facility_name": "WANDOAN",
        "facility_operationalstatus": "OPERATIONAL",
        "facility_address": null,
        "abs_suburb": "WANDOAN",
        "facility_state": "QUEENSLAND",
        "abs_postcode": "4419",
        "facility_attribute_source": "HTTP://DATA.QLD.GOV.AU",
        "facility_attribute_date": null,
        "facility_source": "HTTP://DATA.QLD.GOV.AU",
        "facility_date": null,
        "facility_spatial_confidence": null,
        "facility_revised": "2018-07-04T00:00:00Z",
        "comment_": null,
        "facility_lat": "-26.121843999999953",
        "facility_long": "149.9593450000001",
        "validated": null,
        "gnaf_building_name": null,
        "gnaf_address_detail_pid": "GAQLD158827058",
        "gnaf_formatted_address": "9 JERRARD STREET",
        "gnaf_confidence": "2",
        "gnaf_postcode": "4419",
        "gnaf_suburb": "WANDOAN",
        "distance_to_gnaf": 7,
        "gnaf_lat": "-26.12187119999993",
        "gnaf_long": "149.95940413000005"
      },
      "geometry": {
        "type": "Point",
        "coordinates": [
          149.95935151509585,
          -26.12183114441483
        ]
      }
    },
    {
      "type": "Feature",
      "properties": {
        "objectid": 1096,
        "featuretype": "EMERGENCY FACILITY",
        "descripton": "An emergency management facility from which a particular agency\u2019s resources are commanded, coordinated and assigned to an incident or emergency",
        "class": "AMBULANCE STATION",
        "facility_name": "WARWICK",
        "facility_operationalstatus": "OPERATIONAL",
        "facility_address": null,
        "abs_suburb": "WARWICK",
        "facility_state": "QUEENSLAND",
        "abs_postcode": "4370",
        "facility_attribute_source": "HTTP://DATA.QLD.GOV.AU",
        "facility_attribute_date": null,
        "facility_source": "HTTP://DATA.QLD.GOV.AU",
        "facility_date": null,
        "facility_spatial_confidence": null,
        "facility_revised": "2018-07-04T00:00:00Z",
        "comment_": null,
        "facility_lat": "-28.21819899999997",
        "facility_long": "152.03390000000002",
        "validated": null,
        "gnaf_building_name": null,
        "gnaf_address_detail_pid": "GAQLD157266912",
        "gnaf_formatted_address": "10 STEWART AVENUE",
        "gnaf_confidence": "1",
        "gnaf_postcode": "4370",
        "gnaf_suburb": "WARWICK",
        "distance_to_gnaf": 6,
        "gnaf_lat": "-28.218146329999968",
        "gnaf_long": "152.03389385000003"
      },
      "geometry": {
        "type": "Point",
        "coordinates": [
          152.03390604963712,
          -28.218186352472618
        ]
      }
    },
    {
      "type": "Feature",
      "properties": {
        "objectid": 1097,
        "featuretype": "EMERGENCY FACILITY",
        "descripton": "An emergency management facility from which a particular agency\u2019s resources are commanded, coordinated and assigned to an incident or emergency",
        "class": "AMBULANCE STATION",
        "facility_name": "WINDORAH",
        "facility_operationalstatus": "OPERATIONAL",
        "facility_address": null,
        "abs_suburb": "WINDORAH",
        "facility_state": "QUEENSLAND",
        "abs_postcode": "4481",
        "facility_attribute_source": "HTTP://DATA.QLD.GOV.AU",
        "facility_attribute_date": null,
        "facility_source": "HTTP://DATA.QLD.GOV.AU",
        "facility_date": null,
        "facility_spatial_confidence": null,
        "facility_revised": "2018-07-04T00:00:00Z",
        "comment_": null,
        "facility_lat": "-25.41962899999993",
        "facility_long": "142.65404100000012",
        "validated": null,
        "gnaf_building_name": null,
        "gnaf_address_detail_pid": "GAQLD162367398",
        "gnaf_formatted_address": "5 VICTORIA STREET",
        "gnaf_confidence": "1",
        "gnaf_postcode": "4481",
        "gnaf_suburb": "WINDORAH",
        "distance_to_gnaf": 9,
        "gnaf_lat": "-25.41955176999994",
        "gnaf_long": "142.65406121"
      },
      "geometry": {
        "type": "Point",
        "coordinates": [
          142.65404833904034,
          -25.41961560371319
        ]
      }
    },
    {
      "type": "Feature",
      "properties": {
        "objectid": 1098,
        "featuretype": "EMERGENCY FACILITY",
        "descripton": "An emergency management facility from which a particular agency\u2019s resources are commanded, coordinated and assigned to an incident or emergency",
        "class": "AMBULANCE STATION",
        "facility_name": "WINTON",
        "facility_operationalstatus": "OPERATIONAL",
        "facility_address": null,
        "abs_suburb": "WINTON",
        "facility_state": "QUEENSLAND",
        "abs_postcode": "4735",
        "facility_attribute_source": "HTTP://DATA.QLD.GOV.AU",
        "facility_attribute_date": null,
        "facility_source": "HTTP://DATA.QLD.GOV.AU",
        "facility_date": null,
        "facility_spatial_confidence": null,
        "facility_revised": "2018-07-04T00:00:00Z",
        "comment_": null,
        "facility_lat": "-22.385903999999982",
        "facility_long": "143.03772400000003",
        "validated": null,
        "gnaf_building_name": null,
        "gnaf_address_detail_pid": "GAQLD157322457",
        "gnaf_formatted_address": "78 CORK STREET",
        "gnaf_confidence": "2",
        "gnaf_postcode": "4735",
        "gnaf_suburb": "WINTON",
        "distance_to_gnaf": 23,
        "gnaf_lat": "-22.38610504999997",
        "gnaf_long": "143.03769359000012"
      },
      "geometry": {
        "type": "Point",
        "coordinates": [
          143.03773151312444,
          -22.385890602594348
        ]
      }
    },
    {
      "type": "Feature",
      "properties": {
        "objectid": 1099,
        "featuretype": "EMERGENCY FACILITY",
        "descripton": "An emergency management facility from which a particular agency\u2019s resources are commanded, coordinated and assigned to an incident or emergency",
        "class": "AMBULANCE STATION",
        "facility_name": "MISSION BEACH",
        "facility_operationalstatus": "OPERATIONAL",
        "facility_address": null,
        "abs_suburb": "WONGALING BEACH",
        "facility_state": "QUEENSLAND",
        "abs_postcode": "4852",
        "facility_attribute_source": "HTTP://DATA.QLD.GOV.AU",
        "facility_attribute_date": null,
        "facility_source": "HTTP://DATA.QLD.GOV.AU",
        "facility_date": null,
        "facility_spatial_confidence": null,
        "facility_revised": "2018-07-04T00:00:00Z",
        "comment_": null,
        "facility_lat": "-17.904980999999964",
        "facility_long": "146.09257100000002",
        "validated": null,
        "gnaf_building_name": null,
        "gnaf_address_detail_pid": "GAQLD161721126",
        "gnaf_formatted_address": "6 WEBB ROAD",
        "gnaf_confidence": "1",
        "gnaf_postcode": "4852",
        "gnaf_suburb": "WONGALING BEACH",
        "distance_to_gnaf": 7,
        "gnaf_lat": "-17.90491825999993",
        "gnaf_long": "146.0925570500001"
      },
      "geometry": {
        "type": "Point",
        "coordinates": [
          146.09257860481208,
          -17.90496776674373
        ]
      }
    },
    {
      "type": "Feature",
      "properties": {
        "objectid": 1101,
        "featuretype": "EMERGENCY FACILITY",
        "descripton": "An emergency management facility from which a particular agency\u2019s resources are commanded, coordinated and assigned to an incident or emergency",
        "class": "AMBULANCE STATION",
        "facility_name": "WOWAN",
        "facility_operationalstatus": "OPERATIONAL",
        "facility_address": null,
        "abs_suburb": "WOWAN",
        "facility_state": "QUEENSLAND",
        "abs_postcode": "4702",
        "facility_attribute_source": "HTTP://DATA.QLD.GOV.AU",
        "facility_attribute_date": null,
        "facility_source": "HTTP://DATA.QLD.GOV.AU",
        "facility_date": null,
        "facility_spatial_confidence": null,
        "facility_revised": "2018-07-04T00:00:00Z",
        "comment_": "NO GNAF POINT",
        "facility_lat": "-23.905748999999958",
        "facility_long": "150.19699300000002",
        "validated": null,
        "gnaf_building_name": null,
        "gnaf_address_detail_pid": null,
        "gnaf_formatted_address": null,
        "gnaf_confidence": null,
        "gnaf_postcode": null,
        "gnaf_suburb": null,
        "distance_to_gnaf": null,
        "gnaf_lat": null,
        "gnaf_long": null
      },
      "geometry": {
        "type": "Point",
        "coordinates": [
          150.1969997283652,
          -23.90573614760083
        ]
      }
    },
    {
      "type": "Feature",
      "properties": {
        "objectid": 1102,
        "featuretype": "EMERGENCY FACILITY",
        "descripton": "An emergency management facility from which a particular agency\u2019s resources are commanded, coordinated and assigned to an incident or emergency",
        "class": "AMBULANCE STATION",
        "facility_name": "YARRABAH",
        "facility_operationalstatus": "OPERATIONAL",
        "facility_address": null,
        "abs_suburb": "YARRABAH",
        "facility_state": "QUEENSLAND",
        "abs_postcode": "4871",
        "facility_attribute_source": "HTTP://DATA.QLD.GOV.AU",
        "facility_attribute_date": null,
        "facility_source": "HTTP://DATA.QLD.GOV.AU",
        "facility_date": null,
        "facility_spatial_confidence": null,
        "facility_revised": "2018-07-04T00:00:00Z",
        "comment_": "NO GNAF POINT",
        "facility_lat": "-16.907490999999936",
        "facility_long": "145.8652350000001",
        "validated": null,
        "gnaf_building_name": null,
        "gnaf_address_detail_pid": null,
        "gnaf_formatted_address": null,
        "gnaf_confidence": null,
        "gnaf_postcode": null,
        "gnaf_suburb": null,
        "distance_to_gnaf": null,
        "gnaf_lat": null,
        "gnaf_long": null
      },
      "geometry": {
        "type": "Point",
        "coordinates": [
          145.86524269697378,
          -16.907477741997614
        ]
      }
    },
    {
      "type": "Feature",
      "properties": {
        "objectid": 1103,
        "featuretype": "EMERGENCY FACILITY",
        "descripton": "An emergency management facility from which a particular agency\u2019s resources are commanded, coordinated and assigned to an incident or emergency",
        "class": "AMBULANCE STATION",
        "facility_name": "YARRAMAN",
        "facility_operationalstatus": "OPERATIONAL",
        "facility_address": null,
        "abs_suburb": "YARRAMAN",
        "facility_state": "QUEENSLAND",
        "abs_postcode": "4614",
        "facility_attribute_source": "HTTP://DATA.QLD.GOV.AU",
        "facility_attribute_date": null,
        "facility_source": "HTTP://DATA.QLD.GOV.AU",
        "facility_date": null,
        "facility_spatial_confidence": null,
        "facility_revised": "2018-07-04T00:00:00Z",
        "comment_": "NO GNAF POINT",
        "facility_lat": "-26.841602999999964",
        "facility_long": "151.98286700000006",
        "validated": null,
        "gnaf_building_name": null,
        "gnaf_address_detail_pid": null,
        "gnaf_formatted_address": null,
        "gnaf_confidence": null,
        "gnaf_postcode": null,
        "gnaf_suburb": null,
        "distance_to_gnaf": null,
        "gnaf_lat": null,
        "gnaf_long": null
      },
      "geometry": {
        "type": "Point",
        "coordinates": [
          151.98287322213835,
          -26.841590336745018
        ]
      }
    },
    {
      "type": "Feature",
      "properties": {
        "objectid": 1133,
        "featuretype": "EMERGENCY FACILITY",
        "descripton": "An emergency management facility from which a particular agency\u2019s resources are commanded, coordinated and assigned to an incident or emergency",
        "class": "AMBULANCE STATION",
        "facility_name": "WOODFORD",
        "facility_operationalstatus": "OPERATIONAL",
        "facility_address": null,
        "abs_suburb": "WOODFORD",
        "facility_state": "QUEENSLAND",
        "abs_postcode": "4514",
        "facility_attribute_source": "HTTP://DATA.QLD.GOV.AU",
        "facility_attribute_date": null,
        "facility_source": "HTTP://DATA.QLD.GOV.AU",
        "facility_date": null,
        "facility_spatial_confidence": null,
        "facility_revised": "2018-07-04T00:00:00Z",
        "comment_": null,
        "facility_lat": "-26.96337699999998",
        "facility_long": "152.78063600000007",
        "validated": null,
        "gnaf_building_name": "WOODFORD AMBULANCE STATION",
        "gnaf_address_detail_pid": "GAQLD161433405",
        "gnaf_formatted_address": "2366-2370 DAGUILAR HIGHWAY",
        "gnaf_confidence": "0",
        "gnaf_postcode": "4514",
        "gnaf_suburb": "WOODFORD",
        "distance_to_gnaf": 27,
        "gnaf_lat": "-26.96345395999998",
        "gnaf_long": "152.78037468000002"
      },
      "geometry": {
        "type": "Point",
        "coordinates": [
          152.78064212346487,
          -26.96336441576082
        ]
      }
    },
    {
      "type": "Feature",
      "properties": {
        "objectid": 1142,
        "featuretype": "EMERGENCY FACILITY",
        "descripton": "An emergency management facility from which a particular agency\u2019s resources are commanded, coordinated and assigned to an incident or emergency",
        "class": "AMBULANCE STATION",
        "facility_name": "WOODGATE FIRST RESPONDER",
        "facility_operationalstatus": "OPERATIONAL",
        "facility_address": null,
        "abs_suburb": "WOODGATE",
        "facility_state": "QUEENSLAND",
        "abs_postcode": "4660",
        "facility_attribute_source": "HTTP://DATA.QLD.GOV.AU",
        "facility_attribute_date": null,
        "facility_source": "HTTP://DATA.QLD.GOV.AU",
        "facility_date": null,
        "facility_spatial_confidence": null,
        "facility_revised": "2018-07-04T00:00:00Z",
        "comment_": null,
        "facility_lat": "-25.119622999999933",
        "facility_long": "152.5757000000001",
        "validated": null,
        "gnaf_building_name": null,
        "gnaf_address_detail_pid": "GAQLD157357500",
        "gnaf_formatted_address": "120 MACKEREL STREET",
        "gnaf_confidence": "2",
        "gnaf_postcode": "4660",
        "gnaf_suburb": "WOODGATE",
        "distance_to_gnaf": 7,
        "gnaf_lat": "-25.11955777999998",
        "gnaf_long": "152.57570109000005"
      },
      "geometry": {
        "type": "Point",
        "coordinates": [
          152.57570636775947,
          -25.119610380654088
        ]
      }
    },
    {
      "type": "Feature",
      "properties": {
        "objectid": 1143,
        "featuretype": "EMERGENCY FACILITY",
        "descripton": "An emergency management facility from which a particular agency\u2019s resources are commanded, coordinated and assigned to an incident or emergency",
        "class": "AMBULANCE STATION",
        "facility_name": "WOODRIDGE",
        "facility_operationalstatus": "OPERATIONAL",
        "facility_address": null,
        "abs_suburb": "WOODRIDGE",
        "facility_state": "QUEENSLAND",
        "abs_postcode": "4114",
        "facility_attribute_source": "HTTP://DATA.QLD.GOV.AU",
        "facility_attribute_date": null,
        "facility_source": "HTTP://DATA.QLD.GOV.AU",
        "facility_date": null,
        "facility_spatial_confidence": null,
        "facility_revised": "2018-07-04T00:00:00Z",
        "comment_": null,
        "facility_lat": "-27.631782999999928",
        "facility_long": "153.110046",
        "validated": null,
        "gnaf_building_name": "Q A S WOODRIDGE",
        "gnaf_address_detail_pid": "GAQLD155974676",
        "gnaf_formatted_address": "6 MACQUARIE STREET",
        "gnaf_confidence": "1",
        "gnaf_postcode": "4114",
        "gnaf_suburb": "WOODRIDGE",
        "distance_to_gnaf": 2,
        "gnaf_lat": "-27.631774949999965",
        "gnaf_long": "153.11002368000004"
      },
      "geometry": {
        "type": "Point",
        "coordinates": [
          153.11005200456628,
          -27.63177045400638
        ]
      }
    },
    {
      "type": "Feature",
      "properties": {
        "objectid": 1144,
        "featuretype": "EMERGENCY FACILITY",
        "descripton": "An emergency management facility from which a particular agency\u2019s resources are commanded, coordinated and assigned to an incident or emergency",
        "class": "AMBULANCE STATION",
        "facility_name": "SOUTH BRISBANE",
        "facility_operationalstatus": "OPERATIONAL",
        "facility_address": null,
        "abs_suburb": "WOOLLOONGABBA",
        "facility_state": "QUEENSLAND",
        "abs_postcode": "4102",
        "facility_attribute_source": "HTTP://DATA.QLD.GOV.AU",
        "facility_attribute_date": null,
        "facility_source": "HTTP://DATA.QLD.GOV.AU",
        "facility_date": null,
        "facility_spatial_confidence": null,
        "facility_revised": "2018-07-04T00:00:00Z",
        "comment_": null,
        "facility_lat": "-27.495653999999945",
        "facility_long": "153.04154800000003",
        "validated": null,
        "gnaf_building_name": null,
        "gnaf_address_detail_pid": "GAQLD161216211",
        "gnaf_formatted_address": "224 LOGAN ROAD",
        "gnaf_confidence": "1",
        "gnaf_postcode": "4102",
        "gnaf_suburb": "WOOLLOONGABBA",
        "distance_to_gnaf": 33,
        "gnaf_lat": "-27.49570530999995",
        "gnaf_long": "153.04187493000006"
      },
      "geometry": {
        "type": "Point",
        "coordinates": [
          153.0415540291847,
          -27.495641446044385
        ]
      }
    },
    {
      "type": "Feature",
      "properties": {
        "objectid": 1145,
        "featuretype": "EMERGENCY FACILITY",
        "descripton": "An emergency management facility from which a particular agency\u2019s resources are commanded, coordinated and assigned to an incident or emergency",
        "class": "AMBULANCE STATION",
        "facility_name": "YANDINA",
        "facility_operationalstatus": "OPERATIONAL",
        "facility_address": null,
        "abs_suburb": "YANDINA",
        "facility_state": "QUEENSLAND",
        "abs_postcode": "4561",
        "facility_attribute_source": "HTTP://DATA.QLD.GOV.AU",
        "facility_attribute_date": null,
        "facility_source": "HTTP://DATA.QLD.GOV.AU",
        "facility_date": null,
        "facility_spatial_confidence": null,
        "facility_revised": "2018-07-04T00:00:00Z",
        "comment_": null,
        "facility_lat": "-26.556461999999954",
        "facility_long": "152.96084800000006",
        "validated": null,
        "gnaf_building_name": "STH CNR PIONEER &",
        "gnaf_address_detail_pid": "GAQLD157366321",
        "gnaf_formatted_address": "2 MACHINERY ROAD",
        "gnaf_confidence": "1",
        "gnaf_postcode": "4561",
        "gnaf_suburb": "YANDINA",
        "distance_to_gnaf": 7,
        "gnaf_lat": "-26.556458499999962",
        "gnaf_long": "152.96091576000003"
      },
      "geometry": {
        "type": "Point",
        "coordinates": [
          152.9608541551002,
          -26.55644943049725
        ]
      }
    },
    {
      "type": "Feature",
      "properties": {
        "objectid": 1146,
        "featuretype": "EMERGENCY FACILITY",
        "descripton": "An emergency management facility from which a particular agency\u2019s resources are commanded, coordinated and assigned to an incident or emergency",
        "class": "AMBULANCE STATION",
        "facility_name": "YEPPOON",
        "facility_operationalstatus": "OPERATIONAL",
        "facility_address": null,
        "abs_suburb": "YEPPOON",
        "facility_state": "QUEENSLAND",
        "abs_postcode": "4703",
        "facility_attribute_source": "HTTP://DATA.QLD.GOV.AU",
        "facility_attribute_date": null,
        "facility_source": "HTTP://DATA.QLD.GOV.AU",
        "facility_date": null,
        "facility_spatial_confidence": null,
        "facility_revised": "2018-07-04T00:00:00Z",
        "comment_": null,
        "facility_lat": "-23.140154999999936",
        "facility_long": "150.73744900000008",
        "validated": null,
        "gnaf_building_name": "FIRE BRIGADE STATION",
        "gnaf_address_detail_pid": "GAQLD157355368",
        "gnaf_formatted_address": "16 MCBEAN STREET",
        "gnaf_confidence": "1",
        "gnaf_postcode": "4703",
        "gnaf_suburb": "YEPPOON",
        "distance_to_gnaf": 59,
        "gnaf_lat": "-23.140568609999946",
        "gnaf_long": "150.73708621000003"
      },
      "geometry": {
        "type": "Point",
        "coordinates": [
          150.7374557606337,
          -23.140142190001896
        ]
      }
    },
    {
      "type": "Feature",
      "properties": {
        "objectid": 1147,
        "featuretype": "EMERGENCY FACILITY",
        "descripton": "An emergency management facility from which a particular agency\u2019s resources are commanded, coordinated and assigned to an incident or emergency",
        "class": "AMBULANCE STATION",
        "facility_name": "ARCHERFIELD HELICOPTER",
        "facility_operationalstatus": "OPERATIONAL",
        "facility_address": null,
        "abs_suburb": "ARCHERFIELD",
        "facility_state": "QUEENSLAND",
        "abs_postcode": "4108",
        "facility_attribute_source": "HTTP://DATA.QLD.GOV.AU",
        "facility_attribute_date": null,
        "facility_source": "HTTP://DATA.QLD.GOV.AU",
        "facility_date": null,
        "facility_spatial_confidence": null,
        "facility_revised": "2018-07-04T00:00:00Z",
        "comment_": "NO GNAF POINT",
        "facility_lat": "-27.566599999999937",
        "facility_long": "152.99990000000003",
        "validated": null,
        "gnaf_building_name": null,
        "gnaf_address_detail_pid": null,
        "gnaf_formatted_address": null,
        "gnaf_confidence": null,
        "gnaf_postcode": null,
        "gnaf_suburb": null,
        "distance_to_gnaf": null,
        "gnaf_lat": null,
        "gnaf_long": null
      },
      "geometry": {
        "type": "Point",
        "coordinates": [
          152.9999060247065,
          -27.56658744242336
        ]
      }
    },
    {
      "type": "Feature",
      "properties": {
        "objectid": 1148,
        "featuretype": "EMERGENCY FACILITY",
        "descripton": "An emergency management facility from which a particular agency\u2019s resources are commanded, coordinated and assigned to an incident or emergency",
        "class": "AMBULANCE STATION",
        "facility_name": "ASHGROVE",
        "facility_operationalstatus": "OPERATIONAL",
        "facility_address": null,
        "abs_suburb": "ASHGROVE",
        "facility_state": "QUEENSLAND",
        "abs_postcode": "4060",
        "facility_attribute_source": "HTTP://DATA.QLD.GOV.AU",
        "facility_attribute_date": null,
        "facility_source": "HTTP://DATA.QLD.GOV.AU",
        "facility_date": null,
        "facility_spatial_confidence": null,
        "facility_revised": "2018-07-04T00:00:00Z",
        "comment_": "NO GNAF POINT",
        "facility_lat": "-27.44861099999997",
        "facility_long": "152.96833300000003",
        "validated": null,
        "gnaf_building_name": null,
        "gnaf_address_detail_pid": null,
        "gnaf_formatted_address": null,
        "gnaf_confidence": null,
        "gnaf_postcode": null,
        "gnaf_suburb": null,
        "distance_to_gnaf": null,
        "gnaf_lat": null,
        "gnaf_long": null
      },
      "geometry": {
        "type": "Point",
        "coordinates": [
          152.96833904297432,
          -27.448598438329796
        ]
      }
    },
    {
      "type": "Feature",
      "properties": {
        "objectid": 1149,
        "featuretype": "EMERGENCY FACILITY",
        "descripton": "An emergency management facility from which a particular agency\u2019s resources are commanded, coordinated and assigned to an incident or emergency",
        "class": "AMBULANCE STATION",
        "facility_name": "BAMAGA",
        "facility_operationalstatus": "OPERATIONAL",
        "facility_address": null,
        "abs_suburb": "BAMAGA",
        "facility_state": "QUEENSLAND",
        "abs_postcode": "4876",
        "facility_attribute_source": "HTTP://DATA.QLD.GOV.AU",
        "facility_attribute_date": null,
        "facility_source": "HTTP://DATA.QLD.GOV.AU",
        "facility_date": null,
        "facility_spatial_confidence": null,
        "facility_revised": "2018-07-04T00:00:00Z",
        "comment_": "NO GNAF POINT",
        "facility_lat": "-10.893451999999968",
        "facility_long": "142.39088200000003",
        "validated": null,
        "gnaf_building_name": null,
        "gnaf_address_detail_pid": null,
        "gnaf_formatted_address": null,
        "gnaf_confidence": null,
        "gnaf_postcode": null,
        "gnaf_suburb": null,
        "distance_to_gnaf": null,
        "gnaf_lat": null,
        "gnaf_long": null
      },
      "geometry": {
        "type": "Point",
        "coordinates": [
          142.39089027259217,
          -10.893438469477866
        ]
      }
    }
  ]
}