{"type":"FeatureCollection","features":[{"type":"Feature","geometry":{"type":"Point","coordinates":[151.66137827962132,-26.11998911500464]},"properties":{"name":"ABBEYWOOD HIVESVILLE RURAL","address":"GAYNDAH-HIVESVILLE ROAD","locality":"ABBEYWOOD "}},{"type":"Feature","geometry":{"type":"Point","coordinates":[151.88321312210414,-24.182879824414464]},"properties":{"name":"AGNES WATER RURAL","address":"CAPTAIN COOK DRIVE","locality":"AGNES WATER "}},{"type":"Feature","geometry":{"type":"Point","coordinates":[152.66159231807853,-25.465698392676195]},"properties":{"name":"ALDERSHOT RURAL","address":"2 MURRAY STREET","locality":"ALDERSHOT "}},{"type":"Feature","geometry":{"type":"Point","coordinates":[150.35596586730404,-23.303205113541694]},"properties":{"name":"ALTON DOWNS RURAL","address":"73 NICHOLSON STREET","locality":"ALTON DOWNS "}},{"type":"Feature","geometry":{"type":"Point","coordinates":[147.47880040109183,-19.459746256353483]},"properties":{"name":"ALVA BEACH RURAL","address":"BRABY STREET","locality":"ALVA BEACH "}},{"type":"Feature","geometry":{"type":"Point","coordinates":[148.1877133758586,-26.547995487639906]},"properties":{"name":"AMBY TOWN RURAL","address":"GEORGE STREET","locality":"AMBY "}},{"type":"Feature","geometry":{"type":"Point","coordinates":[147.74945429794104,-23.549849189576587]},"properties":{"name":"ANAKIE RURAL","address":"CORNER OF CAMERON STREET AND HEGARTY STREET","locality":"WILLOWS GEMFIELDS "}},{"type":"Feature","geometry":{"type":"Point","coordinates":[152.55049373587215,-27.979163606767198]},"properties":{"name":"ARATULA RURAL","address":"6708 CUNNINGHAM HIGHWAY","locality":"ARATULA "}},{"type":"Feature","geometry":{"type":"Point","coordinates":[152.16048670074989,-24.742757109723456]},"properties":{"name":"AVONDALE RURAL","address":"O'CONNELL STREET","locality":"AVONDALE "}},{"type":"Feature","geometry":{"type":"Point","coordinates":[148.99357900232076,-20.903605876162047]},"properties":{"name":"BALL BAY HALIDAY BAY RURAL","address":"5 STURGEON STREET","locality":"BALL BAY "}},{"type":"Feature","geometry":{"type":"Point","coordinates":[148.98744999634934,-20.89789879159885]},"properties":{"name":"BALL BAY HALIDAY BAY RURAL","address":"1 HEADLAND DRIVE","locality":"HALIDAY BAY "}},{"type":"Feature","geometry":{"type":"Point","coordinates":[151.84009175769845,-28.802138459155778]},"properties":{"name":"BALLANDEAN RURAL","address":"27 CURR ROAD","locality":"BALLANDEAN "}},{"type":"Feature","geometry":{"type":"Point","coordinates":[150.1298165212152,-24.468374460925617]},"properties":{"name":"BANANA NO 1 RURAL","address":"CORNER OF NORTH STREET AND BRAMPSTON STREET","locality":"BANANA "}},{"type":"Feature","geometry":{"type":"Point","coordinates":[152.62505728353122,-25.81617242790537]},"properties":{"name":"BAUPLE RURAL","address":"CORNER OF MILL STREET AND SOTTENVILL ROAD","locality":"BAUPLE "}},{"type":"Feature","geometry":{"type":"Point","coordinates":[139.46919264312652,-24.360728838559893]},"properties":{"name":"BEDOURIE TOWN RURAL","address":"EYRE STREET","locality":"BEDOURIE "}},{"type":"Feature","geometry":{"type":"Point","coordinates":[153.19145536847046,-28.126458876882896]},"properties":{"name":"BEECHMONT RURAL","address":"1861 BEECHMONT ROAD","locality":"BEECHMONT "}},{"type":"Feature","geometry":{"type":"Point","coordinates":[152.9767986101906,-26.85655494124788]},"properties":{"name":"BEERWAH AND DISTRICT RURAL","address":"179 ROYS ROAD","locality":"BEERWAH "}},{"type":"Feature","geometry":{"type":"Point","coordinates":[151.45175116731215,-26.933880753671502]},"properties":{"name":"BELL CENTRE RURAL","address":"CORNER OF CHALLACOMBE STREET AND CASSIDY STREET","locality":"BELL "}},{"type":"Feature","geometry":{"type":"Point","coordinates":[152.844098234675,-26.51134518023002]},"properties":{"name":"BELLI PARK RURAL","address":"1170 EUMUNDI-KENILWORTH ROAD","locality":"BELLI PARK "}},{"type":"Feature","geometry":{"type":"Point","coordinates":[152.71836714430034,-26.847517409418387]},"properties":{"name":"BELLTHORPE RURAL","address":"300 BELLTHORPE WEST ROAD","locality":"BELLTHORPE "}},{"type":"Feature","geometry":{"type":"Point","coordinates":[150.52819248655084,-23.230981940444394]},"properties":{"name":"BELMONT RURAL","address":"CORNER OF GREENLAKE ROAD AND MILLERS ROAD","locality":"PARKHURST "}},{"type":"Feature","geometry":{"type":"Point","coordinates":[151.3228634938721,-24.004175051897263]},"properties":{"name":"BENARABY RURAL","address":"15 O'CONNOR ROAD","locality":"BENARABY "}},{"type":"Feature","geometry":{"type":"Point","coordinates":[150.47030357254533,-27.052197341112812]},"properties":{"name":"BENNETT RURAL","address":"LOT 1,  MARY ROAD","locality":"TARA "}},{"type":"Feature","geometry":{"type":"Point","coordinates":[150.54870737604693,-27.070525460345333]},"properties":{"name":"BENNETT RURAL","address":"59 BILLABONG LANE","locality":"TARA "}},{"type":"Feature","geometry":{"type":"Point","coordinates":[152.39104970848297,-27.20872779504067]},"properties":{"name":"BIARRA RURAL","address":"228 ESK - CROWS NEST ROAD","locality":"BIARRA "}},{"type":"Feature","geometry":{"type":"Point","coordinates":[152.71482669516195,-25.57955519287088]},"properties":{"name":"BIDWILL RURAL","address":"LANGERS ROAD","locality":"TINANA "}},{"type":"Feature","geometry":{"type":"Point","coordinates":[152.22362102948117,-24.967949609689853]},"properties":{"name":"BINGERA WEIR RURAL","address":"36 STATESMAN DRIVE","locality":"SOUTH BINGERA "}},{"type":"Feature","geometry":{"type":"Point","coordinates":[139.35188851389674,-25.898027208861862]},"properties":{"name":"BIRDSVILLE RURAL","address":"EYRE DEVELOPMENTAL ROAD","locality":"BIRDSVILLE "}},{"type":"Feature","geometry":{"type":"Point","coordinates":[152.15364164063794,-24.886892569238874]},"properties":{"name":"BIRTHAMBA RURAL","address":"ROUNDS & BIRTHAMBA ROADS","locality":"SOUTH KOLAN "}},{"type":"Feature","geometry":{"type":"Point","coordinates":[152.88654925176758,-26.442738805913642]},"properties":{"name":"BLACK MOUNTAIN RURAL","address":"COOROY BELLI CREEK ROAD","locality":"BLACK MOUNTAIN "}},{"type":"Feature","geometry":{"type":"Point","coordinates":[146.62684572675533,-19.2308770046225]},"properties":{"name":"BLACK RIVER AND DISTRICT RURAL","address":"BOWDEN ROAD","locality":"BLACK RIVER "}},{"type":"Feature","geometry":{"type":"Point","coordinates":[152.32993501981016,-27.650574362553137]},"properties":{"name":"BLENHEIM DISTRICT RURAL","address":"MOUNT BERRYMAN ROAD","locality":"BLENHEIM "}},{"type":"Feature","geometry":{"type":"Point","coordinates":[153.04039156030834,-26.609667966653213]},"properties":{"name":"BLI BLI AND DISTRICT RURAL","address":"CNR LEFOES ROAD AND SPORTS ROAD","locality":"BLI BLI"}},{"type":"Feature","geometry":{"type":"Point","coordinates":[145.34295132717847,-15.900612495375695]},"properties":{"name":"BLOOMFIELD RIVER RURAL","address":"BLOOMFIELD ROAD","locality":"BLOOMFIELD "}},{"type":"Feature","geometry":{"type":"Point","coordinates":[146.5496339639184,-19.17555224643118]},"properties":{"name":"BLUEWATER RURAL","address":"FORESTRY ROAD","locality":"BLUEWATER "}},{"type":"Feature","geometry":{"type":"Point","coordinates":[149.0698802023364,-23.581455059848754]},"properties":{"name":"BLUFF RURAL","address":"CHURCH STREET","locality":"BLUFF "}},{"type":"Feature","geometry":{"type":"Point","coordinates":[150.6646867622314,-23.18565718443747]},"properties":{"name":"BONDOOLA RURAL","address":"19 GRANDBOWER ROAD","locality":"BONDOOLA "}},{"type":"Feature","geometry":{"type":"Point","coordinates":[152.05142241587046,-26.044478161738844]},"properties":{"name":"BOOUBYJAN BOONARA RURAL","address":"BURNETT HIGHWAY","locality":"TANSEY "}},{"type":"Feature","geometry":{"type":"Point","coordinates":[152.04039555046026,-25.21394241595857]},"properties":{"name":"BOOYAL RURAL","address":"MAIN STREET","locality":"BOOYAL "}},{"type":"Feature","geometry":{"type":"Point","coordinates":[152.21355691048046,-24.701821229536208]},"properties":{"name":"BOOYAN RURAL","address":"19 WAGTAIL CLOSE","locality":"MOORE PARK BEACH "}},{"type":"Feature","geometry":{"type":"Point","coordinates":[152.99497118496774,-26.286498432503386]},"properties":{"name":"BOREEN POINT RURAL","address":"TEEWAH STREET","locality":"BOREEN POINT "}},{"type":"Feature","geometry":{"type":"Point","coordinates":[152.93518895851588,-26.29888783761791]},"properties":{"name":"BOREEN POINT RURAL","address":"DAVIS ROAD, COOTHARABA","locality":"COOTHARABA "}},{"type":"Feature","geometry":{"type":"Point","coordinates":[151.49185657137508,-24.24511726974529]},"properties":{"name":"BOROREN RURAL","address":"KENT STREET","locality":"BOROREN "}},{"type":"Feature","geometry":{"type":"Point","coordinates":[150.46386375731953,-23.57097701645013]},"properties":{"name":"BOULDERCOMBE RURAL","address":"52476 BURNETT HIGHWAY","locality":"BOULDERCOMBE "}},{"type":"Feature","geometry":{"type":"Point","coordinates":[151.49186554031127,-27.305235215386695]},"properties":{"name":"BOWENVILLE RURAL","address":"LOT 1,  NORWIN ROAD","locality":"BOWENVILLE "}},{"type":"Feature","geometry":{"type":"Point","coordinates":[150.8317553204137,-27.116183309498847]},"properties":{"name":"BRAEMAR RURAL","address":"1678 BEELBEE RD","locality":"BEELBEE"}},{"type":"Feature","geometry":{"type":"Point","coordinates":[152.26378457607927,-24.912856787145206]},"properties":{"name":"BRANYAN RURAL","address":"CORNER OF BARTHOLDT DRIVE AND NAROOMA DRIVE","locality":"BUNDABERG "}},{"type":"Feature","geometry":{"type":"Point","coordinates":[152.91359781313503,-27.49406661198461]},"properties":{"name":"BROOKFIELD RURAL","address":"CORNER OF BOSCOMBE ROAD AND BROOKFIELD ROAD","locality":"BROOKFIELD "}},{"type":"Feature","geometry":{"type":"Point","coordinates":[151.81834343216954,-26.742892474937307]},"properties":{"name":"BROOKLANDS RURAL","address":"LORD STREET","locality":"BROOKLANDS "}},{"type":"Feature","geometry":{"type":"Point","coordinates":[151.86303583553683,-26.767702890411393]},"properties":{"name":"BROOKLANDS RURAL","address":"40 TANDURINGIE DRIVE","locality":"TARONG "}},{"type":"Feature","geometry":{"type":"Point","coordinates":[151.73912835960334,-26.733356759300623]},"properties":{"name":"BROOKLANDS RURAL","address":"LOT 173,  ACACIA DRIVE","locality":"ELLESMERE "}},{"type":"Feature","geometry":{"type":"Point","coordinates":[151.4424002085971,-27.761519706309382]},"properties":{"name":"BROOKSTEAD RURAL","address":"GORE HIGHWAY","locality":"BROOKSTEAD "}},{"type":"Feature","geometry":{"type":"Point","coordinates":[152.70133408418516,-26.4882434858593]},"properties":{"name":"BROOLOO MARY RIVER RURAL","address":"LOT 11,  SUTTON STREET","locality":"BROOLOO "}},{"type":"Feature","geometry":{"type":"Point","coordinates":[152.26342852930148,-25.5995538076959]},"properties":{"name":"BROOWEENA DISTRICT  RURAL","address":"SMITH CRESCENT","locality":"BROOWEENA "}},{"type":"Feature","geometry":{"type":"Point","coordinates":[144.85620029946108,-15.861715492051529]},"properties":{"name":"BULLHEAD RURAL","address":"PENINSULA DEVELOPMENT ROAD","locality":"LAKELAND "}},{"type":"Feature","geometry":{"type":"Point","coordinates":[152.08014556453574,-24.99128613098163]},"properties":{"name":"BUNGADOO AND DISTRICT  RURAL","address":"1 RIVER ROAD","locality":"BUNGADOO "}},{"type":"Feature","geometry":{"type":"Point","coordinates":[149.65707163939447,-28.42471953770977]},"properties":{"name":"BUNGUNYA RURAL","address":"CORNER OF MAIN STREET AND LANE STREET","locality":"BUNGUNYA "}},{"type":"Feature","geometry":{"type":"Point","coordinates":[151.5967713886263,-26.885603775984816]},"properties":{"name":"BUNYA MOUNTAIN RURAL","address":"BUNYA MOUNTAINS ROAD","locality":"BUNYA MOUNTAINS "}},{"type":"Feature","geometry":{"type":"Point","coordinates":[139.54834306131352,-17.735522384131674]},"properties":{"name":"BURKETOWN RURAL","address":"LOT 120,  ALBERT STREET","locality":"BURKETOWN "}},{"type":"Feature","geometry":{"type":"Point","coordinates":[152.62105224975227,-25.192103655444008]},"properties":{"name":"BURRUM HEADS RURAL","address":"BUSHNELL ROAD","locality":"BURRUM HEADS "}},{"type":"Feature","geometry":{"type":"Point","coordinates":[152.53401990374607,-25.195633442894945]},"properties":{"name":"BUXTON RURAL","address":"POWER STREET, POWER STREET, BUXTON QLD 4660","locality":"BUXTON "}},{"type":"Feature","geometry":{"type":"Point","coordinates":[150.64785392392767,-22.844079379070887]},"properties":{"name":"BYFIELDS RURAL","address":"BYFIELD ROAD","locality":"BYFIELD "}},{"type":"Feature","geometry":{"type":"Point","coordinates":[151.99075272624137,-27.43230452994073]},"properties":{"name":"CABARLAH RURAL","address":"LOT 679, ","locality":"CABARLAH "}},{"type":"Feature","geometry":{"type":"Point","coordinates":[148.7766378339945,-20.89856639197953]},"properties":{"name":"CALEN AND CAMERONS POCKET RURAL","address":"17 PRATTS RD","locality":"CALEN "}},{"type":"Feature","geometry":{"type":"Point","coordinates":[151.20307423958377,-24.016146302818342]},"properties":{"name":"CALLIOPE RURAL","address":"VALLIS STREET","locality":"CALLIOPE "}},{"type":"Feature","geometry":{"type":"Point","coordinates":[150.38368047132082,-23.639735776805143]},"properties":{"name":"CALLIUNGAL RURAL","address":"NEWMAN OVAL THOMPSON AVENUE","locality":"MOUNT MORGAN "}},{"type":"Feature","geometry":{"type":"Point","coordinates":[151.86708453862474,-27.705714364210667]},"properties":{"name":"CAMBOOYA RURAL","address":"GEORGE STREET","locality":"CAMBOOYA "}},{"type":"Feature","geometry":{"type":"Point","coordinates":[138.12136377509967,-19.921805216204774]},"properties":{"name":"CAMOOWEAL TOWN RURAL","address":"BARKEY HIGHWAY","locality":"MOUNT ISA "}},{"type":"Feature","geometry":{"type":"Point","coordinates":[151.77895653952862,-24.29060729733622]},"properties":{"name":"CAPTAIN CREEK RURAL","address":"22 MURPHY ROAD","locality":"CAPTAIN CREEK "}},{"type":"Feature","geometry":{"type":"Point","coordinates":[149.4098591160753,-21.908910434952254]},"properties":{"name":"CARMILA AND DISTRICT RURAL","address":"6 MUSIC STREET","locality":"CARMILA "}},{"type":"Feature","geometry":{"type":"Point","coordinates":[150.67543065076208,-23.256263877999352]},"properties":{"name":"CAWARRAL RURAL","address":"674 CAWARRAL ROAD","locality":"CAWARRAL "}},{"type":"Feature","geometry":{"type":"Point","coordinates":[153.17548927649682,-27.796507079679603]},"properties":{"name":"CEDAR CREEK WOLFFDENE RURAL","address":"17 VEIVERS ROAD","locality":"WOLFFDENE "}},{"type":"Feature","geometry":{"type":"Point","coordinates":[152.74724045403286,-26.197364499076702]},"properties":{"name":"CEDAR POCKET AND GREENS CREEK RURAL","address":"CEDAR POCKET ROAD","locality":"CEDAR POCKET "}},{"type":"Feature","geometry":{"type":"Point","coordinates":[153.0923802354994,-27.757531054994104]},"properties":{"name":"CHAMBERS FLAT RURAL","address":"KENNY ROAD","locality":"CHAMBERS FLAT "}},{"type":"Feature","geometry":{"type":"Point","coordinates":[152.6153246502434,-26.141009024564188]},"properties":{"name":"CHATSWORTH RURAL","address":"ALLEN ROAD","locality":"CHATSWORTH "}},{"type":"Feature","geometry":{"type":"Point","coordinates":[144.52424611081318,-17.157514229140304]},"properties":{"name":"CHILLAGOE RURAL","address":"KING STREET","locality":"CHILLAGOE "}},{"type":"Feature","geometry":{"type":"Point","coordinates":[153.2569119500991,-27.995549105479203]},"properties":{"name":"CLAGIRABA RURAL","address":"177 CLAGIRABA ROAD","locality":"CLAGIRABA "}},{"type":"Feature","geometry":{"type":"Point","coordinates":[149.53603496953917,-22.12041807557584]},"properties":{"name":"CLAIRVIEW RURAL","address":"COLONIAL DRIVE","locality":"CLAIRVIEW "}},{"type":"Feature","geometry":{"type":"Point","coordinates":[151.8892861685013,-25.615481993685922]},"properties":{"name":"COALSTOUN LAKES RURAL","address":"CORNER OF ISIS HIGHWAY AND GLENVIEW ROAD","locality":"COALSTOUN LAKES "}},{"type":"Feature","geometry":{"type":"Point","coordinates":[151.5583865560036,-24.32675727669363]},"properties":{"name":"COLOSSEUM RURAL","address":"CORNER OF ROE STREET AND JINKS STREET","locality":"MIRIAM VALE "}},{"type":"Feature","geometry":{"type":"Point","coordinates":[148.54569268621253,-23.60497509031272]},"properties":{"name":"COMET RURAL","address":"SHAKESPEARE STREET","locality":"COMET "}},{"type":"Feature","geometry":{"type":"Point","coordinates":[150.1365842105155,-26.92545413622006]},"properties":{"name":"CONDAMINE RURAL","address":"WAMBO STREET","locality":"CONDAMINE "}},{"type":"Feature","geometry":{"type":"Point","coordinates":[150.6941867737209,-23.05305718602011]},"properties":{"name":"COOBERRIE RURAL","address":"302 WOODBURY ROAD","locality":"YEPPOON "}},{"type":"Feature","geometry":{"type":"Point","coordinates":[153.2851792644775,-27.898514923582105]},"properties":{"name":"COOMERA VALLEY RURAL","address":"GAWLER PLACE","locality":"UPPER COOMERA "}},{"type":"Feature","geometry":{"type":"Point","coordinates":[152.5018068092815,-27.390548155344362]},"properties":{"name":"COOMINYA RURAL","address":"RAILWAY STREET","locality":"COOMINYA "}},{"type":"Feature","geometry":{"type":"Point","coordinates":[151.40539629189223,-26.76553728197592]},"properties":{"name":"COORANGA NORTH RURAL","address":"CORNER OF IRONPOT ROAD AND JANDOWAE ROAD","locality":"BELL "}},{"type":"Feature","geometry":{"type":"Point","coordinates":[150.73123963066877,-23.304259008478144]},"properties":{"name":"COOWONGA RURAL","address":"COOWONGA ROAD","locality":"COOWONGA "}},{"type":"Feature","geometry":{"type":"Point","coordinates":[151.83208064138577,-26.981227931144183]},"properties":{"name":"COOYAR TOWN RURAL","address":"CORNER OF FERGUS STREET AND MUNRO STREET","locality":"COOYAR "}},{"type":"Feature","geometry":{"type":"Point","coordinates":[148.36219013151234,-21.903519702254567]},"properties":{"name":"COPPABELLA RURAL","address":"MATHIESON STREET","locality":"COPPABELLA "}},{"type":"Feature","geometry":{"type":"Point","coordinates":[151.50301947195882,-26.29089406938472]},"properties":{"name":"COVERTY RURAL","address":"202 COVERTY ROAD","locality":"COVERTY "}},{"type":"Feature","geometry":{"type":"Point","coordinates":[150.30075912419716,-25.293687983854056]},"properties":{"name":"CRACOW RURAL","address":"CORNER OF THIRD AVENUE AND SIXTH AVENUE","locality":"CRACOW "}},{"type":"Feature","geometry":{"type":"Point","coordinates":[151.12598887413526,-24.870261151644375]},"properties":{"name":"CRANKS AVENUE RURAL","address":"27 LUTHJE ROAD","locality":"MONTO "}},{"type":"Feature","geometry":{"type":"Point","coordinates":[142.2425164832989,-18.202437550334977]},"properties":{"name":"CROYDON RURAL","address":"CORNER OF BROWN STREET AND SIRCOM STREET","locality":"CROYDON "}},{"type":"Feature","geometry":{"type":"Point","coordinates":[152.71844742940723,-26.781628783900935]},"properties":{"name":"CRYSTAL WATERS VILLAGE RURAL","address":"KILCOY LANE","locality":"CRYSTAL WATERS "}},{"type":"Feature","geometry":{"type":"Point","coordinates":[147.10730240280873,-19.396215784193192]},"properties":{"name":"CUNGULLA RURAL","address":"FRANK RANDELL DRIVE, FRANK RANDELL DRIVE, CUNGULLA QLD 4816","locality":"CUNGULLA "}},{"type":"Feature","geometry":{"type":"Point","coordinates":[152.5793551798418,-26.08348592455225]},"properties":{"name":"CURRA RURAL","address":"DAVID DRIVE","locality":"CURRA "}},{"type":"Feature","geometry":{"type":"Point","coordinates":[151.31013726540348,-23.756729513666773]},"properties":{"name":"CURTIS ISLAND RURAL","address":"TURTLE STREET","locality":"CURTIS ISLAND "}},{"type":"Feature","geometry":{"type":"Point","coordinates":[145.32177419369253,-16.25059184992281]},"properties":{"name":"DAINTREE RURAL","address":"CORNER OF DOUGLAS ROAD AND OSBORNE ROAD","locality":"DAINTREE "}},{"type":"Feature","geometry":{"type":"Point","coordinates":[139.51625686678662,-21.69473341416626]},"properties":{"name":"DAJARRA TOWN RURAL","address":"CARMODY STREET","locality":"DAJARRA "}},{"type":"Feature","geometry":{"type":"Point","coordinates":[150.2452667825411,-23.347857148010377]},"properties":{"name":"DALMA RURAL","address":"2070 STAWELL-WAROULA ROAD","locality":"DALMA "}},{"type":"Feature","geometry":{"type":"Point","coordinates":[148.49390377481808,-21.131015630576744]},"properties":{"name":"DALRYMPLE HEIGHTS RURAL","address":"1 NORTH STREET","locality":"EUNGELLA "}},{"type":"Feature","geometry":{"type":"Point","coordinates":[152.80619609286106,-27.188187420851957]},"properties":{"name":"DAYBORO AND DISTRICT RURAL","address":"LACEY'S CREEK ROAD","locality":"DAYBORO "}},{"type":"Feature","geometry":{"type":"Point","coordinates":[152.78794711784207,-27.002557417562052]},"properties":{"name":"DELANEYS CREEK RURAL","address":"2 DASHER COURT","locality":"DELANEYS CREEK "}},{"type":"Feature","geometry":{"type":"Point","coordinates":[149.33102565115558,-23.643595850558338]},"properties":{"name":"DINGO TOWN RURAL","address":"CAIRNS STREET","locality":"DINGO "}},{"type":"Feature","geometry":{"type":"Point","coordinates":[153.02184574241195,-26.44684247248651]},"properties":{"name":"DOONAN RURAL","address":"LOT 143,  EUMUNDI - NOOSA ROAD","locality":"DOONAN "}},{"type":"Feature","geometry":{"type":"Point","coordinates":[149.66880443249298,-23.718683486298698]},"properties":{"name":"DUARINGA TOWN RURAL","address":"CNR MARY AND EDWARD ST","locality":"DUARINGA "}},{"type":"Feature","geometry":{"type":"Point","coordinates":[150.26269207644842,-23.847469363680126]},"properties":{"name":"DULULU RURAL","address":"CORNER OF BURNETT HIGHWAY AND BRYANT STREET","locality":"DULULU "}},{"type":"Feature","geometry":{"type":"Point","coordinates":[149.09538381405025,-21.11454570951737]},"properties":{"name":"DUMBLETON RURAL","address":"SUGAR SHED ROAD","locality":"DUMBLETON "}},{"type":"Feature","geometry":{"type":"Point","coordinates":[152.7642468075907,-25.294841251459452]},"properties":{"name":"DUNDOWRAN RURAL","address":"LOWER MOUNTAIN ROAD","locality":"DUNDOWRAN "}},{"type":"Feature","geometry":{"type":"Point","coordinates":[152.57150224567138,-25.517781902205225]},"properties":{"name":"DUNMORA RURAL","address":"OLD GAYNDAH ROAD","locality":"DUNMORA "}},{"type":"Feature","geometry":{"type":"Point","coordinates":[151.24396253467862,-26.394963368909707]},"properties":{"name":"DURONG RURAL","address":"8929 WONDAI - CHINCHILLA ROAD","locality":"DURONG "}},{"type":"Feature","geometry":{"type":"Point","coordinates":[152.91264648404652,-25.362312725788097]},"properties":{"name":"EAST BOORAL RURAL","address":"LOT 15,  OSLOVE DRIVE","locality":"BOORAL "}},{"type":"Feature","geometry":{"type":"Point","coordinates":[152.48878080206225,-24.908857069107306]},"properties":{"name":"CALAVOS RURAL","address":"100 WELCH STREET","locality":"ELLIOTT HEADS "}},{"type":"Feature","geometry":{"type":"Point","coordinates":[148.97366754240036,-21.265414540532472]},"properties":{"name":"ETON RURAL","address":"18 BARRIER STREET","locality":"ETON "}},{"type":"Feature","geometry":{"type":"Point","coordinates":[152.95703180756186,-26.72532999022089]},"properties":{"name":"EUDLO RURAL","address":"LOT 50, ROSEBED STREET","locality":"EUDLO "}},{"type":"Feature","geometry":{"type":"Point","coordinates":[151.97304919776383,-28.775039201712136]},"properties":{"name":"EUKEY RURAL","address":"EUKEY ROAD","locality":"EUKEY "}},{"type":"Feature","geometry":{"type":"Point","coordinates":[152.95257471289884,-26.476004471779053]},"properties":{"name":"EUMUNDI RURAL","address":"150 NAPIER ROAD","locality":"EUMUNDI "}},{"type":"Feature","geometry":{"type":"Point","coordinates":[153.12477434222092,-25.511524758279087]},"properties":{"name":"EURONG RURAL","address":"JARVIS STREET","locality":"EURONG "}},{"type":"Feature","geometry":{"type":"Point","coordinates":[152.6534304468165,-27.45648026981857]},"properties":{"name":"FERNVALE RURAL","address":"BRISBANE VALLEY HIGHWAY","locality":"FERNVALE "}},{"type":"Feature","geometry":{"type":"Point","coordinates":[148.63561199963982,-21.139193080311635]},"properties":{"name":"FINCH HATTON RURAL","address":"54 MACKAY EUNGELLA ROAD","locality":"FINCH HATTON "}},{"type":"Feature","geometry":{"type":"Point","coordinates":[152.72194409785268,-27.789153101226628]},"properties":{"name":"FLINDERS PEAK RURAL","address":"9 FLINDERS - DOLOMITE ROAD","locality":"PEAK CROSSING "}},{"type":"Feature","geometry":{"type":"Point","coordinates":[151.4942823039218,-24.104247105815645]},"properties":{"name":"FORESHORES RURAL","address":"INTREPID DRIVE","locality":"FORESHORES "}},{"type":"Feature","geometry":{"type":"Point","coordinates":[150.9810522830459,-27.979637030000543]},"properties":{"name":"FOREST PINES RURAL","address":"ROSELLA AVENUE","locality":"THE PINES "}},{"type":"Feature","geometry":{"type":"Point","coordinates":[143.60186355717337,-18.58899377450768]},"properties":{"name":"FORSAYTH AND DISTRICT RURAL","address":"SECOND STREET","locality":"FORSAYTH "}},{"type":"Feature","geometry":{"type":"Point","coordinates":[152.14069578340147,-28.115147142783297]},"properties":{"name":"FREESTONE AND DISTRICT RURAL","address":"FREESTONE ROAD","locality":"WARWICK "}},{"type":"Feature","geometry":{"type":"Point","coordinates":[148.74172522635166,-21.157713387256486]},"properties":{"name":"GARGETT RURAL","address":"OFF GARGETT SEPTIMUS ROAD","locality":"GARGETT "}},{"type":"Feature","geometry":{"type":"Point","coordinates":[152.33371610505282,-27.49890737672799]},"properties":{"name":"GATTON SPRINGDALE RURAL","address":"GATTON-ESK ROAD","locality":"CLARENDON "}},{"type":"Feature","geometry":{"type":"Point","coordinates":[147.7195758695337,-23.465539479528545]},"properties":{"name":"GEMFIELDS RURAL","address":"10 FLAGON ALLEY","locality":"SAPPHIRE "}},{"type":"Feature","geometry":{"type":"Point","coordinates":[143.54699838524948,-18.29016743064315]},"properties":{"name":"GEORGETOWN RURAL","address":"GULF DEVELOPMENT ROAD","locality":"GEORGETOWN "}},{"type":"Feature","geometry":{"type":"Point","coordinates":[153.2812624921886,-28.028483607205544]},"properties":{"name":"GILSTON ADVANCETOWN RURAL","address":"442 NERANG MURWILLUMBAH ROAD","locality":"ADVANCETOWN "}},{"type":"Feature","geometry":{"type":"Point","coordinates":[151.95862799259126,-24.953520218965846]},"properties":{"name":"GIN GIN RURAL","address":"54 CRAWLERS ROAD","locality":"GIN GIN "}},{"type":"Feature","geometry":{"type":"Point","coordinates":[152.16121358836168,-25.003146047921575]},"properties":{"name":"GIVELDA RURAL","address":"CORNER OF MATTS ROAD AND PINE CREEK ROAD","locality":"GIVELDA "}},{"type":"Feature","geometry":{"type":"Point","coordinates":[152.24563849558365,-28.059693051542673]},"properties":{"name":"GLADFIELD MARYVALE RURAL","address":"CUNNINGHAM HIGHWAY","locality":"WARWICK "}},{"type":"Feature","geometry":{"type":"Point","coordinates":[152.95839311301876,-26.89746443373092]},"properties":{"name":"GLASS HOUSE MOUNTAINS RURAL","address":"RYAN STREET","locality":"GLASS HOUSE MOUNTAINS "}},{"type":"Feature","geometry":{"type":"Point","coordinates":[152.51971781410663,-26.21397659872919]},"properties":{"name":"GLASTONBURY RURAL","address":"BROOYAR ROAD","locality":"GLASTONBURY "}},{"type":"Feature","geometry":{"type":"Point","coordinates":[151.36948618698162,-26.383701429564073]},"properties":{"name":"GLENCOE RURAL","address":"80 MCLEAN ROAD","locality":"DURONG "}},{"type":"Feature","geometry":{"type":"Point","coordinates":[149.67698796379236,-27.248106953313687]},"properties":{"name":"GLENMORGAN RURAL","address":"GODFREY STREET","locality":"GLENMORGAN "}},{"type":"Feature","geometry":{"type":"Point","coordinates":[152.60680480354844,-25.93061949602767]},"properties":{"name":"GLENWOOD RURAL","address":"CORNER OF JAMES ROAD AND ARBOR TEN ROAD","locality":"GLENWOOD "}},{"type":"Feature","geometry":{"type":"Point","coordinates":[148.4969874776624,-20.09259230507664]},"properties":{"name":"GLOUCESTER RURAL","address":"42 OLIVE STREET","locality":"DINGO BEACH "}},{"type":"Feature","geometry":{"type":"Point","coordinates":[150.04337105070914,-23.66500270769264]},"properties":{"name":"GOGANGO RURAL","address":"14 WILLS STREET","locality":"GOGANGO "}},{"type":"Feature","geometry":{"type":"Point","coordinates":[152.41052330151993,-25.14637969637323]},"properties":{"name":"GOODWOOD RURAL","address":"LOT 121, GOODWOOD ROAD","locality":"GOODWOOD "}},{"type":"Feature","geometry":{"type":"Point","coordinates":[152.7759584555424,-26.087346164042966]},"properties":{"name":"GOOMBOORIAN RURAL","address":"TIN CAN BAY ROAD","locality":"GOOMBOORIAN "}},{"type":"Feature","geometry":{"type":"Point","coordinates":[151.85280406038507,-27.297236762627897]},"properties":{"name":"GOOMBUNGEE RURAL","address":"CORNER OF COOKE STREET AND HADENS STREET","locality":"GOOMBUNGEE "}},{"type":"Feature","geometry":{"type":"Point","coordinates":[150.28467560579415,-24.146098054092185]},"properties":{"name":"GOOVIGEN RURAL","address":"STONES CRESCENT","locality":"GOOVIGEN "}},{"type":"Feature","geometry":{"type":"Point","coordinates":[151.81743841634304,-27.479273470678702]},"properties":{"name":"GOWRIE LITTLE PLAIN RURAL","address":"GOWRIE STREET","locality":"KINGSTHORPE "}},{"type":"Feature","geometry":{"type":"Point","coordinates":[151.8969963129281,-27.485807806350167]},"properties":{"name":"GOWRIE LITTLE PLAIN RURAL","address":"JUNCTION DRIVE","locality":"GOWRIE JUNCTION "}},{"type":"Feature","geometry":{"type":"Point","coordinates":[151.8814361659345,-27.425056037379342]},"properties":{"name":"GOWRIE LITTLE PLAIN RURAL","address":"YALANGUR-LILYVALE ROAD","locality":"MERINGANDAN WEST "}},{"type":"Feature","geometry":{"type":"Point","coordinates":[151.82172680540583,-27.51645598338144]},"properties":{"name":"GOWRIE MOUNTAIN RURAL","address":"CORNER OF JANNUSCHS COURT AND ROWLAND COURT","locality":"GOWRIE MOUNTAIN "}},{"type":"Feature","geometry":{"type":"Point","coordinates":[150.4569702803943,-23.434525022703124]},"properties":{"name":"GRACEMERE RURAL","address":"PLATEN STREET","locality":"GRACEMERE "}},{"type":"Feature","geometry":{"type":"Point","coordinates":[152.4662870590187,-27.66638424202921]},"properties":{"name":"GRANDCHESTER RURAL","address":"GILLAMS RD","locality":"GRANDCHESTER "}},{"type":"Feature","geometry":{"type":"Point","coordinates":[152.20169236028556,-27.572907211451447]},"properties":{"name":"GRANTHAM RURAL","address":"1 CHRISTOPHER STREET","locality":"GRANTHAM "}},{"type":"Feature","geometry":{"type":"Point","coordinates":[149.30627906326575,-21.360722049495056]},"properties":{"name":"GRASSTREE RURAL","address":"40 ZELMA STREET","locality":"GRASSTREE BEACH "}},{"type":"Feature","geometry":{"type":"Point","coordinates":[150.93735673835525,-23.183057209347364]},"properties":{"name":"GREAT KEPPEL ISLAND RURAL","address":"GREAT KEPPEL ISLAND RESORT","locality":"GREAT KEPPEL ISLAND "}},{"type":"Feature","geometry":{"type":"Point","coordinates":[152.9587067112158,-27.70073237312738]},"properties":{"name":"GREENBANK RURAL","address":"143-145 ISON ROAD","locality":"GREENBANK "}},{"type":"Feature","geometry":{"type":"Point","coordinates":[151.76909193068929,-28.198716520692]},"properties":{"name":"GREYMARE RURAL","address":"MOUNTAIN MAID ROAD","locality":"WARWICK "}},{"type":"Feature","geometry":{"type":"Point","coordinates":[153.25224395006342,-27.93754651055091]},"properties":{"name":"GUANABA RURAL","address":"33 TARATA ROAD","locality":"GUANABA "}},{"type":"Feature","geometry":{"type":"Point","coordinates":[152.563009504223,-25.99459966622508]},"properties":{"name":"GUNALDA RURAL","address":"42 BALKIN STREET","locality":"GUNALDA "}},{"type":"Feature","geometry":{"type":"Point","coordinates":[152.6801305368093,-25.999925471834384]},"properties":{"name":"GUNALDA RURAL","address":"1301 ANDERLEIGH ROAD","locality":"ANDERLEIGH "}},{"type":"Feature","geometry":{"type":"Point","coordinates":[152.54101421849094,-25.827951112714018]},"properties":{"name":"GUNDIAH RURAL","address":"OLD GYMPIE ROAD","locality":"GUNDIAH "}},{"type":"Feature","geometry":{"type":"Point","coordinates":[152.63835045974218,-26.23302579957877]},"properties":{"name":"GYMPIE SOUTH RURAL","address":"CORNER OF LAWSON ROAD AND REGAN ROAD","locality":"MCINTOSH CREEK "}},{"type":"Feature","geometry":{"type":"Point","coordinates":[149.07706222185206,-21.038002807326]},"properties":{"name":"HABANA RURAL","address":"YAKAPARI HABANA STREET","locality":"HABANA "}},{"type":"Feature","geometry":{"type":"Point","coordinates":[151.88163363714395,-27.223440141807213]},"properties":{"name":"HADEN AND DISTRICT RURAL","address":"COLLINS ROAD","locality":"HADEN "}},{"type":"Feature","geometry":{"type":"Point","coordinates":[152.4622060817609,-27.57507661990966]},"properties":{"name":"HATTONVALE SUMMERHOLM RURAL","address":"WOOLSHED CREEK ROAD","locality":"PLAINLAND "}},{"type":"Feature","geometry":{"type":"Point","coordinates":[149.28707690822185,-21.294846751303332]},"properties":{"name":"HAY POINT RURAL","address":"HAYPOINT ROAD","locality":"HAY POINT "}},{"type":"Feature","geometry":{"type":"Point","coordinates":[146.45144746175052,-19.37538680587254]},"properties":{"name":"HERVEYS RANGE RURAL","address":"KATHERINE ROAD","locality":"HERVEY RANGE "}},{"type":"Feature","geometry":{"type":"Point","coordinates":[151.1178528088697,-25.371040619951724]},"properties":{"name":"HOLLYWELL DALGANGAL RURAL","address":"28 MT ROSE STREET","locality":"EIDSVOLD "}},{"type":"Feature","geometry":{"type":"Point","coordinates":[146.8627460992766,-19.12653417038086]},"properties":{"name":"HORSESHOE BAY RURAL","address":"HORSESHOE BAY ROAD","locality":"MAGNETIC ISLAND "}},{"type":"Feature","geometry":{"type":"Point","coordinates":[152.56689983662173,-25.321078185153482]},"properties":{"name":"HOWARD TORBANLEA RURAL","address":"STELEY STREET","locality":"HOWARD "}},{"type":"Feature","geometry":{"type":"Point","coordinates":[149.44825602834544,-21.680764795339545]},"properties":{"name":"ILBILBIE RURAL","address":"PACIFIC AVENUE","locality":"ILBILBIE "}},{"type":"Feature","geometry":{"type":"Point","coordinates":[144.5089692975022,-23.488102704266446]},"properties":{"name":"ILFRACOMBE RURAL","address":"CHURCH STREET","locality":"ILFRACOMBE "}},{"type":"Feature","geometry":{"type":"Point","coordinates":[145.23730568012041,-17.667221705203577]},"properties":{"name":"INNOT HOT SPRINGS RURAL","address":"KENNEDY HIGHWAY","locality":"INNOT HOT SPRINGS "}},{"type":"Feature","geometry":{"type":"Point","coordinates":[152.12497638534313,-27.55876328189925]},"properties":{"name":"IREDALE FLAGSTONE RURAL","address":"LOCKYER CREEK ROAD","locality":"HELIDON "}},{"type":"Feature","geometry":{"type":"Point","coordinates":[152.11663416820227,-27.616549696546173]},"properties":{"name":"IREDALE FLAGSTONE RURAL","address":"SCHOOL ROAD","locality":"FLAGSTONE CREEK "}},{"type":"Feature","geometry":{"type":"Point","coordinates":[151.4293562760989,-26.613449002019262]},"properties":{"name":"IRONPOT RURAL","address":"IRONPOT CREEK ROAD","locality":"IRONPOT "}},{"type":"Feature","geometry":{"type":"Point","coordinates":[145.20545985991066,-17.429145053006376]},"properties":{"name":"IRVINEBANK RURAL","address":"CORNER OF IBIS ROAD AND JESSIE ROAD","locality":"IRVINEBANK "}},{"type":"Feature","geometry":{"type":"Point","coordinates":[153.02506693573463,-27.82907306879055]},"properties":{"name":"JIMBOOMBA RURAL","address":"22 JOHNANNA STREET","locality":"JIMBOOMBA "}},{"type":"Feature","geometry":{"type":"Point","coordinates":[151.59183803300058,-27.36862030533616]},"properties":{"name":"JONDARYAN RURAL","address":"DUKE STREET","locality":"JONDARYAN "}},{"type":"Feature","geometry":{"type":"Point","coordinates":[145.34042244520168,-16.594044520145353]},"properties":{"name":"JULATTEN RURAL","address":"2 MT KOOYONG ROAD","locality":"JULATTEN "}},{"type":"Feature","geometry":{"type":"Point","coordinates":[143.0596827709076,-24.833614185846706]},"properties":{"name":"JUNDAH TOWN RURAL","address":"28 MILES STREET","locality":"JUNDAH "}},{"type":"Feature","geometry":{"type":"Point","coordinates":[151.43431206130202,-27.06062050603335]},"properties":{"name":"KAIMKILLENBUN RURAL","address":"MOFFAT STREET","locality":"KAIMKILLENBUN "}},{"type":"Feature","geometry":{"type":"Point","coordinates":[150.26772676346624,-23.51050715135728]},"properties":{"name":"KALAPA RURAL","address":"BLACK MT ROAD","locality":"KALAPA "}},{"type":"Feature","geometry":{"type":"Point","coordinates":[152.6239470235842,-27.940787941714415]},"properties":{"name":"KALBAR RURAL","address":"GEORGE STREET, GEORGE STREET, KALBAR QLD 4309","locality":"KALBAR "}},{"type":"Feature","geometry":{"type":"Point","coordinates":[152.67366374735315,-26.32172559578377]},"properties":{"name":"KANDANGA RURAL","address":"MULLER ROAD","locality":"DAGUN "}},{"type":"Feature","geometry":{"type":"Point","coordinates":[152.68014086077721,-26.386620648945684]},"properties":{"name":"KANDANGA RURAL","address":"81 MAIN STREET","locality":"KANDANGA "}},{"type":"Feature","geometry":{"type":"Point","coordinates":[151.56580610344898,-28.207437308437697]},"properties":{"name":"KARARA RURAL","address":"CORNER OF TOOWOOMBA ROAD AND TOWN ROAD","locality":"KARARA "}},{"type":"Feature","geometry":{"type":"Point","coordinates":[153.37019597585038,-27.636811481155917]},"properties":{"name":"KARRAGARRA ISLAND RURAL","address":"11 NOYES PARADE","locality":"KARRAGARRA ISLAND "}},{"type":"Feature","geometry":{"type":"Point","coordinates":[152.7266751745361,-26.59463740822313]},"properties":{"name":"KENILWORTH RURAL","address":"CORNER OF ANNE STREET AND PHILLIPS STREET","locality":"KENILWORTH "}},{"type":"Feature","geometry":{"type":"Point","coordinates":[145.93698758978888,-18.231416758912328]},"properties":{"name":"KENNEDY VALLEY RURAL","address":"ELLERBECK ROAD","locality":"CARRUCHAN "}},{"type":"Feature","geometry":{"type":"Point","coordinates":[150.7909586892224,-23.324053135093177]},"properties":{"name":"KEPPEL SANDS RURAL","address":"MUSA DRIVE","locality":"KEPPEL SANDS "}},{"type":"Feature","geometry":{"type":"Point","coordinates":[153.02774595332255,-28.104807450223102]},"properties":{"name":"KERRY RURAL","address":"1488 KERRY ROAD","locality":"KERRY "}},{"type":"Feature","geometry":{"type":"Point","coordinates":[153.02535322220115,-26.647152157443482]},"properties":{"name":"KIEL MOUNTAIN ROAD RURAL","address":"682 DIDDILLIBAH ROAD","locality":"KIELS MOUNTAIN "}},{"type":"Feature","geometry":{"type":"Point","coordinates":[152.24160025872757,-26.08565589649489]},"properties":{"name":"KILKIVAN RURAL","address":"26 BLIGH STREET","locality":"KILKIVAN "}},{"type":"Feature","geometry":{"type":"Point","coordinates":[152.29722395491868,-28.332826223699236]},"properties":{"name":"KILLARNEY DISTRICT RURAL","address":"IVY STREET","locality":"KILLARNEY "}},{"type":"Feature","geometry":{"type":"Point","coordinates":[152.87516755703746,-26.262899960333627]},"properties":{"name":"KIN KIN RURAL","address":"59 MAIN STREET","locality":"KIN KIN "}},{"type":"Feature","geometry":{"type":"Point","coordinates":[145.5497767201423,-16.876173025058005]},"properties":{"name":"KOAH RURAL","address":"249 KOAH ROAD","locality":"KURANDA "}},{"type":"Feature","geometry":{"type":"Point","coordinates":[150.7569999504831,-27.03702713903124]},"properties":{"name":"KOGAN AND DISTRICT RURAL","address":"2 HIGH STREET","locality":"KOGAN "}},{"type":"Feature","geometry":{"type":"Point","coordinates":[149.24322010150988,-21.606477948182985]},"properties":{"name":"KOUMALA RURAL","address":"BULL STREET","locality":"KOUMALA "}},{"type":"Feature","geometry":{"type":"Point","coordinates":[141.75053021960878,-15.483325725747445]},"properties":{"name":"KOWANYAMA RURAL","address":"EDWARD RIVER ROAD","locality":"KOWANYAMA "}},{"type":"Feature","geometry":{"type":"Point","coordinates":[151.01048545073422,-26.052926306499263]},"properties":{"name":"KRAGRA MONOGORILBY RURAL","address":"MONOGORILBY ROAD","locality":"MONOGORILBY "}},{"type":"Feature","geometry":{"type":"Point","coordinates":[145.60491935985988,-16.8075294533213]},"properties":{"name":"KURANDA MYOLA RURAL","address":"203 MYOLA ROAD","locality":"KURANDA "}},{"type":"Feature","geometry":{"type":"Point","coordinates":[152.89939615480068,-26.610077425536858]},"properties":{"name":"KUREELPA RURAL","address":"CORNER OF BULLOCK COURT","locality":"KUREELPA "}},{"type":"Feature","geometry":{"type":"Point","coordinates":[152.7352540975976,-26.292856355654944]},"properties":{"name":"KYBONG RURAL","address":"BURRIDGE ROAD","locality":"KYBONG "}},{"type":"Feature","geometry":{"type":"Point","coordinates":[141.92051065546,-21.576906581890324]},"properties":{"name":"KYNUNA RURAL","address":"SCHOOL ROAD","locality":"KYNUNA "}},{"type":"Feature","geometry":{"type":"Point","coordinates":[153.37352597634526,-27.63015548144222]},"properties":{"name":"LAMB ISLAND RURAL","address":"4 LUCAS DRIVE","locality":"LAMB ISLAND "}},{"type":"Feature","geometry":{"type":"Point","coordinates":[152.95910482651783,-26.80444906906021]},"properties":{"name":"LANDSBOROUGH RURAL","address":"49 MALENY ROAD","locality":"LANDSBOROUGH "}},{"type":"Feature","geometry":{"type":"Point","coordinates":[145.71366484212055,-17.135841616757464]},"properties":{"name":"LITTLE MULGRAVE RURAL","address":"LITTLE MULGRAVE ROAD","locality":"MOUNT PETER"}},{"type":"Feature","geometry":{"type":"Point","coordinates":[152.41655676372642,-27.453240471471698]},"properties":{"name":"LOCKYER WATERS RURAL","address":"LOT 18, ","locality":"LOCKYER WATERS "}},{"type":"Feature","geometry":{"type":"Point","coordinates":[153.10109578391064,-27.78614719109674]},"properties":{"name":"LOGAN VILLAGE RURAL","address":"1464 WATERFORD-TAMBORINE ROAD","locality":"LOGAN VILLAGE "}},{"type":"Feature","geometry":{"type":"Point","coordinates":[153.23565993558734,-28.06433647086675]},"properties":{"name":"LOWER BEECHMONT RURAL","address":"2 MIRANI STREET","locality":"LOWER BEECHMONT "}},{"type":"Feature","geometry":{"type":"Point","coordinates":[152.51256605934898,-27.711777395934643]},"properties":{"name":"LOWER MOUNT WALKER RURAL","address":"1-13 MCCORMACK ROAD","locality":"LOWER MOUNT WALKER "}},{"type":"Feature","geometry":{"type":"Point","coordinates":[145.2861012144275,-17.633107020259708]},"properties":{"name":"LOWER SILVER VALLEY RURAL","address":"CORNER OF SILVER VALLEY ROAD AND SHADY CREEK ROAD","locality":"INNOT HOT SPRINGS "}},{"type":"Feature","geometry":{"type":"Point","coordinates":[151.75353117331954,-24.533286509904197]},"properties":{"name":"LOWMEAD RURAL","address":"CLAYTON ROAD","locality":"LOWMEAD "}},{"type":"Feature","geometry":{"type":"Point","coordinates":[153.35533698102714,-27.608918479424393]},"properties":{"name":"MACLEAY ISLAND RURAL","address":"HIGH CENTRAL ROAD","locality":"MACLEAY ISLAND "}},{"type":"Feature","geometry":{"type":"Point","coordinates":[151.7983228828156,-26.84787861385868]},"properties":{"name":"MAIDENWELL AND DISTRICT RURAL","address":"KINGAROY COOYAR RD","locality":"MAIDENWELL "}},{"type":"Feature","geometry":{"type":"Point","coordinates":[151.93730926287841,-26.53969433071909]},"properties":{"name":"MALAR BOOIE RURAL","address":"113 HILLSDALE ROAD","locality":"KINGAROY "}},{"type":"Feature","geometry":{"type":"Point","coordinates":[151.38186159089244,-24.52881719173012]},"properties":{"name":"MANY PEAKS RURAL","address":"CHERRY LANE","locality":"BUILYAN "}},{"type":"Feature","geometry":{"type":"Point","coordinates":[152.8628471565771,-26.626252422018876]},"properties":{"name":"MAPLETON RURAL","address":"37 OBI OBI ROAD","locality":"MAPLETON "}},{"type":"Feature","geometry":{"type":"Point","coordinates":[152.58639224354573,-27.56514640605325]},"properties":{"name":"MARBURG DISTRICT RURAL","address":"EDMOND STREET","locality":"MARBURG "}},{"type":"Feature","geometry":{"type":"Point","coordinates":[148.93526568357618,-21.128312819158282]},"properties":{"name":"MARIAN RURAL","address":"MIRABELLAS ROAD","locality":"MARIAN "}},{"type":"Feature","geometry":{"type":"Point","coordinates":[149.89186412904593,-22.814057762318495]},"properties":{"name":"MARLBOROUGH RURAL","address":"29 RAILWAY STREET","locality":"MARLBOROUGH "}},{"type":"Feature","geometry":{"type":"Point","coordinates":[150.70837429845912,-23.680194399500923]},"properties":{"name":"MARMOR RURAL","address":"ROGERS STREET","locality":"MARMOR "}},{"type":"Feature","geometry":{"type":"Point","coordinates":[152.97211584358064,-26.55936335740341]},"properties":{"name":"MAROOCHY RIVER RURAL","address":"11 BANYANDAH STREET","locality":"YANDINA "}},{"type":"Feature","geometry":{"type":"Point","coordinates":[150.6287567816923,-23.0322071799013]},"properties":{"name":"MARYVALE RURAL","address":"5 PADDYS SWAMP ROAD","locality":"YEPPOON "}},{"type":"Feature","geometry":{"type":"Point","coordinates":[151.76126769132907,-26.317200968090585]},"properties":{"name":"MCEUEN RURAL","address":"474 CUSHNIE ROAD","locality":"WONDAI "}},{"type":"Feature","geometry":{"type":"Point","coordinates":[141.29044890397563,-21.271874942752106]},"properties":{"name":"MCKINLAY TOWN RURAL","address":"LANDSBOROUGH HIGHWAY","locality":"MCKINLAY "}},{"type":"Feature","geometry":{"type":"Point","coordinates":[148.70952197518645,-20.643896808260394]},"properties":{"name":"MIDGE POINT RURAL","address":"BUNDERSON AVENUE","locality":"MIDGE POINT "}},{"type":"Feature","geometry":{"type":"Point","coordinates":[145.43921276081358,-17.665927741099434]},"properties":{"name":"MILLSTREAM SOUTH RURAL","address":"WOOROORA ROAD","locality":"RAVENSHOE "}},{"type":"Feature","geometry":{"type":"Point","coordinates":[148.87194236508716,-21.165949168174187]},"properties":{"name":"MIRANI TOWN RURAL","address":"LEICHHART STREET","locality":"MIRANI "}},{"type":"Feature","geometry":{"type":"Point","coordinates":[152.8945431451152,-26.69244942571103]},"properties":{"name":"MONTVILLE RURAL","address":"WESTERN AVENUE","locality":"MONTVILLE "}},{"type":"Feature","geometry":{"type":"Point","coordinates":[152.27416564977966,-26.839624980697117]},"properties":{"name":"MOORE LINVILLE RURAL","address":"83 GEORGE STREET","locality":"LINVILLE "}},{"type":"Feature","geometry":{"type":"Point","coordinates":[152.28979334548424,-26.894550675656856]},"properties":{"name":"MOORE LINVILLE RURAL","address":"19 MAIN STREET","locality":"MOORE "}},{"type":"Feature","geometry":{"type":"Point","coordinates":[152.26752244506233,-24.713070347874563]},"properties":{"name":"MOORE PARK RURAL","address":"34 PALM VIEW DRIVE","locality":"MOORE PARK BEACH "}},{"type":"Feature","geometry":{"type":"Point","coordinates":[153.36704604154866,-27.124780476777822]},"properties":{"name":"MORETON ISLAND RURAL","address":"46-48 WILLIAM LESLIE STREET","locality":"COWAN COWAN "}},{"type":"Feature","geometry":{"type":"Point","coordinates":[153.3700473305964,-27.07467260468435]},"properties":{"name":"MORETON ISLAND RURAL","address":"84 MORETON STREET","locality":"MORETON ISLAND "}},{"type":"Feature","geometry":{"type":"Point","coordinates":[153.42204000715944,-27.348964484157978]},"properties":{"name":"MORETON ISLAND RURAL","address":"73 GOONDALL STREET","locality":"KOORINGAL "}},{"type":"Feature","geometry":{"type":"Point","coordinates":[152.764689152585,-26.235696599117528]},"properties":{"name":"MOTHAR MOUNTAIN TANDUR RURAL","address":"HARTWIG ROAD","locality":"MOTHAR MOUNTAIN "}},{"type":"Feature","geometry":{"type":"Point","coordinates":[152.77050724108003,-26.29227328115019]},"properties":{"name":"MOTHAR MOUNTAIN TANDUR RURAL","address":"1583 NOOSA ROAD","locality":"TANDUR "}},{"type":"Feature","geometry":{"type":"Point","coordinates":[151.98367620198292,-27.00911733891336]},"properties":{"name":"MOUNT BINGA RURAL","address":"LOT 95,  LEASEA MOUNT ROAD","locality":"MOUNT BINGA "}},{"type":"Feature","geometry":{"type":"Point","coordinates":[152.0150761171056,-27.683657347262077]},"properties":{"name":"MOUNT CAMPBELL RURAL","address":"WALKERS ROAD","locality":"ROCKMOUNT "}},{"type":"Feature","geometry":{"type":"Point","coordinates":[145.1207888700252,-17.678564875351363]},"properties":{"name":"MOUNT GARNET RURAL","address":"AGATE STREET","locality":"MOUNT GARNET "}},{"type":"Feature","geometry":{"type":"Point","coordinates":[152.38643722248182,-27.34328337165375]},"properties":{"name":"MOUNT HALLEN RURAL","address":"59 WINDSOR DRIVE","locality":"ESK "}},{"type":"Feature","geometry":{"type":"Point","coordinates":[147.3231373732951,-19.660476873988348]},"properties":{"name":"MOUNT KELLY RURAL","address":"10 MOUNT KELLY DRIVE","locality":"MOUNT KELLY "}},{"type":"Feature","geometry":{"type":"Point","coordinates":[152.6127961513232,-26.88024739923261]},"properties":{"name":"MOUNT KILCOY SANDY CREEK RURAL","address":"621 SANDY CREEK ROAD","locality":"MOUNT KILCOY "}},{"type":"Feature","geometry":{"type":"Point","coordinates":[150.98294559170495,-23.807055827706517]},"properties":{"name":"MOUNT LARCOM RURAL","address":"50 POPENIA RD","locality":"MOUNT LARCOM "}},{"type":"Feature","geometry":{"type":"Point","coordinates":[151.21664904470208,-23.92211856230796]},"properties":{"name":"MOUNT MAURICE RURAL","address":"MCGRATH ROAD","locality":"KIRKWOOD "}},{"type":"Feature","geometry":{"type":"Point","coordinates":[152.76893411267574,-27.060403416132075]},"properties":{"name":"MOUNT MEE RURAL","address":"THOMAS ROAD","locality":"MOUNT MEE "}},{"type":"Feature","geometry":{"type":"Point","coordinates":[145.33642509958918,-16.673181660546707]},"properties":{"name":"MOUNT MOLLOY RURAL","address":"MAIN STREET","locality":"MOUNT MOLLOY "}},{"type":"Feature","geometry":{"type":"Point","coordinates":[152.42474596973878,-27.80207395602004]},"properties":{"name":"MOUNT MORT RURAL","address":"CORNER OF GREYS PLAINS ROAD AND ALPERS ROAD","locality":"MOUNT MORT "}},{"type":"Feature","geometry":{"type":"Point","coordinates":[144.32395140424688,-18.145336048431247]},"properties":{"name":"MOUNT SURPRISE RURAL","address":"GULF DEVELOPMENT ROAD","locality":"MOUNT SURPRISE "}},{"type":"Feature","geometry":{"type":"Point","coordinates":[152.535847821285,-27.780322713764786]},"properties":{"name":"MOUNT WALKER RURAL","address":"ROSEWOOD-WARILL VIEW ROAD","locality":"MOUNT WALKER WEST "}},{"type":"Feature","geometry":{"type":"Point","coordinates":[153.32837792124465,-28.096421480520142]},"properties":{"name":"MUDGEERABA RURAL","address":"415 SPRINGBROOK ROAD","locality":"MUDGEERABA "}},{"type":"Feature","geometry":{"type":"Point","coordinates":[152.36236389249612,-27.729864462345386]},"properties":{"name":"MULGOWIE RURAL","address":"BECKMAN ROAD","locality":"MULGOWIE "}},{"type":"Feature","geometry":{"type":"Point","coordinates":[152.619248844696,-26.241157072757044]},"properties":{"name":"MUMBEANNA RURAL","address":"CORNER OF HERRON ROAD AND EEL CREEK ROAD","locality":"PIE CREEK "}},{"type":"Feature","geometry":{"type":"Point","coordinates":[152.5913686436712,-25.60161827384367]},"properties":{"name":"MUNGAR YERRA RURAL","address":"20 KAURIE STREET","locality":"MUNGAR "}},{"type":"Feature","geometry":{"type":"Point","coordinates":[152.05271857434516,-27.45869073012401]},"properties":{"name":"MURPHYS CREEK RURAL","address":"30 MURPHYS CREEK ROAD","locality":"MURPHYS CREEK "}},{"type":"Feature","geometry":{"type":"Point","coordinates":[152.65008819224343,-27.752811326823085]},"properties":{"name":"MUTDAPILLY RURAL","address":"GIMPLES ROAD","locality":"MUTDAPILLY "}},{"type":"Feature","geometry":{"type":"Point","coordinates":[144.54907290350744,-22.594372656742866]},"properties":{"name":"MUTTABURRA RURAL","address":"CORNISH STREET","locality":"MUTTABURRA "}},{"type":"Feature","geometry":{"type":"Point","coordinates":[151.69992318197805,-27.186887283163472]},"properties":{"name":"MYALL VALLEY RURAL","address":"7 BECKMAN ST","locality":"KULPI"}},{"type":"Feature","geometry":{"type":"Point","coordinates":[150.66184674532073,-23.34685718551452]},"properties":{"name":"NANKIN RURAL","address":"SLEIPNER ROAD","locality":"NANKIN "}},{"type":"Feature","geometry":{"type":"Point","coordinates":[148.6925577411643,-21.688333081619497]},"properties":{"name":"NEBO TOWN RURAL","address":"REYNOLDS STREET","locality":"NEBO "}},{"type":"Feature","geometry":{"type":"Point","coordinates":[152.75685424356803,-26.004340406476214]},"properties":{"name":"NEERDIE RURAL","address":"ANDERLEIGH STREET","locality":"NEERDIE "}},{"type":"Feature","geometry":{"type":"Point","coordinates":[152.804415058001,-25.31722423663351]},"properties":{"name":"NIKENBAH RURAL","address":"ALLBORG ROAD","locality":"NIKENBAH "}},{"type":"Feature","geometry":{"type":"Point","coordinates":[146.95305837980533,-19.388220488408464]},"properties":{"name":"NOME DISTRICT RURAL","address":"2 ALLIGATOR CREEK ROAD","locality":"ALLIGATOR CREEK "}},{"type":"Feature","geometry":{"type":"Point","coordinates":[153.04502516735957,-26.387759438339135]},"properties":{"name":"NOOSA NORTH SHORE RURAL","address":"HOMEPORT ROAD","locality":"NORTH SHORE "}},{"type":"Feature","geometry":{"type":"Point","coordinates":[141.07924449762567,-17.67313194975768]},"properties":{"name":"NORMANTON RURAL","address":"THOMPSON STREET","locality":"NORMANTON "}},{"type":"Feature","geometry":{"type":"Point","coordinates":[152.04580216822717,-25.382782939851502]},"properties":{"name":"NORTH DALLARNIL RURAL","address":"ISIS HIGHWAY","locality":"DALLARNIL "}},{"type":"Feature","geometry":{"type":"Point","coordinates":[151.94770109437053,-28.551009407540516]},"properties":{"name":"NORTH GRANITE BELT RURAL","address":"AMIENS THULIMBAH ROAD","locality":"STANTHORPE "}},{"type":"Feature","geometry":{"type":"Point","coordinates":[145.4195645190985,-17.652895519628068]},"properties":{"name":"NORTH MILLSTREAM RURAL","address":"MILLSTREAM PARADE","locality":"MILLSTREAM "}},{"type":"Feature","geometry":{"type":"Point","coordinates":[153.22377504734305,-28.13857352424572]},"properties":{"name":"NUMINBAH VALLEY RURAL","address":"2148 NERANG-MURWILLUMBAH ROAD","locality":"NUMINBAH VALLEY "}},{"type":"Feature","geometry":{"type":"Point","coordinates":[146.8229074310807,-19.415616833828977]},"properties":{"name":"OAK VALLEY RURAL","address":"56 CHISHOLM TRAIL","locality":"OAK VALLEY "}},{"type":"Feature","geometry":{"type":"Point","coordinates":[152.81572209812202,-27.137783421400137]},"properties":{"name":"OCEAN VIEW RURAL","address":"JAMES STREET","locality":"OCEAN VIEW "}},{"type":"Feature","geometry":{"type":"Point","coordinates":[149.66311278592542,-22.627288110797032]},"properties":{"name":"OGMORE RURAL","address":"DEMPSEY STREET","locality":"OGMORE "}},{"type":"Feature","geometry":{"type":"Point","coordinates":[153.31496770515542,-24.961124979012467]},"properties":{"name":"ORCHID BEACH RURAL","address":"NGKALA ROAD","locality":"ORCHID BEACH "}},{"type":"Feature","geometry":{"type":"Point","coordinates":[153.2594796545566,-27.802809391224294]},"properties":{"name":"ORMEAU RURAL","address":"31 UPPER ORMEAU ROAD","locality":"ORMEAU "}},{"type":"Feature","geometry":{"type":"Point","coordinates":[152.95703555925058,-26.687541502919238]},"properties":{"name":"PALMWOODS RURAL","address":"MARGARET ST","locality":"PALMWOODS "}},{"type":"Feature","geometry":{"type":"Point","coordinates":[146.20679162334824,-19.007534141895125]},"properties":{"name":"PALUMA RURAL","address":"CORNER OF MOUNT SPEC ROAD AND SMITH CRESCENT","locality":"PALUMA "}},{"type":"Feature","geometry":{"type":"Point","coordinates":[151.41103844552075,-27.79125080959149]},"properties":{"name":"PAMPAS RURAL","address":"LOT 2,  GORE HIGHWAY","locality":"PAMPAS "}},{"type":"Feature","geometry":{"type":"Point","coordinates":[145.3986244505936,-20.523686740250106]},"properties":{"name":"PENTLAND TOWN RURAL","address":"CORNER OF GILMORE STREET AND MILLS STREET","locality":"PENTLAND "}},{"type":"Feature","geometry":{"type":"Point","coordinates":[151.69474314831157,-27.146699833353033]},"properties":{"name":"PERANGA RURAL","address":"32 DENHAM STREET","locality":"PERANGA "}},{"type":"Feature","geometry":{"type":"Point","coordinates":[151.96880641579034,-25.210777323039178]},"properties":{"name":"PERRY RIVER RURAL","address":"GOODNIGHT ROAD","locality":"MORGANVILLE "}},{"type":"Feature","geometry":{"type":"Point","coordinates":[151.64129661262413,-25.17645058648187]},"properties":{"name":"PERRY SHIRE RURAL","address":"ELLIOT STREET","locality":"MOUNT PERRY "}},{"type":"Feature","geometry":{"type":"Point","coordinates":[151.99710512235876,-27.0940184088794]},"properties":{"name":"EMU CREEK RURAL","address":"PIERCES CREEK ROAD","locality":"CROWS NEST "}},{"type":"Feature","geometry":{"type":"Point","coordinates":[152.71371840047811,-27.543517086476555]},"properties":{"name":"PINE MOUNTAIN DISTRICT RURAL","address":"2 RUSSELLS ROAD","locality":"PINE MOUNTAIN "}},{"type":"Feature","geometry":{"type":"Point","coordinates":[149.1438797732432,-21.456038804488262]},"properties":{"name":"PLANE CREEK RURAL","address":"TARA CREEK ROAD","locality":"SARINA "}},{"type":"Feature","geometry":{"type":"Point","coordinates":[139.25638803818705,-18.648036378642683]},"properties":{"name":"PLANET DOWNS RURAL","address":"LOT 5, ","locality":"GREGORY "}},{"type":"Feature","geometry":{"type":"Point","coordinates":[151.7842217826379,-28.08646971426196]},"properties":{"name":"PRATTEN BONY MOUNTAIN RURAL","address":"101 WHITE STREET","locality":"PRATTEN "}},{"type":"Feature","geometry":{"type":"Point","coordinates":[152.5262514449813,-27.517296013749622]},"properties":{"name":"PRENZLAU RURAL","address":"278 SCHULZ ROAD","locality":"PRENZLAU "}},{"type":"Feature","geometry":{"type":"Point","coordinates":[146.58305707067794,-19.197623925092362]},"properties":{"name":"PURONO RURAL","address":"PURONO PARKWAY","locality":"YABULU "}},{"type":"Feature","geometry":{"type":"Point","coordinates":[146.63615014931838,-19.312871583006093]},"properties":{"name":"RANGEWOOD RURAL","address":"MT MARGARET DRIVE","locality":"RANGEWOOD "}},{"type":"Feature","geometry":{"type":"Point","coordinates":[152.123667934035,-27.373476938312127]},"properties":{"name":"RAVENSBOURNE AND PERSEVERANCE RURAL","address":"HAMPTON ESK ROAD","locality":"RAVENSBOURNE "}},{"type":"Feature","geometry":{"type":"Point","coordinates":[146.85447947873618,-19.714364582721217]},"properties":{"name":"REID RIVER RURAL","address":"PLANT HILL ROAD","locality":"REID RIVER "}},{"type":"Feature","geometry":{"type":"Point","coordinates":[152.76435711221856,-26.45146350881684]},"properties":{"name":"RIDGEWOOD RURAL","address":"CORNER OF POULSEN ROAD AND JUBILEE ROAD","locality":"CARTERS RIDGE "}},{"type":"Feature","geometry":{"type":"Point","coordinates":[152.80383182130421,-27.690609382587635]},"properties":{"name":"RIPLEY VALLEY RURAL","address":"238 RIPLEY ROAD","locality":"RIPLEY "}},{"type":"Feature","geometry":{"type":"Point","coordinates":[152.9145119074167,-25.415580641407924]},"properties":{"name":"RIVER HEADS KINGFISHER RURAL","address":"1 MCIVOR STREET","locality":"RIVER HEADS "}},{"type":"Feature","geometry":{"type":"Point","coordinates":[152.68365162197705,-27.91721421843639]},"properties":{"name":"ROADVALE RURAL","address":"LOT 4 GRAY STREET","locality":"ROADVALE "}},{"type":"Feature","geometry":{"type":"Point","coordinates":[152.86463044757858,-27.124675422169595]},"properties":{"name":"ROCKSBERG MOORINA RURAL","address":"1026 CABOOLTURE RIVER ROAD","locality":"ROCKSBERG "}},{"type":"Feature","geometry":{"type":"Point","coordinates":[153.3377742235115,-27.77584255295579]},"properties":{"name":"ROCKY POINT RURAL","address":"269 SKOPPS ROAD","locality":"NORWELL "}},{"type":"Feature","geometry":{"type":"Point","coordinates":[148.6266238295524,-24.463751102970463]},"properties":{"name":"ROLLESTON RURAL","address":"CNR BROWN STREET AND DAWSON HIGHWAY","locality":"ROLLESTON "}},{"type":"Feature","geometry":{"type":"Point","coordinates":[146.4087712757647,-19.044972152949498]},"properties":{"name":"ROLLINGSTONE RURAL","address":"71 HERALD STREET","locality":"ROLLINGSTONE "}},{"type":"Feature","geometry":{"type":"Point","coordinates":[151.914743331926,-24.631057504116892]},"properties":{"name":"ROSEDALE RURAL","address":"2 CALLAGHAN STREET","locality":"ROSEDALE "}},{"type":"Feature","geometry":{"type":"Point","coordinates":[152.49049604235915,-27.867847394990267]},"properties":{"name":"ROSEVALE RURAL","address":"ELAVESOR DRIVE","locality":"ROSEVALE "}},{"type":"Feature","geometry":{"type":"Point","coordinates":[146.6015904545316,-19.32888681657457]},"properties":{"name":"RUPERTSWOOD RURAL","address":"PROGRESS ROAD","locality":"RUPERTSWOOD "}},{"type":"Feature","geometry":{"type":"Point","coordinates":[153.37530294643523,-27.659135514851766]},"properties":{"name":"RUSSELL ISLAND RURAL","address":"JACKSON ROAD","locality":"RUSSELL ISLAND "}},{"type":"Feature","geometry":{"type":"Point","coordinates":[149.53667399993438,-22.346868912518488]},"properties":{"name":"SAINT LAWRENCE RURAL","address":"3 WILANGI STREET","locality":"ST LAWRENCE "}},{"type":"Feature","geometry":{"type":"Point","coordinates":[152.8851620619458,-27.368438430150892]},"properties":{"name":"SAMFORD RURAL","address":"STATION ROAD","locality":"SAMFORD "}},{"type":"Feature","geometry":{"type":"Point","coordinates":[152.8371070819705,-27.249237424414115]},"properties":{"name":"SAMSONVALE RURAL","address":"CORNER OF KOBBLE CREEK ROAD AND MT SAMSON ROAD","locality":"KOBBLE CREEK "}},{"type":"Feature","geometry":{"type":"Point","coordinates":[152.02550151180938,-26.51388298500087]},"properties":{"name":"SANDY RIDGES RURAL","address":"1849 BURNETT HIGHWAY","locality":"SANDY RIDGES "}},{"type":"Feature","geometry":{"type":"Point","coordinates":[152.9111492256991,-25.72070099654919]},"properties":{"name":"SANDY STRAITS RURAL","address":"7 SNAPPER DRIVE","locality":"POONA "}},{"type":"Feature","geometry":{"type":"Point","coordinates":[151.05674498003128,-27.975890874970496]},"properties":{"name":"SCRUBBY CREEK RURAL","address":"147 CAMELLIA COURT","locality":"MILLMERRAN "}},{"type":"Feature","geometry":{"type":"Point","coordinates":[151.05674498003128,-27.975890874970496]},"properties":{"name":"SCRUBBY CREEK RURAL","address":"32 CAMELIA COURT","locality":"MILLMERRAN "}},{"type":"Feature","geometry":{"type":"Point","coordinates":[148.9675717715269,-20.902071587964347]},"properties":{"name":"SEAFORTH TOWN RURAL","address":"GEORGE STREET","locality":"SEAFORTH "}},{"type":"Feature","geometry":{"type":"Point","coordinates":[151.27593605294967,-28.900277286523032]},"properties":{"name":"SILVER SPUR RURAL","address":"RALEIGH ROAD","locality":"SILVER SPUR "}},{"type":"Feature","geometry":{"type":"Point","coordinates":[152.5517643806682,-27.116901357094306]},"properties":{"name":"MOUNT BRISBANE RURAL","address":"ALBERT STREET","locality":"SOMERSET DAM "}},{"type":"Feature","geometry":{"type":"Point","coordinates":[152.18540258290938,-24.92713920564646]},"properties":{"name":"SOUTH KOLAN RURAL","address":"CHAMBERS ROAD","locality":"SOUTH KOLAN "}},{"type":"Feature","geometry":{"type":"Point","coordinates":[151.97988491935797,-26.691685378025085]},"properties":{"name":"SOUTH NANANGO RURAL","address":"13760 D'AGUILAR HIGHWAY","locality":"NANANGO "}},{"type":"Feature","geometry":{"type":"Point","coordinates":[145.6008169670259,-16.875043680611704]},"properties":{"name":"SPEEWAH RURAL","address":"CORNER OF SPEEWAH ROAD AND WILLIAM SMITH DRIVE","locality":"KURANDA "}},{"type":"Feature","geometry":{"type":"Point","coordinates":[153.26859491510263,-28.195076475226656]},"properties":{"name":"SPRINGBROOK RURAL","address":"3 CARRICKS ROAD","locality":"SPRINGBROOK "}},{"type":"Feature","geometry":{"type":"Point","coordinates":[152.79403612842276,-26.911957417446462]},"properties":{"name":"STANMORE AND DISTRICT RURAL","address":"COVE ROAD","locality":"STANMORE "}},{"type":"Feature","geometry":{"type":"Point","coordinates":[151.91676600879137,-28.65721734538948]},"properties":{"name":"STANTHORPE GROUP","address":"CORNER OF MCKENZIE STREET AND NEW ENGLAND HIGHWAY","locality":"STANTHORPE "}},{"type":"Feature","geometry":{"type":"Point","coordinates":[150.32360910011727,-23.484785265142214]},"properties":{"name":"STANWELL RURAL","address":"STANWELL WAROULA ROAD","locality":"STANWELL "}},{"type":"Feature","geometry":{"type":"Point","coordinates":[150.80555678956847,-22.812427194177918]},"properties":{"name":"STOCKYARD POINT RURAL","address":"STOCKYARD HEIGHTS DRIVE","locality":"STOCKYARD "}},{"type":"Feature","geometry":{"type":"Point","coordinates":[152.72430483615676,-26.90040773042864]},"properties":{"name":"STONEY CREEK RURAL","address":"WILKES ROAD","locality":"STONEY CREEK "}},{"type":"Feature","geometry":{"type":"Point","coordinates":[151.81560862015596,-26.593434497485422]},"properties":{"name":"STUART RIVER RURAL","address":"BUNYA HIGHWAY","locality":"KINGAROY "}},{"type":"Feature","geometry":{"type":"Point","coordinates":[152.00397686488233,-28.697110372089483]},"properties":{"name":"SUGARLOAF RURAL","address":"CORNER OF NEILSENS ROAD AND SUGARLOAF ROAD","locality":"STANTHORPE "}},{"type":"Feature","geometry":{"type":"Point","coordinates":[149.07327201613782,-21.34041927254853]},"properties":{"name":"SUNNYSIDE RURAL","address":"HOMEBUSH ROAD","locality":"SARINA "}},{"type":"Feature","geometry":{"type":"Point","coordinates":[152.24806130353997,-28.29180125158926]},"properties":{"name":"SWAN AND EMU CREEK RURAL","address":"TANNYMOREL MOUNT COLLIERY RD","locality":"TANNYMOREL "}},{"type":"Feature","geometry":{"type":"Point","coordinates":[152.2161033048268,-28.197405899744716]},"properties":{"name":"SWAN AND EMU CREEK RURAL","address":"YANGAN KILARNEY ROAD","locality":"YANGAN "}},{"type":"Feature","geometry":{"type":"Point","coordinates":[152.70604907935703,-25.318865259882752]},"properties":{"name":"TAKURA RURAL","address":"838 TORBANLEA ROAD","locality":"TAKURA "}},{"type":"Feature","geometry":{"type":"Point","coordinates":[153.378169501804,-28.173311915185472]},"properties":{"name":"TALLEBUDGERA VALLEY RURAL","address":"8 RUSTY COURT","locality":"TALLEBUDGERA VALLEY "}},{"type":"Feature","geometry":{"type":"Point","coordinates":[149.47234116209256,-28.484379773158043]},"properties":{"name":"TALWOOD RURAL","address":"CHURCH STREET","locality":"TALWOOD "}},{"type":"Feature","geometry":{"type":"Point","coordinates":[153.12807494101997,-27.879885614551906]},"properties":{"name":"TAMBORINE RURAL","address":"2765 WATERFORD/TAMBORINE ROAD","locality":"TAMBORINE "}},{"type":"Feature","geometry":{"type":"Point","coordinates":[150.74752675046665,-23.22705719232373]},"properties":{"name":"TANBY RURAL","address":"TANBY ROAD","locality":"TANBY "}},{"type":"Feature","geometry":{"type":"Point","coordinates":[151.3682364075402,-23.96054696078653]},"properties":{"name":"TANNUM RURAL","address":"100 TANNUM SANDS ROAD","locality":"TANNUM SANDS "}},{"type":"Feature","geometry":{"type":"Point","coordinates":[152.10151119471502,-26.882778077281]},"properties":{"name":"TAROMEO RURAL","address":"CORNER OF HART STREET AND BOWMAN ROAD","locality":"KINGAROY "}},{"type":"Feature","geometry":{"type":"Point","coordinates":[145.6029641131761,-17.42629138346437]},"properties":{"name":"TARZALI RURAL","address":"THIRD AVENUE","locality":"TARZALI "}},{"type":"Feature","geometry":{"type":"Point","coordinates":[153.06231276411123,-26.278570582198306]},"properties":{"name":"TEEWAH RURAL","address":"CORNER OF STARGAZER STREET AND MULLOWAY STREET","locality":"NOOSA NORTH SHORE "}},{"type":"Feature","geometry":{"type":"Point","coordinates":[148.86594638797428,-28.63678023773325]},"properties":{"name":"THALLON TOWN RURAL","address":"PINE STREET","locality":"THALLON "}},{"type":"Feature","geometry":{"type":"Point","coordinates":[152.59009600848998,-26.201324367559604]},"properties":{"name":"THE PALMS RURAL","address":"PALM DRIVE","locality":"THE PALMS "}},{"type":"Feature","geometry":{"type":"Point","coordinates":[152.5445631129837,-25.94558308701302]},"properties":{"name":"THEEBINE RURAL","address":"THEEBINE ROAD","locality":"THEEBINE "}},{"type":"Feature","geometry":{"type":"Point","coordinates":[145.40355489234312,-16.202486291144492]},"properties":{"name":"THORNTON PEAK RURAL","address":"TEE TREE ROAD","locality":"DIWAN "}},{"type":"Feature","geometry":{"type":"Point","coordinates":[152.5836420377395,-25.73234570914051]},"properties":{"name":"TIARO RURAL","address":"COPENHAGEN STREET","locality":"TIARO "}},{"type":"Feature","geometry":{"type":"Point","coordinates":[152.9560214666332,-25.75864472734271]},"properties":{"name":"TINNANBAR RURAL","address":"36 BORONIA DRIVE","locality":"TINNANBAR "}},{"type":"Feature","geometry":{"type":"Point","coordinates":[151.92542912215634,-25.00220536217435]},"properties":{"name":"TIRROAN RURAL","address":"18 TABLELAND ROAD","locality":"GIN GIN "}},{"type":"Feature","geometry":{"type":"Point","coordinates":[152.69287820908926,-25.256654760071683]},"properties":{"name":"TOOGOOM RURAL","address":"28 SHELLCOTT STREET","locality":"TOOGOOM "}},{"type":"Feature","geometry":{"type":"Point","coordinates":[153.09838086935633,-27.033345970865323]},"properties":{"name":"TOORBUL RURAL","address":"22 FIRST AVENUE","locality":"TOORBUL "}},{"type":"Feature","geometry":{"type":"Point","coordinates":[152.78295342623846,-26.321487465621722]},"properties":{"name":"TRAVESTON RURAL","address":"TRAVESTON ROAD","locality":"TRAVESTON "}},{"type":"Feature","geometry":{"type":"Point","coordinates":[151.65088191428256,-24.07919957241506]},"properties":{"name":"TURKEY BEACH RURAL","address":"WORTHINGTON ROAD","locality":"TURKEY BEACH "}},{"type":"Feature","geometry":{"type":"Point","coordinates":[151.98780991014,-27.617342630113814]},"properties":{"name":"UPPER FLAGSTONE RURAL","address":"1785 UPPER FLAGSTONE CREEK ROAD","locality":"UPPER FLAGSTONE "}},{"type":"Feature","geometry":{"type":"Point","coordinates":[152.0008388226511,-27.60967394530857]},"properties":{"name":"UPPER FLAGSTONE RURAL","address":"120 FLAGSTONE CREEK ROAD","locality":"UPPER FLAGSTONE "}},{"type":"Feature","geometry":{"type":"Point","coordinates":[153.00726173015204,-26.549788620848982]},"properties":{"name":"VALDORA YANDINA CREEK RURAL","address":"269 VALDORA ROAD","locality":"VALDORA "}},{"type":"Feature","geometry":{"type":"Point","coordinates":[152.998223483231,-26.483995822415324]},"properties":{"name":"VERRIERDALE RURAL","address":"478 VERRIERDALE ROAD","locality":"VERRIERDALE "}},{"type":"Feature","geometry":{"type":"Point","coordinates":[149.00013842595965,-21.18491698008103]},"properties":{"name":"VICTORIA PLAINS RURAL","address":"VICTORIA PLAINS ROAD","locality":"VICTORIA PLAINS "}},{"type":"Feature","geometry":{"type":"Point","coordinates":[152.00433476749726,-25.04585359611544]},"properties":{"name":"WALLAVILLE RURAL","address":"51 PRATTS ROAD","locality":"GIN GIN "}},{"type":"Feature","geometry":{"type":"Point","coordinates":[145.34124851299316,-17.34943067764304]},"properties":{"name":"WALSH RIVER RURAL","address":"WALSH RIVER ROAD","locality":"WATSONVILLE "}},{"type":"Feature","geometry":{"type":"Point","coordinates":[152.86088810533724,-27.041419425134695]},"properties":{"name":"WAMURAN RURAL","address":"12 OLD NORTH ROAD","locality":"WAMURAN "}},{"type":"Feature","geometry":{"type":"Point","coordinates":[150.91988372235167,-26.929598795121745]},"properties":{"name":"WARRA RURAL","address":"THORN STREET","locality":"WARRA "}},{"type":"Feature","geometry":{"type":"Point","coordinates":[152.6144360341446,-27.824777406864506]},"properties":{"name":"WARRILL VIEW RURAL","address":"CORNER OF ROSEWOOD ROAD AND BATH ROAD","locality":"WARRILL VIEW "}},{"type":"Feature","geometry":{"type":"Point","coordinates":[151.96525933265292,-24.426422046289286]},"properties":{"name":"WARTBURG RURAL","address":"300 DEEPWATER ROAD","locality":"DEEPWATER "}},{"type":"Feature","geometry":{"type":"Point","coordinates":[153.3637433157162,-27.837852756084224]},"properties":{"name":"WASP CREEK RURAL","address":"66 COLEMAN ROAD","locality":"COOMERA "}},{"type":"Feature","geometry":{"type":"Point","coordinates":[151.9839153268012,-26.45763435354521]},"properties":{"name":"WATTLE CAMP RURAL","address":"548 WATTLECAMP ROAD","locality":"NANANGO "}},{"type":"Feature","geometry":{"type":"Point","coordinates":[150.69532330842765,-27.27990422031432]},"properties":{"name":"WERANGA GORANBA RURAL","address":"LOT 32A,  FAGANS ROAD","locality":"TARA "}},{"type":"Feature","geometry":{"type":"Point","coordinates":[151.6077346882056,-27.721275930613555]},"properties":{"name":"WEST PITTSWORTH RURAL","address":"7 TIP ROAD","locality":"PITTSWORTH "}},{"type":"Feature","geometry":{"type":"Point","coordinates":[152.91878314547836,-26.669239427946962]},"properties":{"name":"WEST WOOMBYE RURAL","address":"JACKSONS ROAD","locality":"WEST WOOMBYE "}},{"type":"Feature","geometry":{"type":"Point","coordinates":[151.13414664613202,-23.86874723319914]},"properties":{"name":"WESTOWE RURAL","address":"SPRING VALLEY ROAD","locality":"YARWUN "}},{"type":"Feature","geometry":{"type":"Point","coordinates":[150.15584542943122,-23.6268281723483]},"properties":{"name":"WESTWOOD RURAL","address":"LOT 90, CAPRICORN HIGHWAY","locality":"WESTWOOD "}},{"type":"Feature","geometry":{"type":"Point","coordinates":[152.43817038788023,-26.201666470622307]},"properties":{"name":"WIDGEE DISTRICT RURAL","address":"GYMPIE-WOOLOOGA ROAD","locality":"WIDGEE "}},{"type":"Feature","geometry":{"type":"Point","coordinates":[150.99468659360454,-27.31784793108001]},"properties":{"name":"WILKIE CREEK RURAL","address":"MOONIE HIGHWAY, VIA HALIFORD","locality":"DALBY "}},{"type":"Feature","geometry":{"type":"Point","coordinates":[147.5379199151612,-23.737963589459074]},"properties":{"name":"WILLOWS RURAL","address":"WILLOWS ROAD","locality":"WILLOWS "}},{"type":"Feature","geometry":{"type":"Point","coordinates":[152.01225846519122,-24.522676094601042]},"properties":{"name":"WINFIELD RURAL","address":"253 ROCKY POINT ROAD","locality":"WINFIELD "}},{"type":"Feature","geometry":{"type":"Point","coordinates":[152.02040186866023,-27.55911816679659]},"properties":{"name":"WITHCOTT RURAL","address":"MEADOWS ROAD","locality":"WITHCOTT "}},{"type":"Feature","geometry":{"type":"Point","coordinates":[145.0691603599743,-17.127320944171462]},"properties":{"name":"WOLFRAM ROAD RURAL","address":"228 PARISE ROAD","locality":"DIMBULAH "}},{"type":"Feature","geometry":{"type":"Point","coordinates":[152.8491182162859,-26.151830002842548]},"properties":{"name":"WOLVI DISTRICT RURAL","address":"LOT 1, ","locality":"WOLVI "}},{"type":"Feature","geometry":{"type":"Point","coordinates":[145.39806078554534,-17.42624633921564]},"properties":{"name":"WONDECLA RURAL","address":"5 FLAGGY CREEK ROAD","locality":"WONDECLA "}},{"type":"Feature","geometry":{"type":"Point","coordinates":[145.4117624952823,-16.358689367050648]},"properties":{"name":"WONGA BEACH RURAL","address":"11 OLEANDER DRIVE","locality":"WONGA BEACH "}},{"type":"Feature","geometry":{"type":"Point","coordinates":[150.691270121368,-23.021141436489607]},"properties":{"name":"WOODBURY RURAL","address":"CNR FARNBOROUGH AND WOODBURY RD","locality":"WOODBURY "}},{"type":"Feature","geometry":{"type":"Point","coordinates":[152.55794609134557,-25.10382473850154]},"properties":{"name":"WOODGATE RURAL","address":"150 ACACIA STREET","locality":"WOODGATE "}},{"type":"Feature","geometry":{"type":"Point","coordinates":[152.99147474050415,-27.875525202785543]},"properties":{"name":"WOODHILL RURAL","address":"LOT 2 MT LINDSAY HIGHWAY","locality":"CEDAR GROVE "}},{"type":"Feature","geometry":{"type":"Point","coordinates":[152.28621609862464,-27.593157372835876]},"properties":{"name":"WOODLEA RURAL","address":"28 EDWARDS ROAD","locality":"GATTON "}},{"type":"Feature","geometry":{"type":"Point","coordinates":[152.48446580960166,-26.090316782269696]},"properties":{"name":"WOOLOOGA RURAL","address":"WIDE BAY HIGHWAY","locality":"LOWER WONGA "}},{"type":"Feature","geometry":{"type":"Point","coordinates":[150.19706182128283,-23.906463601312016]},"properties":{"name":"WOWAN RURAL","address":"RAILWAY AVENUE","locality":"WOWAN "}},{"type":"Feature","geometry":{"type":"Point","coordinates":[152.113203805908,-24.719718669957643]},"properties":{"name":"YANDARAN RURAL","address":"SOUTH LITTABELLA ROAD","locality":"YANDARAN "}},{"type":"Feature","geometry":{"type":"Point","coordinates":[152.9529398229316,-26.515889032135274]},"properties":{"name":"YANDINA NORTH ARM RURAL","address":"11 MONAK ROAD","locality":"YANDINA "}},{"type":"Feature","geometry":{"type":"Point","coordinates":[144.07643733996187,-24.885280221222146]},"properties":{"name":"YARAKA RURAL","address":"QUILP ST & YARAKA/EMMOT RD","locality":"YARAKA "}},{"type":"Feature","geometry":{"type":"Point","coordinates":[152.60483259728483,-25.55209226677032]},"properties":{"name":"YENGARIE RURAL","address":"MUNGAR ROAD","locality":"YENGARIE "}},{"type":"Feature","geometry":{"type":"Point","coordinates":[149.3817895225636,-26.61655409882524]},"properties":{"name":"YULEBA RURAL","address":"PERRY STREET","locality":"YULEBA "}},{"type":"Feature","geometry":{"type":"Point","coordinates":[151.98471501462106,-28.03476545708653]},"properties":{"name":"ALLORA DISTRICT RURAL","address":"MUIR STREET, ALLORA QLD 4362","locality":null}},{"type":"Feature","geometry":{"type":"Point","coordinates":[149.2823965106428,-21.44878459719743]},"properties":{"name":"ARMIES RURAL","address":"ARMSTRONG BEACH ROAD, ARMSTRONG BEACH QLD 4737","locality":null}},{"type":"Feature","geometry":{"type":"Point","coordinates":[151.5581357175672,-26.357212688120608]},"properties":{"name":"BALLOGIE RURAL","address":"LOT 34, ","locality":null}},{"type":"Feature","geometry":{"type":"Point","coordinates":[152.36809796082153,-25.499651733095384]},"properties":{"name":"BROOWEENA DISTRICT  RURAL","address":"THIRTY-ONE RD","locality":"DOONGUL"}},{"type":"Feature","geometry":{"type":"Point","coordinates":[152.7164802470307,-26.729457514289535]},"properties":{"name":"CONONDALE RURAL","address":"MALENY KENILWORTH ROAD, CONONDALE QLD 4552","locality":null}},{"type":"Feature","geometry":{"type":"Point","coordinates":[152.2547767697134,-25.068493340539018]},"properties":{"name":"GREGORY RIVER RURAL","address":"LOT 49, ","locality":null}},{"type":"Feature","geometry":{"type":"Point","coordinates":[153.1993587622304,-25.337666834386724]},"properties":{"name":"HAPPY VALLEY RURAL","address":"YIDNEY DRIVE HAPPY VALLEY 4650","locality":null}},{"type":"Feature","geometry":{"type":"Point","coordinates":[153.04433761241307,-26.726107440980957]},"properties":{"name":"ILKLEY AND DISTRICT RURAL","address":"LOT 36, ","locality":null}},{"type":"Feature","geometry":{"type":"Point","coordinates":[151.90262514156464,-27.855461120792658]},"properties":{"name":"NOBBY RURAL","address":"11 TOOTH STREET","locality":"NOBBY "}},{"type":"Feature","geometry":{"type":"Point","coordinates":[144.44673887635133,-15.560150879487171]},"properties":{"name":"LAURA RURAL","address":"GLADWELL COURT","locality":"LAURA"}},{"type":"Feature","geometry":{"type":"Point","coordinates":[145.17781349143715,-15.451273929210284]},"properties":{"name":"MARTON RURAL","address":"UNIT STREET","locality":"COOKTOWN"}},{"type":"Feature","geometry":{"type":"Point","coordinates":[145.16044467529423,-15.45300604504337]},"properties":{"name":"POISON CREEK RURAL","address":"MINKE ROAD","locality":"COOKTOWN"}},{"type":"Feature","geometry":{"type":"Point","coordinates":[145.25752795046134,-15.746035688186417]},"properties":{"name":"ROSSVILLE RURAL","address":"CEDAR ROAD","locality":"ROSSVILLE"}},{"type":"Feature","geometry":{"type":"Point","coordinates":[153.18043506007095,-27.93638268527883]},"properties":{"name":"TAMBORINE MOUNTAIN RURAL","address":"126 MAIN WESTERN RD","locality":"NORTH TAMBORINE "}},{"type":"Feature","geometry":{"type":"Point","coordinates":[151.8765931655488,-28.73695487815028]},"properties":{"name":"GLEN APLIN RURAL","address":"LOT 418, WALTERS ROAD","locality":"GLEN APLIN"}},{"type":"Feature","geometry":{"type":"Point","coordinates":[152.9834794370958,-27.72785588482259]},"properties":{"name":"GREENBANK RURAL","address":"133 TEVIOT ROAD","locality":"GREENBANK"}},{"type":"Feature","geometry":{"type":"Point","coordinates":[151.0953292046112,-24.892508758982235]},"properties":{"name":"HURDLE GULLY BAILEY RURAL","address":"367 AIRPORT ROAD","locality":"MONTO"}},{"type":"Feature","geometry":{"type":"Point","coordinates":[146.8369316025118,-19.589494056349398]},"properties":{"name":"LIME HILLS ELLIOT RURAL","address":"LOT 138, GLENN ROAD","locality":"WOODSTOCK"}},{"type":"Feature","geometry":{"type":"Point","coordinates":[152.66366371351504,-26.27128649338918]},"properties":{"name":"LAGOON POCKET RURAL","address":"LOT 1, MARY VALLEY ROAD","locality":"LAGOON POCKET"}},{"type":"Feature","geometry":{"type":"Point","coordinates":[153.06908938117263,-27.00352646868124]},"properties":{"name":"PUMICESTONE RURAL","address":"55 ALICE STREET","locality":"DONNYBROOK "}},{"type":"Feature","geometry":{"type":"Point","coordinates":[152.6684531307334,-27.692869458168797]},"properties":{"name":"MOUNT FORBES RURAL","address":"CHAMPIONS WAY","locality":"WILLOWBANK "}},{"type":"Feature","geometry":{"type":"Point","coordinates":[152.15884108355033,-27.66608656902515]},"properties":{"name":"FORDSDALE RURAL","address":"1355 GATTON CLIFTON ROAD","locality":"MOUNT WHITESTONE"}},{"type":"Feature","geometry":{"type":"Point","coordinates":[152.2339300471287,-27.73313841784509]},"properties":{"name":"LEFT HAND BRANCH RURAL","address":null,"locality":null}},{"type":"Feature","geometry":{"type":"Point","coordinates":[152.18967478652613,-27.793791088020043]},"properties":{"name":"JUNCTION VIEW RURAL","address":"MOUNT SYLVIA ROAD","locality":"JUNCTION VIEW"}},{"type":"Feature","geometry":{"type":"Point","coordinates":[152.05386625104285,-27.27854794881327]},"properties":{"name":"CROWS NEST RURAL","address":"LOT 18 TIMBER STREET","locality":"CROWS NEST"}},{"type":"Feature","geometry":{"type":"Point","coordinates":[150.6884107457249,-23.08603559876836]},"properties":{"name":"ADELAIDE PARK RURAL","address":"724A ADELAIDE PARK ROAD","locality":"ADELAIDE PARK"}},{"type":"Feature","geometry":{"type":"Point","coordinates":[151.87579457044677,-25.093100304155815]},"properties":{"name":"TIRROAN RURAL","address":"TOBINS SHORTCUT ROAD","locality":"HORSE CAMP"}},{"type":"Feature","geometry":{"type":"Point","coordinates":[151.89317789495806,-24.21997248467447]},"properties":{"name":"AGNES WATER RURAL","address":"2863 ROUND HILL ROAD","locality":"AGNES WATER"}},{"type":"Feature","geometry":{"type":"Point","coordinates":[148.9212281149931,-21.051667941337417]},"properties":{"name":"MOUNT BLACKWOOD RURAL","address":"3022 BRUCE HIGHWAY","locality":"KUTTABUL "}},{"type":"Feature","geometry":{"type":"Point","coordinates":[150.0456500969221,-22.136560917218052]},"properties":{"name":"STANAGE RURAL","address":"131 BANKSIA ROAD","locality":"STANAGE"}},{"type":"Feature","geometry":{"type":"Point","coordinates":[145.7940423828451,-18.819465995717866]},"properties":{"name":"MOUNT FOX RURAL","address":"2957 MUONT FO ROAD","locality":"MOUNT FOX"}},{"type":"Feature","geometry":{"type":"Point","coordinates":[150.5953294754576,-23.40153840293024]},"properties":{"name":"NERIMBERA RURAL","address":"26 STOVER ROAD","locality":"NERIMBERA"}},{"type":"Feature","geometry":{"type":"Point","coordinates":[151.5893933365048,-24.879760013149866]},"properties":{"name":"GAETA RURAL","address":"Lot 100 Gaeta Road","locality":"Gaeta"}},{"type":"Feature","geometry":{"type":"Point","coordinates":[152.91362531977663,-26.566033878605708]},"properties":{"name":"IMAGE FLAT COOLOOLABIN RURAL","address":"368 KIAMBA ROAD","locality":"KIAMBA"}},{"type":"Feature","geometry":{"type":"Point","coordinates":[151.0947537982619,-23.75431244360344]},"properties":{"name":"BUTLERVILLE RURAL","address":"TARGINNIE ROAD TARGINNIE 4694","locality":null}},{"type":"Feature","geometry":{"type":"Point","coordinates":[143.198488044045,-13.945914603820935]},"properties":{"name":"COEN RURAL","address":"20 SHEPHARD STREET","locality":"COEN"}},{"type":"Feature","geometry":{"type":"Point","coordinates":[150.54469572491604,-23.637454177294188]},"properties":{"name":"ARCHER ULAM RURAL","address":"924 UPPER ULAM ROAD","locality":"BAJOOL"}},{"type":"Feature","geometry":{"type":"Point","coordinates":[150.46133438129485,-23.176041965958213]},"properties":{"name":"THE CAVES RURAL","address":"22 BARMOYA ROAD","locality":"THE CAVES"}},{"type":"Feature","geometry":{"type":"Point","coordinates":[147.0344694023301,-19.571687851130363]},"properties":{"name":"SCOTT RURAL","address":"1032 WOODSTOCK RD","locality":"GIRU"}},{"type":"Feature","geometry":{"type":"Point","coordinates":[152.06740471300472,-26.181613702383565]},"properties":{"name":"GOOMERI RURAL","address":"35 MOORE ST","locality":"GOOMERI"}},{"type":"Feature","geometry":{"type":"Point","coordinates":[149.19133145641104,-26.582384352275614]},"properties":{"name":"WALLUMBILLA RURAL","address":"1-3 RUSSELL ST","locality":"WALLUMBILLA"}},{"type":"Feature","geometry":{"type":"Point","coordinates":[151.93092097456753,-28.92050134878138]},"properties":{"name":"WALLANGARRA RURAL","address":null,"locality":"WALLANGARRA"}},{"type":"Feature","geometry":{"type":"Point","coordinates":[153.17224521012847,-28.020986477115798]},"properties":{"name":"CANUNGRA RURAL","address":"2092 BEAUDESERT NERANG RD","locality":"CANUNGRA"}},{"type":"Feature","geometry":{"type":"Point","coordinates":[153.44223565569575,-27.39831318860862]},"properties":{"name":"NORTH STRADBROKE ISLAND RURAL","address":"9 HEXTON ST","locality":"AMITY POINT"}},{"type":"Feature","geometry":{"type":"Point","coordinates":[146.26763826713227,-20.066758463216292]},"properties":{"name":"CHARTERS TOWERS RURAL","address":"19 BURDEKIN ST","locality":"RICHMOND HILL"}},{"type":"Feature","geometry":{"type":"Point","coordinates":[151.84133596771218,-26.10791163006114]},"properties":{"name":"CLOYNA RURAL","address":"37 CLOYNA RD","locality":"CLOYNA"}},{"type":"Feature","geometry":{"type":"Point","coordinates":[151.83229605035746,-26.98127394116516]},"properties":{"name":"COOYAR DISTRICT RURAL","address":"6 FERGUS ST","locality":"COOYAR"}},{"type":"Feature","geometry":{"type":"Point","coordinates":[152.79364134849678,-26.39210495625127]},"properties":{"name":"FEDERAL RURAL","address":"25 MIDDLE CREEK RD","locality":"FEDERAL"}},{"type":"Feature","geometry":{"type":"Point","coordinates":[151.5709132090021,-27.57255910395894]},"properties":{"name":"IRONGATE ROSSVALE RURAL","address":"JONDARYN/MT TYSON ROAD","locality":"MT TYSON"}},{"type":"Feature","geometry":{"type":"Point","coordinates":[145.6506037627947,-17.311634541825207]},"properties":{"name":"LAKE EACHAM RURAL","address":"MOORE ROAD","locality":"LAKE EACHAM"}},{"type":"Feature","geometry":{"type":"Point","coordinates":[151.63271476538378,-27.083927392963687]},"properties":{"name":"MACLAGAN RURAL","address":"BUNYA MOUNTAINS/MACLAGAN ROAD","locality":"MACLAGAN"}},{"type":"Feature","geometry":{"type":"Point","coordinates":[146.90066669000385,-19.59862137122635]},"properties":{"name":"MAJOR CREEK RURAL","address":"MAJOR CREEK ROAD","locality":"MAJOR CREEK"}},{"type":"Feature","geometry":{"type":"Point","coordinates":[147.54313596959975,-26.447563825467657]},"properties":{"name":"MUNGALLALA RURAL","address":"REDFORD RD","locality":"MUNGALLALA"}},{"type":"Feature","geometry":{"type":"Point","coordinates":[145.20804687227172,-17.13825633971095]},"properties":{"name":"MUTCHILBA RURAL","address":"79 MARSTERSON ST","locality":"MUTCHILBA"}},{"type":"Feature","geometry":{"type":"Point","coordinates":[151.978144896585,-27.308253820748156]},"properties":{"name":"PECHEY GROOMSVILLE RURAL","address":"ACRES RD","locality":"GROOMSVILLE"}},{"type":"Feature","geometry":{"type":"Point","coordinates":[152.8654437478079,-28.210725454806607]},"properties":{"name":"RATHDOWNEY RURAL","address":"2 RUNNING CREEK RD","locality":"RATHDOWNEY"}},{"type":"Feature","geometry":{"type":"Point","coordinates":[151.21198281747147,-25.584269124424644]},"properties":{"name":"RIVERLEIGH RURAL","address":"COONAMBULA EIDSVOLE RD","locality":"RIVERLEIGH"}},{"type":"Feature","geometry":{"type":"Point","coordinates":[146.60283582347515,-19.15824739722647]},"properties":{"name":"SAUNDERS BEACH RURAL","address":"SAUNDERS BEACH RD","locality":"SAUNDERS BEACH"}},{"type":"Feature","geometry":{"type":"Point","coordinates":[145.5436713102185,-17.172428414161097]},"properties":{"name":"TINAROO RURAL","address":"TINAROO FALLS DAM RD","locality":"TINAROO"}},{"type":"Feature","geometry":{"type":"Point","coordinates":[152.3777491978236,-27.086653059771542]},"properties":{"name":"TOOGOOLAWAH RURAL","address":"CRESSBROOK ST","locality":"TOOWOOLAWAH"}},{"type":"Feature","geometry":{"type":"Point","coordinates":[148.12060667285024,-20.00803044478628]},"properties":{"name":"ABBOT POINT RURAL","address":"BRUCE HWY","locality":"BOWEN"}},{"type":"Feature","geometry":{"type":"Point","coordinates":[152.70440210036344,-28.023240174323664]},"properties":{"name":"ALLANDALE RURAL","address":"291 EVANS RD","locality":"MILFORD"}},{"type":"Feature","geometry":{"type":"Point","coordinates":[146.19003154677281,-18.86740136749675]},"properties":{"name":"BAMBAROO RURAL","address":"BAMBAROO RD","locality":"BAMBAROO"}},{"type":"Feature","geometry":{"type":"Point","coordinates":[152.27618984993936,-26.39698077636021]},"properties":{"name":"BARAMBAH RURAL","address":"CNR MUNUMBAR AND MAIN CREEK RD","locality":"BARAMBAH"}},{"type":"Feature","geometry":{"type":"Point","coordinates":[146.52345219597368,-19.198128740686382]},"properties":{"name":"BLUEWATER ESTATES RURAL","address":"353 FORESTRY ROAD","locality":"BLUEWATER PARK"}},{"type":"Feature","geometry":{"type":"Point","coordinates":[151.6941361071909,-25.06562278959828]},"properties":{"name":"BOOLBOONDA RURAL","address":"3064 GIN GIN MOUNT PERRY RD","locality":"BOOLBOONDA"}},{"type":"Feature","geometry":{"type":"Point","coordinates":[148.16851989064355,-20.014499507701004]},"properties":{"name":"BOWEN DELTA RURAL","address":"LINLEY STREET","locality":"MERINDA"}},{"type":"Feature","geometry":{"type":"Point","coordinates":[152.58196864613848,-27.265495059249456]},"properties":{"name":"BRYDEN RURAL","address":"2 MACFARLANE RD","locality":"BRYDEN"}},{"type":"Feature","geometry":{"type":"Point","coordinates":[152.06178968300352,-24.950796167879048]},"properties":{"name":"BUNGADOO AND DISTRICT RURAL","address":"2359 BUCCA RD","locality":"BULLYARD"}},{"type":"Feature","geometry":{"type":"Point","coordinates":[151.97295023999095,-28.490302205499322]},"properties":{"name":"DALVEEN RURAL","address":"PINE CRESCENT","locality":"DALVEEN"}},{"type":"Feature","geometry":{"type":"Point","coordinates":[145.5194133511904,-16.994095703950332]},"properties":{"name":"DAVIES CREEK RURAL","address":"SABIN ROAD EAST","locality":"MAREEBA"}},{"type":"Feature","geometry":{"type":"Point","coordinates":[152.02576061623458,-26.677737499333304]},"properties":{"name":"EAST NANANGO RURAL","address":"BRIGHTS RD","locality":"EAST NANANGO"}},{"type":"Feature","geometry":{"type":"Point","coordinates":[144.09441898437424,-18.51344319877207]},"properties":{"name":"EINASLEIGH RURAL","address":"DAINTREE RD","locality":"EINASLEIGH"}},{"type":"Feature","geometry":{"type":"Point","coordinates":[151.67457591045252,-27.78298041744233]},"properties":{"name":"FELTON BROXBURN RURAL","address":"HOMESTEAD RD","locality":"FELTON"}},{"type":"Feature","geometry":{"type":"Point","coordinates":[152.24098528814451,-28.06741999415023]},"properties":{"name":"GLADFIELD MARYVALE RURAL","address":"81 MARYVALE RD","locality":"MARYVALE"}},{"type":"Feature","geometry":{"type":"Point","coordinates":[151.30190092489025,-25.60731119500332]},"properties":{"name":"GLENRAE RURAL","address":"385 MUNDUBBERA DURONG RD","locality":"BOYNEWOOD"}},{"type":"Feature","geometry":{"type":"Point","coordinates":[144.98323872727423,-19.00240851318021]},"properties":{"name":"GREENVALE TOWN RURAL","address":"REDBANK DRIVE","locality":"GREENVALE"}},{"type":"Feature","geometry":{"type":"Point","coordinates":[147.5299979612619,-19.690821583298586]},"properties":{"name":"GROPER CREEK RURAL","address":"1305 GROPER CREEK RD","locality":"GROPER CREEK"}},{"type":"Feature","geometry":{"type":"Point","coordinates":[152.06783534913646,-27.35624291077598]},"properties":{"name":"HAMPTON RURAL","address":"CNR HAMPTON RD AND THOMAS ST","locality":"HAMPTON"}},{"type":"Feature","geometry":{"type":"Point","coordinates":[146.12708222108375,-23.604364611047934]},"properties":{"name":"JERICHO RURAL","address":"6 TYNDALL ST","locality":"JERICHO"}},{"type":"Feature","geometry":{"type":"Point","coordinates":[151.58347009458075,-28.015564048615488]},"properties":{"name":"LEYBURN RURAL","address":"PERCEVAL ST","locality":"LEYBURN"}},{"type":"Feature","geometry":{"type":"Point","coordinates":[152.713989173462,-28.17264962944306]},"properties":{"name":"MAROON RURAL","address":"BOONAH RATHDOWNEY RD","locality":"MAROON"}},{"type":"Feature","geometry":{"type":"Point","coordinates":[151.94391149023326,-28.148647558049074]},"properties":{"name":"MASSIE RURAL","address":"111 MASSIE BONY MOUNTAIN RD","locality":"MASSIE"}},{"type":"Feature","geometry":{"type":"Point","coordinates":[145.95630047371566,-17.651204351360867]},"properties":{"name":"MENA CREEK RURAL","address":"INNISFAIL JAPOON RD","locality":"GERMANTOWN"}},{"type":"Feature","geometry":{"type":"Point","coordinates":[147.27860363737187,-20.058491643910557]},"properties":{"name":"MILLAROO DALBEG RURAL","address":"2 CARTYS STREET","locality":"MILLAROO"}},{"type":"Feature","geometry":{"type":"Point","coordinates":[151.7733300810235,-26.181401428153293]},"properties":{"name":"MONDURE DISTRICT RURAL","address":"KAWL KAWL RD","locality":"MONDURE"}},{"type":"Feature","geometry":{"type":"Point","coordinates":[152.78221178555378,-27.395738415110202]},"properties":{"name":"MOUNT NEBO RURAL","address":"MT NEBO RD","locality":"MOUNT NEBO"}},{"type":"Feature","geometry":{"type":"Point","coordinates":[145.47564396585827,-16.567537960262765]},"properties":{"name":"MOWBRAY VALLEY RURAL","address":"MOWBRAY RIVER RD","locality":"MOWBRAY"}},{"type":"Feature","geometry":{"type":"Point","coordinates":[152.04325239515452,-25.5137361246671]},"properties":{"name":"MUNGORE RURAL","address":"SALESYARD RD","locality":"BIGGENDEN"}},{"type":"Feature","geometry":{"type":"Point","coordinates":[152.80894121354143,-26.647407873818157]},"properties":{"name":"OBI OBI RURAL","address":"856 OBI OBI RD","locality":"OBI OBI"}},{"type":"Feature","geometry":{"type":"Point","coordinates":[148.7928771267032,-26.49609760101063]},"properties":{"name":"ORANGE HILL RURAL","address":"CARNARVON HWY","locality":"ORANGE HILL"}},{"type":"Feature","geometry":{"type":"Point","coordinates":[146.73316865026663,-19.40866241704628]},"properties":{"name":"ROUND MOUNTAIN RURAL","address":"RIVERWAY DR","locality":"KELSO"}},{"type":"Feature","geometry":{"type":"Point","coordinates":[147.69936009847885,-23.421473954573777]},"properties":{"name":"GEMFIELDS RURAL","address":"SAPPHIRE RUBYVALE RD","locality":"GEMFIELDS"}},{"type":"Feature","geometry":{"type":"Point","coordinates":[151.88966785860433,-28.708157793181925]},"properties":{"name":"SEVERNLEA WEST RURAL","address":"SCUDERI LANE","locality":"SEVERNLEA"}},{"type":"Feature","geometry":{"type":"Point","coordinates":[145.96180283629607,-18.725290222864317]},"properties":{"name":"STONE RIVER RURAL","address":"STONE RIVER RD","locality":"UPPER STONE"}},{"type":"Feature","geometry":{"type":"Point","coordinates":[143.28387475303458,-24.35346990261694]},"properties":{"name":"STONEHENGE RURAL","address":"5 BRITFORD ST","locality":"STONEHENGE"}},{"type":"Feature","geometry":{"type":"Point","coordinates":[151.93233193002385,-26.17100201629009]},"properties":{"name":"TABLELANDS RURAL","address":"CROWNTHORPE RD","locality":"TABLELANDS"}},{"type":"Feature","geometry":{"type":"Point","coordinates":[146.25561840492227,-24.88353141762435]},"properties":{"name":"TAMBO TOWN RURAL","address":"12 STAR ST","locality":"TAMBO"}},{"type":"Feature","geometry":{"type":"Point","coordinates":[152.44851471626816,-27.986033709793553]},"properties":{"name":"TAROME RURAL","address":"1013 TAROME RD","locality":"TAROME"}},{"type":"Feature","geometry":{"type":"Point","coordinates":[145.01956432703878,-20.76855443330098]},"properties":{"name":"TORRENS CREEK TOWN RURAL","address":"26 TORRENS ST","locality":"TORRENS CREEK"}},{"type":"Feature","geometry":{"type":"Point","coordinates":[145.45353889045856,-17.565219845237426]},"properties":{"name":"TUMOULIN RURAL","address":"KYNARA ST","locality":"TUMOULIN"}},{"type":"Feature","geometry":{"type":"Point","coordinates":[142.65210728616222,-25.42076856134136]},"properties":{"name":"WINDORAH RURAL","address":"1 ALBERT ST","locality":"WINDORAH"}},{"type":"Feature","geometry":{"type":"Point","coordinates":[152.39069465440232,-26.054304066787186]},"properties":{"name":"WOOLOOGA RURAL","address":"11 CHAMBERLAIN ST","locality":"WOOLOOGA"}},{"type":"Feature","geometry":{"type":"Point","coordinates":[152.58409354106462,-26.50613029441298]},"properties":{"name":"YABBA CREEK RURAL","address":"1484 YABBA CREEK RD","locality":"LAKE BORUMBA"}},{"type":"Feature","geometry":{"type":"Point","coordinates":[146.58185563897155,-19.146377335570477]},"properties":{"name":"BLUEWATER RURAL","address":"TOOLAKEA BEACH ROAD","locality":"TOOLAKEA "}},{"type":"Feature","geometry":{"type":"Point","coordinates":[145.61019437371755,-17.215202459171778]},"properties":{"name":"BARRINE RURAL","address":"10 OLD BOAR ROAD","locality":"BARRINE"}},{"type":"Feature","geometry":{"type":"Point","coordinates":[145.91868772321004,-18.11399096861069]},"properties":{"name":"BILYANA RURAL","address":"BLUFF ROAD","locality":"BILYANA"}},{"type":"Feature","geometry":{"type":"Point","coordinates":[146.24126140541387,-26.401402585498413]},"properties":{"name":"CHARLEVILLE RURAL","address":"95 GALATEA STREET","locality":"CHARLEVILLE"}},{"type":"Feature","geometry":{"type":"Point","coordinates":[147.03409241305906,-19.36211844233131]},"properties":{"name":"CLEVEDON RURAL","address":"4 RILEY ROAD","locality":"CAPE CLEVELAND"}},{"type":"Feature","geometry":{"type":"Point","coordinates":[152.52905190998436,-27.198942673508395]},"properties":{"name":"CROSSDALE RURAL","address":"MCKEY ROAD","locality":"CROSSDALE"}},{"type":"Feature","geometry":{"type":"Point","coordinates":[151.3729774734114,-23.876654221539336]},"properties":{"name":"FACING ISLAND SOUTH RURAL","address":"SEA BELLE ESPLANADE","locality":"GLADSTONE HARBOUR"}},{"type":"Feature","geometry":{"type":"Point","coordinates":[139.1723507290649,-16.662583499016197]},"properties":{"name":"GUNUNA RURAL","address":"3 LARDIL STREET","locality":"GUNUNA"}},{"type":"Feature","geometry":{"type":"Point","coordinates":[147.79557254812414,-28.973270270837297]},"properties":{"name":"HEBEL RURAL","address":"46 WILLIAM STREET","locality":"HEBEL"}},{"type":"Feature","geometry":{"type":"Point","coordinates":[144.60286147116923,-20.870198155270554]},"properties":{"name":"PRAIRIE TOWN RURAL","address":"26 VOLL STREET","locality":"PRAIRIE"}},{"type":"Feature","geometry":{"type":"Point","coordinates":[148.9617064972563,-20.941359864803026]},"properties":{"name":"SEAFORTH DISTRICT RURAL","address":"16 MIERS ROAD","locality":"SEAFORTH"}},{"type":"Feature","geometry":{"type":"Point","coordinates":[146.18528117599982,-18.54292763840802]},"properties":{"name":"SEYMOUR RURAL","address":"120 JONES ROAD","locality":"BEMERSIDE"}},{"type":"Feature","geometry":{"type":"Point","coordinates":[151.90820239864456,-28.30045872980042]},"properties":{"name":"THE GLEN RURAL","address":"73 ROCKLAND ROAD","locality":"LESLIE DAM"}},{"type":"Feature","geometry":{"type":"Point","coordinates":[152.98286447571573,-26.40383737323295]},"properties":{"name":"TINBEERWAH AND DISTRICT RURAL","address":"863 SUNRISE ROAD","locality":"TINBEERWAH "}},{"type":"Feature","geometry":{"type":"Point","coordinates":[146.15734863722722,-18.6526356923149]},"properties":{"name":"TOOBANNA RURAL","address":"45-47 MCILWRATH ST","locality":"INGHAM"}},{"type":"Feature","geometry":{"type":"Point","coordinates":[152.64942887544697,-26.969932783566396]},"properties":{"name":"VILLENEUVE RURAL","address":"LOT 1,  TERRAGON ROAD","locality":"VILLENEUVE "}},{"type":"Feature","geometry":{"type":"Point","coordinates":[151.9765121058757,-26.581187164819486]},"properties":{"name":"BOOIE RISE RURAL","address":"7 MALAR CRESCENT","locality":"BOOIE"}},{"type":"Feature","geometry":{"type":"Point","coordinates":[145.19369694696616,-17.69483703545615]},"properties":{"name":"BATTLE CREEK RURAL","address":null,"locality":"BATTLE CREEK"}},{"type":"Feature","geometry":{"type":"Point","coordinates":[146.88968268327116,-20.09193184454728]},"properties":{"name":"RAVENSWOOD TOWN RURAL","address":null,"locality":"RAVENSWOOD"}},{"type":"Feature","geometry":{"type":"Point","coordinates":[152.59655384100347,-28.06524202498361]},"properties":{"name":"MOUNT ALFORD RURAL","address":"2 MULHOLLAND ROAD","locality":"MOUNT ALFORD "}},{"type":"Feature","geometry":{"type":"Point","coordinates":[151.21278912586138,-28.478615109375]},"properties":{"name":"BRACKER CREEK RURAL","address":"1766 TOBACCO ROAD","locality":"COOLMUNDA"}},{"type":"Feature","geometry":{"type":"Point","coordinates":[153.33390893337875,-28.152556568521913]},"properties":{"name":"BONOGIN VALLEY RURAL","address":"660 BONOGIN ROAD","locality":"BONOGIN "}},{"type":"Feature","geometry":{"type":"Point","coordinates":[153.07769006454924,-27.934609556908196]},"properties":{"name":"BIRNAM RURAL","address":"3074 BEAUDESERT/BEENLEIGH ROAD","locality":"BIRNAM "}},{"type":"Feature","geometry":{"type":"Point","coordinates":[152.47260480964542,-24.976284030070428]},"properties":{"name":"COONARR RURAL","address":"165 HERBERT HALL ROAD","locality":"COONARR"}},{"type":"Feature","geometry":{"type":"Point","coordinates":[152.55251764149907,-27.01186268233442]},"properties":{"name":"HAZELDEAN RURAL","address":"3856 ESK KILCOY ROAD","locality":"HAZELDEAN "}},{"type":"Feature","geometry":{"type":"Point","coordinates":[152.61527834668013,-27.410066898680732]},"properties":{"name":"WIVENHOE POCKET RURAL","address":"120 LOCKYER VIEW ROAD","locality":"WIVENHOE POCKET "}},{"type":"Feature","geometry":{"type":"Point","coordinates":[151.94148336256407,-26.673251501185305]},"properties":{"name":"KUNIOON HODGLEIGH RURAL","address":"119 MCNAMARA ROAD","locality":"KUNIOON"}},{"type":"Feature","geometry":{"type":"Point","coordinates":[150.7892771512724,-26.8417407594401]},"properties":{"name":"BRIGALOW RURAL","address":"2 STOTT STREET","locality":"BRIGALOW"}},{"type":"Feature","geometry":{"type":"Point","coordinates":[149.76024769845293,-26.64390355382529]},"properties":{"name":"DULACCA RURAL","address":"28 GLYNN AVENUE","locality":"DULACCA"}},{"type":"Feature","geometry":{"type":"Point","coordinates":[144.40841129775686,-28.99533181303615]},"properties":{"name":"HUNGERFORD RURAL","address":"CNR TORRENCE PARADE AND HANSON STREET","locality":"HUNGERFORD"}},{"type":"Feature","geometry":{"type":"Point","coordinates":[144.63621082825395,-27.971284005455782]},"properties":{"name":"YOWAH OPAL FIELDS RURAL","address":"20 HARLEQUIN DRIVE","locality":"YOWAH"}},{"type":"Feature","geometry":{"type":"Point","coordinates":[152.70126779823337,-26.135388908019085]},"properties":{"name":"VETERAN RURAL","address":"590 SANDY CREEK ROAD","locality":"VETERAN "}},{"type":"Feature","geometry":{"type":"Point","coordinates":[152.97706258344638,-27.030676283661347]},"properties":{"name":"PUMICESTONE RURAL","address":"LOT 100, PANORAMA COURT","locality":"ELIMBAH"}},{"type":"Feature","geometry":{"type":"Point","coordinates":[152.67008766458608,-25.587695176506674]},"properties":{"name":"TINANA RURAL","address":"396 TEDDINGTON ROAD","locality":"TINANA SOUTH"}},{"type":"Feature","geometry":{"type":"Point","coordinates":[152.97536081315513,-26.374090637242418]},"properties":{"name":"COOROIBAH RURAL","address":"4 OLD TEWANTIN ROAD","locality":"COOROIBAH"}},{"type":"Feature","geometry":{"type":"Point","coordinates":[152.29114902310414,-25.239444655472465]},"properties":{"name":"CHILDERS RURAL","address":"LORD STREET","locality":"CHILDERS"}},{"type":"Feature","geometry":{"type":"Point","coordinates":[153.38881272856622,-28.227746451695086]},"properties":{"name":"CURRUMBIN VALLEY RURAL","address":"691 TOMEWIN MOUNTAIN ROAD","locality":"CURRUMBIN VALLEY "}},{"type":"Feature","geometry":{"type":"Point","coordinates":[146.28372940647031,-18.94958865299998]},"properties":{"name":"CRYSTAL CREEK RURAL","address":"11 BARRILGIE ROAD","locality":"COOLBIE"}},{"type":"Feature","geometry":{"type":"Point","coordinates":[152.4099721336176,-24.763940173194715]},"properties":{"name":"BURNETT HEADS RURAL","address":"BREWER STREET","locality":"BURNETT HEADS "}},{"type":"Feature","geometry":{"type":"Point","coordinates":[152.89328477822713,-27.303348460446554]},"properties":{"name":"CLEAR MOUNTAIN RURAL","address":"445 CLEAR MOUNTAIN ROAD","locality":"CLEAR MOUNTAIN "}},{"type":"Feature","geometry":{"type":"Point","coordinates":[145.97882552407518,-27.2460436689801]},"properties":{"name":"WYANDRA TOWN RURAL","address":"37 COOPER STREET","locality":"WYANDRA"}},{"type":"Feature","geometry":{"type":"Point","coordinates":[152.83647084730677,-26.755806882425286]},"properties":{"name":"MALENY AND DISTRICT RURAL","address":"2 DIXON AVENUE","locality":"MALENY "}},{"type":"Feature","geometry":{"type":"Point","coordinates":[150.29683233763643,-27.12889262412095]},"properties":{"name":"TOLMAH RURAL","address":"1540 HUMBUG ROAD","locality":"TARA "}},{"type":"Feature","geometry":{"type":"Point","coordinates":[151.46975089256296,-28.965064855220536]},"properties":{"name":"GLENLYON RURAL","address":"2628 GLENLYON DAM ROAD","locality":"GLENLYON"}},{"type":"Feature","geometry":{"type":"Point","coordinates":[152.0579173525409,-28.32697783842434]},"properties":{"name":"WILDASH RURAL","address":"143 MAHERS LANE","locality":"WILDASH"}},{"type":"Feature","geometry":{"type":"Point","coordinates":[148.72723507879397,-20.472892584285287]},"properties":{"name":"CONWAY RURAL","address":"56 DAVISON ROAD","locality":"WILSONS BEACH"}},{"type":"Feature","geometry":{"type":"Point","coordinates":[146.63480411249336,-19.879720403677155]},"properties":{"name":"MINGELA RURAL","address":"17 TOWERS STREET","locality":"MINGELA"}},{"type":"Feature","geometry":{"type":"Point","coordinates":[146.6349727564349,-19.880269023694318]},"properties":{"name":"MINGELA RURAL","address":"RAVENSWOOD ST","locality":"MINGELA"}},{"type":"Feature","geometry":{"type":"Point","coordinates":[152.86917184006668,-26.835253817319142]},"properties":{"name":"PEACHESTER RURAL","address":"PEACHESTER ROAD","locality":"PEACHESTER"}},{"type":"Feature","geometry":{"type":"Point","coordinates":[152.88895826585463,-26.41566653693688]},"properties":{"name":"BLACK MOUNTAIN RURAL","address":"191 MARY RIVER ROAD","locality":"COOROY"}},{"type":"Feature","geometry":{"type":"Point","coordinates":[152.42113790310452,-27.299776754708173]},"properties":{"name":"ESK GROUP RURAL","address":"85 PINE CRESCENT","locality":"ESK "}},{"type":"Feature","geometry":{"type":"Point","coordinates":[152.4090299929996,-27.530675009344968]},"properties":{"name":"LOCKYER VALLEY GROUP RURAL","address":"14 BRIGHTVIEW ROAD","locality":"GLENORE GROVE "}},{"type":"Feature","geometry":{"type":"Point","coordinates":[151.3258340104369,-27.064458522880354]},"properties":{"name":"THE RIDGE RURAL","address":"101 CHELDAN AVENUE","locality":"DALBY "}},{"type":"Feature","geometry":{"type":"Point","coordinates":[152.86588148640652,-27.325283435885257]},"properties":{"name":"CLOSEBURN RURAL","address":"24 ANDREW ROAD","locality":"CLOSEBURN "}},{"type":"Feature","geometry":{"type":"Point","coordinates":[151.98290300539796,-28.623568351490114]},"properties":{"name":"APPLETHORPE RURAL","address":"62 Scott Walker Drive","locality":"APPLETHORPE"}},{"type":"Feature","geometry":{"type":"Point","coordinates":[151.7059311536759,-27.677542757598516]},"properties":{"name":"SOUTHBROOK LINTHORPE RURAL","address":"SCHOOL ROAD","locality":"SOUTHBROOK "}},{"type":"Feature","geometry":{"type":"Point","coordinates":[152.3560161310116,-27.267637377080238]},"properties":{"name":"MURRUMBA RURAL","address":"111 O'GRADY ROAD","locality":"ESK "}},{"type":"Feature","geometry":{"type":"Point","coordinates":[152.98396575397092,-27.188501258607214]},"properties":{"name":"NARANGBA RURAL","address":"1 HELIUM STREET","locality":"NARANGBA "}},{"type":"Feature","geometry":{"type":"Point","coordinates":[150.64312693601556,-23.10210007778584]},"properties":{"name":"BUNGUNDARRA RURAL","address":"246 LAKE MARY ROAD","locality":"COBRABALL"}},{"type":"Feature","geometry":{"type":"Point","coordinates":[150.26344276141026,-23.017582903899363]},"properties":{"name":"KUNWARARA RURAL","address":"34 RASPBERRY CREEK RD","locality":"KUNWARARA"}},{"type":"Feature","geometry":{"type":"Point","coordinates":[151.29380329032176,-28.397648020316073]},"properties":{"name":"OMAN AMA RURAL","address":"622 COBBA DA MANA RD","locality":"OMAN AMA"}},{"type":"Feature","geometry":{"type":"Point","coordinates":[153.38990581916664,-28.214484071702593]},"properties":{"name":"CURRUMBIN VALLEY RURAL","address":"46 BRAEWOOD DRIVE","locality":"CURRUMBIN VALLEY "}},{"type":"Feature","geometry":{"type":"Point","coordinates":[148.29546605738238,-20.1098051547799]},"properties":{"name":"HERONVALE RURAL","address":"13 PITCAIRN AVENUE","locality":"BOWEN"}},{"type":"Feature","geometry":{"type":"Point","coordinates":[147.2266708947942,-19.785284564615125]},"properties":{"name":null,"address":"28 NELSON STREET","locality":"CLARE"}},{"type":"Feature","geometry":{"type":"Point","coordinates":[150.6446467141245,-23.653427186483935]},"properties":{"name":"BAJOOL RURAL","address":"55 HIGH STREET","locality":"BAJOOL "}},{"type":"Feature","geometry":{"type":"Point","coordinates":[152.7683000788182,-27.333381418234058]},"properties":{"name":"r","address":"124 LINDSAY ROAD","locality":"MOUNT GLORIOUS "}}],"metadata":{"title":"Queensland Rural Fire Service Station Locations","source":"Queensland Fire Department (QFD) \u2014 Open Data Portal (CKAN datastore)","source_url":"https://www.data.qld.gov.au/dataset/rural-fire-stations","licence":"CC BY 4.0","attribution":"Queensland Fire Department","vintage":"Monthly updates","notes":"555 stations. Coordinates in GDA2020 (treated as WGS84 \u2014 offset negligible). Field name contains station name."}}