{
  "type": "FeatureCollection",
  "name": "Ambulance_Stations_NEW_SOUTH_WALES",
  "crs": {
    "type": "name",
    "properties": {
      "name": "urn:ogc:def:crs:OGC:1.3:CRS84"
    }
  },
  "metadata": {"source": "Digital Atlas of Australia — Ambulance Stations", "source_url": "https://digital.atlas.gov.au/datasets/ambulance-stations", "licence": "Creative Commons Attribution 4.0 International (CC BY 4.0)", "licence_url": "https://creativecommons.org/licenses/by/4.0/", "description": "Ambulance station point locations, New South Wales (split from national dataset)."}, "features": [
    {
      "type": "Feature",
      "properties": {
        "objectid": 281,
        "featuretype": "EMERGENCY FACILITY",
        "descripton": "An emergency management facility from which a particular agency\u2019s resources are commanded, coordinated and assigned to an incident or emergency",
        "class": "AMBULANCE STATION",
        "facility_name": "BULLI",
        "facility_operationalstatus": "OPERATIONAL",
        "facility_address": "22 HOSPITAL ROAD",
        "abs_suburb": "BULLI",
        "facility_state": "NEW SOUTH WALES",
        "abs_postcode": "2516",
        "facility_attribute_source": "AMBULANCE SERVICE OF NSW",
        "facility_attribute_date": "2018-06-06T00:00:00Z",
        "facility_source": "AMBULANCE SERVICE OF NSW",
        "facility_date": "2018-06-06T00:00:00Z",
        "facility_spatial_confidence": null,
        "facility_revised": "2018-09-14T00:00:00Z",
        "comment_": null,
        "facility_lat": "-34.33582299999995",
        "facility_long": "150.90901600000007",
        "validated": null,
        "gnaf_building_name": null,
        "gnaf_address_detail_pid": "GANSW704249257",
        "gnaf_formatted_address": "22 HOSPITAL ROAD",
        "gnaf_confidence": "2",
        "gnaf_postcode": "2516",
        "gnaf_suburb": "BULLI",
        "distance_to_gnaf": 57,
        "gnaf_lat": "-34.335818909999944",
        "gnaf_long": "150.90839197000003"
      },
      "geometry": {
        "type": "Point",
        "coordinates": [
          150.9090214105702,
          -34.33581029137087
        ]
      }
    },
    {
      "type": "Feature",
      "properties": {
        "objectid": 282,
        "featuretype": "EMERGENCY FACILITY",
        "descripton": "An emergency management facility from which a particular agency\u2019s resources are commanded, coordinated and assigned to an incident or emergency",
        "class": "AMBULANCE STATION",
        "facility_name": "BUNDEENA",
        "facility_operationalstatus": "OPERATIONAL",
        "facility_address": "48 BUNDEENA DRIVE",
        "abs_suburb": "BUNDEENA",
        "facility_state": "NEW SOUTH WALES",
        "abs_postcode": "2230",
        "facility_attribute_source": "AMBULANCE SERVICE OF NSW",
        "facility_attribute_date": "2018-06-06T00:00:00Z",
        "facility_source": "AMBULANCE SERVICE OF NSW",
        "facility_date": "2018-06-06T00:00:00Z",
        "facility_spatial_confidence": null,
        "facility_revised": "2018-09-14T00:00:00Z",
        "comment_": null,
        "facility_lat": "-34.08418199999994",
        "facility_long": "151.14516300000003",
        "validated": null,
        "gnaf_building_name": null,
        "gnaf_address_detail_pid": "GANSW711640961",
        "gnaf_formatted_address": "48 BUNDEENA DRIVE",
        "gnaf_confidence": "0",
        "gnaf_postcode": "2230",
        "gnaf_suburb": "BUNDEENA",
        "distance_to_gnaf": 8,
        "gnaf_lat": "-34.08425023999996",
        "gnaf_long": "151.14517463000004"
      },
      "geometry": {
        "type": "Point",
        "coordinates": [
          151.14516841008006,
          -34.08416931150854
        ]
      }
    },
    {
      "type": "Feature",
      "properties": {
        "objectid": 283,
        "featuretype": "EMERGENCY FACILITY",
        "descripton": "An emergency management facility from which a particular agency\u2019s resources are commanded, coordinated and assigned to an incident or emergency",
        "class": "AMBULANCE STATION",
        "facility_name": "GREEN VALLEY",
        "facility_operationalstatus": "OPERATIONAL",
        "facility_address": "99 CARTWRIGHT AVENUE",
        "abs_suburb": "BUSBY",
        "facility_state": "NEW SOUTH WALES",
        "abs_postcode": "2168",
        "facility_attribute_source": "AMBULANCE SERVICE OF NSW",
        "facility_attribute_date": "2018-06-06T00:00:00Z",
        "facility_source": "AMBULANCE SERVICE OF NSW",
        "facility_date": "2018-06-06T00:00:00Z",
        "facility_spatial_confidence": null,
        "facility_revised": "2018-09-14T00:00:00Z",
        "comment_": null,
        "facility_lat": "-33.91885099999996",
        "facility_long": "150.88424200000009",
        "validated": null,
        "gnaf_building_name": "AMBULANCE STATION",
        "gnaf_address_detail_pid": "GANSW704262805",
        "gnaf_formatted_address": "99 CARTWRIGHT AVENUE",
        "gnaf_confidence": "0",
        "gnaf_postcode": "2168",
        "gnaf_suburb": "BUSBY",
        "distance_to_gnaf": 9,
        "gnaf_lat": "-33.91877503999996",
        "gnaf_long": "150.8842669400001"
      },
      "geometry": {
        "type": "Point",
        "coordinates": [
          150.88424746972413,
          -33.918838286187466
        ]
      }
    },
    {
      "type": "Feature",
      "properties": {
        "objectid": 284,
        "featuretype": "EMERGENCY FACILITY",
        "descripton": "An emergency management facility from which a particular agency\u2019s resources are commanded, coordinated and assigned to an incident or emergency",
        "class": "AMBULANCE STATION",
        "facility_name": "CAMDEN",
        "facility_operationalstatus": "OPERATIONAL",
        "facility_address": "79 BROUGHTON STREET",
        "abs_suburb": "CAMDEN",
        "facility_state": "NEW SOUTH WALES",
        "abs_postcode": "2570",
        "facility_attribute_source": "AMBULANCE SERVICE OF NSW",
        "facility_attribute_date": "2018-06-06T00:00:00Z",
        "facility_source": "AMBULANCE SERVICE OF NSW",
        "facility_date": "2018-06-06T00:00:00Z",
        "facility_spatial_confidence": null,
        "facility_revised": "2018-09-14T00:00:00Z",
        "comment_": null,
        "facility_lat": "-34.06140499999998",
        "facility_long": "150.692764",
        "validated": null,
        "gnaf_building_name": null,
        "gnaf_address_detail_pid": "GANSW712582093",
        "gnaf_formatted_address": "79 BROUGHTON STREET",
        "gnaf_confidence": "1",
        "gnaf_postcode": "2570",
        "gnaf_suburb": "CAMDEN",
        "distance_to_gnaf": 20,
        "gnaf_lat": "-34.06156712999996",
        "gnaf_long": "150.69284640000012"
      },
      "geometry": {
        "type": "Point",
        "coordinates": [
          150.69276947848343,
          -34.061392269617734
        ]
      }
    },
    {
      "type": "Feature",
      "properties": {
        "objectid": 285,
        "featuretype": "EMERGENCY FACILITY",
        "descripton": "An emergency management facility from which a particular agency\u2019s resources are commanded, coordinated and assigned to an incident or emergency",
        "class": "AMBULANCE STATION",
        "facility_name": "CAMPSIE",
        "facility_operationalstatus": "OPERATIONAL",
        "facility_address": "7 DUKE STREET",
        "abs_suburb": "CAMPSIE",
        "facility_state": "NEW SOUTH WALES",
        "abs_postcode": "2194",
        "facility_attribute_source": "AMBULANCE SERVICE OF NSW",
        "facility_attribute_date": "2018-06-06T00:00:00Z",
        "facility_source": "AMBULANCE SERVICE OF NSW",
        "facility_date": "2018-06-06T00:00:00Z",
        "facility_spatial_confidence": null,
        "facility_revised": "2018-09-14T00:00:00Z",
        "comment_": null,
        "facility_lat": "-33.91069199999998",
        "facility_long": "151.10621300000003",
        "validated": null,
        "gnaf_building_name": null,
        "gnaf_address_detail_pid": "GANSW704291633",
        "gnaf_formatted_address": "7 DUKE STREET",
        "gnaf_confidence": "0",
        "gnaf_postcode": "2194",
        "gnaf_suburb": "CAMPSIE",
        "distance_to_gnaf": 0,
        "gnaf_lat": "-33.91069156999998",
        "gnaf_long": "151.10621250000008"
      },
      "geometry": {
        "type": "Point",
        "coordinates": [
          151.10621843895603,
          -33.910679306672726
        ]
      }
    },
    {
      "type": "Feature",
      "properties": {
        "objectid": 286,
        "featuretype": "EMERGENCY FACILITY",
        "descripton": "An emergency management facility from which a particular agency\u2019s resources are commanded, coordinated and assigned to an incident or emergency",
        "class": "AMBULANCE STATION",
        "facility_name": "CANOWINDRA",
        "facility_operationalstatus": "OPERATIONAL",
        "facility_address": "BROWNS AV",
        "abs_suburb": "CANOWINDRA",
        "facility_state": "NEW SOUTH WALES",
        "abs_postcode": "2804",
        "facility_attribute_source": "AMBULANCE SERVICE OF NSW",
        "facility_attribute_date": "2018-06-06T00:00:00Z",
        "facility_source": "AMBULANCE SERVICE OF NSW",
        "facility_date": "2018-06-06T00:00:00Z",
        "facility_spatial_confidence": null,
        "facility_revised": "2018-09-14T00:00:00Z",
        "comment_": null,
        "facility_lat": "-33.556633999999974",
        "facility_long": "148.67580700000008",
        "validated": null,
        "gnaf_building_name": "CANOWINDRA SOLS MEMORIAL HOSPI",
        "gnaf_address_detail_pid": "GANSW713157441",
        "gnaf_formatted_address": "1 BROWNS AVENUE",
        "gnaf_confidence": "0",
        "gnaf_postcode": "2804",
        "gnaf_suburb": "CANOWINDRA",
        "distance_to_gnaf": 89,
        "gnaf_lat": "-33.55720166999998",
        "gnaf_long": "148.67647918000011"
      },
      "geometry": {
        "type": "Point",
        "coordinates": [
          148.67581283283738,
          -33.556621089981604
        ]
      }
    },
    {
      "type": "Feature",
      "properties": {
        "objectid": 287,
        "featuretype": "EMERGENCY FACILITY",
        "descripton": "An emergency management facility from which a particular agency\u2019s resources are commanded, coordinated and assigned to an incident or emergency",
        "class": "AMBULANCE STATION",
        "facility_name": "CARDIFF",
        "facility_operationalstatus": "OPERATIONAL",
        "facility_address": "45 CROCKETT STREET",
        "abs_suburb": "CARDIFF SOUTH",
        "facility_state": "NEW SOUTH WALES",
        "abs_postcode": "2285",
        "facility_attribute_source": "AMBULANCE SERVICE OF NSW",
        "facility_attribute_date": "2018-06-06T00:00:00Z",
        "facility_source": "AMBULANCE SERVICE OF NSW",
        "facility_date": "2018-06-06T00:00:00Z",
        "facility_spatial_confidence": null,
        "facility_revised": "2018-09-14T00:00:00Z",
        "comment_": null,
        "facility_lat": "-32.95790399999993",
        "facility_long": "151.66374900000005",
        "validated": null,
        "gnaf_building_name": null,
        "gnaf_address_detail_pid": "GANSW711863590",
        "gnaf_formatted_address": "45 CROCKETT STREET",
        "gnaf_confidence": "2",
        "gnaf_postcode": "2285",
        "gnaf_suburb": "CARDIFF SOUTH",
        "distance_to_gnaf": 16,
        "gnaf_lat": "-32.95776522999995",
        "gnaf_long": "151.66371851000008"
      },
      "geometry": {
        "type": "Point",
        "coordinates": [
          151.66375448820904,
          -32.95789135238773
        ]
      }
    },
    {
      "type": "Feature",
      "properties": {
        "objectid": 288,
        "featuretype": "EMERGENCY FACILITY",
        "descripton": "An emergency management facility from which a particular agency\u2019s resources are commanded, coordinated and assigned to an incident or emergency",
        "class": "AMBULANCE STATION",
        "facility_name": "CARINGBAH SUPERSTATION",
        "facility_operationalstatus": "OPERATIONAL",
        "facility_address": "106 KAREENA ROAD",
        "abs_suburb": "CARINGBAH",
        "facility_state": "NEW SOUTH WALES",
        "abs_postcode": "2229",
        "facility_attribute_source": "AMBULANCE SERVICE OF NSW",
        "facility_attribute_date": "2018-08-22T00:00:00Z",
        "facility_source": "AMBULANCE SERVICE OF NSW",
        "facility_date": "2018-08-22T00:00:00Z",
        "facility_spatial_confidence": null,
        "facility_revised": "2018-09-14T00:00:00Z",
        "comment_": null,
        "facility_lat": "-34.03697399999993",
        "facility_long": "151.113288",
        "validated": null,
        "gnaf_building_name": null,
        "gnaf_address_detail_pid": "GANSW717906703",
        "gnaf_formatted_address": "106 KAREENA ROAD",
        "gnaf_confidence": "2",
        "gnaf_postcode": "2229",
        "gnaf_suburb": "CARINGBAH",
        "distance_to_gnaf": 11,
        "gnaf_lat": "-34.037049459999935",
        "gnaf_long": "151.1133696600001"
      },
      "geometry": {
        "type": "Point",
        "coordinates": [
          151.11329342101956,
          -34.036961308212526
        ]
      }
    },
    {
      "type": "Feature",
      "properties": {
        "objectid": 297,
        "featuretype": "EMERGENCY FACILITY",
        "descripton": "An emergency management facility from which a particular agency\u2019s resources are commanded, coordinated and assigned to an incident or emergency",
        "class": "AMBULANCE STATION",
        "facility_name": "ARDLETHAN",
        "facility_operationalstatus": "OPERATIONAL",
        "facility_address": "REDMOND STREET",
        "abs_suburb": "ARDLETHAN",
        "facility_state": "NEW SOUTH WALES",
        "abs_postcode": "2665",
        "facility_attribute_source": "AMBULANCE SERVICE OF NSW",
        "facility_attribute_date": "2018-06-06T00:00:00Z",
        "facility_source": "AMBULANCE SERVICE OF NSW",
        "facility_date": "2018-06-06T00:00:00Z",
        "facility_spatial_confidence": null,
        "facility_revised": "2018-09-14T00:00:00Z",
        "comment_": null,
        "facility_lat": "-34.34964899999994",
        "facility_long": "146.90207400000008",
        "validated": null,
        "gnaf_building_name": "ARDLETHAN HOSPITAL",
        "gnaf_address_detail_pid": "GANSW712717726",
        "gnaf_formatted_address": "18 REDMOND STREET",
        "gnaf_confidence": "2",
        "gnaf_postcode": "2665",
        "gnaf_suburb": "ARDLETHAN",
        "distance_to_gnaf": 49,
        "gnaf_lat": "-34.34942641999993",
        "gnaf_long": "146.9025384900001"
      },
      "geometry": {
        "type": "Point",
        "coordinates": [
          146.90208000275464,
          -34.34963595406728
        ]
      }
    },
    {
      "type": "Feature",
      "properties": {
        "objectid": 298,
        "featuretype": "EMERGENCY FACILITY",
        "descripton": "An emergency management facility from which a particular agency\u2019s resources are commanded, coordinated and assigned to an incident or emergency",
        "class": "AMBULANCE STATION",
        "facility_name": "ARMIDALE",
        "facility_operationalstatus": "OPERATIONAL",
        "facility_address": "197 BARNEY STREET",
        "abs_suburb": "ARMIDALE",
        "facility_state": "NEW SOUTH WALES",
        "abs_postcode": "2350",
        "facility_attribute_source": "AMBULANCE SERVICE OF NSW",
        "facility_attribute_date": "2018-06-06T00:00:00Z",
        "facility_source": "AMBULANCE SERVICE OF NSW",
        "facility_date": "2018-06-06T00:00:00Z",
        "facility_spatial_confidence": null,
        "facility_revised": "2018-09-14T00:00:00Z",
        "comment_": null,
        "facility_lat": "-30.51372299999997",
        "facility_long": "151.65552300000002",
        "validated": null,
        "gnaf_building_name": null,
        "gnaf_address_detail_pid": "GANSW712111251",
        "gnaf_formatted_address": "197 BARNEY STREET",
        "gnaf_confidence": "1",
        "gnaf_postcode": "2350",
        "gnaf_suburb": "ARMIDALE",
        "distance_to_gnaf": 9,
        "gnaf_lat": "-30.51376376999997",
        "gnaf_long": "151.6554425600001"
      },
      "geometry": {
        "type": "Point",
        "coordinates": [
          151.65552880768576,
          -30.51371033373467
        ]
      }
    },
    {
      "type": "Feature",
      "properties": {
        "objectid": 299,
        "featuretype": "EMERGENCY FACILITY",
        "descripton": "An emergency management facility from which a particular agency\u2019s resources are commanded, coordinated and assigned to an incident or emergency",
        "class": "AMBULANCE STATION",
        "facility_name": "ARTARMON SUPERSTATION",
        "facility_operationalstatus": "OPERATIONAL",
        "facility_address": "95 RESERVE ROAD",
        "abs_suburb": "ARTARMON",
        "facility_state": "NEW SOUTH WALES",
        "abs_postcode": "2064",
        "facility_attribute_source": "AMBULANCE SERVICE OF NSW",
        "facility_attribute_date": "2018-06-06T00:00:00Z",
        "facility_source": "AMBULANCE SERVICE OF NSW",
        "facility_date": "2018-06-06T00:00:00Z",
        "facility_spatial_confidence": null,
        "facility_revised": "2018-09-14T00:00:00Z",
        "comment_": null,
        "facility_lat": "-33.81509499999993",
        "facility_long": "151.18655400000011",
        "validated": null,
        "gnaf_building_name": null,
        "gnaf_address_detail_pid": "GANSW718421995",
        "gnaf_formatted_address": "95 RESERVE ROAD",
        "gnaf_confidence": "0",
        "gnaf_postcode": "2064",
        "gnaf_suburb": "ARTARMON",
        "distance_to_gnaf": 26,
        "gnaf_lat": "-33.81513283999993",
        "gnaf_long": "151.18683176000002"
      },
      "geometry": {
        "type": "Point",
        "coordinates": [
          151.1865594402583,
          -33.81508231348654
        ]
      }
    },
    {
      "type": "Feature",
      "properties": {
        "objectid": 300,
        "featuretype": "EMERGENCY FACILITY",
        "descripton": "An emergency management facility from which a particular agency\u2019s resources are commanded, coordinated and assigned to an incident or emergency",
        "class": "AMBULANCE STATION",
        "facility_name": "ASHFORD",
        "facility_operationalstatus": "OPERATIONAL",
        "facility_address": "18 KNEIPP STREET",
        "abs_suburb": "ASHFORD",
        "facility_state": "NEW SOUTH WALES",
        "abs_postcode": "2361",
        "facility_attribute_source": "AMBULANCE SERVICE OF NSW",
        "facility_attribute_date": "2018-06-06T00:00:00Z",
        "facility_source": "AMBULANCE SERVICE OF NSW",
        "facility_date": "2018-06-06T00:00:00Z",
        "facility_spatial_confidence": null,
        "facility_revised": "2018-09-14T00:00:00Z",
        "comment_": null,
        "facility_lat": "-29.319267999999965",
        "facility_long": "151.09166800000003",
        "validated": null,
        "gnaf_building_name": null,
        "gnaf_address_detail_pid": "GANSW718602485",
        "gnaf_formatted_address": "18 KNEIPP STREET",
        "gnaf_confidence": "1",
        "gnaf_postcode": "2361",
        "gnaf_suburb": "ASHFORD",
        "distance_to_gnaf": 3,
        "gnaf_lat": "-29.31925733999998",
        "gnaf_long": "151.09163662000003"
      },
      "geometry": {
        "type": "Point",
        "coordinates": [
          151.09167402395533,
          -29.319255271759335
        ]
      }
    },
    {
      "type": "Feature",
      "properties": {
        "objectid": 301,
        "featuretype": "EMERGENCY FACILITY",
        "descripton": "An emergency management facility from which a particular agency\u2019s resources are commanded, coordinated and assigned to an incident or emergency",
        "class": "AMBULANCE STATION",
        "facility_name": "AUBURN",
        "facility_operationalstatus": "OPERATIONAL",
        "facility_address": "60 QUEEN STREET",
        "abs_suburb": "AUBURN",
        "facility_state": "NEW SOUTH WALES",
        "abs_postcode": "2144",
        "facility_attribute_source": "AMBULANCE SERVICE OF NSW",
        "facility_attribute_date": "2018-06-06T00:00:00Z",
        "facility_source": "AMBULANCE SERVICE OF NSW",
        "facility_date": "2018-06-06T00:00:00Z",
        "facility_spatial_confidence": null,
        "facility_revised": "2018-09-14T00:00:00Z",
        "comment_": null,
        "facility_lat": "-33.85050599999994",
        "facility_long": "151.03160100000002",
        "validated": null,
        "gnaf_building_name": null,
        "gnaf_address_detail_pid": "GANSW711048873",
        "gnaf_formatted_address": "60 QUEEN STREET",
        "gnaf_confidence": "1",
        "gnaf_postcode": "2144",
        "gnaf_suburb": "AUBURN",
        "distance_to_gnaf": 2,
        "gnaf_lat": "-33.85049247999996",
        "gnaf_long": "151.03159390000008"
      },
      "geometry": {
        "type": "Point",
        "coordinates": [
          151.03160645767457,
          -33.85049329932496
        ]
      }
    },
    {
      "type": "Feature",
      "properties": {
        "objectid": 302,
        "featuretype": "EMERGENCY FACILITY",
        "descripton": "An emergency management facility from which a particular agency\u2019s resources are commanded, coordinated and assigned to an incident or emergency",
        "class": "AMBULANCE STATION",
        "facility_name": "AVALON",
        "facility_operationalstatus": "OPERATIONAL",
        "facility_address": "697 BARRENJOEY ROAD",
        "abs_suburb": "AVALON BEACH",
        "facility_state": "NEW SOUTH WALES",
        "abs_postcode": "2107",
        "facility_attribute_source": "AMBULANCE SERVICE OF NSW",
        "facility_attribute_date": "2018-06-06T00:00:00Z",
        "facility_source": "AMBULANCE SERVICE OF NSW",
        "facility_date": "2018-06-06T00:00:00Z",
        "facility_spatial_confidence": null,
        "facility_revised": "2018-09-14T00:00:00Z",
        "comment_": null,
        "facility_lat": "-33.63383299999998",
        "facility_long": "151.33047800000008",
        "validated": null,
        "gnaf_building_name": null,
        "gnaf_address_detail_pid": "GANSW718306032",
        "gnaf_formatted_address": "697 BARRENJOEY ROAD",
        "gnaf_confidence": "0",
        "gnaf_postcode": "2107",
        "gnaf_suburb": "AVALON BEACH",
        "distance_to_gnaf": 3,
        "gnaf_lat": "-33.63385673999994",
        "gnaf_long": "151.33045459000004"
      },
      "geometry": {
        "type": "Point",
        "coordinates": [
          151.33048344409684,
          -33.63382032568218
        ]
      }
    },
    {
      "type": "Feature",
      "properties": {
        "objectid": 303,
        "featuretype": "EMERGENCY FACILITY",
        "descripton": "An emergency management facility from which a particular agency\u2019s resources are commanded, coordinated and assigned to an incident or emergency",
        "class": "AMBULANCE STATION",
        "facility_name": "BALGOWLAH",
        "facility_operationalstatus": "OPERATIONAL",
        "facility_address": "237 CONDAMINE STREET",
        "abs_suburb": "BALGOWLAH",
        "facility_state": "NEW SOUTH WALES",
        "abs_postcode": "2093",
        "facility_attribute_source": "AMBULANCE SERVICE OF NSW",
        "facility_attribute_date": "2018-06-06T00:00:00Z",
        "facility_source": "AMBULANCE SERVICE OF NSW",
        "facility_date": "2018-06-06T00:00:00Z",
        "facility_spatial_confidence": null,
        "facility_revised": "2018-09-14T00:00:00Z",
        "comment_": null,
        "facility_lat": "-33.790306999999984",
        "facility_long": "151.26529700000003",
        "validated": null,
        "gnaf_building_name": null,
        "gnaf_address_detail_pid": "GANSW703979291",
        "gnaf_formatted_address": "237 CONDAMINE STREET",
        "gnaf_confidence": "1",
        "gnaf_postcode": "2093",
        "gnaf_suburb": "BALGOWLAH",
        "distance_to_gnaf": 0,
        "gnaf_lat": "-33.79030746999996",
        "gnaf_long": "151.2652969500001"
      },
      "geometry": {
        "type": "Point",
        "coordinates": [
          151.26530243235263,
          -33.790294320671734
        ]
      }
    },
    {
      "type": "Feature",
      "properties": {
        "objectid": 304,
        "featuretype": "EMERGENCY FACILITY",
        "descripton": "An emergency management facility from which a particular agency\u2019s resources are commanded, coordinated and assigned to an incident or emergency",
        "class": "AMBULANCE STATION",
        "facility_name": "BALLINA",
        "facility_operationalstatus": "OPERATIONAL",
        "facility_address": "70 CHERRY STREET",
        "abs_suburb": "BALLINA",
        "facility_state": "NEW SOUTH WALES",
        "abs_postcode": "2478",
        "facility_attribute_source": "AMBULANCE SERVICE OF NSW",
        "facility_attribute_date": "2018-06-06T00:00:00Z",
        "facility_source": "AMBULANCE SERVICE OF NSW",
        "facility_date": "2018-06-06T00:00:00Z",
        "facility_spatial_confidence": null,
        "facility_revised": "2018-09-14T00:00:00Z",
        "comment_": null,
        "facility_lat": "-28.864274999999964",
        "facility_long": "153.564431",
        "validated": null,
        "gnaf_building_name": null,
        "gnaf_address_detail_pid": "GANSW712303990",
        "gnaf_formatted_address": "57 BENTINCK STREET",
        "gnaf_confidence": "2",
        "gnaf_postcode": "2478",
        "gnaf_suburb": "BALLINA",
        "distance_to_gnaf": 8,
        "gnaf_lat": "-28.864307279999935",
        "gnaf_long": "153.56436139000004"
      },
      "geometry": {
        "type": "Point",
        "coordinates": [
          153.56443679444433,
          -28.86426250979746
        ]
      }
    },
    {
      "type": "Feature",
      "properties": {
        "objectid": 305,
        "featuretype": "EMERGENCY FACILITY",
        "descripton": "An emergency management facility from which a particular agency\u2019s resources are commanded, coordinated and assigned to an incident or emergency",
        "class": "AMBULANCE STATION",
        "facility_name": "BALRANALD",
        "facility_operationalstatus": "OPERATIONAL",
        "facility_address": "47 COURT STREET",
        "abs_suburb": "BALRANALD",
        "facility_state": "NEW SOUTH WALES",
        "abs_postcode": "2715",
        "facility_attribute_source": "AMBULANCE SERVICE OF NSW",
        "facility_attribute_date": "2018-06-06T00:00:00Z",
        "facility_source": "AMBULANCE SERVICE OF NSW",
        "facility_date": "2018-06-06T00:00:00Z",
        "facility_spatial_confidence": null,
        "facility_revised": "2018-09-14T00:00:00Z",
        "comment_": null,
        "facility_lat": "-34.64402699999994",
        "facility_long": "143.56757400000004",
        "validated": null,
        "gnaf_building_name": null,
        "gnaf_address_detail_pid": "GANSW715812376",
        "gnaf_formatted_address": "47 COURT STREET",
        "gnaf_confidence": "1",
        "gnaf_postcode": "2715",
        "gnaf_suburb": "BALRANALD",
        "distance_to_gnaf": 6,
        "gnaf_lat": "-34.644073299999945",
        "gnaf_long": "143.56759789000012"
      },
      "geometry": {
        "type": "Point",
        "coordinates": [
          143.56758048209215,
          -34.64401372491965
        ]
      }
    },
    {
      "type": "Feature",
      "properties": {
        "objectid": 306,
        "featuretype": "EMERGENCY FACILITY",
        "descripton": "An emergency management facility from which a particular agency\u2019s resources are commanded, coordinated and assigned to an incident or emergency",
        "class": "AMBULANCE STATION",
        "facility_name": "BANKSTOWN",
        "facility_operationalstatus": "OPERATIONAL",
        "facility_address": "33 MEREDITH STREET",
        "abs_suburb": "BANKSTOWN",
        "facility_state": "NEW SOUTH WALES",
        "abs_postcode": "2200",
        "facility_attribute_source": "AMBULANCE SERVICE OF NSW",
        "facility_attribute_date": "2018-06-06T00:00:00Z",
        "facility_source": "AMBULANCE SERVICE OF NSW",
        "facility_date": "2018-06-06T00:00:00Z",
        "facility_spatial_confidence": null,
        "facility_revised": "2018-09-14T00:00:00Z",
        "comment_": null,
        "facility_lat": "-33.91445299999998",
        "facility_long": "151.03214800000012",
        "validated": null,
        "gnaf_building_name": null,
        "gnaf_address_detail_pid": "GANSW716880149",
        "gnaf_formatted_address": "33 MEREDITH STREET",
        "gnaf_confidence": "2",
        "gnaf_postcode": "2200",
        "gnaf_suburb": "BANKSTOWN",
        "distance_to_gnaf": 12,
        "gnaf_lat": "-33.914490169999965",
        "gnaf_long": "151.03227369"
      },
      "geometry": {
        "type": "Point",
        "coordinates": [
          151.03215344907557,
          -33.91444029982299
        ]
      }
    },
    {
      "type": "Feature",
      "properties": {
        "objectid": 307,
        "featuretype": "EMERGENCY FACILITY",
        "descripton": "An emergency management facility from which a particular agency\u2019s resources are commanded, coordinated and assigned to an incident or emergency",
        "class": "AMBULANCE STATION",
        "facility_name": "BANKSTOWN SUPERSTATION",
        "facility_operationalstatus": "OPERATIONAL",
        "facility_address": "102 CANTERBURY ROAD",
        "abs_suburb": "BANKSTOWN",
        "facility_state": "NEW SOUTH WALES",
        "abs_postcode": "2200",
        "facility_attribute_source": "AMBULANCE SERVICE OF NSW",
        "facility_attribute_date": "2018-06-06T00:00:00Z",
        "facility_source": "AMBULANCE SERVICE OF NSW",
        "facility_date": "2018-06-06T00:00:00Z",
        "facility_spatial_confidence": null,
        "facility_revised": "2018-09-14T00:00:00Z",
        "comment_": null,
        "facility_lat": "-33.93458799999996",
        "facility_long": "151.03181800000004",
        "validated": null,
        "gnaf_building_name": null,
        "gnaf_address_detail_pid": "GANSW711404701",
        "gnaf_formatted_address": "102 CANTERBURY ROAD",
        "gnaf_confidence": "1",
        "gnaf_postcode": "2200",
        "gnaf_suburb": "BANKSTOWN",
        "distance_to_gnaf": 20,
        "gnaf_lat": "-33.93477005999995",
        "gnaf_long": "151.03181066000002"
      },
      "geometry": {
        "type": "Point",
        "coordinates": [
          151.03182344643724,
          -33.934575299933094
        ]
      }
    },
    {
      "type": "Feature",
      "properties": {
        "objectid": 308,
        "featuretype": "EMERGENCY FACILITY",
        "descripton": "An emergency management facility from which a particular agency\u2019s resources are commanded, coordinated and assigned to an incident or emergency",
        "class": "AMBULANCE STATION",
        "facility_name": "BARADINE",
        "facility_operationalstatus": "OPERATIONAL",
        "facility_address": "32 NARREN STREET",
        "abs_suburb": "BARADINE",
        "facility_state": "NEW SOUTH WALES",
        "abs_postcode": "2396",
        "facility_attribute_source": "AMBULANCE SERVICE OF NSW",
        "facility_attribute_date": "2018-06-06T00:00:00Z",
        "facility_source": "AMBULANCE SERVICE OF NSW",
        "facility_date": "2018-06-06T00:00:00Z",
        "facility_spatial_confidence": null,
        "facility_revised": "2018-09-14T00:00:00Z",
        "comment_": null,
        "facility_lat": "-30.949535999999966",
        "facility_long": "149.06960700000002",
        "validated": null,
        "gnaf_building_name": null,
        "gnaf_address_detail_pid": "GANSW704016802",
        "gnaf_formatted_address": "32 NARREN STREET",
        "gnaf_confidence": "2",
        "gnaf_postcode": "2396",
        "gnaf_suburb": "BARADINE",
        "distance_to_gnaf": 24,
        "gnaf_lat": "-30.949547269999982",
        "gnaf_long": "149.06986031000008"
      },
      "geometry": {
        "type": "Point",
        "coordinates": [
          149.06961308254907,
          -30.94952310441001
        ]
      }
    },
    {
      "type": "Feature",
      "properties": {
        "objectid": 309,
        "featuretype": "EMERGENCY FACILITY",
        "descripton": "An emergency management facility from which a particular agency\u2019s resources are commanded, coordinated and assigned to an incident or emergency",
        "class": "AMBULANCE STATION",
        "facility_name": "BARHAM",
        "facility_operationalstatus": "OPERATIONAL",
        "facility_address": "GONN STREET",
        "abs_suburb": "BARHAM",
        "facility_state": "NEW SOUTH WALES",
        "abs_postcode": "2732",
        "facility_attribute_source": "AMBULANCE SERVICE OF NSW",
        "facility_attribute_date": "2018-06-06T00:00:00Z",
        "facility_source": "AMBULANCE SERVICE OF NSW",
        "facility_date": "2018-06-06T00:00:00Z",
        "facility_spatial_confidence": null,
        "facility_revised": "2018-09-14T00:00:00Z",
        "comment_": null,
        "facility_lat": "-35.624417999999935",
        "facility_long": "144.13239800000008",
        "validated": null,
        "gnaf_building_name": null,
        "gnaf_address_detail_pid": "GANSW712799007",
        "gnaf_formatted_address": "48 GONN STREET",
        "gnaf_confidence": "2",
        "gnaf_postcode": "2732",
        "gnaf_suburb": "BARHAM",
        "distance_to_gnaf": 9,
        "gnaf_lat": "-35.624445169999944",
        "gnaf_long": "144.13229934000003"
      },
      "geometry": {
        "type": "Point",
        "coordinates": [
          144.13240430051064,
          -35.62440476728921
        ]
      }
    },
    {
      "type": "Feature",
      "properties": {
        "objectid": 310,
        "featuretype": "EMERGENCY FACILITY",
        "descripton": "An emergency management facility from which a particular agency\u2019s resources are commanded, coordinated and assigned to an incident or emergency",
        "class": "AMBULANCE STATION",
        "facility_name": "BARRABA",
        "facility_operationalstatus": "OPERATIONAL",
        "facility_address": "27 EDWARD STREET",
        "abs_suburb": "BARRABA",
        "facility_state": "NEW SOUTH WALES",
        "abs_postcode": "2347",
        "facility_attribute_source": "AMBULANCE SERVICE OF NSW",
        "facility_attribute_date": "2018-06-06T00:00:00Z",
        "facility_source": "AMBULANCE SERVICE OF NSW",
        "facility_date": "2018-06-06T00:00:00Z",
        "facility_spatial_confidence": null,
        "facility_revised": "2018-09-14T00:00:00Z",
        "comment_": null,
        "facility_lat": "-30.382348999999977",
        "facility_long": "150.6065000000001",
        "validated": null,
        "gnaf_building_name": null,
        "gnaf_address_detail_pid": "GANSW717371571",
        "gnaf_formatted_address": "29 EDWARD STREET",
        "gnaf_confidence": "0",
        "gnaf_postcode": "2347",
        "gnaf_suburb": "BARRABA",
        "distance_to_gnaf": 48,
        "gnaf_lat": "-30.38255954999994",
        "gnaf_long": "150.60606468000003"
      },
      "geometry": {
        "type": "Point",
        "coordinates": [
          150.60650595439768,
          -30.382336235208978
        ]
      }
    },
    {
      "type": "Feature",
      "properties": {
        "objectid": 311,
        "featuretype": "EMERGENCY FACILITY",
        "descripton": "An emergency management facility from which a particular agency\u2019s resources are commanded, coordinated and assigned to an incident or emergency",
        "class": "AMBULANCE STATION",
        "facility_name": "BATEAU BAY",
        "facility_operationalstatus": "OPERATIONAL",
        "facility_address": "1 COMMUNITY ROAD",
        "abs_suburb": "BATEAU BAY",
        "facility_state": "NEW SOUTH WALES",
        "abs_postcode": "2261",
        "facility_attribute_source": "AMBULANCE SERVICE OF NSW",
        "facility_attribute_date": "2018-06-06T00:00:00Z",
        "facility_source": "AMBULANCE SERVICE OF NSW",
        "facility_date": "2018-06-06T00:00:00Z",
        "facility_spatial_confidence": null,
        "facility_revised": "2018-09-14T00:00:00Z",
        "comment_": null,
        "facility_lat": "-33.37225399999994",
        "facility_long": "151.47418200000004",
        "validated": null,
        "gnaf_building_name": null,
        "gnaf_address_detail_pid": "GANSW704018863",
        "gnaf_formatted_address": "1 COMMUNITY ROAD",
        "gnaf_confidence": "1",
        "gnaf_postcode": "2261",
        "gnaf_suburb": "BATEAU BAY",
        "distance_to_gnaf": 14,
        "gnaf_lat": "-33.37213038999994",
        "gnaf_long": "151.4742148800001"
      },
      "geometry": {
        "type": "Point",
        "coordinates": [
          151.47418745896286,
          -33.3722413373646
        ]
      }
    },
    {
      "type": "Feature",
      "properties": {
        "objectid": 312,
        "featuretype": "EMERGENCY FACILITY",
        "descripton": "An emergency management facility from which a particular agency\u2019s resources are commanded, coordinated and assigned to an incident or emergency",
        "class": "AMBULANCE STATION",
        "facility_name": "BATHURST",
        "facility_operationalstatus": "OPERATIONAL",
        "facility_address": "36 WILLIAM STREET",
        "abs_suburb": "BATHURST",
        "facility_state": "NEW SOUTH WALES",
        "abs_postcode": "2795",
        "facility_attribute_source": "AMBULANCE SERVICE OF NSW",
        "facility_attribute_date": "2018-06-06T00:00:00Z",
        "facility_source": "AMBULANCE SERVICE OF NSW",
        "facility_date": "2018-06-06T00:00:00Z",
        "facility_spatial_confidence": null,
        "facility_revised": "2018-09-14T00:00:00Z",
        "comment_": null,
        "facility_lat": "-33.41662899999994",
        "facility_long": "149.58323000000007",
        "validated": null,
        "gnaf_building_name": null,
        "gnaf_address_detail_pid": "GANSW717351105",
        "gnaf_formatted_address": "36 WILLIAM STREET",
        "gnaf_confidence": "1",
        "gnaf_postcode": "2795",
        "gnaf_suburb": "BATHURST",
        "distance_to_gnaf": 2,
        "gnaf_lat": "-33.41664893999996",
        "gnaf_long": "149.5832237400001"
      },
      "geometry": {
        "type": "Point",
        "coordinates": [
          149.58323571998525,
          -33.416616166215725
        ]
      }
    },
    {
      "type": "Feature",
      "properties": {
        "objectid": 313,
        "featuretype": "EMERGENCY FACILITY",
        "descripton": "An emergency management facility from which a particular agency\u2019s resources are commanded, coordinated and assigned to an incident or emergency",
        "class": "AMBULANCE STATION",
        "facility_name": "BATLOW",
        "facility_operationalstatus": "OPERATIONAL",
        "facility_address": "69 PIONEER STREET",
        "abs_suburb": "BATLOW",
        "facility_state": "NEW SOUTH WALES",
        "abs_postcode": "2730",
        "facility_attribute_source": "AMBULANCE SERVICE OF NSW",
        "facility_attribute_date": "2018-06-06T00:00:00Z",
        "facility_source": "AMBULANCE SERVICE OF NSW",
        "facility_date": "2018-06-06T00:00:00Z",
        "facility_spatial_confidence": null,
        "facility_revised": "2018-09-14T00:00:00Z",
        "comment_": null,
        "facility_lat": "-35.52299799999997",
        "facility_long": "148.1482850000001",
        "validated": null,
        "gnaf_building_name": null,
        "gnaf_address_detail_pid": "GANSW717603240",
        "gnaf_formatted_address": "69 PIONEER STREET",
        "gnaf_confidence": "0",
        "gnaf_postcode": "2730",
        "gnaf_suburb": "BATLOW",
        "distance_to_gnaf": 23,
        "gnaf_lat": "-35.52296333999993",
        "gnaf_long": "148.14803696"
      },
      "geometry": {
        "type": "Point",
        "coordinates": [
          148.14829067572927,
          -35.52298506000624
        ]
      }
    },
    {
      "type": "Feature",
      "properties": {
        "objectid": 314,
        "featuretype": "EMERGENCY FACILITY",
        "descripton": "An emergency management facility from which a particular agency\u2019s resources are commanded, coordinated and assigned to an incident or emergency",
        "class": "AMBULANCE STATION",
        "facility_name": "BEGA",
        "facility_operationalstatus": "OPERATIONAL",
        "facility_address": "2 VIRGINIA DRIVE",
        "abs_suburb": "BEGA",
        "facility_state": "NEW SOUTH WALES",
        "abs_postcode": "2550",
        "facility_attribute_source": "AMBULANCE SERVICE OF NSW",
        "facility_attribute_date": "2018-06-06T00:00:00Z",
        "facility_source": "AMBULANCE SERVICE OF NSW",
        "facility_date": "2018-06-06T00:00:00Z",
        "facility_spatial_confidence": null,
        "facility_revised": "2018-09-14T00:00:00Z",
        "comment_": null,
        "facility_lat": "-36.68774999999994",
        "facility_long": "149.85628100000008",
        "validated": null,
        "gnaf_building_name": "STH EAST REGION HOSPITAL",
        "gnaf_address_detail_pid": "GANSW719033696",
        "gnaf_formatted_address": "4 VIRGINIA DRIVE",
        "gnaf_confidence": "2",
        "gnaf_postcode": "2550",
        "gnaf_suburb": "BEGA",
        "distance_to_gnaf": 97,
        "gnaf_lat": "-36.68848773999997",
        "gnaf_long": "149.8557013300001"
      },
      "geometry": {
        "type": "Point",
        "coordinates": [
          149.85628625498563,
          -36.687737212298714
        ]
      }
    },
    {
      "type": "Feature",
      "properties": {
        "objectid": 315,
        "featuretype": "EMERGENCY FACILITY",
        "descripton": "An emergency management facility from which a particular agency\u2019s resources are commanded, coordinated and assigned to an incident or emergency",
        "class": "AMBULANCE STATION",
        "facility_name": "BELLINGEN",
        "facility_operationalstatus": "OPERATIONAL",
        "facility_address": "6 CHURCH STREET",
        "abs_suburb": "BELLINGEN",
        "facility_state": "NEW SOUTH WALES",
        "abs_postcode": "2454",
        "facility_attribute_source": "AMBULANCE SERVICE OF NSW",
        "facility_attribute_date": "2018-06-06T00:00:00Z",
        "facility_source": "AMBULANCE SERVICE OF NSW",
        "facility_date": "2018-06-06T00:00:00Z",
        "facility_spatial_confidence": null,
        "facility_revised": "2018-09-14T00:00:00Z",
        "comment_": null,
        "facility_lat": "-30.451499999999953",
        "facility_long": "152.89743800000008",
        "validated": null,
        "gnaf_building_name": null,
        "gnaf_address_detail_pid": "GANSW717634031",
        "gnaf_formatted_address": "6 CHURCH STREET",
        "gnaf_confidence": "0",
        "gnaf_postcode": "2454",
        "gnaf_suburb": "BELLINGEN",
        "distance_to_gnaf": 8,
        "gnaf_lat": "-30.45151188999995",
        "gnaf_long": "152.89751981000006"
      },
      "geometry": {
        "type": "Point",
        "coordinates": [
          152.89744366256892,
          -30.451487454372188
        ]
      }
    },
    {
      "type": "Feature",
      "properties": {
        "objectid": 316,
        "featuretype": "EMERGENCY FACILITY",
        "descripton": "An emergency management facility from which a particular agency\u2019s resources are commanded, coordinated and assigned to an incident or emergency",
        "class": "AMBULANCE STATION",
        "facility_name": "BELMONT",
        "facility_operationalstatus": "OPERATIONAL",
        "facility_address": "8 HERBERT STREET",
        "abs_suburb": "BELMONT",
        "facility_state": "NEW SOUTH WALES",
        "abs_postcode": "2280",
        "facility_attribute_source": "AMBULANCE SERVICE OF NSW",
        "facility_attribute_date": "2018-06-06T00:00:00Z",
        "facility_source": "AMBULANCE SERVICE OF NSW",
        "facility_date": "2018-06-06T00:00:00Z",
        "facility_spatial_confidence": null,
        "facility_revised": "2018-09-14T00:00:00Z",
        "comment_": null,
        "facility_lat": "-33.03454099999993",
        "facility_long": "151.65987500000006",
        "validated": null,
        "gnaf_building_name": null,
        "gnaf_address_detail_pid": "GANSW704079523",
        "gnaf_formatted_address": "8 HERBERT STREET",
        "gnaf_confidence": "2",
        "gnaf_postcode": "2280",
        "gnaf_suburb": "BELMONT",
        "distance_to_gnaf": 3,
        "gnaf_lat": "-33.034561209999936",
        "gnaf_long": "151.65986427000007"
      },
      "geometry": {
        "type": "Point",
        "coordinates": [
          151.65988047847256,
          -33.034528352566156
        ]
      }
    },
    {
      "type": "Feature",
      "properties": {
        "objectid": 317,
        "featuretype": "EMERGENCY FACILITY",
        "descripton": "An emergency management facility from which a particular agency\u2019s resources are commanded, coordinated and assigned to an incident or emergency",
        "class": "AMBULANCE STATION",
        "facility_name": "BELROSE",
        "facility_operationalstatus": "OPERATIONAL",
        "facility_address": "2 WEARDEN ROAD",
        "abs_suburb": "BELROSE",
        "facility_state": "NEW SOUTH WALES",
        "abs_postcode": "2085",
        "facility_attribute_source": "AMBULANCE SERVICE OF NSW",
        "facility_attribute_date": "2018-06-06T00:00:00Z",
        "facility_source": "AMBULANCE SERVICE OF NSW",
        "facility_date": "2018-06-06T00:00:00Z",
        "facility_spatial_confidence": null,
        "facility_revised": "2018-09-14T00:00:00Z",
        "comment_": null,
        "facility_lat": "-33.73784299999994",
        "facility_long": "151.22061200000007",
        "validated": null,
        "gnaf_building_name": null,
        "gnaf_address_detail_pid": "GANSW706529602",
        "gnaf_formatted_address": "2 WEARDEN ROAD",
        "gnaf_confidence": "0",
        "gnaf_postcode": "2085",
        "gnaf_suburb": "BELROSE",
        "distance_to_gnaf": 2,
        "gnaf_lat": "-33.73783569999995",
        "gnaf_long": "151.22058763000007"
      },
      "geometry": {
        "type": "Point",
        "coordinates": [
          151.22061744574827,
          -33.73783031612453
        ]
      }
    },
    {
      "type": "Feature",
      "properties": {
        "objectid": 318,
        "featuretype": "EMERGENCY FACILITY",
        "descripton": "An emergency management facility from which a particular agency\u2019s resources are commanded, coordinated and assigned to an incident or emergency",
        "class": "AMBULANCE STATION",
        "facility_name": "BERESFIELD",
        "facility_operationalstatus": "OPERATIONAL",
        "facility_address": "26 KENDALL STREET",
        "abs_suburb": "BERESFIELD",
        "facility_state": "NEW SOUTH WALES",
        "abs_postcode": "2322",
        "facility_attribute_source": "AMBULANCE SERVICE OF NSW",
        "facility_attribute_date": "2018-06-06T00:00:00Z",
        "facility_source": "AMBULANCE SERVICE OF NSW",
        "facility_date": "2018-06-06T00:00:00Z",
        "facility_spatial_confidence": null,
        "facility_revised": "2018-09-14T00:00:00Z",
        "comment_": null,
        "facility_lat": "-32.80166699999995",
        "facility_long": "151.65555600000005",
        "validated": null,
        "gnaf_building_name": null,
        "gnaf_address_detail_pid": "GANSW704094038",
        "gnaf_formatted_address": "26 KENDALL STREET",
        "gnaf_confidence": "2",
        "gnaf_postcode": "2322",
        "gnaf_suburb": "BERESFIELD",
        "distance_to_gnaf": 8,
        "gnaf_lat": "-32.80170025999996",
        "gnaf_long": "151.65563253000005"
      },
      "geometry": {
        "type": "Point",
        "coordinates": [
          151.65556151020905,
          -32.80165435049046
        ]
      }
    },
    {
      "type": "Feature",
      "properties": {
        "objectid": 319,
        "featuretype": "EMERGENCY FACILITY",
        "descripton": "An emergency management facility from which a particular agency\u2019s resources are commanded, coordinated and assigned to an incident or emergency",
        "class": "AMBULANCE STATION",
        "facility_name": "BERRIGAN",
        "facility_operationalstatus": "OPERATIONAL",
        "facility_address": "47 DAVIS STREET",
        "abs_suburb": "BERRIGAN",
        "facility_state": "NEW SOUTH WALES",
        "abs_postcode": "2712",
        "facility_attribute_source": "AMBULANCE SERVICE OF NSW",
        "facility_attribute_date": "2018-06-06T00:00:00Z",
        "facility_source": "AMBULANCE SERVICE OF NSW",
        "facility_date": "2018-06-06T00:00:00Z",
        "facility_spatial_confidence": null,
        "facility_revised": "2018-09-14T00:00:00Z",
        "comment_": null,
        "facility_lat": "-35.662409999999966",
        "facility_long": "145.81261000000006",
        "validated": null,
        "gnaf_building_name": "BERRIGAN HEALTH SERVICE",
        "gnaf_address_detail_pid": "GANSW718150859",
        "gnaf_formatted_address": "47-49 DAVIS STREET",
        "gnaf_confidence": "2",
        "gnaf_postcode": "2712",
        "gnaf_suburb": "BERRIGAN",
        "distance_to_gnaf": 44,
        "gnaf_lat": "-35.662598739999964",
        "gnaf_long": "145.81218001000002"
      },
      "geometry": {
        "type": "Point",
        "coordinates": [
          145.81261602797704,
          -35.66239688228394
        ]
      }
    },
    {
      "type": "Feature",
      "properties": {
        "objectid": 320,
        "featuretype": "EMERGENCY FACILITY",
        "descripton": "An emergency management facility from which a particular agency\u2019s resources are commanded, coordinated and assigned to an incident or emergency",
        "class": "AMBULANCE STATION",
        "facility_name": "BINGARA",
        "facility_operationalstatus": "OPERATIONAL",
        "facility_address": "8 COPETON DAM ROAD",
        "abs_suburb": "BINGARA",
        "facility_state": "NEW SOUTH WALES",
        "abs_postcode": "2404",
        "facility_attribute_source": "AMBULANCE SERVICE OF NSW",
        "facility_attribute_date": "2018-06-06T00:00:00Z",
        "facility_source": "AMBULANCE SERVICE OF NSW",
        "facility_date": "2018-06-06T00:00:00Z",
        "facility_spatial_confidence": null,
        "facility_revised": "2018-09-14T00:00:00Z",
        "comment_": null,
        "facility_lat": "-29.863916999999958",
        "facility_long": "150.57921700000009",
        "validated": null,
        "gnaf_building_name": "BINGARA MPS",
        "gnaf_address_detail_pid": "GANSW718352108",
        "gnaf_formatted_address": "8 COPETON DAM ROAD",
        "gnaf_confidence": "1",
        "gnaf_postcode": "2404",
        "gnaf_suburb": "BINGARA",
        "distance_to_gnaf": 13,
        "gnaf_lat": "-29.863855869999952",
        "gnaf_long": "150.5790987800001"
      },
      "geometry": {
        "type": "Point",
        "coordinates": [
          150.57922302007572,
          -29.863904228845378
        ]
      }
    },
    {
      "type": "Feature",
      "properties": {
        "objectid": 329,
        "featuretype": "EMERGENCY FACILITY",
        "descripton": "An emergency management facility from which a particular agency\u2019s resources are commanded, coordinated and assigned to an incident or emergency",
        "class": "AMBULANCE STATION",
        "facility_name": "BIRMINGHAM GARDENS",
        "facility_operationalstatus": "OPERATIONAL",
        "facility_address": "140 WILKINSON AV",
        "abs_suburb": "BIRMINGHAM GARDENS",
        "facility_state": "NEW SOUTH WALES",
        "abs_postcode": "2287",
        "facility_attribute_source": "AMBULANCE SERVICE OF NSW",
        "facility_attribute_date": "2018-06-06T00:00:00Z",
        "facility_source": "AMBULANCE SERVICE OF NSW",
        "facility_date": "2018-06-06T00:00:00Z",
        "facility_spatial_confidence": null,
        "facility_revised": "2018-09-14T00:00:00Z",
        "comment_": null,
        "facility_lat": "-32.89579999999995",
        "facility_long": "151.6821010000001",
        "validated": null,
        "gnaf_building_name": null,
        "gnaf_address_detail_pid": "GANSW711851808",
        "gnaf_formatted_address": "140 WILKINSON AVENUE",
        "gnaf_confidence": "1",
        "gnaf_postcode": "2287",
        "gnaf_suburb": "BIRMINGHAM GARDENS",
        "distance_to_gnaf": 9,
        "gnaf_lat": "-32.89571736999994",
        "gnaf_long": "151.68208301000004"
      },
      "geometry": {
        "type": "Point",
        "coordinates": [
          151.68210649400382,
          -32.895787353690935
        ]
      }
    },
    {
      "type": "Feature",
      "properties": {
        "objectid": 330,
        "featuretype": "EMERGENCY FACILITY",
        "descripton": "An emergency management facility from which a particular agency\u2019s resources are commanded, coordinated and assigned to an incident or emergency",
        "class": "AMBULANCE STATION",
        "facility_name": "BLACKTOWN SUPERSTATION",
        "facility_operationalstatus": "OPERATIONAL",
        "facility_address": "10 BUNGARRIBEE ROAD",
        "abs_suburb": "BLACKTOWN",
        "facility_state": "NEW SOUTH WALES",
        "abs_postcode": "2148",
        "facility_attribute_source": "AMBULANCE SERVICE OF NSW",
        "facility_attribute_date": "2018-06-06T00:00:00Z",
        "facility_source": "AMBULANCE SERVICE OF NSW",
        "facility_date": "2018-06-06T00:00:00Z",
        "facility_spatial_confidence": null,
        "facility_revised": "2018-09-14T00:00:00Z",
        "comment_": null,
        "facility_lat": "-33.77909999999997",
        "facility_long": "150.91910900000005",
        "validated": null,
        "gnaf_building_name": null,
        "gnaf_address_detail_pid": "GANSW704126346",
        "gnaf_formatted_address": "10 BUNGARRIBEE ROAD",
        "gnaf_confidence": "1",
        "gnaf_postcode": "2148",
        "gnaf_suburb": "BLACKTOWN",
        "distance_to_gnaf": 56,
        "gnaf_lat": "-33.77948761999994",
        "gnaf_long": "150.91872603000002"
      },
      "geometry": {
        "type": "Point",
        "coordinates": [
          150.9191144832327,
          -33.77908728842354
        ]
      }
    },
    {
      "type": "Feature",
      "properties": {
        "objectid": 331,
        "featuretype": "EMERGENCY FACILITY",
        "descripton": "An emergency management facility from which a particular agency\u2019s resources are commanded, coordinated and assigned to an incident or emergency",
        "class": "AMBULANCE STATION",
        "facility_name": "BLAYNEY",
        "facility_operationalstatus": "OPERATIONAL",
        "facility_address": "2-4 OLDHAM PLACE",
        "abs_suburb": "BLAYNEY",
        "facility_state": "NEW SOUTH WALES",
        "abs_postcode": "2799",
        "facility_attribute_source": "AMBULANCE SERVICE OF NSW",
        "facility_attribute_date": "2018-06-06T00:00:00Z",
        "facility_source": "AMBULANCE SERVICE OF NSW",
        "facility_date": "2018-06-06T00:00:00Z",
        "facility_spatial_confidence": null,
        "facility_revised": "2018-09-14T00:00:00Z",
        "comment_": null,
        "facility_lat": "-33.537856999999974",
        "facility_long": "149.24972800000012",
        "validated": null,
        "gnaf_building_name": "AMBULANCE RESIDENCE",
        "gnaf_address_detail_pid": "GANSW715393017",
        "gnaf_formatted_address": "2-4 OLDHAM PLACE",
        "gnaf_confidence": "2",
        "gnaf_postcode": "2799",
        "gnaf_suburb": "BLAYNEY",
        "distance_to_gnaf": 12,
        "gnaf_lat": "-33.537812749999944",
        "gnaf_long": "149.24960951000003"
      },
      "geometry": {
        "type": "Point",
        "coordinates": [
          149.2497337526939,
          -33.53784413830318
        ]
      }
    },
    {
      "type": "Feature",
      "properties": {
        "objectid": 332,
        "featuretype": "EMERGENCY FACILITY",
        "descripton": "An emergency management facility from which a particular agency\u2019s resources are commanded, coordinated and assigned to an incident or emergency",
        "class": "AMBULANCE STATION",
        "facility_name": "BOGGABRI",
        "facility_operationalstatus": "OPERATIONAL",
        "facility_address": "OAKHAM STREET",
        "abs_suburb": "BOGGABRI",
        "facility_state": "NEW SOUTH WALES",
        "abs_postcode": "2382",
        "facility_attribute_source": "AMBULANCE SERVICE OF NSW",
        "facility_attribute_date": "2018-06-06T00:00:00Z",
        "facility_source": "AMBULANCE SERVICE OF NSW",
        "facility_date": "2018-06-06T00:00:00Z",
        "facility_spatial_confidence": null,
        "facility_revised": "2018-09-14T00:00:00Z",
        "comment_": null,
        "facility_lat": "-30.711152999999968",
        "facility_long": "150.04001300000004",
        "validated": null,
        "gnaf_building_name": null,
        "gnaf_address_detail_pid": "GANSW717825757",
        "gnaf_formatted_address": "21 OAKHAM STREET",
        "gnaf_confidence": "1",
        "gnaf_postcode": "2382",
        "gnaf_suburb": "BOGGABRI",
        "distance_to_gnaf": 46,
        "gnaf_lat": "-30.711516649999965",
        "gnaf_long": "150.04023861000007"
      },
      "geometry": {
        "type": "Point",
        "coordinates": [
          150.04001898617864,
          -30.711140186796115
        ]
      }
    },
    {
      "type": "Feature",
      "properties": {
        "objectid": 333,
        "featuretype": "EMERGENCY FACILITY",
        "descripton": "An emergency management facility from which a particular agency\u2019s resources are commanded, coordinated and assigned to an incident or emergency",
        "class": "AMBULANCE STATION",
        "facility_name": "BOMADERRY",
        "facility_operationalstatus": "OPERATIONAL",
        "facility_address": "93 BUNBERRA STREET",
        "abs_suburb": "BOMADERRY",
        "facility_state": "NEW SOUTH WALES",
        "abs_postcode": "2541",
        "facility_attribute_source": "AMBULANCE SERVICE OF NSW",
        "facility_attribute_date": "2018-06-06T00:00:00Z",
        "facility_source": "AMBULANCE SERVICE OF NSW",
        "facility_date": "2018-06-06T00:00:00Z",
        "facility_spatial_confidence": null,
        "facility_revised": "2018-09-14T00:00:00Z",
        "comment_": null,
        "facility_lat": "-34.848885999999936",
        "facility_long": "150.59686900000008",
        "validated": null,
        "gnaf_building_name": null,
        "gnaf_address_detail_pid": "GANSW704178074",
        "gnaf_formatted_address": "93 BUNBERRA STREET",
        "gnaf_confidence": "2",
        "gnaf_postcode": "2541",
        "gnaf_suburb": "BOMADERRY",
        "distance_to_gnaf": 113,
        "gnaf_lat": "-34.848794959999964",
        "gnaf_long": "150.59809426000004"
      },
      "geometry": {
        "type": "Point",
        "coordinates": [
          150.59687438794546,
          -34.84887326630902
        ]
      }
    },
    {
      "type": "Feature",
      "properties": {
        "objectid": 334,
        "featuretype": "EMERGENCY FACILITY",
        "descripton": "An emergency management facility from which a particular agency\u2019s resources are commanded, coordinated and assigned to an incident or emergency",
        "class": "AMBULANCE STATION",
        "facility_name": "BOMBALA",
        "facility_operationalstatus": "OPERATIONAL",
        "facility_address": "126 WELLINGTON STREET",
        "abs_suburb": "BOMBALA",
        "facility_state": "NEW SOUTH WALES",
        "abs_postcode": "2632",
        "facility_attribute_source": "AMBULANCE SERVICE OF NSW",
        "facility_attribute_date": "2018-06-06T00:00:00Z",
        "facility_source": "AMBULANCE SERVICE OF NSW",
        "facility_date": "2018-06-06T00:00:00Z",
        "facility_spatial_confidence": null,
        "facility_revised": "2018-09-14T00:00:00Z",
        "comment_": null,
        "facility_lat": "-36.91746599999993",
        "facility_long": "149.2348730000001",
        "validated": null,
        "gnaf_building_name": null,
        "gnaf_address_detail_pid": "GANSW717932001",
        "gnaf_formatted_address": "126 WELLINGTON STREET",
        "gnaf_confidence": "0",
        "gnaf_postcode": "2632",
        "gnaf_suburb": "BOMBALA",
        "distance_to_gnaf": 91,
        "gnaf_lat": "-36.91762322999995",
        "gnaf_long": "149.23587638000004"
      },
      "geometry": {
        "type": "Point",
        "coordinates": [
          149.23487832498304,
          -36.917453159820084
        ]
      }
    },
    {
      "type": "Feature",
      "properties": {
        "objectid": 335,
        "featuretype": "EMERGENCY FACILITY",
        "descripton": "An emergency management facility from which a particular agency\u2019s resources are commanded, coordinated and assigned to an incident or emergency",
        "class": "AMBULANCE STATION",
        "facility_name": "BONALBO",
        "facility_operationalstatus": "OPERATIONAL",
        "facility_address": "1 OAK STREET",
        "abs_suburb": "BONALBO",
        "facility_state": "NEW SOUTH WALES",
        "abs_postcode": "2469",
        "facility_attribute_source": "AMBULANCE SERVICE OF NSW",
        "facility_attribute_date": "2018-06-06T00:00:00Z",
        "facility_source": "AMBULANCE SERVICE OF NSW",
        "facility_date": "2018-06-06T00:00:00Z",
        "facility_spatial_confidence": null,
        "facility_revised": "2018-09-14T00:00:00Z",
        "comment_": null,
        "facility_lat": "-28.73357699999997",
        "facility_long": "152.61912000000007",
        "validated": null,
        "gnaf_building_name": null,
        "gnaf_address_detail_pid": "GANSW716816722",
        "gnaf_formatted_address": "1 OAK STREET",
        "gnaf_confidence": "1",
        "gnaf_postcode": "2469",
        "gnaf_suburb": "BONALBO",
        "distance_to_gnaf": 204,
        "gnaf_lat": "-28.73415239999997",
        "gnaf_long": "152.61714083000004"
      },
      "geometry": {
        "type": "Point",
        "coordinates": [
          152.61912591904442,
          -28.733564413618893
        ]
      }
    },
    {
      "type": "Feature",
      "properties": {
        "objectid": 336,
        "featuretype": "EMERGENCY FACILITY",
        "descripton": "An emergency management facility from which a particular agency\u2019s resources are commanded, coordinated and assigned to an incident or emergency",
        "class": "AMBULANCE STATION",
        "facility_name": "BONDI",
        "facility_operationalstatus": "OPERATIONAL",
        "facility_address": "21 BRIGHTON BVD",
        "abs_suburb": "BONDI BEACH",
        "facility_state": "NEW SOUTH WALES",
        "abs_postcode": "2026",
        "facility_attribute_source": "AMBULANCE SERVICE OF NSW",
        "facility_attribute_date": "2018-06-06T00:00:00Z",
        "facility_source": "AMBULANCE SERVICE OF NSW",
        "facility_date": "2018-06-06T00:00:00Z",
        "facility_spatial_confidence": null,
        "facility_revised": "2018-09-14T00:00:00Z",
        "comment_": null,
        "facility_lat": "-33.88745499999993",
        "facility_long": "151.2787360000001",
        "validated": null,
        "gnaf_building_name": null,
        "gnaf_address_detail_pid": "GANSW704171588",
        "gnaf_formatted_address": "21 BRIGHTON BOULEVARD",
        "gnaf_confidence": "2",
        "gnaf_postcode": "2026",
        "gnaf_suburb": "BONDI BEACH",
        "distance_to_gnaf": 0,
        "gnaf_lat": "-33.88745507999994",
        "gnaf_long": "151.2787357300001"
      },
      "geometry": {
        "type": "Point",
        "coordinates": [
          151.27874141737036,
          -33.88744232261083
        ]
      }
    },
    {
      "type": "Feature",
      "properties": {
        "objectid": 337,
        "featuretype": "EMERGENCY FACILITY",
        "descripton": "An emergency management facility from which a particular agency\u2019s resources are commanded, coordinated and assigned to an incident or emergency",
        "class": "AMBULANCE STATION",
        "facility_name": "BOOLAROO",
        "facility_operationalstatus": "OPERATIONAL",
        "facility_address": "1 MAIN ROAD",
        "abs_suburb": "BOOLAROO",
        "facility_state": "NEW SOUTH WALES",
        "abs_postcode": "2284",
        "facility_attribute_source": "AMBULANCE SERVICE OF NSW",
        "facility_attribute_date": "2018-06-06T00:00:00Z",
        "facility_source": "AMBULANCE SERVICE OF NSW",
        "facility_date": "2018-06-06T00:00:00Z",
        "facility_spatial_confidence": null,
        "facility_revised": "2018-09-14T00:00:00Z",
        "comment_": null,
        "facility_lat": "-32.94914899999998",
        "facility_long": "151.62309500000003",
        "validated": null,
        "gnaf_building_name": null,
        "gnaf_address_detail_pid": "GANSW704191100",
        "gnaf_formatted_address": "1 MAIN ROAD",
        "gnaf_confidence": "2",
        "gnaf_postcode": "2284",
        "gnaf_suburb": "BOOLAROO",
        "distance_to_gnaf": 23,
        "gnaf_lat": "-32.94919477999997",
        "gnaf_long": "151.62285471000007"
      },
      "geometry": {
        "type": "Point",
        "coordinates": [
          151.62310049496503,
          -32.94913634845975
        ]
      }
    },
    {
      "type": "Feature",
      "properties": {
        "objectid": 338,
        "featuretype": "EMERGENCY FACILITY",
        "descripton": "An emergency management facility from which a particular agency\u2019s resources are commanded, coordinated and assigned to an incident or emergency",
        "class": "AMBULANCE STATION",
        "facility_name": "BOOROWA",
        "facility_operationalstatus": "OPERATIONAL",
        "facility_address": "29 MARKET STREET",
        "abs_suburb": "BOOROWA",
        "facility_state": "NEW SOUTH WALES",
        "abs_postcode": "2586",
        "facility_attribute_source": "AMBULANCE SERVICE OF NSW",
        "facility_attribute_date": "2018-06-06T00:00:00Z",
        "facility_source": "AMBULANCE SERVICE OF NSW",
        "facility_date": "2018-06-06T00:00:00Z",
        "facility_spatial_confidence": null,
        "facility_revised": "2018-09-14T00:00:00Z",
        "comment_": null,
        "facility_lat": "-34.43931999999995",
        "facility_long": "148.71734000000004",
        "validated": null,
        "gnaf_building_name": null,
        "gnaf_address_detail_pid": "GANSW712635653",
        "gnaf_formatted_address": "29 MARKET STREET",
        "gnaf_confidence": "2",
        "gnaf_postcode": "2586",
        "gnaf_suburb": "BOOROWA",
        "distance_to_gnaf": 10,
        "gnaf_lat": "-34.43930948999997",
        "gnaf_long": "148.71723381000004"
      },
      "geometry": {
        "type": "Point",
        "coordinates": [
          148.7173457206704,
          -34.43930709954167
        ]
      }
    },
    {
      "type": "Feature",
      "properties": {
        "objectid": 339,
        "featuretype": "EMERGENCY FACILITY",
        "descripton": "An emergency management facility from which a particular agency\u2019s resources are commanded, coordinated and assigned to an incident or emergency",
        "class": "AMBULANCE STATION",
        "facility_name": "BOURKE",
        "facility_operationalstatus": "OPERATIONAL",
        "facility_address": "TARCOON STREET",
        "abs_suburb": "BOURKE",
        "facility_state": "NEW SOUTH WALES",
        "abs_postcode": "2840",
        "facility_attribute_source": "AMBULANCE SERVICE OF NSW",
        "facility_attribute_date": "2018-06-06T00:00:00Z",
        "facility_source": "AMBULANCE SERVICE OF NSW",
        "facility_date": "2018-06-06T00:00:00Z",
        "facility_spatial_confidence": null,
        "facility_revised": "2018-09-14T00:00:00Z",
        "comment_": null,
        "facility_lat": "-30.09334199999995",
        "facility_long": "145.94757100000004",
        "validated": null,
        "gnaf_building_name": null,
        "gnaf_address_detail_pid": "GANSW713036947",
        "gnaf_formatted_address": "26 TARCOON STREET",
        "gnaf_confidence": "2",
        "gnaf_postcode": "2840",
        "gnaf_suburb": "BOURKE",
        "distance_to_gnaf": 83,
        "gnaf_lat": "-30.092731209999954",
        "gnaf_long": "145.94806268000002"
      },
      "geometry": {
        "type": "Point",
        "coordinates": [
          145.9475775719888,
          -30.093328853282774
        ]
      }
    },
    {
      "type": "Feature",
      "properties": {
        "objectid": 340,
        "featuretype": "EMERGENCY FACILITY",
        "descripton": "An emergency management facility from which a particular agency\u2019s resources are commanded, coordinated and assigned to an incident or emergency",
        "class": "AMBULANCE STATION",
        "facility_name": "BOWRAL",
        "facility_operationalstatus": "OPERATIONAL",
        "facility_address": "ASCOT ROAD",
        "abs_suburb": "BOWRAL",
        "facility_state": "NEW SOUTH WALES",
        "abs_postcode": "2576",
        "facility_attribute_source": "AMBULANCE SERVICE OF NSW",
        "facility_attribute_date": "2018-06-06T00:00:00Z",
        "facility_source": "AMBULANCE SERVICE OF NSW",
        "facility_date": "2018-06-06T00:00:00Z",
        "facility_spatial_confidence": null,
        "facility_revised": "2018-09-14T00:00:00Z",
        "comment_": null,
        "facility_lat": "-34.48547499999995",
        "facility_long": "150.42427500000008",
        "validated": null,
        "gnaf_building_name": null,
        "gnaf_address_detail_pid": "GANSW719893170",
        "gnaf_formatted_address": "2 ASCOT ROAD",
        "gnaf_confidence": "1",
        "gnaf_postcode": "2576",
        "gnaf_suburb": "BOWRAL",
        "distance_to_gnaf": 14,
        "gnaf_lat": "-34.48545405999994",
        "gnaf_long": "150.42412087000002"
      },
      "geometry": {
        "type": "Point",
        "coordinates": [
          150.42428046181124,
          -34.48546224816969
        ]
      }
    },
    {
      "type": "Feature",
      "properties": {
        "objectid": 341,
        "featuretype": "EMERGENCY FACILITY",
        "descripton": "An emergency management facility from which a particular agency\u2019s resources are commanded, coordinated and assigned to an incident or emergency",
        "class": "AMBULANCE STATION",
        "facility_name": "BRAIDWOOD",
        "facility_operationalstatus": "OPERATIONAL",
        "facility_address": "73 LASCELLES STREET",
        "abs_suburb": "BRAIDWOOD",
        "facility_state": "NEW SOUTH WALES",
        "abs_postcode": "2622",
        "facility_attribute_source": "AMBULANCE SERVICE OF NSW",
        "facility_attribute_date": "2018-06-06T00:00:00Z",
        "facility_source": "AMBULANCE SERVICE OF NSW",
        "facility_date": "2018-06-06T00:00:00Z",
        "facility_spatial_confidence": null,
        "facility_revised": "2018-09-14T00:00:00Z",
        "comment_": null,
        "facility_lat": "-35.44642799999997",
        "facility_long": "149.7998090000001",
        "validated": null,
        "gnaf_building_name": null,
        "gnaf_address_detail_pid": "GANSW704217747",
        "gnaf_formatted_address": "73 LASCELLES STREET",
        "gnaf_confidence": "1",
        "gnaf_postcode": "2622",
        "gnaf_suburb": "BRAIDWOOD",
        "distance_to_gnaf": 3,
        "gnaf_lat": "-35.44644765999993",
        "gnaf_long": "149.79982698000003"
      },
      "geometry": {
        "type": "Point",
        "coordinates": [
          149.79981442955088,
          -35.44641519909562
        ]
      }
    },
    {
      "type": "Feature",
      "properties": {
        "objectid": 342,
        "featuretype": "EMERGENCY FACILITY",
        "descripton": "An emergency management facility from which a particular agency\u2019s resources are commanded, coordinated and assigned to an incident or emergency",
        "class": "AMBULANCE STATION",
        "facility_name": "BREWARRINA",
        "facility_operationalstatus": "OPERATIONAL",
        "facility_address": "56 DOYLE STREET",
        "abs_suburb": "BREWARRINA",
        "facility_state": "NEW SOUTH WALES",
        "abs_postcode": "2839",
        "facility_attribute_source": "AMBULANCE SERVICE OF NSW",
        "facility_attribute_date": "2018-06-06T00:00:00Z",
        "facility_source": "AMBULANCE SERVICE OF NSW",
        "facility_date": "2018-06-06T00:00:00Z",
        "facility_spatial_confidence": null,
        "facility_revised": "2018-09-14T00:00:00Z",
        "comment_": null,
        "facility_lat": "-29.96181699999994",
        "facility_long": "146.86416100000008",
        "validated": null,
        "gnaf_building_name": null,
        "gnaf_address_detail_pid": "GANSW713082297",
        "gnaf_formatted_address": "56 DOYLE STREET",
        "gnaf_confidence": "1",
        "gnaf_postcode": "2839",
        "gnaf_suburb": "BREWARRINA",
        "distance_to_gnaf": 29,
        "gnaf_lat": "-29.961589639999943",
        "gnaf_long": "146.8643134900001"
      },
      "geometry": {
        "type": "Point",
        "coordinates": [
          146.86416746904237,
          -29.9618039200698
        ]
      }
    },
    {
      "type": "Feature",
      "properties": {
        "objectid": 343,
        "featuretype": "EMERGENCY FACILITY",
        "descripton": "An emergency management facility from which a particular agency\u2019s resources are commanded, coordinated and assigned to an incident or emergency",
        "class": "AMBULANCE STATION",
        "facility_name": "BROKEN HILL",
        "facility_operationalstatus": "OPERATIONAL",
        "facility_address": "243 WILLS STREET",
        "abs_suburb": "BROKEN HILL",
        "facility_state": "NEW SOUTH WALES",
        "abs_postcode": "2880",
        "facility_attribute_source": "AMBULANCE SERVICE OF NSW",
        "facility_attribute_date": "2018-06-06T00:00:00Z",
        "facility_source": "AMBULANCE SERVICE OF NSW",
        "facility_date": "2018-06-06T00:00:00Z",
        "facility_spatial_confidence": null,
        "facility_revised": "2018-09-14T00:00:00Z",
        "comment_": null,
        "facility_lat": "-31.965539999999976",
        "facility_long": "141.45032200000003",
        "validated": null,
        "gnaf_building_name": null,
        "gnaf_address_detail_pid": "GANSW713096005",
        "gnaf_formatted_address": "243 WILLS STREET",
        "gnaf_confidence": "1",
        "gnaf_postcode": "2880",
        "gnaf_suburb": "BROKEN HILL",
        "distance_to_gnaf": 28,
        "gnaf_lat": "-31.96579473999998",
        "gnaf_long": "141.45030178000002"
      },
      "geometry": {
        "type": "Point",
        "coordinates": [
          141.4503290156545,
          -31.96552658409556
        ]
      }
    },
    {
      "type": "Feature",
      "properties": {
        "objectid": 344,
        "featuretype": "EMERGENCY FACILITY",
        "descripton": "An emergency management facility from which a particular agency\u2019s resources are commanded, coordinated and assigned to an incident or emergency",
        "class": "AMBULANCE STATION",
        "facility_name": "BULAHDELAH",
        "facility_operationalstatus": "OPERATIONAL",
        "facility_address": "13 MEADE STREET",
        "abs_suburb": "BULAHDELAH",
        "facility_state": "NEW SOUTH WALES",
        "abs_postcode": "2423",
        "facility_attribute_source": "AMBULANCE SERVICE OF NSW",
        "facility_attribute_date": "2018-06-06T00:00:00Z",
        "facility_source": "AMBULANCE SERVICE OF NSW",
        "facility_date": "2018-06-06T00:00:00Z",
        "facility_spatial_confidence": null,
        "facility_revised": "2018-09-14T00:00:00Z",
        "comment_": null,
        "facility_lat": "-32.41190099999994",
        "facility_long": "152.21293500000002",
        "validated": null,
        "gnaf_building_name": null,
        "gnaf_address_detail_pid": "GANSW704250044",
        "gnaf_formatted_address": "13 MEADE STREET",
        "gnaf_confidence": "2",
        "gnaf_postcode": "2423",
        "gnaf_suburb": "BULAHDELAH",
        "distance_to_gnaf": 14,
        "gnaf_lat": "-32.412025239999934",
        "gnaf_long": "152.21290318"
      },
      "geometry": {
        "type": "Point",
        "coordinates": [
          152.2129404872335,
          -32.41188840131568
        ]
      }
    },
    {
      "type": "Feature",
      "properties": {
        "objectid": 345,
        "featuretype": "EMERGENCY FACILITY",
        "descripton": "An emergency management facility from which a particular agency\u2019s resources are commanded, coordinated and assigned to an incident or emergency",
        "class": "AMBULANCE STATION",
        "facility_name": "COWRA",
        "facility_operationalstatus": "OPERATIONAL",
        "facility_address": "2 SHELLEY STREET",
        "abs_suburb": "COWRA",
        "facility_state": "NEW SOUTH WALES",
        "abs_postcode": "2794",
        "facility_attribute_source": "AMBULANCE SERVICE OF NSW",
        "facility_attribute_date": "2018-06-06T00:00:00Z",
        "facility_source": "AMBULANCE SERVICE OF NSW",
        "facility_date": "2018-06-06T00:00:00Z",
        "facility_spatial_confidence": null,
        "facility_revised": "2018-09-14T00:00:00Z",
        "comment_": null,
        "facility_lat": "-33.83537899999993",
        "facility_long": "148.67808000000002",
        "validated": null,
        "gnaf_building_name": null,
        "gnaf_address_detail_pid": "GANSW704492459",
        "gnaf_formatted_address": "2 SHELLEY STREET",
        "gnaf_confidence": "1",
        "gnaf_postcode": "2794",
        "gnaf_suburb": "COWRA",
        "distance_to_gnaf": 7,
        "gnaf_lat": "-33.83544286999995",
        "gnaf_long": "148.67808545000003"
      },
      "geometry": {
        "type": "Point",
        "coordinates": [
          148.67808579928314,
          -33.83536609210827
        ]
      }
    },
    {
      "type": "Feature",
      "properties": {
        "objectid": 346,
        "featuretype": "EMERGENCY FACILITY",
        "descripton": "An emergency management facility from which a particular agency\u2019s resources are commanded, coordinated and assigned to an incident or emergency",
        "class": "AMBULANCE STATION",
        "facility_name": "CROOKWELL",
        "facility_operationalstatus": "OPERATIONAL",
        "facility_address": "29 SPRING STREET",
        "abs_suburb": "CROOKWELL",
        "facility_state": "NEW SOUTH WALES",
        "abs_postcode": "2583",
        "facility_attribute_source": "AMBULANCE SERVICE OF NSW",
        "facility_attribute_date": "2018-06-06T00:00:00Z",
        "facility_source": "AMBULANCE SERVICE OF NSW",
        "facility_date": "2018-06-06T00:00:00Z",
        "facility_spatial_confidence": null,
        "facility_revised": "2018-09-14T00:00:00Z",
        "comment_": null,
        "facility_lat": "-34.456685999999934",
        "facility_long": "149.47161900000003",
        "validated": null,
        "gnaf_building_name": null,
        "gnaf_address_detail_pid": "GANSW704531755",
        "gnaf_formatted_address": "29 SPRING STREET",
        "gnaf_confidence": "1",
        "gnaf_postcode": "2583",
        "gnaf_suburb": "CROOKWELL",
        "distance_to_gnaf": 10,
        "gnaf_lat": "-34.45666282999997",
        "gnaf_long": "149.47151527000005"
      },
      "geometry": {
        "type": "Point",
        "coordinates": [
          149.4716246063912,
          -34.45667316376067
        ]
      }
    },
    {
      "type": "Feature",
      "properties": {
        "objectid": 347,
        "featuretype": "EMERGENCY FACILITY",
        "descripton": "An emergency management facility from which a particular agency\u2019s resources are commanded, coordinated and assigned to an incident or emergency",
        "class": "AMBULANCE STATION",
        "facility_name": "CULBURRA",
        "facility_operationalstatus": "OPERATIONAL",
        "facility_address": "1 CANAL ST E",
        "abs_suburb": "CULBURRA BEACH",
        "facility_state": "NEW SOUTH WALES",
        "abs_postcode": "2540",
        "facility_attribute_source": "AMBULANCE SERVICE OF NSW",
        "facility_attribute_date": "2018-06-06T00:00:00Z",
        "facility_source": "AMBULANCE SERVICE OF NSW",
        "facility_date": "2018-06-06T00:00:00Z",
        "facility_spatial_confidence": null,
        "facility_revised": "2018-09-14T00:00:00Z",
        "comment_": null,
        "facility_lat": "-34.93108999999998",
        "facility_long": "150.75519700000007",
        "validated": null,
        "gnaf_building_name": null,
        "gnaf_address_detail_pid": "GANSW704538013",
        "gnaf_formatted_address": "1 CANAL STREET",
        "gnaf_confidence": "0",
        "gnaf_postcode": "2540",
        "gnaf_suburb": "CULBURRA BEACH",
        "distance_to_gnaf": 14,
        "gnaf_lat": "-34.93104983999996",
        "gnaf_long": "150.75533823000012"
      },
      "geometry": {
        "type": "Point",
        "coordinates": [
          150.75520235322077,
          -34.931077281327234
        ]
      }
    },
    {
      "type": "Feature",
      "properties": {
        "objectid": 348,
        "featuretype": "EMERGENCY FACILITY",
        "descripton": "An emergency management facility from which a particular agency\u2019s resources are commanded, coordinated and assigned to an incident or emergency",
        "class": "AMBULANCE STATION",
        "facility_name": "DAPTO",
        "facility_operationalstatus": "OPERATIONAL",
        "facility_address": "11 BELTANA AVENUE",
        "abs_suburb": "DAPTO",
        "facility_state": "NEW SOUTH WALES",
        "abs_postcode": "2530",
        "facility_attribute_source": "AMBULANCE SERVICE OF NSW",
        "facility_attribute_date": "2018-06-06T00:00:00Z",
        "facility_source": "AMBULANCE SERVICE OF NSW",
        "facility_date": "2018-06-06T00:00:00Z",
        "facility_spatial_confidence": null,
        "facility_revised": "2018-09-14T00:00:00Z",
        "comment_": null,
        "facility_lat": "-34.50523799999996",
        "facility_long": "150.79261700000006",
        "validated": null,
        "gnaf_building_name": null,
        "gnaf_address_detail_pid": "GANSW717418796",
        "gnaf_formatted_address": "9-11 BELTANA AVENUE",
        "gnaf_confidence": "1",
        "gnaf_postcode": "2530",
        "gnaf_suburb": "DAPTO",
        "distance_to_gnaf": 12,
        "gnaf_lat": "-34.50534708999993",
        "gnaf_long": "150.7926424000001"
      },
      "geometry": {
        "type": "Point",
        "coordinates": [
          150.79262240493836,
          -34.505225281834704
        ]
      }
    },
    {
      "type": "Feature",
      "properties": {
        "objectid": 349,
        "featuretype": "EMERGENCY FACILITY",
        "descripton": "An emergency management facility from which a particular agency\u2019s resources are commanded, coordinated and assigned to an incident or emergency",
        "class": "AMBULANCE STATION",
        "facility_name": "DENILIQUIN",
        "facility_operationalstatus": "OPERATIONAL",
        "facility_address": "DICK ST & LAWSON SYPHON ROAD",
        "abs_suburb": "DENILIQUIN",
        "facility_state": "NEW SOUTH WALES",
        "abs_postcode": "2710",
        "facility_attribute_source": "AMBULANCE SERVICE OF NSW",
        "facility_attribute_date": "2018-06-06T00:00:00Z",
        "facility_source": "AMBULANCE SERVICE OF NSW",
        "facility_date": "2018-06-06T00:00:00Z",
        "facility_spatial_confidence": null,
        "facility_revised": "2018-09-14T00:00:00Z",
        "comment_": null,
        "facility_lat": "-35.54665199999994",
        "facility_long": "144.96016800000007",
        "validated": null,
        "gnaf_building_name": null,
        "gnaf_address_detail_pid": "GANSW720077777",
        "gnaf_formatted_address": "19 LAWSON SYPHON ROAD",
        "gnaf_confidence": "0",
        "gnaf_postcode": "2710",
        "gnaf_suburb": "DENILIQUIN",
        "distance_to_gnaf": 46,
        "gnaf_lat": "-35.546460009999976",
        "gnaf_long": "144.96061563000012"
      },
      "geometry": {
        "type": "Point",
        "coordinates": [
          144.9601741758936,
          -35.54663882186369
        ]
      }
    },
    {
      "type": "Feature",
      "properties": {
        "objectid": 350,
        "featuretype": "EMERGENCY FACILITY",
        "descripton": "An emergency management facility from which a particular agency\u2019s resources are commanded, coordinated and assigned to an incident or emergency",
        "class": "AMBULANCE STATION",
        "facility_name": "RYDE",
        "facility_operationalstatus": "OPERATIONAL",
        "facility_address": "9 DENISTONE ROAD",
        "abs_suburb": "DENISTONE",
        "facility_state": "NEW SOUTH WALES",
        "abs_postcode": "2114",
        "facility_attribute_source": "AMBULANCE SERVICE OF NSW",
        "facility_attribute_date": "2018-06-06T00:00:00Z",
        "facility_source": "AMBULANCE SERVICE OF NSW",
        "facility_date": "2018-06-06T00:00:00Z",
        "facility_spatial_confidence": null,
        "facility_revised": "2018-09-14T00:00:00Z",
        "comment_": null,
        "facility_lat": "-33.79633699999994",
        "facility_long": "151.09099300000003",
        "validated": null,
        "gnaf_building_name": "RYDE HOSPITAL",
        "gnaf_address_detail_pid": "GANSW710881957",
        "gnaf_formatted_address": "1-9 DENISTONE ROAD",
        "gnaf_confidence": "0",
        "gnaf_postcode": "2114",
        "gnaf_suburb": "DENISTONE",
        "distance_to_gnaf": 114,
        "gnaf_lat": "-33.79634278999998",
        "gnaf_long": "151.08975792"
      },
      "geometry": {
        "type": "Point",
        "coordinates": [
          151.0909984564034,
          -33.79632430445738
        ]
      }
    },
    {
      "type": "Feature",
      "properties": {
        "objectid": 351,
        "featuretype": "EMERGENCY FACILITY",
        "descripton": "An emergency management facility from which a particular agency\u2019s resources are commanded, coordinated and assigned to an incident or emergency",
        "class": "AMBULANCE STATION",
        "facility_name": "DORRIGO",
        "facility_operationalstatus": "OPERATIONAL",
        "facility_address": "6 BIELSDOWN STREET",
        "abs_suburb": "DORRIGO",
        "facility_state": "NEW SOUTH WALES",
        "abs_postcode": "2453",
        "facility_attribute_source": "AMBULANCE SERVICE OF NSW",
        "facility_attribute_date": "2018-06-06T00:00:00Z",
        "facility_source": "AMBULANCE SERVICE OF NSW",
        "facility_date": "2018-06-06T00:00:00Z",
        "facility_spatial_confidence": null,
        "facility_revised": "2018-09-14T00:00:00Z",
        "comment_": null,
        "facility_lat": "-30.34078299999993",
        "facility_long": "152.709965",
        "validated": null,
        "gnaf_building_name": null,
        "gnaf_address_detail_pid": "GANSW712179122",
        "gnaf_formatted_address": "6 BIELSDOWN STREET",
        "gnaf_confidence": "1",
        "gnaf_postcode": "2453",
        "gnaf_suburb": "DORRIGO",
        "distance_to_gnaf": 59,
        "gnaf_lat": "-30.340264239999954",
        "gnaf_long": "152.71009263000008"
      },
      "geometry": {
        "type": "Point",
        "coordinates": [
          152.70997070018052,
          -30.340770434870254
        ]
      }
    },
    {
      "type": "Feature",
      "properties": {
        "objectid": 352,
        "featuretype": "EMERGENCY FACILITY",
        "descripton": "An emergency management facility from which a particular agency\u2019s resources are commanded, coordinated and assigned to an incident or emergency",
        "class": "AMBULANCE STATION",
        "facility_name": "DOYALSON",
        "facility_operationalstatus": "OPERATIONAL",
        "facility_address": "53 PACIFIC HIGHWAY",
        "abs_suburb": "DOYALSON",
        "facility_state": "NEW SOUTH WALES",
        "abs_postcode": "2262",
        "facility_attribute_source": "AMBULANCE SERVICE OF NSW",
        "facility_attribute_date": "2018-06-06T00:00:00Z",
        "facility_source": "AMBULANCE SERVICE OF NSW",
        "facility_date": "2018-06-06T00:00:00Z",
        "facility_spatial_confidence": null,
        "facility_revised": "2018-09-14T00:00:00Z",
        "comment_": null,
        "facility_lat": "-33.19821499999995",
        "facility_long": "151.52325400000007",
        "validated": null,
        "gnaf_building_name": null,
        "gnaf_address_detail_pid": "GANSW709021195",
        "gnaf_formatted_address": "53 PACIFIC HIGHWAY",
        "gnaf_confidence": "2",
        "gnaf_postcode": "2262",
        "gnaf_suburb": "DOYALSON",
        "distance_to_gnaf": 7,
        "gnaf_lat": "-33.19814967999997",
        "gnaf_long": "151.52324176000002"
      },
      "geometry": {
        "type": "Point",
        "coordinates": [
          151.52325947544298,
          -33.19820234076846
        ]
      }
    },
    {
      "type": "Feature",
      "properties": {
        "objectid": 353,
        "featuretype": "EMERGENCY FACILITY",
        "descripton": "An emergency management facility from which a particular agency\u2019s resources are commanded, coordinated and assigned to an incident or emergency",
        "class": "AMBULANCE STATION",
        "facility_name": "DRUMMOYNE",
        "facility_operationalstatus": "OPERATIONAL",
        "facility_address": "53 VICTORIA ROAD",
        "abs_suburb": "DRUMMOYNE",
        "facility_state": "NEW SOUTH WALES",
        "abs_postcode": "2047",
        "facility_attribute_source": "AMBULANCE SERVICE OF NSW",
        "facility_attribute_date": "2018-06-06T00:00:00Z",
        "facility_source": "AMBULANCE SERVICE OF NSW",
        "facility_date": "2018-06-06T00:00:00Z",
        "facility_spatial_confidence": null,
        "facility_revised": "2018-09-14T00:00:00Z",
        "comment_": null,
        "facility_lat": "-33.85558599999996",
        "facility_long": "151.15847500000007",
        "validated": null,
        "gnaf_building_name": null,
        "gnaf_address_detail_pid": "GANSW710577309",
        "gnaf_formatted_address": "53 VICTORIA ROAD",
        "gnaf_confidence": "2",
        "gnaf_postcode": "2047",
        "gnaf_suburb": "DRUMMOYNE",
        "distance_to_gnaf": 19,
        "gnaf_lat": "-33.85569248999997",
        "gnaf_long": "151.15832046000003"
      },
      "geometry": {
        "type": "Point",
        "coordinates": [
          151.1584804388479,
          -33.855573311152
        ]
      }
    },
    {
      "type": "Feature",
      "properties": {
        "objectid": 354,
        "featuretype": "EMERGENCY FACILITY",
        "descripton": "An emergency management facility from which a particular agency\u2019s resources are commanded, coordinated and assigned to an incident or emergency",
        "class": "AMBULANCE STATION",
        "facility_name": "DUBBO",
        "facility_operationalstatus": "OPERATIONAL",
        "facility_address": "64 WINDSOR PDE",
        "abs_suburb": "DUBBO",
        "facility_state": "NEW SOUTH WALES",
        "abs_postcode": "2830",
        "facility_attribute_source": "AMBULANCE SERVICE OF NSW",
        "facility_attribute_date": "2018-06-06T00:00:00Z",
        "facility_source": "AMBULANCE SERVICE OF NSW",
        "facility_date": "2018-06-06T00:00:00Z",
        "facility_spatial_confidence": null,
        "facility_revised": "2018-09-14T00:00:00Z",
        "comment_": null,
        "facility_lat": "-32.25407099999995",
        "facility_long": "148.63132800000005",
        "validated": null,
        "gnaf_building_name": null,
        "gnaf_address_detail_pid": "GANSW704613109",
        "gnaf_formatted_address": "64 WINDSOR PARADE",
        "gnaf_confidence": "1",
        "gnaf_postcode": "2830",
        "gnaf_suburb": "DUBBO",
        "distance_to_gnaf": 3,
        "gnaf_lat": "-32.254078179999965",
        "gnaf_long": "148.63136062"
      },
      "geometry": {
        "type": "Point",
        "coordinates": [
          148.63133399131289,
          -32.25405807708607
        ]
      }
    },
    {
      "type": "Feature",
      "properties": {
        "objectid": 355,
        "featuretype": "EMERGENCY FACILITY",
        "descripton": "An emergency management facility from which a particular agency\u2019s resources are commanded, coordinated and assigned to an incident or emergency",
        "class": "AMBULANCE STATION",
        "facility_name": "DUNEDOO",
        "facility_operationalstatus": "OPERATIONAL",
        "facility_address": "31 DIGILAH STREET",
        "abs_suburb": "DUNEDOO",
        "facility_state": "NEW SOUTH WALES",
        "abs_postcode": "2844",
        "facility_attribute_source": "AMBULANCE SERVICE OF NSW",
        "facility_attribute_date": "2018-06-06T00:00:00Z",
        "facility_source": "AMBULANCE SERVICE OF NSW",
        "facility_date": "2018-06-06T00:00:00Z",
        "facility_spatial_confidence": null,
        "facility_revised": "2018-09-14T00:00:00Z",
        "comment_": null,
        "facility_lat": "-32.017124999999965",
        "facility_long": "149.39703200000008",
        "validated": null,
        "gnaf_building_name": null,
        "gnaf_address_detail_pid": "GANSW704629794",
        "gnaf_formatted_address": "31 DIGILAH STREET",
        "gnaf_confidence": "1",
        "gnaf_postcode": "2844",
        "gnaf_suburb": "DUNEDOO",
        "distance_to_gnaf": 11,
        "gnaf_lat": "-32.01704668999997",
        "gnaf_long": "149.39709405000008"
      },
      "geometry": {
        "type": "Point",
        "coordinates": [
          149.39703791518897,
          -32.017112140150445
        ]
      }
    },
    {
      "type": "Feature",
      "properties": {
        "objectid": 356,
        "featuretype": "EMERGENCY FACILITY",
        "descripton": "An emergency management facility from which a particular agency\u2019s resources are commanded, coordinated and assigned to an incident or emergency",
        "class": "AMBULANCE STATION",
        "facility_name": "DUNGOG",
        "facility_operationalstatus": "OPERATIONAL",
        "facility_address": "55 MARY STREET",
        "abs_suburb": "DUNGOG",
        "facility_state": "NEW SOUTH WALES",
        "abs_postcode": "2420",
        "facility_attribute_source": "AMBULANCE SERVICE OF NSW",
        "facility_attribute_date": "2018-06-06T00:00:00Z",
        "facility_source": "AMBULANCE SERVICE OF NSW",
        "facility_date": "2018-06-06T00:00:00Z",
        "facility_spatial_confidence": null,
        "facility_revised": "2018-09-14T00:00:00Z",
        "comment_": null,
        "facility_lat": "-32.40970299999998",
        "facility_long": "151.75516400000004",
        "validated": null,
        "gnaf_building_name": null,
        "gnaf_address_detail_pid": "GANSW718973847",
        "gnaf_formatted_address": "55 MARY STREET",
        "gnaf_confidence": "0",
        "gnaf_postcode": "2420",
        "gnaf_suburb": "DUNGOG",
        "distance_to_gnaf": 20,
        "gnaf_lat": "-32.40959755999995",
        "gnaf_long": "151.7549859500001"
      },
      "geometry": {
        "type": "Point",
        "coordinates": [
          151.75516954887266,
          -32.4096903571652
        ]
      }
    },
    {
      "type": "Feature",
      "properties": {
        "objectid": 357,
        "featuretype": "EMERGENCY FACILITY",
        "descripton": "An emergency management facility from which a particular agency\u2019s resources are commanded, coordinated and assigned to an incident or emergency",
        "class": "AMBULANCE STATION",
        "facility_name": "EDEN",
        "facility_operationalstatus": "OPERATIONAL",
        "facility_address": "11 BASS STREET",
        "abs_suburb": "EDEN",
        "facility_state": "NEW SOUTH WALES",
        "abs_postcode": "2551",
        "facility_attribute_source": "AMBULANCE SERVICE OF NSW",
        "facility_attribute_date": "2018-06-06T00:00:00Z",
        "facility_source": "AMBULANCE SERVICE OF NSW",
        "facility_date": "2018-06-06T00:00:00Z",
        "facility_spatial_confidence": null,
        "facility_revised": "2018-09-14T00:00:00Z",
        "comment_": null,
        "facility_lat": "-37.06407399999995",
        "facility_long": "149.90676700000006",
        "validated": null,
        "gnaf_building_name": null,
        "gnaf_address_detail_pid": "GANSW704674354",
        "gnaf_formatted_address": "11 BASS STREET",
        "gnaf_confidence": "2",
        "gnaf_postcode": "2551",
        "gnaf_suburb": "EDEN",
        "distance_to_gnaf": 5,
        "gnaf_lat": "-37.064027479999936",
        "gnaf_long": "149.90675696000005"
      },
      "geometry": {
        "type": "Point",
        "coordinates": [
          149.9067721953625,
          -37.06406121920147
        ]
      }
    },
    {
      "type": "Feature",
      "properties": {
        "objectid": 358,
        "featuretype": "EMERGENCY FACILITY",
        "descripton": "An emergency management facility from which a particular agency\u2019s resources are commanded, coordinated and assigned to an incident or emergency",
        "class": "AMBULANCE STATION",
        "facility_name": "ENGADINE",
        "facility_operationalstatus": "OPERATIONAL",
        "facility_address": "7 MIANGA AVENUE",
        "abs_suburb": "ENGADINE",
        "facility_state": "NEW SOUTH WALES",
        "abs_postcode": "2233",
        "facility_attribute_source": "AMBULANCE SERVICE OF NSW",
        "facility_attribute_date": "2018-06-06T00:00:00Z",
        "facility_source": "AMBULANCE SERVICE OF NSW",
        "facility_date": "2018-06-06T00:00:00Z",
        "facility_spatial_confidence": null,
        "facility_revised": "2018-09-14T00:00:00Z",
        "comment_": null,
        "facility_lat": "-34.06585299999995",
        "facility_long": "151.01488100000006",
        "validated": null,
        "gnaf_building_name": null,
        "gnaf_address_detail_pid": "GANSW704682653",
        "gnaf_formatted_address": "7-9 MIANGA AVENUE",
        "gnaf_confidence": "1",
        "gnaf_postcode": "2233",
        "gnaf_suburb": "ENGADINE",
        "distance_to_gnaf": 15,
        "gnaf_lat": "-34.06588794999993",
        "gnaf_long": "151.0150345400001"
      },
      "geometry": {
        "type": "Point",
        "coordinates": [
          151.01488643134184,
          -34.06584029927962
        ]
      }
    },
    {
      "type": "Feature",
      "properties": {
        "objectid": 359,
        "featuretype": "EMERGENCY FACILITY",
        "descripton": "An emergency management facility from which a particular agency\u2019s resources are commanded, coordinated and assigned to an incident or emergency",
        "class": "AMBULANCE STATION",
        "facility_name": "ETTALONG",
        "facility_operationalstatus": "OPERATIONAL",
        "facility_address": "203 OCEAN VIEW ROAD",
        "abs_suburb": "ETTALONG BEACH",
        "facility_state": "NEW SOUTH WALES",
        "abs_postcode": "2257",
        "facility_attribute_source": "AMBULANCE SERVICE OF NSW",
        "facility_attribute_date": "2018-06-06T00:00:00Z",
        "facility_source": "AMBULANCE SERVICE OF NSW",
        "facility_date": "2018-06-06T00:00:00Z",
        "facility_spatial_confidence": null,
        "facility_revised": "2018-09-14T00:00:00Z",
        "comment_": null,
        "facility_lat": "-33.51434299999994",
        "facility_long": "151.34008600000004",
        "validated": null,
        "gnaf_building_name": "AMBULANCE RESIDENCE",
        "gnaf_address_detail_pid": "GANSW704737440",
        "gnaf_formatted_address": "203 OCEAN VIEW ROAD",
        "gnaf_confidence": "2",
        "gnaf_postcode": "2257",
        "gnaf_suburb": "ETTALONG BEACH",
        "distance_to_gnaf": 15,
        "gnaf_lat": "-33.51423220999993",
        "gnaf_long": "151.33999798000002"
      },
      "geometry": {
        "type": "Point",
        "coordinates": [
          151.34009145875012,
          -33.51433032574207
        ]
      }
    },
    {
      "type": "Feature",
      "properties": {
        "objectid": 360,
        "featuretype": "EMERGENCY FACILITY",
        "descripton": "An emergency management facility from which a particular agency\u2019s resources are commanded, coordinated and assigned to an incident or emergency",
        "class": "AMBULANCE STATION",
        "facility_name": "EVANS HEAD",
        "facility_operationalstatus": "OPERATIONAL",
        "facility_address": "10 PARK STREET",
        "abs_suburb": "EVANS HEAD",
        "facility_state": "NEW SOUTH WALES",
        "abs_postcode": "2473",
        "facility_attribute_source": "AMBULANCE SERVICE OF NSW",
        "facility_attribute_date": "2018-06-06T00:00:00Z",
        "facility_source": "AMBULANCE SERVICE OF NSW",
        "facility_date": "2018-06-06T00:00:00Z",
        "facility_spatial_confidence": null,
        "facility_revised": "2018-09-14T00:00:00Z",
        "comment_": null,
        "facility_lat": "-29.116342999999972",
        "facility_long": "153.43207700000005",
        "validated": null,
        "gnaf_building_name": null,
        "gnaf_address_detail_pid": "GANSW712205618",
        "gnaf_formatted_address": "10 PARK STREET",
        "gnaf_confidence": "0",
        "gnaf_postcode": "2473",
        "gnaf_suburb": "EVANS HEAD",
        "distance_to_gnaf": 6,
        "gnaf_lat": "-29.11637092999996",
        "gnaf_long": "153.43212401000005"
      },
      "geometry": {
        "type": "Point",
        "coordinates": [
          153.43208277624075,
          -29.11633049820631
        ]
      }
    },
    {
      "type": "Feature",
      "properties": {
        "objectid": 361,
        "featuretype": "EMERGENCY FACILITY",
        "descripton": "An emergency management facility from which a particular agency\u2019s resources are commanded, coordinated and assigned to an incident or emergency",
        "class": "AMBULANCE STATION",
        "facility_name": "SYDNEY AMBULANCE CENTRE",
        "facility_operationalstatus": "OPERATIONAL",
        "facility_address": "27 GARDEN STREET",
        "abs_suburb": "EVELEIGH",
        "facility_state": "NEW SOUTH WALES",
        "abs_postcode": "2015",
        "facility_attribute_source": "AMBULANCE SERVICE OF NSW",
        "facility_attribute_date": "2018-06-06T00:00:00Z",
        "facility_source": "AMBULANCE SERVICE OF NSW",
        "facility_date": "2018-06-06T00:00:00Z",
        "facility_spatial_confidence": null,
        "facility_revised": "2018-09-14T00:00:00Z",
        "comment_": null,
        "facility_lat": "-33.89670499999994",
        "facility_long": "151.19701800000007",
        "validated": null,
        "gnaf_building_name": null,
        "gnaf_address_detail_pid": "GANSW718409029",
        "gnaf_formatted_address": "27 GARDEN STREET",
        "gnaf_confidence": "1",
        "gnaf_postcode": "2015",
        "gnaf_suburb": "EVELEIGH",
        "distance_to_gnaf": 6,
        "gnaf_lat": "-33.89669360999994",
        "gnaf_long": "151.19695944000011"
      },
      "geometry": {
        "type": "Point",
        "coordinates": [
          151.19702342782085,
          -33.89669231503456
        ]
      }
    },
    {
      "type": "Feature",
      "properties": {
        "objectid": 362,
        "featuretype": "EMERGENCY FACILITY",
        "descripton": "An emergency management facility from which a particular agency\u2019s resources are commanded, coordinated and assigned to an incident or emergency",
        "class": "AMBULANCE STATION",
        "facility_name": "BYRON BAY",
        "facility_operationalstatus": "OPERATIONAL",
        "facility_address": "54 EWINGSDALE ROAD",
        "abs_suburb": "EWINGSDALE",
        "facility_state": "NEW SOUTH WALES",
        "abs_postcode": "2481",
        "facility_attribute_source": "AMBULANCE SERVICE OF NSW",
        "facility_attribute_date": "2018-06-06T00:00:00Z",
        "facility_source": "AMBULANCE SERVICE OF NSW",
        "facility_date": "2018-06-06T00:00:00Z",
        "facility_spatial_confidence": null,
        "facility_revised": "2018-09-14T00:00:00Z",
        "comment_": null,
        "facility_lat": "-28.63743999999997",
        "facility_long": "153.55720900000006",
        "validated": null,
        "gnaf_building_name": "BYRON CENTRAL HOSPITAL",
        "gnaf_address_detail_pid": "GANSW718377151",
        "gnaf_formatted_address": "54 EWINGSDALE ROAD",
        "gnaf_confidence": "2",
        "gnaf_postcode": "2481",
        "gnaf_suburb": "EWINGSDALE",
        "distance_to_gnaf": 97,
        "gnaf_lat": "-28.637759899999935",
        "gnaf_long": "153.55628236000007"
      },
      "geometry": {
        "type": "Point",
        "coordinates": [
          153.55721482520212,
          -28.637427507300192
        ]
      }
    },
    {
      "type": "Feature",
      "properties": {
        "objectid": 363,
        "featuretype": "EMERGENCY FACILITY",
        "descripton": "An emergency management facility from which a particular agency\u2019s resources are commanded, coordinated and assigned to an incident or emergency",
        "class": "AMBULANCE STATION",
        "facility_name": "FINLEY",
        "facility_operationalstatus": "OPERATIONAL",
        "facility_address": "82 WOLLAMAI STREET",
        "abs_suburb": "FINLEY",
        "facility_state": "NEW SOUTH WALES",
        "abs_postcode": "2713",
        "facility_attribute_source": "AMBULANCE SERVICE OF NSW",
        "facility_attribute_date": "2018-06-06T00:00:00Z",
        "facility_source": "AMBULANCE SERVICE OF NSW",
        "facility_date": "2018-06-06T00:00:00Z",
        "facility_spatial_confidence": null,
        "facility_revised": "2018-09-14T00:00:00Z",
        "comment_": null,
        "facility_lat": "-35.637295999999935",
        "facility_long": "145.57343400000002",
        "validated": null,
        "gnaf_building_name": null,
        "gnaf_address_detail_pid": "GANSW712821936",
        "gnaf_formatted_address": "82 WOLLAMAI STREET",
        "gnaf_confidence": "1",
        "gnaf_postcode": "2713",
        "gnaf_suburb": "FINLEY",
        "distance_to_gnaf": 16,
        "gnaf_lat": "-35.63733381999998",
        "gnaf_long": "145.57326296000008"
      },
      "geometry": {
        "type": "Point",
        "coordinates": [
          145.57344006875502,
          -35.6372828650787
        ]
      }
    },
    {
      "type": "Feature",
      "properties": {
        "objectid": 364,
        "featuretype": "EMERGENCY FACILITY",
        "descripton": "An emergency management facility from which a particular agency\u2019s resources are commanded, coordinated and assigned to an incident or emergency",
        "class": "AMBULANCE STATION",
        "facility_name": "FORBES",
        "facility_operationalstatus": "OPERATIONAL",
        "facility_address": "18 BERKLEY STREET",
        "abs_suburb": "FORBES",
        "facility_state": "NEW SOUTH WALES",
        "abs_postcode": "2871",
        "facility_attribute_source": "AMBULANCE SERVICE OF NSW",
        "facility_attribute_date": "2018-06-06T00:00:00Z",
        "facility_source": "AMBULANCE SERVICE OF NSW",
        "facility_date": "2018-06-06T00:00:00Z",
        "facility_spatial_confidence": null,
        "facility_revised": "2018-09-14T00:00:00Z",
        "comment_": null,
        "facility_lat": "-33.39662499999997",
        "facility_long": "148.01280000000008",
        "validated": null,
        "gnaf_building_name": "AMBULANCE STATION",
        "gnaf_address_detail_pid": "GANSW718186454",
        "gnaf_formatted_address": "18 BERKLEY STREET",
        "gnaf_confidence": "0",
        "gnaf_postcode": "2871",
        "gnaf_suburb": "FORBES",
        "distance_to_gnaf": 7,
        "gnaf_lat": "-33.396622269999966",
        "gnaf_long": "148.01287534000005"
      },
      "geometry": {
        "type": "Point",
        "coordinates": [
          148.01280594684357,
          -33.39661203454504
        ]
      }
    },
    {
      "type": "Feature",
      "properties": {
        "objectid": 365,
        "featuretype": "EMERGENCY FACILITY",
        "descripton": "An emergency management facility from which a particular agency\u2019s resources are commanded, coordinated and assigned to an incident or emergency",
        "class": "AMBULANCE STATION",
        "facility_name": "GILGANDRA",
        "facility_operationalstatus": "OPERATIONAL",
        "facility_address": "16 MORRIS STREET",
        "abs_suburb": "GILGANDRA",
        "facility_state": "NEW SOUTH WALES",
        "abs_postcode": "2827",
        "facility_attribute_source": "AMBULANCE SERVICE OF NSW",
        "facility_attribute_date": "2018-06-06T00:00:00Z",
        "facility_source": "AMBULANCE SERVICE OF NSW",
        "facility_date": "2018-06-06T00:00:00Z",
        "facility_spatial_confidence": null,
        "facility_revised": "2018-09-14T00:00:00Z",
        "comment_": null,
        "facility_lat": "-31.710640999999953",
        "facility_long": "148.668044",
        "validated": null,
        "gnaf_building_name": null,
        "gnaf_address_detail_pid": "GANSW713113771",
        "gnaf_formatted_address": "16 MORRIS STREET",
        "gnaf_confidence": "1",
        "gnaf_postcode": "2827",
        "gnaf_suburb": "GILGANDRA",
        "distance_to_gnaf": 21,
        "gnaf_lat": "-31.710823509999955",
        "gnaf_long": "148.66810949000012"
      },
      "geometry": {
        "type": "Point",
        "coordinates": [
          148.6680500485259,
          -31.71062807623219
        ]
      }
    },
    {
      "type": "Feature",
      "properties": {
        "objectid": 366,
        "featuretype": "EMERGENCY FACILITY",
        "descripton": "An emergency management facility from which a particular agency\u2019s resources are commanded, coordinated and assigned to an incident or emergency",
        "class": "AMBULANCE STATION",
        "facility_name": "GLEN INNES",
        "facility_operationalstatus": "OPERATIONAL",
        "facility_address": "106 BOURKE STREET",
        "abs_suburb": "GLEN INNES",
        "facility_state": "NEW SOUTH WALES",
        "abs_postcode": "2370",
        "facility_attribute_source": "AMBULANCE SERVICE OF NSW",
        "facility_attribute_date": "2018-06-06T00:00:00Z",
        "facility_source": "AMBULANCE SERVICE OF NSW",
        "facility_date": "2018-06-06T00:00:00Z",
        "facility_spatial_confidence": null,
        "facility_revised": "2018-09-14T00:00:00Z",
        "comment_": null,
        "facility_lat": "-29.738268999999946",
        "facility_long": "151.7312330000001",
        "validated": null,
        "gnaf_building_name": null,
        "gnaf_address_detail_pid": "GANSW704829816",
        "gnaf_formatted_address": "106 BOURKE STREET",
        "gnaf_confidence": "0",
        "gnaf_postcode": "2370",
        "gnaf_suburb": "GLEN INNES",
        "distance_to_gnaf": 37,
        "gnaf_lat": "-29.737954299999956",
        "gnaf_long": "151.7313562700001"
      },
      "geometry": {
        "type": "Point",
        "coordinates": [
          151.73123889614536,
          -29.73825633510667
        ]
      }
    },
    {
      "type": "Feature",
      "properties": {
        "objectid": 367,
        "featuretype": "EMERGENCY FACILITY",
        "descripton": "An emergency management facility from which a particular agency\u2019s resources are commanded, coordinated and assigned to an incident or emergency",
        "class": "AMBULANCE STATION",
        "facility_name": "GLOUCESTER",
        "facility_operationalstatus": "OPERATIONAL",
        "facility_address": "31 QUEEN STREET",
        "abs_suburb": "GLOUCESTER",
        "facility_state": "NEW SOUTH WALES",
        "abs_postcode": "2422",
        "facility_attribute_source": "AMBULANCE SERVICE OF NSW",
        "facility_attribute_date": "2018-06-06T00:00:00Z",
        "facility_source": "AMBULANCE SERVICE OF NSW",
        "facility_date": "2018-06-06T00:00:00Z",
        "facility_spatial_confidence": null,
        "facility_revised": "2018-09-14T00:00:00Z",
        "comment_": null,
        "facility_lat": "-32.006673999999975",
        "facility_long": "151.9622750000001",
        "validated": null,
        "gnaf_building_name": "AMBULANCE STATION",
        "gnaf_address_detail_pid": "GANSW712110480",
        "gnaf_formatted_address": "31 QUEEN STREET",
        "gnaf_confidence": "2",
        "gnaf_postcode": "2422",
        "gnaf_suburb": "GLOUCESTER",
        "distance_to_gnaf": 12,
        "gnaf_lat": "-32.00674972999997",
        "gnaf_long": "151.9621883100001"
      },
      "geometry": {
        "type": "Point",
        "coordinates": [
          151.9622805747969,
          -32.00666137410672
        ]
      }
    },
    {
      "type": "Feature",
      "properties": {
        "objectid": 368,
        "featuretype": "EMERGENCY FACILITY",
        "descripton": "An emergency management facility from which a particular agency\u2019s resources are commanded, coordinated and assigned to an incident or emergency",
        "class": "AMBULANCE STATION",
        "facility_name": "GOULBURN",
        "facility_operationalstatus": "OPERATIONAL",
        "facility_address": "18 CLIFFORD STREET",
        "abs_suburb": "GOULBURN",
        "facility_state": "NEW SOUTH WALES",
        "abs_postcode": "2580",
        "facility_attribute_source": "AMBULANCE SERVICE OF NSW",
        "facility_attribute_date": "2018-06-06T00:00:00Z",
        "facility_source": "AMBULANCE SERVICE OF NSW",
        "facility_date": "2018-06-06T00:00:00Z",
        "facility_spatial_confidence": null,
        "facility_revised": "2018-09-14T00:00:00Z",
        "comment_": null,
        "facility_lat": "-34.75387799999993",
        "facility_long": "149.72110300000008",
        "validated": null,
        "gnaf_building_name": "AMBULANCE STATION",
        "gnaf_address_detail_pid": "GANSW704846035",
        "gnaf_formatted_address": "18 CLIFFORD STREET",
        "gnaf_confidence": "2",
        "gnaf_postcode": "2580",
        "gnaf_suburb": "GOULBURN",
        "distance_to_gnaf": 4,
        "gnaf_lat": "-34.75391038999993",
        "gnaf_long": "149.7211150400001"
      },
      "geometry": {
        "type": "Point",
        "coordinates": [
          149.7211085313901,
          -34.75386518750032
        ]
      }
    },
    {
      "type": "Feature",
      "properties": {
        "objectid": 369,
        "featuretype": "EMERGENCY FACILITY",
        "descripton": "An emergency management facility from which a particular agency\u2019s resources are commanded, coordinated and assigned to an incident or emergency",
        "class": "AMBULANCE STATION",
        "facility_name": "GRAFTON",
        "facility_operationalstatus": "OPERATIONAL",
        "facility_address": "201 PRINCE STREET",
        "abs_suburb": "GRAFTON",
        "facility_state": "NEW SOUTH WALES",
        "abs_postcode": "2460",
        "facility_attribute_source": "AMBULANCE SERVICE OF NSW",
        "facility_attribute_date": "2018-06-06T00:00:00Z",
        "facility_source": "AMBULANCE SERVICE OF NSW",
        "facility_date": "2018-06-06T00:00:00Z",
        "facility_spatial_confidence": null,
        "facility_revised": "2018-09-14T00:00:00Z",
        "comment_": null,
        "facility_lat": "-29.684364999999957",
        "facility_long": "152.93857000000003",
        "validated": null,
        "gnaf_building_name": null,
        "gnaf_address_detail_pid": "GANSW712250280",
        "gnaf_formatted_address": "201 PRINCE STREET",
        "gnaf_confidence": "1",
        "gnaf_postcode": "2460",
        "gnaf_suburb": "GRAFTON",
        "distance_to_gnaf": 12,
        "gnaf_lat": "-29.68429668999994",
        "gnaf_long": "152.93847460000006"
      },
      "geometry": {
        "type": "Point",
        "coordinates": [
          152.93857575903758,
          -29.684352452683434
        ]
      }
    },
    {
      "type": "Feature",
      "properties": {
        "objectid": 370,
        "featuretype": "EMERGENCY FACILITY",
        "descripton": "An emergency management facility from which a particular agency\u2019s resources are commanded, coordinated and assigned to an incident or emergency",
        "class": "AMBULANCE STATION",
        "facility_name": "RIVERSTONE",
        "facility_operationalstatus": "OPERATIONAL",
        "facility_address": "29 HAMILTON STREET",
        "abs_suburb": "GRANTHAM FARM",
        "facility_state": "NEW SOUTH WALES",
        "abs_postcode": "2765",
        "facility_attribute_source": "AMBULANCE SERVICE OF NSW",
        "facility_attribute_date": "2018-06-06T00:00:00Z",
        "facility_source": "AMBULANCE SERVICE OF NSW",
        "facility_date": "2018-06-06T00:00:00Z",
        "facility_spatial_confidence": null,
        "facility_revised": "2018-09-14T00:00:00Z",
        "comment_": null,
        "facility_lat": "-33.67211199999997",
        "facility_long": "150.86930300000006",
        "validated": null,
        "gnaf_building_name": null,
        "gnaf_address_detail_pid": "GANSW720607074",
        "gnaf_formatted_address": "29 HAMILTON STREET",
        "gnaf_confidence": "0",
        "gnaf_postcode": "2765",
        "gnaf_suburb": "GRANTHAM FARM",
        "distance_to_gnaf": 6,
        "gnaf_lat": "-33.672102079999945",
        "gnaf_long": "150.86924393000004"
      },
      "geometry": {
        "type": "Point",
        "coordinates": [
          150.86930850445117,
          -33.67209928308406
        ]
      }
    },
    {
      "type": "Feature",
      "properties": {
        "objectid": 371,
        "featuretype": "EMERGENCY FACILITY",
        "descripton": "An emergency management facility from which a particular agency\u2019s resources are commanded, coordinated and assigned to an incident or emergency",
        "class": "AMBULANCE STATION",
        "facility_name": "GRENFELL",
        "facility_operationalstatus": "OPERATIONAL",
        "facility_address": "79 MAIN STREET",
        "abs_suburb": "GRENFELL",
        "facility_state": "NEW SOUTH WALES",
        "abs_postcode": "2810",
        "facility_attribute_source": "AMBULANCE SERVICE OF NSW",
        "facility_attribute_date": "2018-06-06T00:00:00Z",
        "facility_source": "AMBULANCE SERVICE OF NSW",
        "facility_date": "2018-06-06T00:00:00Z",
        "facility_spatial_confidence": null,
        "facility_revised": "2018-09-14T00:00:00Z",
        "comment_": null,
        "facility_lat": "-33.893948999999964",
        "facility_long": "148.16117200000008",
        "validated": null,
        "gnaf_building_name": null,
        "gnaf_address_detail_pid": "GANSW717983012",
        "gnaf_formatted_address": "79 MAIN STREET",
        "gnaf_confidence": "0",
        "gnaf_postcode": "2810",
        "gnaf_suburb": "GRENFELL",
        "distance_to_gnaf": 26,
        "gnaf_lat": "-33.89406761999993",
        "gnaf_long": "148.1609252300001"
      },
      "geometry": {
        "type": "Point",
        "coordinates": [
          148.16117786780902,
          -33.893936049998224
        ]
      }
    },
    {
      "type": "Feature",
      "properties": {
        "objectid": 372,
        "featuretype": "EMERGENCY FACILITY",
        "descripton": "An emergency management facility from which a particular agency\u2019s resources are commanded, coordinated and assigned to an incident or emergency",
        "class": "AMBULANCE STATION",
        "facility_name": "GRIFFITH",
        "facility_operationalstatus": "OPERATIONAL",
        "facility_address": "TRANTER PLACE",
        "abs_suburb": "GRIFFITH",
        "facility_state": "NEW SOUTH WALES",
        "abs_postcode": "2680",
        "facility_attribute_source": "AMBULANCE SERVICE OF NSW",
        "facility_attribute_date": "2018-06-06T00:00:00Z",
        "facility_source": "AMBULANCE SERVICE OF NSW",
        "facility_date": "2018-06-06T00:00:00Z",
        "facility_spatial_confidence": null,
        "facility_revised": "2018-09-14T00:00:00Z",
        "comment_": null,
        "facility_lat": "-34.28810199999998",
        "facility_long": "146.05082300000004",
        "validated": null,
        "gnaf_building_name": null,
        "gnaf_address_detail_pid": "GANSW720614903",
        "gnaf_formatted_address": "125 BANNA AVENUE",
        "gnaf_confidence": "1",
        "gnaf_postcode": "2680",
        "gnaf_suburb": "GRIFFITH",
        "distance_to_gnaf": 13,
        "gnaf_lat": "-34.288199489999954",
        "gnaf_long": "146.05089595000004"
      },
      "geometry": {
        "type": "Point",
        "coordinates": [
          146.05082913752375,
          -34.28808889032572
        ]
      }
    },
    {
      "type": "Feature",
      "properties": {
        "objectid": 373,
        "featuretype": "EMERGENCY FACILITY",
        "descripton": "An emergency management facility from which a particular agency\u2019s resources are commanded, coordinated and assigned to an incident or emergency",
        "class": "AMBULANCE STATION",
        "facility_name": "GULGONG",
        "facility_operationalstatus": "OPERATIONAL",
        "facility_address": "59 MEDLEY STREET",
        "abs_suburb": "GULGONG",
        "facility_state": "NEW SOUTH WALES",
        "abs_postcode": "2852",
        "facility_attribute_source": "AMBULANCE SERVICE OF NSW",
        "facility_attribute_date": "2018-06-06T00:00:00Z",
        "facility_source": "AMBULANCE SERVICE OF NSW",
        "facility_date": "2018-06-06T00:00:00Z",
        "facility_spatial_confidence": null,
        "facility_revised": "2018-09-14T00:00:00Z",
        "comment_": null,
        "facility_lat": "-32.36322299999995",
        "facility_long": "149.532281",
        "validated": null,
        "gnaf_building_name": "AMBULANCE STATION RES",
        "gnaf_address_detail_pid": "GANSW713079986",
        "gnaf_formatted_address": "59 MEDLEY STREET",
        "gnaf_confidence": "2",
        "gnaf_postcode": "2852",
        "gnaf_suburb": "GULGONG",
        "distance_to_gnaf": 13,
        "gnaf_lat": "-32.36333666999997",
        "gnaf_long": "149.5322938500001"
      },
      "geometry": {
        "type": "Point",
        "coordinates": [
          149.5322868555226,
          -32.36321015432226
        ]
      }
    },
    {
      "type": "Feature",
      "properties": {
        "objectid": 374,
        "featuretype": "EMERGENCY FACILITY",
        "descripton": "An emergency management facility from which a particular agency\u2019s resources are commanded, coordinated and assigned to an incident or emergency",
        "class": "AMBULANCE STATION",
        "facility_name": "GUNDAGAI",
        "facility_operationalstatus": "OPERATIONAL",
        "facility_address": "38 TOR STREET",
        "abs_suburb": "GUNDAGAI",
        "facility_state": "NEW SOUTH WALES",
        "abs_postcode": "2722",
        "facility_attribute_source": "AMBULANCE SERVICE OF NSW",
        "facility_attribute_date": "2018-06-06T00:00:00Z",
        "facility_source": "AMBULANCE SERVICE OF NSW",
        "facility_date": "2018-06-06T00:00:00Z",
        "facility_spatial_confidence": null,
        "facility_revised": "2018-09-14T00:00:00Z",
        "comment_": null,
        "facility_lat": "-35.05348699999996",
        "facility_long": "148.1025350000001",
        "validated": null,
        "gnaf_building_name": null,
        "gnaf_address_detail_pid": "GANSW704913010",
        "gnaf_formatted_address": "38 TOR STREET",
        "gnaf_confidence": "2",
        "gnaf_postcode": "2722",
        "gnaf_suburb": "GUNDAGAI",
        "distance_to_gnaf": 70,
        "gnaf_lat": "-35.05388366999995",
        "gnaf_long": "148.10194516"
      },
      "geometry": {
        "type": "Point",
        "coordinates": [
          148.10254073945413,
          -35.053474053149785
        ]
      }
    },
    {
      "type": "Feature",
      "properties": {
        "objectid": 375,
        "featuretype": "EMERGENCY FACILITY",
        "descripton": "An emergency management facility from which a particular agency\u2019s resources are commanded, coordinated and assigned to an incident or emergency",
        "class": "AMBULANCE STATION",
        "facility_name": "GUNNEDAH",
        "facility_operationalstatus": "OPERATIONAL",
        "facility_address": "ANZAC PDE",
        "abs_suburb": "GUNNEDAH",
        "facility_state": "NEW SOUTH WALES",
        "abs_postcode": "2380",
        "facility_attribute_source": "AMBULANCE SERVICE OF NSW",
        "facility_attribute_date": "2018-06-06T00:00:00Z",
        "facility_source": "AMBULANCE SERVICE OF NSW",
        "facility_date": "2018-06-06T00:00:00Z",
        "facility_spatial_confidence": null,
        "facility_revised": "2018-09-14T00:00:00Z",
        "comment_": null,
        "facility_lat": "-30.98368899999997",
        "facility_long": "150.25200900000004",
        "validated": null,
        "gnaf_building_name": null,
        "gnaf_address_detail_pid": "GANSW709308356",
        "gnaf_formatted_address": "10 ANZAC PARADE",
        "gnaf_confidence": "1",
        "gnaf_postcode": "2380",
        "gnaf_suburb": "GUNNEDAH",
        "distance_to_gnaf": 87,
        "gnaf_lat": "-30.983102189999954",
        "gnaf_long": "150.25140753000005"
      },
      "geometry": {
        "type": "Point",
        "coordinates": [
          150.25201492655057,
          -30.98367620769334
        ]
      }
    },
    {
      "type": "Feature",
      "properties": {
        "objectid": 376,
        "featuretype": "EMERGENCY FACILITY",
        "descripton": "An emergency management facility from which a particular agency\u2019s resources are commanded, coordinated and assigned to an incident or emergency",
        "class": "AMBULANCE STATION",
        "facility_name": "GUYRA",
        "facility_operationalstatus": "OPERATIONAL",
        "facility_address": "26 ABERCROMBIE STREET",
        "abs_suburb": "GUYRA",
        "facility_state": "NEW SOUTH WALES",
        "abs_postcode": "2365",
        "facility_attribute_source": "AMBULANCE SERVICE OF NSW",
        "facility_attribute_date": "2018-06-06T00:00:00Z",
        "facility_source": "AMBULANCE SERVICE OF NSW",
        "facility_date": "2018-06-06T00:00:00Z",
        "facility_spatial_confidence": null,
        "facility_revised": "2018-09-14T00:00:00Z",
        "comment_": null,
        "facility_lat": "-30.214684999999974",
        "facility_long": "151.6783610000001",
        "validated": null,
        "gnaf_building_name": null,
        "gnaf_address_detail_pid": "GANSW704930104",
        "gnaf_formatted_address": "26 ABERCROMBIE STREET",
        "gnaf_confidence": "2",
        "gnaf_postcode": "2365",
        "gnaf_suburb": "GUYRA",
        "distance_to_gnaf": 64,
        "gnaf_lat": "-30.214667839999947",
        "gnaf_long": "151.6776943000001"
      },
      "geometry": {
        "type": "Point",
        "coordinates": [
          151.67836684269074,
          -30.214672333665572
        ]
      }
    },
    {
      "type": "Feature",
      "properties": {
        "objectid": 377,
        "featuretype": "EMERGENCY FACILITY",
        "descripton": "An emergency management facility from which a particular agency\u2019s resources are commanded, coordinated and assigned to an incident or emergency",
        "class": "AMBULANCE STATION",
        "facility_name": "FAIRFIELD",
        "facility_operationalstatus": "OPERATIONAL",
        "facility_address": "67 MITCHELL STREET",
        "abs_suburb": "CARRAMAR",
        "facility_state": "NEW SOUTH WALES",
        "abs_postcode": "2163",
        "facility_attribute_source": "AMBULANCE SERVICE OF NSW",
        "facility_attribute_date": "2018-06-06T00:00:00Z",
        "facility_source": "AMBULANCE SERVICE OF NSW",
        "facility_date": "2018-06-06T00:00:00Z",
        "facility_spatial_confidence": null,
        "facility_revised": "2018-09-14T00:00:00Z",
        "comment_": null,
        "facility_lat": "-33.88045299999993",
        "facility_long": "150.96473500000002",
        "validated": null,
        "gnaf_building_name": null,
        "gnaf_address_detail_pid": "GANSW718498089",
        "gnaf_formatted_address": "67 MITCHELL STREET",
        "gnaf_confidence": "0",
        "gnaf_postcode": "2163",
        "gnaf_suburb": "CARRAMAR",
        "distance_to_gnaf": 46,
        "gnaf_lat": "-33.88036588999995",
        "gnaf_long": "150.9642474200001"
      },
      "geometry": {
        "type": "Point",
        "coordinates": [
          150.96474046326833,
          -33.880440293345664
        ]
      }
    },
    {
      "type": "Feature",
      "properties": {
        "objectid": 378,
        "featuretype": "EMERGENCY FACILITY",
        "descripton": "An emergency management facility from which a particular agency\u2019s resources are commanded, coordinated and assigned to an incident or emergency",
        "class": "AMBULANCE STATION",
        "facility_name": "CASINO",
        "facility_operationalstatus": "OPERATIONAL",
        "facility_address": "157 CENTRE STREET",
        "abs_suburb": "CASINO",
        "facility_state": "NEW SOUTH WALES",
        "abs_postcode": "2470",
        "facility_attribute_source": "AMBULANCE SERVICE OF NSW",
        "facility_attribute_date": "2018-06-06T00:00:00Z",
        "facility_source": "AMBULANCE SERVICE OF NSW",
        "facility_date": "2018-06-06T00:00:00Z",
        "facility_spatial_confidence": null,
        "facility_revised": "2018-09-14T00:00:00Z",
        "comment_": null,
        "facility_lat": "-28.863746999999933",
        "facility_long": "153.04598800000008",
        "validated": null,
        "gnaf_building_name": null,
        "gnaf_address_detail_pid": "GANSW704337789",
        "gnaf_formatted_address": "157 CENTRE STREET",
        "gnaf_confidence": "2",
        "gnaf_postcode": "2470",
        "gnaf_suburb": "CASINO",
        "distance_to_gnaf": 13,
        "gnaf_lat": "-28.86378688999997",
        "gnaf_long": "153.0461155700001"
      },
      "geometry": {
        "type": "Point",
        "coordinates": [
          153.04599385360794,
          -28.863734457165265
        ]
      }
    },
    {
      "type": "Feature",
      "properties": {
        "objectid": 379,
        "featuretype": "EMERGENCY FACILITY",
        "descripton": "An emergency management facility from which a particular agency\u2019s resources are commanded, coordinated and assigned to an incident or emergency",
        "class": "AMBULANCE STATION",
        "facility_name": "CASTLE HILL",
        "facility_operationalstatus": "OPERATIONAL",
        "facility_address": "6 GLADSTONE ROAD",
        "abs_suburb": "CASTLE HILL",
        "facility_state": "NEW SOUTH WALES",
        "abs_postcode": "2154",
        "facility_attribute_source": "AMBULANCE SERVICE OF NSW",
        "facility_attribute_date": "2018-06-06T00:00:00Z",
        "facility_source": "AMBULANCE SERVICE OF NSW",
        "facility_date": "2018-06-06T00:00:00Z",
        "facility_spatial_confidence": null,
        "facility_revised": "2018-09-14T00:00:00Z",
        "comment_": null,
        "facility_lat": "-33.73390699999993",
        "facility_long": "150.97790800000007",
        "validated": null,
        "gnaf_building_name": null,
        "gnaf_address_detail_pid": "GANSW704354107",
        "gnaf_formatted_address": "6 GLADSTONE ROAD",
        "gnaf_confidence": "2",
        "gnaf_postcode": "2154",
        "gnaf_suburb": "CASTLE HILL",
        "distance_to_gnaf": 20,
        "gnaf_lat": "-33.73398645999998",
        "gnaf_long": "150.97810349000008"
      },
      "geometry": {
        "type": "Point",
        "coordinates": [
          150.97791348082689,
          -33.73389429353707
        ]
      }
    },
    {
      "type": "Feature",
      "properties": {
        "objectid": 380,
        "featuretype": "EMERGENCY FACILITY",
        "descripton": "An emergency management facility from which a particular agency\u2019s resources are commanded, coordinated and assigned to an incident or emergency",
        "class": "AMBULANCE STATION",
        "facility_name": "COBAR",
        "facility_operationalstatus": "OPERATIONAL",
        "facility_address": "6 NULLAMUT STREET",
        "abs_suburb": "COBAR",
        "facility_state": "NEW SOUTH WALES",
        "abs_postcode": "2835",
        "facility_attribute_source": "AMBULANCE SERVICE OF NSW",
        "facility_attribute_date": "2018-06-06T00:00:00Z",
        "facility_source": "AMBULANCE SERVICE OF NSW",
        "facility_date": "2018-06-06T00:00:00Z",
        "facility_spatial_confidence": null,
        "facility_revised": "2018-09-14T00:00:00Z",
        "comment_": null,
        "facility_lat": "-31.506457999999952",
        "facility_long": "145.82476500000007",
        "validated": null,
        "gnaf_building_name": null,
        "gnaf_address_detail_pid": "GANSW713057652",
        "gnaf_formatted_address": "6 NULLAMUT STREET",
        "gnaf_confidence": "1",
        "gnaf_postcode": "2835",
        "gnaf_suburb": "COBAR",
        "distance_to_gnaf": 31,
        "gnaf_lat": "-31.506486739999957",
        "gnaf_long": "145.82443797000008"
      },
      "geometry": {
        "type": "Point",
        "coordinates": [
          145.8247714518498,
          -31.506444854676143
        ]
      }
    },
    {
      "type": "Feature",
      "properties": {
        "objectid": 381,
        "featuretype": "EMERGENCY FACILITY",
        "descripton": "An emergency management facility from which a particular agency\u2019s resources are commanded, coordinated and assigned to an incident or emergency",
        "class": "AMBULANCE STATION",
        "facility_name": "COFFS HARBOUR",
        "facility_operationalstatus": "OPERATIONAL",
        "facility_address": "345 PACIFIC HIGHWAY",
        "abs_suburb": "COFFS HARBOUR",
        "facility_state": "NEW SOUTH WALES",
        "abs_postcode": "2450",
        "facility_attribute_source": "AMBULANCE SERVICE OF NSW",
        "facility_attribute_date": "2018-06-06T00:00:00Z",
        "facility_source": "AMBULANCE SERVICE OF NSW",
        "facility_date": "2018-06-06T00:00:00Z",
        "facility_spatial_confidence": null,
        "facility_revised": "2018-09-14T00:00:00Z",
        "comment_": null,
        "facility_lat": "-30.316570999999954",
        "facility_long": "153.09229400000004",
        "validated": null,
        "gnaf_building_name": null,
        "gnaf_address_detail_pid": "GANSW718890848",
        "gnaf_formatted_address": "345 PACIFIC HIGHWAY",
        "gnaf_confidence": "1",
        "gnaf_postcode": "2450",
        "gnaf_suburb": "COFFS HARBOUR",
        "distance_to_gnaf": 436,
        "gnaf_lat": "-30.31773991999995",
        "gnaf_long": "153.09662090000006"
      },
      "geometry": {
        "type": "Point",
        "coordinates": [
          153.09229965678833,
          -30.316558472907293
        ]
      }
    },
    {
      "type": "Feature",
      "properties": {
        "objectid": 382,
        "featuretype": "EMERGENCY FACILITY",
        "descripton": "An emergency management facility from which a particular agency\u2019s resources are commanded, coordinated and assigned to an incident or emergency",
        "class": "AMBULANCE STATION",
        "facility_name": "COLEAMBALLY",
        "facility_operationalstatus": "OPERATIONAL",
        "facility_address": "48 KINGFISHER AVENUE",
        "abs_suburb": "COLEAMBALLY",
        "facility_state": "NEW SOUTH WALES",
        "abs_postcode": "2707",
        "facility_attribute_source": "AMBULANCE SERVICE OF NSW",
        "facility_attribute_date": "2018-06-06T00:00:00Z",
        "facility_source": "AMBULANCE SERVICE OF NSW",
        "facility_date": "2018-06-06T00:00:00Z",
        "facility_spatial_confidence": null,
        "facility_revised": "2018-09-14T00:00:00Z",
        "comment_": null,
        "facility_lat": "-34.80137799999994",
        "facility_long": "145.87961600000006",
        "validated": null,
        "gnaf_building_name": null,
        "gnaf_address_detail_pid": "GANSW704438636",
        "gnaf_formatted_address": "48 KINGFISHER AVENUE",
        "gnaf_confidence": "2",
        "gnaf_postcode": "2707",
        "gnaf_suburb": "COLEAMBALLY",
        "distance_to_gnaf": 11,
        "gnaf_lat": "-34.80136159999995",
        "gnaf_long": "145.87950237000007"
      },
      "geometry": {
        "type": "Point",
        "coordinates": [
          145.8796221093916,
          -34.80136488139751
        ]
      }
    },
    {
      "type": "Feature",
      "properties": {
        "objectid": 383,
        "featuretype": "EMERGENCY FACILITY",
        "descripton": "An emergency management facility from which a particular agency\u2019s resources are commanded, coordinated and assigned to an incident or emergency",
        "class": "AMBULANCE STATION",
        "facility_name": "COLLARENEBRI",
        "facility_operationalstatus": "OPERATIONAL",
        "facility_address": "WALGETT STREET",
        "abs_suburb": "COLLARENEBRI",
        "facility_state": "NEW SOUTH WALES",
        "abs_postcode": "2833",
        "facility_attribute_source": "AMBULANCE SERVICE OF NSW",
        "facility_attribute_date": "2018-06-06T00:00:00Z",
        "facility_source": "AMBULANCE SERVICE OF NSW",
        "facility_date": "2018-06-06T00:00:00Z",
        "facility_spatial_confidence": null,
        "facility_revised": "2018-09-14T00:00:00Z",
        "comment_": null,
        "facility_lat": "-29.54473299999995",
        "facility_long": "148.58234300000004",
        "validated": null,
        "gnaf_building_name": "HEALTH SERVICE",
        "gnaf_address_detail_pid": "GANSW718612266",
        "gnaf_formatted_address": "62 WALGETT STREET",
        "gnaf_confidence": "1",
        "gnaf_postcode": "2833",
        "gnaf_suburb": "COLLARENEBRI",
        "distance_to_gnaf": 54,
        "gnaf_lat": "-29.54503477999998",
        "gnaf_long": "148.5819012500001"
      },
      "geometry": {
        "type": "Point",
        "coordinates": [
          148.58234929980418,
          -29.54472005317618
        ]
      }
    },
    {
      "type": "Feature",
      "properties": {
        "objectid": 384,
        "featuretype": "EMERGENCY FACILITY",
        "descripton": "An emergency management facility from which a particular agency\u2019s resources are commanded, coordinated and assigned to an incident or emergency",
        "class": "AMBULANCE STATION",
        "facility_name": "COLYTON",
        "facility_operationalstatus": "OPERATIONAL",
        "facility_address": "16 HEWITT STREET",
        "abs_suburb": "COLYTON",
        "facility_state": "NEW SOUTH WALES",
        "abs_postcode": "2760",
        "facility_attribute_source": "AMBULANCE SERVICE OF NSW",
        "facility_attribute_date": "2018-06-06T00:00:00Z",
        "facility_source": "AMBULANCE SERVICE OF NSW",
        "facility_date": "2018-06-06T00:00:00Z",
        "facility_spatial_confidence": null,
        "facility_revised": "2018-09-14T00:00:00Z",
        "comment_": null,
        "facility_lat": "-33.781721999999945",
        "facility_long": "150.80148300000008",
        "validated": null,
        "gnaf_building_name": null,
        "gnaf_address_detail_pid": "GANSW704448685",
        "gnaf_formatted_address": "16-18 HEWITT STREET",
        "gnaf_confidence": "1",
        "gnaf_postcode": "2760",
        "gnaf_suburb": "COLYTON",
        "distance_to_gnaf": 8,
        "gnaf_lat": "-33.781725929999936",
        "gnaf_long": "150.8014013600001"
      },
      "geometry": {
        "type": "Point",
        "coordinates": [
          150.80148849969467,
          -33.78170927761953
        ]
      }
    },
    {
      "type": "Feature",
      "properties": {
        "objectid": 385,
        "featuretype": "EMERGENCY FACILITY",
        "descripton": "An emergency management facility from which a particular agency\u2019s resources are commanded, coordinated and assigned to an incident or emergency",
        "class": "AMBULANCE STATION",
        "facility_name": "HAMILTON",
        "facility_operationalstatus": "OPERATIONAL",
        "facility_address": "75 DENISON STREET",
        "abs_suburb": "HAMILTON EAST",
        "facility_state": "NEW SOUTH WALES",
        "abs_postcode": "2303",
        "facility_attribute_source": "AMBULANCE SERVICE OF NSW",
        "facility_attribute_date": "2018-06-06T00:00:00Z",
        "facility_source": "AMBULANCE SERVICE OF NSW",
        "facility_date": "2018-06-06T00:00:00Z",
        "facility_spatial_confidence": null,
        "facility_revised": "2018-09-14T00:00:00Z",
        "comment_": null,
        "facility_lat": "-32.92578699999996",
        "facility_long": "151.7527020000001",
        "validated": null,
        "gnaf_building_name": null,
        "gnaf_address_detail_pid": "GANSW711920937",
        "gnaf_formatted_address": "75 DENISON STREET",
        "gnaf_confidence": "0",
        "gnaf_postcode": "2303",
        "gnaf_suburb": "HAMILTON EAST",
        "distance_to_gnaf": 11,
        "gnaf_lat": "-32.92584931999994",
        "gnaf_long": "151.7527951300001"
      },
      "geometry": {
        "type": "Point",
        "coordinates": [
          151.7527074803079,
          -32.92577436063887
        ]
      }
    },
    {
      "type": "Feature",
      "properties": {
        "objectid": 386,
        "featuretype": "EMERGENCY FACILITY",
        "descripton": "An emergency management facility from which a particular agency\u2019s resources are commanded, coordinated and assigned to an incident or emergency",
        "class": "AMBULANCE STATION",
        "facility_name": "HARDEN",
        "facility_operationalstatus": "OPERATIONAL",
        "facility_address": "53 SCOTT STREET",
        "abs_suburb": "HARDEN",
        "facility_state": "NEW SOUTH WALES",
        "abs_postcode": "2587",
        "facility_attribute_source": "AMBULANCE SERVICE OF NSW",
        "facility_attribute_date": "2018-06-06T00:00:00Z",
        "facility_source": "AMBULANCE SERVICE OF NSW",
        "facility_date": "2018-06-06T00:00:00Z",
        "facility_spatial_confidence": null,
        "facility_revised": "2018-09-14T00:00:00Z",
        "comment_": null,
        "facility_lat": "-34.55658599999998",
        "facility_long": "148.36094400000002",
        "validated": null,
        "gnaf_building_name": null,
        "gnaf_address_detail_pid": "GANSW720424472",
        "gnaf_formatted_address": "53 SCOTT STREET",
        "gnaf_confidence": "0",
        "gnaf_postcode": "2587",
        "gnaf_suburb": "HARDEN",
        "distance_to_gnaf": 147,
        "gnaf_lat": "-34.555430899999976",
        "gnaf_long": "148.36015400000008"
      },
      "geometry": {
        "type": "Point",
        "coordinates": [
          148.3609497598059,
          -34.556573070850035
        ]
      }
    },
    {
      "type": "Feature",
      "properties": {
        "objectid": 387,
        "featuretype": "EMERGENCY FACILITY",
        "descripton": "An emergency management facility from which a particular agency\u2019s resources are commanded, coordinated and assigned to an incident or emergency",
        "class": "AMBULANCE STATION",
        "facility_name": "HAY",
        "facility_operationalstatus": "OPERATIONAL",
        "facility_address": "35 MURRAY STREET",
        "abs_suburb": "HAY",
        "facility_state": "NEW SOUTH WALES",
        "abs_postcode": "2711",
        "facility_attribute_source": "AMBULANCE SERVICE OF NSW",
        "facility_attribute_date": "2018-06-06T00:00:00Z",
        "facility_source": "AMBULANCE SERVICE OF NSW",
        "facility_date": "2018-06-06T00:00:00Z",
        "facility_spatial_confidence": null,
        "facility_revised": "2018-09-14T00:00:00Z",
        "comment_": null,
        "facility_lat": "-34.50039899999996",
        "facility_long": "144.85242200000005",
        "validated": null,
        "gnaf_building_name": "HAY HOSPITAL",
        "gnaf_address_detail_pid": "GANSW712775514",
        "gnaf_formatted_address": "351 MURRAY STREET",
        "gnaf_confidence": "2",
        "gnaf_postcode": "2711",
        "gnaf_suburb": "HAY",
        "distance_to_gnaf": 77,
        "gnaf_lat": "-34.50042592999995",
        "gnaf_long": "144.85158259000002"
      },
      "geometry": {
        "type": "Point",
        "coordinates": [
          144.85242829785835,
          -34.50038580762054
        ]
      }
    },
    {
      "type": "Feature",
      "properties": {
        "objectid": 388,
        "featuretype": "EMERGENCY FACILITY",
        "descripton": "An emergency management facility from which a particular agency\u2019s resources are commanded, coordinated and assigned to an incident or emergency",
        "class": "AMBULANCE STATION",
        "facility_name": "HELENSBURGH",
        "facility_operationalstatus": "OPERATIONAL",
        "facility_address": "2 LILYVALE STREET",
        "abs_suburb": "HELENSBURGH",
        "facility_state": "NEW SOUTH WALES",
        "abs_postcode": "2508",
        "facility_attribute_source": "AMBULANCE SERVICE OF NSW",
        "facility_attribute_date": "2018-06-06T00:00:00Z",
        "facility_source": "AMBULANCE SERVICE OF NSW",
        "facility_date": "2018-06-06T00:00:00Z",
        "facility_spatial_confidence": null,
        "facility_revised": "2018-09-14T00:00:00Z",
        "comment_": null,
        "facility_lat": "-34.19281399999994",
        "facility_long": "150.98099700000012",
        "validated": null,
        "gnaf_building_name": null,
        "gnaf_address_detail_pid": "GANSW718357012",
        "gnaf_formatted_address": "2-4 LILYVALE STREET",
        "gnaf_confidence": "1",
        "gnaf_postcode": "2508",
        "gnaf_suburb": "HELENSBURGH",
        "distance_to_gnaf": 10,
        "gnaf_lat": "-34.192726379999954",
        "gnaf_long": "150.98103331000004"
      },
      "geometry": {
        "type": "Point",
        "coordinates": [
          150.98100241925275,
          -34.19280129702666
        ]
      }
    },
    {
      "type": "Feature",
      "properties": {
        "objectid": 389,
        "featuretype": "EMERGENCY FACILITY",
        "descripton": "An emergency management facility from which a particular agency\u2019s resources are commanded, coordinated and assigned to an incident or emergency",
        "class": "AMBULANCE STATION",
        "facility_name": "HILLSTON",
        "facility_operationalstatus": "OPERATIONAL",
        "facility_address": "210 HIGH STREET",
        "abs_suburb": "HILLSTON",
        "facility_state": "NEW SOUTH WALES",
        "abs_postcode": "2675",
        "facility_attribute_source": "AMBULANCE SERVICE OF NSW",
        "facility_attribute_date": "2018-06-06T00:00:00Z",
        "facility_source": "AMBULANCE SERVICE OF NSW",
        "facility_date": "2018-06-06T00:00:00Z",
        "facility_spatial_confidence": null,
        "facility_revised": "2018-09-14T00:00:00Z",
        "comment_": null,
        "facility_lat": "-33.486343999999974",
        "facility_long": "145.53054900000006",
        "validated": null,
        "gnaf_building_name": null,
        "gnaf_address_detail_pid": "GANSW704980741",
        "gnaf_formatted_address": "210 HIGH STREET",
        "gnaf_confidence": "2",
        "gnaf_postcode": "2675",
        "gnaf_suburb": "HILLSTON",
        "distance_to_gnaf": 11,
        "gnaf_lat": "-33.486430869999936",
        "gnaf_long": "145.53061165000008"
      },
      "geometry": {
        "type": "Point",
        "coordinates": [
          145.53055529733837,
          -33.48633084762713
        ]
      }
    },
    {
      "type": "Feature",
      "properties": {
        "objectid": 390,
        "featuretype": "EMERGENCY FACILITY",
        "descripton": "An emergency management facility from which a particular agency\u2019s resources are commanded, coordinated and assigned to an incident or emergency",
        "class": "AMBULANCE STATION",
        "facility_name": "HOLBROOK",
        "facility_operationalstatus": "OPERATIONAL",
        "facility_address": "30 BOWLER STREET",
        "abs_suburb": "HOLBROOK",
        "facility_state": "NEW SOUTH WALES",
        "abs_postcode": "2644",
        "facility_attribute_source": "AMBULANCE SERVICE OF NSW",
        "facility_attribute_date": "2018-06-06T00:00:00Z",
        "facility_source": "AMBULANCE SERVICE OF NSW",
        "facility_date": "2018-06-06T00:00:00Z",
        "facility_spatial_confidence": null,
        "facility_revised": "2018-09-14T00:00:00Z",
        "comment_": null,
        "facility_lat": "-35.72402999999997",
        "facility_long": "147.3199330000001",
        "validated": null,
        "gnaf_building_name": null,
        "gnaf_address_detail_pid": "GANSW720341054",
        "gnaf_formatted_address": "30 BOWLER STREET",
        "gnaf_confidence": "0",
        "gnaf_postcode": "2644",
        "gnaf_suburb": "HOLBROOK",
        "distance_to_gnaf": 36,
        "gnaf_lat": "-35.72419646999998",
        "gnaf_long": "147.32027145000006"
      },
      "geometry": {
        "type": "Point",
        "coordinates": [
          147.31993878186185,
          -35.72401699545017
        ]
      }
    },
    {
      "type": "Feature",
      "properties": {
        "objectid": 391,
        "featuretype": "EMERGENCY FACILITY",
        "descripton": "An emergency management facility from which a particular agency\u2019s resources are commanded, coordinated and assigned to an incident or emergency",
        "class": "AMBULANCE STATION",
        "facility_name": "HURSTVILLE",
        "facility_operationalstatus": "OPERATIONAL",
        "facility_address": "BUTLER ROAD",
        "abs_suburb": "HURSTVILLE",
        "facility_state": "NEW SOUTH WALES",
        "abs_postcode": "2220",
        "facility_attribute_source": "AMBULANCE SERVICE OF NSW",
        "facility_attribute_date": "2018-06-06T00:00:00Z",
        "facility_source": "AMBULANCE SERVICE OF NSW",
        "facility_date": "2018-06-06T00:00:00Z",
        "facility_spatial_confidence": null,
        "facility_revised": "2018-09-14T00:00:00Z",
        "comment_": null,
        "facility_lat": "-33.96797499999997",
        "facility_long": "151.10164300000008",
        "validated": null,
        "gnaf_building_name": null,
        "gnaf_address_detail_pid": "GANSW718006144",
        "gnaf_formatted_address": "UNIT 1 5-9 BUTLER ROAD",
        "gnaf_confidence": "1",
        "gnaf_postcode": "2220",
        "gnaf_suburb": "HURSTVILLE",
        "distance_to_gnaf": 17,
        "gnaf_lat": "-33.96783706999997",
        "gnaf_long": "151.10156225000003"
      },
      "geometry": {
        "type": "Point",
        "coordinates": [
          151.1016484319453,
          -33.967962306648126
        ]
      }
    },
    {
      "type": "Feature",
      "properties": {
        "objectid": 392,
        "featuretype": "EMERGENCY FACILITY",
        "descripton": "An emergency management facility from which a particular agency\u2019s resources are commanded, coordinated and assigned to an incident or emergency",
        "class": "AMBULANCE STATION",
        "facility_name": "HUSKISSON",
        "facility_operationalstatus": "OPERATIONAL",
        "facility_address": "35 CURRAMBENE STREET",
        "abs_suburb": "HUSKISSON",
        "facility_state": "NEW SOUTH WALES",
        "abs_postcode": "2540",
        "facility_attribute_source": "AMBULANCE SERVICE OF NSW",
        "facility_attribute_date": "2018-06-06T00:00:00Z",
        "facility_source": "AMBULANCE SERVICE OF NSW",
        "facility_date": "2018-06-06T00:00:00Z",
        "facility_spatial_confidence": null,
        "facility_revised": "2018-09-14T00:00:00Z",
        "comment_": null,
        "facility_lat": "-35.041789999999935",
        "facility_long": "150.67004100000008",
        "validated": null,
        "gnaf_building_name": null,
        "gnaf_address_detail_pid": "GANSW705013561",
        "gnaf_formatted_address": "35 CURRAMBENE STREET",
        "gnaf_confidence": "2",
        "gnaf_postcode": "2540",
        "gnaf_suburb": "HUSKISSON",
        "distance_to_gnaf": 11,
        "gnaf_lat": "-35.04178594999996",
        "gnaf_long": "150.6699159000001"
      },
      "geometry": {
        "type": "Point",
        "coordinates": [
          150.6700463510489,
          -35.04177727429479
        ]
      }
    },
    {
      "type": "Feature",
      "properties": {
        "objectid": 393,
        "featuretype": "EMERGENCY FACILITY",
        "descripton": "An emergency management facility from which a particular agency\u2019s resources are commanded, coordinated and assigned to an incident or emergency",
        "class": "AMBULANCE STATION",
        "facility_name": "CONDOBOLIN",
        "facility_operationalstatus": "OPERATIONAL",
        "facility_address": "129 BATHURST STREET",
        "abs_suburb": "CONDOBOLIN",
        "facility_state": "NEW SOUTH WALES",
        "abs_postcode": "2877",
        "facility_attribute_source": "AMBULANCE SERVICE OF NSW",
        "facility_attribute_date": "2018-06-06T00:00:00Z",
        "facility_source": "AMBULANCE SERVICE OF NSW",
        "facility_date": "2018-06-06T00:00:00Z",
        "facility_spatial_confidence": null,
        "facility_revised": "2018-09-14T00:00:00Z",
        "comment_": null,
        "facility_lat": "-33.08799799999997",
        "facility_long": "147.14596600000004",
        "validated": null,
        "gnaf_building_name": null,
        "gnaf_address_detail_pid": "GANSW704449272",
        "gnaf_formatted_address": "129 BATHURST STREET",
        "gnaf_confidence": "2",
        "gnaf_postcode": "2877",
        "gnaf_suburb": "CONDOBOLIN",
        "distance_to_gnaf": 24,
        "gnaf_lat": "-33.08778196999998",
        "gnaf_long": "147.14592341000002"
      },
      "geometry": {
        "type": "Point",
        "coordinates": [
          147.14597210542354,
          -33.087984964059864
        ]
      }
    },
    {
      "type": "Feature",
      "properties": {
        "objectid": 394,
        "featuretype": "EMERGENCY FACILITY",
        "descripton": "An emergency management facility from which a particular agency\u2019s resources are commanded, coordinated and assigned to an incident or emergency",
        "class": "AMBULANCE STATION",
        "facility_name": "COOLAH",
        "facility_operationalstatus": "OPERATIONAL",
        "facility_address": "111 MARTIN STREET",
        "abs_suburb": "COOLAH",
        "facility_state": "NEW SOUTH WALES",
        "abs_postcode": "2843",
        "facility_attribute_source": "AMBULANCE SERVICE OF NSW",
        "facility_attribute_date": "2018-06-06T00:00:00Z",
        "facility_source": "AMBULANCE SERVICE OF NSW",
        "facility_date": "2018-06-06T00:00:00Z",
        "facility_spatial_confidence": null,
        "facility_revised": "2018-09-14T00:00:00Z",
        "comment_": null,
        "facility_lat": "-31.821166999999946",
        "facility_long": "149.70975900000008",
        "validated": null,
        "gnaf_building_name": "NURSES QTRS DISTRICT HOSP",
        "gnaf_address_detail_pid": "GANSW708931889",
        "gnaf_formatted_address": "111 MARTIN STREET",
        "gnaf_confidence": "0",
        "gnaf_postcode": "2843",
        "gnaf_suburb": "COOLAH",
        "distance_to_gnaf": 47,
        "gnaf_lat": "-31.82153594999994",
        "gnaf_long": "149.70999185000005"
      },
      "geometry": {
        "type": "Point",
        "coordinates": [
          149.70976489669746,
          -31.821154165860495
        ]
      }
    },
    {
      "type": "Feature",
      "properties": {
        "objectid": 395,
        "featuretype": "EMERGENCY FACILITY",
        "descripton": "An emergency management facility from which a particular agency\u2019s resources are commanded, coordinated and assigned to an incident or emergency",
        "class": "AMBULANCE STATION",
        "facility_name": "COOLAMON",
        "facility_operationalstatus": "OPERATIONAL",
        "facility_address": "62 DEVLIN STREET",
        "abs_suburb": "COOLAMON",
        "facility_state": "NEW SOUTH WALES",
        "abs_postcode": "2701",
        "facility_attribute_source": "AMBULANCE SERVICE OF NSW",
        "facility_attribute_date": "2018-06-06T00:00:00Z",
        "facility_source": "AMBULANCE SERVICE OF NSW",
        "facility_date": "2018-06-06T00:00:00Z",
        "facility_spatial_confidence": null,
        "facility_revised": "2018-09-14T00:00:00Z",
        "comment_": null,
        "facility_lat": "-34.82194899999996",
        "facility_long": "147.19976600000007",
        "validated": null,
        "gnaf_building_name": null,
        "gnaf_address_detail_pid": "GANSW718599055",
        "gnaf_formatted_address": "62 DEVLIN STREET",
        "gnaf_confidence": "0",
        "gnaf_postcode": "2701",
        "gnaf_suburb": "COOLAMON",
        "distance_to_gnaf": 0,
        "gnaf_lat": "-34.821949159999974",
        "gnaf_long": "147.1997663400001"
      },
      "geometry": {
        "type": "Point",
        "coordinates": [
          147.19977190465178,
          -34.82193598010613
        ]
      }
    },
    {
      "type": "Feature",
      "properties": {
        "objectid": 396,
        "featuretype": "EMERGENCY FACILITY",
        "descripton": "An emergency management facility from which a particular agency\u2019s resources are commanded, coordinated and assigned to an incident or emergency",
        "class": "AMBULANCE STATION",
        "facility_name": "COOMA",
        "facility_operationalstatus": "OPERATIONAL",
        "facility_address": "93 BOMBALA STREET",
        "abs_suburb": "COOMA",
        "facility_state": "NEW SOUTH WALES",
        "abs_postcode": "2630",
        "facility_attribute_source": "AMBULANCE SERVICE OF NSW",
        "facility_attribute_date": "2018-06-06T00:00:00Z",
        "facility_source": "AMBULANCE SERVICE OF NSW",
        "facility_date": "2018-06-06T00:00:00Z",
        "facility_spatial_confidence": null,
        "facility_revised": "2018-09-14T00:00:00Z",
        "comment_": null,
        "facility_lat": "-36.24164099999996",
        "facility_long": "149.13155600000005",
        "validated": null,
        "gnaf_building_name": null,
        "gnaf_address_detail_pid": "GANSW718186953",
        "gnaf_formatted_address": "93 BOMBALA STREET",
        "gnaf_confidence": "0",
        "gnaf_postcode": "2630",
        "gnaf_suburb": "COOMA",
        "distance_to_gnaf": 93,
        "gnaf_lat": "-36.24134216999994",
        "gnaf_long": "149.13059009000006"
      },
      "geometry": {
        "type": "Point",
        "coordinates": [
          149.13156143038805,
          -36.241628146578954
        ]
      }
    },
    {
      "type": "Feature",
      "properties": {
        "objectid": 397,
        "featuretype": "EMERGENCY FACILITY",
        "descripton": "An emergency management facility from which a particular agency\u2019s resources are commanded, coordinated and assigned to an incident or emergency",
        "class": "AMBULANCE STATION",
        "facility_name": "COONABARABRAN",
        "facility_operationalstatus": "OPERATIONAL",
        "facility_address": "98 CASSILIS STREET",
        "abs_suburb": "COONABARABRAN",
        "facility_state": "NEW SOUTH WALES",
        "abs_postcode": "2357",
        "facility_attribute_source": "AMBULANCE SERVICE OF NSW",
        "facility_attribute_date": "2018-06-06T00:00:00Z",
        "facility_source": "AMBULANCE SERVICE OF NSW",
        "facility_date": "2018-06-06T00:00:00Z",
        "facility_spatial_confidence": null,
        "facility_revised": "2018-09-14T00:00:00Z",
        "comment_": null,
        "facility_lat": "-31.27432299999998",
        "facility_long": "149.2830520000001",
        "validated": null,
        "gnaf_building_name": null,
        "gnaf_address_detail_pid": "GANSW704485437",
        "gnaf_formatted_address": "98 CASSILIS STREET",
        "gnaf_confidence": "1",
        "gnaf_postcode": "2357",
        "gnaf_suburb": "COONABARABRAN",
        "distance_to_gnaf": 261,
        "gnaf_lat": "-31.27471068999995",
        "gnaf_long": "149.28035407000004"
      },
      "geometry": {
        "type": "Point",
        "coordinates": [
          149.2830580174645,
          -31.274310124973027
        ]
      }
    },
    {
      "type": "Feature",
      "properties": {
        "objectid": 398,
        "featuretype": "EMERGENCY FACILITY",
        "descripton": "An emergency management facility from which a particular agency\u2019s resources are commanded, coordinated and assigned to an incident or emergency",
        "class": "AMBULANCE STATION",
        "facility_name": "COONAMBLE",
        "facility_operationalstatus": "OPERATIONAL",
        "facility_address": "129 CASTLEREAGH HIGHWAY",
        "abs_suburb": "COONAMBLE",
        "facility_state": "NEW SOUTH WALES",
        "abs_postcode": "2829",
        "facility_attribute_source": "AMBULANCE SERVICE OF NSW",
        "facility_attribute_date": "2018-06-06T00:00:00Z",
        "facility_source": "AMBULANCE SERVICE OF NSW",
        "facility_date": "2018-06-06T00:00:00Z",
        "facility_spatial_confidence": null,
        "facility_revised": "2018-09-14T00:00:00Z",
        "comment_": null,
        "facility_lat": "-30.965882999999963",
        "facility_long": "148.38791600000002",
        "validated": null,
        "gnaf_building_name": null,
        "gnaf_address_detail_pid": "GANSW713067190",
        "gnaf_formatted_address": "129 CASTLEREAGH HIGHWAY",
        "gnaf_confidence": "0",
        "gnaf_postcode": "2829",
        "gnaf_suburb": "COONAMBLE",
        "distance_to_gnaf": 462,
        "gnaf_lat": "-30.96245984999996",
        "gnaf_long": "148.39066823000007"
      },
      "geometry": {
        "type": "Point",
        "coordinates": [
          148.38792216890397,
          -30.965870047682138
        ]
      }
    },
    {
      "type": "Feature",
      "properties": {
        "objectid": 399,
        "featuretype": "EMERGENCY FACILITY",
        "descripton": "An emergency management facility from which a particular agency\u2019s resources are commanded, coordinated and assigned to an incident or emergency",
        "class": "AMBULANCE STATION",
        "facility_name": "COOTAMUNDRA",
        "facility_operationalstatus": "OPERATIONAL",
        "facility_address": "81 PARKER STREET",
        "abs_suburb": "COOTAMUNDRA",
        "facility_state": "NEW SOUTH WALES",
        "abs_postcode": "2590",
        "facility_attribute_source": "AMBULANCE SERVICE OF NSW",
        "facility_attribute_date": "2018-06-06T00:00:00Z",
        "facility_source": "AMBULANCE SERVICE OF NSW",
        "facility_date": "2018-06-06T00:00:00Z",
        "facility_spatial_confidence": null,
        "facility_revised": "2018-09-14T00:00:00Z",
        "comment_": null,
        "facility_lat": "-34.634631999999954",
        "facility_long": "148.02848000000006",
        "validated": null,
        "gnaf_building_name": null,
        "gnaf_address_detail_pid": "GANSW718533680",
        "gnaf_formatted_address": "81 PARKER STREET",
        "gnaf_confidence": "0",
        "gnaf_postcode": "2590",
        "gnaf_suburb": "COOTAMUNDRA",
        "distance_to_gnaf": 7,
        "gnaf_lat": "-34.63459252999996",
        "gnaf_long": "148.02842550000003"
      },
      "geometry": {
        "type": "Point",
        "coordinates": [
          148.02848580054226,
          -34.63461904432918
        ]
      }
    },
    {
      "type": "Feature",
      "properties": {
        "objectid": 400,
        "featuretype": "EMERGENCY FACILITY",
        "descripton": "An emergency management facility from which a particular agency\u2019s resources are commanded, coordinated and assigned to an incident or emergency",
        "class": "AMBULANCE STATION",
        "facility_name": "COROWA",
        "facility_operationalstatus": "OPERATIONAL",
        "facility_address": "185 SANGER STREET",
        "abs_suburb": "COROWA",
        "facility_state": "NEW SOUTH WALES",
        "abs_postcode": "2646",
        "facility_attribute_source": "AMBULANCE SERVICE OF NSW",
        "facility_attribute_date": "2018-06-06T00:00:00Z",
        "facility_source": "AMBULANCE SERVICE OF NSW",
        "facility_date": "2018-06-06T00:00:00Z",
        "facility_spatial_confidence": null,
        "facility_revised": "2018-09-14T00:00:00Z",
        "comment_": null,
        "facility_lat": "-35.99599799999993",
        "facility_long": "146.39151200000003",
        "validated": null,
        "gnaf_building_name": null,
        "gnaf_address_detail_pid": "GANSW704492972",
        "gnaf_formatted_address": "185 SANGER STREET",
        "gnaf_confidence": "1",
        "gnaf_postcode": "2646",
        "gnaf_suburb": "COROWA",
        "distance_to_gnaf": 11,
        "gnaf_lat": "-35.99600265999993",
        "gnaf_long": "146.39163659000008"
      },
      "geometry": {
        "type": "Point",
        "coordinates": [
          146.3915178986837,
          -35.995984926682816
        ]
      }
    },
    {
      "type": "Feature",
      "properties": {
        "objectid": 401,
        "featuretype": "EMERGENCY FACILITY",
        "descripton": "An emergency management facility from which a particular agency\u2019s resources are commanded, coordinated and assigned to an incident or emergency",
        "class": "AMBULANCE STATION",
        "facility_name": "OBERON",
        "facility_operationalstatus": "OPERATIONAL",
        "facility_address": "6 SPRINGFIELD STREET",
        "abs_suburb": "OBERON",
        "facility_state": "NEW SOUTH WALES",
        "abs_postcode": "2787",
        "facility_attribute_source": "AMBULANCE SERVICE OF NSW",
        "facility_attribute_date": "2018-06-06T00:00:00Z",
        "facility_source": "AMBULANCE SERVICE OF NSW",
        "facility_date": "2018-06-06T00:00:00Z",
        "facility_spatial_confidence": null,
        "facility_revised": "2018-09-14T00:00:00Z",
        "comment_": null,
        "facility_lat": "-33.70628399999998",
        "facility_long": "149.85260200000005",
        "validated": null,
        "gnaf_building_name": null,
        "gnaf_address_detail_pid": "GANSW712991660",
        "gnaf_formatted_address": "6 SPRINGFIELD STREET",
        "gnaf_confidence": "0",
        "gnaf_postcode": "2787",
        "gnaf_suburb": "OBERON",
        "distance_to_gnaf": 18,
        "gnaf_lat": "-33.70614664999994",
        "gnaf_long": "149.85269473000005"
      },
      "geometry": {
        "type": "Point",
        "coordinates": [
          149.85260764535604,
          -33.70627119180122
        ]
      }
    },
    {
      "type": "Feature",
      "properties": {
        "objectid": 402,
        "featuretype": "EMERGENCY FACILITY",
        "descripton": "An emergency management facility from which a particular agency\u2019s resources are commanded, coordinated and assigned to an incident or emergency",
        "class": "AMBULANCE STATION",
        "facility_name": "ORANGE",
        "facility_operationalstatus": "OPERATIONAL",
        "facility_address": "90 DALTON STREET",
        "abs_suburb": "ORANGE",
        "facility_state": "NEW SOUTH WALES",
        "abs_postcode": "2800",
        "facility_attribute_source": "AMBULANCE SERVICE OF NSW",
        "facility_attribute_date": "2018-06-06T00:00:00Z",
        "facility_source": "AMBULANCE SERVICE OF NSW",
        "facility_date": "2018-06-06T00:00:00Z",
        "facility_spatial_confidence": null,
        "facility_revised": "2018-09-14T00:00:00Z",
        "comment_": null,
        "facility_lat": "-33.27641799999998",
        "facility_long": "149.1013220000001",
        "validated": null,
        "gnaf_building_name": null,
        "gnaf_address_detail_pid": "GANSW713049638",
        "gnaf_formatted_address": "90 DALTON STREET",
        "gnaf_confidence": "1",
        "gnaf_postcode": "2800",
        "gnaf_suburb": "ORANGE",
        "distance_to_gnaf": 20,
        "gnaf_lat": "-33.276432919999934",
        "gnaf_long": "149.10110472000008"
      },
      "geometry": {
        "type": "Point",
        "coordinates": [
          149.1013278055452,
          -33.27640512381581
        ]
      }
    },
    {
      "type": "Feature",
      "properties": {
        "objectid": 403,
        "featuretype": "EMERGENCY FACILITY",
        "descripton": "An emergency management facility from which a particular agency\u2019s resources are commanded, coordinated and assigned to an incident or emergency",
        "class": "AMBULANCE STATION",
        "facility_name": "PADDINGTON",
        "facility_operationalstatus": "OPERATIONAL",
        "facility_address": "4 OATLEY ROAD",
        "abs_suburb": "PADDINGTON",
        "facility_state": "NEW SOUTH WALES",
        "abs_postcode": "2021",
        "facility_attribute_source": "AMBULANCE SERVICE OF NSW",
        "facility_attribute_date": "2018-06-06T00:00:00Z",
        "facility_source": "AMBULANCE SERVICE OF NSW",
        "facility_date": "2018-06-06T00:00:00Z",
        "facility_spatial_confidence": null,
        "facility_revised": "2018-09-14T00:00:00Z",
        "comment_": null,
        "facility_lat": "-33.88553399999995",
        "facility_long": "151.22590200000002",
        "validated": null,
        "gnaf_building_name": null,
        "gnaf_address_detail_pid": "GANSW710383839",
        "gnaf_formatted_address": "4 OATLEY ROAD",
        "gnaf_confidence": "0",
        "gnaf_postcode": "2021",
        "gnaf_suburb": "PADDINGTON",
        "distance_to_gnaf": 98,
        "gnaf_lat": "-33.886413249999976",
        "gnaf_long": "151.2258199700001"
      },
      "geometry": {
        "type": "Point",
        "coordinates": [
          151.22590742518688,
          -33.885521317654174
        ]
      }
    },
    {
      "type": "Feature",
      "properties": {
        "objectid": 404,
        "featuretype": "EMERGENCY FACILITY",
        "descripton": "An emergency management facility from which a particular agency\u2019s resources are commanded, coordinated and assigned to an incident or emergency",
        "class": "AMBULANCE STATION",
        "facility_name": "PARKES",
        "facility_operationalstatus": "OPERATIONAL",
        "facility_address": "19 BUSHMAN STREET",
        "abs_suburb": "PARKES",
        "facility_state": "NEW SOUTH WALES",
        "abs_postcode": "2870",
        "facility_attribute_source": "AMBULANCE SERVICE OF NSW",
        "facility_attribute_date": "2018-06-06T00:00:00Z",
        "facility_source": "AMBULANCE SERVICE OF NSW",
        "facility_date": "2018-06-06T00:00:00Z",
        "facility_spatial_confidence": null,
        "facility_revised": "2018-09-14T00:00:00Z",
        "comment_": null,
        "facility_lat": "-33.13381799999996",
        "facility_long": "148.17310600000008",
        "validated": null,
        "gnaf_building_name": null,
        "gnaf_address_detail_pid": "GANSW713100531",
        "gnaf_formatted_address": "19 BUSHMAN STREET",
        "gnaf_confidence": "1",
        "gnaf_postcode": "2870",
        "gnaf_suburb": "PARKES",
        "distance_to_gnaf": 251,
        "gnaf_lat": "-33.133754529999976",
        "gnaf_long": "148.17579425000008"
      },
      "geometry": {
        "type": "Point",
        "coordinates": [
          148.17311195407652,
          -33.13380504567814
        ]
      }
    },
    {
      "type": "Feature",
      "properties": {
        "objectid": 405,
        "featuretype": "EMERGENCY FACILITY",
        "descripton": "An emergency management facility from which a particular agency\u2019s resources are commanded, coordinated and assigned to an incident or emergency",
        "class": "AMBULANCE STATION",
        "facility_name": "PARRAMATTA",
        "facility_operationalstatus": "OPERATIONAL",
        "facility_address": "153 RAILWAY STREET",
        "abs_suburb": "PARRAMATTA",
        "facility_state": "NEW SOUTH WALES",
        "abs_postcode": "2150",
        "facility_attribute_source": "AMBULANCE SERVICE OF NSW",
        "facility_attribute_date": "2018-06-06T00:00:00Z",
        "facility_source": "AMBULANCE SERVICE OF NSW",
        "facility_date": "2018-06-06T00:00:00Z",
        "facility_spatial_confidence": null,
        "facility_revised": "2018-09-14T00:00:00Z",
        "comment_": null,
        "facility_lat": "-33.823553999999945",
        "facility_long": "150.989459",
        "validated": null,
        "gnaf_building_name": null,
        "gnaf_address_detail_pid": "GANSW709922509",
        "gnaf_formatted_address": "153 RAILWAY STREET",
        "gnaf_confidence": "1",
        "gnaf_postcode": "2150",
        "gnaf_suburb": "PARRAMATTA",
        "distance_to_gnaf": 3,
        "gnaf_lat": "-33.823549259999936",
        "gnaf_long": "150.9894850500001"
      },
      "geometry": {
        "type": "Point",
        "coordinates": [
          150.98946446728695,
          -33.82354129523378
        ]
      }
    },
    {
      "type": "Feature",
      "properties": {
        "objectid": 406,
        "featuretype": "EMERGENCY FACILITY",
        "descripton": "An emergency management facility from which a particular agency\u2019s resources are commanded, coordinated and assigned to an incident or emergency",
        "class": "AMBULANCE STATION",
        "facility_name": "PEAK HILL",
        "facility_operationalstatus": "OPERATIONAL",
        "facility_address": "HUIE AVENUE",
        "abs_suburb": "PEAK HILL",
        "facility_state": "NEW SOUTH WALES",
        "abs_postcode": "2869",
        "facility_attribute_source": "AMBULANCE SERVICE OF NSW",
        "facility_attribute_date": "2018-06-06T00:00:00Z",
        "facility_source": "AMBULANCE SERVICE OF NSW",
        "facility_date": "2018-06-06T00:00:00Z",
        "facility_spatial_confidence": null,
        "facility_revised": "2018-09-14T00:00:00Z",
        "comment_": null,
        "facility_lat": "-32.734936999999945",
        "facility_long": "148.19922200000008",
        "validated": null,
        "gnaf_building_name": "PEAK HILL HEALTH SERVICE",
        "gnaf_address_detail_pid": "GANSW718738349",
        "gnaf_formatted_address": "4746 NEWELL HIGHWAY",
        "gnaf_confidence": "2",
        "gnaf_postcode": "2869",
        "gnaf_suburb": "PEAK HILL",
        "distance_to_gnaf": 81,
        "gnaf_lat": "-32.735604759999944",
        "gnaf_long": "148.19958372000008"
      },
      "geometry": {
        "type": "Point",
        "coordinates": [
          148.19922799598683,
          -32.73492404499251
        ]
      }
    },
    {
      "type": "Feature",
      "properties": {
        "objectid": 407,
        "featuretype": "EMERGENCY FACILITY",
        "descripton": "An emergency management facility from which a particular agency\u2019s resources are commanded, coordinated and assigned to an incident or emergency",
        "class": "AMBULANCE STATION",
        "facility_name": "PENRITH SUPERSTATION",
        "facility_operationalstatus": "OPERATIONAL",
        "facility_address": "141 HIGH STREET",
        "abs_suburb": "PENRITH",
        "facility_state": "NEW SOUTH WALES",
        "abs_postcode": "2750",
        "facility_attribute_source": "AMBULANCE SERVICE OF NSW",
        "facility_attribute_date": "2018-06-06T00:00:00Z",
        "facility_source": "AMBULANCE SERVICE OF NSW",
        "facility_date": "2018-06-06T00:00:00Z",
        "facility_spatial_confidence": null,
        "facility_revised": "2018-09-14T00:00:00Z",
        "comment_": null,
        "facility_lat": "-33.75578399999995",
        "facility_long": "150.70936700000004",
        "validated": null,
        "gnaf_building_name": null,
        "gnaf_address_detail_pid": "GANSW712802684",
        "gnaf_formatted_address": "141 HIGH STREET",
        "gnaf_confidence": "2",
        "gnaf_postcode": "2750",
        "gnaf_suburb": "PENRITH",
        "distance_to_gnaf": 0,
        "gnaf_lat": "-33.75578372999996",
        "gnaf_long": "150.70936716000006"
      },
      "geometry": {
        "type": "Point",
        "coordinates": [
          150.70937251626793,
          -33.75577126900098
        ]
      }
    },
    {
      "type": "Feature",
      "properties": {
        "objectid": 408,
        "featuretype": "EMERGENCY FACILITY",
        "descripton": "An emergency management facility from which a particular agency\u2019s resources are commanded, coordinated and assigned to an incident or emergency",
        "class": "AMBULANCE STATION",
        "facility_name": "PERISHER VALLEY",
        "facility_operationalstatus": "OPERATIONAL",
        "facility_address": "KOSCIUSZKO ROAD",
        "abs_suburb": "PERISHER VALLEY",
        "facility_state": "NEW SOUTH WALES",
        "abs_postcode": "2627",
        "facility_attribute_source": "AMBULANCE SERVICE OF NSW",
        "facility_attribute_date": "2018-06-06T00:00:00Z",
        "facility_source": "AMBULANCE SERVICE OF NSW",
        "facility_date": "2018-06-06T00:00:00Z",
        "facility_spatial_confidence": null,
        "facility_revised": "2018-09-14T00:00:00Z",
        "comment_": null,
        "facility_lat": "-36.40497499999998",
        "facility_long": "148.41400700000008",
        "validated": null,
        "gnaf_building_name": null,
        "gnaf_address_detail_pid": "GANSW719887522",
        "gnaf_formatted_address": "9909 KOSCIUSZKO ROAD",
        "gnaf_confidence": "1",
        "gnaf_postcode": "2624",
        "gnaf_suburb": "PERISHER VALLEY",
        "distance_to_gnaf": 1,
        "gnaf_lat": "-36.40497886999998",
        "gnaf_long": "148.41401135"
      },
      "geometry": {
        "type": "Point",
        "coordinates": [
          148.41401252447096,
          -36.40496208755592
        ]
      }
    },
    {
      "type": "Feature",
      "properties": {
        "objectid": 409,
        "featuretype": "EMERGENCY FACILITY",
        "descripton": "An emergency management facility from which a particular agency\u2019s resources are commanded, coordinated and assigned to an incident or emergency",
        "class": "AMBULANCE STATION",
        "facility_name": "KOGARAH SUPERSTATION",
        "facility_operationalstatus": "OPERATIONAL",
        "facility_address": "3 ROCKY POINT ROAD",
        "abs_suburb": "KOGARAH",
        "facility_state": "NEW SOUTH WALES",
        "abs_postcode": "2217",
        "facility_attribute_source": "AMBULANCE SERVICE OF NSW",
        "facility_attribute_date": "2018-06-06T00:00:00Z",
        "facility_source": "AMBULANCE SERVICE OF NSW",
        "facility_date": "2018-06-06T00:00:00Z",
        "facility_spatial_confidence": null,
        "facility_revised": "2018-09-14T00:00:00Z",
        "comment_": null,
        "facility_lat": "-33.969934999999964",
        "facility_long": "151.13597600000003",
        "validated": null,
        "gnaf_building_name": "ROCKY POINT KINDERGARTEN",
        "gnaf_address_detail_pid": "GANSW705121110",
        "gnaf_formatted_address": "3 ROCKY POINT ROAD",
        "gnaf_confidence": "0",
        "gnaf_postcode": "2217",
        "gnaf_suburb": "KOGARAH",
        "distance_to_gnaf": 0,
        "gnaf_lat": "-33.96993460999994",
        "gnaf_long": "151.13597605000007"
      },
      "geometry": {
        "type": "Point",
        "coordinates": [
          151.13598142674974,
          -33.96992230985599
        ]
      }
    },
    {
      "type": "Feature",
      "properties": {
        "objectid": 410,
        "featuretype": "EMERGENCY FACILITY",
        "descripton": "An emergency management facility from which a particular agency\u2019s resources are commanded, coordinated and assigned to an incident or emergency",
        "class": "AMBULANCE STATION",
        "facility_name": "KURRI KURRI",
        "facility_operationalstatus": "OPERATIONAL",
        "facility_address": "44 ALEXANDRA STREET",
        "abs_suburb": "KURRI KURRI",
        "facility_state": "NEW SOUTH WALES",
        "abs_postcode": "2327",
        "facility_attribute_source": "AMBULANCE SERVICE OF NSW",
        "facility_attribute_date": "2018-06-06T00:00:00Z",
        "facility_source": "AMBULANCE SERVICE OF NSW",
        "facility_date": "2018-06-06T00:00:00Z",
        "facility_spatial_confidence": null,
        "facility_revised": "2018-09-14T00:00:00Z",
        "comment_": null,
        "facility_lat": "-32.81996399999997",
        "facility_long": "151.47601500000007",
        "validated": null,
        "gnaf_building_name": null,
        "gnaf_address_detail_pid": "GANSW712009358",
        "gnaf_formatted_address": "44 ALEXANDRA STREET",
        "gnaf_confidence": "1",
        "gnaf_postcode": "2327",
        "gnaf_suburb": "KURRI KURRI",
        "distance_to_gnaf": 15,
        "gnaf_lat": "-32.820043289999944",
        "gnaf_long": "151.4758849000001"
      },
      "geometry": {
        "type": "Point",
        "coordinates": [
          151.47602053231546,
          -32.81995133360592
        ]
      }
    },
    {
      "type": "Feature",
      "properties": {
        "objectid": 411,
        "featuretype": "EMERGENCY FACILITY",
        "descripton": "An emergency management facility from which a particular agency\u2019s resources are commanded, coordinated and assigned to an incident or emergency",
        "class": "AMBULANCE STATION",
        "facility_name": "KYOGLE",
        "facility_operationalstatus": "OPERATIONAL",
        "facility_address": "199 SUMMERLAND WAY",
        "abs_suburb": "KYOGLE",
        "facility_state": "NEW SOUTH WALES",
        "abs_postcode": "2474",
        "facility_attribute_source": "AMBULANCE SERVICE OF NSW",
        "facility_attribute_date": "2018-06-06T00:00:00Z",
        "facility_source": "AMBULANCE SERVICE OF NSW",
        "facility_date": "2018-06-06T00:00:00Z",
        "facility_spatial_confidence": null,
        "facility_revised": "2018-09-14T00:00:00Z",
        "comment_": null,
        "facility_lat": "-28.627305999999976",
        "facility_long": "153.00188200000002",
        "validated": null,
        "gnaf_building_name": "KYOGLE HEALTH AGED CARE",
        "gnaf_address_detail_pid": "GANSW718434541",
        "gnaf_formatted_address": "199 SUMMERLAND WAY",
        "gnaf_confidence": "0",
        "gnaf_postcode": "2474",
        "gnaf_suburb": "KYOGLE",
        "distance_to_gnaf": 30,
        "gnaf_lat": "-28.62707594999995",
        "gnaf_long": "153.00172851000002"
      },
      "geometry": {
        "type": "Point",
        "coordinates": [
          153.00188788918746,
          -28.627293450908137
        ]
      }
    },
    {
      "type": "Feature",
      "properties": {
        "objectid": 412,
        "featuretype": "EMERGENCY FACILITY",
        "descripton": "An emergency management facility from which a particular agency\u2019s resources are commanded, coordinated and assigned to an incident or emergency",
        "class": "AMBULANCE STATION",
        "facility_name": "LAKE CARGELLIGO",
        "facility_operationalstatus": "OPERATIONAL",
        "facility_address": "40 FOSTER STREET",
        "abs_suburb": "LAKE CARGELLIGO",
        "facility_state": "NEW SOUTH WALES",
        "abs_postcode": "2672",
        "facility_attribute_source": "AMBULANCE SERVICE OF NSW",
        "facility_attribute_date": "2018-06-06T00:00:00Z",
        "facility_source": "AMBULANCE SERVICE OF NSW",
        "facility_date": "2018-06-06T00:00:00Z",
        "facility_spatial_confidence": null,
        "facility_revised": "2018-09-14T00:00:00Z",
        "comment_": null,
        "facility_lat": "-33.29897599999998",
        "facility_long": "146.37132700000006",
        "validated": null,
        "gnaf_building_name": null,
        "gnaf_address_detail_pid": "GANSW712814321",
        "gnaf_formatted_address": "40 FOSTER STREET",
        "gnaf_confidence": "1",
        "gnaf_postcode": "2672",
        "gnaf_suburb": "LAKE CARGELLIGO",
        "distance_to_gnaf": 12,
        "gnaf_lat": "-33.299071209999966",
        "gnaf_long": "146.37139610000008"
      },
      "geometry": {
        "type": "Point",
        "coordinates": [
          146.37133319418885,
          -33.29896290704551
        ]
      }
    },
    {
      "type": "Feature",
      "properties": {
        "objectid": 413,
        "featuretype": "EMERGENCY FACILITY",
        "descripton": "An emergency management facility from which a particular agency\u2019s resources are commanded, coordinated and assigned to an incident or emergency",
        "class": "AMBULANCE STATION",
        "facility_name": "LANE COVE",
        "facility_operationalstatus": "OPERATIONAL",
        "facility_address": "204 BURNS BAY ROAD",
        "abs_suburb": "LANE COVE",
        "facility_state": "NEW SOUTH WALES",
        "abs_postcode": "2066",
        "facility_attribute_source": "AMBULANCE SERVICE OF NSW",
        "facility_attribute_date": "2018-06-06T00:00:00Z",
        "facility_source": "AMBULANCE SERVICE OF NSW",
        "facility_date": "2018-06-06T00:00:00Z",
        "facility_spatial_confidence": null,
        "facility_revised": "2018-09-14T00:00:00Z",
        "comment_": null,
        "facility_lat": "-33.81500099999994",
        "facility_long": "151.15348700000004",
        "validated": null,
        "gnaf_building_name": null,
        "gnaf_address_detail_pid": "GANSW705146232",
        "gnaf_formatted_address": "204 BURNS BAY ROAD",
        "gnaf_confidence": "0",
        "gnaf_postcode": "2066",
        "gnaf_suburb": "LANE COVE",
        "distance_to_gnaf": 4,
        "gnaf_lat": "-33.81499285999996",
        "gnaf_long": "151.15352415000007"
      },
      "geometry": {
        "type": "Point",
        "coordinates": [
          151.15349244499086,
          -33.8149883104029
        ]
      }
    },
    {
      "type": "Feature",
      "properties": {
        "objectid": 414,
        "featuretype": "EMERGENCY FACILITY",
        "descripton": "An emergency management facility from which a particular agency\u2019s resources are commanded, coordinated and assigned to an incident or emergency",
        "class": "AMBULANCE STATION",
        "facility_name": "LAURIETON",
        "facility_operationalstatus": "OPERATIONAL",
        "facility_address": "40 LAURIE STREET",
        "abs_suburb": "LAURIETON",
        "facility_state": "NEW SOUTH WALES",
        "abs_postcode": "2443",
        "facility_attribute_source": "AMBULANCE SERVICE OF NSW",
        "facility_attribute_date": "2018-06-06T00:00:00Z",
        "facility_source": "AMBULANCE SERVICE OF NSW",
        "facility_date": "2018-06-06T00:00:00Z",
        "facility_spatial_confidence": null,
        "facility_revised": "2018-09-14T00:00:00Z",
        "comment_": null,
        "facility_lat": "-31.652552999999955",
        "facility_long": "152.79245900000012",
        "validated": null,
        "gnaf_building_name": null,
        "gnaf_address_detail_pid": "GANSW717924066",
        "gnaf_formatted_address": "40 LAURIE STREET",
        "gnaf_confidence": "1",
        "gnaf_postcode": "2443",
        "gnaf_suburb": "LAURIETON",
        "distance_to_gnaf": 16,
        "gnaf_lat": "-31.652681369999982",
        "gnaf_long": "152.79238638000004"
      },
      "geometry": {
        "type": "Point",
        "coordinates": [
          152.79246451410862,
          -31.652540452827314
        ]
      }
    },
    {
      "type": "Feature",
      "properties": {
        "objectid": 415,
        "featuretype": "EMERGENCY FACILITY",
        "descripton": "An emergency management facility from which a particular agency\u2019s resources are commanded, coordinated and assigned to an incident or emergency",
        "class": "AMBULANCE STATION",
        "facility_name": "ALBURY",
        "facility_operationalstatus": "OPERATIONAL",
        "facility_address": "331 WAGGA ROAD",
        "abs_suburb": "LAVINGTON",
        "facility_state": "NEW SOUTH WALES",
        "abs_postcode": "2641",
        "facility_attribute_source": "AMBULANCE SERVICE OF NSW",
        "facility_attribute_date": "2018-06-06T00:00:00Z",
        "facility_source": "AMBULANCE SERVICE OF NSW",
        "facility_date": "2018-06-06T00:00:00Z",
        "facility_spatial_confidence": null,
        "facility_revised": "2018-09-14T00:00:00Z",
        "comment_": null,
        "facility_lat": "-36.050588999999945",
        "facility_long": "146.93503600000008",
        "validated": null,
        "gnaf_building_name": null,
        "gnaf_address_detail_pid": "GANSW705177685",
        "gnaf_formatted_address": "331 WAGGA ROAD",
        "gnaf_confidence": "1",
        "gnaf_postcode": "2641",
        "gnaf_suburb": "LAVINGTON",
        "distance_to_gnaf": 12,
        "gnaf_lat": "-36.050508699999966",
        "gnaf_long": "146.93495039000004"
      },
      "geometry": {
        "type": "Point",
        "coordinates": [
          146.9350418051617,
          -36.050575967922285
        ]
      }
    },
    {
      "type": "Feature",
      "properties": {
        "objectid": 416,
        "featuretype": "EMERGENCY FACILITY",
        "descripton": "An emergency management facility from which a particular agency\u2019s resources are commanded, coordinated and assigned to an incident or emergency",
        "class": "AMBULANCE STATION",
        "facility_name": "LEETON",
        "facility_operationalstatus": "OPERATIONAL",
        "facility_address": "35 CHELMSFORD PLACE",
        "abs_suburb": "LEETON",
        "facility_state": "NEW SOUTH WALES",
        "abs_postcode": "2705",
        "facility_attribute_source": "AMBULANCE SERVICE OF NSW",
        "facility_attribute_date": "2018-06-06T00:00:00Z",
        "facility_source": "AMBULANCE SERVICE OF NSW",
        "facility_date": "2018-06-06T00:00:00Z",
        "facility_spatial_confidence": null,
        "facility_revised": "2018-09-14T00:00:00Z",
        "comment_": null,
        "facility_lat": "-34.549890999999946",
        "facility_long": "146.40687200000002",
        "validated": null,
        "gnaf_building_name": "AMBULANCE STATION",
        "gnaf_address_detail_pid": "GANSW719167725",
        "gnaf_formatted_address": "35 CHELMSFORD PLACE",
        "gnaf_confidence": "1",
        "gnaf_postcode": "2705",
        "gnaf_suburb": "LEETON",
        "distance_to_gnaf": 12,
        "gnaf_lat": "-34.549882569999966",
        "gnaf_long": "146.4067439700001"
      },
      "geometry": {
        "type": "Point",
        "coordinates": [
          146.406878055668,
          -34.54987791822268
        ]
      }
    },
    {
      "type": "Feature",
      "properties": {
        "objectid": 417,
        "featuretype": "EMERGENCY FACILITY",
        "descripton": "An emergency management facility from which a particular agency\u2019s resources are commanded, coordinated and assigned to an incident or emergency",
        "class": "AMBULANCE STATION",
        "facility_name": "LIGHTNING RIDGE",
        "facility_operationalstatus": "OPERATIONAL",
        "facility_address": "23 PANDORA STREET",
        "abs_suburb": "LIGHTNING RIDGE",
        "facility_state": "NEW SOUTH WALES",
        "abs_postcode": "2834",
        "facility_attribute_source": "AMBULANCE SERVICE OF NSW",
        "facility_attribute_date": "2018-06-06T00:00:00Z",
        "facility_source": "AMBULANCE SERVICE OF NSW",
        "facility_date": "2018-06-06T00:00:00Z",
        "facility_spatial_confidence": null,
        "facility_revised": "2018-09-14T00:00:00Z",
        "comment_": null,
        "facility_lat": "-29.430162999999936",
        "facility_long": "147.9821770000001",
        "validated": null,
        "gnaf_building_name": null,
        "gnaf_address_detail_pid": "GANSW713100291",
        "gnaf_formatted_address": "23 PANDORA STREET",
        "gnaf_confidence": "2",
        "gnaf_postcode": "2834",
        "gnaf_suburb": "LIGHTNING RIDGE",
        "distance_to_gnaf": 29,
        "gnaf_lat": "-29.42996813999997",
        "gnaf_long": "147.98198107000007"
      },
      "geometry": {
        "type": "Point",
        "coordinates": [
          147.98218338516085,
          -29.430150003384423
        ]
      }
    },
    {
      "type": "Feature",
      "properties": {
        "objectid": 418,
        "featuretype": "EMERGENCY FACILITY",
        "descripton": "An emergency management facility from which a particular agency\u2019s resources are commanded, coordinated and assigned to an incident or emergency",
        "class": "AMBULANCE STATION",
        "facility_name": "ROZELLE STATE HEADQUARTERS",
        "facility_operationalstatus": "OPERATIONAL",
        "facility_address": "BALMAIN ROAD",
        "abs_suburb": "LILYFIELD",
        "facility_state": "NEW SOUTH WALES",
        "abs_postcode": "2040",
        "facility_attribute_source": "AMBULANCE SERVICE OF NSW",
        "facility_attribute_date": "2018-06-06T00:00:00Z",
        "facility_source": "AMBULANCE SERVICE OF NSW",
        "facility_date": "2018-06-06T00:00:00Z",
        "facility_spatial_confidence": null,
        "facility_revised": "2018-09-14T00:00:00Z",
        "comment_": null,
        "facility_lat": "-33.87014999999997",
        "facility_long": "151.16070200000001",
        "validated": null,
        "gnaf_building_name": null,
        "gnaf_address_detail_pid": "GANSW717386593",
        "gnaf_formatted_address": "UNIT 4 3 WHARF ROAD",
        "gnaf_confidence": "1",
        "gnaf_postcode": "2040",
        "gnaf_suburb": "LILYFIELD",
        "distance_to_gnaf": 269,
        "gnaf_lat": "-33.86851531999997",
        "gnaf_long": "151.15855327000008"
      },
      "geometry": {
        "type": "Point",
        "coordinates": [
          151.16070743657906,
          -33.870137311461505
        ]
      }
    },
    {
      "type": "Feature",
      "properties": {
        "objectid": 419,
        "featuretype": "EMERGENCY FACILITY",
        "descripton": "An emergency management facility from which a particular agency\u2019s resources are commanded, coordinated and assigned to an incident or emergency",
        "class": "AMBULANCE STATION",
        "facility_name": "LISMORE",
        "facility_operationalstatus": "OPERATIONAL",
        "facility_address": "214 KEEN STREET",
        "abs_suburb": "LISMORE",
        "facility_state": "NEW SOUTH WALES",
        "abs_postcode": "2480",
        "facility_attribute_source": "AMBULANCE SERVICE OF NSW",
        "facility_attribute_date": "2018-06-06T00:00:00Z",
        "facility_source": "AMBULANCE SERVICE OF NSW",
        "facility_date": "2018-06-06T00:00:00Z",
        "facility_spatial_confidence": null,
        "facility_revised": "2018-09-14T00:00:00Z",
        "comment_": null,
        "facility_lat": "-28.812550999999928",
        "facility_long": "153.27637700000002",
        "validated": null,
        "gnaf_building_name": null,
        "gnaf_address_detail_pid": "GANSW705215990",
        "gnaf_formatted_address": "214 KEEN STREET",
        "gnaf_confidence": "0",
        "gnaf_postcode": "2480",
        "gnaf_suburb": "LISMORE",
        "distance_to_gnaf": 19,
        "gnaf_lat": "-28.812485369999933",
        "gnaf_long": "153.2765572300001"
      },
      "geometry": {
        "type": "Point",
        "coordinates": [
          153.27638283400967,
          -28.812538480027065
        ]
      }
    },
    {
      "type": "Feature",
      "properties": {
        "objectid": 420,
        "featuretype": "EMERGENCY FACILITY",
        "descripton": "An emergency management facility from which a particular agency\u2019s resources are commanded, coordinated and assigned to an incident or emergency",
        "class": "AMBULANCE STATION",
        "facility_name": "LITHGOW",
        "facility_operationalstatus": "OPERATIONAL",
        "facility_address": "19 RAILWAY PDE",
        "abs_suburb": "LITHGOW",
        "facility_state": "NEW SOUTH WALES",
        "abs_postcode": "2790",
        "facility_attribute_source": "AMBULANCE SERVICE OF NSW",
        "facility_attribute_date": "2018-06-06T00:00:00Z",
        "facility_source": "AMBULANCE SERVICE OF NSW",
        "facility_date": "2018-06-06T00:00:00Z",
        "facility_spatial_confidence": null,
        "facility_revised": "2018-09-14T00:00:00Z",
        "comment_": null,
        "facility_lat": "-33.47945899999996",
        "facility_long": "150.1597670000001",
        "validated": null,
        "gnaf_building_name": null,
        "gnaf_address_detail_pid": "GANSW713008284",
        "gnaf_formatted_address": "19 RAILWAY PARADE",
        "gnaf_confidence": "1",
        "gnaf_postcode": "2790",
        "gnaf_suburb": "LITHGOW",
        "distance_to_gnaf": 8,
        "gnaf_lat": "-33.47939286999997",
        "gnaf_long": "150.15974933000007"
      },
      "geometry": {
        "type": "Point",
        "coordinates": [
          150.15977263020181,
          -33.47944621742751
        ]
      }
    },
    {
      "type": "Feature",
      "properties": {
        "objectid": 421,
        "featuretype": "EMERGENCY FACILITY",
        "descripton": "An emergency management facility from which a particular agency\u2019s resources are commanded, coordinated and assigned to an incident or emergency",
        "class": "AMBULANCE STATION",
        "facility_name": "LIVERPOOL SUPERSTATION",
        "facility_operationalstatus": "OPERATIONAL",
        "facility_address": "3 HOXTON PARK ROAD",
        "abs_suburb": "LIVERPOOL",
        "facility_state": "NEW SOUTH WALES",
        "abs_postcode": "2170",
        "facility_attribute_source": "AMBULANCE SERVICE OF NSW",
        "facility_attribute_date": "2018-06-06T00:00:00Z",
        "facility_source": "AMBULANCE SERVICE OF NSW",
        "facility_date": "2018-06-06T00:00:00Z",
        "facility_spatial_confidence": null,
        "facility_revised": "2018-09-14T00:00:00Z",
        "comment_": null,
        "facility_lat": "-33.927566999999954",
        "facility_long": "150.91183",
        "validated": null,
        "gnaf_building_name": null,
        "gnaf_address_detail_pid": "GANSW705233423",
        "gnaf_formatted_address": "3 HOXTON PARK ROAD",
        "gnaf_confidence": "1",
        "gnaf_postcode": "2170",
        "gnaf_suburb": "LIVERPOOL",
        "distance_to_gnaf": 79,
        "gnaf_lat": "-33.92688353999995",
        "gnaf_long": "150.91159861000006"
      },
      "geometry": {
        "type": "Point",
        "coordinates": [
          150.91183546460482,
          -33.927554288790866
        ]
      }
    },
    {
      "type": "Feature",
      "properties": {
        "objectid": 422,
        "featuretype": "EMERGENCY FACILITY",
        "descripton": "An emergency management facility from which a particular agency\u2019s resources are commanded, coordinated and assigned to an incident or emergency",
        "class": "AMBULANCE STATION",
        "facility_name": "LOCKHART",
        "facility_operationalstatus": "OPERATIONAL",
        "facility_address": "2 GREEN STREET",
        "abs_suburb": "LOCKHART",
        "facility_state": "NEW SOUTH WALES",
        "abs_postcode": "2656",
        "facility_attribute_source": "AMBULANCE SERVICE OF NSW",
        "facility_attribute_date": "2018-06-06T00:00:00Z",
        "facility_source": "AMBULANCE SERVICE OF NSW",
        "facility_date": "2018-06-06T00:00:00Z",
        "facility_spatial_confidence": null,
        "facility_revised": "2018-09-14T00:00:00Z",
        "comment_": null,
        "facility_lat": "-35.22272499999997",
        "facility_long": "146.72540500000002",
        "validated": null,
        "gnaf_building_name": null,
        "gnaf_address_detail_pid": "GANSW712758056",
        "gnaf_formatted_address": "2 GREEN STREET",
        "gnaf_confidence": "1",
        "gnaf_postcode": "2656",
        "gnaf_suburb": "LOCKHART",
        "distance_to_gnaf": 143,
        "gnaf_lat": "-35.222661829999936",
        "gnaf_long": "146.72383676000004"
      },
      "geometry": {
        "type": "Point",
        "coordinates": [
          146.72541093257172,
          -35.222711946550845
        ]
      }
    },
    {
      "type": "Feature",
      "properties": {
        "objectid": 423,
        "featuretype": "EMERGENCY FACILITY",
        "descripton": "An emergency management facility from which a particular agency\u2019s resources are commanded, coordinated and assigned to an incident or emergency",
        "class": "AMBULANCE STATION",
        "facility_name": "MACLEAN",
        "facility_operationalstatus": "OPERATIONAL",
        "facility_address": "56 RIVER STREET",
        "abs_suburb": "MACLEAN",
        "facility_state": "NEW SOUTH WALES",
        "abs_postcode": "2463",
        "facility_attribute_source": "AMBULANCE SERVICE OF NSW",
        "facility_attribute_date": "2018-06-06T00:00:00Z",
        "facility_source": "AMBULANCE SERVICE OF NSW",
        "facility_date": "2018-06-06T00:00:00Z",
        "facility_spatial_confidence": null,
        "facility_revised": "2018-09-14T00:00:00Z",
        "comment_": null,
        "facility_lat": "-29.459666999999968",
        "facility_long": "153.19717300000002",
        "validated": null,
        "gnaf_building_name": null,
        "gnaf_address_detail_pid": "GANSW712209551",
        "gnaf_formatted_address": "56 RIVER STREET",
        "gnaf_confidence": "2",
        "gnaf_postcode": "2463",
        "gnaf_suburb": "MACLEAN",
        "distance_to_gnaf": 18,
        "gnaf_lat": "-29.459607579999954",
        "gnaf_long": "153.19699789000003"
      },
      "geometry": {
        "type": "Point",
        "coordinates": [
          153.19717875814783,
          -29.45965447698412
        ]
      }
    },
    {
      "type": "Feature",
      "properties": {
        "objectid": 424,
        "featuretype": "EMERGENCY FACILITY",
        "descripton": "An emergency management facility from which a particular agency\u2019s resources are commanded, coordinated and assigned to an incident or emergency",
        "class": "AMBULANCE STATION",
        "facility_name": "MACQUARIE FIELDS",
        "facility_operationalstatus": "OPERATIONAL",
        "facility_address": "6 BROOKS STREET",
        "abs_suburb": "MACQUARIE FIELDS",
        "facility_state": "NEW SOUTH WALES",
        "abs_postcode": "2564",
        "facility_attribute_source": "AMBULANCE SERVICE OF NSW",
        "facility_attribute_date": "2018-06-06T00:00:00Z",
        "facility_source": "AMBULANCE SERVICE OF NSW",
        "facility_date": "2018-06-06T00:00:00Z",
        "facility_spatial_confidence": null,
        "facility_revised": "2018-09-14T00:00:00Z",
        "comment_": null,
        "facility_lat": "-33.98516799999993",
        "facility_long": "150.89062400000012",
        "validated": null,
        "gnaf_building_name": null,
        "gnaf_address_detail_pid": "GANSW712589858",
        "gnaf_formatted_address": "6 BROOKS STREET",
        "gnaf_confidence": "1",
        "gnaf_postcode": "2564",
        "gnaf_suburb": "MACQUARIE FIELDS",
        "distance_to_gnaf": 6,
        "gnaf_lat": "-33.985130089999984",
        "gnaf_long": "150.8905722500001"
      },
      "geometry": {
        "type": "Point",
        "coordinates": [
          150.8906294600096,
          -33.9851552872383
        ]
      }
    },
    {
      "type": "Feature",
      "properties": {
        "objectid": 425,
        "featuretype": "EMERGENCY FACILITY",
        "descripton": "An emergency management facility from which a particular agency\u2019s resources are commanded, coordinated and assigned to an incident or emergency",
        "class": "AMBULANCE STATION",
        "facility_name": "WOLLONGONG",
        "facility_operationalstatus": "OPERATIONAL",
        "facility_address": "455 CROWN STREET",
        "abs_suburb": "MANGERTON",
        "facility_state": "NEW SOUTH WALES",
        "abs_postcode": "2500",
        "facility_attribute_source": "AMBULANCE SERVICE OF NSW",
        "facility_attribute_date": "2018-06-06T00:00:00Z",
        "facility_source": "AMBULANCE SERVICE OF NSW",
        "facility_date": "2018-06-06T00:00:00Z",
        "facility_spatial_confidence": null,
        "facility_revised": "2018-09-14T00:00:00Z",
        "comment_": null,
        "facility_lat": "-34.42624099999995",
        "facility_long": "150.87688200000002",
        "validated": null,
        "gnaf_building_name": null,
        "gnaf_address_detail_pid": "GANSW716703156",
        "gnaf_formatted_address": "455 CROWN STREET",
        "gnaf_confidence": "0",
        "gnaf_postcode": "2500",
        "gnaf_suburb": "WOLLONGONG",
        "distance_to_gnaf": 10,
        "gnaf_lat": "-34.42632391999996",
        "gnaf_long": "150.87692973000003"
      },
      "geometry": {
        "type": "Point",
        "coordinates": [
          150.8768874031497,
          -34.42622828903519
        ]
      }
    },
    {
      "type": "Feature",
      "properties": {
        "objectid": 426,
        "featuretype": "EMERGENCY FACILITY",
        "descripton": "An emergency management facility from which a particular agency\u2019s resources are commanded, coordinated and assigned to an incident or emergency",
        "class": "AMBULANCE STATION",
        "facility_name": "MANILLA",
        "facility_operationalstatus": "OPERATIONAL",
        "facility_address": "107 ARTHUR STREET",
        "abs_suburb": "MANILLA",
        "facility_state": "NEW SOUTH WALES",
        "abs_postcode": "2346",
        "facility_attribute_source": "AMBULANCE SERVICE OF NSW",
        "facility_attribute_date": "2018-06-06T00:00:00Z",
        "facility_source": "AMBULANCE SERVICE OF NSW",
        "facility_date": "2018-06-06T00:00:00Z",
        "facility_spatial_confidence": null,
        "facility_revised": "2018-09-14T00:00:00Z",
        "comment_": null,
        "facility_lat": "-30.74672499999997",
        "facility_long": "150.72442",
        "validated": null,
        "gnaf_building_name": null,
        "gnaf_address_detail_pid": "GANSW705270100",
        "gnaf_formatted_address": "107 ARTHUR STREET",
        "gnaf_confidence": "2",
        "gnaf_postcode": "2346",
        "gnaf_suburb": "MANILLA",
        "distance_to_gnaf": 98,
        "gnaf_lat": "-30.74586039999997",
        "gnaf_long": "150.72421526000005"
      },
      "geometry": {
        "type": "Point",
        "coordinates": [
          150.72442589526028,
          -30.746712248667134
        ]
      }
    },
    {
      "type": "Feature",
      "properties": {
        "objectid": 427,
        "featuretype": "EMERGENCY FACILITY",
        "descripton": "An emergency management facility from which a particular agency\u2019s resources are commanded, coordinated and assigned to an incident or emergency",
        "class": "AMBULANCE STATION",
        "facility_name": "MAROUBRA",
        "facility_operationalstatus": "OPERATIONAL",
        "facility_address": "176 MONS AVENUE",
        "abs_suburb": "MAROUBRA",
        "facility_state": "NEW SOUTH WALES",
        "abs_postcode": "2035",
        "facility_attribute_source": "AMBULANCE SERVICE OF NSW",
        "facility_attribute_date": "2018-06-06T00:00:00Z",
        "facility_source": "AMBULANCE SERVICE OF NSW",
        "facility_date": "2018-06-06T00:00:00Z",
        "facility_spatial_confidence": null,
        "facility_revised": "2018-09-14T00:00:00Z",
        "comment_": null,
        "facility_lat": "-33.94706999999994",
        "facility_long": "151.2549570000001",
        "validated": null,
        "gnaf_building_name": null,
        "gnaf_address_detail_pid": "GANSW716676050",
        "gnaf_formatted_address": "176-178 MONS AVENUE",
        "gnaf_confidence": "0",
        "gnaf_postcode": "2035",
        "gnaf_suburb": "MAROUBRA",
        "distance_to_gnaf": 5,
        "gnaf_lat": "-33.94703141999997",
        "gnaf_long": "151.25494340000012"
      },
      "geometry": {
        "type": "Point",
        "coordinates": [
          151.254962412746,
          -33.94705732080171
        ]
      }
    },
    {
      "type": "Feature",
      "properties": {
        "objectid": 428,
        "featuretype": "EMERGENCY FACILITY",
        "descripton": "An emergency management facility from which a particular agency\u2019s resources are commanded, coordinated and assigned to an incident or emergency",
        "class": "AMBULANCE STATION",
        "facility_name": "MARRICKVILLE",
        "facility_operationalstatus": "OPERATIONAL",
        "facility_address": "35 FARR STREET",
        "abs_suburb": "MARRICKVILLE",
        "facility_state": "NEW SOUTH WALES",
        "abs_postcode": "2204",
        "facility_attribute_source": "AMBULANCE SERVICE OF NSW",
        "facility_attribute_date": "2018-06-06T00:00:00Z",
        "facility_source": "AMBULANCE SERVICE OF NSW",
        "facility_date": "2018-06-06T00:00:00Z",
        "facility_spatial_confidence": null,
        "facility_revised": "2018-09-14T00:00:00Z",
        "comment_": null,
        "facility_lat": "-33.907693999999935",
        "facility_long": "151.16204900000002",
        "validated": null,
        "gnaf_building_name": null,
        "gnaf_address_detail_pid": "GANSW705303750",
        "gnaf_formatted_address": "35 FARR STREET",
        "gnaf_confidence": "1",
        "gnaf_postcode": "2204",
        "gnaf_suburb": "MARRICKVILLE",
        "distance_to_gnaf": 2,
        "gnaf_lat": "-33.90770756999996",
        "gnaf_long": "151.16206720000002"
      },
      "geometry": {
        "type": "Point",
        "coordinates": [
          151.16205443135516,
          -33.90768131184973
        ]
      }
    },
    {
      "type": "Feature",
      "properties": {
        "objectid": 429,
        "featuretype": "EMERGENCY FACILITY",
        "descripton": "An emergency management facility from which a particular agency\u2019s resources are commanded, coordinated and assigned to an incident or emergency",
        "class": "AMBULANCE STATION",
        "facility_name": "MASCOT",
        "facility_operationalstatus": "OPERATIONAL",
        "facility_address": "776 BOTANY ROAD",
        "abs_suburb": "MASCOT",
        "facility_state": "NEW SOUTH WALES",
        "abs_postcode": "2020",
        "facility_attribute_source": "AMBULANCE SERVICE OF NSW",
        "facility_attribute_date": "2018-06-06T00:00:00Z",
        "facility_source": "AMBULANCE SERVICE OF NSW",
        "facility_date": "2018-06-06T00:00:00Z",
        "facility_spatial_confidence": null,
        "facility_revised": "2018-09-14T00:00:00Z",
        "comment_": null,
        "facility_lat": "-33.924687999999946",
        "facility_long": "151.19535200000007",
        "validated": null,
        "gnaf_building_name": null,
        "gnaf_address_detail_pid": "GANSW710363097",
        "gnaf_formatted_address": "776 BOTANY ROAD",
        "gnaf_confidence": "2",
        "gnaf_postcode": "2020",
        "gnaf_suburb": "MASCOT",
        "distance_to_gnaf": 1,
        "gnaf_lat": "-33.92469103999997",
        "gnaf_long": "151.19533938000006"
      },
      "geometry": {
        "type": "Point",
        "coordinates": [
          151.19535742430216,
          -33.92467531507481
        ]
      }
    },
    {
      "type": "Feature",
      "properties": {
        "objectid": 430,
        "featuretype": "EMERGENCY FACILITY",
        "descripton": "An emergency management facility from which a particular agency\u2019s resources are commanded, coordinated and assigned to an incident or emergency",
        "class": "AMBULANCE STATION",
        "facility_name": "MENAI",
        "facility_operationalstatus": "OPERATIONAL",
        "facility_address": "296 MENAI ROAD",
        "abs_suburb": "MENAI",
        "facility_state": "NEW SOUTH WALES",
        "abs_postcode": "2234",
        "facility_attribute_source": "AMBULANCE SERVICE OF NSW",
        "facility_attribute_date": "2018-06-06T00:00:00Z",
        "facility_source": "AMBULANCE SERVICE OF NSW",
        "facility_date": "2018-06-06T00:00:00Z",
        "facility_spatial_confidence": null,
        "facility_revised": "2018-09-14T00:00:00Z",
        "comment_": null,
        "facility_lat": "-34.015705999999966",
        "facility_long": "151.011928",
        "validated": null,
        "gnaf_building_name": null,
        "gnaf_address_detail_pid": "GANSW717876497",
        "gnaf_formatted_address": "296 MENAI ROAD",
        "gnaf_confidence": "1",
        "gnaf_postcode": "2234",
        "gnaf_suburb": "MENAI",
        "distance_to_gnaf": 8,
        "gnaf_lat": "-34.015761709999936",
        "gnaf_long": "151.01198190000002"
      },
      "geometry": {
        "type": "Point",
        "coordinates": [
          151.0119334384697,
          -34.01569329865655
        ]
      }
    },
    {
      "type": "Feature",
      "properties": {
        "objectid": 431,
        "featuretype": "EMERGENCY FACILITY",
        "descripton": "An emergency management facility from which a particular agency\u2019s resources are commanded, coordinated and assigned to an incident or emergency",
        "class": "AMBULANCE STATION",
        "facility_name": "MERIMBULA",
        "facility_operationalstatus": "OPERATIONAL",
        "facility_address": "1 WYEEBO STREET",
        "abs_suburb": "MERIMBULA",
        "facility_state": "NEW SOUTH WALES",
        "abs_postcode": "2548",
        "facility_attribute_source": "AMBULANCE SERVICE OF NSW",
        "facility_attribute_date": "2018-06-06T00:00:00Z",
        "facility_source": "AMBULANCE SERVICE OF NSW",
        "facility_date": "2018-06-06T00:00:00Z",
        "facility_spatial_confidence": null,
        "facility_revised": "2018-09-14T00:00:00Z",
        "comment_": null,
        "facility_lat": "-36.88881199999997",
        "facility_long": "149.9265190000001",
        "validated": null,
        "gnaf_building_name": "AMBULANCE STATION",
        "gnaf_address_detail_pid": "GANSW709645264",
        "gnaf_formatted_address": "1 WYEEBO STREET",
        "gnaf_confidence": "1",
        "gnaf_postcode": "2548",
        "gnaf_suburb": "MERIMBULA",
        "distance_to_gnaf": 2,
        "gnaf_lat": "-36.88880259999996",
        "gnaf_long": "149.92653295000002"
      },
      "geometry": {
        "type": "Point",
        "coordinates": [
          149.9265242161972,
          -36.888799219808114
        ]
      }
    },
    {
      "type": "Feature",
      "properties": {
        "objectid": 432,
        "featuretype": "EMERGENCY FACILITY",
        "descripton": "An emergency management facility from which a particular agency\u2019s resources are commanded, coordinated and assigned to an incident or emergency",
        "class": "AMBULANCE STATION",
        "facility_name": "MERRIWA",
        "facility_operationalstatus": "OPERATIONAL",
        "facility_address": "60 MACKENZIE STREET",
        "abs_suburb": "MERRIWA",
        "facility_state": "NEW SOUTH WALES",
        "abs_postcode": "2329",
        "facility_attribute_source": "AMBULANCE SERVICE OF NSW",
        "facility_attribute_date": "2018-06-06T00:00:00Z",
        "facility_source": "AMBULANCE SERVICE OF NSW",
        "facility_date": "2018-06-06T00:00:00Z",
        "facility_spatial_confidence": null,
        "facility_revised": "2018-09-14T00:00:00Z",
        "comment_": null,
        "facility_lat": "-32.14270099999993",
        "facility_long": "150.36225400000012",
        "validated": null,
        "gnaf_building_name": null,
        "gnaf_address_detail_pid": "GANSW712029564",
        "gnaf_formatted_address": "60 MACKENZIE STREET",
        "gnaf_confidence": "2",
        "gnaf_postcode": "2329",
        "gnaf_suburb": "MERRIWA",
        "distance_to_gnaf": 470,
        "gnaf_lat": "-32.14146743999993",
        "gnaf_long": "150.35748926000008"
      },
      "geometry": {
        "type": "Point",
        "coordinates": [
          150.36225977020584,
          -32.142688226044655
        ]
      }
    },
    {
      "type": "Feature",
      "properties": {
        "objectid": 433,
        "featuretype": "EMERGENCY FACILITY",
        "descripton": "An emergency management facility from which a particular agency\u2019s resources are commanded, coordinated and assigned to an incident or emergency",
        "class": "AMBULANCE STATION",
        "facility_name": "MOLONG",
        "facility_operationalstatus": "OPERATIONAL",
        "facility_address": "89 HILL STREET",
        "abs_suburb": "MOLONG",
        "facility_state": "NEW SOUTH WALES",
        "abs_postcode": "2866",
        "facility_attribute_source": "AMBULANCE SERVICE OF NSW",
        "facility_attribute_date": "2018-08-22T00:00:00Z",
        "facility_source": "AMBULANCE SERVICE OF NSW",
        "facility_date": "2018-08-22T00:00:00Z",
        "facility_spatial_confidence": null,
        "facility_revised": "2018-09-14T00:00:00Z",
        "comment_": null,
        "facility_lat": "-33.088436514999955",
        "facility_long": "148.86045294400003",
        "validated": null,
        "gnaf_building_name": null,
        "gnaf_address_detail_pid": "GANSW719813088",
        "gnaf_formatted_address": "89 HILL STREET",
        "gnaf_confidence": "1",
        "gnaf_postcode": "2866",
        "gnaf_suburb": "MOLONG",
        "distance_to_gnaf": 1,
        "gnaf_lat": "-33.08844334999998",
        "gnaf_long": "148.86046107000004"
      },
      "geometry": {
        "type": "Point",
        "coordinates": [
          148.86045880608455,
          -33.08842361714388
        ]
      }
    },
    {
      "type": "Feature",
      "properties": {
        "objectid": 434,
        "featuretype": "EMERGENCY FACILITY",
        "descripton": "An emergency management facility from which a particular agency\u2019s resources are commanded, coordinated and assigned to an incident or emergency",
        "class": "AMBULANCE STATION",
        "facility_name": "MONA VALE",
        "facility_operationalstatus": "OPERATIONAL",
        "facility_address": "18 CORONATION STREET",
        "abs_suburb": "MONA VALE",
        "facility_state": "NEW SOUTH WALES",
        "abs_postcode": "2103",
        "facility_attribute_source": "AMBULANCE SERVICE OF NSW",
        "facility_attribute_date": "2018-06-06T00:00:00Z",
        "facility_source": "AMBULANCE SERVICE OF NSW",
        "facility_date": "2018-06-06T00:00:00Z",
        "facility_spatial_confidence": null,
        "facility_revised": "2018-09-14T00:00:00Z",
        "comment_": null,
        "facility_lat": "-33.685900999999944",
        "facility_long": "151.3060660000001",
        "validated": null,
        "gnaf_building_name": "MONA VALE HOSPITAL",
        "gnaf_address_detail_pid": "GANSW715602394",
        "gnaf_formatted_address": "18 CORONATION STREET",
        "gnaf_confidence": "1",
        "gnaf_postcode": "2103",
        "gnaf_suburb": "MONA VALE",
        "distance_to_gnaf": 149,
        "gnaf_lat": "-33.684944359999974",
        "gnaf_long": "151.3071911300001"
      },
      "geometry": {
        "type": "Point",
        "coordinates": [
          151.3060714405704,
          -33.68588832375814
        ]
      }
    },
    {
      "type": "Feature",
      "properties": {
        "objectid": 435,
        "featuretype": "EMERGENCY FACILITY",
        "descripton": "An emergency management facility from which a particular agency\u2019s resources are commanded, coordinated and assigned to an incident or emergency",
        "class": "AMBULANCE STATION",
        "facility_name": "MOREE",
        "facility_operationalstatus": "OPERATIONAL",
        "facility_address": "70 ALICE STREET",
        "abs_suburb": "MOREE",
        "facility_state": "NEW SOUTH WALES",
        "abs_postcode": "2400",
        "facility_attribute_source": "AMBULANCE SERVICE OF NSW",
        "facility_attribute_date": "2018-06-06T00:00:00Z",
        "facility_source": "AMBULANCE SERVICE OF NSW",
        "facility_date": "2018-06-06T00:00:00Z",
        "facility_spatial_confidence": null,
        "facility_revised": "2018-09-14T00:00:00Z",
        "comment_": null,
        "facility_lat": "-29.471535999999958",
        "facility_long": "149.84134400000005",
        "validated": null,
        "gnaf_building_name": null,
        "gnaf_address_detail_pid": "GANSW709746715",
        "gnaf_formatted_address": "70 ALICE STREET",
        "gnaf_confidence": "1",
        "gnaf_postcode": "2400",
        "gnaf_suburb": "MOREE",
        "distance_to_gnaf": 9,
        "gnaf_lat": "-29.47158726999993",
        "gnaf_long": "149.84127051000007"
      },
      "geometry": {
        "type": "Point",
        "coordinates": [
          149.8413501553871,
          -29.471523159998462
        ]
      }
    },
    {
      "type": "Feature",
      "properties": {
        "objectid": 436,
        "featuretype": "EMERGENCY FACILITY",
        "descripton": "An emergency management facility from which a particular agency\u2019s resources are commanded, coordinated and assigned to an incident or emergency",
        "class": "AMBULANCE STATION",
        "facility_name": "MORISSET",
        "facility_operationalstatus": "OPERATIONAL",
        "facility_address": "127 DORA STREET",
        "abs_suburb": "MORISSET",
        "facility_state": "NEW SOUTH WALES",
        "abs_postcode": "2264",
        "facility_attribute_source": "AMBULANCE SERVICE OF NSW",
        "facility_attribute_date": "2018-06-06T00:00:00Z",
        "facility_source": "AMBULANCE SERVICE OF NSW",
        "facility_date": "2018-06-06T00:00:00Z",
        "facility_spatial_confidence": null,
        "facility_revised": "2018-09-14T00:00:00Z",
        "comment_": null,
        "facility_lat": "-33.11191899999994",
        "facility_long": "151.4805090000001",
        "validated": null,
        "gnaf_building_name": null,
        "gnaf_address_detail_pid": "GANSW705409462",
        "gnaf_formatted_address": "127 DORA STREET",
        "gnaf_confidence": "1",
        "gnaf_postcode": "2264",
        "gnaf_suburb": "MORISSET",
        "distance_to_gnaf": 112,
        "gnaf_lat": "-33.111405229999946",
        "gnaf_long": "151.48154520000003"
      },
      "geometry": {
        "type": "Point",
        "coordinates": [
          151.48051449289937,
          -33.11190633611413
        ]
      }
    },
    {
      "type": "Feature",
      "properties": {
        "objectid": 437,
        "featuretype": "EMERGENCY FACILITY",
        "descripton": "An emergency management facility from which a particular agency\u2019s resources are commanded, coordinated and assigned to an incident or emergency",
        "class": "AMBULANCE STATION",
        "facility_name": "MORTDALE PRP",
        "facility_operationalstatus": "OPERATIONAL",
        "facility_address": "3 DEPOT ROAD",
        "abs_suburb": "MORTDALE",
        "facility_state": "NEW SOUTH WALES",
        "abs_postcode": "2223",
        "facility_attribute_source": "AMBULANCE SERVICE OF NSW",
        "facility_attribute_date": "2018-06-06T00:00:00Z",
        "facility_source": "AMBULANCE SERVICE OF NSW",
        "facility_date": "2018-06-06T00:00:00Z",
        "facility_spatial_confidence": null,
        "facility_revised": "2018-09-14T00:00:00Z",
        "comment_": null,
        "facility_lat": "-33.96849999999995",
        "facility_long": "151.06330000000003",
        "validated": null,
        "gnaf_building_name": null,
        "gnaf_address_detail_pid": "GANSW719811495",
        "gnaf_formatted_address": "3 DEPOT ROAD",
        "gnaf_confidence": "1",
        "gnaf_postcode": "2223",
        "gnaf_suburb": "MORTDALE",
        "distance_to_gnaf": 3,
        "gnaf_lat": "-33.96849075999995",
        "gnaf_long": "151.0633304800001"
      },
      "geometry": {
        "type": "Point",
        "coordinates": [
          151.06330543738542,
          -33.96848730309002
        ]
      }
    },
    {
      "type": "Feature",
      "properties": {
        "objectid": 438,
        "featuretype": "EMERGENCY FACILITY",
        "descripton": "An emergency management facility from which a particular agency\u2019s resources are commanded, coordinated and assigned to an incident or emergency",
        "class": "AMBULANCE STATION",
        "facility_name": "MORUYA",
        "facility_operationalstatus": "OPERATIONAL",
        "facility_address": "6 MIRRABOOKA AVENUE",
        "abs_suburb": "MORUYA",
        "facility_state": "NEW SOUTH WALES",
        "abs_postcode": "2537",
        "facility_attribute_source": "AMBULANCE SERVICE OF NSW",
        "facility_attribute_date": "2018-06-06T00:00:00Z",
        "facility_source": "AMBULANCE SERVICE OF NSW",
        "facility_date": "2018-06-06T00:00:00Z",
        "facility_spatial_confidence": null,
        "facility_revised": "2018-09-14T00:00:00Z",
        "comment_": null,
        "facility_lat": "-35.911329999999964",
        "facility_long": "150.0798860000001",
        "validated": null,
        "gnaf_building_name": null,
        "gnaf_address_detail_pid": "GANSW705398752",
        "gnaf_formatted_address": "6 MIRRABOOKA AVENUE",
        "gnaf_confidence": "1",
        "gnaf_postcode": "2537",
        "gnaf_suburb": "MORUYA",
        "distance_to_gnaf": 8,
        "gnaf_lat": "-35.91139770999996",
        "gnaf_long": "150.07986992000008"
      },
      "geometry": {
        "type": "Point",
        "coordinates": [
          150.07989132440105,
          -35.91131722696792
        ]
      }
    },
    {
      "type": "Feature",
      "properties": {
        "objectid": 439,
        "featuretype": "EMERGENCY FACILITY",
        "descripton": "An emergency management facility from which a particular agency\u2019s resources are commanded, coordinated and assigned to an incident or emergency",
        "class": "AMBULANCE STATION",
        "facility_name": "MUDGEE",
        "facility_operationalstatus": "OPERATIONAL",
        "facility_address": "71 GLADSTONE STREET",
        "abs_suburb": "MUDGEE",
        "facility_state": "NEW SOUTH WALES",
        "abs_postcode": "2850",
        "facility_attribute_source": "AMBULANCE SERVICE OF NSW",
        "facility_attribute_date": "2018-06-06T00:00:00Z",
        "facility_source": "AMBULANCE SERVICE OF NSW",
        "facility_date": "2018-06-06T00:00:00Z",
        "facility_spatial_confidence": null,
        "facility_revised": "2018-09-14T00:00:00Z",
        "comment_": null,
        "facility_lat": "-32.59517599999998",
        "facility_long": "149.5861910000001",
        "validated": null,
        "gnaf_building_name": null,
        "gnaf_address_detail_pid": "GANSW713030911",
        "gnaf_formatted_address": "71 GLADSTONE STREET",
        "gnaf_confidence": "2",
        "gnaf_postcode": "2850",
        "gnaf_suburb": "MUDGEE",
        "distance_to_gnaf": 44,
        "gnaf_lat": "-32.595565499999964",
        "gnaf_long": "149.58625482000002"
      },
      "geometry": {
        "type": "Point",
        "coordinates": [
          149.5861968201235,
          -32.59516316065917
        ]
      }
    },
    {
      "type": "Feature",
      "properties": {
        "objectid": 440,
        "featuretype": "EMERGENCY FACILITY",
        "descripton": "An emergency management facility from which a particular agency\u2019s resources are commanded, coordinated and assigned to an incident or emergency",
        "class": "AMBULANCE STATION",
        "facility_name": "MULLUMBIMBY",
        "facility_operationalstatus": "OPERATIONAL",
        "facility_address": "40 GORDON STREET",
        "abs_suburb": "MULLUMBIMBY",
        "facility_state": "NEW SOUTH WALES",
        "abs_postcode": "2482",
        "facility_attribute_source": "AMBULANCE SERVICE OF NSW",
        "facility_attribute_date": "2018-06-06T00:00:00Z",
        "facility_source": "AMBULANCE SERVICE OF NSW",
        "facility_date": "2018-06-06T00:00:00Z",
        "facility_spatial_confidence": null,
        "facility_revised": "2018-09-14T00:00:00Z",
        "comment_": null,
        "facility_lat": "-28.552354999999977",
        "facility_long": "153.49885600000005",
        "validated": null,
        "gnaf_building_name": null,
        "gnaf_address_detail_pid": "GANSW712255669",
        "gnaf_formatted_address": "40 GORDON STREET",
        "gnaf_confidence": "2",
        "gnaf_postcode": "2482",
        "gnaf_suburb": "MULLUMBIMBY",
        "distance_to_gnaf": 7,
        "gnaf_lat": "-28.552364779999948",
        "gnaf_long": "153.49892870000008"
      },
      "geometry": {
        "type": "Point",
        "coordinates": [
          153.4988618429439,
          -28.552342500665635
        ]
      }
    },
    {
      "type": "Feature",
      "properties": {
        "objectid": 441,
        "featuretype": "EMERGENCY FACILITY",
        "descripton": "An emergency management facility from which a particular agency\u2019s resources are commanded, coordinated and assigned to an incident or emergency",
        "class": "AMBULANCE STATION",
        "facility_name": "INVERELL",
        "facility_operationalstatus": "OPERATIONAL",
        "facility_address": "172 OTHO LANE",
        "abs_suburb": "INVERELL",
        "facility_state": "NEW SOUTH WALES",
        "abs_postcode": "2360",
        "facility_attribute_source": "AMBULANCE SERVICE OF NSW",
        "facility_attribute_date": "2018-06-06T00:00:00Z",
        "facility_source": "AMBULANCE SERVICE OF NSW",
        "facility_date": "2018-06-06T00:00:00Z",
        "facility_spatial_confidence": null,
        "facility_revised": "2018-09-14T00:00:00Z",
        "comment_": null,
        "facility_lat": "-29.777777999999955",
        "facility_long": "151.11507400000005",
        "validated": null,
        "gnaf_building_name": null,
        "gnaf_address_detail_pid": "GANSW717360330",
        "gnaf_formatted_address": "172 OTHO STREET",
        "gnaf_confidence": "2",
        "gnaf_postcode": "2360",
        "gnaf_suburb": "INVERELL",
        "distance_to_gnaf": 14,
        "gnaf_lat": "-29.77771832999997",
        "gnaf_long": "151.11519578000002"
      },
      "geometry": {
        "type": "Point",
        "coordinates": [
          151.11507996546874,
          -29.777765277409145
        ]
      }
    },
    {
      "type": "Feature",
      "properties": {
        "objectid": 442,
        "featuretype": "EMERGENCY FACILITY",
        "descripton": "An emergency management facility from which a particular agency\u2019s resources are commanded, coordinated and assigned to an incident or emergency",
        "class": "AMBULANCE STATION",
        "facility_name": "JERILDERIE",
        "facility_operationalstatus": "OPERATIONAL",
        "facility_address": "31 SOUTHEY STREET",
        "abs_suburb": "JERILDERIE",
        "facility_state": "NEW SOUTH WALES",
        "abs_postcode": "2716",
        "facility_attribute_source": "AMBULANCE SERVICE OF NSW",
        "facility_attribute_date": "2018-06-06T00:00:00Z",
        "facility_source": "AMBULANCE SERVICE OF NSW",
        "facility_date": "2018-06-06T00:00:00Z",
        "facility_spatial_confidence": null,
        "facility_revised": "2018-09-14T00:00:00Z",
        "comment_": null,
        "facility_lat": "-35.357351999999935",
        "facility_long": "145.72053700000004",
        "validated": null,
        "gnaf_building_name": "AMBULANCE STATION",
        "gnaf_address_detail_pid": "GANSW717613315",
        "gnaf_formatted_address": "31 SOUTHEY STREET",
        "gnaf_confidence": "2",
        "gnaf_postcode": "2716",
        "gnaf_suburb": "JERILDERIE",
        "distance_to_gnaf": 16,
        "gnaf_lat": "-35.357260819999965",
        "gnaf_long": "145.7204013700001"
      },
      "geometry": {
        "type": "Point",
        "coordinates": [
          145.72054307520034,
          -35.35733887369041
        ]
      }
    },
    {
      "type": "Feature",
      "properties": {
        "objectid": 443,
        "featuretype": "EMERGENCY FACILITY",
        "descripton": "An emergency management facility from which a particular agency\u2019s resources are commanded, coordinated and assigned to an incident or emergency",
        "class": "AMBULANCE STATION",
        "facility_name": "JINDABYNE",
        "facility_operationalstatus": "OPERATIONAL",
        "facility_address": "8 THREDBO TERRACE",
        "abs_suburb": "JINDABYNE",
        "facility_state": "NEW SOUTH WALES",
        "abs_postcode": "2627",
        "facility_attribute_source": "AMBULANCE SERVICE OF NSW",
        "facility_attribute_date": "2018-06-06T00:00:00Z",
        "facility_source": "AMBULANCE SERVICE OF NSW",
        "facility_date": "2018-06-06T00:00:00Z",
        "facility_spatial_confidence": null,
        "facility_revised": "2018-09-14T00:00:00Z",
        "comment_": null,
        "facility_lat": "-36.41637399999996",
        "facility_long": "148.62289900000007",
        "validated": null,
        "gnaf_building_name": null,
        "gnaf_address_detail_pid": "GANSW712647730",
        "gnaf_formatted_address": "8 THREDBO TERRACE",
        "gnaf_confidence": "2",
        "gnaf_postcode": "2627",
        "gnaf_suburb": "JINDABYNE",
        "distance_to_gnaf": 12,
        "gnaf_lat": "-36.41640443999995",
        "gnaf_long": "148.6227753600001"
      },
      "geometry": {
        "type": "Point",
        "coordinates": [
          148.6229044893856,
          -36.41636110491259
        ]
      }
    },
    {
      "type": "Feature",
      "properties": {
        "objectid": 444,
        "featuretype": "EMERGENCY FACILITY",
        "descripton": "An emergency management facility from which a particular agency\u2019s resources are commanded, coordinated and assigned to an incident or emergency",
        "class": "AMBULANCE STATION",
        "facility_name": "JUNEE",
        "facility_operationalstatus": "OPERATIONAL",
        "facility_address": "67 BROADWAY STREET",
        "abs_suburb": "JUNEE",
        "facility_state": "NEW SOUTH WALES",
        "abs_postcode": "2663",
        "facility_attribute_source": "AMBULANCE SERVICE OF NSW",
        "facility_attribute_date": "2018-06-06T00:00:00Z",
        "facility_source": "AMBULANCE SERVICE OF NSW",
        "facility_date": "2018-06-06T00:00:00Z",
        "facility_spatial_confidence": null,
        "facility_revised": "2018-09-14T00:00:00Z",
        "comment_": null,
        "facility_lat": "-34.864832999999976",
        "facility_long": "147.57921900000008",
        "validated": null,
        "gnaf_building_name": "JUNEE MPS",
        "gnaf_address_detail_pid": "GANSW720611360",
        "gnaf_formatted_address": "67 BROADWAY STREET",
        "gnaf_confidence": "2",
        "gnaf_postcode": "2663",
        "gnaf_suburb": "JUNEE",
        "distance_to_gnaf": 25,
        "gnaf_lat": "-34.865057569999976",
        "gnaf_long": "147.57919130000005"
      },
      "geometry": {
        "type": "Point",
        "coordinates": [
          147.57922484176427,
          -34.864820010038464
        ]
      }
    },
    {
      "type": "Feature",
      "properties": {
        "objectid": 445,
        "featuretype": "EMERGENCY FACILITY",
        "descripton": "An emergency management facility from which a particular agency\u2019s resources are commanded, coordinated and assigned to an incident or emergency",
        "class": "AMBULANCE STATION",
        "facility_name": "KANGAROO VALLEY",
        "facility_operationalstatus": "OPERATIONAL",
        "facility_address": "1 BROUGHTON STREET",
        "abs_suburb": "KANGAROO VALLEY",
        "facility_state": "NEW SOUTH WALES",
        "abs_postcode": "2577",
        "facility_attribute_source": "AMBULANCE SERVICE OF NSW",
        "facility_attribute_date": "2018-06-06T00:00:00Z",
        "facility_source": "AMBULANCE SERVICE OF NSW",
        "facility_date": "2018-06-06T00:00:00Z",
        "facility_spatial_confidence": null,
        "facility_revised": "2018-09-14T00:00:00Z",
        "comment_": null,
        "facility_lat": "-34.73469099999994",
        "facility_long": "150.52920700000004",
        "validated": null,
        "gnaf_building_name": null,
        "gnaf_address_detail_pid": "GANSW718065565",
        "gnaf_formatted_address": "1 BROUGHTON STREET",
        "gnaf_confidence": "1",
        "gnaf_postcode": "2577",
        "gnaf_suburb": "KANGAROO VALLEY",
        "distance_to_gnaf": 3,
        "gnaf_lat": "-34.734707079999964",
        "gnaf_long": "150.52917761000003"
      },
      "geometry": {
        "type": "Point",
        "coordinates": [
          150.52921241327547,
          -34.734678259379585
        ]
      }
    },
    {
      "type": "Feature",
      "properties": {
        "objectid": 446,
        "featuretype": "EMERGENCY FACILITY",
        "descripton": "An emergency management facility from which a particular agency\u2019s resources are commanded, coordinated and assigned to an incident or emergency",
        "class": "AMBULANCE STATION",
        "facility_name": "KATOOMBA",
        "facility_operationalstatus": "OPERATIONAL",
        "facility_address": "19 FITZGERALD STREET",
        "abs_suburb": "KATOOMBA",
        "facility_state": "NEW SOUTH WALES",
        "abs_postcode": "2780",
        "facility_attribute_source": "AMBULANCE SERVICE OF NSW",
        "facility_attribute_date": "2018-06-06T00:00:00Z",
        "facility_source": "AMBULANCE SERVICE OF NSW",
        "facility_date": "2018-06-06T00:00:00Z",
        "facility_spatial_confidence": null,
        "facility_revised": "2018-09-14T00:00:00Z",
        "comment_": null,
        "facility_lat": "-33.70568799999995",
        "facility_long": "150.31666600000005",
        "validated": null,
        "gnaf_building_name": null,
        "gnaf_address_detail_pid": "GANSW705046735",
        "gnaf_formatted_address": "19 FITZGERALD STREET",
        "gnaf_confidence": "2",
        "gnaf_postcode": "2780",
        "gnaf_suburb": "KATOOMBA",
        "distance_to_gnaf": 109,
        "gnaf_lat": "-33.70484217999996",
        "gnaf_long": "150.31606695000005"
      },
      "geometry": {
        "type": "Point",
        "coordinates": [
          150.31667157892437,
          -33.70567523306132
        ]
      }
    },
    {
      "type": "Feature",
      "properties": {
        "objectid": 447,
        "featuretype": "EMERGENCY FACILITY",
        "descripton": "An emergency management facility from which a particular agency\u2019s resources are commanded, coordinated and assigned to an incident or emergency",
        "class": "AMBULANCE STATION",
        "facility_name": "KIAMA",
        "facility_operationalstatus": "OPERATIONAL",
        "facility_address": "61 TERRALONG STREET",
        "abs_suburb": "KIAMA",
        "facility_state": "NEW SOUTH WALES",
        "abs_postcode": "2533",
        "facility_attribute_source": "AMBULANCE SERVICE OF NSW",
        "facility_attribute_date": "2018-06-06T00:00:00Z",
        "facility_source": "AMBULANCE SERVICE OF NSW",
        "facility_date": "2018-06-06T00:00:00Z",
        "facility_spatial_confidence": null,
        "facility_revised": "2018-09-14T00:00:00Z",
        "comment_": null,
        "facility_lat": "-34.67005799999998",
        "facility_long": "150.85451100000012",
        "validated": null,
        "gnaf_building_name": null,
        "gnaf_address_detail_pid": "GANSW718466099",
        "gnaf_formatted_address": "61 TERRALONG STREET",
        "gnaf_confidence": "0",
        "gnaf_postcode": "2533",
        "gnaf_suburb": "KIAMA",
        "distance_to_gnaf": 22,
        "gnaf_lat": "-34.66990377999997",
        "gnaf_long": "150.85465494000005"
      },
      "geometry": {
        "type": "Point",
        "coordinates": [
          150.85451637366307,
          -34.67004528865659
        ]
      }
    },
    {
      "type": "Feature",
      "properties": {
        "objectid": 448,
        "featuretype": "EMERGENCY FACILITY",
        "descripton": "An emergency management facility from which a particular agency\u2019s resources are commanded, coordinated and assigned to an incident or emergency",
        "class": "AMBULANCE STATION",
        "facility_name": "KINGSCLIFF",
        "facility_operationalstatus": "OPERATIONAL",
        "facility_address": "48 MARINE PDE",
        "abs_suburb": "KINGSCLIFF",
        "facility_state": "NEW SOUTH WALES",
        "abs_postcode": "2487",
        "facility_attribute_source": "AMBULANCE SERVICE OF NSW",
        "facility_attribute_date": "2018-06-06T00:00:00Z",
        "facility_source": "AMBULANCE SERVICE OF NSW",
        "facility_date": "2018-06-06T00:00:00Z",
        "facility_spatial_confidence": null,
        "facility_revised": "2018-09-14T00:00:00Z",
        "comment_": null,
        "facility_lat": "-28.256762999999978",
        "facility_long": "153.57887800000003",
        "validated": null,
        "gnaf_building_name": null,
        "gnaf_address_detail_pid": "GANSW716635897",
        "gnaf_formatted_address": "48 MARINE PARADE",
        "gnaf_confidence": "2",
        "gnaf_postcode": "2487",
        "gnaf_suburb": "KINGSCLIFF",
        "distance_to_gnaf": 14,
        "gnaf_lat": "-28.256885419999946",
        "gnaf_long": "153.57886137000003"
      },
      "geometry": {
        "type": "Point",
        "coordinates": [
          153.57888387274778,
          -28.256750506559097
        ]
      }
    },
    {
      "type": "Feature",
      "properties": {
        "objectid": 449,
        "featuretype": "EMERGENCY FACILITY",
        "descripton": "An emergency management facility from which a particular agency\u2019s resources are commanded, coordinated and assigned to an incident or emergency",
        "class": "AMBULANCE STATION",
        "facility_name": "MUNGINDI",
        "facility_operationalstatus": "OPERATIONAL",
        "facility_address": "50 ST GEORGE STREET",
        "abs_suburb": "MUNGINDI",
        "facility_state": "NEW SOUTH WALES",
        "abs_postcode": "2406",
        "facility_attribute_source": "AMBULANCE SERVICE OF NSW",
        "facility_attribute_date": "2018-06-06T00:00:00Z",
        "facility_source": "AMBULANCE SERVICE OF NSW",
        "facility_date": "2018-06-06T00:00:00Z",
        "facility_spatial_confidence": null,
        "facility_revised": "2018-09-14T00:00:00Z",
        "comment_": null,
        "facility_lat": "-28.97788799999995",
        "facility_long": "148.99638600000003",
        "validated": null,
        "gnaf_building_name": null,
        "gnaf_address_detail_pid": "GANSW705457309",
        "gnaf_formatted_address": "50 ST GEORGE STREET",
        "gnaf_confidence": "0",
        "gnaf_postcode": "2406",
        "gnaf_suburb": "MUNGINDI",
        "distance_to_gnaf": 51,
        "gnaf_lat": "-28.977909909999937",
        "gnaf_long": "148.9958627100001"
      },
      "geometry": {
        "type": "Point",
        "coordinates": [
          148.99639231162087,
          -28.97787508350565
        ]
      }
    },
    {
      "type": "Feature",
      "properties": {
        "objectid": 450,
        "featuretype": "EMERGENCY FACILITY",
        "descripton": "An emergency management facility from which a particular agency\u2019s resources are commanded, coordinated and assigned to an incident or emergency",
        "class": "AMBULANCE STATION",
        "facility_name": "MURRURUNDI",
        "facility_operationalstatus": "OPERATIONAL",
        "facility_address": "59 O'CONNELL STREET",
        "abs_suburb": "MURRURUNDI",
        "facility_state": "NEW SOUTH WALES",
        "abs_postcode": "2338",
        "facility_attribute_source": "AMBULANCE SERVICE OF NSW",
        "facility_attribute_date": "2018-06-06T00:00:00Z",
        "facility_source": "AMBULANCE SERVICE OF NSW",
        "facility_date": "2018-06-06T00:00:00Z",
        "facility_spatial_confidence": null,
        "facility_revised": "2018-09-14T00:00:00Z",
        "comment_": null,
        "facility_lat": "-31.76983699999994",
        "facility_long": "150.83508700000004",
        "validated": null,
        "gnaf_building_name": "WILSON MEMORIAL HOSPITAL",
        "gnaf_address_detail_pid": "GANSW712082918",
        "gnaf_formatted_address": "59 O'CONNELL STREET",
        "gnaf_confidence": "2",
        "gnaf_postcode": "2338",
        "gnaf_suburb": "MURRURUNDI",
        "distance_to_gnaf": 65,
        "gnaf_lat": "-31.770319169999937",
        "gnaf_long": "150.8346992600001"
      },
      "geometry": {
        "type": "Point",
        "coordinates": [
          150.83509275395716,
          -31.769824266328026
        ]
      }
    },
    {
      "type": "Feature",
      "properties": {
        "objectid": 451,
        "featuretype": "EMERGENCY FACILITY",
        "descripton": "An emergency management facility from which a particular agency\u2019s resources are commanded, coordinated and assigned to an incident or emergency",
        "class": "AMBULANCE STATION",
        "facility_name": "MURWILLUMBAH",
        "facility_operationalstatus": "OPERATIONAL",
        "facility_address": "28 QUEEN STREET",
        "abs_suburb": "MURWILLUMBAH",
        "facility_state": "NEW SOUTH WALES",
        "abs_postcode": "2484",
        "facility_attribute_source": "AMBULANCE SERVICE OF NSW",
        "facility_attribute_date": "2018-06-06T00:00:00Z",
        "facility_source": "AMBULANCE SERVICE OF NSW",
        "facility_date": "2018-06-06T00:00:00Z",
        "facility_spatial_confidence": null,
        "facility_revised": "2018-09-14T00:00:00Z",
        "comment_": null,
        "facility_lat": "-28.325665999999956",
        "facility_long": "153.400032",
        "validated": null,
        "gnaf_building_name": null,
        "gnaf_address_detail_pid": "GANSW705444485",
        "gnaf_formatted_address": "28 QUEEN STREET",
        "gnaf_confidence": "2",
        "gnaf_postcode": "2484",
        "gnaf_suburb": "MURWILLUMBAH",
        "distance_to_gnaf": 120,
        "gnaf_lat": "-28.32480611999995",
        "gnaf_long": "153.40076825000006"
      },
      "geometry": {
        "type": "Point",
        "coordinates": [
          153.40003788359726,
          -28.32565348881509
        ]
      }
    },
    {
      "type": "Feature",
      "properties": {
        "objectid": 452,
        "featuretype": "EMERGENCY FACILITY",
        "descripton": "An emergency management facility from which a particular agency\u2019s resources are commanded, coordinated and assigned to an incident or emergency",
        "class": "AMBULANCE STATION",
        "facility_name": "MUSWELLBROOK",
        "facility_operationalstatus": "OPERATIONAL",
        "facility_address": "3 MARKET STREET",
        "abs_suburb": "MUSWELLBROOK",
        "facility_state": "NEW SOUTH WALES",
        "abs_postcode": "2333",
        "facility_attribute_source": "AMBULANCE SERVICE OF NSW",
        "facility_attribute_date": "2018-06-06T00:00:00Z",
        "facility_source": "AMBULANCE SERVICE OF NSW",
        "facility_date": "2018-06-06T00:00:00Z",
        "facility_spatial_confidence": null,
        "facility_revised": "2018-09-14T00:00:00Z",
        "comment_": null,
        "facility_lat": "-32.265968999999984",
        "facility_long": "150.88947700000006",
        "validated": null,
        "gnaf_building_name": null,
        "gnaf_address_detail_pid": "GANSW712039552",
        "gnaf_formatted_address": "3 MARKET STREET",
        "gnaf_confidence": "1",
        "gnaf_postcode": "2333",
        "gnaf_suburb": "MUSWELLBROOK",
        "distance_to_gnaf": 26,
        "gnaf_lat": "-32.26587665999995",
        "gnaf_long": "150.88973291000002"
      },
      "geometry": {
        "type": "Point",
        "coordinates": [
          150.88948268386216,
          -32.26595627492831
        ]
      }
    },
    {
      "type": "Feature",
      "properties": {
        "objectid": 453,
        "featuretype": "EMERGENCY FACILITY",
        "descripton": "An emergency management facility from which a particular agency\u2019s resources are commanded, coordinated and assigned to an incident or emergency",
        "class": "AMBULANCE STATION",
        "facility_name": "NAMBUCCA HEADS",
        "facility_operationalstatus": "OPERATIONAL",
        "facility_address": "2 OLD COAST ROAD",
        "abs_suburb": "NAMBUCCA HEADS",
        "facility_state": "NEW SOUTH WALES",
        "abs_postcode": "2448",
        "facility_attribute_source": "AMBULANCE SERVICE OF NSW",
        "facility_attribute_date": "2018-06-06T00:00:00Z",
        "facility_source": "AMBULANCE SERVICE OF NSW",
        "facility_date": "2018-06-06T00:00:00Z",
        "facility_spatial_confidence": null,
        "facility_revised": "2018-09-14T00:00:00Z",
        "comment_": null,
        "facility_lat": "-30.636458999999945",
        "facility_long": "152.98314400000004",
        "validated": null,
        "gnaf_building_name": "NEWVILLE COTTAGE PARK",
        "gnaf_address_detail_pid": "GANSW709794973",
        "gnaf_formatted_address": "2 OLD COAST ROAD",
        "gnaf_confidence": "1",
        "gnaf_postcode": "2448",
        "gnaf_suburb": "NAMBUCCA HEADS",
        "distance_to_gnaf": 11,
        "gnaf_lat": "-30.636475879999978",
        "gnaf_long": "152.9830285700001"
      },
      "geometry": {
        "type": "Point",
        "coordinates": [
          152.98314962730896,
          -30.636446464341095
        ]
      }
    },
    {
      "type": "Feature",
      "properties": {
        "objectid": 454,
        "featuretype": "EMERGENCY FACILITY",
        "descripton": "An emergency management facility from which a particular agency\u2019s resources are commanded, coordinated and assigned to an incident or emergency",
        "class": "AMBULANCE STATION",
        "facility_name": "NAREMBURN",
        "facility_operationalstatus": "OPERATIONAL",
        "facility_address": "16 SLADE STREET",
        "abs_suburb": "NAREMBURN",
        "facility_state": "NEW SOUTH WALES",
        "abs_postcode": "2065",
        "facility_attribute_source": "AMBULANCE SERVICE OF NSW",
        "facility_attribute_date": "2018-06-06T00:00:00Z",
        "facility_source": "AMBULANCE SERVICE OF NSW",
        "facility_date": "2018-06-06T00:00:00Z",
        "facility_spatial_confidence": null,
        "facility_revised": "2018-09-14T00:00:00Z",
        "comment_": null,
        "facility_lat": "-33.81725799999998",
        "facility_long": "151.20399600000007",
        "validated": null,
        "gnaf_building_name": "AMBULANCE STATION",
        "gnaf_address_detail_pid": "GANSW718423898",
        "gnaf_formatted_address": "16 SLADE STREET",
        "gnaf_confidence": "0",
        "gnaf_postcode": "2065",
        "gnaf_suburb": "NAREMBURN",
        "distance_to_gnaf": 9,
        "gnaf_lat": "-33.81733453999993",
        "gnaf_long": "151.20398210000008"
      },
      "geometry": {
        "type": "Point",
        "coordinates": [
          151.20400143747918,
          -33.81724531512969
        ]
      }
    },
    {
      "type": "Feature",
      "properties": {
        "objectid": 455,
        "featuretype": "EMERGENCY FACILITY",
        "descripton": "An emergency management facility from which a particular agency\u2019s resources are commanded, coordinated and assigned to an incident or emergency",
        "class": "AMBULANCE STATION",
        "facility_name": "NAROOMA",
        "facility_operationalstatus": "OPERATIONAL",
        "facility_address": "84 PRINCES HIGHWAY",
        "abs_suburb": "NAROOMA",
        "facility_state": "NEW SOUTH WALES",
        "abs_postcode": "2546",
        "facility_attribute_source": "AMBULANCE SERVICE OF NSW",
        "facility_attribute_date": "2018-06-06T00:00:00Z",
        "facility_source": "AMBULANCE SERVICE OF NSW",
        "facility_date": "2018-06-06T00:00:00Z",
        "facility_spatial_confidence": null,
        "facility_revised": "2018-09-14T00:00:00Z",
        "comment_": null,
        "facility_lat": "-36.21730199999996",
        "facility_long": "150.12839000000008",
        "validated": null,
        "gnaf_building_name": "AMBULANCE STATION",
        "gnaf_address_detail_pid": "GANSW705481614",
        "gnaf_formatted_address": "84 PRINCES HIGHWAY",
        "gnaf_confidence": "1",
        "gnaf_postcode": "2546",
        "gnaf_suburb": "NAROOMA",
        "distance_to_gnaf": 16,
        "gnaf_lat": "-36.21739379999997",
        "gnaf_long": "150.12825506000001"
      },
      "geometry": {
        "type": "Point",
        "coordinates": [
          150.12839527543971,
          -36.21728923332043
        ]
      }
    },
    {
      "type": "Feature",
      "properties": {
        "objectid": 456,
        "featuretype": "EMERGENCY FACILITY",
        "descripton": "An emergency management facility from which a particular agency\u2019s resources are commanded, coordinated and assigned to an incident or emergency",
        "class": "AMBULANCE STATION",
        "facility_name": "NARRABEEN",
        "facility_operationalstatus": "OPERATIONAL",
        "facility_address": "1391 PITTWATER ROAD",
        "abs_suburb": "NARRABEEN",
        "facility_state": "NEW SOUTH WALES",
        "abs_postcode": "2101",
        "facility_attribute_source": "AMBULANCE SERVICE OF NSW",
        "facility_attribute_date": "2018-06-06T00:00:00Z",
        "facility_source": "AMBULANCE SERVICE OF NSW",
        "facility_date": "2018-06-06T00:00:00Z",
        "facility_spatial_confidence": null,
        "facility_revised": "2018-09-14T00:00:00Z",
        "comment_": null,
        "facility_lat": "-33.715071999999964",
        "facility_long": "151.2969750000001",
        "validated": null,
        "gnaf_building_name": null,
        "gnaf_address_detail_pid": "GANSW705470520",
        "gnaf_formatted_address": "1391 PITTWATER ROAD",
        "gnaf_confidence": "2",
        "gnaf_postcode": "2101",
        "gnaf_suburb": "NARRABEEN",
        "distance_to_gnaf": 3,
        "gnaf_lat": "-33.715080959999966",
        "gnaf_long": "151.29693979"
      },
      "geometry": {
        "type": "Point",
        "coordinates": [
          151.2969804379462,
          -33.71505932311089
        ]
      }
    },
    {
      "type": "Feature",
      "properties": {
        "objectid": 457,
        "featuretype": "EMERGENCY FACILITY",
        "descripton": "An emergency management facility from which a particular agency\u2019s resources are commanded, coordinated and assigned to an incident or emergency",
        "class": "AMBULANCE STATION",
        "facility_name": "NARRABRI",
        "facility_operationalstatus": "OPERATIONAL",
        "facility_address": "66 GIBBONS STREET",
        "abs_suburb": "NARRABRI",
        "facility_state": "NEW SOUTH WALES",
        "abs_postcode": "2390",
        "facility_attribute_source": "AMBULANCE SERVICE OF NSW",
        "facility_attribute_date": "2018-06-06T00:00:00Z",
        "facility_source": "AMBULANCE SERVICE OF NSW",
        "facility_date": "2018-06-06T00:00:00Z",
        "facility_spatial_confidence": null,
        "facility_revised": "2018-09-14T00:00:00Z",
        "comment_": null,
        "facility_lat": "-30.32658299999997",
        "facility_long": "149.77643000000012",
        "validated": null,
        "gnaf_building_name": null,
        "gnaf_address_detail_pid": "GANSW718240071",
        "gnaf_formatted_address": "66 GIBBONS STREET",
        "gnaf_confidence": "1",
        "gnaf_postcode": "2390",
        "gnaf_suburb": "NARRABRI",
        "distance_to_gnaf": 100,
        "gnaf_lat": "-30.325746159999937",
        "gnaf_long": "149.7768136300001"
      },
      "geometry": {
        "type": "Point",
        "coordinates": [
          149.77643606457522,
          -30.32657016071614
        ]
      }
    },
    {
      "type": "Feature",
      "properties": {
        "objectid": 458,
        "featuretype": "EMERGENCY FACILITY",
        "descripton": "An emergency management facility from which a particular agency\u2019s resources are commanded, coordinated and assigned to an incident or emergency",
        "class": "AMBULANCE STATION",
        "facility_name": "NARRANDERA",
        "facility_operationalstatus": "OPERATIONAL",
        "facility_address": "16 EAST STREET",
        "abs_suburb": "NARRANDERA",
        "facility_state": "NEW SOUTH WALES",
        "abs_postcode": "2700",
        "facility_attribute_source": "AMBULANCE SERVICE OF NSW",
        "facility_attribute_date": "2018-06-06T00:00:00Z",
        "facility_source": "AMBULANCE SERVICE OF NSW",
        "facility_date": "2018-06-06T00:00:00Z",
        "facility_spatial_confidence": null,
        "facility_revised": "2018-09-14T00:00:00Z",
        "comment_": null,
        "facility_lat": "-34.74225999999993",
        "facility_long": "146.553715",
        "validated": null,
        "gnaf_building_name": "AMBULANCE STATION",
        "gnaf_address_detail_pid": "GANSW712749621",
        "gnaf_formatted_address": "18 EAST STREET",
        "gnaf_confidence": "0",
        "gnaf_postcode": "2700",
        "gnaf_suburb": "NARRANDERA",
        "distance_to_gnaf": 15,
        "gnaf_lat": "-34.742360539999936",
        "gnaf_long": "146.5536127900001"
      },
      "geometry": {
        "type": "Point",
        "coordinates": [
          146.55372101232115,
          -34.74224693044578
        ]
      }
    },
    {
      "type": "Feature",
      "properties": {
        "objectid": 459,
        "featuretype": "EMERGENCY FACILITY",
        "descripton": "An emergency management facility from which a particular agency\u2019s resources are commanded, coordinated and assigned to an incident or emergency",
        "class": "AMBULANCE STATION",
        "facility_name": "NARROMINE",
        "facility_operationalstatus": "OPERATIONAL",
        "facility_address": "13 DANDALOO STREET",
        "abs_suburb": "NARROMINE",
        "facility_state": "NEW SOUTH WALES",
        "abs_postcode": "2821",
        "facility_attribute_source": "AMBULANCE SERVICE OF NSW",
        "facility_attribute_date": "2018-06-06T00:00:00Z",
        "facility_source": "AMBULANCE SERVICE OF NSW",
        "facility_date": "2018-06-06T00:00:00Z",
        "facility_spatial_confidence": null,
        "facility_revised": "2018-09-14T00:00:00Z",
        "comment_": null,
        "facility_lat": "-32.228749999999934",
        "facility_long": "148.2405440000001",
        "validated": null,
        "gnaf_building_name": null,
        "gnaf_address_detail_pid": "GANSW713060018",
        "gnaf_formatted_address": "13 DANDALOO STREET",
        "gnaf_confidence": "2",
        "gnaf_postcode": "2821",
        "gnaf_suburb": "NARROMINE",
        "distance_to_gnaf": 19,
        "gnaf_lat": "-32.22892294999997",
        "gnaf_long": "148.24053331000005"
      },
      "geometry": {
        "type": "Point",
        "coordinates": [
          148.24055004762172,
          -32.22873704476018
        ]
      }
    },
    {
      "type": "Feature",
      "properties": {
        "objectid": 460,
        "featuretype": "EMERGENCY FACILITY",
        "descripton": "An emergency management facility from which a particular agency\u2019s resources are commanded, coordinated and assigned to an incident or emergency",
        "class": "AMBULANCE STATION",
        "facility_name": "MACKSVILLE",
        "facility_operationalstatus": "OPERATIONAL",
        "facility_address": "4 GRANDVIEW DRIVE",
        "abs_suburb": "NORTH MACKSVILLE",
        "facility_state": "NEW SOUTH WALES",
        "abs_postcode": "2447",
        "facility_attribute_source": "AMBULANCE SERVICE OF NSW",
        "facility_attribute_date": "2018-06-06T00:00:00Z",
        "facility_source": "AMBULANCE SERVICE OF NSW",
        "facility_date": "2018-06-06T00:00:00Z",
        "facility_spatial_confidence": null,
        "facility_revised": "2018-09-14T00:00:00Z",
        "comment_": null,
        "facility_lat": "-30.70335199999994",
        "facility_long": "152.92869100000007",
        "validated": null,
        "gnaf_building_name": null,
        "gnaf_address_detail_pid": "GANSW715879850",
        "gnaf_formatted_address": "4 GRANDVIEW DRIVE",
        "gnaf_confidence": "2",
        "gnaf_postcode": "2447",
        "gnaf_suburb": "NORTH MACKSVILLE",
        "distance_to_gnaf": 5,
        "gnaf_lat": "-30.70338647999995",
        "gnaf_long": "152.92866444000003"
      },
      "geometry": {
        "type": "Point",
        "coordinates": [
          152.92869662507186,
          -30.70333945938643
        ]
      }
    },
    {
      "type": "Feature",
      "properties": {
        "objectid": 461,
        "featuretype": "EMERGENCY FACILITY",
        "descripton": "An emergency management facility from which a particular agency\u2019s resources are commanded, coordinated and assigned to an incident or emergency",
        "class": "AMBULANCE STATION",
        "facility_name": "NORTHMEAD SUPERSTATION",
        "facility_operationalstatus": "OPERATIONAL",
        "facility_address": "195 BRIENS ROAD",
        "abs_suburb": "NORTHMEAD",
        "facility_state": "NEW SOUTH WALES",
        "abs_postcode": "2152",
        "facility_attribute_source": "AMBULANCE SERVICE OF NSW",
        "facility_attribute_date": "2018-06-06T00:00:00Z",
        "facility_source": "AMBULANCE SERVICE OF NSW",
        "facility_date": "2018-06-06T00:00:00Z",
        "facility_spatial_confidence": null,
        "facility_revised": "2018-09-14T00:00:00Z",
        "comment_": null,
        "facility_lat": "-33.798535999999956",
        "facility_long": "150.98184600000002",
        "validated": null,
        "gnaf_building_name": null,
        "gnaf_address_detail_pid": "GANSW705569415",
        "gnaf_formatted_address": "195 BRIENS ROAD",
        "gnaf_confidence": "2",
        "gnaf_postcode": "2152",
        "gnaf_suburb": "NORTHMEAD",
        "distance_to_gnaf": 3,
        "gnaf_lat": "-33.79852439999996",
        "gnaf_long": "150.98182314000007"
      },
      "geometry": {
        "type": "Point",
        "coordinates": [
          150.98185147169636,
          -33.79852329435435
        ]
      }
    },
    {
      "type": "Feature",
      "properties": {
        "objectid": 462,
        "featuretype": "EMERGENCY FACILITY",
        "descripton": "An emergency management facility from which a particular agency\u2019s resources are commanded, coordinated and assigned to an incident or emergency",
        "class": "AMBULANCE STATION",
        "facility_name": "NYNGAN",
        "facility_operationalstatus": "OPERATIONAL",
        "facility_address": "15 HOSKINS STREET",
        "abs_suburb": "NYNGAN",
        "facility_state": "NEW SOUTH WALES",
        "abs_postcode": "2825",
        "facility_attribute_source": "AMBULANCE SERVICE OF NSW",
        "facility_attribute_date": "2018-06-06T00:00:00Z",
        "facility_source": "AMBULANCE SERVICE OF NSW",
        "facility_date": "2018-06-06T00:00:00Z",
        "facility_spatial_confidence": null,
        "facility_revised": "2018-09-14T00:00:00Z",
        "comment_": null,
        "facility_lat": "-31.561683999999957",
        "facility_long": "147.202311",
        "validated": null,
        "gnaf_building_name": null,
        "gnaf_address_detail_pid": "GANSW718001444",
        "gnaf_formatted_address": "15 HOSKINS STREET",
        "gnaf_confidence": "2",
        "gnaf_postcode": "2825",
        "gnaf_suburb": "NYNGAN",
        "distance_to_gnaf": 43,
        "gnaf_lat": "-31.561928249999937",
        "gnaf_long": "147.2019644500001"
      },
      "geometry": {
        "type": "Point",
        "coordinates": [
          147.20231726097788,
          -31.561670957594046
        ]
      }
    },
    {
      "type": "Feature",
      "properties": {
        "objectid": 463,
        "featuretype": "EMERGENCY FACILITY",
        "descripton": "An emergency management facility from which a particular agency\u2019s resources are commanded, coordinated and assigned to an incident or emergency",
        "class": "AMBULANCE STATION",
        "facility_name": "OAK FLATS",
        "facility_operationalstatus": "OPERATIONAL",
        "facility_address": "131 INDUSTRIAL ROAD",
        "abs_suburb": "OAK FLATS",
        "facility_state": "NEW SOUTH WALES",
        "abs_postcode": "2529",
        "facility_attribute_source": "AMBULANCE SERVICE OF NSW",
        "facility_attribute_date": "2018-06-06T00:00:00Z",
        "facility_source": "AMBULANCE SERVICE OF NSW",
        "facility_date": "2018-06-06T00:00:00Z",
        "facility_spatial_confidence": null,
        "facility_revised": "2018-09-14T00:00:00Z",
        "comment_": null,
        "facility_lat": "-34.56624599999998",
        "facility_long": "150.80740300000002",
        "validated": null,
        "gnaf_building_name": null,
        "gnaf_address_detail_pid": "GANSW705611902",
        "gnaf_formatted_address": "131 INDUSTRIAL ROAD",
        "gnaf_confidence": "2",
        "gnaf_postcode": "2529",
        "gnaf_suburb": "OAK FLATS",
        "distance_to_gnaf": 44,
        "gnaf_lat": "-34.56658287999994",
        "gnaf_long": "150.8071593100001"
      },
      "geometry": {
        "type": "Point",
        "coordinates": [
          150.80740839458343,
          -34.5662332836124
        ]
      }
    },
    {
      "type": "Feature",
      "properties": {
        "objectid": 464,
        "featuretype": "EMERGENCY FACILITY",
        "descripton": "An emergency management facility from which a particular agency\u2019s resources are commanded, coordinated and assigned to an incident or emergency",
        "class": "AMBULANCE STATION",
        "facility_name": "SOUTH WEST ROCKS",
        "facility_operationalstatus": "OPERATIONAL",
        "facility_address": "71 MITCHELL STREET",
        "abs_suburb": "SOUTH WEST ROCKS",
        "facility_state": "NEW SOUTH WALES",
        "abs_postcode": "2431",
        "facility_attribute_source": "AMBULANCE SERVICE OF NSW",
        "facility_attribute_date": "2018-06-06T00:00:00Z",
        "facility_source": "AMBULANCE SERVICE OF NSW",
        "facility_date": "2018-06-06T00:00:00Z",
        "facility_spatial_confidence": null,
        "facility_revised": "2018-09-14T00:00:00Z",
        "comment_": null,
        "facility_lat": "-30.89441499999998",
        "facility_long": "153.0413920000001",
        "validated": null,
        "gnaf_building_name": null,
        "gnaf_address_detail_pid": "GANSW710158132",
        "gnaf_formatted_address": "71 MITCHELL STREET",
        "gnaf_confidence": "1",
        "gnaf_postcode": "2431",
        "gnaf_suburb": "SOUTH WEST ROCKS",
        "distance_to_gnaf": 18,
        "gnaf_lat": "-30.89437644999998",
        "gnaf_long": "153.04120969000007"
      },
      "geometry": {
        "type": "Point",
        "coordinates": [
          153.0413975853481,
          -30.89440247211818
        ]
      }
    },
    {
      "type": "Feature",
      "properties": {
        "objectid": 465,
        "featuretype": "EMERGENCY FACILITY",
        "descripton": "An emergency management facility from which a particular agency\u2019s resources are commanded, coordinated and assigned to an incident or emergency",
        "class": "AMBULANCE STATION",
        "facility_name": "SPRINGWOOD",
        "facility_operationalstatus": "OPERATIONAL",
        "facility_address": "18 FERGUSON ROAD",
        "abs_suburb": "SPRINGWOOD",
        "facility_state": "NEW SOUTH WALES",
        "abs_postcode": "2777",
        "facility_attribute_source": "AMBULANCE SERVICE OF NSW",
        "facility_attribute_date": "2018-06-06T00:00:00Z",
        "facility_source": "AMBULANCE SERVICE OF NSW",
        "facility_date": "2018-06-06T00:00:00Z",
        "facility_spatial_confidence": null,
        "facility_revised": "2018-09-14T00:00:00Z",
        "comment_": null,
        "facility_lat": "-33.700988999999936",
        "facility_long": "150.55972200000008",
        "validated": null,
        "gnaf_building_name": null,
        "gnaf_address_detail_pid": "GANSW705981713",
        "gnaf_formatted_address": "18 FERGUSON ROAD",
        "gnaf_confidence": "1",
        "gnaf_postcode": "2777",
        "gnaf_suburb": "SPRINGWOOD",
        "distance_to_gnaf": 14,
        "gnaf_lat": "-33.700881719999984",
        "gnaf_long": "150.5598078700001"
      },
      "geometry": {
        "type": "Point",
        "coordinates": [
          150.55972754479487,
          -33.70097625498307
        ]
      }
    },
    {
      "type": "Feature",
      "properties": {
        "objectid": 466,
        "featuretype": "EMERGENCY FACILITY",
        "descripton": "An emergency management facility from which a particular agency\u2019s resources are commanded, coordinated and assigned to an incident or emergency",
        "class": "AMBULANCE STATION",
        "facility_name": "ST IVES",
        "facility_operationalstatus": "OPERATIONAL",
        "facility_address": "8 STANLEY STREET",
        "abs_suburb": "ST IVES",
        "facility_state": "NEW SOUTH WALES",
        "abs_postcode": "2075",
        "facility_attribute_source": "AMBULANCE SERVICE OF NSW",
        "facility_attribute_date": "2018-06-06T00:00:00Z",
        "facility_source": "AMBULANCE SERVICE OF NSW",
        "facility_date": "2018-06-06T00:00:00Z",
        "facility_spatial_confidence": null,
        "facility_revised": "2018-09-14T00:00:00Z",
        "comment_": null,
        "facility_lat": "-33.72985499999993",
        "facility_long": "151.16362500000002",
        "validated": null,
        "gnaf_building_name": null,
        "gnaf_address_detail_pid": "GANSW710227620",
        "gnaf_formatted_address": "8 STANLEY STREET",
        "gnaf_confidence": "1",
        "gnaf_postcode": "2075",
        "gnaf_suburb": "ST IVES",
        "distance_to_gnaf": 10,
        "gnaf_lat": "-33.729809699999976",
        "gnaf_long": "151.1637194100001"
      },
      "geometry": {
        "type": "Point",
        "coordinates": [
          151.1636304549229,
          -33.72984231075043
        ]
      }
    },
    {
      "type": "Feature",
      "properties": {
        "objectid": 467,
        "featuretype": "EMERGENCY FACILITY",
        "descripton": "An emergency management facility from which a particular agency\u2019s resources are commanded, coordinated and assigned to an incident or emergency",
        "class": "AMBULANCE STATION",
        "facility_name": "STOCKTON",
        "facility_operationalstatus": "OPERATIONAL",
        "facility_address": "48 HEREFORD STREET",
        "abs_suburb": "STOCKTON",
        "facility_state": "NEW SOUTH WALES",
        "abs_postcode": "2295",
        "facility_attribute_source": "AMBULANCE SERVICE OF NSW",
        "facility_attribute_date": "2018-06-06T00:00:00Z",
        "facility_source": "AMBULANCE SERVICE OF NSW",
        "facility_date": "2018-06-06T00:00:00Z",
        "facility_spatial_confidence": null,
        "facility_revised": "2018-09-14T00:00:00Z",
        "comment_": null,
        "facility_lat": "-32.90785899999997",
        "facility_long": "151.78329500000007",
        "validated": null,
        "gnaf_building_name": null,
        "gnaf_address_detail_pid": "GANSW711899396",
        "gnaf_formatted_address": "48 HEREFORD STREET",
        "gnaf_confidence": "2",
        "gnaf_postcode": "2295",
        "gnaf_suburb": "STOCKTON",
        "distance_to_gnaf": 4,
        "gnaf_lat": "-32.90782593999995",
        "gnaf_long": "151.78327328000012"
      },
      "geometry": {
        "type": "Point",
        "coordinates": [
          151.7833004785241,
          -32.90784636343456
        ]
      }
    },
    {
      "type": "Feature",
      "properties": {
        "objectid": 468,
        "featuretype": "EMERGENCY FACILITY",
        "descripton": "An emergency management facility from which a particular agency\u2019s resources are commanded, coordinated and assigned to an incident or emergency",
        "class": "AMBULANCE STATION",
        "facility_name": "STROUD",
        "facility_operationalstatus": "OPERATIONAL",
        "facility_address": "22 BERKELEY STREET",
        "abs_suburb": "STROUD",
        "facility_state": "NEW SOUTH WALES",
        "abs_postcode": "2425",
        "facility_attribute_source": "AMBULANCE SERVICE OF NSW",
        "facility_attribute_date": "2018-06-06T00:00:00Z",
        "facility_source": "AMBULANCE SERVICE OF NSW",
        "facility_date": "2018-06-06T00:00:00Z",
        "facility_spatial_confidence": null,
        "facility_revised": "2018-09-14T00:00:00Z",
        "comment_": null,
        "facility_lat": "-32.408357999999964",
        "facility_long": "151.96842200000003",
        "validated": null,
        "gnaf_building_name": null,
        "gnaf_address_detail_pid": "GANSW712105997",
        "gnaf_formatted_address": "22 BERKELEY STREET",
        "gnaf_confidence": "1",
        "gnaf_postcode": "2425",
        "gnaf_suburb": "STROUD",
        "distance_to_gnaf": 20,
        "gnaf_lat": "-32.408438039999965",
        "gnaf_long": "151.96861158000002"
      },
      "geometry": {
        "type": "Point",
        "coordinates": [
          151.96842752044714,
          -32.408345377613415
        ]
      }
    },
    {
      "type": "Feature",
      "properties": {
        "objectid": 469,
        "featuretype": "EMERGENCY FACILITY",
        "descripton": "An emergency management facility from which a particular agency\u2019s resources are commanded, coordinated and assigned to an incident or emergency",
        "class": "AMBULANCE STATION",
        "facility_name": "SUMMER HILL",
        "facility_operationalstatus": "OPERATIONAL",
        "facility_address": "75 CARLTON CRESCENT",
        "abs_suburb": "SUMMER HILL",
        "facility_state": "NEW SOUTH WALES",
        "abs_postcode": "2130",
        "facility_attribute_source": "AMBULANCE SERVICE OF NSW",
        "facility_attribute_date": "2018-06-06T00:00:00Z",
        "facility_source": "AMBULANCE SERVICE OF NSW",
        "facility_date": "2018-06-06T00:00:00Z",
        "facility_spatial_confidence": null,
        "facility_revised": "2018-09-14T00:00:00Z",
        "comment_": null,
        "facility_lat": "-33.890196999999944",
        "facility_long": "151.13682200000005",
        "validated": null,
        "gnaf_building_name": null,
        "gnaf_address_detail_pid": "GANSW716388594",
        "gnaf_formatted_address": "75 CARLTON CRESCENT",
        "gnaf_confidence": "2",
        "gnaf_postcode": "2130",
        "gnaf_suburb": "SUMMER HILL",
        "distance_to_gnaf": 29,
        "gnaf_lat": "-33.890411289999975",
        "gnaf_long": "151.13699644000008"
      },
      "geometry": {
        "type": "Point",
        "coordinates": [
          151.1368274373128,
          -33.89018430937731
        ]
      }
    },
    {
      "type": "Feature",
      "properties": {
        "objectid": 470,
        "featuretype": "EMERGENCY FACILITY",
        "descripton": "An emergency management facility from which a particular agency\u2019s resources are commanded, coordinated and assigned to an incident or emergency",
        "class": "AMBULANCE STATION",
        "facility_name": "BATEMANS BAY",
        "facility_operationalstatus": "OPERATIONAL",
        "facility_address": "1 SAWMILL ROAD",
        "abs_suburb": "SURF BEACH",
        "facility_state": "NEW SOUTH WALES",
        "abs_postcode": "2536",
        "facility_attribute_source": "AMBULANCE SERVICE OF NSW",
        "facility_attribute_date": "2018-06-06T00:00:00Z",
        "facility_source": "AMBULANCE SERVICE OF NSW",
        "facility_date": "2018-06-06T00:00:00Z",
        "facility_spatial_confidence": null,
        "facility_revised": "2018-09-14T00:00:00Z",
        "comment_": null,
        "facility_lat": "-35.76547599999998",
        "facility_long": "150.2057900000001",
        "validated": null,
        "gnaf_building_name": null,
        "gnaf_address_detail_pid": "GANSW718269449",
        "gnaf_formatted_address": "1 SAWMILL ROAD",
        "gnaf_confidence": "1",
        "gnaf_postcode": "2536",
        "gnaf_suburb": "SURF BEACH",
        "distance_to_gnaf": 10,
        "gnaf_lat": "-35.765496809999945",
        "gnaf_long": "150.20568018000006"
      },
      "geometry": {
        "type": "Point",
        "coordinates": [
          150.20579532441928,
          -35.76546323722597
        ]
      }
    },
    {
      "type": "Feature",
      "properties": {
        "objectid": 471,
        "featuretype": "EMERGENCY FACILITY",
        "descripton": "An emergency management facility from which a particular agency\u2019s resources are commanded, coordinated and assigned to an incident or emergency",
        "class": "AMBULANCE STATION",
        "facility_name": "SUSSEX INLET",
        "facility_operationalstatus": "OPERATIONAL",
        "facility_address": "27 THOMSON STREET",
        "abs_suburb": "SUSSEX INLET",
        "facility_state": "NEW SOUTH WALES",
        "abs_postcode": "2540",
        "facility_attribute_source": "AMBULANCE SERVICE OF NSW",
        "facility_attribute_date": "2018-06-06T00:00:00Z",
        "facility_source": "AMBULANCE SERVICE OF NSW",
        "facility_date": "2018-06-06T00:00:00Z",
        "facility_spatial_confidence": null,
        "facility_revised": "2018-09-14T00:00:00Z",
        "comment_": null,
        "facility_lat": "-35.16663499999993",
        "facility_long": "150.5854240000001",
        "validated": null,
        "gnaf_building_name": null,
        "gnaf_address_detail_pid": "GANSW717349028",
        "gnaf_formatted_address": "27 THOMSON STREET",
        "gnaf_confidence": "0",
        "gnaf_postcode": "2540",
        "gnaf_suburb": "SUSSEX INLET",
        "distance_to_gnaf": 12,
        "gnaf_lat": "-35.16673886999996",
        "gnaf_long": "150.58538225000007"
      },
      "geometry": {
        "type": "Point",
        "coordinates": [
          150.5854293469656,
          -35.166622267433915
        ]
      }
    },
    {
      "type": "Feature",
      "properties": {
        "objectid": 472,
        "featuretype": "EMERGENCY FACILITY",
        "descripton": "An emergency management facility from which a particular agency\u2019s resources are commanded, coordinated and assigned to an incident or emergency",
        "class": "AMBULANCE STATION",
        "facility_name": "TAMWORTH CITY",
        "facility_operationalstatus": "OPERATIONAL",
        "facility_address": "197 MARIUS STREET",
        "abs_suburb": "TAMWORTH",
        "facility_state": "NEW SOUTH WALES",
        "abs_postcode": "2340",
        "facility_attribute_source": "AMBULANCE SERVICE OF NSW",
        "facility_attribute_date": "2018-06-06T00:00:00Z",
        "facility_source": "AMBULANCE SERVICE OF NSW",
        "facility_date": "2018-06-06T00:00:00Z",
        "facility_spatial_confidence": null,
        "facility_revised": "2018-09-14T00:00:00Z",
        "comment_": null,
        "facility_lat": "-31.08955199999997",
        "facility_long": "150.93154800000002",
        "validated": null,
        "gnaf_building_name": null,
        "gnaf_address_detail_pid": "GANSW706050975",
        "gnaf_formatted_address": "197 MARIUS STREET",
        "gnaf_confidence": "1",
        "gnaf_postcode": "2340",
        "gnaf_suburb": "TAMWORTH",
        "distance_to_gnaf": 21,
        "gnaf_lat": "-31.08968502999994",
        "gnaf_long": "150.93138808000003"
      },
      "geometry": {
        "type": "Point",
        "coordinates": [
          150.93155382658608,
          -31.089539270217397
        ]
      }
    },
    {
      "type": "Feature",
      "properties": {
        "objectid": 473,
        "featuretype": "EMERGENCY FACILITY",
        "descripton": "An emergency management facility from which a particular agency\u2019s resources are commanded, coordinated and assigned to an incident or emergency",
        "class": "AMBULANCE STATION",
        "facility_name": "TANILBA BAY",
        "facility_operationalstatus": "OPERATIONAL",
        "facility_address": "64 PRESIDENT WILSON WALK",
        "abs_suburb": "TANILBA BAY",
        "facility_state": "NEW SOUTH WALES",
        "abs_postcode": "2319",
        "facility_attribute_source": "AMBULANCE SERVICE OF NSW",
        "facility_attribute_date": "2018-06-06T00:00:00Z",
        "facility_source": "AMBULANCE SERVICE OF NSW",
        "facility_date": "2018-06-06T00:00:00Z",
        "facility_spatial_confidence": null,
        "facility_revised": "2018-09-14T00:00:00Z",
        "comment_": null,
        "facility_lat": "-32.73689299999995",
        "facility_long": "152.00124900000003",
        "validated": null,
        "gnaf_building_name": null,
        "gnaf_address_detail_pid": "GANSW706030434",
        "gnaf_formatted_address": "64 PRESIDENT WILSON WALK",
        "gnaf_confidence": "0",
        "gnaf_postcode": "2319",
        "gnaf_suburb": "TANILBA BAY",
        "distance_to_gnaf": 3,
        "gnaf_lat": "-32.73688206999998",
        "gnaf_long": "152.0012167100001"
      },
      "geometry": {
        "type": "Point",
        "coordinates": [
          152.00125447183694,
          -32.73688038314584
        ]
      }
    },
    {
      "type": "Feature",
      "properties": {
        "objectid": 474,
        "featuretype": "EMERGENCY FACILITY",
        "descripton": "An emergency management facility from which a particular agency\u2019s resources are commanded, coordinated and assigned to an incident or emergency",
        "class": "AMBULANCE STATION",
        "facility_name": "TAREE",
        "facility_operationalstatus": "OPERATIONAL",
        "facility_address": "20 ELIZABETH AVENUE",
        "abs_suburb": "TAREE",
        "facility_state": "NEW SOUTH WALES",
        "abs_postcode": "2430",
        "facility_attribute_source": "AMBULANCE SERVICE OF NSW",
        "facility_attribute_date": "2018-06-06T00:00:00Z",
        "facility_source": "AMBULANCE SERVICE OF NSW",
        "facility_date": "2018-06-06T00:00:00Z",
        "facility_spatial_confidence": null,
        "facility_revised": "2018-09-14T00:00:00Z",
        "comment_": null,
        "facility_lat": "-31.900649999999928",
        "facility_long": "152.45430900000008",
        "validated": null,
        "gnaf_building_name": null,
        "gnaf_address_detail_pid": "GANSW716731846",
        "gnaf_formatted_address": "20 ELIZABETH AVENUE",
        "gnaf_confidence": "2",
        "gnaf_postcode": "2430",
        "gnaf_suburb": "TAREE",
        "distance_to_gnaf": 18,
        "gnaf_lat": "-31.900673479999966",
        "gnaf_long": "152.4544933400001"
      },
      "geometry": {
        "type": "Point",
        "coordinates": [
          152.45431452439487,
          -31.900637421199786
        ]
      }
    },
    {
      "type": "Feature",
      "properties": {
        "objectid": 475,
        "featuretype": "EMERGENCY FACILITY",
        "descripton": "An emergency management facility from which a particular agency\u2019s resources are commanded, coordinated and assigned to an incident or emergency",
        "class": "AMBULANCE STATION",
        "facility_name": "TEA GARDENS",
        "facility_operationalstatus": "OPERATIONAL",
        "facility_address": "101 MYALL STREET",
        "abs_suburb": "TEA GARDENS",
        "facility_state": "NEW SOUTH WALES",
        "abs_postcode": "2324",
        "facility_attribute_source": "AMBULANCE SERVICE OF NSW",
        "facility_attribute_date": "2018-06-06T00:00:00Z",
        "facility_source": "AMBULANCE SERVICE OF NSW",
        "facility_date": "2018-06-06T00:00:00Z",
        "facility_spatial_confidence": null,
        "facility_revised": "2018-09-14T00:00:00Z",
        "comment_": null,
        "facility_lat": "-32.661366999999984",
        "facility_long": "152.15199400000006",
        "validated": null,
        "gnaf_building_name": null,
        "gnaf_address_detail_pid": "GANSW712046973",
        "gnaf_formatted_address": "101 MYALL STREET",
        "gnaf_confidence": "1",
        "gnaf_postcode": "2324",
        "gnaf_suburb": "TEA GARDENS",
        "distance_to_gnaf": 11,
        "gnaf_lat": "-32.661354969999934",
        "gnaf_long": "152.15187748000005"
      },
      "geometry": {
        "type": "Point",
        "coordinates": [
          152.15199946163733,
          -32.66135439719248
        ]
      }
    },
    {
      "type": "Feature",
      "properties": {
        "objectid": 476,
        "featuretype": "EMERGENCY FACILITY",
        "descripton": "An emergency management facility from which a particular agency\u2019s resources are commanded, coordinated and assigned to an incident or emergency",
        "class": "AMBULANCE STATION",
        "facility_name": "TEMORA",
        "facility_operationalstatus": "OPERATIONAL",
        "facility_address": "117 HOSKINS STREET",
        "abs_suburb": "TEMORA",
        "facility_state": "NEW SOUTH WALES",
        "abs_postcode": "2666",
        "facility_attribute_source": "AMBULANCE SERVICE OF NSW",
        "facility_attribute_date": "2018-06-06T00:00:00Z",
        "facility_source": "AMBULANCE SERVICE OF NSW",
        "facility_date": "2018-06-06T00:00:00Z",
        "facility_spatial_confidence": null,
        "facility_revised": "2018-09-14T00:00:00Z",
        "comment_": null,
        "facility_lat": "-34.44406699999996",
        "facility_long": "147.532911",
        "validated": null,
        "gnaf_building_name": "AMBULANCE STATION RES",
        "gnaf_address_detail_pid": "GANSW706069005",
        "gnaf_formatted_address": "117 HOSKINS STREET",
        "gnaf_confidence": "2",
        "gnaf_postcode": "2666",
        "gnaf_suburb": "TEMORA",
        "distance_to_gnaf": 11,
        "gnaf_lat": "-34.44398334999994",
        "gnaf_long": "147.53298143000006"
      },
      "geometry": {
        "type": "Point",
        "coordinates": [
          147.53291689732748,
          -34.444054003540096
        ]
      }
    },
    {
      "type": "Feature",
      "properties": {
        "objectid": 477,
        "featuretype": "EMERGENCY FACILITY",
        "descripton": "An emergency management facility from which a particular agency\u2019s resources are commanded, coordinated and assigned to an incident or emergency",
        "class": "AMBULANCE STATION",
        "facility_name": "TENTERFIELD",
        "facility_operationalstatus": "OPERATIONAL",
        "facility_address": "146 MANNERS STREET",
        "abs_suburb": "TENTERFIELD",
        "facility_state": "NEW SOUTH WALES",
        "abs_postcode": "2372",
        "facility_attribute_source": "AMBULANCE SERVICE OF NSW",
        "facility_attribute_date": "2018-06-06T00:00:00Z",
        "facility_source": "AMBULANCE SERVICE OF NSW",
        "facility_date": "2018-06-06T00:00:00Z",
        "facility_spatial_confidence": null,
        "facility_revised": "2018-09-14T00:00:00Z",
        "comment_": null,
        "facility_lat": "-29.055388999999934",
        "facility_long": "152.02023600000007",
        "validated": null,
        "gnaf_building_name": "TENTERFIELD AMBULANCE",
        "gnaf_address_detail_pid": "GANSW712100832",
        "gnaf_formatted_address": "146 MANNERS STREET",
        "gnaf_confidence": "2",
        "gnaf_postcode": "2372",
        "gnaf_suburb": "TENTERFIELD",
        "distance_to_gnaf": 31,
        "gnaf_lat": "-29.055116489999932",
        "gnaf_long": "152.02029187000005"
      },
      "geometry": {
        "type": "Point",
        "coordinates": [
          152.02024194741284,
          -29.055376357618258
        ]
      }
    },
    {
      "type": "Feature",
      "properties": {
        "objectid": 478,
        "featuretype": "EMERGENCY FACILITY",
        "descripton": "An emergency management facility from which a particular agency\u2019s resources are commanded, coordinated and assigned to an incident or emergency",
        "class": "AMBULANCE STATION",
        "facility_name": "TERRIGAL",
        "facility_operationalstatus": "OPERATIONAL",
        "facility_address": "322 TERRIGAL DRIVE",
        "abs_suburb": "TERRIGAL",
        "facility_state": "NEW SOUTH WALES",
        "abs_postcode": "2260",
        "facility_attribute_source": "AMBULANCE SERVICE OF NSW",
        "facility_attribute_date": "2018-06-06T00:00:00Z",
        "facility_source": "AMBULANCE SERVICE OF NSW",
        "facility_date": "2018-06-06T00:00:00Z",
        "facility_spatial_confidence": null,
        "facility_revised": "2018-09-14T00:00:00Z",
        "comment_": null,
        "facility_lat": "-33.439517999999964",
        "facility_long": "151.4274620000001",
        "validated": null,
        "gnaf_building_name": null,
        "gnaf_address_detail_pid": "GANSW717348408",
        "gnaf_formatted_address": "322 TERRIGAL DRIVE",
        "gnaf_confidence": "1",
        "gnaf_postcode": "2260",
        "gnaf_suburb": "TERRIGAL",
        "distance_to_gnaf": 13,
        "gnaf_lat": "-33.439523479999934",
        "gnaf_long": "151.42731801000002"
      },
      "geometry": {
        "type": "Point",
        "coordinates": [
          151.4274674564888,
          -33.439505333433175
        ]
      }
    },
    {
      "type": "Feature",
      "properties": {
        "objectid": 479,
        "featuretype": "EMERGENCY FACILITY",
        "descripton": "An emergency management facility from which a particular agency\u2019s resources are commanded, coordinated and assigned to an incident or emergency",
        "class": "AMBULANCE STATION",
        "facility_name": "TORONTO",
        "facility_operationalstatus": "OPERATIONAL",
        "facility_address": "7 THORNE STREET",
        "abs_suburb": "TORONTO",
        "facility_state": "NEW SOUTH WALES",
        "abs_postcode": "2283",
        "facility_attribute_source": "AMBULANCE SERVICE OF NSW",
        "facility_attribute_date": "2018-06-06T00:00:00Z",
        "facility_source": "AMBULANCE SERVICE OF NSW",
        "facility_date": "2018-06-06T00:00:00Z",
        "facility_spatial_confidence": null,
        "facility_revised": "2018-09-14T00:00:00Z",
        "comment_": null,
        "facility_lat": "-33.01171299999993",
        "facility_long": "151.59230300000002",
        "validated": null,
        "gnaf_building_name": null,
        "gnaf_address_detail_pid": "GANSW706078453",
        "gnaf_formatted_address": "7 THORNE STREET",
        "gnaf_confidence": "1",
        "gnaf_postcode": "2283",
        "gnaf_suburb": "TORONTO",
        "distance_to_gnaf": 2,
        "gnaf_lat": "-33.01170751999996",
        "gnaf_long": "151.5923248800001"
      },
      "geometry": {
        "type": "Point",
        "coordinates": [
          151.59230849083912,
          -33.01170034598287
        ]
      }
    },
    {
      "type": "Feature",
      "properties": {
        "objectid": 480,
        "featuretype": "EMERGENCY FACILITY",
        "descripton": "An emergency management facility from which a particular agency\u2019s resources are commanded, coordinated and assigned to an incident or emergency",
        "class": "AMBULANCE STATION",
        "facility_name": "TOTTENHAM",
        "facility_operationalstatus": "OPERATIONAL",
        "facility_address": "97 MOODANA STREET",
        "abs_suburb": "TOTTENHAM",
        "facility_state": "NEW SOUTH WALES",
        "abs_postcode": "2873",
        "facility_attribute_source": "AMBULANCE SERVICE OF NSW",
        "facility_attribute_date": "2018-06-06T00:00:00Z",
        "facility_source": "AMBULANCE SERVICE OF NSW",
        "facility_date": "2018-06-06T00:00:00Z",
        "facility_spatial_confidence": null,
        "facility_revised": "2018-09-14T00:00:00Z",
        "comment_": null,
        "facility_lat": "-32.242508999999984",
        "facility_long": "147.35794600000008",
        "validated": null,
        "gnaf_building_name": "MULTI PURPOSE",
        "gnaf_address_detail_pid": "GANSW715389343",
        "gnaf_formatted_address": "97 MOODANA STREET",
        "gnaf_confidence": "2",
        "gnaf_postcode": "2873",
        "gnaf_suburb": "TOTTENHAM",
        "distance_to_gnaf": 21,
        "gnaf_lat": "-32.242449919999956",
        "gnaf_long": "147.35815615"
      },
      "geometry": {
        "type": "Point",
        "coordinates": [
          147.35795216726333,
          -32.242495974530456
        ]
      }
    },
    {
      "type": "Feature",
      "properties": {
        "objectid": 481,
        "featuretype": "EMERGENCY FACILITY",
        "descripton": "An emergency management facility from which a particular agency\u2019s resources are commanded, coordinated and assigned to an incident or emergency",
        "class": "AMBULANCE STATION",
        "facility_name": "TOUKLEY",
        "facility_operationalstatus": "OPERATIONAL",
        "facility_address": "240 MAIN ROAD",
        "abs_suburb": "TOUKLEY",
        "facility_state": "NEW SOUTH WALES",
        "abs_postcode": "2263",
        "facility_attribute_source": "AMBULANCE SERVICE OF NSW",
        "facility_attribute_date": "2018-06-06T00:00:00Z",
        "facility_source": "AMBULANCE SERVICE OF NSW",
        "facility_date": "2018-06-06T00:00:00Z",
        "facility_spatial_confidence": null,
        "facility_revised": "2018-09-14T00:00:00Z",
        "comment_": null,
        "facility_lat": "-33.263349999999946",
        "facility_long": "151.5385960000001",
        "validated": null,
        "gnaf_building_name": null,
        "gnaf_address_detail_pid": "GANSW706081124",
        "gnaf_formatted_address": "240 MAIN ROAD",
        "gnaf_confidence": "2",
        "gnaf_postcode": "2263",
        "gnaf_suburb": "TOUKLEY",
        "distance_to_gnaf": 12,
        "gnaf_lat": "-33.26325830999997",
        "gnaf_long": "151.53852496000002"
      },
      "geometry": {
        "type": "Point",
        "coordinates": [
          151.5386014645815,
          -33.26333734268307
        ]
      }
    },
    {
      "type": "Feature",
      "properties": {
        "objectid": 482,
        "featuretype": "EMERGENCY FACILITY",
        "descripton": "An emergency management facility from which a particular agency\u2019s resources are commanded, coordinated and assigned to an incident or emergency",
        "class": "AMBULANCE STATION",
        "facility_name": "TREGEAR",
        "facility_operationalstatus": "OPERATIONAL",
        "facility_address": "122 ELLSWORTH DRIVE",
        "abs_suburb": "TREGEAR",
        "facility_state": "NEW SOUTH WALES",
        "abs_postcode": "2770",
        "facility_attribute_source": "AMBULANCE SERVICE OF NSW",
        "facility_attribute_date": "2018-06-06T00:00:00Z",
        "facility_source": "AMBULANCE SERVICE OF NSW",
        "facility_date": "2018-06-06T00:00:00Z",
        "facility_spatial_confidence": null,
        "facility_revised": "2018-09-14T00:00:00Z",
        "comment_": null,
        "facility_lat": "-33.74369999999993",
        "facility_long": "150.79732",
        "validated": null,
        "gnaf_building_name": null,
        "gnaf_address_detail_pid": "GANSW718139740",
        "gnaf_formatted_address": "122 ELLSWORTH DRIVE",
        "gnaf_confidence": "0",
        "gnaf_postcode": "2770",
        "gnaf_suburb": "TREGEAR",
        "distance_to_gnaf": 4,
        "gnaf_lat": "-33.74373405999995",
        "gnaf_long": "150.7973054800001"
      },
      "geometry": {
        "type": "Point",
        "coordinates": [
          150.79732550529093,
          -33.74368727697113
        ]
      }
    },
    {
      "type": "Feature",
      "properties": {
        "objectid": 483,
        "featuretype": "EMERGENCY FACILITY",
        "descripton": "An emergency management facility from which a particular agency\u2019s resources are commanded, coordinated and assigned to an incident or emergency",
        "class": "AMBULANCE STATION",
        "facility_name": "TUMBARUMBA",
        "facility_operationalstatus": "OPERATIONAL",
        "facility_address": "MITCHELL STREET",
        "abs_suburb": "TUMBARUMBA",
        "facility_state": "NEW SOUTH WALES",
        "abs_postcode": "2653",
        "facility_attribute_source": "AMBULANCE SERVICE OF NSW",
        "facility_attribute_date": "2018-06-06T00:00:00Z",
        "facility_source": "AMBULANCE SERVICE OF NSW",
        "facility_date": "2018-06-06T00:00:00Z",
        "facility_spatial_confidence": null,
        "facility_revised": "2018-09-14T00:00:00Z",
        "comment_": null,
        "facility_lat": "-35.77927399999993",
        "facility_long": "148.00602200000003",
        "validated": null,
        "gnaf_building_name": "PINNAROO HOUSE",
        "gnaf_address_detail_pid": "GANSW712743758",
        "gnaf_formatted_address": "9 MITCHELL STREET",
        "gnaf_confidence": "2",
        "gnaf_postcode": "2653",
        "gnaf_suburb": "TUMBARUMBA",
        "distance_to_gnaf": 70,
        "gnaf_lat": "-35.77872953999997",
        "gnaf_long": "148.0064223600001"
      },
      "geometry": {
        "type": "Point",
        "coordinates": [
          148.00602766691546,
          -35.779261050195394
        ]
      }
    },
    {
      "type": "Feature",
      "properties": {
        "objectid": 484,
        "featuretype": "EMERGENCY FACILITY",
        "descripton": "An emergency management facility from which a particular agency\u2019s resources are commanded, coordinated and assigned to an incident or emergency",
        "class": "AMBULANCE STATION",
        "facility_name": "TUMUT",
        "facility_operationalstatus": "OPERATIONAL",
        "facility_address": "20 FITZROY STREET",
        "abs_suburb": "TUMUT",
        "facility_state": "NEW SOUTH WALES",
        "abs_postcode": "2720",
        "facility_attribute_source": "AMBULANCE SERVICE OF NSW",
        "facility_attribute_date": "2018-06-06T00:00:00Z",
        "facility_source": "AMBULANCE SERVICE OF NSW",
        "facility_date": "2018-06-06T00:00:00Z",
        "facility_spatial_confidence": null,
        "facility_revised": "2018-09-14T00:00:00Z",
        "comment_": null,
        "facility_lat": "-35.303542999999934",
        "facility_long": "148.22711400000003",
        "validated": null,
        "gnaf_building_name": null,
        "gnaf_address_detail_pid": "GANSW706105149",
        "gnaf_formatted_address": "20 FITZROY STREET",
        "gnaf_confidence": "2",
        "gnaf_postcode": "2720",
        "gnaf_suburb": "TUMUT",
        "distance_to_gnaf": 726,
        "gnaf_lat": "-35.297674419999964",
        "gnaf_long": "148.2235824600001"
      },
      "geometry": {
        "type": "Point",
        "coordinates": [
          148.22711969012866,
          -35.3035300649537
        ]
      }
    },
    {
      "type": "Feature",
      "properties": {
        "objectid": 485,
        "featuretype": "EMERGENCY FACILITY",
        "descripton": "An emergency management facility from which a particular agency\u2019s resources are commanded, coordinated and assigned to an incident or emergency",
        "class": "AMBULANCE STATION",
        "facility_name": "TUNCURRY",
        "facility_operationalstatus": "OPERATIONAL",
        "facility_address": "58 MANNING STREET",
        "abs_suburb": "TUNCURRY",
        "facility_state": "NEW SOUTH WALES",
        "abs_postcode": "2428",
        "facility_attribute_source": "AMBULANCE SERVICE OF NSW",
        "facility_attribute_date": "2018-06-06T00:00:00Z",
        "facility_source": "AMBULANCE SERVICE OF NSW",
        "facility_date": "2018-06-06T00:00:00Z",
        "facility_spatial_confidence": null,
        "facility_revised": "2018-09-14T00:00:00Z",
        "comment_": null,
        "facility_lat": "-32.17623299999997",
        "facility_long": "152.49956800000007",
        "validated": null,
        "gnaf_building_name": null,
        "gnaf_address_detail_pid": "GANSW706106190",
        "gnaf_formatted_address": "58 MANNING STREET",
        "gnaf_confidence": "2",
        "gnaf_postcode": "2428",
        "gnaf_suburb": "TUNCURRY",
        "distance_to_gnaf": 4,
        "gnaf_lat": "-32.17626574999997",
        "gnaf_long": "152.49954747000004"
      },
      "geometry": {
        "type": "Point",
        "coordinates": [
          152.49957348109393,
          -32.17622042766003
        ]
      }
    },
    {
      "type": "Feature",
      "properties": {
        "objectid": 486,
        "featuretype": "EMERGENCY FACILITY",
        "descripton": "An emergency management facility from which a particular agency\u2019s resources are commanded, coordinated and assigned to an incident or emergency",
        "class": "AMBULANCE STATION",
        "facility_name": "WAGGA WAGGA",
        "facility_operationalstatus": "OPERATIONAL",
        "facility_address": "117 FERNLEIGH ROAD",
        "abs_suburb": "TURVEY PARK",
        "facility_state": "NEW SOUTH WALES",
        "abs_postcode": "2650",
        "facility_attribute_source": "AMBULANCE SERVICE OF NSW",
        "facility_attribute_date": "2018-06-06T00:00:00Z",
        "facility_source": "AMBULANCE SERVICE OF NSW",
        "facility_date": "2018-06-06T00:00:00Z",
        "facility_spatial_confidence": null,
        "facility_revised": "2018-09-14T00:00:00Z",
        "comment_": null,
        "facility_lat": "-35.13101699999993",
        "facility_long": "147.3473140000001",
        "validated": null,
        "gnaf_building_name": null,
        "gnaf_address_detail_pid": "GANSW718863781",
        "gnaf_formatted_address": "117 FERNLEIGH ROAD",
        "gnaf_confidence": "1",
        "gnaf_postcode": "2650",
        "gnaf_suburb": "TURVEY PARK",
        "distance_to_gnaf": 0,
        "gnaf_lat": "-35.13101732999996",
        "gnaf_long": "147.34731422000004"
      },
      "geometry": {
        "type": "Point",
        "coordinates": [
          147.3473198465535,
          -35.131003993639595
        ]
      }
    },
    {
      "type": "Feature",
      "properties": {
        "objectid": 487,
        "featuretype": "EMERGENCY FACILITY",
        "descripton": "An emergency management facility from which a particular agency\u2019s resources are commanded, coordinated and assigned to an incident or emergency",
        "class": "AMBULANCE STATION",
        "facility_name": "TWEED HEADS",
        "facility_operationalstatus": "OPERATIONAL",
        "facility_address": "17 SOLANDER STREET",
        "abs_suburb": "TWEED HEADS",
        "facility_state": "NEW SOUTH WALES",
        "abs_postcode": "2485",
        "facility_attribute_source": "AMBULANCE SERVICE OF NSW",
        "facility_attribute_date": "2018-06-06T00:00:00Z",
        "facility_source": "AMBULANCE SERVICE OF NSW",
        "facility_date": "2018-06-06T00:00:00Z",
        "facility_spatial_confidence": null,
        "facility_revised": "2018-09-14T00:00:00Z",
        "comment_": null,
        "facility_lat": "-28.17800399999993",
        "facility_long": "153.5448970000001",
        "validated": null,
        "gnaf_building_name": null,
        "gnaf_address_detail_pid": "GANSW716901986",
        "gnaf_formatted_address": "17 SOLANDER STREET",
        "gnaf_confidence": "0",
        "gnaf_postcode": "2485",
        "gnaf_suburb": "TWEED HEADS",
        "distance_to_gnaf": 96,
        "gnaf_lat": "-28.178077379999934",
        "gnaf_long": "153.5458723900001"
      },
      "geometry": {
        "type": "Point",
        "coordinates": [
          153.5449028867916,
          -28.177991502460834
        ]
      }
    },
    {
      "type": "Feature",
      "properties": {
        "objectid": 488,
        "featuretype": "EMERGENCY FACILITY",
        "descripton": "An emergency management facility from which a particular agency\u2019s resources are commanded, coordinated and assigned to an incident or emergency",
        "class": "AMBULANCE STATION",
        "facility_name": "ULLADULLA",
        "facility_operationalstatus": "OPERATIONAL",
        "facility_address": "144 PRINCES HIGHWAY",
        "abs_suburb": "ULLADULLA",
        "facility_state": "NEW SOUTH WALES",
        "abs_postcode": "2539",
        "facility_attribute_source": "AMBULANCE SERVICE OF NSW",
        "facility_attribute_date": "2018-06-06T00:00:00Z",
        "facility_source": "AMBULANCE SERVICE OF NSW",
        "facility_date": "2018-06-06T00:00:00Z",
        "facility_spatial_confidence": null,
        "facility_revised": "2018-09-14T00:00:00Z",
        "comment_": null,
        "facility_lat": "-35.361797999999965",
        "facility_long": "150.4737100000001",
        "validated": null,
        "gnaf_building_name": null,
        "gnaf_address_detail_pid": "GANSW706137749",
        "gnaf_formatted_address": "144 PRINCES HIGHWAY",
        "gnaf_confidence": "2",
        "gnaf_postcode": "2539",
        "gnaf_suburb": "ULLADULLA",
        "distance_to_gnaf": 8,
        "gnaf_lat": "-35.36179207999993",
        "gnaf_long": "150.4737918200001"
      },
      "geometry": {
        "type": "Point",
        "coordinates": [
          150.47371533760628,
          -35.3617852586203
        ]
      }
    },
    {
      "type": "Feature",
      "properties": {
        "objectid": 489,
        "featuretype": "EMERGENCY FACILITY",
        "descripton": "An emergency management facility from which a particular agency\u2019s resources are commanded, coordinated and assigned to an incident or emergency",
        "class": "AMBULANCE STATION",
        "facility_name": "URBENVILLE",
        "facility_operationalstatus": "OPERATIONAL",
        "facility_address": "31 URBEN STREET",
        "abs_suburb": "URBENVILLE",
        "facility_state": "NEW SOUTH WALES",
        "abs_postcode": "2475",
        "facility_attribute_source": "AMBULANCE SERVICE OF NSW",
        "facility_attribute_date": "2018-06-06T00:00:00Z",
        "facility_source": "AMBULANCE SERVICE OF NSW",
        "facility_date": "2018-06-06T00:00:00Z",
        "facility_spatial_confidence": null,
        "facility_revised": "2018-09-14T00:00:00Z",
        "comment_": null,
        "facility_lat": "-28.473531999999977",
        "facility_long": "152.547817",
        "validated": null,
        "gnaf_building_name": null,
        "gnaf_address_detail_pid": "GANSW706173669",
        "gnaf_formatted_address": "31 URBEN STREET",
        "gnaf_confidence": "1",
        "gnaf_postcode": "2475",
        "gnaf_suburb": "URBENVILLE",
        "distance_to_gnaf": 13,
        "gnaf_lat": "-28.473645759999954",
        "gnaf_long": "152.54784398000004"
      },
      "geometry": {
        "type": "Point",
        "coordinates": [
          152.54782296007625,
          -28.473519404570236
        ]
      }
    },
    {
      "type": "Feature",
      "properties": {
        "objectid": 490,
        "featuretype": "EMERGENCY FACILITY",
        "descripton": "An emergency management facility from which a particular agency\u2019s resources are commanded, coordinated and assigned to an incident or emergency",
        "class": "AMBULANCE STATION",
        "facility_name": "URUNGA",
        "facility_operationalstatus": "OPERATIONAL",
        "facility_address": "40 BONVILLE STREET",
        "abs_suburb": "URUNGA",
        "facility_state": "NEW SOUTH WALES",
        "abs_postcode": "2455",
        "facility_attribute_source": "AMBULANCE SERVICE OF NSW",
        "facility_attribute_date": "2018-06-06T00:00:00Z",
        "facility_source": "AMBULANCE SERVICE OF NSW",
        "facility_date": "2018-06-06T00:00:00Z",
        "facility_spatial_confidence": null,
        "facility_revised": "2018-09-14T00:00:00Z",
        "comment_": null,
        "facility_lat": "-30.497551999999928",
        "facility_long": "153.0209390000001",
        "validated": null,
        "gnaf_building_name": null,
        "gnaf_address_detail_pid": "GANSW716728228",
        "gnaf_formatted_address": "40 BONVILLE STREET",
        "gnaf_confidence": "0",
        "gnaf_postcode": "2455",
        "gnaf_suburb": "URUNGA",
        "distance_to_gnaf": 13,
        "gnaf_lat": "-30.497436049999976",
        "gnaf_long": "153.0209516000001"
      },
      "geometry": {
        "type": "Point",
        "coordinates": [
          153.0209446412768,
          -30.49753946709238
        ]
      }
    },
    {
      "type": "Feature",
      "properties": {
        "objectid": 491,
        "featuretype": "EMERGENCY FACILITY",
        "descripton": "An emergency management facility from which a particular agency\u2019s resources are commanded, coordinated and assigned to an incident or emergency",
        "class": "AMBULANCE STATION",
        "facility_name": "WAHROONGA",
        "facility_operationalstatus": "OPERATIONAL",
        "facility_address": "60 ISIS STREET",
        "abs_suburb": "WAHROONGA",
        "facility_state": "NEW SOUTH WALES",
        "abs_postcode": "2076",
        "facility_attribute_source": "AMBULANCE SERVICE OF NSW",
        "facility_attribute_date": "2018-06-06T00:00:00Z",
        "facility_source": "AMBULANCE SERVICE OF NSW",
        "facility_date": "2018-06-06T00:00:00Z",
        "facility_spatial_confidence": null,
        "facility_revised": "2018-09-14T00:00:00Z",
        "comment_": null,
        "facility_lat": "-33.713937999999985",
        "facility_long": "151.11099000000002",
        "validated": null,
        "gnaf_building_name": null,
        "gnaf_address_detail_pid": "GANSW706222962",
        "gnaf_formatted_address": "60 ISIS STREET",
        "gnaf_confidence": "1",
        "gnaf_postcode": "2076",
        "gnaf_suburb": "WAHROONGA",
        "distance_to_gnaf": 5,
        "gnaf_lat": "-33.71393475999997",
        "gnaf_long": "151.11103787000002"
      },
      "geometry": {
        "type": "Point",
        "coordinates": [
          151.11099546453258,
          -33.71392530573828
        ]
      }
    },
    {
      "type": "Feature",
      "properties": {
        "objectid": 492,
        "featuretype": "EMERGENCY FACILITY",
        "descripton": "An emergency management facility from which a particular agency\u2019s resources are commanded, coordinated and assigned to an incident or emergency",
        "class": "AMBULANCE STATION",
        "facility_name": "WALCHA",
        "facility_operationalstatus": "OPERATIONAL",
        "facility_address": "3 MIDDLE STREET",
        "abs_suburb": "WALCHA",
        "facility_state": "NEW SOUTH WALES",
        "abs_postcode": "2354",
        "facility_attribute_source": "AMBULANCE SERVICE OF NSW",
        "facility_attribute_date": "2018-06-06T00:00:00Z",
        "facility_source": "AMBULANCE SERVICE OF NSW",
        "facility_date": "2018-06-06T00:00:00Z",
        "facility_spatial_confidence": null,
        "facility_revised": "2018-09-14T00:00:00Z",
        "comment_": null,
        "facility_lat": "-30.986794999999972",
        "facility_long": "151.59836100000007",
        "validated": null,
        "gnaf_building_name": null,
        "gnaf_address_detail_pid": "GANSW706137228",
        "gnaf_formatted_address": "3 MIDDLE STREET",
        "gnaf_confidence": "0",
        "gnaf_postcode": "2354",
        "gnaf_suburb": "WALCHA",
        "distance_to_gnaf": 45,
        "gnaf_lat": "-30.986578429999952",
        "gnaf_long": "151.59875770000008"
      },
      "geometry": {
        "type": "Point",
        "coordinates": [
          151.59836675463296,
          -30.986782331827733
        ]
      }
    },
    {
      "type": "Feature",
      "properties": {
        "objectid": 493,
        "featuretype": "EMERGENCY FACILITY",
        "descripton": "An emergency management facility from which a particular agency\u2019s resources are commanded, coordinated and assigned to an incident or emergency",
        "class": "AMBULANCE STATION",
        "facility_name": "WALGETT",
        "facility_operationalstatus": "OPERATIONAL",
        "facility_address": "141 FOX STREET",
        "abs_suburb": "WALGETT",
        "facility_state": "NEW SOUTH WALES",
        "abs_postcode": "2832",
        "facility_attribute_source": "AMBULANCE SERVICE OF NSW",
        "facility_attribute_date": "2018-06-06T00:00:00Z",
        "facility_source": "AMBULANCE SERVICE OF NSW",
        "facility_date": "2018-06-06T00:00:00Z",
        "facility_spatial_confidence": null,
        "facility_revised": "2018-09-14T00:00:00Z",
        "comment_": null,
        "facility_lat": "-30.030713999999932",
        "facility_long": "148.11566700000003",
        "validated": null,
        "gnaf_building_name": null,
        "gnaf_address_detail_pid": "GANSW713053997",
        "gnaf_formatted_address": "141 FOX STREET",
        "gnaf_confidence": "1",
        "gnaf_postcode": "2832",
        "gnaf_suburb": "WALGETT",
        "distance_to_gnaf": 86,
        "gnaf_lat": "-30.031428129999938",
        "gnaf_long": "148.11602682000012"
      },
      "geometry": {
        "type": "Point",
        "coordinates": [
          148.11567330514734,
          -30.030701018619745
        ]
      }
    },
    {
      "type": "Feature",
      "properties": {
        "objectid": 494,
        "featuretype": "EMERGENCY FACILITY",
        "descripton": "An emergency management facility from which a particular agency\u2019s resources are commanded, coordinated and assigned to an incident or emergency",
        "class": "AMBULANCE STATION",
        "facility_name": "WARIALDA",
        "facility_operationalstatus": "OPERATIONAL",
        "facility_address": "146 LONG STREET",
        "abs_suburb": "WARIALDA",
        "facility_state": "NEW SOUTH WALES",
        "abs_postcode": "2402",
        "facility_attribute_source": "AMBULANCE SERVICE OF NSW",
        "facility_attribute_date": "2018-06-06T00:00:00Z",
        "facility_source": "AMBULANCE SERVICE OF NSW",
        "facility_date": "2018-06-06T00:00:00Z",
        "facility_spatial_confidence": null,
        "facility_revised": "2018-09-14T00:00:00Z",
        "comment_": null,
        "facility_lat": "-29.538291999999956",
        "facility_long": "150.5792540000001",
        "validated": null,
        "gnaf_building_name": "WARIALDA MPS",
        "gnaf_address_detail_pid": "GANSW706217098",
        "gnaf_formatted_address": "146 LONG STREET",
        "gnaf_confidence": "1",
        "gnaf_postcode": "2402",
        "gnaf_suburb": "WARIALDA",
        "distance_to_gnaf": 11,
        "gnaf_lat": "-29.538330379999934",
        "gnaf_long": "150.57915330000003"
      },
      "geometry": {
        "type": "Point",
        "coordinates": [
          150.5792600588501,
          -29.53827922639119
        ]
      }
    },
    {
      "type": "Feature",
      "properties": {
        "objectid": 495,
        "featuretype": "EMERGENCY FACILITY",
        "descripton": "An emergency management facility from which a particular agency\u2019s resources are commanded, coordinated and assigned to an incident or emergency",
        "class": "AMBULANCE STATION",
        "facility_name": "WARRAGAMBA",
        "facility_operationalstatus": "OPERATIONAL",
        "facility_address": "22 WEIR ROAD",
        "abs_suburb": "WARRAGAMBA",
        "facility_state": "NEW SOUTH WALES",
        "abs_postcode": "2752",
        "facility_attribute_source": "AMBULANCE SERVICE OF NSW",
        "facility_attribute_date": "2018-06-06T00:00:00Z",
        "facility_source": "AMBULANCE SERVICE OF NSW",
        "facility_date": "2018-06-06T00:00:00Z",
        "facility_spatial_confidence": null,
        "facility_revised": "2018-09-14T00:00:00Z",
        "comment_": null,
        "facility_lat": "-33.88817799999998",
        "facility_long": "150.60643600000003",
        "validated": null,
        "gnaf_building_name": null,
        "gnaf_address_detail_pid": "GANSW712879632",
        "gnaf_formatted_address": "22 WEIR ROAD",
        "gnaf_confidence": "1",
        "gnaf_postcode": "2752",
        "gnaf_suburb": "WARRAGAMBA",
        "distance_to_gnaf": 5,
        "gnaf_lat": "-33.888195259999975",
        "gnaf_long": "150.60648518000005"
      },
      "geometry": {
        "type": "Point",
        "coordinates": [
          150.6064415136898,
          -33.888165260539154
        ]
      }
    },
    {
      "type": "Feature",
      "properties": {
        "objectid": 496,
        "featuretype": "EMERGENCY FACILITY",
        "descripton": "An emergency management facility from which a particular agency\u2019s resources are commanded, coordinated and assigned to an incident or emergency",
        "class": "AMBULANCE STATION",
        "facility_name": "PICTON",
        "facility_operationalstatus": "OPERATIONAL",
        "facility_address": "77 ARGYLE STREET",
        "abs_suburb": "PICTON",
        "facility_state": "NEW SOUTH WALES",
        "abs_postcode": "2571",
        "facility_attribute_source": "AMBULANCE SERVICE OF NSW",
        "facility_attribute_date": "2018-06-06T00:00:00Z",
        "facility_source": "AMBULANCE SERVICE OF NSW",
        "facility_date": "2018-06-06T00:00:00Z",
        "facility_spatial_confidence": null,
        "facility_revised": "2018-09-14T00:00:00Z",
        "comment_": null,
        "facility_lat": "-34.16779999999994",
        "facility_long": "150.61200400000007",
        "validated": null,
        "gnaf_building_name": null,
        "gnaf_address_detail_pid": "GANSW712615188",
        "gnaf_formatted_address": "77 ARGYLE STREET",
        "gnaf_confidence": "0",
        "gnaf_postcode": "2571",
        "gnaf_suburb": "PICTON",
        "distance_to_gnaf": 24,
        "gnaf_lat": "-34.16766881999996",
        "gnaf_long": "150.61180250000007"
      },
      "geometry": {
        "type": "Point",
        "coordinates": [
          150.61200947617172,
          -34.1677872629927
        ]
      }
    },
    {
      "type": "Feature",
      "properties": {
        "objectid": 497,
        "featuretype": "EMERGENCY FACILITY",
        "descripton": "An emergency management facility from which a particular agency\u2019s resources are commanded, coordinated and assigned to an incident or emergency",
        "class": "AMBULANCE STATION",
        "facility_name": "POINT CLARE",
        "facility_operationalstatus": "OPERATIONAL",
        "facility_address": "241 BRISBANE WATER DRIVE",
        "abs_suburb": "POINT CLARE",
        "facility_state": "NEW SOUTH WALES",
        "abs_postcode": "2250",
        "facility_attribute_source": "AMBULANCE SERVICE OF NSW",
        "facility_attribute_date": "2018-06-06T00:00:00Z",
        "facility_source": "AMBULANCE SERVICE OF NSW",
        "facility_date": "2018-06-06T00:00:00Z",
        "facility_spatial_confidence": null,
        "facility_revised": "2018-09-14T00:00:00Z",
        "comment_": null,
        "facility_lat": "-33.434203999999966",
        "facility_long": "151.31611900000007",
        "validated": null,
        "gnaf_building_name": null,
        "gnaf_address_detail_pid": "GANSW705644568",
        "gnaf_formatted_address": "241 BRISBANE WATER DRIVE",
        "gnaf_confidence": "0",
        "gnaf_postcode": "2250",
        "gnaf_suburb": "POINT CLARE",
        "distance_to_gnaf": 40,
        "gnaf_lat": "-33.43405640999998",
        "gnaf_long": "151.31573177000007"
      },
      "geometry": {
        "type": "Point",
        "coordinates": [
          151.3161244728298,
          -33.43419132292689
        ]
      }
    },
    {
      "type": "Feature",
      "properties": {
        "objectid": 498,
        "featuretype": "EMERGENCY FACILITY",
        "descripton": "An emergency management facility from which a particular agency\u2019s resources are commanded, coordinated and assigned to an incident or emergency",
        "class": "AMBULANCE STATION",
        "facility_name": "PORT MACQUARIE",
        "facility_operationalstatus": "OPERATIONAL",
        "facility_address": "1 CENTRAL CLOSE",
        "abs_suburb": "PORT MACQUARIE",
        "facility_state": "NEW SOUTH WALES",
        "abs_postcode": "2444",
        "facility_attribute_source": "AMBULANCE SERVICE OF NSW",
        "facility_attribute_date": "2018-06-06T00:00:00Z",
        "facility_source": "AMBULANCE SERVICE OF NSW",
        "facility_date": "2018-06-06T00:00:00Z",
        "facility_spatial_confidence": null,
        "facility_revised": "2018-09-14T00:00:00Z",
        "comment_": null,
        "facility_lat": "-31.44404499999996",
        "facility_long": "152.89338800000007",
        "validated": null,
        "gnaf_building_name": null,
        "gnaf_address_detail_pid": "GANSW718189109",
        "gnaf_formatted_address": "1 CENTRAL CLOSE",
        "gnaf_confidence": "1",
        "gnaf_postcode": "2444",
        "gnaf_suburb": "PORT MACQUARIE",
        "distance_to_gnaf": 4,
        "gnaf_lat": "-31.444038879999937",
        "gnaf_long": "152.89334830000007"
      },
      "geometry": {
        "type": "Point",
        "coordinates": [
          152.89339352951393,
          -31.444032461360415
        ]
      }
    },
    {
      "type": "Feature",
      "properties": {
        "objectid": 499,
        "featuretype": "EMERGENCY FACILITY",
        "descripton": "An emergency management facility from which a particular agency\u2019s resources are commanded, coordinated and assigned to an incident or emergency",
        "class": "AMBULANCE STATION",
        "facility_name": "QUEANBEYAN",
        "facility_operationalstatus": "OPERATIONAL",
        "facility_address": "7 ERIN STREET",
        "abs_suburb": "QUEANBEYAN",
        "facility_state": "NEW SOUTH WALES",
        "abs_postcode": "2620",
        "facility_attribute_source": "AMBULANCE SERVICE OF NSW",
        "facility_attribute_date": "2018-06-06T00:00:00Z",
        "facility_source": "AMBULANCE SERVICE OF NSW",
        "facility_date": "2018-06-06T00:00:00Z",
        "facility_spatial_confidence": null,
        "facility_revised": "2018-09-14T00:00:00Z",
        "comment_": null,
        "facility_lat": "-35.347673999999984",
        "facility_long": "149.23167000000012",
        "validated": null,
        "gnaf_building_name": null,
        "gnaf_address_detail_pid": "GANSW712712522",
        "gnaf_formatted_address": "7 ERIN STREET",
        "gnaf_confidence": "0",
        "gnaf_postcode": "2620",
        "gnaf_suburb": "QUEANBEYAN",
        "distance_to_gnaf": 29,
        "gnaf_lat": "-35.347935879999966",
        "gnaf_long": "149.23164062000012"
      },
      "geometry": {
        "type": "Point",
        "coordinates": [
          149.23167552970207,
          -35.347661149174584
        ]
      }
    },
    {
      "type": "Feature",
      "properties": {
        "objectid": 500,
        "featuretype": "EMERGENCY FACILITY",
        "descripton": "An emergency management facility from which a particular agency\u2019s resources are commanded, coordinated and assigned to an incident or emergency",
        "class": "AMBULANCE STATION",
        "facility_name": "QUIRINDI",
        "facility_operationalstatus": "OPERATIONAL",
        "facility_address": "1 DALLEY STREET",
        "abs_suburb": "QUIRINDI",
        "facility_state": "NEW SOUTH WALES",
        "abs_postcode": "2343",
        "facility_attribute_source": "AMBULANCE SERVICE OF NSW",
        "facility_attribute_date": "2018-06-06T00:00:00Z",
        "facility_source": "AMBULANCE SERVICE OF NSW",
        "facility_date": "2018-06-06T00:00:00Z",
        "facility_spatial_confidence": null,
        "facility_revised": "2018-09-14T00:00:00Z",
        "comment_": null,
        "facility_lat": "-31.504213999999934",
        "facility_long": "150.68002400000012",
        "validated": null,
        "gnaf_building_name": null,
        "gnaf_address_detail_pid": "GANSW705760745",
        "gnaf_formatted_address": "1 DALLEY STREET",
        "gnaf_confidence": "2",
        "gnaf_postcode": "2343",
        "gnaf_suburb": "QUIRINDI",
        "distance_to_gnaf": 4,
        "gnaf_lat": "-31.50417939999994",
        "gnaf_long": "150.68002422000006"
      },
      "geometry": {
        "type": "Point",
        "coordinates": [
          150.68002980750356,
          -31.50420125019448
        ]
      }
    },
    {
      "type": "Feature",
      "properties": {
        "objectid": 501,
        "featuretype": "EMERGENCY FACILITY",
        "descripton": "An emergency management facility from which a particular agency\u2019s resources are commanded, coordinated and assigned to an incident or emergency",
        "class": "AMBULANCE STATION",
        "facility_name": "RANDWICK",
        "facility_operationalstatus": "OPERATIONAL",
        "facility_address": "143 BARKER STREET",
        "abs_suburb": "RANDWICK",
        "facility_state": "NEW SOUTH WALES",
        "abs_postcode": "2031",
        "facility_attribute_source": "AMBULANCE SERVICE OF NSW",
        "facility_attribute_date": "2018-06-06T00:00:00Z",
        "facility_source": "AMBULANCE SERVICE OF NSW",
        "facility_date": "2018-06-06T00:00:00Z",
        "facility_spatial_confidence": null,
        "facility_revised": "2018-09-14T00:00:00Z",
        "comment_": null,
        "facility_lat": "-33.92074999999994",
        "facility_long": "151.23747600000002",
        "validated": null,
        "gnaf_building_name": null,
        "gnaf_address_detail_pid": "GANSW710428820",
        "gnaf_formatted_address": "143 BARKER STREET",
        "gnaf_confidence": "2",
        "gnaf_postcode": "2031",
        "gnaf_suburb": "RANDWICK",
        "distance_to_gnaf": 238,
        "gnaf_lat": "-33.91905981999997",
        "gnaf_long": "151.2390541100001"
      },
      "geometry": {
        "type": "Point",
        "coordinates": [
          151.23748141879503,
          -33.9207373189825
        ]
      }
    },
    {
      "type": "Feature",
      "properties": {
        "objectid": 502,
        "featuretype": "EMERGENCY FACILITY",
        "descripton": "An emergency management facility from which a particular agency\u2019s resources are commanded, coordinated and assigned to an incident or emergency",
        "class": "AMBULANCE STATION",
        "facility_name": "WARREN",
        "facility_operationalstatus": "OPERATIONAL",
        "facility_address": "DR KATER DRIVE",
        "abs_suburb": "RAVENSWOOD",
        "facility_state": "NEW SOUTH WALES",
        "abs_postcode": "2824",
        "facility_attribute_source": "AMBULANCE SERVICE OF NSW",
        "facility_attribute_date": "2018-06-06T00:00:00Z",
        "facility_source": "AMBULANCE SERVICE OF NSW",
        "facility_date": "2018-06-06T00:00:00Z",
        "facility_spatial_confidence": null,
        "facility_revised": "2018-09-14T00:00:00Z",
        "comment_": null,
        "facility_lat": "-31.693735999999944",
        "facility_long": "147.8360610000001",
        "validated": null,
        "gnaf_building_name": null,
        "gnaf_address_detail_pid": "GANSW719808507",
        "gnaf_formatted_address": "127 DOCTOR KATER DRIVE",
        "gnaf_confidence": "0",
        "gnaf_postcode": "2824",
        "gnaf_suburb": "RAVENSWOOD",
        "distance_to_gnaf": 76,
        "gnaf_lat": "-31.693451099999947",
        "gnaf_long": "147.83679202000008"
      },
      "geometry": {
        "type": "Point",
        "coordinates": [
          147.8360671618028,
          -31.693723008308037
        ]
      }
    },
    {
      "type": "Feature",
      "properties": {
        "objectid": 503,
        "featuretype": "EMERGENCY FACILITY",
        "descripton": "An emergency management facility from which a particular agency\u2019s resources are commanded, coordinated and assigned to an incident or emergency",
        "class": "AMBULANCE STATION",
        "facility_name": "RAYMOND TERRACE",
        "facility_operationalstatus": "OPERATIONAL",
        "facility_address": "193 ADELAIDE STREET",
        "abs_suburb": "RAYMOND TERRACE",
        "facility_state": "NEW SOUTH WALES",
        "abs_postcode": "2324",
        "facility_attribute_source": "AMBULANCE SERVICE OF NSW",
        "facility_attribute_date": "2018-06-06T00:00:00Z",
        "facility_source": "AMBULANCE SERVICE OF NSW",
        "facility_date": "2018-06-06T00:00:00Z",
        "facility_spatial_confidence": null,
        "facility_revised": "2018-09-14T00:00:00Z",
        "comment_": null,
        "facility_lat": "-32.76673399999993",
        "facility_long": "151.7415360000001",
        "validated": null,
        "gnaf_building_name": null,
        "gnaf_address_detail_pid": "GANSW712084418",
        "gnaf_formatted_address": "193 ADELAIDE STREET",
        "gnaf_confidence": "1",
        "gnaf_postcode": "2324",
        "gnaf_suburb": "RAYMOND TERRACE",
        "distance_to_gnaf": 19,
        "gnaf_lat": "-32.76686205999994",
        "gnaf_long": "151.74166222000008"
      },
      "geometry": {
        "type": "Point",
        "coordinates": [
          151.7415415031488,
          -32.76672135843358
        ]
      }
    },
    {
      "type": "Feature",
      "properties": {
        "objectid": 504,
        "featuretype": "EMERGENCY FACILITY",
        "descripton": "An emergency management facility from which a particular agency\u2019s resources are commanded, coordinated and assigned to an incident or emergency",
        "class": "AMBULANCE STATION",
        "facility_name": "WARRAWONG",
        "facility_operationalstatus": "OPERATIONAL",
        "facility_address": "25 FIRST AV S",
        "abs_suburb": "WARRAWONG",
        "facility_state": "NEW SOUTH WALES",
        "abs_postcode": "2502",
        "facility_attribute_source": "AMBULANCE SERVICE OF NSW",
        "facility_attribute_date": "2018-06-06T00:00:00Z",
        "facility_source": "AMBULANCE SERVICE OF NSW",
        "facility_date": "2018-06-06T00:00:00Z",
        "facility_spatial_confidence": null,
        "facility_revised": "2018-09-14T00:00:00Z",
        "comment_": null,
        "facility_lat": "-34.48745599999995",
        "facility_long": "150.884991",
        "validated": null,
        "gnaf_building_name": null,
        "gnaf_address_detail_pid": "GANSW712411473",
        "gnaf_formatted_address": "25 FIRST AVENUE",
        "gnaf_confidence": "1",
        "gnaf_postcode": "2502",
        "gnaf_suburb": "WARRAWONG",
        "distance_to_gnaf": 3,
        "gnaf_lat": "-34.48743275999993",
        "gnaf_long": "150.88500498000008"
      },
      "geometry": {
        "type": "Point",
        "coordinates": [
          150.88499639374228,
          -34.487443290204894
        ]
      }
    },
    {
      "type": "Feature",
      "properties": {
        "objectid": 505,
        "featuretype": "EMERGENCY FACILITY",
        "descripton": "An emergency management facility from which a particular agency\u2019s resources are commanded, coordinated and assigned to an incident or emergency",
        "class": "AMBULANCE STATION",
        "facility_name": "WAUCHOPE",
        "facility_operationalstatus": "OPERATIONAL",
        "facility_address": "96 HIGH STREET",
        "abs_suburb": "WAUCHOPE",
        "facility_state": "NEW SOUTH WALES",
        "abs_postcode": "2446",
        "facility_attribute_source": "AMBULANCE SERVICE OF NSW",
        "facility_attribute_date": "2018-06-06T00:00:00Z",
        "facility_source": "AMBULANCE SERVICE OF NSW",
        "facility_date": "2018-06-06T00:00:00Z",
        "facility_spatial_confidence": null,
        "facility_revised": "2018-09-14T00:00:00Z",
        "comment_": null,
        "facility_lat": "-31.458163999999954",
        "facility_long": "152.72735000000011",
        "validated": null,
        "gnaf_building_name": null,
        "gnaf_address_detail_pid": "GANSW706204826",
        "gnaf_formatted_address": "96 HIGH STREET",
        "gnaf_confidence": "1",
        "gnaf_postcode": "2446",
        "gnaf_suburb": "WAUCHOPE",
        "distance_to_gnaf": 13,
        "gnaf_lat": "-31.45824493999993",
        "gnaf_long": "152.72725873000002"
      },
      "geometry": {
        "type": "Point",
        "coordinates": [
          152.72735554883874,
          -31.458151444921427
        ]
      }
    },
    {
      "type": "Feature",
      "properties": {
        "objectid": 506,
        "featuretype": "EMERGENCY FACILITY",
        "descripton": "An emergency management facility from which a particular agency\u2019s resources are commanded, coordinated and assigned to an incident or emergency",
        "class": "AMBULANCE STATION",
        "facility_name": "WEE WAA",
        "facility_operationalstatus": "OPERATIONAL",
        "facility_address": "118 ROSE STREET",
        "abs_suburb": "WEE WAA",
        "facility_state": "NEW SOUTH WALES",
        "abs_postcode": "2388",
        "facility_attribute_source": "AMBULANCE SERVICE OF NSW",
        "facility_attribute_date": "2018-06-06T00:00:00Z",
        "facility_source": "AMBULANCE SERVICE OF NSW",
        "facility_date": "2018-06-06T00:00:00Z",
        "facility_spatial_confidence": null,
        "facility_revised": "2018-09-14T00:00:00Z",
        "comment_": null,
        "facility_lat": "-30.22458299999994",
        "facility_long": "149.44563300000004",
        "validated": null,
        "gnaf_building_name": "AMBULANCE STATION",
        "gnaf_address_detail_pid": "GANSW712128919",
        "gnaf_formatted_address": "118 ROSE STREET",
        "gnaf_confidence": "2",
        "gnaf_postcode": "2388",
        "gnaf_suburb": "WEE WAA",
        "distance_to_gnaf": 21,
        "gnaf_lat": "-30.224736749999977",
        "gnaf_long": "149.44575495000004"
      },
      "geometry": {
        "type": "Point",
        "coordinates": [
          149.44563911765627,
          -30.224570131205166
        ]
      }
    },
    {
      "type": "Feature",
      "properties": {
        "objectid": 507,
        "featuretype": "EMERGENCY FACILITY",
        "descripton": "An emergency management facility from which a particular agency\u2019s resources are commanded, coordinated and assigned to an incident or emergency",
        "class": "AMBULANCE STATION",
        "facility_name": "WELLINGTON",
        "facility_operationalstatus": "OPERATIONAL",
        "facility_address": "30 THORNTON STREET",
        "abs_suburb": "WELLINGTON",
        "facility_state": "NEW SOUTH WALES",
        "abs_postcode": "2820",
        "facility_attribute_source": "AMBULANCE SERVICE OF NSW",
        "facility_attribute_date": "2018-06-06T00:00:00Z",
        "facility_source": "AMBULANCE SERVICE OF NSW",
        "facility_date": "2018-06-06T00:00:00Z",
        "facility_spatial_confidence": null,
        "facility_revised": "2018-09-14T00:00:00Z",
        "comment_": null,
        "facility_lat": "-32.54902599999997",
        "facility_long": "148.9514670000001",
        "validated": null,
        "gnaf_building_name": null,
        "gnaf_address_detail_pid": "GANSW717880341",
        "gnaf_formatted_address": "30 THORNTON STREET",
        "gnaf_confidence": "1",
        "gnaf_postcode": "2820",
        "gnaf_suburb": "WELLINGTON",
        "distance_to_gnaf": 104,
        "gnaf_lat": "-32.54982652999996",
        "gnaf_long": "148.95203942000012"
      },
      "geometry": {
        "type": "Point",
        "coordinates": [
          148.9514729130683,
          -32.54901310598488
        ]
      }
    },
    {
      "type": "Feature",
      "properties": {
        "objectid": 508,
        "featuretype": "EMERGENCY FACILITY",
        "descripton": "An emergency management facility from which a particular agency\u2019s resources are commanded, coordinated and assigned to an incident or emergency",
        "class": "AMBULANCE STATION",
        "facility_name": "WENTWORTH",
        "facility_operationalstatus": "OPERATIONAL",
        "facility_address": "24 UNNAMED WENTWORTH ROAD",
        "abs_suburb": "WENTWORTH",
        "facility_state": "NEW SOUTH WALES",
        "abs_postcode": "2648",
        "facility_attribute_source": "AMBULANCE SERVICE OF NSW",
        "facility_attribute_date": "2018-06-06T00:00:00Z",
        "facility_source": "AMBULANCE SERVICE OF NSW",
        "facility_date": "2018-06-06T00:00:00Z",
        "facility_spatial_confidence": null,
        "facility_revised": "2018-09-14T00:00:00Z",
        "comment_": null,
        "facility_lat": "-34.11007499999994",
        "facility_long": "141.9232300000001",
        "validated": null,
        "gnaf_building_name": "WENTWORTH HEALTH SERVICE",
        "gnaf_address_detail_pid": "GANSW718196767",
        "gnaf_formatted_address": "24 HOSPITAL ROAD",
        "gnaf_confidence": "2",
        "gnaf_postcode": "2648",
        "gnaf_suburb": "WENTWORTH",
        "distance_to_gnaf": 53,
        "gnaf_lat": "-34.109906809999984",
        "gnaf_long": "141.92269679000003"
      },
      "geometry": {
        "type": "Point",
        "coordinates": [
          141.92323678121474,
          -34.1100616243156
        ]
      }
    },
    {
      "type": "Feature",
      "properties": {
        "objectid": 509,
        "featuretype": "EMERGENCY FACILITY",
        "descripton": "An emergency management facility from which a particular agency\u2019s resources are commanded, coordinated and assigned to an incident or emergency",
        "class": "AMBULANCE STATION",
        "facility_name": "KEMPSEY",
        "facility_operationalstatus": "OPERATIONAL",
        "facility_address": "TOZER STREET",
        "abs_suburb": "WEST KEMPSEY",
        "facility_state": "NEW SOUTH WALES",
        "abs_postcode": "2440",
        "facility_attribute_source": "AMBULANCE SERVICE OF NSW",
        "facility_attribute_date": "2018-06-06T00:00:00Z",
        "facility_source": "AMBULANCE SERVICE OF NSW",
        "facility_date": "2018-06-06T00:00:00Z",
        "facility_spatial_confidence": null,
        "facility_revised": "2018-09-14T00:00:00Z",
        "comment_": null,
        "facility_lat": "-31.068015999999943",
        "facility_long": "152.82185200000004",
        "validated": null,
        "gnaf_building_name": null,
        "gnaf_address_detail_pid": "GANSW719808956",
        "gnaf_formatted_address": "140 TOZER STREET",
        "gnaf_confidence": "0",
        "gnaf_postcode": "2440",
        "gnaf_suburb": "WEST KEMPSEY",
        "distance_to_gnaf": 7,
        "gnaf_lat": "-31.068073179999942",
        "gnaf_long": "152.82181571"
      },
      "geometry": {
        "type": "Point",
        "coordinates": [
          152.82185758944576,
          -31.06800345143489
        ]
      }
    },
    {
      "type": "Feature",
      "properties": {
        "objectid": 510,
        "featuretype": "EMERGENCY FACILITY",
        "descripton": "An emergency management facility from which a particular agency\u2019s resources are commanded, coordinated and assigned to an incident or emergency",
        "class": "AMBULANCE STATION",
        "facility_name": "WEST WYALONG",
        "facility_operationalstatus": "OPERATIONAL",
        "facility_address": "33 CHURCH STREET",
        "abs_suburb": "WEST WYALONG",
        "facility_state": "NEW SOUTH WALES",
        "abs_postcode": "2671",
        "facility_attribute_source": "AMBULANCE SERVICE OF NSW",
        "facility_attribute_date": "2018-06-06T00:00:00Z",
        "facility_source": "AMBULANCE SERVICE OF NSW",
        "facility_date": "2018-06-06T00:00:00Z",
        "facility_spatial_confidence": null,
        "facility_revised": "2018-09-14T00:00:00Z",
        "comment_": null,
        "facility_lat": "-33.92429099999998",
        "facility_long": "147.2052950000001",
        "validated": null,
        "gnaf_building_name": null,
        "gnaf_address_detail_pid": "GANSW712788499",
        "gnaf_formatted_address": "33 CHURCH STREET",
        "gnaf_confidence": "1",
        "gnaf_postcode": "2671",
        "gnaf_suburb": "WEST WYALONG",
        "distance_to_gnaf": 5,
        "gnaf_lat": "-33.92424902999994",
        "gnaf_long": "147.20528620000005"
      },
      "geometry": {
        "type": "Point",
        "coordinates": [
          147.2053010048125,
          -33.924277974429465
        ]
      }
    },
    {
      "type": "Feature",
      "properties": {
        "objectid": 511,
        "featuretype": "EMERGENCY FACILITY",
        "descripton": "An emergency management facility from which a particular agency\u2019s resources are commanded, coordinated and assigned to an incident or emergency",
        "class": "AMBULANCE STATION",
        "facility_name": "WOOLGOOLGA",
        "facility_operationalstatus": "OPERATIONAL",
        "facility_address": "1 QUEEN STREET",
        "abs_suburb": "WOOLGOOLGA",
        "facility_state": "NEW SOUTH WALES",
        "abs_postcode": "2456",
        "facility_attribute_source": "AMBULANCE SERVICE OF NSW",
        "facility_attribute_date": "2018-06-06T00:00:00Z",
        "facility_source": "AMBULANCE SERVICE OF NSW",
        "facility_date": "2018-06-06T00:00:00Z",
        "facility_spatial_confidence": null,
        "facility_revised": "2018-09-14T00:00:00Z",
        "comment_": null,
        "facility_lat": "-30.110863999999935",
        "facility_long": "153.2028650000001",
        "validated": null,
        "gnaf_building_name": "AMBULANCE STATION RES",
        "gnaf_address_detail_pid": "GANSW712243439",
        "gnaf_formatted_address": "1 QUEEN STREET",
        "gnaf_confidence": "2",
        "gnaf_postcode": "2456",
        "gnaf_suburb": "WOOLGOOLGA",
        "distance_to_gnaf": 5,
        "gnaf_lat": "-30.11085829999996",
        "gnaf_long": "153.20291441000006"
      },
      "geometry": {
        "type": "Point",
        "coordinates": [
          153.2028706709278,
          -30.110851482513546
        ]
      }
    },
    {
      "type": "Feature",
      "properties": {
        "objectid": 512,
        "featuretype": "EMERGENCY FACILITY",
        "descripton": "An emergency management facility from which a particular agency\u2019s resources are commanded, coordinated and assigned to an incident or emergency",
        "class": "AMBULANCE STATION",
        "facility_name": "REGENTS PARK",
        "facility_operationalstatus": "OPERATIONAL",
        "facility_address": "391 PARK ROAD",
        "abs_suburb": "REGENTS PARK",
        "facility_state": "NEW SOUTH WALES",
        "abs_postcode": "2143",
        "facility_attribute_source": "AMBULANCE SERVICE OF NSW",
        "facility_attribute_date": "2018-06-06T00:00:00Z",
        "facility_source": "AMBULANCE SERVICE OF NSW",
        "facility_date": "2018-06-06T00:00:00Z",
        "facility_spatial_confidence": null,
        "facility_revised": "2018-09-14T00:00:00Z",
        "comment_": null,
        "facility_lat": "-33.877531999999974",
        "facility_long": "151.02447400000005",
        "validated": null,
        "gnaf_building_name": null,
        "gnaf_address_detail_pid": "GANSW711059410",
        "gnaf_formatted_address": "391 PARK ROAD",
        "gnaf_confidence": "1",
        "gnaf_postcode": "2143",
        "gnaf_suburb": "REGENTS PARK",
        "distance_to_gnaf": 326,
        "gnaf_lat": "-33.879296239999974",
        "gnaf_long": "151.02165471000012"
      },
      "geometry": {
        "type": "Point",
        "coordinates": [
          151.0244794550961,
          -33.87751929885361
        ]
      }
    },
    {
      "type": "Feature",
      "properties": {
        "objectid": 513,
        "featuretype": "EMERGENCY FACILITY",
        "descripton": "An emergency management facility from which a particular agency\u2019s resources are commanded, coordinated and assigned to an incident or emergency",
        "class": "AMBULANCE STATION",
        "facility_name": "RICHMOND",
        "facility_operationalstatus": "OPERATIONAL",
        "facility_address": "307 WINDSOR STREET",
        "abs_suburb": "RICHMOND",
        "facility_state": "NEW SOUTH WALES",
        "abs_postcode": "2753",
        "facility_attribute_source": "AMBULANCE SERVICE OF NSW",
        "facility_attribute_date": "2018-06-06T00:00:00Z",
        "facility_source": "AMBULANCE SERVICE OF NSW",
        "facility_date": "2018-06-06T00:00:00Z",
        "facility_spatial_confidence": null,
        "facility_revised": "2018-09-14T00:00:00Z",
        "comment_": null,
        "facility_lat": "-33.59500099999997",
        "facility_long": "150.74745800000005",
        "validated": null,
        "gnaf_building_name": null,
        "gnaf_address_detail_pid": "GANSW718467739",
        "gnaf_formatted_address": "307 WINDSOR STREET",
        "gnaf_confidence": "2",
        "gnaf_postcode": "2753",
        "gnaf_suburb": "RICHMOND",
        "distance_to_gnaf": 32,
        "gnaf_lat": "-33.59475675999994",
        "gnaf_long": "150.74763502000008"
      },
      "geometry": {
        "type": "Point",
        "coordinates": [
          150.74746353188362,
          -33.59498827135743
        ]
      }
    },
    {
      "type": "Feature",
      "properties": {
        "objectid": 514,
        "featuretype": "EMERGENCY FACILITY",
        "descripton": "An emergency management facility from which a particular agency\u2019s resources are commanded, coordinated and assigned to an incident or emergency",
        "class": "AMBULANCE STATION",
        "facility_name": "RUTHERFORD",
        "facility_operationalstatus": "OPERATIONAL",
        "facility_address": "21 GILLIES STREET",
        "abs_suburb": "RUTHERFORD",
        "facility_state": "NEW SOUTH WALES",
        "abs_postcode": "2320",
        "facility_attribute_source": "AMBULANCE SERVICE OF NSW",
        "facility_attribute_date": "2018-06-06T00:00:00Z",
        "facility_source": "AMBULANCE SERVICE OF NSW",
        "facility_date": "2018-06-06T00:00:00Z",
        "facility_spatial_confidence": null,
        "facility_revised": "2018-09-14T00:00:00Z",
        "comment_": null,
        "facility_lat": "-32.72165899999993",
        "facility_long": "151.53822600000012",
        "validated": null,
        "gnaf_building_name": null,
        "gnaf_address_detail_pid": "GANSW705847875",
        "gnaf_formatted_address": "21 GILLIES STREET",
        "gnaf_confidence": "1",
        "gnaf_postcode": "2320",
        "gnaf_suburb": "RUTHERFORD",
        "distance_to_gnaf": 5,
        "gnaf_lat": "-32.721624979999945",
        "gnaf_long": "151.53826756000012"
      },
      "geometry": {
        "type": "Point",
        "coordinates": [
          151.5382315368435,
          -32.72164633878287
        ]
      }
    },
    {
      "type": "Feature",
      "properties": {
        "objectid": 515,
        "featuretype": "EMERGENCY FACILITY",
        "descripton": "An emergency management facility from which a particular agency\u2019s resources are commanded, coordinated and assigned to an incident or emergency",
        "class": "AMBULANCE STATION",
        "facility_name": "RYLSTONE",
        "facility_operationalstatus": "OPERATIONAL",
        "facility_address": "30 ILFORD ROAD",
        "abs_suburb": "RYLSTONE",
        "facility_state": "NEW SOUTH WALES",
        "abs_postcode": "2849",
        "facility_attribute_source": "AMBULANCE SERVICE OF NSW",
        "facility_attribute_date": "2018-06-06T00:00:00Z",
        "facility_source": "AMBULANCE SERVICE OF NSW",
        "facility_date": "2018-06-06T00:00:00Z",
        "facility_spatial_confidence": null,
        "facility_revised": "2018-09-14T00:00:00Z",
        "comment_": null,
        "facility_lat": "-32.80479999999994",
        "facility_long": "149.9752000000001",
        "validated": null,
        "gnaf_building_name": null,
        "gnaf_address_detail_pid": "GANSW718601749",
        "gnaf_formatted_address": "30 ILFORD ROAD",
        "gnaf_confidence": "1",
        "gnaf_postcode": "2849",
        "gnaf_suburb": "RYLSTONE",
        "distance_to_gnaf": 36,
        "gnaf_lat": "-32.80464288999997",
        "gnaf_long": "149.97553410000012"
      },
      "geometry": {
        "type": "Point",
        "coordinates": [
          149.97520574075176,
          -32.804787196259454
        ]
      }
    },
    {
      "type": "Feature",
      "properties": {
        "objectid": 516,
        "featuretype": "EMERGENCY FACILITY",
        "descripton": "An emergency management facility from which a particular agency\u2019s resources are commanded, coordinated and assigned to an incident or emergency",
        "class": "AMBULANCE STATION",
        "facility_name": "NELSON BAY",
        "facility_operationalstatus": "OPERATIONAL",
        "facility_address": "192 SALAMANDER WAY",
        "abs_suburb": "SALAMANDER BAY",
        "facility_state": "NEW SOUTH WALES",
        "abs_postcode": "2317",
        "facility_attribute_source": "AMBULANCE SERVICE OF NSW",
        "facility_attribute_date": "2018-06-06T00:00:00Z",
        "facility_source": "AMBULANCE SERVICE OF NSW",
        "facility_date": "2018-06-06T00:00:00Z",
        "facility_spatial_confidence": null,
        "facility_revised": "2018-09-14T00:00:00Z",
        "comment_": null,
        "facility_lat": "-32.73850299999998",
        "facility_long": "152.11186400000008",
        "validated": null,
        "gnaf_building_name": null,
        "gnaf_address_detail_pid": "GANSW705835551",
        "gnaf_formatted_address": "192 SALAMANDER WAY",
        "gnaf_confidence": "2",
        "gnaf_postcode": "2317",
        "gnaf_suburb": "SALAMANDER BAY",
        "distance_to_gnaf": 0,
        "gnaf_lat": "-32.73850474999995",
        "gnaf_long": "152.11186109000005"
      },
      "geometry": {
        "type": "Point",
        "coordinates": [
          152.11186945660617,
          -32.738490393854526
        ]
      }
    },
    {
      "type": "Feature",
      "properties": {
        "objectid": 517,
        "featuretype": "EMERGENCY FACILITY",
        "descripton": "An emergency management facility from which a particular agency\u2019s resources are commanded, coordinated and assigned to an incident or emergency",
        "class": "AMBULANCE STATION",
        "facility_name": "SCONE",
        "facility_operationalstatus": "OPERATIONAL",
        "facility_address": "212 KELLY STREET",
        "abs_suburb": "SCONE",
        "facility_state": "NEW SOUTH WALES",
        "abs_postcode": "2337",
        "facility_attribute_source": "AMBULANCE SERVICE OF NSW",
        "facility_attribute_date": "2018-06-06T00:00:00Z",
        "facility_source": "AMBULANCE SERVICE OF NSW",
        "facility_date": "2018-06-06T00:00:00Z",
        "facility_spatial_confidence": null,
        "facility_revised": "2018-09-14T00:00:00Z",
        "comment_": null,
        "facility_lat": "-32.05221799999998",
        "facility_long": "150.86750500000005",
        "validated": null,
        "gnaf_building_name": null,
        "gnaf_address_detail_pid": "GANSW718313760",
        "gnaf_formatted_address": "212 KELLY STREET",
        "gnaf_confidence": "0",
        "gnaf_postcode": "2337",
        "gnaf_suburb": "SCONE",
        "distance_to_gnaf": 17,
        "gnaf_lat": "-32.05225057999996",
        "gnaf_long": "150.86767922"
      },
      "geometry": {
        "type": "Point",
        "coordinates": [
          150.8675107139882,
          -32.05220527135991
        ]
      }
    },
    {
      "type": "Feature",
      "properties": {
        "objectid": 518,
        "featuretype": "EMERGENCY FACILITY",
        "descripton": "An emergency management facility from which a particular agency\u2019s resources are commanded, coordinated and assigned to an incident or emergency",
        "class": "AMBULANCE STATION",
        "facility_name": "SINGLETON",
        "facility_operationalstatus": "OPERATIONAL",
        "facility_address": "95 GEORGE STREET",
        "abs_suburb": "SINGLETON",
        "facility_state": "NEW SOUTH WALES",
        "abs_postcode": "2330",
        "facility_attribute_source": "AMBULANCE SERVICE OF NSW",
        "facility_attribute_date": "2018-06-06T00:00:00Z",
        "facility_source": "AMBULANCE SERVICE OF NSW",
        "facility_date": "2018-06-06T00:00:00Z",
        "facility_spatial_confidence": null,
        "facility_revised": "2018-09-14T00:00:00Z",
        "comment_": null,
        "facility_lat": "-32.56594299999995",
        "facility_long": "151.17765300000008",
        "validated": null,
        "gnaf_building_name": "AMBULANCE RESIDENCE",
        "gnaf_address_detail_pid": "GANSW705927018",
        "gnaf_formatted_address": "95 GEORGE STREET",
        "gnaf_confidence": "2",
        "gnaf_postcode": "2330",
        "gnaf_suburb": "SINGLETON",
        "distance_to_gnaf": 8,
        "gnaf_lat": "-32.56600774999998",
        "gnaf_long": "151.17769363000002"
      },
      "geometry": {
        "type": "Point",
        "coordinates": [
          151.17765860630874,
          -32.56593030379016
        ]
      }
    },
    {
      "type": "Feature",
      "properties": {
        "objectid": 519,
        "featuretype": "EMERGENCY FACILITY",
        "descripton": "An emergency management facility from which a particular agency\u2019s resources are commanded, coordinated and assigned to an incident or emergency",
        "class": "AMBULANCE STATION",
        "facility_name": "TAMWORTH SOUTH",
        "facility_operationalstatus": "OPERATIONAL",
        "facility_address": "42 PETRA AVENUE",
        "abs_suburb": "SOUTH TAMWORTH",
        "facility_state": "NEW SOUTH WALES",
        "abs_postcode": "2340",
        "facility_attribute_source": "AMBULANCE SERVICE OF NSW",
        "facility_attribute_date": "2018-06-06T00:00:00Z",
        "facility_source": "AMBULANCE SERVICE OF NSW",
        "facility_date": "2018-06-06T00:00:00Z",
        "facility_spatial_confidence": null,
        "facility_revised": "2018-09-14T00:00:00Z",
        "comment_": null,
        "facility_lat": "-31.107910999999945",
        "facility_long": "150.9093580000001",
        "validated": null,
        "gnaf_building_name": null,
        "gnaf_address_detail_pid": "GANSW705955133",
        "gnaf_formatted_address": "42-44 PETRA AVENUE",
        "gnaf_confidence": "1",
        "gnaf_postcode": "2340",
        "gnaf_suburb": "SOUTH TAMWORTH",
        "distance_to_gnaf": 6,
        "gnaf_lat": "-31.107933119999984",
        "gnaf_long": "150.90930218000005"
      },
      "geometry": {
        "type": "Point",
        "coordinates": [
          150.90936382714176,
          -31.107898268307547
        ]
      }
    },
    {
      "type": "Feature",
      "properties": {
        "objectid": 555,
        "featuretype": "EMERGENCY FACILITY",
        "descripton": "An emergency management facility from which a particular agency\u2019s resources are commanded, coordinated and assigned to an incident or emergency",
        "class": "AMBULANCE STATION",
        "facility_name": "WYONG",
        "facility_operationalstatus": "OPERATIONAL",
        "facility_address": "128 PACIFIC HIGHWAY",
        "abs_suburb": "WYONG",
        "facility_state": "NEW SOUTH WALES",
        "abs_postcode": "2259",
        "facility_attribute_source": "AMBULANCE SERVICE OF NSW",
        "facility_attribute_date": "2018-06-06T00:00:00Z",
        "facility_source": "AMBULANCE SERVICE OF NSW",
        "facility_date": "2018-06-06T00:00:00Z",
        "facility_spatial_confidence": null,
        "facility_revised": "2018-09-14T00:00:00Z",
        "comment_": null,
        "facility_lat": "-33.28321299999993",
        "facility_long": "151.42510000000004",
        "validated": null,
        "gnaf_building_name": null,
        "gnaf_address_detail_pid": "GANSW706386055",
        "gnaf_formatted_address": "128 PACIFIC HIGHWAY",
        "gnaf_confidence": "2",
        "gnaf_postcode": "2259",
        "gnaf_suburb": "WYONG",
        "distance_to_gnaf": 17,
        "gnaf_lat": "-33.28315071999998",
        "gnaf_long": "151.4249295300001"
      },
      "geometry": {
        "type": "Point",
        "coordinates": [
          151.4251054777369,
          -33.283200332103924
        ]
      }
    },
    {
      "type": "Feature",
      "properties": {
        "objectid": 556,
        "featuretype": "EMERGENCY FACILITY",
        "descripton": "An emergency management facility from which a particular agency\u2019s resources are commanded, coordinated and assigned to an incident or emergency",
        "class": "AMBULANCE STATION",
        "facility_name": "YAMBA",
        "facility_operationalstatus": "OPERATIONAL",
        "facility_address": "3 ROBERTS CLOSE",
        "abs_suburb": "YAMBA",
        "facility_state": "NEW SOUTH WALES",
        "abs_postcode": "2464",
        "facility_attribute_source": "AMBULANCE SERVICE OF NSW",
        "facility_attribute_date": "2018-06-06T00:00:00Z",
        "facility_source": "AMBULANCE SERVICE OF NSW",
        "facility_date": "2018-06-06T00:00:00Z",
        "facility_spatial_confidence": null,
        "facility_revised": "2018-09-14T00:00:00Z",
        "comment_": null,
        "facility_lat": "-29.426555999999948",
        "facility_long": "153.32800300000008",
        "validated": null,
        "gnaf_building_name": null,
        "gnaf_address_detail_pid": "GANSW717604645",
        "gnaf_formatted_address": "3 ROBERTS CLOSE",
        "gnaf_confidence": "1",
        "gnaf_postcode": "2464",
        "gnaf_suburb": "YAMBA",
        "distance_to_gnaf": 27,
        "gnaf_lat": "-29.42648700999996",
        "gnaf_long": "153.3282717400001"
      },
      "geometry": {
        "type": "Point",
        "coordinates": [
          153.32800874722565,
          -29.4265434899915
        ]
      }
    },
    {
      "type": "Feature",
      "properties": {
        "objectid": 557,
        "featuretype": "EMERGENCY FACILITY",
        "descripton": "An emergency management facility from which a particular agency\u2019s resources are commanded, coordinated and assigned to an incident or emergency",
        "class": "AMBULANCE STATION",
        "facility_name": "YASS",
        "facility_operationalstatus": "OPERATIONAL",
        "facility_address": "88 MEEHAN STREET",
        "abs_suburb": "YASS",
        "facility_state": "NEW SOUTH WALES",
        "abs_postcode": "2582",
        "facility_attribute_source": "AMBULANCE SERVICE OF NSW",
        "facility_attribute_date": "2018-06-06T00:00:00Z",
        "facility_source": "AMBULANCE SERVICE OF NSW",
        "facility_date": "2018-06-06T00:00:00Z",
        "facility_spatial_confidence": null,
        "facility_revised": "2018-09-14T00:00:00Z",
        "comment_": null,
        "facility_lat": "-34.841868999999974",
        "facility_long": "148.91211900000008",
        "validated": null,
        "gnaf_building_name": null,
        "gnaf_address_detail_pid": "GANSW706393184",
        "gnaf_formatted_address": "88 MEEHAN STREET",
        "gnaf_confidence": "1",
        "gnaf_postcode": "2582",
        "gnaf_suburb": "YASS",
        "distance_to_gnaf": 19,
        "gnaf_lat": "-34.84202559999994",
        "gnaf_long": "148.91220141000008"
      },
      "geometry": {
        "type": "Point",
        "coordinates": [
          148.91212464201345,
          -34.841856118621735
        ]
      }
    },
    {
      "type": "Feature",
      "properties": {
        "objectid": 558,
        "featuretype": "EMERGENCY FACILITY",
        "descripton": "An emergency management facility from which a particular agency\u2019s resources are commanded, coordinated and assigned to an incident or emergency",
        "class": "AMBULANCE STATION",
        "facility_name": "YOUNG",
        "facility_operationalstatus": "OPERATIONAL",
        "facility_address": "36 CLOETE STREET",
        "abs_suburb": "YOUNG",
        "facility_state": "NEW SOUTH WALES",
        "abs_postcode": "2594",
        "facility_attribute_source": "AMBULANCE SERVICE OF NSW",
        "facility_attribute_date": "2018-06-06T00:00:00Z",
        "facility_source": "AMBULANCE SERVICE OF NSW",
        "facility_date": "2018-06-06T00:00:00Z",
        "facility_spatial_confidence": null,
        "facility_revised": "2018-09-14T00:00:00Z",
        "comment_": null,
        "facility_lat": "-34.314764999999966",
        "facility_long": "148.29721500000005",
        "validated": null,
        "gnaf_building_name": null,
        "gnaf_address_detail_pid": "GANSW706356457",
        "gnaf_formatted_address": "36 CLOETE STREET",
        "gnaf_confidence": "2",
        "gnaf_postcode": "2594",
        "gnaf_suburb": "YOUNG",
        "distance_to_gnaf": 5,
        "gnaf_lat": "-34.31480732999995",
        "gnaf_long": "148.29720966000002"
      },
      "geometry": {
        "type": "Point",
        "coordinates": [
          148.2972207981777,
          -34.314752063978155
        ]
      }
    },
    {
      "type": "Feature",
      "properties": {
        "objectid": 559,
        "featuretype": "EMERGENCY FACILITY",
        "descripton": "An emergency management facility from which a particular agency\u2019s resources are commanded, coordinated and assigned to an incident or emergency",
        "class": "AMBULANCE STATION",
        "facility_name": "BERMAGUI",
        "facility_operationalstatus": "OPERATIONAL",
        "facility_address": "1 BUNGA STREET",
        "abs_suburb": "BERMAGUI",
        "facility_state": "NEW SOUTH WALES",
        "abs_postcode": "2546",
        "facility_attribute_source": "AMBULANCE SERVICE OF NSW",
        "facility_attribute_date": "2018-06-06T00:00:00Z",
        "facility_source": "AMBULANCE SERVICE OF NSW",
        "facility_date": "2018-06-06T00:00:00Z",
        "facility_spatial_confidence": null,
        "facility_revised": "2018-09-14T00:00:00Z",
        "comment_": "NO GNAF POINT",
        "facility_lat": "-36.42789299999998",
        "facility_long": "150.07698100000005",
        "validated": null,
        "gnaf_building_name": null,
        "gnaf_address_detail_pid": null,
        "gnaf_formatted_address": null,
        "gnaf_confidence": null,
        "gnaf_postcode": null,
        "gnaf_suburb": null,
        "distance_to_gnaf": null,
        "gnaf_lat": null,
        "gnaf_long": null
      },
      "geometry": {
        "type": "Point",
        "coordinates": [
          150.0769862549553,
          -36.42788023013216
        ]
      }
    },
    {
      "type": "Feature",
      "properties": {
        "objectid": 560,
        "featuretype": "EMERGENCY FACILITY",
        "descripton": "An emergency management facility from which a particular agency\u2019s resources are commanded, coordinated and assigned to an incident or emergency",
        "class": "AMBULANCE STATION",
        "facility_name": "CAMPBELLTOWN",
        "facility_operationalstatus": "OPERATIONAL",
        "facility_address": "PARKSIDE CRESCENT",
        "abs_suburb": "CAMPBELLTOWN",
        "facility_state": "NEW SOUTH WALES",
        "abs_postcode": "2560",
        "facility_attribute_source": "AMBULANCE SERVICE OF NSW",
        "facility_attribute_date": "2018-06-06T00:00:00Z",
        "facility_source": "AMBULANCE SERVICE OF NSW",
        "facility_date": "2018-06-06T00:00:00Z",
        "facility_spatial_confidence": null,
        "facility_revised": "2018-09-14T00:00:00Z",
        "comment_": "NO GNAF POINT",
        "facility_lat": "-34.07900899999993",
        "facility_long": "150.80352700000003",
        "validated": null,
        "gnaf_building_name": null,
        "gnaf_address_detail_pid": null,
        "gnaf_formatted_address": null,
        "gnaf_confidence": null,
        "gnaf_postcode": null,
        "gnaf_suburb": null,
        "distance_to_gnaf": null,
        "gnaf_lat": null,
        "gnaf_long": null
      },
      "geometry": {
        "type": "Point",
        "coordinates": [
          150.80353246013152,
          -34.07899627988268
        ]
      }
    },
    {
      "type": "Feature",
      "properties": {
        "objectid": 561,
        "featuretype": "EMERGENCY FACILITY",
        "descripton": "An emergency management facility from which a particular agency\u2019s resources are commanded, coordinated and assigned to an incident or emergency",
        "class": "AMBULANCE STATION",
        "facility_name": "CESSNOCK",
        "facility_operationalstatus": "OPERATIONAL",
        "facility_address": "25 JURD STREET",
        "abs_suburb": "CESSNOCK",
        "facility_state": "NEW SOUTH WALES",
        "abs_postcode": "2325",
        "facility_attribute_source": "AMBULANCE SERVICE OF NSW",
        "facility_attribute_date": "2018-06-06T00:00:00Z",
        "facility_source": "AMBULANCE SERVICE OF NSW",
        "facility_date": "2018-06-06T00:00:00Z",
        "facility_spatial_confidence": null,
        "facility_revised": "2018-09-14T00:00:00Z",
        "comment_": "NO GNAF POINT",
        "facility_lat": "-32.82735799999995",
        "facility_long": "151.34687700000006",
        "validated": null,
        "gnaf_building_name": null,
        "gnaf_address_detail_pid": null,
        "gnaf_formatted_address": null,
        "gnaf_confidence": null,
        "gnaf_postcode": null,
        "gnaf_suburb": null,
        "distance_to_gnaf": null,
        "gnaf_lat": null,
        "gnaf_long": null
      },
      "geometry": {
        "type": "Point",
        "coordinates": [
          151.34688254901926,
          -32.82734532149874
        ]
      }
    },
    {
      "type": "Feature",
      "properties": {
        "objectid": 562,
        "featuretype": "EMERGENCY FACILITY",
        "descripton": "An emergency management facility from which a particular agency\u2019s resources are commanded, coordinated and assigned to an incident or emergency",
        "class": "AMBULANCE STATION",
        "facility_name": "CONCORD",
        "facility_operationalstatus": "OPERATIONAL",
        "facility_address": "PRIVATE ROAD",
        "abs_suburb": "CONCORD WEST",
        "facility_state": "NEW SOUTH WALES",
        "abs_postcode": "2139",
        "facility_attribute_source": "AMBULANCE SERVICE OF NSW",
        "facility_attribute_date": "2018-06-06T00:00:00Z",
        "facility_source": "AMBULANCE SERVICE OF NSW",
        "facility_date": "2018-06-06T00:00:00Z",
        "facility_spatial_confidence": null,
        "facility_revised": "2018-09-14T00:00:00Z",
        "comment_": "NO GNAF POINT",
        "facility_lat": "-33.83928899999995",
        "facility_long": "151.0932620000001",
        "validated": null,
        "gnaf_building_name": null,
        "gnaf_address_detail_pid": null,
        "gnaf_formatted_address": null,
        "gnaf_confidence": null,
        "gnaf_postcode": null,
        "gnaf_suburb": null,
        "distance_to_gnaf": null,
        "gnaf_lat": null,
        "gnaf_long": null
      },
      "geometry": {
        "type": "Point",
        "coordinates": [
          151.09326745035028,
          -33.83927630496913
        ]
      }
    },
    {
      "type": "Feature",
      "properties": {
        "objectid": 563,
        "featuretype": "EMERGENCY FACILITY",
        "descripton": "An emergency management facility from which a particular agency\u2019s resources are commanded, coordinated and assigned to an incident or emergency",
        "class": "AMBULANCE STATION",
        "facility_name": "HAWKESBURY RIVER",
        "facility_operationalstatus": "OPERATIONAL",
        "facility_address": "PEATS FERRY ROAD",
        "abs_suburb": "MOONEY MOONEY",
        "facility_state": "NEW SOUTH WALES",
        "abs_postcode": "2083",
        "facility_attribute_source": "AMBULANCE SERVICE OF NSW",
        "facility_attribute_date": "2018-06-06T00:00:00Z",
        "facility_source": "AMBULANCE SERVICE OF NSW",
        "facility_date": "2018-06-06T00:00:00Z",
        "facility_spatial_confidence": null,
        "facility_revised": "2018-09-14T00:00:00Z",
        "comment_": "NO GNAF POINT",
        "facility_lat": "-33.53070799999995",
        "facility_long": "151.19998700000008",
        "validated": null,
        "gnaf_building_name": null,
        "gnaf_address_detail_pid": null,
        "gnaf_formatted_address": null,
        "gnaf_confidence": null,
        "gnaf_postcode": null,
        "gnaf_suburb": null,
        "distance_to_gnaf": null,
        "gnaf_lat": null,
        "gnaf_long": null
      },
      "geometry": {
        "type": "Point",
        "coordinates": [
          151.19999247631674,
          -33.53069531274111
        ]
      }
    }
  ]
}