{"type":"FeatureCollection","features":[{"type":"Feature","id":1,"geometry":{"type":"Point","coordinates":[149.149800000026,-34.0857699995792]},"properties":{"OBJECTID":1,"HQNAME":"Bigga","SES_LEVEL":"Unit","REGCODE":"SHR","UNIT_CODE":"BIG","POINT_X":149.149794,"POINT_Y":-34.08578287,"ZoneCode":"SEZ","C_Code":"ARC","STArea__":1.0155889,"STLength__":8.64073407,"Creator":"nswses.gis","Created":1755061004825,"Editor":"nswses.gis","Edited":1755061004825}},{"type":"Feature","id":2,"geometry":{"type":"Point","coordinates":[149.469029999747,-34.4489700004833]},"properties":{"OBJECTID":2,"HQNAME":"Crookwell","SES_LEVEL":"Unit","REGCODE":"SHR","UNIT_CODE":"CRK","POINT_X":149.46902439,"POINT_Y":-34.44898284,"ZoneCode":"SEZ","C_Code":"ARC","STArea__":1.0155889,"STLength__":8.64073407,"Creator":"nswses.gis","Created":1755061004825,"Editor":"nswses.gis","Edited":1755061004825}},{"type":"Feature","id":3,"geometry":{"type":"Point","coordinates":[149.435129999556,-34.9168999997508]},"properties":{"OBJECTID":3,"HQNAME":"Collector","SES_LEVEL":"Unit","REGCODE":"SHR","UNIT_CODE":"CLR","POINT_X":149.43512445,"POINT_Y":-34.91691284,"ZoneCode":"SEZ","C_Code":"ARC","STArea__":1.0155889,"STLength__":8.64073407,"Creator":"nswses.gis","Created":1755061004825,"Editor":"nswses.gis","Edited":1755061004825}},{"type":"Feature","id":4,"geometry":{"type":"Point","coordinates":[149.696745533781,-34.7636671854367]},"properties":{"OBJECTID":4,"HQNAME":"South Eastern","SES_LEVEL":"Zone","REGCODE":"SEZ","UNIT_CODE":null,"POINT_X":149.69674,"POINT_Y":-34.76368,"ZoneCode":"SEZ","C_Code":"ARC","STArea__":1.0155889,"STLength__":8.64073407,"Creator":"nswses.gis","Created":1755061004825,"Editor":"nswses.gis","Edited":1755061004825}},{"type":"Feature","id":5,"geometry":{"type":"Point","coordinates":[149.740846695116,-34.748558201192]},"properties":{"OBJECTID":5,"HQNAME":"Goulburn","SES_LEVEL":"Unit","REGCODE":"SHR","UNIT_CODE":"GBN","POINT_X":149.713222,"POINT_Y":-34.758144,"ZoneCode":"SEZ","C_Code":"ARC","STArea__":1.0155889,"STLength__":8.64073407,"Creator":"nswses.gis","Created":1755061004825,"Editor":"nswses.gis","Edited":1755061004825}},{"type":"Feature","id":6,"geometry":{"type":"Point","coordinates":[149.87404793162,-35.0226071997606]},"properties":{"OBJECTID":6,"HQNAME":"Windellama","SES_LEVEL":"Unit","REGCODE":"SHR","UNIT_CODE":"WDL","POINT_X":149.87404246,"POINT_Y":-35.02262,"ZoneCode":"SEZ","C_Code":"ARC","STArea__":1.0155889,"STLength__":8.64073407,"Creator":"nswses.gis","Created":1755061004825,"Editor":"nswses.gis","Edited":1755061004825}},{"type":"Feature","id":7,"geometry":{"type":"Point","coordinates":[144.300278199658,-32.8975241179866]},"properties":{"OBJECTID":7,"HQNAME":"Ivanhoe","SES_LEVEL":"Unit","REGCODE":"FWR","UNIT_CODE":"IVH","POINT_X":144.30027167,"POINT_Y":-32.89753736,"ZoneCode":"WTZ","C_Code":"BEC","STArea__":3.8163449,"STLength__":15.08261137,"Creator":"nswses.gis","Created":1755061004825,"Editor":"nswses.gis","Edited":1755061004825}},{"type":"Feature","id":8,"geometry":{"type":"Point","coordinates":[143.375116780077,-31.5615866920003]},"properties":{"OBJECTID":8,"HQNAME":"Wilcannia","SES_LEVEL":"Unit","REGCODE":"FWR","UNIT_CODE":"WIL","POINT_X":143.37511,"POINT_Y":-31.5616,"ZoneCode":"WTZ","C_Code":"BEC","STArea__":3.8163449,"STLength__":15.08261137,"Creator":"nswses.gis","Created":1755061004825,"Editor":"nswses.gis","Edited":1755061004825}},{"type":"Feature","id":9,"geometry":{"type":"Point","coordinates":[143.088197446405,-30.8514583695259]},"properties":{"OBJECTID":9,"HQNAME":"White Cliffs","SES_LEVEL":"Unit","REGCODE":"FWR","UNIT_CODE":"WHT","POINT_X":143.08819057,"POINT_Y":-30.8514717,"ZoneCode":"WTZ","C_Code":"BEC","STArea__":3.8163449,"STLength__":15.08261137,"Creator":"nswses.gis","Created":1755061004825,"Editor":"nswses.gis","Edited":1755061004825}},{"type":"Feature","id":10,"geometry":{"type":"Point","coordinates":[142.011117126112,-29.4326465969325]},"properties":{"OBJECTID":10,"HQNAME":"Tibooburra","SES_LEVEL":"Unit","REGCODE":"FWR","UNIT_CODE":"TIB","POINT_X":142.01111,"POINT_Y":-29.43266,"ZoneCode":"WTZ","C_Code":"BNC","STArea__":6.58091301,"STLength__":14.14004201,"Creator":"nswses.gis","Created":1755061004825,"Editor":"nswses.gis","Edited":1755061004825}},{"type":"Feature","id":11,"geometry":{"type":"Point","coordinates":[141.966951045303,-30.609986602858]},"properties":{"OBJECTID":11,"HQNAME":"Packsaddle","SES_LEVEL":"Unit","REGCODE":"FWR","UNIT_CODE":"PAC","POINT_X":141.966944,"POINT_Y":-30.61,"ZoneCode":"WTZ","C_Code":"BNC","STArea__":6.58091301,"STLength__":14.14004201,"Creator":"nswses.gis","Created":1755061004825,"Editor":"nswses.gis","Edited":1755061004825}},{"type":"Feature","id":12,"geometry":{"type":"Point","coordinates":[141.449627016127,-31.9604465840232]},"properties":{"OBJECTID":12,"HQNAME":"Broken Hill","SES_LEVEL":"Unit","REGCODE":"FWR","UNIT_CODE":"BHQ","POINT_X":141.44962,"POINT_Y":-31.96046,"ZoneCode":"WTZ","C_Code":"BSC","STArea__":6.03637386,"STLength__":15.15402982,"Creator":"nswses.gis","Created":1755061004825,"Editor":"nswses.gis","Edited":1755061004825}},{"type":"Feature","id":13,"geometry":{"type":"Point","coordinates":[142.414115893692,-32.3883551135178]},"properties":{"OBJECTID":13,"HQNAME":"Menindee","SES_LEVEL":"Unit","REGCODE":"FWR","UNIT_CODE":"MEN","POINT_X":142.41410905,"POINT_Y":-32.38836847,"ZoneCode":"WTZ","C_Code":"BSC","STArea__":6.03637386,"STLength__":15.15402982,"Creator":"nswses.gis","Created":1755061004825,"Editor":"nswses.gis","Edited":1755061004825}},{"type":"Feature","id":14,"geometry":{"type":"Point","coordinates":[141.926670000202,-34.1036900004645]},"properties":{"OBJECTID":14,"HQNAME":"Wentworth","SES_LEVEL":"Unit","REGCODE":"MYR","UNIT_CODE":"WNT","POINT_X":141.92666322,"POINT_Y":-34.10370338,"ZoneCode":"WTZ","C_Code":"BSC","STArea__":6.03637386,"STLength__":15.15402982,"Creator":"nswses.gis","Created":1755061004825,"Editor":"nswses.gis","Edited":1755061004825}},{"type":"Feature","id":15,"geometry":{"type":"Point","coordinates":[147.688206312969,-30.4654703206231]},"properties":{"OBJECTID":15,"HQNAME":"Carinda","SES_LEVEL":"Unit","REGCODE":"MQR","UNIT_CODE":"CAR","POINT_X":147.6882,"POINT_Y":-30.46548333,"ZoneCode":"WTZ","C_Code":"BWC","STArea__":2.42533823,"STLength__":10.57902957,"Creator":"nswses.gis","Created":1755061004825,"Editor":"nswses.gis","Edited":1755061004825}},{"type":"Feature","id":16,"geometry":{"type":"Point","coordinates":[148.581722967135,-29.5423703861067]},"properties":{"OBJECTID":16,"HQNAME":"Collarenebri","SES_LEVEL":"Unit","REGCODE":"MQR","UNIT_CODE":"CBI","POINT_X":148.58171667,"POINT_Y":-29.54238333,"ZoneCode":"WTZ","C_Code":"BWC","STArea__":2.42533823,"STLength__":10.57902957,"Creator":"nswses.gis","Created":1755061004825,"Editor":"nswses.gis","Edited":1755061004825}},{"type":"Feature","id":17,"geometry":{"type":"Point","coordinates":[147.981639718134,-29.4310370033474]},"properties":{"OBJECTID":17,"HQNAME":"Lightning Ridge","SES_LEVEL":"Unit","REGCODE":"MQR","UNIT_CODE":"LRG","POINT_X":147.98163333,"POINT_Y":-29.43105,"ZoneCode":"WTZ","C_Code":"BWC","STArea__":2.42533823,"STLength__":10.57902957,"Creator":"nswses.gis","Created":1755061004825,"Editor":"nswses.gis","Edited":1755061004825}},{"type":"Feature","id":18,"geometry":{"type":"Point","coordinates":[148.122139638091,-30.0236703520907]},"properties":{"OBJECTID":18,"HQNAME":"Walgett","SES_LEVEL":"Unit","REGCODE":"MQR","UNIT_CODE":"WGT","POINT_X":148.12213333,"POINT_Y":-30.02368333,"ZoneCode":"WTZ","C_Code":"BWC","STArea__":2.42533823,"STLength__":10.57902957,"Creator":"nswses.gis","Created":1755061004825,"Editor":"nswses.gis","Edited":1755061004825}},{"type":"Feature","id":19,"geometry":{"type":"Point","coordinates":[147.616039738084,-29.6701036430392]},"properties":{"OBJECTID":19,"HQNAME":"Glengarry","SES_LEVEL":"Unit","REGCODE":"MQR","UNIT_CODE":"GGY","POINT_X":147.61603333,"POINT_Y":-29.67011667,"ZoneCode":"WTZ","C_Code":"BWC","STArea__":2.42533823,"STLength__":10.57902957,"Creator":"nswses.gis","Created":1755061004825,"Editor":"nswses.gis","Edited":1755061004825}},{"type":"Feature","id":20,"geometry":{"type":"Point","coordinates":[147.453800104668,-29.1152952541571]},"properties":{"OBJECTID":20,"HQNAME":"Goodooga","SES_LEVEL":"Unit","REGCODE":"FWR","UNIT_CODE":"GDA","POINT_X":147.45379362,"POINT_Y":-29.11530829,"ZoneCode":"WTZ","C_Code":"BWC","STArea__":2.42533823,"STLength__":10.57902957,"Creator":"nswses.gis","Created":1755061004825,"Editor":"nswses.gis","Edited":1755061004825}},{"type":"Feature","id":21,"geometry":{"type":"Point","coordinates":[148.652885801641,-33.8463270900866]},"properties":{"OBJECTID":21,"HQNAME":"Cowra","SES_LEVEL":"Unit","REGCODE":"LAR","UNIT_CODE":"CWT","POINT_X":148.65288,"POINT_Y":-33.84634,"ZoneCode":"SHZ","C_Code":"BDC","STArea__":1.39587913,"STLength__":11.4110166,"Creator":"nswses.gis","Created":1755061004825,"Editor":"nswses.gis","Edited":1755061004825}},{"type":"Feature","id":22,"geometry":{"type":"Point","coordinates":[148.008635952618,-33.3513970338937]},"properties":{"OBJECTID":22,"HQNAME":"Forbes","SES_LEVEL":"Unit","REGCODE":"LAR","UNIT_CODE":"FBS","POINT_X":148.00863,"POINT_Y":-33.35141,"ZoneCode":"SHZ","C_Code":"BDC","STArea__":1.39587913,"STLength__":11.4110166,"Creator":"nswses.gis","Created":1755061004825,"Editor":"nswses.gis","Edited":1755061004825}},{"type":"Feature","id":23,"geometry":{"type":"Point","coordinates":[148.435591302489,-33.615786366506]},"properties":{"OBJECTID":23,"HQNAME":"Gooloogong","SES_LEVEL":"Unit","REGCODE":"LAR","UNIT_CODE":"GGG","POINT_X":148.4329075,"POINT_Y":-33.61339709,"ZoneCode":"SHZ","C_Code":"BDC","STArea__":1.39587913,"STLength__":11.4110166,"Creator":"nswses.gis","Created":1755061004825,"Editor":"nswses.gis","Edited":1755061004825}},{"type":"Feature","id":24,"geometry":{"type":"Point","coordinates":[148.157380868499,-33.8927850496819]},"properties":{"OBJECTID":24,"HQNAME":"Grenfell","SES_LEVEL":"Unit","REGCODE":"LAR","UNIT_CODE":"GFL","POINT_X":148.157375,"POINT_Y":-33.892798,"ZoneCode":"SHZ","C_Code":"BDC","STArea__":1.39587913,"STLength__":11.4110166,"Creator":"nswses.gis","Created":1755061004825,"Editor":"nswses.gis","Edited":1755061004825}},{"type":"Feature","id":25,"geometry":{"type":"Point","coordinates":[148.1641999998,-33.1472500000486]},"properties":{"OBJECTID":25,"HQNAME":"Parkes","SES_LEVEL":"Unit","REGCODE":"LAR","UNIT_CODE":"PKE","POINT_X":148.16419405,"POINT_Y":-33.14726295,"ZoneCode":"SHZ","C_Code":"BDC","STArea__":1.39587913,"STLength__":11.4110166,"Creator":"nswses.gis","Created":1755061004825,"Editor":"nswses.gis","Edited":1755061004825}},{"type":"Feature","id":26,"geometry":{"type":"Point","coordinates":[148.189435998671,-32.7233570441146]},"properties":{"OBJECTID":26,"HQNAME":"Peak Hill","SES_LEVEL":"Unit","REGCODE":"LAR","UNIT_CODE":"PKH","POINT_X":148.18943,"POINT_Y":-32.72337,"ZoneCode":"SHZ","C_Code":"BDC","STArea__":1.39587913,"STLength__":11.4110166,"Creator":"nswses.gis","Created":1755061004825,"Editor":"nswses.gis","Edited":1755061004825}},{"type":"Feature","id":27,"geometry":{"type":"Point","coordinates":[148.162525953467,-33.1522270449476]},"properties":{"OBJECTID":27,"HQNAME":"Lachlan","SES_LEVEL":"Office","REGCODE":"LAR","UNIT_CODE":null,"POINT_X":148.16252,"POINT_Y":-33.15224,"ZoneCode":"SHZ","C_Code":"BDC","STArea__":1.39587913,"STLength__":11.4110166,"Creator":"nswses.gis","Created":1755061004825,"Editor":"nswses.gis","Edited":1755061004825}},{"type":"Feature","id":28,"geometry":{"type":"Point","coordinates":[153.542069999553,-28.2281899995628]},"properties":{"OBJECTID":28,"HQNAME":"Tweed Heads","SES_LEVEL":"Unit","REGCODE":"RTR","UNIT_CODE":"TWH","POINT_X":153.54206412,"POINT_Y":-28.2282025,"ZoneCode":"NEZ","C_Code":"BTC","STArea__":0.1735032,"STLength__":2.60285839,"Creator":"nswses.gis","Created":1755061004825,"Editor":"nswses.gis","Edited":1755061004825}},{"type":"Feature","id":29,"geometry":{"type":"Point","coordinates":[153.495135895209,-28.5458829992344]},"properties":{"OBJECTID":29,"HQNAME":"Mullumbimby","SES_LEVEL":"Unit","REGCODE":"RTR","UNIT_CODE":"MUL","POINT_X":153.49513005,"POINT_Y":-28.5458955,"ZoneCode":"NEZ","C_Code":"BTC","STArea__":0.1735032,"STLength__":2.60285839,"Creator":"nswses.gis","Created":1755061004825,"Editor":"nswses.gis","Edited":1755061004825}},{"type":"Feature","id":30,"geometry":{"type":"Point","coordinates":[153.388036037896,-28.3336186856548]},"properties":{"OBJECTID":30,"HQNAME":"Murwillumbah","SES_LEVEL":"Unit","REGCODE":"RTR","UNIT_CODE":"MBH","POINT_X":153.38803015,"POINT_Y":-28.3336312,"ZoneCode":"NEZ","C_Code":"BTC","STArea__":0.1735032,"STLength__":2.60285839,"Creator":"nswses.gis","Created":1755061004825,"Editor":"nswses.gis","Edited":1755061004825}},{"type":"Feature","id":31,"geometry":{"type":"Point","coordinates":[153.567427630874,-28.3800396173458]},"properties":{"OBJECTID":31,"HQNAME":"Tweed Coast","SES_LEVEL":"Unit","REGCODE":"RTR","UNIT_CODE":"TWC","POINT_X":153.56742177,"POINT_Y":-28.38005211,"ZoneCode":"NEZ","C_Code":"BTC","STArea__":0.1735032,"STLength__":2.60285839,"Creator":"nswses.gis","Created":1755061004825,"Editor":"nswses.gis","Edited":1755061004825}},{"type":"Feature","id":32,"geometry":{"type":"Point","coordinates":[148.674624833619,-33.5514760898468]},"properties":{"OBJECTID":32,"HQNAME":"Canowindra","SES_LEVEL":"Unit","REGCODE":"CWR","UNIT_CODE":"CAW","POINT_X":148.674619,"POINT_Y":-33.551489,"ZoneCode":"WTZ","C_Code":"CBC","STArea__":0.6095824,"STLength__":5.95899715,"Creator":"nswses.gis","Created":1755061004825,"Editor":"nswses.gis","Edited":1755061004825}},{"type":"Feature","id":33,"geometry":{"type":"Point","coordinates":[148.381011889659,-33.4339130647532]},"properties":{"OBJECTID":33,"HQNAME":"Eugowra","SES_LEVEL":"Unit","REGCODE":"CWR","UNIT_CODE":"EUG","POINT_X":148.381006,"POINT_Y":-33.433926,"ZoneCode":"WTZ","C_Code":"CBC","STArea__":0.6095824,"STLength__":5.95899715,"Creator":"nswses.gis","Created":1755061004825,"Editor":"nswses.gis","Edited":1755061004825}},{"type":"Feature","id":34,"geometry":{"type":"Point","coordinates":[148.86082043153,-33.0926704702042]},"properties":{"OBJECTID":34,"HQNAME":"Molong","SES_LEVEL":"Unit","REGCODE":"CWR","UNIT_CODE":"MOL","POINT_X":148.86081457,"POINT_Y":-33.09268337,"ZoneCode":"WTZ","C_Code":"CBC","STArea__":0.6095824,"STLength__":5.95899715,"Creator":"nswses.gis","Created":1755061004825,"Editor":"nswses.gis","Edited":1755061004825}},{"type":"Feature","id":35,"geometry":{"type":"Point","coordinates":[149.110895804607,-33.2729271246046]},"properties":{"OBJECTID":35,"HQNAME":"Orange City","SES_LEVEL":"Unit","REGCODE":"CWR","UNIT_CODE":"OAG","POINT_X":149.11089,"POINT_Y":-33.27294,"ZoneCode":"WTZ","C_Code":"CBC","STArea__":0.6095824,"STLength__":5.95899715,"Creator":"nswses.gis","Created":1755061004825,"Editor":"nswses.gis","Edited":1755061004825}},{"type":"Feature","id":36,"geometry":{"type":"Point","coordinates":[149.067106083232,-30.9463704371743]},"properties":{"OBJECTID":36,"HQNAME":"Baradine","SES_LEVEL":"Unit","REGCODE":"MQR","UNIT_CODE":"BDN","POINT_X":149.0671,"POINT_Y":-30.94638333,"ZoneCode":"WTZ","C_Code":"CTC","STArea__":2.11126167,"STLength__":9.52005697,"Creator":"nswses.gis","Created":1755061004825,"Editor":"nswses.gis","Edited":1755061004825}},{"type":"Feature","id":37,"geometry":{"type":"Point","coordinates":[148.658439382689,-31.7116870754407]},"properties":{"OBJECTID":37,"HQNAME":"Gilgandra","SES_LEVEL":"Unit","REGCODE":"MQR","UNIT_CODE":"GIL","POINT_X":148.65843333,"POINT_Y":-31.7117,"ZoneCode":"WTZ","C_Code":"CTC","STArea__":2.11126167,"STLength__":9.52005697,"Creator":"nswses.gis","Created":1755061004825,"Editor":"nswses.gis","Edited":1755061004825}},{"type":"Feature","id":38,"geometry":{"type":"Point","coordinates":[148.378306171572,-30.9530037137995]},"properties":{"OBJECTID":38,"HQNAME":"Coonamble","SES_LEVEL":"Unit","REGCODE":"MQR","UNIT_CODE":"CBL","POINT_X":148.3783,"POINT_Y":-30.95301667,"ZoneCode":"WTZ","C_Code":"CTC","STArea__":2.11126167,"STLength__":9.52005697,"Creator":"nswses.gis","Created":1755061004825,"Editor":"nswses.gis","Edited":1755061004825}},{"type":"Feature","id":39,"geometry":{"type":"Point","coordinates":[151.016530000362,-33.8615400000053]},"properties":{"OBJECTID":39,"HQNAME":"Auburn","SES_LEVEL":"Unit","REGCODE":"SWR","UNIT_CODE":"AUB","POINT_X":151.01652454,"POINT_Y":-33.8615527,"ZoneCode":"MTZ","C_Code":"CEC","STArea__":0.01513425,"STLength__":0.74234467,"Creator":"nswses.gis","Created":1755061004825,"Editor":"nswses.gis","Edited":1755061004825}},{"type":"Feature","id":40,"geometry":{"type":"Point","coordinates":[150.99744036042,-33.7988941097992]},"properties":{"OBJECTID":40,"HQNAME":"Parramatta","SES_LEVEL":"Unit","REGCODE":"SWR","UNIT_CODE":"PAR","POINT_X":150.99743489,"POINT_Y":-33.79890681,"ZoneCode":"MTZ","C_Code":"CEC","STArea__":0.01513425,"STLength__":0.74234467,"Creator":"nswses.gis","Created":1755061004825,"Editor":"nswses.gis","Edited":1755061004825}},{"type":"Feature","id":41,"geometry":{"type":"Point","coordinates":[150.95792635968,-33.854568698535]},"properties":{"OBJECTID":41,"HQNAME":"Holroyd","SES_LEVEL":"Unit","REGCODE":"SWR","UNIT_CODE":"HOL","POINT_X":150.95792089,"POINT_Y":-33.85458141,"ZoneCode":"MTZ","C_Code":"CEC","STArea__":0.01513425,"STLength__":0.74234467,"Creator":"nswses.gis","Created":1755061004825,"Editor":"nswses.gis","Edited":1755061004825}},{"type":"Feature","id":42,"geometry":{"type":"Point","coordinates":[151.085567687133,-33.8341667402179]},"properties":{"OBJECTID":42,"HQNAME":"Metro","SES_LEVEL":"Zone","REGCODE":"MTZ","UNIT_CODE":null,"POINT_X":151.08556223,"POINT_Y":-33.83417944,"ZoneCode":"MTZ","C_Code":"IWC","STArea__":0.01513425,"STLength__":0.74234467,"Creator":"nswses.gis","Created":1755061004825,"Editor":"nswses.gis","Edited":1755061004825}},{"type":"Feature","id":43,"geometry":{"type":"Point","coordinates":[151.370405464361,-33.4405273280692]},"properties":{"OBJECTID":43,"HQNAME":"Gosford","SES_LEVEL":"Unit","REGCODE":"SNR","UNIT_CODE":"GOS","POINT_X":151.3704,"POINT_Y":-33.44054,"ZoneCode":"NHZ","C_Code":"CCC","STArea__":0.17453737,"STLength__":2.51702848,"Creator":"nswses.gis","Created":1755061004825,"Editor":"nswses.gis","Edited":1755061004825}},{"type":"Feature","id":44,"geometry":{"type":"Point","coordinates":[151.426830000263,-33.2849500002788]},"properties":{"OBJECTID":44,"HQNAME":"Wyong","SES_LEVEL":"Unit","REGCODE":"SNR","UNIT_CODE":"WYG","POINT_X":151.42682452,"POINT_Y":-33.28496267,"ZoneCode":"NHZ","C_Code":"CCC","STArea__":0.17453737,"STLength__":2.51702848,"Creator":"nswses.gis","Created":1755061004825,"Editor":"nswses.gis","Edited":1755061004825}},{"type":"Feature","id":45,"geometry":{"type":"Point","coordinates":[151.336867742248,-32.78284443324]},"properties":{"OBJECTID":45,"HQNAME":"Cessnock City","SES_LEVEL":"Unit","REGCODE":"HUR","UNIT_CODE":"CES","POINT_X":151.33686219,"POINT_Y":-32.78285711,"ZoneCode":"NHZ","C_Code":"CHC","STArea__":0.69751597,"STLength__":5.51095202,"Creator":"nswses.gis","Created":1755061004825,"Editor":"nswses.gis","Edited":1755061004825}},{"type":"Feature","id":46,"geometry":{"type":"Point","coordinates":[151.539735537374,-32.7160973388855]},"properties":{"OBJECTID":46,"HQNAME":"Maitland City","SES_LEVEL":"Unit","REGCODE":"HUR","UNIT_CODE":"MAI","POINT_X":151.53973,"POINT_Y":-32.71611,"ZoneCode":"NHZ","C_Code":"CHC","STArea__":0.69751597,"STLength__":5.51095202,"Creator":"nswses.gis","Created":1755061004825,"Editor":"nswses.gis","Edited":1755061004825}},{"type":"Feature","id":47,"geometry":{"type":"Point","coordinates":[151.175440000464,-32.5593599995361]},"properties":{"OBJECTID":47,"HQNAME":"Singleton","SES_LEVEL":"Unit","REGCODE":"HUR","UNIT_CODE":"SIN","POINT_X":151.17543439,"POINT_Y":-32.5593727,"ZoneCode":"NHZ","C_Code":"CHC","STArea__":0.69751597,"STLength__":5.51095202,"Creator":"nswses.gis","Created":1755061004825,"Editor":"nswses.gis","Edited":1755061004825}},{"type":"Feature","id":48,"geometry":{"type":"Point","coordinates":[151.599240000212,-32.7617099998527]},"properties":{"OBJECTID":48,"HQNAME":"Northern","SES_LEVEL":"Zone","REGCODE":"NHZ","UNIT_CODE":null,"POINT_X":151.59923448,"POINT_Y":-32.76172265,"ZoneCode":"NHZ","C_Code":"CHC","STArea__":0.69751597,"STLength__":5.51095202,"Creator":"nswses.gis","Created":1755061004825,"Editor":"nswses.gis","Edited":1755061004825}},{"type":"Feature","id":49,"geometry":{"type":"Point","coordinates":[144.132266300334,-35.6264467672935]},"properties":{"OBJECTID":49,"HQNAME":"Barham","SES_LEVEL":"Unit","REGCODE":"MYR","UNIT_CODE":"BAR","POINT_X":144.13226,"POINT_Y":-35.62646,"ZoneCode":"SHZ","C_Code":"CMC","STArea__":2.25857483,"STLength__":12.44058343,"Creator":"nswses.gis","Created":1755061004825,"Editor":"nswses.gis","Edited":1755061004825}},{"type":"Feature","id":50,"geometry":{"type":"Point","coordinates":[145.568666050899,-35.8122668658848]},"properties":{"OBJECTID":50,"HQNAME":"Tocumwal","SES_LEVEL":"Unit","REGCODE":"MYR","UNIT_CODE":"TOC","POINT_X":145.56866,"POINT_Y":-35.81228,"ZoneCode":"SHZ","C_Code":"HUC","STArea__":2.25857483,"STLength__":12.44058343,"Creator":"nswses.gis","Created":1755061004825,"Editor":"nswses.gis","Edited":1755061004825}},{"type":"Feature","id":51,"geometry":{"type":"Point","coordinates":[144.948918177007,-35.5532998211394]},"properties":{"OBJECTID":51,"HQNAME":"Deniliquin-Conargo","SES_LEVEL":"Unit","REGCODE":"MYR","UNIT_CODE":"DQN","POINT_X":144.948912,"POINT_Y":-35.553313,"ZoneCode":"SHZ","C_Code":"CMC","STArea__":2.25857483,"STLength__":12.44058343,"Creator":"nswses.gis","Created":1755061004825,"Editor":"nswses.gis","Edited":1755061004825}},{"type":"Feature","id":52,"geometry":{"type":"Point","coordinates":[144.897189999684,-35.8134000003116]},"properties":{"OBJECTID":52,"HQNAME":"Mathoura","SES_LEVEL":"Unit","REGCODE":"MYR","UNIT_CODE":"MUR","POINT_X":144.89718384,"POINT_Y":-35.81341318,"ZoneCode":"SHZ","C_Code":"CMC","STArea__":2.25857483,"STLength__":12.44058343,"Creator":"nswses.gis","Created":1755061004825,"Editor":"nswses.gis","Edited":1755061004825}},{"type":"Feature","id":53,"geometry":{"type":"Point","coordinates":[144.763180000471,-36.1054100001251]},"properties":{"OBJECTID":53,"HQNAME":"Moama","SES_LEVEL":"Unit","REGCODE":"MYR","UNIT_CODE":"MOA","POINT_X":144.76317385,"POINT_Y":-36.10542319,"ZoneCode":"SHZ","C_Code":"CMC","STArea__":2.25857483,"STLength__":12.44058343,"Creator":"nswses.gis","Created":1755061004825,"Editor":"nswses.gis","Edited":1755061004825}},{"type":"Feature","id":54,"geometry":{"type":"Point","coordinates":[149.529765661906,-33.9460971652705]},"properties":{"OBJECTID":54,"HQNAME":"Burraga","SES_LEVEL":"Unit","REGCODE":"CWR","UNIT_CODE":"BGA","POINT_X":149.52976,"POINT_Y":-33.94611,"ZoneCode":"WTZ","C_Code":"CFC","STArea__":0.79485739,"STLength__":8.20420762,"Creator":"nswses.gis","Created":1755061004825,"Editor":"nswses.gis","Edited":1755061004825}},{"type":"Feature","id":55,"geometry":{"type":"Point","coordinates":[150.155500000071,-33.4852500000871]},"properties":{"OBJECTID":55,"HQNAME":"Lithgow","SES_LEVEL":"Unit","REGCODE":"CWR","UNIT_CODE":"LGW","POINT_X":150.15549437,"POINT_Y":-33.48526278,"ZoneCode":"WTZ","C_Code":"CFC","STArea__":0.79485739,"STLength__":8.20420762,"Creator":"nswses.gis","Created":1755061004825,"Editor":"nswses.gis","Edited":1755061004825}},{"type":"Feature","id":56,"geometry":{"type":"Point","coordinates":[149.855865645743,-33.6994871920405]},"properties":{"OBJECTID":56,"HQNAME":"Oberon","SES_LEVEL":"Unit","REGCODE":"CWR","UNIT_CODE":"OBR","POINT_X":149.85586,"POINT_Y":-33.6995,"ZoneCode":"WTZ","C_Code":"CFC","STArea__":0.79485739,"STLength__":8.20420762,"Creator":"nswses.gis","Created":1755061004825,"Editor":"nswses.gis","Edited":1755061004825}},{"type":"Feature","id":57,"geometry":{"type":"Point","coordinates":[149.973679999655,-33.3600600000553]},"properties":{"OBJECTID":57,"HQNAME":"Portland","SES_LEVEL":"Unit","REGCODE":"CWR","UNIT_CODE":"PRT","POINT_X":149.97367433,"POINT_Y":-33.3600728,"ZoneCode":"WTZ","C_Code":"CFC","STArea__":0.79485739,"STLength__":8.20420762,"Creator":"nswses.gis","Created":1755061004825,"Editor":"nswses.gis","Edited":1755061004825}},{"type":"Feature","id":58,"geometry":{"type":"Point","coordinates":[151.246225415228,-33.9379273199204]},"properties":{"OBJECTID":58,"HQNAME":"Randwick","SES_LEVEL":"Unit","REGCODE":"SSR","UNIT_CODE":"RWK","POINT_X":151.24622,"POINT_Y":-33.93794,"ZoneCode":"MTZ","C_Code":"CYC","STArea__":0.00833089,"STLength__":0.91762748,"Creator":"nswses.gis","Created":1755061004825,"Editor":"nswses.gis","Edited":1755061004825}},{"type":"Feature","id":59,"geometry":{"type":"Point","coordinates":[151.187955428827,-33.8988673142035]},"properties":{"OBJECTID":59,"HQNAME":"City of Sydney","SES_LEVEL":"Unit","REGCODE":"SSR","UNIT_CODE":"SYD","POINT_X":151.18795,"POINT_Y":-33.89888,"ZoneCode":"MTZ","C_Code":"CYC","STArea__":0.00833089,"STLength__":0.91762748,"Creator":"nswses.gis","Created":1755061004825,"Editor":"nswses.gis","Edited":1755061004825}},{"type":"Feature","id":60,"geometry":{"type":"Point","coordinates":[151.249748205055,-33.8908862899209]},"properties":{"OBJECTID":60,"HQNAME":"Waverley-Woollahra","SES_LEVEL":"Unit","REGCODE":"SSR","UNIT_CODE":"WVW","POINT_X":151.24974278,"POINT_Y":-33.89089897,"ZoneCode":"MTZ","C_Code":"CYC","STArea__":0.00833089,"STLength__":0.91762748,"Creator":"nswses.gis","Created":1755061004825,"Editor":"nswses.gis","Edited":1755061004825}},{"type":"Feature","id":61,"geometry":{"type":"Point","coordinates":[153.078815757827,-29.5675274658687]},"properties":{"OBJECTID":61,"HQNAME":"Brushgrove","SES_LEVEL":"Unit","REGCODE":"CNR","UNIT_CODE":"BSH","POINT_X":153.07881,"POINT_Y":-29.56754,"ZoneCode":"NEZ","C_Code":"CVC","STArea__":0.8536048,"STLength__":6.11400408,"Creator":"nswses.gis","Created":1755061004825,"Editor":"nswses.gis","Edited":1755061004825}},{"type":"Feature","id":62,"geometry":{"type":"Point","coordinates":[152.920635766443,-29.6440974505817]},"properties":{"OBJECTID":62,"HQNAME":"Copmanhurst","SES_LEVEL":"Unit","REGCODE":"CNR","UNIT_CODE":"COP","POINT_X":152.92063,"POINT_Y":-29.64411,"ZoneCode":"NEZ","C_Code":"CVC","STArea__":0.8536048,"STLength__":6.11400408,"Creator":"nswses.gis","Created":1755061004825,"Editor":"nswses.gis","Edited":1755061004825}},{"type":"Feature","id":63,"geometry":{"type":"Point","coordinates":[152.924165760756,-29.6842774512408]},"properties":{"OBJECTID":63,"HQNAME":"Grafton City","SES_LEVEL":"Unit","REGCODE":"CNR","UNIT_CODE":"GRF","POINT_X":152.92416,"POINT_Y":-29.68429,"ZoneCode":"NEZ","C_Code":"CVC","STArea__":0.8536048,"STLength__":6.11400408,"Creator":"nswses.gis","Created":1755061004825,"Editor":"nswses.gis","Edited":1755061004825}},{"type":"Feature","id":64,"geometry":{"type":"Point","coordinates":[153.098630906669,-29.4902575932735]},"properties":{"OBJECTID":64,"HQNAME":"Lawrence","SES_LEVEL":"Unit","REGCODE":"CNR","UNIT_CODE":"LAW","POINT_X":153.09862514,"POINT_Y":-29.49027013,"ZoneCode":"NEZ","C_Code":"CVC","STArea__":0.8536048,"STLength__":6.11400408,"Creator":"nswses.gis","Created":1755061004825,"Editor":"nswses.gis","Edited":1755061004825}},{"type":"Feature","id":65,"geometry":{"type":"Point","coordinates":[153.19645491996,-29.4617211449267]},"properties":{"OBJECTID":65,"HQNAME":"Maclean","SES_LEVEL":"Unit","REGCODE":"CNR","UNIT_CODE":"MCL","POINT_X":153.19644916,"POINT_Y":-29.46173367,"ZoneCode":"NEZ","C_Code":"CVC","STArea__":0.8536048,"STLength__":6.11400408,"Creator":"nswses.gis","Created":1755061004825,"Editor":"nswses.gis","Edited":1755061004825}},{"type":"Feature","id":66,"geometry":{"type":"Point","coordinates":[153.029300000289,-29.6311800003755]},"properties":{"OBJECTID":66,"HQNAME":"Ulmarra","SES_LEVEL":"Unit","REGCODE":"CNR","UNIT_CODE":"ULM","POINT_X":153.02929425,"POINT_Y":-29.63119254,"ZoneCode":"NEZ","C_Code":"CVC","STArea__":0.8536048,"STLength__":6.11400408,"Creator":"nswses.gis","Created":1755061004825,"Editor":"nswses.gis","Edited":1755061004825}},{"type":"Feature","id":67,"geometry":{"type":"Point","coordinates":[153.348160000048,-29.4402900001452]},"properties":{"OBJECTID":67,"HQNAME":"Yamba","SES_LEVEL":"Unit","REGCODE":"CNR","UNIT_CODE":"YAM","POINT_X":153.34815426,"POINT_Y":-29.44030251,"ZoneCode":"NEZ","C_Code":"CVC","STArea__":0.8536048,"STLength__":6.11400408,"Creator":"nswses.gis","Created":1755061004825,"Editor":"nswses.gis","Edited":1755061004825}},{"type":"Feature","id":68,"geometry":{"type":"Point","coordinates":[153.266440000092,-29.8580600000339]},"properties":{"OBJECTID":68,"HQNAME":"Wooli-Yuraygir","SES_LEVEL":"Unit","REGCODE":"CNR","UNIT_CODE":"YUR","POINT_X":153.2664343,"POINT_Y":-29.85807251,"ZoneCode":"NEZ","C_Code":"CVC","STArea__":0.8536048,"STLength__":6.11400408,"Creator":"nswses.gis","Created":1755061004825,"Editor":"nswses.gis","Edited":1755061004825}},{"type":"Feature","id":69,"geometry":{"type":"Point","coordinates":[152.944645753161,-29.7236074535899]},"properties":{"OBJECTID":69,"HQNAME":"Clarence Coffs","SES_LEVEL":"Office","REGCODE":"CNR","UNIT_CODE":null,"POINT_X":152.94464,"POINT_Y":-29.72362,"ZoneCode":"NEZ","C_Code":"CVC","STArea__":0.8536048,"STLength__":6.11400408,"Creator":"nswses.gis","Created":1755061004825,"Editor":"nswses.gis","Edited":1755061004825}},{"type":"Feature","id":70,"geometry":{"type":"Point","coordinates":[152.890629999841,-29.8358400000405]},"properties":{"OBJECTID":70,"HQNAME":"Coutts Crossing","SES_LEVEL":"Unit","REGCODE":"CNR","UNIT_CODE":"CCX","POINT_X":152.89062426,"POINT_Y":-29.83585255,"ZoneCode":"NEZ","C_Code":"CVC","STArea__":0.8536048,"STLength__":6.11400408,"Creator":"nswses.gis","Created":1755061004825,"Editor":"nswses.gis","Edited":1755061004825}},{"type":"Feature","id":71,"geometry":{"type":"Point","coordinates":[152.893249243854,-30.4532080789659]},"properties":{"OBJECTID":71,"HQNAME":"Bellingen","SES_LEVEL":"Unit","REGCODE":"CNR","UNIT_CODE":"BEL","POINT_X":152.89324358,"POINT_Y":-30.45322062,"ZoneCode":"NEZ","C_Code":"COC","STArea__":0.37860031,"STLength__":3.73022381,"Creator":"nswses.gis","Created":1755061004825,"Editor":"nswses.gis","Edited":1755061004825}},{"type":"Feature","id":72,"geometry":{"type":"Point","coordinates":[153.116955656089,-30.2993874752622]},"properties":{"OBJECTID":72,"HQNAME":"Coffs Harbour City","SES_LEVEL":"Unit","REGCODE":"CNR","UNIT_CODE":"CFS","POINT_X":153.11695,"POINT_Y":-30.2994,"ZoneCode":"NEZ","C_Code":"COC","STArea__":0.37860031,"STLength__":3.73022381,"Creator":"nswses.gis","Created":1755061004825,"Editor":"nswses.gis","Edited":1755061004825}},{"type":"Feature","id":73,"geometry":{"type":"Point","coordinates":[153.19442999959,-30.0237100000002]},"properties":{"OBJECTID":73,"HQNAME":"Corindi-Woolgoolga","SES_LEVEL":"Unit","REGCODE":"CNR","UNIT_CODE":"COR","POINT_X":153.19442432,"POINT_Y":-30.02372252,"ZoneCode":"NEZ","C_Code":"COC","STArea__":0.37860031,"STLength__":3.73022381,"Creator":"nswses.gis","Created":1755061004825,"Editor":"nswses.gis","Edited":1755061004825}},{"type":"Feature","id":74,"geometry":{"type":"Point","coordinates":[152.708199999988,-30.3362899996609]},"properties":{"OBJECTID":74,"HQNAME":"Dorrigo","SES_LEVEL":"Unit","REGCODE":"CNR","UNIT_CODE":"DOR","POINT_X":152.7081943,"POINT_Y":-30.33630256,"ZoneCode":"NEZ","C_Code":"COC","STArea__":0.37860031,"STLength__":3.73022381,"Creator":"nswses.gis","Created":1755061004825,"Editor":"nswses.gis","Edited":1755061004825}},{"type":"Feature","id":75,"geometry":{"type":"Point","coordinates":[153.01951999975,-30.4953099999325]},"properties":{"OBJECTID":75,"HQNAME":"Urunga","SES_LEVEL":"Unit","REGCODE":"CNR","UNIT_CODE":"URG","POINT_X":153.01951436,"POINT_Y":-30.49532253,"ZoneCode":"NEZ","C_Code":"COC","STArea__":0.37860031,"STLength__":3.73022381,"Creator":"nswses.gis","Created":1755061004825,"Editor":"nswses.gis","Edited":1755061004825}},{"type":"Feature","id":76,"geometry":{"type":"Point","coordinates":[147.151299999688,-33.0877600004689]},"properties":{"OBJECTID":76,"HQNAME":"Condobolin","SES_LEVEL":"Unit","REGCODE":"LAR","UNIT_CODE":"CON","POINT_X":147.1512939,"POINT_Y":-33.08777304,"ZoneCode":"SHZ","C_Code":"CNC","STArea__":2.40782402,"STLength__":10.78257931,"Creator":"nswses.gis","Created":1755061004825,"Editor":"nswses.gis","Edited":1755061004825}},{"type":"Feature","id":77,"geometry":{"type":"Point","coordinates":[146.472380000363,-33.1108500002309]},"properties":{"OBJECTID":77,"HQNAME":"Euabalong","SES_LEVEL":"Unit","REGCODE":"FWR","UNIT_CODE":"EUA","POINT_X":146.4723738,"POINT_Y":-33.11086309,"ZoneCode":"SHZ","C_Code":"CNC","STArea__":2.40782402,"STLength__":10.78257931,"Creator":"nswses.gis","Created":1755061004825,"Editor":"nswses.gis","Edited":1755061004825}},{"type":"Feature","id":78,"geometry":{"type":"Point","coordinates":[146.378936192861,-33.3011369076226]},"properties":{"OBJECTID":78,"HQNAME":"Lake Cargelligo","SES_LEVEL":"Unit","REGCODE":"LAR","UNIT_CODE":"LCG","POINT_X":146.37893,"POINT_Y":-33.30115,"ZoneCode":"SHZ","C_Code":"CNC","STArea__":2.40782402,"STLength__":10.78257931,"Creator":"nswses.gis","Created":1755061004825,"Editor":"nswses.gis","Edited":1755061004825}},{"type":"Feature","id":79,"geometry":{"type":"Point","coordinates":[147.711576043367,-32.9223470071363]},"properties":{"OBJECTID":79,"HQNAME":"Trundle","SES_LEVEL":"Unit","REGCODE":"LAR","UNIT_CODE":"TDL","POINT_X":147.71157,"POINT_Y":-32.92236,"ZoneCode":"SHZ","C_Code":"BDC","STArea__":2.40782402,"STLength__":10.78257931,"Creator":"nswses.gis","Created":1755061004825,"Editor":"nswses.gis","Edited":1755061004825}},{"type":"Feature","id":80,"geometry":{"type":"Point","coordinates":[145.951566576369,-30.0420268531945]},"properties":{"OBJECTID":80,"HQNAME":"Bourke","SES_LEVEL":"Unit","REGCODE":"FWR","UNIT_CODE":"BKE","POINT_X":145.95156,"POINT_Y":-30.04204,"ZoneCode":"WTZ","C_Code":"DRC","STArea__":8.95133619,"STLength__":21.15957893,"Creator":"nswses.gis","Created":1755061004825,"Editor":"nswses.gis","Edited":1755061004825}},{"type":"Feature","id":81,"geometry":{"type":"Point","coordinates":[146.858969999674,-29.9620199996775]},"properties":{"OBJECTID":81,"HQNAME":"Brewarrina","SES_LEVEL":"Unit","REGCODE":"FWR","UNIT_CODE":"BWR","POINT_X":146.85896353,"POINT_Y":-29.96203308,"ZoneCode":"WTZ","C_Code":"DRC","STArea__":8.95133619,"STLength__":21.15957893,"Creator":"nswses.gis","Created":1755061004825,"Editor":"nswses.gis","Edited":1755061004825}},{"type":"Feature","id":82,"geometry":{"type":"Point","coordinates":[145.838360583522,-31.4910228885395]},"properties":{"OBJECTID":82,"HQNAME":"Cobar","SES_LEVEL":"Unit","REGCODE":"FWR","UNIT_CODE":"COB","POINT_X":145.83835413,"POINT_Y":-31.49103603,"ZoneCode":"WTZ","C_Code":"DRC","STArea__":8.95133619,"STLength__":21.15957893,"Creator":"nswses.gis","Created":1755061004825,"Editor":"nswses.gis","Edited":1755061004825}},{"type":"Feature","id":83,"geometry":{"type":"Point","coordinates":[145.840503391788,-31.4955852427256]},"properties":{"OBJECTID":83,"HQNAME":"Far West","SES_LEVEL":"Office","REGCODE":"FWR","UNIT_CODE":null,"POINT_X":145.84049694,"POINT_Y":-31.49559839,"ZoneCode":"WTZ","C_Code":"DRC","STArea__":8.95133619,"STLength__":21.15957893,"Creator":"nswses.gis","Created":1755061004825,"Editor":"nswses.gis","Edited":1755061004825}},{"type":"Feature","id":84,"geometry":{"type":"Point","coordinates":[152.794310000377,-31.6561700000378]},"properties":{"OBJECTID":84,"HQNAME":"Camden Haven","SES_LEVEL":"Unit","REGCODE":"MNR","UNIT_CODE":"CHV","POINT_X":152.79430449,"POINT_Y":-31.65618255,"ZoneCode":"NHZ","C_Code":"HAC","STArea__":0.35075484,"STLength__":4.29140737,"Creator":"nswses.gis","Created":1755061004825,"Editor":"nswses.gis","Edited":1755061004825}},{"type":"Feature","id":85,"geometry":{"type":"Point","coordinates":[152.893209412447,-31.4446996993469]},"properties":{"OBJECTID":85,"HQNAME":"Port Macquarie Hastings","SES_LEVEL":"Unit","REGCODE":"MNR","UNIT_CODE":"PMH","POINT_X":152.89320388,"POINT_Y":-31.44471224,"ZoneCode":"NHZ","C_Code":"HAC","STArea__":0.35075484,"STLength__":4.29140737,"Creator":"nswses.gis","Created":1755061004825,"Editor":"nswses.gis","Edited":1755061004825}},{"type":"Feature","id":86,"geometry":{"type":"Point","coordinates":[159.068980446259,-31.5306122296842]},"properties":{"OBJECTID":86,"HQNAME":"Lord Howe Island","SES_LEVEL":"Unit","REGCODE":"MNR","UNIT_CODE":"LHI","POINT_X":159.0689757,"POINT_Y":-31.53062408,"ZoneCode":"NHZ","C_Code":"HAC","STArea__":0.35075484,"STLength__":4.29140737,"Creator":"nswses.gis","Created":1755061004825,"Editor":"nswses.gis","Edited":1755061004825}},{"type":"Feature","id":87,"geometry":{"type":"Point","coordinates":[152.734165547248,-31.463467445637]},"properties":{"OBJECTID":87,"HQNAME":"Wauchope","SES_LEVEL":"Unit","REGCODE":"MNR","UNIT_CODE":"WHP","POINT_X":152.73416,"POINT_Y":-31.46348,"ZoneCode":"NHZ","C_Code":"HAC","STArea__":0.35075484,"STLength__":4.29140737,"Creator":"nswses.gis","Created":1755061004825,"Editor":"nswses.gis","Edited":1755061004825}},{"type":"Feature","id":88,"geometry":{"type":"Point","coordinates":[146.974485797916,-36.0584669709875]},"properties":{"OBJECTID":88,"HQNAME":"Albury","SES_LEVEL":"Unit","REGCODE":"MYR","UNIT_CODE":"ABX","POINT_X":146.97448,"POINT_Y":-36.05848,"ZoneCode":"SHZ","C_Code":"HUC","STArea__":1.12257097,"STLength__":9.04708501,"Creator":"nswses.gis","Created":1755061004825,"Editor":"nswses.gis","Edited":1755061004825}},{"type":"Feature","id":89,"geometry":{"type":"Point","coordinates":[146.384355899115,-36.002396926194]},"properties":{"OBJECTID":89,"HQNAME":"Corowa","SES_LEVEL":"Unit","REGCODE":"MYR","UNIT_CODE":"CWA","POINT_X":146.38435,"POINT_Y":-36.00241,"ZoneCode":"SHZ","C_Code":"HUC","STArea__":1.12257097,"STLength__":9.04708501,"Creator":"nswses.gis","Created":1755061004825,"Editor":"nswses.gis","Edited":1755061004825}},{"type":"Feature","id":90,"geometry":{"type":"Point","coordinates":[147.0386058327,-35.6692669733413]},"properties":{"OBJECTID":90,"HQNAME":"Culcairn","SES_LEVEL":"Unit","REGCODE":"MYR","UNIT_CODE":"CCN","POINT_X":147.0386,"POINT_Y":-35.66928,"ZoneCode":"SHZ","C_Code":"HUC","STArea__":1.12257097,"STLength__":9.04708501,"Creator":"nswses.gis","Created":1755061004825,"Editor":"nswses.gis","Edited":1755061004825}},{"type":"Feature","id":91,"geometry":{"type":"Point","coordinates":[147.309865784092,-35.7185669946299]},"properties":{"OBJECTID":91,"HQNAME":"Holbrook","SES_LEVEL":"Unit","REGCODE":"MYR","UNIT_CODE":"HBK","POINT_X":147.30986,"POINT_Y":-35.71858,"ZoneCode":"SHZ","C_Code":"HUC","STArea__":1.12257097,"STLength__":9.04708501,"Creator":"nswses.gis","Created":1755061004825,"Editor":"nswses.gis","Edited":1755061004825}},{"type":"Feature","id":92,"geometry":{"type":"Point","coordinates":[147.119709999763,-35.2707799999332]},"properties":{"OBJECTID":92,"HQNAME":"The Rock","SES_LEVEL":"Unit","REGCODE":"MER","UNIT_CODE":"TRK","POINT_X":147.11970413,"POINT_Y":-35.27079302,"ZoneCode":"SHZ","C_Code":"RNC","STArea__":1.12257097,"STLength__":9.04708501,"Creator":"nswses.gis","Created":1755061004825,"Editor":"nswses.gis","Edited":1755061004825}},{"type":"Feature","id":93,"geometry":{"type":"Point","coordinates":[146.960945801992,-36.0420469698449]},"properties":{"OBJECTID":93,"HQNAME":"Murray","SES_LEVEL":"Office","REGCODE":"MYR","UNIT_CODE":null,"POINT_X":146.96094,"POINT_Y":-36.04206,"ZoneCode":"SHZ","C_Code":"HUC","STArea__":1.12257097,"STLength__":9.04708501,"Creator":"nswses.gis","Created":1755061004825,"Editor":"nswses.gis","Edited":1755061004825}},{"type":"Feature","id":94,"geometry":{"type":"Point","coordinates":[151.112715442972,-33.8736873070181]},"properties":{"OBJECTID":94,"HQNAME":"Burwood","SES_LEVEL":"Unit","REGCODE":"SWR","UNIT_CODE":"BUR","POINT_X":151.11271,"POINT_Y":-33.8737,"ZoneCode":"MTZ","C_Code":"IWC","STArea__":0.00605255,"STLength__":0.78961043,"Creator":"nswses.gis","Created":1755061004825,"Editor":"nswses.gis","Edited":1755061004825}},{"type":"Feature","id":95,"geometry":{"type":"Point","coordinates":[151.169029999898,-33.918549999576]},"properties":{"OBJECTID":95,"HQNAME":"Marrickville","SES_LEVEL":"Unit","REGCODE":"SSR","UNIT_CODE":"MAR","POINT_X":151.16902457,"POINT_Y":-33.91856269,"ZoneCode":"MTZ","C_Code":"CYC","STArea__":0.00605255,"STLength__":0.78961043,"Creator":"nswses.gis","Created":1755061004825,"Editor":"nswses.gis","Edited":1755061004825}},{"type":"Feature","id":96,"geometry":{"type":"Point","coordinates":[151.115535443107,-33.8696573072522]},"properties":{"OBJECTID":96,"HQNAME":"Canada Bay","SES_LEVEL":"Unit","REGCODE":"SWR","UNIT_CODE":"CAN","POINT_X":151.11553,"POINT_Y":-33.86967,"ZoneCode":"MTZ","C_Code":"IWC","STArea__":0.00605255,"STLength__":0.78961043,"Creator":"nswses.gis","Created":1755061004825,"Editor":"nswses.gis","Edited":1755061004825}},{"type":"Feature","id":97,"geometry":{"type":"Point","coordinates":[151.139215438372,-33.8797173095264]},"properties":{"OBJECTID":97,"HQNAME":"Ashfield-Leichhardt","SES_LEVEL":"Unit","REGCODE":"SWR","UNIT_CODE":"ASL","POINT_X":151.13921,"POINT_Y":-33.87973,"ZoneCode":"MTZ","C_Code":"IWC","STArea__":0.00605255,"STLength__":0.78961043,"Creator":"nswses.gis","Created":1755061004825,"Editor":"nswses.gis","Edited":1755061004825}},{"type":"Feature","id":98,"geometry":{"type":"Point","coordinates":[151.149935385529,-33.8745505484887]},"properties":{"OBJECTID":98,"HQNAME":"Ashfield-Leichhardt(2)","SES_LEVEL":"Unit","REGCODE":"SWR","UNIT_CODE":"ASL","POINT_X":151.14992995,"POINT_Y":-33.87456324,"ZoneCode":"MTZ","C_Code":"IWC","STArea__":0.00605255,"STLength__":0.78961043,"Creator":"nswses.gis","Created":1755061004825,"Editor":"nswses.gis","Edited":1755061004825}},{"type":"Feature","id":99,"geometry":{"type":"Point","coordinates":[152.945265579462,-31.0269874634599]},"properties":{"OBJECTID":99,"HQNAME":"Gladstone","SES_LEVEL":"Unit","REGCODE":"MNR","UNIT_CODE":"GLD","POINT_X":152.94526,"POINT_Y":-31.027,"ZoneCode":"NHZ","C_Code":"KNC","STArea__":0.4590709,"STLength__":3.67706097,"Creator":"nswses.gis","Created":1755061004825,"Editor":"nswses.gis","Edited":1755061004825}},{"type":"Feature","id":100,"geometry":{"type":"Point","coordinates":[152.814064266158,-31.0625685256178]},"properties":{"OBJECTID":100,"HQNAME":"Kempsey Shire","SES_LEVEL":"Unit","REGCODE":"MNR","UNIT_CODE":"KPS","POINT_X":152.81405868,"POINT_Y":-31.06258107,"ZoneCode":"NHZ","C_Code":"KNC","STArea__":0.4590709,"STLength__":3.67706097,"Creator":"nswses.gis","Created":1755061004825,"Editor":"nswses.gis","Edited":1755061004825}},{"type":"Feature","id":101,"geometry":{"type":"Point","coordinates":[152.928575624366,-30.7087174594146]},"properties":{"OBJECTID":101,"HQNAME":"Nambucca","SES_LEVEL":"Unit","REGCODE":"CNR","UNIT_CODE":"NAM","POINT_X":152.92857,"POINT_Y":-30.70873,"ZoneCode":"NHZ","C_Code":"KNC","STArea__":0.4590709,"STLength__":3.67706097,"Creator":"nswses.gis","Created":1755061004825,"Editor":"nswses.gis","Edited":1755061004825}},{"type":"Feature","id":102,"geometry":{"type":"Point","coordinates":[153.029299999611,-30.8888199998607]},"properties":{"OBJECTID":102,"HQNAME":"South West Rocks","SES_LEVEL":"Unit","REGCODE":"MNR","UNIT_CODE":"SWE","POINT_X":153.02929441,"POINT_Y":-30.88883253,"ZoneCode":"NHZ","C_Code":"KNC","STArea__":0.4590709,"STLength__":3.67706097,"Creator":"nswses.gis","Created":1755061004825,"Editor":"nswses.gis","Edited":1755061004825}},{"type":"Feature","id":103,"geometry":{"type":"Point","coordinates":[151.725465696268,-32.8793457687063]},"properties":{"OBJECTID":103,"HQNAME":"City of Newcastle","SES_LEVEL":"Unit","REGCODE":"HUR","UNIT_CODE":"NTL","POINT_X":151.75922,"POINT_Y":-32.90775,"ZoneCode":"NHZ","C_Code":"HCC","STArea__":0.02072824,"STLength__":0.85363804,"Creator":"nswses.gis","Created":1755061004825,"Editor":"nswses.gis","Edited":1755061004825}},{"type":"Feature","id":104,"geometry":{"type":"Point","coordinates":[151.749620000242,-32.4125199996556]},"properties":{"OBJECTID":104,"HQNAME":"Dungog","SES_LEVEL":"Unit","REGCODE":"HUR","UNIT_CODE":"DNG","POINT_X":151.74961445,"POINT_Y":-32.41253264,"ZoneCode":"NHZ","C_Code":"LNC","STArea__":0.29776906,"STLength__":4.35502678,"Creator":"nswses.gis","Created":1755061004825,"Editor":"nswses.gis","Edited":1755061004825}},{"type":"Feature","id":105,"geometry":{"type":"Point","coordinates":[151.771729999962,-32.7448700001605]},"properties":{"OBJECTID":105,"HQNAME":"Port Stephens","SES_LEVEL":"Unit","REGCODE":"HUR","UNIT_CODE":"PTS","POINT_X":151.7717245,"POINT_Y":-32.74488264,"ZoneCode":"NHZ","C_Code":"LNC","STArea__":0.29776906,"STLength__":4.35502678,"Creator":"nswses.gis","Created":1755061004825,"Editor":"nswses.gis","Edited":1755061004825}},{"type":"Feature","id":106,"geometry":{"type":"Point","coordinates":[152.109289999626,-32.718810000463]},"properties":{"OBJECTID":106,"HQNAME":"Tomaree","SES_LEVEL":"Unit","REGCODE":"HUR","UNIT_CODE":"TOM","POINT_X":152.10928454,"POINT_Y":-32.71882261,"ZoneCode":"NHZ","C_Code":"LNC","STArea__":0.29776906,"STLength__":4.35502678,"Creator":"nswses.gis","Created":1755061004825,"Editor":"nswses.gis","Edited":1755061004825}},{"type":"Feature","id":107,"geometry":{"type":"Point","coordinates":[151.447415501862,-33.0790073327561]},"properties":{"OBJECTID":107,"HQNAME":"Cooranbong","SES_LEVEL":"Unit","REGCODE":"HUR","UNIT_CODE":"COO","POINT_X":151.44741,"POINT_Y":-33.07902,"ZoneCode":"NHZ","C_Code":"LSC","STArea__":0.06700485,"STLength__":3.34226733,"Creator":"nswses.gis","Created":1755061004825,"Editor":"nswses.gis","Edited":1755061004825}},{"type":"Feature","id":108,"geometry":{"type":"Point","coordinates":[151.617100000416,-32.9519299999097]},"properties":{"OBJECTID":108,"HQNAME":"Lake Macquarie City","SES_LEVEL":"Unit","REGCODE":"HUR","UNIT_CODE":"LMQ","POINT_X":151.61709451,"POINT_Y":-32.95194265,"ZoneCode":"NHZ","C_Code":"LSC","STArea__":0.06700485,"STLength__":3.34226733,"Creator":"nswses.gis","Created":1755061004825,"Editor":"nswses.gis","Edited":1755061004825}},{"type":"Feature","id":109,"geometry":{"type":"Point","coordinates":[151.626219648485,-33.1436118611427]},"properties":{"OBJECTID":109,"HQNAME":"Swansea","SES_LEVEL":"Unit","REGCODE":"SNR","UNIT_CODE":"SWN","POINT_X":151.62621418,"POINT_Y":-33.14362451,"ZoneCode":"NHZ","C_Code":"LSC","STArea__":0.06700485,"STLength__":3.34226733,"Creator":"nswses.gis","Created":1755061004825,"Editor":"nswses.gis","Edited":1755061004825}},{"type":"Feature","id":110,"geometry":{"type":"Point","coordinates":[150.040775955845,-30.7047204928157]},"properties":{"OBJECTID":110,"HQNAME":"Boggabri","SES_LEVEL":"Unit","REGCODE":"NMR","UNIT_CODE":"BRI","POINT_X":150.04076997,"POINT_Y":-30.70473331,"ZoneCode":"NWZ","C_Code":"LMC","STArea__":1.22118002,"STLength__":6.26189841,"Creator":"nswses.gis","Created":1755061004825,"Editor":"nswses.gis","Edited":1755061004825}},{"type":"Feature","id":111,"geometry":{"type":"Point","coordinates":[149.791336062909,-30.324887162009]},"properties":{"OBJECTID":111,"HQNAME":"Narrabri","SES_LEVEL":"Unit","REGCODE":"NMR","UNIT_CODE":"NAA","POINT_X":149.79133,"POINT_Y":-30.3249,"ZoneCode":"NWZ","C_Code":"LMC","STArea__":1.22118002,"STLength__":6.26189841,"Creator":"nswses.gis","Created":1755061004825,"Editor":"nswses.gis","Edited":1755061004825}},{"type":"Feature","id":112,"geometry":{"type":"Point","coordinates":[148.885690000454,-30.3519800004841]},"properties":{"OBJECTID":112,"HQNAME":"Pilliga","SES_LEVEL":"Unit","REGCODE":"NMR","UNIT_CODE":"PIL","POINT_X":148.88568383,"POINT_Y":-30.35199292,"ZoneCode":"NWZ","C_Code":"LMC","STArea__":1.22118002,"STLength__":6.26189841,"Creator":"nswses.gis","Created":1755061004825,"Editor":"nswses.gis","Edited":1755061004825}},{"type":"Feature","id":113,"geometry":{"type":"Point","coordinates":[149.44088,-30.226759999811]},"properties":{"OBJECTID":113,"HQNAME":"Wee Waa","SES_LEVEL":"Unit","REGCODE":"NMR","UNIT_CODE":"WWA","POINT_X":149.44087388,"POINT_Y":-30.22677287,"ZoneCode":"NWZ","C_Code":"LMC","STArea__":1.22118002,"STLength__":6.26189841,"Creator":"nswses.gis","Created":1755061004825,"Editor":"nswses.gis","Edited":1755061004825}},{"type":"Feature","id":114,"geometry":{"type":"Point","coordinates":[150.737580000147,-34.045149999602]},"properties":{"OBJECTID":114,"HQNAME":"Camden","SES_LEVEL":"Unit","REGCODE":"SSR","UNIT_CODE":"CAM","POINT_X":150.73757453,"POINT_Y":-34.04516273,"ZoneCode":"MTZ","C_Code":"STC","STArea__":0.05000807,"STLength__":1.39365546,"Creator":"nswses.gis","Created":1755061004825,"Editor":"nswses.gis","Edited":1755061004825}},{"type":"Feature","id":115,"geometry":{"type":"Point","coordinates":[150.847445459027,-34.0394772836421]},"properties":{"OBJECTID":115,"HQNAME":"Campbelltown","SES_LEVEL":"Unit","REGCODE":"SSR","UNIT_CODE":"CTN","POINT_X":150.84744,"POINT_Y":-34.03949,"ZoneCode":"MTZ","C_Code":"STC","STArea__":0.05000807,"STLength__":1.39365546,"Creator":"nswses.gis","Created":1755061004825,"Editor":"nswses.gis","Edited":1755061004825}},{"type":"Feature","id":116,"geometry":{"type":"Point","coordinates":[151.093628023929,-29.3175542719277]},"properties":{"OBJECTID":116,"HQNAME":"Ashford","SES_LEVEL":"Unit","REGCODE":"NWR","UNIT_CODE":"ASH","POINT_X":151.093622,"POINT_Y":-29.317567,"ZoneCode":"NWZ","C_Code":"MAC","STArea__":1.81220992,"STLength__":8.14445273,"Creator":"nswses.gis","Created":1755061004825,"Editor":"nswses.gis","Edited":1755061004825}},{"type":"Feature","id":117,"geometry":{"type":"Point","coordinates":[150.570026020693,-29.8681172280424]},"properties":{"OBJECTID":117,"HQNAME":"Bingara","SES_LEVEL":"Unit","REGCODE":"NWR","UNIT_CODE":"BIN","POINT_X":150.57002,"POINT_Y":-29.86813,"ZoneCode":"NWZ","C_Code":"MAC","STArea__":1.81220992,"STLength__":8.14445273,"Creator":"nswses.gis","Created":1755061004825,"Editor":"nswses.gis","Edited":1755061004825}},{"type":"Feature","id":118,"geometry":{"type":"Point","coordinates":[151.138970000039,-29.7576600004779]},"properties":{"OBJECTID":118,"HQNAME":"Inverell","SES_LEVEL":"Unit","REGCODE":"NWR","UNIT_CODE":"IVL","POINT_X":151.13896404,"POINT_Y":-29.75767272,"ZoneCode":"NWZ","C_Code":"MAC","STArea__":1.81220992,"STLength__":8.14445273,"Creator":"nswses.gis","Created":1755061004825,"Editor":"nswses.gis","Edited":1755061004825}},{"type":"Feature","id":119,"geometry":{"type":"Point","coordinates":[151.21148823401,-29.9553903887246]},"properties":{"OBJECTID":119,"HQNAME":"Tingha","SES_LEVEL":"Unit","REGCODE":"NMR","UNIT_CODE":"TGA","POINT_X":151.2114823,"POINT_Y":-29.9554031,"ZoneCode":"NWZ","C_Code":"MAC","STArea__":1.81220992,"STLength__":8.14445273,"Creator":"nswses.gis","Created":1755061004825,"Editor":"nswses.gis","Edited":1755061004825}},{"type":"Feature","id":120,"geometry":{"type":"Point","coordinates":[150.575890000007,-29.5403700001011]},"properties":{"OBJECTID":120,"HQNAME":"Warialda","SES_LEVEL":"Unit","REGCODE":"NWR","UNIT_CODE":"WRI","POINT_X":150.57588394,"POINT_Y":-29.54038277,"ZoneCode":"NWZ","C_Code":"MAC","STArea__":1.81220992,"STLength__":8.14445273,"Creator":"nswses.gis","Created":1755061004825,"Editor":"nswses.gis","Edited":1755061004825}},{"type":"Feature","id":121,"geometry":{"type":"Point","coordinates":[150.780610000203,-28.9035899999155]},"properties":{"OBJECTID":121,"HQNAME":"Yetman","SES_LEVEL":"Unit","REGCODE":"NWR","UNIT_CODE":"YET","POINT_X":150.78060389,"POINT_Y":-28.90360276,"ZoneCode":"NWZ","C_Code":"MAC","STArea__":1.81220992,"STLength__":8.14445273,"Creator":"nswses.gis","Created":1755061004825,"Editor":"nswses.gis","Edited":1755061004825}},{"type":"Feature","id":122,"geometry":{"type":"Point","coordinates":[150.359776193149,-28.6116571995073]},"properties":{"OBJECTID":122,"HQNAME":"Boggabilla","SES_LEVEL":"Unit","REGCODE":"NWR","UNIT_CODE":"BOG","POINT_X":150.35977,"POINT_Y":-28.61167,"ZoneCode":"NWZ","C_Code":"MEC","STArea__":1.66153291,"STLength__":8.87804607,"Creator":"nswses.gis","Created":1755061004825,"Editor":"nswses.gis","Edited":1755061004825}},{"type":"Feature","id":123,"geometry":{"type":"Point","coordinates":[149.633134852437,-29.0741781777939]},"properties":{"OBJECTID":123,"HQNAME":"Garah","SES_LEVEL":"Unit","REGCODE":"NWR","UNIT_CODE":"GAH","POINT_X":149.63312863,"POINT_Y":-29.07419104,"ZoneCode":"NWZ","C_Code":"MEC","STArea__":1.66153291,"STLength__":8.87804607,"Creator":"nswses.gis","Created":1755061004825,"Editor":"nswses.gis","Edited":1755061004825}},{"type":"Feature","id":124,"geometry":{"type":"Point","coordinates":[149.85405715299,-29.4790741611716]},"properties":{"OBJECTID":124,"HQNAME":"Moree","SES_LEVEL":"Unit","REGCODE":"NWR","UNIT_CODE":"MRE","POINT_X":149.854051,"POINT_Y":-29.479087,"ZoneCode":"NWZ","C_Code":"MEC","STArea__":1.66153291,"STLength__":8.87804607,"Creator":"nswses.gis","Created":1755061004825,"Editor":"nswses.gis","Edited":1755061004825}},{"type":"Feature","id":125,"geometry":{"type":"Point","coordinates":[148.996760000297,-28.9804399995561]},"properties":{"OBJECTID":125,"HQNAME":"Mungindi","SES_LEVEL":"Unit","REGCODE":"NWR","UNIT_CODE":"MUN","POINT_X":148.99675369,"POINT_Y":-28.98045292,"ZoneCode":"NWZ","C_Code":"MEC","STArea__":1.66153291,"STLength__":8.87804607,"Creator":"nswses.gis","Created":1755061004825,"Editor":"nswses.gis","Edited":1755061004825}},{"type":"Feature","id":127,"geometry":{"type":"Point","coordinates":[152.486586599313,-32.1651699233016]},"properties":{"OBJECTID":127,"HQNAME":"Forster Pacific Palms","SES_LEVEL":"Unit","REGCODE":"MNR","UNIT_CODE":"FPP","POINT_X":152.51544446,"POINT_Y":-32.34206414,"ZoneCode":"NHZ","C_Code":"MCC","STArea__":0.95941905,"STLength__":6.5310706,"Creator":"nswses.gis","Created":1755061004825,"Editor":"nswses.gis","Edited":1755061004825}},{"type":"Feature","id":128,"geometry":{"type":"Point","coordinates":[151.954775573056,-32.0272473735339]},"properties":{"OBJECTID":128,"HQNAME":"Gloucester Shire","SES_LEVEL":"Unit","REGCODE":"MNR","UNIT_CODE":"GLS","POINT_X":151.95477,"POINT_Y":-32.02726,"ZoneCode":"NHZ","C_Code":"MCC","STArea__":0.95941905,"STLength__":6.5310706,"Creator":"nswses.gis","Created":1755061004825,"Editor":"nswses.gis","Edited":1755061004825}},{"type":"Feature","id":129,"geometry":{"type":"Point","coordinates":[151.962747242323,-32.4672159854914]},"properties":{"OBJECTID":129,"HQNAME":"Stroud","SES_LEVEL":"Unit","REGCODE":"MNR","UNIT_CODE":"STO","POINT_X":151.96274173,"POINT_Y":-32.46722861,"ZoneCode":"NHZ","C_Code":"MCC","STArea__":0.95941905,"STLength__":6.5310706,"Creator":"nswses.gis","Created":1755061004825,"Editor":"nswses.gis","Edited":1755061004825}},{"type":"Feature","id":130,"geometry":{"type":"Point","coordinates":[152.384825507193,-32.0954774158034]},"properties":{"OBJECTID":130,"HQNAME":"Nabiac","SES_LEVEL":"Unit","REGCODE":"MNR","UNIT_CODE":"NAB","POINT_X":152.38482,"POINT_Y":-32.09549,"ZoneCode":"NHZ","C_Code":"MCC","STArea__":0.95941905,"STLength__":6.5310706,"Creator":"nswses.gis","Created":1755061004825,"Editor":"nswses.gis","Edited":1755061004825}},{"type":"Feature","id":131,"geometry":{"type":"Point","coordinates":[152.458605524003,-31.8993874216123]},"properties":{"OBJECTID":131,"HQNAME":"Taree City","SES_LEVEL":"Unit","REGCODE":"MNR","UNIT_CODE":"TAR","POINT_X":152.4586,"POINT_Y":-31.8994,"ZoneCode":"NHZ","C_Code":"MCC","STArea__":0.95941905,"STLength__":6.5310706,"Creator":"nswses.gis","Created":1755061004825,"Editor":"nswses.gis","Edited":1755061004825}},{"type":"Feature","id":132,"geometry":{"type":"Point","coordinates":[152.370925539826,-31.8669774127745]},"properties":{"OBJECTID":132,"HQNAME":"Wingham","SES_LEVEL":"Unit","REGCODE":"MNR","UNIT_CODE":"WGM","POINT_X":152.37092,"POINT_Y":-31.86699,"ZoneCode":"NHZ","C_Code":"MCC","STArea__":0.95941905,"STLength__":6.5310706,"Creator":"nswses.gis","Created":1755061004825,"Editor":"nswses.gis","Edited":1755061004825}},{"type":"Feature","id":133,"geometry":{"type":"Point","coordinates":[152.690829999912,-31.8683200003105]},"properties":{"OBJECTID":133,"HQNAME":"Harrington","SES_LEVEL":"Unit","REGCODE":"MNR","UNIT_CODE":"HAR","POINT_X":152.6908245,"POINT_Y":-31.86833256,"ZoneCode":"NHZ","C_Code":"MCC","STArea__":0.95941905,"STLength__":6.5310706,"Creator":"nswses.gis","Created":1755061004825,"Editor":"nswses.gis","Edited":1755061004825}},{"type":"Feature","id":134,"geometry":{"type":"Point","coordinates":[152.427095530812,-31.879437418372]},"properties":{"OBJECTID":134,"HQNAME":"Mid North Coast","SES_LEVEL":"Office","REGCODE":"MNR","UNIT_CODE":null,"POINT_X":152.42709,"POINT_Y":-31.87945,"ZoneCode":"NHZ","C_Code":"MCC","STArea__":0.95941905,"STLength__":6.5310706,"Creator":"nswses.gis","Created":1755061004825,"Editor":"nswses.gis","Edited":1755061004825}},{"type":"Feature","id":135,"geometry":{"type":"Point","coordinates":[147.19081359036,-31.5536948186485]},"properties":{"OBJECTID":135,"HQNAME":"Nyngan","SES_LEVEL":"Unit","REGCODE":"MQR","UNIT_CODE":"NYN","POINT_X":147.19080733,"POINT_Y":-31.55370786,"ZoneCode":"WTZ","C_Code":"MTC","STArea__":3.23674428,"STLength__":14.03289729,"Creator":"nswses.gis","Created":1755061004825,"Editor":"nswses.gis","Edited":1755061004825}},{"type":"Feature","id":136,"geometry":{"type":"Point","coordinates":[148.568975021268,-32.2153552836385]},"properties":{"OBJECTID":136,"HQNAME":"SES Dubbo Vols","SES_LEVEL":"Unit","REGCODE":"MQR","UNIT_CODE":"DBO","POINT_X":148.5698114,"POINT_Y":-32.21664,"ZoneCode":"WTZ","C_Code":"MTC","STArea__":3.23674428,"STLength__":14.03289729,"Creator":"nswses.gis","Created":1755061004825,"Editor":"nswses.gis","Edited":1755061004825}},{"type":"Feature","id":137,"geometry":{"type":"Point","coordinates":[148.247030266504,-32.2396470733661]},"properties":{"OBJECTID":137,"HQNAME":"Narromine","SES_LEVEL":"Unit","REGCODE":"MQR","UNIT_CODE":"NME","POINT_X":148.24702422,"POINT_Y":-32.23966003,"ZoneCode":"WTZ","C_Code":"MTC","STArea__":3.23674428,"STLength__":14.03289729,"Creator":"nswses.gis","Created":1755061004825,"Editor":"nswses.gis","Edited":1755061004825}},{"type":"Feature","id":138,"geometry":{"type":"Point","coordinates":[147.833889999555,-31.6986700001699]},"properties":{"OBJECTID":138,"HQNAME":"Warren","SES_LEVEL":"Unit","REGCODE":"MQR","UNIT_CODE":"WRN","POINT_X":147.83388384,"POINT_Y":-31.69868299,"ZoneCode":"WTZ","C_Code":"MTC","STArea__":3.23674428,"STLength__":14.03289729,"Creator":"nswses.gis","Created":1755061004825,"Editor":"nswses.gis","Edited":1755061004825}},{"type":"Feature","id":139,"geometry":{"type":"Point","coordinates":[148.614515993771,-32.2526570756799]},"properties":{"OBJECTID":139,"HQNAME":"Dubbo ICC ","SES_LEVEL":"Zone","REGCODE":"WTZ","UNIT_CODE":"DBO","POINT_X":148.61451,"POINT_Y":-32.25267,"ZoneCode":"WTZ","C_Code":"MTC","STArea__":3.23674428,"STLength__":14.03289729,"Creator":"nswses.gis","Created":1755061004825,"Editor":"nswses.gis","Edited":1755061004825}},{"type":"Feature","id":140,"geometry":{"type":"Point","coordinates":[145.889319999628,-34.8039200001128]},"properties":{"OBJECTID":140,"HQNAME":"Coleambally","SES_LEVEL":"Unit","REGCODE":"MER","UNIT_CODE":"CLB","POINT_X":145.88931389,"POINT_Y":-34.80393312,"ZoneCode":"SHZ","C_Code":"MIC","STArea__":1.69106721,"STLength__":8.95243206,"Creator":"nswses.gis","Created":1755061004825,"Editor":"nswses.gis","Edited":1755061004825}},{"type":"Feature","id":141,"geometry":{"type":"Point","coordinates":[146.05376000004,-34.2979699996055]},"properties":{"OBJECTID":141,"HQNAME":"Griffith","SES_LEVEL":"Unit","REGCODE":"MER","UNIT_CODE":"GRI","POINT_X":146.05375386,"POINT_Y":-34.29798311,"ZoneCode":"SHZ","C_Code":"MIC","STArea__":1.69106721,"STLength__":8.95243206,"Creator":"nswses.gis","Created":1755061004825,"Editor":"nswses.gis","Edited":1755061004825}},{"type":"Feature","id":142,"geometry":{"type":"Point","coordinates":[145.725609999634,-35.3551600000376]},"properties":{"OBJECTID":142,"HQNAME":"Jerilderie","SES_LEVEL":"Unit","REGCODE":"MYR","UNIT_CODE":"JER","POINT_X":145.72560393,"POINT_Y":-35.35517313,"ZoneCode":"SHZ","C_Code":"HUC","STArea__":1.69106721,"STLength__":8.95243206,"Creator":"nswses.gis","Created":1755061004825,"Editor":"nswses.gis","Edited":1755061004825}},{"type":"Feature","id":143,"geometry":{"type":"Point","coordinates":[146.392360000394,-34.5635600002393]},"properties":{"OBJECTID":143,"HQNAME":"Leeton","SES_LEVEL":"Unit","REGCODE":"MER","UNIT_CODE":"LTN","POINT_X":146.39235394,"POINT_Y":-34.56357308,"ZoneCode":"SHZ","C_Code":"MIC","STArea__":1.69106721,"STLength__":8.95243206,"Creator":"nswses.gis","Created":1755061004825,"Editor":"nswses.gis","Edited":1755061004825}},{"type":"Feature","id":144,"geometry":{"type":"Point","coordinates":[146.551530000188,-34.7465200003108]},"properties":{"OBJECTID":144,"HQNAME":"Narrandera","SES_LEVEL":"Unit","REGCODE":"MER","UNIT_CODE":"NRN","POINT_X":146.55152399,"POINT_Y":-34.74653307,"ZoneCode":"SHZ","C_Code":"MIC","STArea__":1.69106721,"STLength__":8.95243206,"Creator":"nswses.gis","Created":1755061004825,"Editor":"nswses.gis","Edited":1755061004825}},{"type":"Feature","id":145,"geometry":{"type":"Point","coordinates":[146.270020000255,-35.3260700003038]},"properties":{"OBJECTID":145,"HQNAME":"Urana","SES_LEVEL":"Unit","REGCODE":"MYR","UNIT_CODE":"URN","POINT_X":146.27001401,"POINT_Y":-35.32608309,"ZoneCode":"SHZ","C_Code":"HUC","STArea__":1.69106721,"STLength__":8.95243206,"Creator":"nswses.gis","Created":1755061004825,"Editor":"nswses.gis","Edited":1755061004825}},{"type":"Feature","id":146,"geometry":{"type":"Point","coordinates":[150.300699999699,-33.7096499996547]},"properties":{"OBJECTID":146,"HQNAME":"Blue Mountains West","SES_LEVEL":"Unit","REGCODE":"SWR","UNIT_CODE":"BMW","POINT_X":150.30069442,"POINT_Y":-33.70966277,"ZoneCode":"MTZ","C_Code":"BMC","STArea__":0.17853814,"STLength__":3.67170179,"Creator":"nswses.gis","Created":1755061004825,"Editor":"nswses.gis","Edited":1755061004825}},{"type":"Feature","id":147,"geometry":{"type":"Point","coordinates":[150.752639999532,-33.7752200000958]},"properties":{"OBJECTID":147,"HQNAME":"Penrith","SES_LEVEL":"Unit","REGCODE":"SWR","UNIT_CODE":"PEN","POINT_X":150.75263449,"POINT_Y":-33.77523273,"ZoneCode":"MTZ","C_Code":"WTC","STArea__":0.17853814,"STLength__":3.67170179,"Creator":"nswses.gis","Created":1755061004825,"Editor":"nswses.gis","Edited":1755061004825}},{"type":"Feature","id":148,"geometry":{"type":"Point","coordinates":[151.847639999791,-29.4383499999528]},"properties":{"OBJECTID":148,"HQNAME":"Deepwater","SES_LEVEL":"Unit","REGCODE":"NWR","UNIT_CODE":"DEP","POINT_X":151.84763408,"POINT_Y":-29.43836266,"ZoneCode":"NWZ","C_Code":"UTC","STArea__":2.74043418,"STLength__":15.89757039,"Creator":"nswses.gis","Created":1755061004825,"Editor":"nswses.gis","Edited":1755061004825}},{"type":"Feature","id":149,"geometry":{"type":"Point","coordinates":[151.726900000414,-29.7242899995872]},"properties":{"OBJECTID":149,"HQNAME":"Glen Innes","SES_LEVEL":"Unit","REGCODE":"NWR","UNIT_CODE":"GLN","POINT_X":151.7268941,"POINT_Y":-29.72430266,"ZoneCode":"NWZ","C_Code":"UTC","STArea__":2.74043418,"STLength__":15.89757039,"Creator":"nswses.gis","Created":1755061004825,"Editor":"nswses.gis","Edited":1755061004825}},{"type":"Feature","id":150,"geometry":{"type":"Point","coordinates":[151.67265584152,-30.2295073332336]},"properties":{"OBJECTID":150,"HQNAME":"Guyra","SES_LEVEL":"Unit","REGCODE":"NMR","UNIT_CODE":"GUY","POINT_X":151.67265,"POINT_Y":-30.22952,"ZoneCode":"NWZ","C_Code":"LTC","STArea__":2.74043418,"STLength__":15.89757039,"Creator":"nswses.gis","Created":1755061004825,"Editor":"nswses.gis","Edited":1755061004825}},{"type":"Feature","id":151,"geometry":{"type":"Point","coordinates":[152.00730999995,-29.0390900002461]},"properties":{"OBJECTID":151,"HQNAME":"Tenterfield","SES_LEVEL":"Unit","REGCODE":"NWR","UNIT_CODE":"TEN","POINT_X":152.00730405,"POINT_Y":-29.03910264,"ZoneCode":"NWZ","C_Code":"UTC","STArea__":2.74043418,"STLength__":15.89757039,"Creator":"nswses.gis","Created":1755061004825,"Editor":"nswses.gis","Edited":1755061004825}},{"type":"Feature","id":152,"geometry":{"type":"Point","coordinates":[151.488699999595,-30.6391599998659]},"properties":{"OBJECTID":152,"HQNAME":"Uralla","SES_LEVEL":"Unit","REGCODE":"NMR","UNIT_CODE":"URL","POINT_X":151.48869419,"POINT_Y":-30.63917268,"ZoneCode":"NWZ","C_Code":"LTC","STArea__":2.74043418,"STLength__":15.89757039,"Creator":"nswses.gis","Created":1755061004825,"Editor":"nswses.gis","Edited":1755061004825}},{"type":"Feature","id":153,"geometry":{"type":"Point","coordinates":[152.546895960102,-28.4741474044837]},"properties":{"OBJECTID":153,"HQNAME":"Urbenville","SES_LEVEL":"Unit","REGCODE":"RTR","UNIT_CODE":"URB","POINT_X":152.54689,"POINT_Y":-28.47416,"ZoneCode":"NWZ","C_Code":"NEC","STArea__":2.74043418,"STLength__":15.89757039,"Creator":"nswses.gis","Created":1755061004825,"Editor":"nswses.gis","Edited":1755061004825}},{"type":"Feature","id":154,"geometry":{"type":"Point","coordinates":[151.592717755811,-30.9831633312651]},"properties":{"OBJECTID":154,"HQNAME":"Walcha","SES_LEVEL":"Unit","REGCODE":"NMR","UNIT_CODE":"WAL","POINT_X":151.592712,"POINT_Y":-30.983176,"ZoneCode":"NWZ","C_Code":"LTC","STArea__":2.74043418,"STLength__":15.89757039,"Creator":"nswses.gis","Created":1755061004825,"Editor":"nswses.gis","Edited":1755061004825}},{"type":"Feature","id":155,"geometry":{"type":"Point","coordinates":[151.652479999633,-30.5171100004702]},"properties":{"OBJECTID":155,"HQNAME":"Armidale-Dumaresq","SES_LEVEL":"Unit","REGCODE":"NMR","UNIT_CODE":"ARM","POINT_X":151.65247419,"POINT_Y":-30.51712267,"ZoneCode":"NWZ","C_Code":"LTC","STArea__":2.74043418,"STLength__":15.89757039,"Creator":"nswses.gis","Created":1755061004825,"Editor":"nswses.gis","Edited":1755061004825}},{"type":"Feature","id":156,"geometry":{"type":"Point","coordinates":[151.129590000422,-33.8373000003334]},"properties":{"OBJECTID":156,"HQNAME":"Hunters Hill","SES_LEVEL":"Unit","REGCODE":"SNR","UNIT_CODE":"HHL","POINT_X":151.12958456,"POINT_Y":-33.83731269,"ZoneCode":"MTZ","C_Code":"NCC","STArea__":0.00450724,"STLength__":0.52521773,"Creator":"nswses.gis","Created":1755061004825,"Editor":"nswses.gis","Edited":1755061004825}},{"type":"Feature","id":157,"geometry":{"type":"Point","coordinates":[151.135520000243,-33.7873899995357]},"properties":{"OBJECTID":157,"HQNAME":"Ryde","SES_LEVEL":"Unit","REGCODE":"SNR","UNIT_CODE":"RYD","POINT_X":151.13551455,"POINT_Y":-33.78740269,"ZoneCode":"MTZ","C_Code":"NCC","STArea__":0.00450724,"STLength__":0.52521773,"Creator":"nswses.gis","Created":1755061004825,"Editor":"nswses.gis","Edited":1755061004825}},{"type":"Feature","id":158,"geometry":{"type":"Point","coordinates":[150.983109999587,-33.7678400002557]},"properties":{"OBJECTID":158,"HQNAME":"The Hills","SES_LEVEL":"Unit","REGCODE":"SWR","UNIT_CODE":"HLS","POINT_X":150.98310452,"POINT_Y":-33.76785271,"ZoneCode":"MTZ","C_Code":"NWC","STArea__":0.30627511,"STLength__":3.98153735,"Creator":"nswses.gis","Created":1755061004825,"Editor":"nswses.gis","Edited":1755061004825}},{"type":"Feature","id":159,"geometry":{"type":"Point","coordinates":[150.828935525843,-33.5528772785334]},"properties":{"OBJECTID":159,"HQNAME":"Hawkesbury","SES_LEVEL":"Unit","REGCODE":"SWR","UNIT_CODE":"HAW","POINT_X":150.82893,"POINT_Y":-33.55289,"ZoneCode":"MTZ","C_Code":"NWC","STArea__":0.30627511,"STLength__":3.98153735,"Creator":"nswses.gis","Created":1755061004825,"Editor":"nswses.gis","Edited":1755061004825}},{"type":"Feature","id":160,"geometry":{"type":"Point","coordinates":[151.269610000034,-33.7881000000596]},"properties":{"OBJECTID":160,"HQNAME":"Manly","SES_LEVEL":"Unit","REGCODE":"SNR","UNIT_CODE":"MAN","POINT_X":151.26960457,"POINT_Y":-33.78811268,"ZoneCode":"MTZ","C_Code":"NSC","STArea__":0.02687625,"STLength__":1.21620091,"Creator":"nswses.gis","Created":1755061004825,"Editor":"nswses.gis","Edited":1755061004825}},{"type":"Feature","id":161,"geometry":{"type":"Point","coordinates":[151.222400000493,-33.6929999999762]},"properties":{"OBJECTID":161,"HQNAME":"Warringah-Pittwater","SES_LEVEL":"Unit","REGCODE":"SNR","UNIT_CODE":"WPW","POINT_X":151.22239455,"POINT_Y":-33.69301268,"ZoneCode":"MTZ","C_Code":"NSC","STArea__":0.02687625,"STLength__":1.21620091,"Creator":"nswses.gis","Created":1755061004825,"Editor":"nswses.gis","Edited":1755061004825}},{"type":"Feature","id":162,"geometry":{"type":"Point","coordinates":[150.895029999723,-34.4021399995401]},"properties":{"OBJECTID":162,"HQNAME":"Wollongong City","SES_LEVEL":"Unit","REGCODE":"ISR","UNIT_CODE":"WOL","POINT_X":150.8950246,"POINT_Y":-34.40215271,"ZoneCode":"SEZ","C_Code":"NIC","STArea__":0.06750507,"STLength__":1.98693157,"Creator":"nswses.gis","Created":1755061004825,"Editor":"nswses.gis","Edited":1755061004825}},{"type":"Feature","id":163,"geometry":{"type":"Point","coordinates":[150.89025028513,-34.4266877472693]},"properties":{"OBJECTID":163,"HQNAME":"State","SES_LEVEL":"State","REGCODE":"ISR","UNIT_CODE":null,"POINT_X":150.89024488,"POINT_Y":-34.42670046,"ZoneCode":"SEZ","C_Code":"NIC","STArea__":0.06750507,"STLength__":1.98693157,"Creator":"nswses.gis","Created":1755061004825,"Editor":"nswses.gis","Edited":1755061004825}},{"type":"Feature","id":164,"geometry":{"type":"Point","coordinates":[150.872855401343,-34.4441072887874]},"properties":{"OBJECTID":164,"HQNAME":"Illawarra South Coast","SES_LEVEL":"Office","REGCODE":"ISR","UNIT_CODE":null,"POINT_X":150.87285,"POINT_Y":-34.44412,"ZoneCode":"SEZ","C_Code":"NIC","STArea__":0.06750507,"STLength__":1.98693157,"Creator":"nswses.gis","Created":1755061004825,"Editor":"nswses.gis","Edited":1755061004825}},{"type":"Feature","id":165,"geometry":{"type":"Point","coordinates":[150.872712633343,-34.4442619537753]},"properties":{"OBJECTID":165,"HQNAME":"Dapto","SES_LEVEL":"Unit","REGCODE":"ISR","UNIT_CODE":"DPT","POINT_X":150.87270723,"POINT_Y":-34.44427466,"ZoneCode":"SEZ","C_Code":"NIC","STArea__":0.06750507,"STLength__":1.98693157,"Creator":"nswses.gis","Created":1755061004825,"Editor":"nswses.gis","Edited":1755061004825}},{"type":"Feature","id":166,"geometry":{"type":"Point","coordinates":[151.238640000486,-33.825070000421]},"properties":{"OBJECTID":166,"HQNAME":"Mosman","SES_LEVEL":"Unit","REGCODE":"SNR","UNIT_CODE":"MOS","POINT_X":151.23863457,"POINT_Y":-33.82508268,"ZoneCode":"MTZ","C_Code":"NSC","STArea__":0.00502056,"STLength__":0.8257695,"Creator":"nswses.gis","Created":1755061004825,"Editor":"nswses.gis","Edited":1755061004825}},{"type":"Feature","id":167,"geometry":{"type":"Point","coordinates":[151.210725433022,-33.8433273159403]},"properties":{"OBJECTID":167,"HQNAME":"North Sydney","SES_LEVEL":"Unit","REGCODE":"SNR","UNIT_CODE":"NSY","POINT_X":151.21072,"POINT_Y":-33.84334,"ZoneCode":"MTZ","C_Code":"NSC","STArea__":0.00502056,"STLength__":0.8257695,"Creator":"nswses.gis","Created":1755061004825,"Editor":"nswses.gis","Edited":1755061004825}},{"type":"Feature","id":168,"geometry":{"type":"Point","coordinates":[151.195509999895,-33.8157200003263]},"properties":{"OBJECTID":168,"HQNAME":"Willoughby-Lane Cove","SES_LEVEL":"Unit","REGCODE":"SNR","UNIT_CODE":"WLC","POINT_X":151.19550456,"POINT_Y":-33.81573269,"ZoneCode":"MTZ","C_Code":"NCC","STArea__":0.00502056,"STLength__":0.8257695,"Creator":"nswses.gis","Created":1755061004825,"Editor":"nswses.gis","Edited":1755061004825}},{"type":"Feature","id":169,"geometry":{"type":"Point","coordinates":[149.571655718798,-33.4395571653706]},"properties":{"OBJECTID":169,"HQNAME":"Bathurst","SES_LEVEL":"Unit","REGCODE":"CWR","UNIT_CODE":"BTH","POINT_X":149.57165,"POINT_Y":-33.43957,"ZoneCode":"WTZ","C_Code":"PNC","STArea__":0.51839967,"STLength__":6.51198279,"Creator":"nswses.gis","Created":1755061004825,"Editor":"nswses.gis","Edited":1755061004825}},{"type":"Feature","id":170,"geometry":{"type":"Point","coordinates":[149.248415753042,-33.5365371381812]},"properties":{"OBJECTID":170,"HQNAME":"Blayney","SES_LEVEL":"Unit","REGCODE":"CWR","UNIT_CODE":"BLY","POINT_X":149.24841,"POINT_Y":-33.53655,"ZoneCode":"WTZ","C_Code":"PNC","STArea__":0.51839967,"STLength__":6.51198279,"Creator":"nswses.gis","Created":1755061004825,"Editor":"nswses.gis","Edited":1755061004825}},{"type":"Feature","id":171,"geometry":{"type":"Point","coordinates":[149.695125745567,-33.081317173602]},"properties":{"OBJECTID":171,"HQNAME":"Sofala","SES_LEVEL":"Unit","REGCODE":"CWR","UNIT_CODE":"SOF","POINT_X":149.69512,"POINT_Y":-33.08133,"ZoneCode":"WTZ","C_Code":"PNC","STArea__":0.51839967,"STLength__":6.51198279,"Creator":"nswses.gis","Created":1755061004825,"Editor":"nswses.gis","Edited":1755061004825}},{"type":"Feature","id":172,"geometry":{"type":"Point","coordinates":[149.543245725966,-33.4142371627268]},"properties":{"OBJECTID":172,"HQNAME":"Central West","SES_LEVEL":"Office","REGCODE":"CWR","UNIT_CODE":null,"POINT_X":149.54324,"POINT_Y":-33.41425,"ZoneCode":"WTZ","C_Code":"PNC","STArea__":0.51839967,"STLength__":6.51198279,"Creator":"nswses.gis","Created":1755061004825,"Editor":"nswses.gis","Edited":1755061004825}},{"type":"Feature","id":173,"geometry":{"type":"Point","coordinates":[150.611595641191,-30.3788056826453]},"properties":{"OBJECTID":173,"HQNAME":"Barraba","SES_LEVEL":"Unit","REGCODE":"NMR","UNIT_CODE":"BAB","POINT_X":150.61158969,"POINT_Y":-30.37881845,"ZoneCode":"NWZ","C_Code":"PLC","STArea__":0.93246233,"STLength__":7.72345396,"Creator":"nswses.gis","Created":1755061004825,"Editor":"nswses.gis","Edited":1755061004825}},{"type":"Feature","id":174,"geometry":{"type":"Point","coordinates":[150.72596999993,-30.755979999877]},"properties":{"OBJECTID":174,"HQNAME":"Manilla","SES_LEVEL":"Unit","REGCODE":"NMR","UNIT_CODE":"MNL","POINT_X":150.72596411,"POINT_Y":-30.75599275,"ZoneCode":"NWZ","C_Code":"PLC","STArea__":0.93246233,"STLength__":7.72345396,"Creator":"nswses.gis","Created":1755061004825,"Editor":"nswses.gis","Edited":1755061004825}},{"type":"Feature","id":175,"geometry":{"type":"Point","coordinates":[151.128360000368,-31.4627700001895]},"properties":{"OBJECTID":175,"HQNAME":"Nundle","SES_LEVEL":"Unit","REGCODE":"NMR","UNIT_CODE":"NUN","POINT_X":151.12835425,"POINT_Y":-31.46278271,"ZoneCode":"NWZ","C_Code":"PLC","STArea__":0.93246233,"STLength__":7.72345396,"Creator":"nswses.gis","Created":1755061004825,"Editor":"nswses.gis","Edited":1755061004825}},{"type":"Feature","id":176,"geometry":{"type":"Point","coordinates":[150.910196279028,-31.0918806432661]},"properties":{"OBJECTID":176,"HQNAME":"Tamworth Vol","SES_LEVEL":"Unit","REGCODE":"NMR","UNIT_CODE":"TMW","POINT_X":150.91024,"POINT_Y":-31.09186,"ZoneCode":"NWZ","C_Code":"PLC","STArea__":0.93246233,"STLength__":7.72345396,"Creator":"nswses.gis","Created":1755061004825,"Editor":"nswses.gis","Edited":1755061004825}},{"type":"Feature","id":177,"geometry":{"type":"Point","coordinates":[149.439785508804,-35.2613971664858]},"properties":{"OBJECTID":177,"HQNAME":"Bungendore","SES_LEVEL":"Unit","REGCODE":"SHR","UNIT_CODE":"BNG","POINT_X":149.43978,"POINT_Y":-35.26141,"ZoneCode":"SEZ","C_Code":"QPC","STArea__":0.59814613,"STLength__":6.80265113,"Creator":"nswses.gis","Created":1755061004825,"Editor":"nswses.gis","Edited":1755061004825}},{"type":"Feature","id":178,"geometry":{"type":"Point","coordinates":[149.439020000437,-35.590849999634]},"properties":{"OBJECTID":178,"HQNAME":"Captains Flat","SES_LEVEL":"Unit","REGCODE":"SHR","UNIT_CODE":"CFL","POINT_X":149.43901453,"POINT_Y":-35.59086283,"ZoneCode":"SEZ","C_Code":"QPC","STArea__":0.59814613,"STLength__":6.80265113,"Creator":"nswses.gis","Created":1755061004825,"Editor":"nswses.gis","Edited":1755061004825}},{"type":"Feature","id":179,"geometry":{"type":"Point","coordinates":[149.234769999513,-35.3454100004241]},"properties":{"OBJECTID":179,"HQNAME":"Queanbeyan","SES_LEVEL":"Unit","REGCODE":"SHR","UNIT_CODE":"QBN","POINT_X":149.23476447,"POINT_Y":-35.34542285,"ZoneCode":"SEZ","C_Code":"QPC","STArea__":0.59814613,"STLength__":6.80265113,"Creator":"nswses.gis","Created":1755061004825,"Editor":"nswses.gis","Edited":1755061004825}},{"type":"Feature","id":180,"geometry":{"type":"Point","coordinates":[149.802305428569,-35.4509771993451]},"properties":{"OBJECTID":180,"HQNAME":"Braidwood","SES_LEVEL":"Unit","REGCODE":"SHR","UNIT_CODE":"BRW","POINT_X":149.8023,"POINT_Y":-35.45099,"ZoneCode":"SEZ","C_Code":"QPC","STArea__":0.59814613,"STLength__":6.80265113,"Creator":"nswses.gis","Created":1755061004825,"Editor":"nswses.gis","Edited":1755061004825}},{"type":"Feature","id":181,"geometry":{"type":"Point","coordinates":[149.255835486298,-35.1645501790084]},"properties":{"OBJECTID":181,"HQNAME":"Sutton","SES_LEVEL":"Unit","REGCODE":"SHR","UNIT_CODE":"STN","POINT_X":149.25582994,"POINT_Y":-35.16456303,"ZoneCode":"SEZ","C_Code":"QPC","STArea__":0.59814613,"STLength__":6.80265113,"Creator":"nswses.gis","Created":1755061004825,"Editor":"nswses.gis","Edited":1755061004825}},{"type":"Feature","id":182,"geometry":{"type":"Point","coordinates":[153.052721884951,-28.8782856489538]},"properties":{"OBJECTID":182,"HQNAME":"Casino","SES_LEVEL":"Unit","REGCODE":"RTR","UNIT_CODE":"CAS","POINT_X":153.05271603,"POINT_Y":-28.87829819,"ZoneCode":"NEZ","C_Code":"RVC","STArea__":0.49147711,"STLength__":4.65339769,"Creator":"nswses.gis","Created":1755061004825,"Editor":"nswses.gis","Edited":1755061004825}},{"type":"Feature","id":183,"geometry":{"type":"Point","coordinates":[153.001729999599,-28.6242399998686]},"properties":{"OBJECTID":183,"HQNAME":"Kyogle","SES_LEVEL":"Unit","REGCODE":"RTR","UNIT_CODE":"KYG","POINT_X":153.00172411,"POINT_Y":-28.62425255,"ZoneCode":"NEZ","C_Code":"RVC","STArea__":0.49147711,"STLength__":4.65339769,"Creator":"nswses.gis","Created":1755061004825,"Editor":"nswses.gis","Edited":1755061004825}},{"type":"Feature","id":184,"geometry":{"type":"Point","coordinates":[152.569205905126,-28.8878074098806]},"properties":{"OBJECTID":184,"HQNAME":"Tabulam","SES_LEVEL":"Unit","REGCODE":"RTR","UNIT_CODE":"TAB","POINT_X":152.5692,"POINT_Y":-28.88782,"ZoneCode":"NEZ","C_Code":"RVC","STArea__":0.49147711,"STLength__":4.65339769,"Creator":"nswses.gis","Created":1755061004825,"Editor":"nswses.gis","Edited":1755061004825}},{"type":"Feature","id":185,"geometry":{"type":"Point","coordinates":[147.203300000071,-34.8135100003223]},"properties":{"OBJECTID":185,"HQNAME":"Coolamon","SES_LEVEL":"Unit","REGCODE":"MER","UNIT_CODE":"CLM","POINT_X":147.2032941,"POINT_Y":-34.81352302,"ZoneCode":"SHZ","C_Code":"RNC","STArea__":2.02512765,"STLength__":10.35514654,"Creator":"nswses.gis","Created":1755061004825,"Editor":"nswses.gis","Edited":1755061004825}},{"type":"Feature","id":186,"geometry":{"type":"Point","coordinates":[147.586265458215,-34.8689011296215]},"properties":{"OBJECTID":186,"HQNAME":"Junee","SES_LEVEL":"Unit","REGCODE":"MER","UNIT_CODE":"JUN","POINT_X":147.58625962,"POINT_Y":-34.86891412,"ZoneCode":"SHZ","C_Code":"RNC","STArea__":2.02512765,"STLength__":10.35514654,"Creator":"nswses.gis","Created":1755061004825,"Editor":"nswses.gis","Edited":1755061004825}},{"type":"Feature","id":187,"geometry":{"type":"Point","coordinates":[147.523740000452,-34.4462699998332]},"properties":{"OBJECTID":187,"HQNAME":"Temora","SES_LEVEL":"Unit","REGCODE":"MER","UNIT_CODE":"TEM","POINT_X":147.5237341,"POINT_Y":-34.446283,"ZoneCode":"SHZ","C_Code":"RNC","STArea__":2.02512765,"STLength__":10.35514654,"Creator":"nswses.gis","Created":1755061004825,"Editor":"nswses.gis","Edited":1755061004825}},{"type":"Feature","id":188,"geometry":{"type":"Point","coordinates":[147.329783547456,-35.1293350512619]},"properties":{"OBJECTID":188,"HQNAME":"Wagga Wagga","SES_LEVEL":"Unit","REGCODE":"MER","UNIT_CODE":"WGA","POINT_X":147.3297777,"POINT_Y":-35.12934806,"ZoneCode":"SHZ","C_Code":"RNC","STArea__":2.02512765,"STLength__":10.35514654,"Creator":"nswses.gis","Created":1755061004825,"Editor":"nswses.gis","Edited":1755061004825}},{"type":"Feature","id":189,"geometry":{"type":"Point","coordinates":[147.330275849378,-35.1293469923003]},"properties":{"OBJECTID":189,"HQNAME":"Southern","SES_LEVEL":"Zone","REGCODE":"STZ","UNIT_CODE":null,"POINT_X":147.33027,"POINT_Y":-35.12936,"ZoneCode":"SHZ","C_Code":"RNC","STArea__":2.02512765,"STLength__":10.35514654,"Creator":"nswses.gis","Created":1755061004825,"Editor":"nswses.gis","Edited":1755061004825}},{"type":"Feature","id":190,"geometry":{"type":"Point","coordinates":[147.225537144892,-33.9237029699913]},"properties":{"OBJECTID":190,"HQNAME":"West Wyalong","SES_LEVEL":"Unit","REGCODE":"LAR","UNIT_CODE":"WWY","POINT_X":147.22553114,"POINT_Y":-33.92371599,"ZoneCode":"SHZ","C_Code":"CNC","STArea__":2.02512765,"STLength__":10.35514654,"Creator":"nswses.gis","Created":1755061004825,"Editor":"nswses.gis","Edited":1755061004825}},{"type":"Feature","id":191,"geometry":{"type":"Point","coordinates":[143.5658964826,-34.6413167247966]},"properties":{"OBJECTID":191,"HQNAME":"Balranald","SES_LEVEL":"Unit","REGCODE":"MYR","UNIT_CODE":"BRD","POINT_X":143.56589,"POINT_Y":-34.64133,"ZoneCode":"SHZ","C_Code":"CMC","STArea__":5.06305106,"STLength__":18.37342817,"Creator":"nswses.gis","Created":1755061004825,"Editor":"nswses.gis","Edited":1755061004825}},{"type":"Feature","id":192,"geometry":{"type":"Point","coordinates":[145.708146221029,-33.9794168635779]},"properties":{"OBJECTID":192,"HQNAME":"Goolgowi","SES_LEVEL":"Unit","REGCODE":"MER","UNIT_CODE":"GLG","POINT_X":145.70814,"POINT_Y":-33.97943,"ZoneCode":"SHZ","C_Code":"MIC","STArea__":5.06305106,"STLength__":18.37342817,"Creator":"nswses.gis","Created":1755061004825,"Editor":"nswses.gis","Edited":1755061004825}},{"type":"Feature","id":193,"geometry":{"type":"Point","coordinates":[144.83337630101,-34.4979968063145]},"properties":{"OBJECTID":193,"HQNAME":"Hay","SES_LEVEL":"Unit","REGCODE":"MER","UNIT_CODE":"HAY","POINT_X":144.83337,"POINT_Y":-34.49801,"ZoneCode":"SHZ","C_Code":"CMC","STArea__":5.06305106,"STLength__":18.37342817,"Creator":"nswses.gis","Created":1755061004825,"Editor":"nswses.gis","Edited":1755061004825}},{"type":"Feature","id":194,"geometry":{"type":"Point","coordinates":[145.535558296449,-33.4878858479904]},"properties":{"OBJECTID":194,"HQNAME":"Hillston","SES_LEVEL":"Unit","REGCODE":"MER","UNIT_CODE":"HIL","POINT_X":145.535552,"POINT_Y":-33.487899,"ZoneCode":"SHZ","C_Code":"MIC","STArea__":5.06305106,"STLength__":18.37342817,"Creator":"nswses.gis","Created":1755061004825,"Editor":"nswses.gis","Edited":1755061004825}},{"type":"Feature","id":195,"geometry":{"type":"Point","coordinates":[149.250520000326,-36.9031700000672]},"properties":{"OBJECTID":195,"HQNAME":"Bombala","SES_LEVEL":"Unit","REGCODE":"SHR","UNIT_CODE":"BOM","POINT_X":149.25051468,"POINT_Y":-36.90318284,"ZoneCode":"SEZ","C_Code":"SMC","STArea__":1.52791094,"STLength__":7.69740424,"Creator":"nswses.gis","Created":1755061004825,"Editor":"nswses.gis","Edited":1755061004825}},{"type":"Feature","id":197,"geometry":{"type":"Point","coordinates":[148.603750000001,-36.4357600004475]},"properties":{"OBJECTID":197,"HQNAME":"Snowy River","SES_LEVEL":"Unit","REGCODE":"SHR","UNIT_CODE":"SNO","POINT_X":148.60374451,"POINT_Y":-36.4357729,"ZoneCode":"SEZ","C_Code":"SMC","STArea__":1.52791094,"STLength__":7.69740424,"Creator":"nswses.gis","Created":1755061004825,"Editor":"nswses.gis","Edited":1755061004825}},{"type":"Feature","id":198,"geometry":{"type":"Point","coordinates":[149.14990542966,-36.224737148031]},"properties":{"OBJECTID":198,"HQNAME":"Cooma-Monaro","SES_LEVEL":"Unit","REGCODE":"SHR","UNIT_CODE":"OOM","POINT_X":149.1499,"POINT_Y":-36.22475,"ZoneCode":"SEZ","C_Code":"SMC","STArea__":1.52791094,"STLength__":7.69740424,"Creator":"nswses.gis","Created":1755061004825,"Editor":"nswses.gis","Edited":1755061004825}},{"type":"Feature","id":199,"geometry":{"type":"Point","coordinates":[150.995795801798,-33.9031285183764]},"properties":{"OBJECTID":199,"HQNAME":"Bankstown","SES_LEVEL":"Unit","REGCODE":"SSR","UNIT_CODE":"BKK","POINT_X":150.99579035,"POINT_Y":-33.90314122,"ZoneCode":"MTZ","C_Code":"SLC","STArea__":0.01218791,"STLength__":0.72032069,"Creator":"nswses.gis","Created":1755061004825,"Editor":"nswses.gis","Edited":1755061004825}},{"type":"Feature","id":200,"geometry":{"type":"Point","coordinates":[151.081341918819,-33.9383874175545]},"properties":{"OBJECTID":200,"HQNAME":"Canterbury","SES_LEVEL":"Unit","REGCODE":"SSR","UNIT_CODE":"CBY","POINT_X":151.08133648,"POINT_Y":-33.93840011,"ZoneCode":"MTZ","C_Code":"SLC","STArea__":0.01218791,"STLength__":0.72032069,"Creator":"nswses.gis","Created":1755061004825,"Editor":"nswses.gis","Edited":1755061004825}},{"type":"Feature","id":201,"geometry":{"type":"Point","coordinates":[151.065436777572,-33.8749548216341]},"properties":{"OBJECTID":201,"HQNAME":"Strathfield","SES_LEVEL":"Unit","REGCODE":"SWR","UNIT_CODE":"STR","POINT_X":151.06543133,"POINT_Y":-33.87496752,"ZoneCode":"MTZ","C_Code":"IWC","STArea__":0.01218791,"STLength__":0.72032069,"Creator":"nswses.gis","Created":1755061004825,"Editor":"nswses.gis","Edited":1755061004825}},{"type":"Feature","id":202,"geometry":{"type":"Point","coordinates":[150.467380000119,-35.3651500000696]},"properties":{"OBJECTID":202,"HQNAME":"Ulladulla","SES_LEVEL":"Unit","REGCODE":"ISR","UNIT_CODE":"ULD","POINT_X":150.46737466,"POINT_Y":-35.36516274,"ZoneCode":"SEZ","C_Code":"SVC","STArea__":0.79910844,"STLength__":8.98376163,"Creator":"nswses.gis","Created":1755061004825,"Editor":"nswses.gis","Edited":1755061004825}},{"type":"Feature","id":203,"geometry":{"type":"Point","coordinates":[150.590584260635,-34.8955436500558]},"properties":{"OBJECTID":203,"HQNAME":"Nowra","SES_LEVEL":"Unit","REGCODE":"ISR","UNIT_CODE":"NOW","POINT_X":150.59057888,"POINT_Y":-34.89555638,"ZoneCode":"SEZ","C_Code":"SVC","STArea__":0.79910844,"STLength__":8.98376163,"Creator":"nswses.gis","Created":1755061004825,"Editor":"nswses.gis","Edited":1755061004825}},{"type":"Feature","id":204,"geometry":{"type":"Point","coordinates":[150.060100000071,-35.9144600002289]},"properties":{"OBJECTID":204,"HQNAME":"Moruya","SES_LEVEL":"Unit","REGCODE":"ISR","UNIT_CODE":"MOU","POINT_X":150.06009467,"POINT_Y":-35.91447277,"ZoneCode":"SEZ","C_Code":"EUC","STArea__":0.79910844,"STLength__":8.98376163,"Creator":"nswses.gis","Created":1755061004825,"Editor":"nswses.gis","Edited":1755061004825}},{"type":"Feature","id":205,"geometry":{"type":"Point","coordinates":[150.204965105912,-35.7650763530641]},"properties":{"OBJECTID":205,"HQNAME":"Batemans Bay","SES_LEVEL":"Unit","REGCODE":"ISR","UNIT_CODE":"BMB","POINT_X":150.204935,"POINT_Y":-35.7651397,"ZoneCode":"SEZ","C_Code":"EUC","STArea__":0.79910844,"STLength__":8.98376163,"Creator":"nswses.gis","Created":1755061004825,"Editor":"nswses.gis","Edited":1774582088785}},{"type":"Feature","id":206,"geometry":{"type":"Point","coordinates":[150.596105025827,-35.0889144378768]},"properties":{"OBJECTID":206,"HQNAME":"St Georges Basin","SES_LEVEL":"Unit","REGCODE":"ISR","UNIT_CODE":"SGB","POINT_X":150.59609967,"POINT_Y":-35.08892717,"ZoneCode":"SEZ","C_Code":"SVC","STArea__":0.79910844,"STLength__":8.98376163,"Creator":"nswses.gis","Created":1755061004825,"Editor":"nswses.gis","Edited":1755061004825}},{"type":"Feature","id":207,"geometry":{"type":"Point","coordinates":[150.944505464762,-33.8910372915504]},"properties":{"OBJECTID":207,"HQNAME":"Fairfield","SES_LEVEL":"Unit","REGCODE":"SSR","UNIT_CODE":"FFD","POINT_X":150.9445,"POINT_Y":-33.89105,"ZoneCode":"MTZ","C_Code":"SLC","STArea__":0.03973557,"STLength__":1.51708723,"Creator":"nswses.gis","Created":1755061004825,"Editor":"nswses.gis","Edited":1755061004825}},{"type":"Feature","id":208,"geometry":{"type":"Point","coordinates":[150.912619747612,-33.9266524678569]},"properties":{"OBJECTID":208,"HQNAME":"Liverpool","SES_LEVEL":"Unit","REGCODE":"SSR","UNIT_CODE":"LVP","POINT_X":150.91261428,"POINT_Y":-33.92666518,"ZoneCode":"MTZ","C_Code":"STC","STArea__":0.03973557,"STLength__":1.51708723,"Creator":"nswses.gis","Created":1755061004825,"Editor":"nswses.gis","Edited":1755061004825}},{"type":"Feature","id":209,"geometry":{"type":"Point","coordinates":[150.443054791327,-34.4529495846415]},"properties":{"OBJECTID":209,"HQNAME":"Wingecarribee","SES_LEVEL":"Unit","REGCODE":"ISR","UNIT_CODE":"WCB","POINT_X":150.44304933,"POINT_Y":-34.45296233,"ZoneCode":"SEZ","C_Code":"SHC","STArea__":0.5131089,"STLength__":5.38071772,"Creator":"nswses.gis","Created":1755061004825,"Editor":"nswses.gis","Edited":1755061004825}},{"type":"Feature","id":210,"geometry":{"type":"Point","coordinates":[150.601184149506,-34.1923827851781]},"properties":{"OBJECTID":210,"HQNAME":"Wollondilly","SES_LEVEL":"Unit","REGCODE":"SSR","UNIT_CODE":"WDY","POINT_X":150.60117868,"POINT_Y":-34.19239552,"ZoneCode":"SEZ","C_Code":"SHC","STArea__":0.5131089,"STLength__":5.38071772,"Creator":"nswses.gis","Created":1755061004825,"Editor":"nswses.gis","Edited":1755061004825}},{"type":"Feature","id":211,"geometry":{"type":"Point","coordinates":[150.356062442412,-34.5346280343577]},"properties":{"OBJECTID":211,"HQNAME":"Moss Vale","SES_LEVEL":"Unit","REGCODE":"ISR","UNIT_CODE":"MSV","POINT_X":150.3635309,"POINT_Y":-34.54067452,"ZoneCode":"SEZ","C_Code":"SHC","STArea__":0.5131089,"STLength__":5.38071772,"Creator":"nswses.gis","Created":1755061004825,"Editor":"nswses.gis","Edited":1755061004825}},{"type":"Feature","id":212,"geometry":{"type":"Point","coordinates":[150.84608537568,-34.6643372878417]},"properties":{"OBJECTID":212,"HQNAME":"Kiama","SES_LEVEL":"Unit","REGCODE":"ISR","UNIT_CODE":"KMA","POINT_X":150.84608,"POINT_Y":-34.66435,"ZoneCode":"SEZ","C_Code":"SIC","STArea__":0.04277947,"STLength__":1.57615697,"Creator":"nswses.gis","Created":1755061004825,"Editor":"nswses.gis","Edited":1755061004825}},{"type":"Feature","id":213,"geometry":{"type":"Point","coordinates":[150.776585398495,-34.5709672808167]},"properties":{"OBJECTID":213,"HQNAME":"Shellharbour City","SES_LEVEL":"Unit","REGCODE":"ISR","UNIT_CODE":"SHE","POINT_X":150.77658,"POINT_Y":-34.57098,"ZoneCode":"SEZ","C_Code":"SIC","STArea__":0.04277947,"STLength__":1.57615697,"Creator":"nswses.gis","Created":1755061004825,"Editor":"nswses.gis","Edited":1755061004825}},{"type":"Feature","id":214,"geometry":{"type":"Point","coordinates":[148.027150000479,-34.6537900003515]},"properties":{"OBJECTID":214,"HQNAME":"Cootamundra","SES_LEVEL":"Unit","REGCODE":"MER","UNIT_CODE":"CTA","POINT_X":148.0271442,"POINT_Y":-34.65380296,"ZoneCode":"SHZ","C_Code":"SWC","STArea__":1.28536033,"STLength__":10.90881358,"Creator":"nswses.gis","Created":1755061004825,"Editor":"nswses.gis","Edited":1755061004825}},{"type":"Feature","id":215,"geometry":{"type":"Point","coordinates":[148.101999999535,-35.0618400001623]},"properties":{"OBJECTID":215,"HQNAME":"Gundagai","SES_LEVEL":"Unit","REGCODE":"MER","UNIT_CODE":"GND","POINT_X":148.10199426,"POINT_Y":-35.06185295,"ZoneCode":"SHZ","C_Code":"SWC","STArea__":1.28536033,"STLength__":10.90881358,"Creator":"nswses.gis","Created":1755061004825,"Editor":"nswses.gis","Edited":1755061004825}},{"type":"Feature","id":216,"geometry":{"type":"Point","coordinates":[148.213320000281,-35.2951299997728]},"properties":{"OBJECTID":216,"HQNAME":"Tumut","SES_LEVEL":"Unit","REGCODE":"MER","UNIT_CODE":"TMT","POINT_X":148.21331431,"POINT_Y":-35.29514294,"ZoneCode":"SHZ","C_Code":"SWC","STArea__":1.28536033,"STLength__":10.90881358,"Creator":"nswses.gis","Created":1755061004825,"Editor":"nswses.gis","Edited":1755061004825}},{"type":"Feature","id":217,"geometry":{"type":"Point","coordinates":[147.993497669302,-35.7758830491628]},"properties":{"OBJECTID":217,"HQNAME":"Tumbarumba Shire","SES_LEVEL":"Unit","REGCODE":"MYR","UNIT_CODE":"TUM","POINT_X":147.993492,"POINT_Y":-35.775896,"ZoneCode":"SHZ","C_Code":"SWC","STArea__":1.28536033,"STLength__":10.90881358,"Creator":"nswses.gis","Created":1755061004825,"Editor":"nswses.gis","Edited":1755061004825}},{"type":"Feature","id":218,"geometry":{"type":"Point","coordinates":[148.12500859435,-36.2171520627063]},"properties":{"OBJECTID":218,"HQNAME":"Khancoban","SES_LEVEL":"Unit","REGCODE":"MYR","UNIT_CODE":"KHN","POINT_X":148.125003,"POINT_Y":-36.217165,"ZoneCode":"SHZ","C_Code":"SWC","STArea__":1.28536033,"STLength__":10.90881358,"Creator":"nswses.gis","Created":1755061004825,"Editor":"nswses.gis","Edited":1755061004825}},{"type":"Feature","id":219,"geometry":{"type":"Point","coordinates":[149.396610915671,-32.0135351400879]},"properties":{"OBJECTID":219,"HQNAME":"Dunedoo","SES_LEVEL":"Unit","REGCODE":"MQR","UNIT_CODE":"DUN","POINT_X":149.396605,"POINT_Y":-32.013548,"ZoneCode":"WTZ","C_Code":"TLC","STArea__":1.69082413,"STLength__":9.75087035,"Creator":"nswses.gis","Created":1755061004825,"Editor":"nswses.gis","Edited":1755061004825}},{"type":"Feature","id":220,"geometry":{"type":"Point","coordinates":[149.596879999556,-32.612449999711]},"properties":{"OBJECTID":220,"HQNAME":"Mudgee","SES_LEVEL":"Unit","REGCODE":"MQR","UNIT_CODE":"MGE","POINT_X":149.59687418,"POINT_Y":-32.61246284,"ZoneCode":"WTZ","C_Code":"TLC","STArea__":1.69082413,"STLength__":9.75087035,"Creator":"nswses.gis","Created":1755061004825,"Editor":"nswses.gis","Edited":1755061004825}},{"type":"Feature","id":221,"geometry":{"type":"Point","coordinates":[149.96972474229,-32.7984981957299]},"properties":{"OBJECTID":221,"HQNAME":"Rylstone","SES_LEVEL":"Unit","REGCODE":"MQR","UNIT_CODE":"RYL","POINT_X":149.969719,"POINT_Y":-32.798511,"ZoneCode":"WTZ","C_Code":"TLC","STArea__":1.69082413,"STLength__":9.75087035,"Creator":"nswses.gis","Created":1755061004825,"Editor":"nswses.gis","Edited":1755061004825}},{"type":"Feature","id":222,"geometry":{"type":"Point","coordinates":[148.94567258075,-32.5500204385028]},"properties":{"OBJECTID":222,"HQNAME":"Wellington","SES_LEVEL":"Unit","REGCODE":"MQR","UNIT_CODE":"WTN","POINT_X":148.94566667,"POINT_Y":-32.55003333,"ZoneCode":"WTZ","C_Code":"TLC","STArea__":1.69082413,"STLength__":9.75087035,"Creator":"nswses.gis","Created":1755061004825,"Editor":"nswses.gis","Edited":1755061004825}},{"type":"Feature","id":223,"geometry":{"type":"Point","coordinates":[151.06283543745,-33.9685073030466]},"properties":{"OBJECTID":223,"HQNAME":"Hurstville","SES_LEVEL":"Unit","REGCODE":"SSR","UNIT_CODE":"HVL","POINT_X":151.06283,"POINT_Y":-33.96852,"ZoneCode":"MTZ","C_Code":"BYC","STArea__":0.00986914,"STLength__":0.6154512,"Creator":"nswses.gis","Created":1755061004825,"Editor":"nswses.gis","Edited":1755061004825}},{"type":"Feature","id":224,"geometry":{"type":"Point","coordinates":[151.119095427642,-33.9813673083643]},"properties":{"OBJECTID":224,"HQNAME":"Kogarah","SES_LEVEL":"Unit","REGCODE":"SSR","UNIT_CODE":"KOG","POINT_X":151.11909,"POINT_Y":-33.98138,"ZoneCode":"MTZ","C_Code":"BYC","STArea__":0.00986914,"STLength__":0.6154512,"Creator":"nswses.gis","Created":1755061004825,"Editor":"nswses.gis","Edited":1755061004825}},{"type":"Feature","id":225,"geometry":{"type":"Point","coordinates":[151.116435432545,-33.9476273078811]},"properties":{"OBJECTID":225,"HQNAME":"Bayside","SES_LEVEL":"Unit","REGCODE":"SSR","UNIT_CODE":"BAY","POINT_X":151.11643,"POINT_Y":-33.94764,"ZoneCode":"MTZ","C_Code":"BYC","STArea__":0.00986914,"STLength__":0.6154512,"Creator":"nswses.gis","Created":1755061004825,"Editor":"nswses.gis","Edited":1755061004825}},{"type":"Feature","id":226,"geometry":{"type":"Point","coordinates":[151.009201124183,-34.0881207889083]},"properties":{"OBJECTID":226,"HQNAME":"Heathcote","SES_LEVEL":"Facility","REGCODE":"SSR","UNIT_CODE":"HCT","POINT_X":151.0091957,"POINT_Y":-34.08813349,"ZoneCode":"MTZ","C_Code":"TSC","STArea__":0.0326144,"STLength__":2.42739876,"Creator":"nswses.gis","Created":1755061004825,"Editor":"nswses.gis","Edited":1755061004825}},{"type":"Feature","id":227,"geometry":{"type":"Point","coordinates":[151.009045963175,-34.0883455958955]},"properties":{"OBJECTID":227,"HQNAME":"Sutherland","SES_LEVEL":"Unit","REGCODE":"SSR","UNIT_CODE":"SUD","POINT_X":151.00904053,"POINT_Y":-34.0883583,"ZoneCode":"MTZ","C_Code":"TSC","STArea__":0.0326144,"STLength__":2.42739876,"Creator":"nswses.gis","Created":1755061004825,"Editor":"nswses.gis","Edited":1755061004825}},{"type":"Feature","id":228,"geometry":{"type":"Point","coordinates":[150.884326162875,-32.1771032938115]},"properties":{"OBJECTID":228,"HQNAME":"Aberdeen","SES_LEVEL":"Unit","REGCODE":"HUR","UNIT_CODE":"ABD","POINT_X":150.88432047,"POINT_Y":-32.17711602,"ZoneCode":"NHZ","C_Code":"UHC","STArea__":1.09587087,"STLength__":7.85954136,"Creator":"nswses.gis","Created":1755061004825,"Editor":"nswses.gis","Edited":1755061004825}},{"type":"Feature","id":229,"geometry":{"type":"Point","coordinates":[150.685830000277,-32.3842500001105]},"properties":{"OBJECTID":229,"HQNAME":"Denman","SES_LEVEL":"Unit","REGCODE":"HUR","UNIT_CODE":"DEN","POINT_X":150.6858243,"POINT_Y":-32.38426274,"ZoneCode":"NHZ","C_Code":"UHC","STArea__":1.09587087,"STLength__":7.85954136,"Creator":"nswses.gis","Created":1755061004825,"Editor":"nswses.gis","Edited":1755061004825}},{"type":"Feature","id":230,"geometry":{"type":"Point","coordinates":[150.35785577121,-32.1393672256244]},"properties":{"OBJECTID":230,"HQNAME":"Merriwa","SES_LEVEL":"Unit","REGCODE":"HUR","UNIT_CODE":"MWA","POINT_X":150.35785,"POINT_Y":-32.13938,"ZoneCode":"NHZ","C_Code":"UHC","STArea__":1.09587087,"STLength__":7.85954136,"Creator":"nswses.gis","Created":1755061004825,"Editor":"nswses.gis","Edited":1755061004825}},{"type":"Feature","id":231,"geometry":{"type":"Point","coordinates":[150.8391399999,-31.7660399996722]},"properties":{"OBJECTID":231,"HQNAME":"Murrurundi","SES_LEVEL":"Unit","REGCODE":"HUR","UNIT_CODE":"MDI","POINT_X":150.83913425,"POINT_Y":-31.76605273,"ZoneCode":"NHZ","C_Code":"UHC","STArea__":1.09587087,"STLength__":7.85954136,"Creator":"nswses.gis","Created":1755061004825,"Editor":"nswses.gis","Edited":1755061004825}},{"type":"Feature","id":232,"geometry":{"type":"Point","coordinates":[150.906359415784,-32.2644691484721]},"properties":{"OBJECTID":232,"HQNAME":"Muswellbrook","SES_LEVEL":"Unit","REGCODE":"HUR","UNIT_CODE":"MBK","POINT_X":150.90635373,"POINT_Y":-32.26448187,"ZoneCode":"NHZ","C_Code":"UHC","STArea__":1.09587087,"STLength__":7.85954136,"Creator":"nswses.gis","Created":1755061004825,"Editor":"nswses.gis","Edited":1755061004825}},{"type":"Feature","id":233,"geometry":{"type":"Point","coordinates":[150.869375713772,-32.0519472715296]},"properties":{"OBJECTID":233,"HQNAME":"Scone","SES_LEVEL":"Unit","REGCODE":"HUR","UNIT_CODE":"SCN","POINT_X":150.86937,"POINT_Y":-32.05196,"ZoneCode":"NHZ","C_Code":"UHC","STArea__":1.09587087,"STLength__":7.85954136,"Creator":"nswses.gis","Created":1755061004825,"Editor":"nswses.gis","Edited":1755061004825}},{"type":"Feature","id":234,"geometry":{"type":"Point","coordinates":[150.231539248291,-30.9826951688542]},"properties":{"OBJECTID":234,"HQNAME":"Gunnedah","SES_LEVEL":"Unit","REGCODE":"NMR","UNIT_CODE":"GUN","POINT_X":150.23153332,"POINT_Y":-30.98270796,"ZoneCode":"NWZ","C_Code":"UNC","STArea__":0.95394697,"STLength__":6.71531133,"Creator":"nswses.gis","Created":1755061004825,"Editor":"nswses.gis","Edited":1755061004825}},{"type":"Feature","id":235,"geometry":{"type":"Point","coordinates":[149.828900000355,-31.3496699998647]},"properties":{"OBJECTID":235,"HQNAME":"Tambar Springs","SES_LEVEL":"Unit","REGCODE":"NMR","UNIT_CODE":"TSP","POINT_X":149.82889406,"POINT_Y":-31.34968283,"ZoneCode":"NWZ","C_Code":"UNC","STArea__":0.95394697,"STLength__":6.71531133,"Creator":"nswses.gis","Created":1755061004825,"Editor":"nswses.gis","Edited":1755061004825}},{"type":"Feature","id":236,"geometry":{"type":"Point","coordinates":[150.673309999526,-31.5030299995729]},"properties":{"OBJECTID":236,"HQNAME":"Liverpool Plains Shire","SES_LEVEL":"Unit","REGCODE":"NMR","UNIT_CODE":"LPP","POINT_X":150.67330419,"POINT_Y":-31.50304275,"ZoneCode":"NWZ","C_Code":"UNC","STArea__":0.95394697,"STLength__":6.71531133,"Creator":"nswses.gis","Created":1755061004825,"Editor":"nswses.gis","Edited":1755061004825}},{"type":"Feature","id":237,"geometry":{"type":"Point","coordinates":[150.233495929763,-30.976697205985]},"properties":{"OBJECTID":237,"HQNAME":"Namoi","SES_LEVEL":"Office","REGCODE":"NMR","UNIT_CODE":null,"POINT_X":150.23349,"POINT_Y":-30.97671,"ZoneCode":"NWZ","C_Code":"UNC","STArea__":0.95394697,"STLength__":6.71531133,"Creator":"nswses.gis","Created":1755061004825,"Editor":"nswses.gis","Edited":1755061004825}},{"type":"Feature","id":238,"geometry":{"type":"Point","coordinates":[151.079905468,-33.7211073028993]},"properties":{"OBJECTID":238,"HQNAME":"Hornsby","SES_LEVEL":"Unit","REGCODE":"SNR","UNIT_CODE":"HBY","POINT_X":151.0799,"POINT_Y":-33.72112,"ZoneCode":"MTZ","C_Code":"USC","STArea__":0.05682234,"STLength__":1.79771036,"Creator":"nswses.gis","Created":1755061004825,"Editor":"nswses.gis","Edited":1755061004825}},{"type":"Feature","id":239,"geometry":{"type":"Point","coordinates":[151.138290000278,-33.7017200001923]},"properties":{"OBJECTID":239,"HQNAME":"Ku-ring-gai","SES_LEVEL":"Unit","REGCODE":"SNR","UNIT_CODE":"KRG","POINT_X":151.13828454,"POINT_Y":-33.70173269,"ZoneCode":"MTZ","C_Code":"USC","STArea__":0.05682234,"STLength__":1.79771036,"Creator":"nswses.gis","Created":1755061004825,"Editor":"nswses.gis","Edited":1755061004825}},{"type":"Feature","id":240,"geometry":{"type":"Point","coordinates":[150.919105480986,-33.7960772885417]},"properties":{"OBJECTID":240,"HQNAME":"Blacktown","SES_LEVEL":"Unit","REGCODE":"SWR","UNIT_CODE":"BTN","POINT_X":150.9191,"POINT_Y":-33.79609,"ZoneCode":"MTZ","C_Code":"WTC","STArea__":0.02335571,"STLength__":0.74745599,"Creator":"nswses.gis","Created":1755061004825,"Editor":"nswses.gis","Edited":1755061004825}},{"type":"Feature","id":241,"geometry":{"type":"Point","coordinates":[150.826915500333,-33.749267279727]},"properties":{"OBJECTID":241,"HQNAME":"Mount Druitt","SES_LEVEL":"Unit","REGCODE":"SWR","UNIT_CODE":"MDT","POINT_X":150.82691,"POINT_Y":-33.74928,"ZoneCode":"MTZ","C_Code":"WTC","STArea__":0.02335571,"STLength__":0.74745599,"Creator":"nswses.gis","Created":1755061004825,"Editor":"nswses.gis","Edited":1755061004825}},{"type":"Feature","id":242,"geometry":{"type":"Point","coordinates":[150.952885478951,-33.7750072915122]},"properties":{"OBJECTID":242,"HQNAME":"Sydney Western","SES_LEVEL":"Office","REGCODE":"SWR","UNIT_CODE":null,"POINT_X":150.95288,"POINT_Y":-33.77502,"ZoneCode":"MTZ","C_Code":"WTC","STArea__":0.02335571,"STLength__":0.74745599,"Creator":"nswses.gis","Created":1755061004825,"Editor":"nswses.gis","Edited":1755061004825}},{"type":"Feature","id":243,"geometry":{"type":"Point","coordinates":[153.564115795381,-28.8574575097119]},"properties":{"OBJECTID":243,"HQNAME":"Ballina","SES_LEVEL":"Unit","REGCODE":"RTR","UNIT_CODE":"BAL","POINT_X":153.56411,"POINT_Y":-28.85747,"ZoneCode":"NEZ","C_Code":"WRC","STArea__":0.28612537,"STLength__":3.54433467,"Creator":"nswses.gis","Created":1755061004825,"Editor":"nswses.gis","Edited":1755061004825}},{"type":"Feature","id":244,"geometry":{"type":"Point","coordinates":[153.429235789973,-29.0148974971345]},"properties":{"OBJECTID":244,"HQNAME":"Broadwater","SES_LEVEL":"Unit","REGCODE":"RTR","UNIT_CODE":"BWT","POINT_X":153.42923,"POINT_Y":-29.01491,"ZoneCode":"NEZ","C_Code":"WRC","STArea__":0.28612537,"STLength__":3.54433467,"Creator":"nswses.gis","Created":1755061004825,"Editor":"nswses.gis","Edited":1755061004825}},{"type":"Feature","id":245,"geometry":{"type":"Point","coordinates":[153.286039809543,-28.9909244823837]},"properties":{"OBJECTID":245,"HQNAME":"Coraki","SES_LEVEL":"Unit","REGCODE":"RTR","UNIT_CODE":"CKI","POINT_X":153.286034,"POINT_Y":-28.990937,"ZoneCode":"NEZ","C_Code":"WRC","STArea__":0.28612537,"STLength__":3.54433467,"Creator":"nswses.gis","Created":1755061004825,"Editor":"nswses.gis","Edited":1755061004825}},{"type":"Feature","id":246,"geometry":{"type":"Point","coordinates":[153.288488619975,-28.8022751101755]},"properties":{"OBJECTID":246,"HQNAME":"Lismore City","SES_LEVEL":"Unit","REGCODE":"RTR","UNIT_CODE":"LSY","POINT_X":153.28848279,"POINT_Y":-28.80228763,"ZoneCode":"NEZ","C_Code":"WRC","STArea__":0.28612537,"STLength__":3.54433467,"Creator":"nswses.gis","Created":1755061004825,"Editor":"nswses.gis","Edited":1755061004825}},{"type":"Feature","id":247,"geometry":{"type":"Point","coordinates":[153.339049999538,-29.0739700004065]},"properties":{"OBJECTID":247,"HQNAME":"Woodburn","SES_LEVEL":"Unit","REGCODE":"RTR","UNIT_CODE":"WBN","POINT_X":153.33904421,"POINT_Y":-29.07398251,"ZoneCode":"NEZ","C_Code":"WRC","STArea__":0.28612537,"STLength__":3.54433467,"Creator":"nswses.gis","Created":1755061004825,"Editor":"nswses.gis","Edited":1755061004825}},{"type":"Feature","id":248,"geometry":{"type":"Point","coordinates":[153.347495824788,-28.8211974873147]},"properties":{"OBJECTID":248,"HQNAME":"North Eastern","SES_LEVEL":"Office","REGCODE":"RTR","UNIT_CODE":null,"POINT_X":153.34749,"POINT_Y":-28.82121,"ZoneCode":"NEZ","C_Code":"WRC","STArea__":0.28612537,"STLength__":3.54433467,"Creator":"nswses.gis","Created":1755061004825,"Editor":"nswses.gis","Edited":1755061004825}},{"type":"Feature","id":249,"geometry":{"type":"Point","coordinates":[148.367430000305,-34.5526400003549]},"properties":{"OBJECTID":249,"HQNAME":"Harden","SES_LEVEL":"Unit","REGCODE":"SHR","UNIT_CODE":"HDN","POINT_X":148.36742424,"POINT_Y":-34.55265293,"ZoneCode":"SEZ","C_Code":"YHC","STArea__":1.02012954,"STLength__":7.61553302,"Creator":"nswses.gis","Created":1755061004825,"Editor":"nswses.gis","Edited":1755061004825}},{"type":"Feature","id":250,"geometry":{"type":"Point","coordinates":[148.282999999643,-34.3033699997377]},"properties":{"OBJECTID":250,"HQNAME":"Young","SES_LEVEL":"Unit","REGCODE":"SHR","UNIT_CODE":"YNG","POINT_X":148.2829942,"POINT_Y":-34.30338294,"ZoneCode":"SEZ","C_Code":"YHC","STArea__":1.02012954,"STLength__":7.61553302,"Creator":"nswses.gis","Created":1755061004825,"Editor":"nswses.gis","Edited":1755061004825}},{"type":"Feature","id":251,"geometry":{"type":"Point","coordinates":[148.907310000136,-34.8225300000847]},"properties":{"OBJECTID":251,"HQNAME":"Yass","SES_LEVEL":"Unit","REGCODE":"SHR","UNIT_CODE":"YAS","POINT_X":148.90730436,"POINT_Y":-34.82254288,"ZoneCode":"SEZ","C_Code":"YHC","STArea__":1.02012954,"STLength__":7.61553302,"Creator":"nswses.gis","Created":1755061004825,"Editor":"nswses.gis","Edited":1755061004825}},{"type":"Feature","id":252,"geometry":{"type":"Point","coordinates":[149.837331613199,-36.686577299622]},"properties":{"OBJECTID":252,"HQNAME":"Bega","SES_LEVEL":"Unit","REGCODE":"ISR","UNIT_CODE":"BEG","POINT_X":149.83732636,"POINT_Y":-36.68659009,"ZoneCode":"SEZ","C_Code":"SAC","STArea__":0.63424208,"STLength__":5.52502643,"Creator":"nswses.gis","Created":1755061004825,"Editor":"nswses.gis","Edited":1755061004825}},{"type":"Feature","id":253,"geometry":{"type":"Point","coordinates":[149.901595197075,-37.0577572187035]},"properties":{"OBJECTID":253,"HQNAME":"Eden","SES_LEVEL":"Unit","REGCODE":"ISR","UNIT_CODE":"EDN","POINT_X":149.90159,"POINT_Y":-37.05777,"ZoneCode":"SEZ","C_Code":"SAC","STArea__":0.63424208,"STLength__":5.52502643,"Creator":"nswses.gis","Created":1755061004825,"Editor":"nswses.gis","Edited":1755061004825}},{"type":"Feature","id":254,"geometry":{"type":"Point","coordinates":[150.072324254147,-36.4392652297924]},"properties":{"OBJECTID":254,"HQNAME":"Bermagui","SES_LEVEL":"Unit","REGCODE":"ISR","UNIT_CODE":"BGI","POINT_X":150.072319,"POINT_Y":-36.439278,"ZoneCode":"SEZ","C_Code":"SAC","STArea__":0.63424208,"STLength__":5.52502643,"Creator":"nswses.gis","Created":1755061004825,"Editor":"nswses.gis","Edited":1755061004825}},{"type":"Feature","id":255,"geometry":{"type":"Point","coordinates":[151.012379438463,-34.0152649906948]},"properties":{"OBJECTID":255,"HQNAME":"Menai","SES_LEVEL":"Facility","REGCODE":"SSR","UNIT_CODE":"MNI","POINT_X":151.012374,"POINT_Y":-34.01527769,"ZoneCode":"MTZ","C_Code":"TSC","STArea__":0.0326144,"STLength__":2.42739876,"Creator":"nswses.gis","Created":1755061004825,"Editor":"nswses.gis","Edited":1755061004825}},{"type":"Feature","id":256,"geometry":{"type":"Point","coordinates":[151.00933926716,-34.0881405799212]},"properties":{"OBJECTID":256,"HQNAME":"Cronulla","SES_LEVEL":"Facility","REGCODE":"SSR","UNIT_CODE":"CRO","POINT_X":151.00933384,"POINT_Y":-34.08815328,"ZoneCode":"MTZ","C_Code":"TSC","STArea__":0.0326144,"STLength__":2.42739876,"Creator":"nswses.gis","Created":1755061004825,"Editor":"nswses.gis","Edited":1755061004825}},{"type":"Feature","id":257,"geometry":{"type":"Point","coordinates":[150.844033769513,-33.7748857454798]},"properties":{"OBJECTID":257,"HQNAME":"Bush Search and Rescue","SES_LEVEL":"Unit","REGCODE":"SHQ","UNIT_CODE":"BSR","POINT_X":150.84402828,"POINT_Y":-33.77489846,"ZoneCode":"SHQ","C_Code":"SHQ","STArea__":null,"STLength__":null,"Creator":"nswses.gis","Created":1755061004825,"Editor":"nswses.gis","Edited":1755061004825}},{"type":"Feature","id":258,"geometry":{"type":"Point","coordinates":[150.873195216254,-34.4443957658207]},"properties":{"OBJECTID":258,"HQNAME":"Operational Support Unit","SES_LEVEL":"Unit","REGCODE":"SHQ","UNIT_CODE":"OSU","POINT_X":150.87318982,"POINT_Y":-34.44440848,"ZoneCode":"SHQ","C_Code":"SHQ","STArea__":null,"STLength__":null,"Creator":"nswses.gis","Created":1755061004825,"Editor":"nswses.gis","Edited":1755061004825}},{"type":"Feature","id":259,"geometry":{"type":"Point","coordinates":[153.347495824788,-28.8211974873147]},"properties":{"OBJECTID":259,"HQNAME":"Richmond\\Tweed","SES_LEVEL":"Office","REGCODE":"RTR","UNIT_CODE":null,"POINT_X":153.34749,"POINT_Y":-28.82121,"ZoneCode":"NEZ","C_Code":"WRC","STArea__":0.28612537,"STLength__":3.54433467,"Creator":"nswses.gis","Created":1755061004825,"Editor":"nswses.gis","Edited":1755061004825}},{"type":"Feature","id":260,"geometry":{"type":"Point","coordinates":[150.541939220207,-33.6942631673213]},"properties":{"OBJECTID":260,"HQNAME":"Blue Mountains East","SES_LEVEL":"Unit","REGCODE":"SWR","UNIT_CODE":"BME","POINT_X":150.54193367,"POINT_Y":-33.69427591,"ZoneCode":"MTZ","C_Code":"BMC","STArea__":null,"STLength__":null,"Creator":"nswses.gis","Created":1755061004825,"Editor":"nswses.gis","Edited":1755061004825}},{"type":"Feature","id":660,"geometry":{"type":"Point","coordinates":[148.602384275782,-32.2495809246516]},"properties":{"OBJECTID":660,"HQNAME":"WTZ HQ Dubbo","SES_LEVEL":"Unit","REGCODE":"MQR","UNIT_CODE":"DBO","POINT_X":148.602313,"POINT_Y":-32.2494047,"ZoneCode":"WTZ","C_Code":"MTC","STArea__":3.23674428,"STLength__":14.03289729,"Creator":"nswses.gis","Created":1755061004825,"Editor":"nswses.gis","Edited":1755061004825}},{"type":"Feature","id":661,"geometry":{"type":"Point","coordinates":[150.915160763197,-31.0934555697351]},"properties":{"OBJECTID":661,"HQNAME":"NWZ HQ Tamworth ","SES_LEVEL":"Unit","REGCODE":"NMR","UNIT_CODE":"TMW","POINT_X":150.9160823,"POINT_Y":-31.09369,"ZoneCode":"NWZ","C_Code":"PLC","STArea__":null,"STLength__":null,"Creator":"nswses.gis","Created":1755061004825,"Editor":"nswses.gis","Edited":1755061004825}},{"type":"Feature","id":1062,"geometry":{"type":"Point","coordinates":[150.914762314229,-31.0936071516995]},"properties":{"OBJECTID":1062,"HQNAME":"Tamworth HQ Parking","SES_LEVEL":"Facility","REGCODE":"NMR","UNIT_CODE":"TMW","POINT_X":null,"POINT_Y":null,"ZoneCode":"NWZ","C_Code":"PLC","STArea__":null,"STLength__":null,"Creator":"nswses.gis","Created":1755061004825,"Editor":"nswses.gis","Edited":1755061004825}}],"metadata":{"title":"New South Wales SES Headquarters Locations","source":"NSW State Emergency Service \u2014 SES HQs & Boundaries (Public) FeatureServer","source_url":"https://services1.arcgis.com/ote4BhoDTJeZCJbh/arcgis/rest/services/SES_HQs_Boundaries/FeatureServer/0","licence":"See NSW SES Map Centre terms of use","attribution":"NSW State Emergency Service","notes":"261 SES HQ locations. Field HQNAME contains HQ name; SES_LEVEL indicates level."}}