{
  "type": "FeatureCollection",
  "name": "Ambulance_Stations_WESTERN_AUSTRALIA",
  "crs": {
    "type": "name",
    "properties": {
      "name": "urn:ogc:def:crs:OGC:1.3:CRS84"
    }
  },
  "metadata": {"source": "Digital Atlas of Australia — Ambulance Stations", "source_url": "https://digital.atlas.gov.au/datasets/ambulance-stations", "licence": "Creative Commons Attribution 4.0 International (CC BY 4.0)", "licence_url": "https://creativecommons.org/licenses/by/4.0/", "description": "Ambulance station point locations, Western Australia (split from national dataset)."}, "features": [
    {
      "type": "Feature",
      "properties": {
        "objectid": 900,
        "featuretype": "EMERGENCY FACILITY",
        "descripton": "An emergency management facility from which a particular agency\u2019s resources are commanded, coordinated and assigned to an incident or emergency",
        "class": "AMBULANCE STATION",
        "facility_name": "CAPEL",
        "facility_operationalstatus": "OPERATIONAL",
        "facility_address": "CNR STIRLING & ROE ROADS",
        "abs_suburb": "CAPEL",
        "facility_state": "WESTERN AUSTRALIA",
        "abs_postcode": "6271",
        "facility_attribute_source": "WA ST JOHN AMBULANCE",
        "facility_attribute_date": null,
        "facility_source": "WA ST JOHN AMBULANCE",
        "facility_date": null,
        "facility_spatial_confidence": null,
        "facility_revised": "2018-11-21T00:00:00Z",
        "comment_": null,
        "facility_lat": "-33.55420779999997",
        "facility_long": "115.56246790000012",
        "validated": null,
        "gnaf_building_name": null,
        "gnaf_address_detail_pid": "GAWA_146937918",
        "gnaf_formatted_address": "2 STIRLING STREET",
        "gnaf_confidence": "0",
        "gnaf_postcode": "6271",
        "gnaf_suburb": "CAPEL",
        "distance_to_gnaf": 4,
        "gnaf_lat": "-33.55418999999995",
        "gnaf_long": "115.56250000000011"
      },
      "geometry": {
        "type": "Point",
        "coordinates": [
          115.56247877445622,
          -33.55419442944109
        ]
      }
    },
    {
      "type": "Feature",
      "properties": {
        "objectid": 925,
        "featuretype": "EMERGENCY FACILITY",
        "descripton": "An emergency management facility from which a particular agency\u2019s resources are commanded, coordinated and assigned to an incident or emergency",
        "class": "AMBULANCE STATION",
        "facility_name": "WAGIN",
        "facility_operationalstatus": "OPERATIONAL",
        "facility_address": "RIFLE STREET",
        "abs_suburb": "WAGIN",
        "facility_state": "WESTERN AUSTRALIA",
        "abs_postcode": "6315",
        "facility_attribute_source": "WA ST JOHN AMBULANCE",
        "facility_attribute_date": null,
        "facility_source": "WA ST JOHN AMBULANCE",
        "facility_date": null,
        "facility_spatial_confidence": null,
        "facility_revised": "2018-11-21T00:00:00Z",
        "comment_": "NO GNAF POINT",
        "facility_lat": "-33.31069219999995",
        "facility_long": "117.3330466000001",
        "validated": null,
        "gnaf_building_name": null,
        "gnaf_address_detail_pid": null,
        "gnaf_formatted_address": null,
        "gnaf_confidence": null,
        "gnaf_postcode": null,
        "gnaf_suburb": null,
        "distance_to_gnaf": null,
        "gnaf_lat": null,
        "gnaf_long": null
      },
      "geometry": {
        "type": "Point",
        "coordinates": [
          117.33305718752577,
          -33.310678735338435
        ]
      }
    },
    {
      "type": "Feature",
      "properties": {
        "objectid": 926,
        "featuretype": "EMERGENCY FACILITY",
        "descripton": "An emergency management facility from which a particular agency\u2019s resources are commanded, coordinated and assigned to an incident or emergency",
        "class": "AMBULANCE STATION",
        "facility_name": "WARBURTON",
        "facility_operationalstatus": "OPERATIONAL",
        "facility_address": "GREAT CENTRAL ROAD",
        "abs_suburb": "WARBURTON",
        "facility_state": "WESTERN AUSTRALIA",
        "abs_postcode": "6431",
        "facility_attribute_source": "WA ST JOHN AMBULANCE",
        "facility_attribute_date": null,
        "facility_source": "WA ST JOHN AMBULANCE",
        "facility_date": null,
        "facility_spatial_confidence": null,
        "facility_revised": "2018-11-21T00:00:00Z",
        "comment_": "NO GNAF POINT",
        "facility_lat": "-26.127812999999946",
        "facility_long": "126.58140600000002",
        "validated": null,
        "gnaf_building_name": null,
        "gnaf_address_detail_pid": null,
        "gnaf_formatted_address": null,
        "gnaf_confidence": null,
        "gnaf_postcode": null,
        "gnaf_suburb": null,
        "distance_to_gnaf": null,
        "gnaf_lat": null,
        "gnaf_long": null
      },
      "geometry": {
        "type": "Point",
        "coordinates": [
          126.58141507971489,
          -26.127799222132396
        ]
      }
    },
    {
      "type": "Feature",
      "properties": {
        "objectid": 927,
        "featuretype": "EMERGENCY FACILITY",
        "descripton": "An emergency management facility from which a particular agency\u2019s resources are commanded, coordinated and assigned to an incident or emergency",
        "class": "AMBULANCE STATION",
        "facility_name": "WELLSTEAD",
        "facility_operationalstatus": "OPERATIONAL",
        "facility_address": "FENWICK STREET",
        "abs_suburb": "WELLSTEAD",
        "facility_state": "WESTERN AUSTRALIA",
        "abs_postcode": "6328",
        "facility_attribute_source": "WA ST JOHN AMBULANCE",
        "facility_attribute_date": null,
        "facility_source": "WA ST JOHN AMBULANCE",
        "facility_date": null,
        "facility_spatial_confidence": null,
        "facility_revised": "2018-11-21T00:00:00Z",
        "comment_": "NO GNAF POINT",
        "facility_lat": "-34.49219999999997",
        "facility_long": "118.61000000000001",
        "validated": null,
        "gnaf_building_name": null,
        "gnaf_address_detail_pid": null,
        "gnaf_formatted_address": null,
        "gnaf_confidence": null,
        "gnaf_postcode": null,
        "gnaf_suburb": null,
        "distance_to_gnaf": null,
        "gnaf_lat": null,
        "gnaf_long": null
      },
      "geometry": {
        "type": "Point",
        "coordinates": [
          118.61001046756428,
          -34.49218648172913
        ]
      }
    },
    {
      "type": "Feature",
      "properties": {
        "objectid": 928,
        "featuretype": "EMERGENCY FACILITY",
        "descripton": "An emergency management facility from which a particular agency\u2019s resources are commanded, coordinated and assigned to an incident or emergency",
        "class": "AMBULANCE STATION",
        "facility_name": "WICKHAM",
        "facility_operationalstatus": "OPERATIONAL",
        "facility_address": "WICKHAM DRIVE",
        "abs_suburb": "WICKHAM",
        "facility_state": "WESTERN AUSTRALIA",
        "abs_postcode": "6720",
        "facility_attribute_source": "WA ST JOHN AMBULANCE",
        "facility_attribute_date": null,
        "facility_source": "WA ST JOHN AMBULANCE",
        "facility_date": null,
        "facility_spatial_confidence": null,
        "facility_revised": "2018-11-21T00:00:00Z",
        "comment_": "NO GNAF POINT",
        "facility_lat": "-20.674536898999975",
        "facility_long": "117.14252095100005",
        "validated": null,
        "gnaf_building_name": null,
        "gnaf_address_detail_pid": null,
        "gnaf_formatted_address": null,
        "gnaf_confidence": null,
        "gnaf_postcode": null,
        "gnaf_suburb": null,
        "distance_to_gnaf": null,
        "gnaf_lat": null,
        "gnaf_long": null
      },
      "geometry": {
        "type": "Point",
        "coordinates": [
          117.14253076716635,
          -20.674523380607297
        ]
      }
    },
    {
      "type": "Feature",
      "properties": {
        "objectid": 929,
        "featuretype": "EMERGENCY FACILITY",
        "descripton": "An emergency management facility from which a particular agency\u2019s resources are commanded, coordinated and assigned to an incident or emergency",
        "class": "AMBULANCE STATION",
        "facility_name": "WILUNA",
        "facility_operationalstatus": "OPERATIONAL",
        "facility_address": "100 LENNON STREET",
        "abs_suburb": "WILUNA",
        "facility_state": "WESTERN AUSTRALIA",
        "abs_postcode": "6646",
        "facility_attribute_source": "WA ST JOHN AMBULANCE",
        "facility_attribute_date": null,
        "facility_source": "WA ST JOHN AMBULANCE",
        "facility_date": null,
        "facility_spatial_confidence": null,
        "facility_revised": "2018-11-21T00:00:00Z",
        "comment_": "NO GNAF POINT",
        "facility_lat": "-26.593299999999942",
        "facility_long": "120.22700000000009",
        "validated": null,
        "gnaf_building_name": null,
        "gnaf_address_detail_pid": null,
        "gnaf_formatted_address": null,
        "gnaf_confidence": null,
        "gnaf_postcode": null,
        "gnaf_suburb": null,
        "distance_to_gnaf": null,
        "gnaf_lat": null,
        "gnaf_long": null
      },
      "geometry": {
        "type": "Point",
        "coordinates": [
          120.22700981846349,
          -26.593286377027116
        ]
      }
    },
    {
      "type": "Feature",
      "properties": {
        "objectid": 930,
        "featuretype": "EMERGENCY FACILITY",
        "descripton": "An emergency management facility from which a particular agency\u2019s resources are commanded, coordinated and assigned to an incident or emergency",
        "class": "AMBULANCE STATION",
        "facility_name": "WYALKATCHEM",
        "facility_operationalstatus": "OPERATIONAL",
        "facility_address": "HONOUR STREET",
        "abs_suburb": "WYALKATCHEM",
        "facility_state": "WESTERN AUSTRALIA",
        "abs_postcode": "6485",
        "facility_attribute_source": "WA ST JOHN AMBULANCE",
        "facility_attribute_date": null,
        "facility_source": "WA ST JOHN AMBULANCE",
        "facility_date": null,
        "facility_spatial_confidence": null,
        "facility_revised": "2018-11-21T00:00:00Z",
        "comment_": "NO GNAF POINT",
        "facility_lat": "-31.178309999999954",
        "facility_long": "117.38414000000012",
        "validated": null,
        "gnaf_building_name": null,
        "gnaf_address_detail_pid": null,
        "gnaf_formatted_address": null,
        "gnaf_confidence": null,
        "gnaf_postcode": null,
        "gnaf_suburb": null,
        "distance_to_gnaf": null,
        "gnaf_lat": null,
        "gnaf_long": null
      },
      "geometry": {
        "type": "Point",
        "coordinates": [
          117.38415043572464,
          -31.178296523112863
        ]
      }
    },
    {
      "type": "Feature",
      "properties": {
        "objectid": 941,
        "featuretype": "EMERGENCY FACILITY",
        "descripton": "An emergency management facility from which a particular agency\u2019s resources are commanded, coordinated and assigned to an incident or emergency",
        "class": "AMBULANCE STATION",
        "facility_name": "ESPERANCE",
        "facility_operationalstatus": "OPERATIONAL",
        "facility_address": "54 WINDICH  STREET",
        "abs_suburb": "ESPERANCE",
        "facility_state": "WESTERN AUSTRALIA",
        "abs_postcode": "6450",
        "facility_attribute_source": "WA ST JOHN AMBULANCE",
        "facility_attribute_date": null,
        "facility_source": "WA ST JOHN AMBULANCE",
        "facility_date": null,
        "facility_spatial_confidence": null,
        "facility_revised": "2018-11-21T00:00:00Z",
        "comment_": null,
        "facility_lat": "-33.857585599999936",
        "facility_long": "121.89373620000003",
        "validated": null,
        "gnaf_building_name": "ST JOHNS AMBULANCE",
        "gnaf_address_detail_pid": "GAWA_149147048",
        "gnaf_formatted_address": "54 WINDICH STREET",
        "gnaf_confidence": "1",
        "gnaf_postcode": "6450",
        "gnaf_suburb": "ESPERANCE",
        "distance_to_gnaf": 8,
        "gnaf_lat": "-33.85765553999994",
        "gnaf_long": "121.89371086000006"
      },
      "geometry": {
        "type": "Point",
        "coordinates": [
          121.89374611596814,
          -33.857571959027524
        ]
      }
    },
    {
      "type": "Feature",
      "properties": {
        "objectid": 942,
        "featuretype": "EMERGENCY FACILITY",
        "descripton": "An emergency management facility from which a particular agency\u2019s resources are commanded, coordinated and assigned to an incident or emergency",
        "class": "AMBULANCE STATION",
        "facility_name": "EXMOUTH",
        "facility_operationalstatus": "OPERATIONAL",
        "facility_address": "5 MAIDSTONE CRESCENT",
        "abs_suburb": "EXMOUTH",
        "facility_state": "WESTERN AUSTRALIA",
        "abs_postcode": "6707",
        "facility_attribute_source": "WA ST JOHN AMBULANCE",
        "facility_attribute_date": null,
        "facility_source": "WA ST JOHN AMBULANCE",
        "facility_date": null,
        "facility_spatial_confidence": null,
        "facility_revised": "2018-11-21T00:00:00Z",
        "comment_": null,
        "facility_lat": "-21.92776349999997",
        "facility_long": "114.12505780000004",
        "validated": null,
        "gnaf_building_name": null,
        "gnaf_address_detail_pid": "GAWA_147035560",
        "gnaf_formatted_address": "5 MAIDSTONE CRESCENT",
        "gnaf_confidence": "2",
        "gnaf_postcode": "6707",
        "gnaf_suburb": "EXMOUTH",
        "distance_to_gnaf": 2,
        "gnaf_lat": "-21.927759999999978",
        "gnaf_long": "114.12504000000001"
      },
      "geometry": {
        "type": "Point",
        "coordinates": [
          114.12506796177549,
          -21.927750161889865
        ]
      }
    },
    {
      "type": "Feature",
      "properties": {
        "objectid": 943,
        "featuretype": "EMERGENCY FACILITY",
        "descripton": "An emergency management facility from which a particular agency\u2019s resources are commanded, coordinated and assigned to an incident or emergency",
        "class": "AMBULANCE STATION",
        "facility_name": "FRANKLAND",
        "facility_operationalstatus": "OPERATIONAL",
        "facility_address": "TRENT STREET",
        "abs_suburb": "FRANKLAND RIVER",
        "facility_state": "WESTERN AUSTRALIA",
        "abs_postcode": "6396",
        "facility_attribute_source": "WA ST JOHN AMBULANCE",
        "facility_attribute_date": null,
        "facility_source": "WA ST JOHN AMBULANCE",
        "facility_date": null,
        "facility_spatial_confidence": null,
        "facility_revised": "2018-11-21T00:00:00Z",
        "comment_": null,
        "facility_lat": "-34.36338799999993",
        "facility_long": "117.08218700000009",
        "validated": null,
        "gnaf_building_name": null,
        "gnaf_address_detail_pid": "GAWA_162490435",
        "gnaf_formatted_address": "2 TRENT STREET",
        "gnaf_confidence": "2",
        "gnaf_postcode": "6396",
        "gnaf_suburb": "FRANKLAND RIVER",
        "distance_to_gnaf": 0,
        "gnaf_lat": "-34.36338799999993",
        "gnaf_long": "117.08218700000009"
      },
      "geometry": {
        "type": "Point",
        "coordinates": [
          117.0821977008706,
          -34.363374552316884
        ]
      }
    },
    {
      "type": "Feature",
      "properties": {
        "objectid": 944,
        "featuretype": "EMERGENCY FACILITY",
        "descripton": "An emergency management facility from which a particular agency\u2019s resources are commanded, coordinated and assigned to an incident or emergency",
        "class": "AMBULANCE STATION",
        "facility_name": "GINGIN",
        "facility_operationalstatus": "OPERATIONAL",
        "facility_address": "321 WELD STREET",
        "abs_suburb": "GINGIN",
        "facility_state": "WESTERN AUSTRALIA",
        "abs_postcode": "6503",
        "facility_attribute_source": "WA ST JOHN AMBULANCE",
        "facility_attribute_date": null,
        "facility_source": "WA ST JOHN AMBULANCE",
        "facility_date": null,
        "facility_spatial_confidence": null,
        "facility_revised": "2018-11-21T00:00:00Z",
        "comment_": null,
        "facility_lat": "-31.350199999999973",
        "facility_long": "115.90800000000002",
        "validated": null,
        "gnaf_building_name": null,
        "gnaf_address_detail_pid": "GAWA_146958835",
        "gnaf_formatted_address": "15 WELD STREET",
        "gnaf_confidence": "2",
        "gnaf_postcode": "6503",
        "gnaf_suburb": "GINGIN",
        "distance_to_gnaf": 31,
        "gnaf_lat": "-31.349959999999953",
        "gnaf_long": "115.9078300000001"
      },
      "geometry": {
        "type": "Point",
        "coordinates": [
          115.90801065342367,
          -31.350186600659825
        ]
      }
    },
    {
      "type": "Feature",
      "properties": {
        "objectid": 945,
        "featuretype": "EMERGENCY FACILITY",
        "descripton": "An emergency management facility from which a particular agency\u2019s resources are commanded, coordinated and assigned to an incident or emergency",
        "class": "AMBULANCE STATION",
        "facility_name": "GNOWANGERUP",
        "facility_operationalstatus": "OPERATIONAL",
        "facility_address": "LOT 79 CORBETT STREET",
        "abs_suburb": "GNOWANGERUP",
        "facility_state": "WESTERN AUSTRALIA",
        "abs_postcode": "6335",
        "facility_attribute_source": "WA ST JOHN AMBULANCE",
        "facility_attribute_date": null,
        "facility_source": "WA ST JOHN AMBULANCE",
        "facility_date": null,
        "facility_spatial_confidence": null,
        "facility_revised": "2018-11-21T00:00:00Z",
        "comment_": null,
        "facility_lat": "-33.936176874999944",
        "facility_long": "118.00382054400006",
        "validated": null,
        "gnaf_building_name": null,
        "gnaf_address_detail_pid": "GAWA_146999878",
        "gnaf_formatted_address": "22 CORBETT STREET",
        "gnaf_confidence": "1",
        "gnaf_postcode": "6335",
        "gnaf_suburb": "GNOWANGERUP",
        "distance_to_gnaf": 12,
        "gnaf_lat": "-33.93606745999995",
        "gnaf_long": "118.00382609000008"
      },
      "geometry": {
        "type": "Point",
        "coordinates": [
          118.00383107094957,
          -33.93616338131836
        ]
      }
    },
    {
      "type": "Feature",
      "properties": {
        "objectid": 946,
        "featuretype": "EMERGENCY FACILITY",
        "descripton": "An emergency management facility from which a particular agency\u2019s resources are commanded, coordinated and assigned to an incident or emergency",
        "class": "AMBULANCE STATION",
        "facility_name": "GOOMALLING",
        "facility_operationalstatus": "OPERATIONAL",
        "facility_address": "56 FORREST STREET",
        "abs_suburb": "GOOMALLING",
        "facility_state": "WESTERN AUSTRALIA",
        "abs_postcode": "6460",
        "facility_attribute_source": "WA ST JOHN AMBULANCE",
        "facility_attribute_date": null,
        "facility_source": "WA ST JOHN AMBULANCE",
        "facility_date": null,
        "facility_spatial_confidence": null,
        "facility_revised": "2018-11-21T00:00:00Z",
        "comment_": null,
        "facility_lat": "-31.30318649999998",
        "facility_long": "116.83169600000008",
        "validated": null,
        "gnaf_building_name": null,
        "gnaf_address_detail_pid": "GAWA_146968821",
        "gnaf_formatted_address": "56 FORREST STREET",
        "gnaf_confidence": "0",
        "gnaf_postcode": "6460",
        "gnaf_suburb": "GOOMALLING",
        "distance_to_gnaf": 12,
        "gnaf_lat": "-31.30316260999996",
        "gnaf_long": "116.83181745000002"
      },
      "geometry": {
        "type": "Point",
        "coordinates": [
          116.83170652116898,
          -31.30317305135195
        ]
      }
    },
    {
      "type": "Feature",
      "properties": {
        "objectid": 947,
        "featuretype": "EMERGENCY FACILITY",
        "descripton": "An emergency management facility from which a particular agency\u2019s resources are commanded, coordinated and assigned to an incident or emergency",
        "class": "AMBULANCE STATION",
        "facility_name": "PORT GREGORY",
        "facility_operationalstatus": "OPERATIONAL",
        "facility_address": "PORT STREET",
        "abs_suburb": "GREGORY",
        "facility_state": "WESTERN AUSTRALIA",
        "abs_postcode": "6535",
        "facility_attribute_source": "WA ST JOHN AMBULANCE",
        "facility_attribute_date": null,
        "facility_source": "WA ST JOHN AMBULANCE",
        "facility_date": null,
        "facility_spatial_confidence": null,
        "facility_revised": "2018-11-21T00:00:00Z",
        "comment_": null,
        "facility_lat": "-28.188421630999983",
        "facility_long": "114.25048656000001",
        "validated": null,
        "gnaf_building_name": null,
        "gnaf_address_detail_pid": "GAWA_147053181",
        "gnaf_formatted_address": "22 PORT STREET",
        "gnaf_confidence": "1",
        "gnaf_postcode": "6535",
        "gnaf_suburb": "GREGORY",
        "distance_to_gnaf": 10,
        "gnaf_lat": "-28.188449999999932",
        "gnaf_long": "114.25039000000004"
      },
      "geometry": {
        "type": "Point",
        "coordinates": [
          114.25049718541383,
          -28.188408314788532
        ]
      }
    },
    {
      "type": "Feature",
      "properties": {
        "objectid": 948,
        "featuretype": "EMERGENCY FACILITY",
        "descripton": "An emergency management facility from which a particular agency\u2019s resources are commanded, coordinated and assigned to an incident or emergency",
        "class": "AMBULANCE STATION",
        "facility_name": "HARRISMITH",
        "facility_operationalstatus": "OPERATIONAL",
        "facility_address": "RAILWAY AVENUE",
        "abs_suburb": "HARRISMITH",
        "facility_state": "WESTERN AUSTRALIA",
        "abs_postcode": "6361",
        "facility_attribute_source": "WA ST JOHN AMBULANCE",
        "facility_attribute_date": null,
        "facility_source": "WA ST JOHN AMBULANCE",
        "facility_date": null,
        "facility_spatial_confidence": null,
        "facility_revised": "2018-11-21T00:00:00Z",
        "comment_": null,
        "facility_lat": "-32.93683999999996",
        "facility_long": "117.85890730000006",
        "validated": null,
        "gnaf_building_name": null,
        "gnaf_address_detail_pid": "GAWA_147009998",
        "gnaf_formatted_address": "4 RAILWAY AVENUE",
        "gnaf_confidence": "2",
        "gnaf_postcode": "6361",
        "gnaf_suburb": "HARRISMITH",
        "distance_to_gnaf": 0,
        "gnaf_lat": "-32.93684001999998",
        "gnaf_long": "117.85890731000006"
      },
      "geometry": {
        "type": "Point",
        "coordinates": [
          117.85891778316888,
          -32.93682650852849
        ]
      }
    },
    {
      "type": "Feature",
      "properties": {
        "objectid": 953,
        "featuretype": "EMERGENCY FACILITY",
        "descripton": "An emergency management facility from which a particular agency\u2019s resources are commanded, coordinated and assigned to an incident or emergency",
        "class": "AMBULANCE STATION",
        "facility_name": "CARNAMAH",
        "facility_operationalstatus": "OPERATIONAL",
        "facility_address": "12 MCPHERSON STREET",
        "abs_suburb": "CARNAMAH",
        "facility_state": "WESTERN AUSTRALIA",
        "abs_postcode": "6517",
        "facility_attribute_source": "WA ST JOHN AMBULANCE",
        "facility_attribute_date": null,
        "facility_source": "WA ST JOHN AMBULANCE",
        "facility_date": null,
        "facility_spatial_confidence": null,
        "facility_revised": "2018-11-21T00:00:00Z",
        "comment_": null,
        "facility_lat": "-29.688051799999982",
        "facility_long": "115.88902640000003",
        "validated": null,
        "gnaf_building_name": null,
        "gnaf_address_detail_pid": "GAWA_146962469",
        "gnaf_formatted_address": "30 MACPHERSON STREET",
        "gnaf_confidence": "1",
        "gnaf_postcode": "6517",
        "gnaf_suburb": "CARNAMAH",
        "distance_to_gnaf": 12,
        "gnaf_lat": "-29.687949999999944",
        "gnaf_long": "115.88900000000001"
      },
      "geometry": {
        "type": "Point",
        "coordinates": [
          115.8890369334979,
          -29.688038394153555
        ]
      }
    },
    {
      "type": "Feature",
      "properties": {
        "objectid": 954,
        "featuretype": "EMERGENCY FACILITY",
        "descripton": "An emergency management facility from which a particular agency\u2019s resources are commanded, coordinated and assigned to an incident or emergency",
        "class": "AMBULANCE STATION",
        "facility_name": "CARNARVON",
        "facility_operationalstatus": "OPERATIONAL",
        "facility_address": "358 ROBINSON STREET",
        "abs_suburb": "CARNARVON",
        "facility_state": "WESTERN AUSTRALIA",
        "abs_postcode": "6701",
        "facility_attribute_source": "WA ST JOHN AMBULANCE",
        "facility_attribute_date": null,
        "facility_source": "WA ST JOHN AMBULANCE",
        "facility_date": null,
        "facility_spatial_confidence": null,
        "facility_revised": "2018-11-21T00:00:00Z",
        "comment_": null,
        "facility_lat": "-24.869399999999928",
        "facility_long": "113.6783220000001",
        "validated": null,
        "gnaf_building_name": null,
        "gnaf_address_detail_pid": "GAWA_149170898",
        "gnaf_formatted_address": "358 ROBINSON STREET",
        "gnaf_confidence": "0",
        "gnaf_postcode": "6701",
        "gnaf_suburb": "EAST CARNARVON",
        "distance_to_gnaf": 20,
        "gnaf_lat": "-24.869383419999963",
        "gnaf_long": "113.67813019000005"
      },
      "geometry": {
        "type": "Point",
        "coordinates": [
          113.67833242798982,
          -24.869386704957765
        ]
      }
    },
    {
      "type": "Feature",
      "properties": {
        "objectid": 955,
        "featuretype": "EMERGENCY FACILITY",
        "descripton": "An emergency management facility from which a particular agency\u2019s resources are commanded, coordinated and assigned to an incident or emergency",
        "class": "AMBULANCE STATION",
        "facility_name": "CERVANTES",
        "facility_operationalstatus": "OPERATIONAL",
        "facility_address": "12 WESTON ST (NEXT TO FIRE STATION",
        "abs_suburb": "CERVANTES",
        "facility_state": "WESTERN AUSTRALIA",
        "abs_postcode": "6511",
        "facility_attribute_source": "WA ST JOHN AMBULANCE",
        "facility_attribute_date": null,
        "facility_source": "WA ST JOHN AMBULANCE",
        "facility_date": null,
        "facility_spatial_confidence": null,
        "facility_revised": "2018-11-21T00:00:00Z",
        "comment_": null,
        "facility_lat": "-30.503855099999953",
        "facility_long": "115.06624970000007",
        "validated": null,
        "gnaf_building_name": null,
        "gnaf_address_detail_pid": "GAWA_147170504",
        "gnaf_formatted_address": "12 WESTON STREET",
        "gnaf_confidence": "1",
        "gnaf_postcode": "6511",
        "gnaf_suburb": "CERVANTES",
        "distance_to_gnaf": 4,
        "gnaf_lat": "-30.50386999999995",
        "gnaf_long": "115.06621000000007"
      },
      "geometry": {
        "type": "Point",
        "coordinates": [
          115.06626040383811,
          -30.5038417447792
        ]
      }
    },
    {
      "type": "Feature",
      "properties": {
        "objectid": 956,
        "featuretype": "EMERGENCY FACILITY",
        "descripton": "An emergency management facility from which a particular agency\u2019s resources are commanded, coordinated and assigned to an incident or emergency",
        "class": "AMBULANCE STATION",
        "facility_name": "COLLIE",
        "facility_operationalstatus": "OPERATIONAL",
        "facility_address": "222 STEERE STREET",
        "abs_suburb": "COLLIE",
        "facility_state": "WESTERN AUSTRALIA",
        "abs_postcode": "6225",
        "facility_attribute_source": "WA ST JOHN AMBULANCE",
        "facility_attribute_date": null,
        "facility_source": "WA ST JOHN AMBULANCE",
        "facility_date": null,
        "facility_spatial_confidence": null,
        "facility_revised": "2018-11-21T00:00:00Z",
        "comment_": null,
        "facility_lat": "-33.34987879999994",
        "facility_long": "116.16397290000009",
        "validated": null,
        "gnaf_building_name": "ST JOHN AMBULANCE CENTRE",
        "gnaf_address_detail_pid": "GAWA_162651950",
        "gnaf_formatted_address": "220-222 STEERE STREET",
        "gnaf_confidence": "1",
        "gnaf_postcode": "6225",
        "gnaf_suburb": "COLLIE",
        "distance_to_gnaf": 0,
        "gnaf_lat": "-33.349878839999974",
        "gnaf_long": "116.16397289000008"
      },
      "geometry": {
        "type": "Point",
        "coordinates": [
          116.16398366727462,
          -33.34986539549458
        ]
      }
    },
    {
      "type": "Feature",
      "properties": {
        "objectid": 957,
        "featuretype": "EMERGENCY FACILITY",
        "descripton": "An emergency management facility from which a particular agency\u2019s resources are commanded, coordinated and assigned to an incident or emergency",
        "class": "AMBULANCE STATION",
        "facility_name": "CONDINGUP",
        "facility_operationalstatus": "OPERATIONAL",
        "facility_address": "CAREY STREET",
        "abs_suburb": "CONDINGUP",
        "facility_state": "WESTERN AUSTRALIA",
        "abs_postcode": "6450",
        "facility_attribute_source": "WA ST JOHN AMBULANCE",
        "facility_attribute_date": null,
        "facility_source": "WA ST JOHN AMBULANCE",
        "facility_date": null,
        "facility_spatial_confidence": null,
        "facility_revised": "2018-11-21T00:00:00Z",
        "comment_": null,
        "facility_lat": "-33.751248018999945",
        "facility_long": "122.53259842900002",
        "validated": null,
        "gnaf_building_name": null,
        "gnaf_address_detail_pid": "GAWA_162777274",
        "gnaf_formatted_address": "LOT 144 CAREY STREET",
        "gnaf_confidence": "1",
        "gnaf_postcode": "6450",
        "gnaf_suburb": "CONDINGUP",
        "distance_to_gnaf": 2,
        "gnaf_lat": "-33.75124374999996",
        "gnaf_long": "122.5325789200001"
      },
      "geometry": {
        "type": "Point",
        "coordinates": [
          122.53260824096549,
          -33.751234359490496
        ]
      }
    },
    {
      "type": "Feature",
      "properties": {
        "objectid": 958,
        "featuretype": "EMERGENCY FACILITY",
        "descripton": "An emergency management facility from which a particular agency\u2019s resources are commanded, coordinated and assigned to an incident or emergency",
        "class": "AMBULANCE STATION",
        "facility_name": "COOROW",
        "facility_operationalstatus": "OPERATIONAL",
        "facility_address": "LOT 4 MAIN STREET",
        "abs_suburb": "COOROW",
        "facility_state": "WESTERN AUSTRALIA",
        "abs_postcode": "6515",
        "facility_attribute_source": "WA ST JOHN AMBULANCE",
        "facility_attribute_date": null,
        "facility_source": "WA ST JOHN AMBULANCE",
        "facility_date": null,
        "facility_spatial_confidence": null,
        "facility_revised": "2018-11-21T00:00:00Z",
        "comment_": null,
        "facility_lat": "-29.88096349999995",
        "facility_long": "116.02471150000008",
        "validated": null,
        "gnaf_building_name": null,
        "gnaf_address_detail_pid": "GAWA_149144437",
        "gnaf_formatted_address": "28 MAIN STREET",
        "gnaf_confidence": "1",
        "gnaf_postcode": "6515",
        "gnaf_suburb": "COOROW",
        "distance_to_gnaf": 0,
        "gnaf_lat": "-29.880963469999983",
        "gnaf_long": "116.02471148000006"
      },
      "geometry": {
        "type": "Point",
        "coordinates": [
          116.02472202972544,
          -29.88095008757153
        ]
      }
    },
    {
      "type": "Feature",
      "properties": {
        "objectid": 959,
        "featuretype": "EMERGENCY FACILITY",
        "descripton": "An emergency management facility from which a particular agency\u2019s resources are commanded, coordinated and assigned to an incident or emergency",
        "class": "AMBULANCE STATION",
        "facility_name": "CORRIGIN",
        "facility_operationalstatus": "OPERATIONAL",
        "facility_address": "4 MCANDREW STREET",
        "abs_suburb": "CORRIGIN",
        "facility_state": "WESTERN AUSTRALIA",
        "abs_postcode": "6375",
        "facility_attribute_source": "WA ST JOHN AMBULANCE",
        "facility_attribute_date": null,
        "facility_source": "WA ST JOHN AMBULANCE",
        "facility_date": null,
        "facility_spatial_confidence": null,
        "facility_revised": "2018-11-21T00:00:00Z",
        "comment_": null,
        "facility_lat": "-32.325399999999945",
        "facility_long": "117.87900000000002",
        "validated": null,
        "gnaf_building_name": null,
        "gnaf_address_detail_pid": "GAWA_147011912",
        "gnaf_formatted_address": "4 MCANDREW AVENUE",
        "gnaf_confidence": "1",
        "gnaf_postcode": "6375",
        "gnaf_suburb": "CORRIGIN",
        "distance_to_gnaf": 35,
        "gnaf_lat": "-32.32561227999997",
        "gnaf_long": "117.87872583000001"
      },
      "geometry": {
        "type": "Point",
        "coordinates": [
          117.87901044032341,
          -32.32538650478604
        ]
      }
    },
    {
      "type": "Feature",
      "properties": {
        "objectid": 960,
        "featuretype": "EMERGENCY FACILITY",
        "descripton": "An emergency management facility from which a particular agency\u2019s resources are commanded, coordinated and assigned to an incident or emergency",
        "class": "AMBULANCE STATION",
        "facility_name": "ONSLOW",
        "facility_operationalstatus": "OPERATIONAL",
        "facility_address": "LOT 395 THIRD AVENUE",
        "abs_suburb": "ONSLOW",
        "facility_state": "WESTERN AUSTRALIA",
        "abs_postcode": "6710",
        "facility_attribute_source": "WA ST JOHN AMBULANCE",
        "facility_attribute_date": null,
        "facility_source": "WA ST JOHN AMBULANCE",
        "facility_date": null,
        "facility_spatial_confidence": null,
        "facility_revised": "2018-11-21T00:00:00Z",
        "comment_": null,
        "facility_lat": "-21.63918609999996",
        "facility_long": "115.11319270000001",
        "validated": null,
        "gnaf_building_name": null,
        "gnaf_address_detail_pid": "GAWA_162726272",
        "gnaf_formatted_address": "50 THIRD AVENUE",
        "gnaf_confidence": "0",
        "gnaf_postcode": "6710",
        "gnaf_suburb": "ONSLOW",
        "distance_to_gnaf": 0,
        "gnaf_lat": "-21.63918605999993",
        "gnaf_long": "115.11319272000003"
      },
      "geometry": {
        "type": "Point",
        "coordinates": [
          115.11320275306956,
          -21.639172699401293
        ]
      }
    },
    {
      "type": "Feature",
      "properties": {
        "objectid": 967,
        "featuretype": "EMERGENCY FACILITY",
        "descripton": "An emergency management facility from which a particular agency\u2019s resources are commanded, coordinated and assigned to an incident or emergency",
        "class": "AMBULANCE STATION",
        "facility_name": "HARVEY",
        "facility_operationalstatus": "OPERATIONAL",
        "facility_address": "41 UDUC ROAD",
        "abs_suburb": "HARVEY",
        "facility_state": "WESTERN AUSTRALIA",
        "abs_postcode": "6220",
        "facility_attribute_source": "WA ST JOHN AMBULANCE",
        "facility_attribute_date": null,
        "facility_source": "WA ST JOHN AMBULANCE",
        "facility_date": null,
        "facility_spatial_confidence": null,
        "facility_revised": "2018-11-21T00:00:00Z",
        "comment_": null,
        "facility_lat": "-33.08134719999998",
        "facility_long": "115.89947010000003",
        "validated": null,
        "gnaf_building_name": null,
        "gnaf_address_detail_pid": "GAWA_149000702",
        "gnaf_formatted_address": "41 UDUC ROAD",
        "gnaf_confidence": "0",
        "gnaf_postcode": "6220",
        "gnaf_suburb": "HARVEY",
        "distance_to_gnaf": 19,
        "gnaf_lat": "-33.081500149999954",
        "gnaf_long": "115.8995495900001"
      },
      "geometry": {
        "type": "Point",
        "coordinates": [
          115.89948088638124,
          -33.0813338087099
        ]
      }
    },
    {
      "type": "Feature",
      "properties": {
        "objectid": 968,
        "featuretype": "EMERGENCY FACILITY",
        "descripton": "An emergency management facility from which a particular agency\u2019s resources are commanded, coordinated and assigned to an incident or emergency",
        "class": "AMBULANCE STATION",
        "facility_name": "HYDEN",
        "facility_operationalstatus": "OPERATIONAL",
        "facility_address": "NAUGHTON STREET",
        "abs_suburb": "HYDEN",
        "facility_state": "WESTERN AUSTRALIA",
        "abs_postcode": "6359",
        "facility_attribute_source": "WA ST JOHN AMBULANCE",
        "facility_attribute_date": null,
        "facility_source": "WA ST JOHN AMBULANCE",
        "facility_date": null,
        "facility_spatial_confidence": null,
        "facility_revised": "2018-11-21T00:00:00Z",
        "comment_": null,
        "facility_lat": "-32.44748139999996",
        "facility_long": "118.86434540000005",
        "validated": null,
        "gnaf_building_name": null,
        "gnaf_address_detail_pid": "GAWA_146981534",
        "gnaf_formatted_address": "1 NAUGHTON STREET",
        "gnaf_confidence": "1",
        "gnaf_postcode": "6359",
        "gnaf_suburb": "HYDEN",
        "distance_to_gnaf": 1,
        "gnaf_lat": "-32.44748999999996",
        "gnaf_long": "118.86434000000008"
      },
      "geometry": {
        "type": "Point",
        "coordinates": [
          118.86435570359852,
          -32.447467861397335
        ]
      }
    },
    {
      "type": "Feature",
      "properties": {
        "objectid": 969,
        "featuretype": "EMERGENCY FACILITY",
        "descripton": "An emergency management facility from which a particular agency\u2019s resources are commanded, coordinated and assigned to an incident or emergency",
        "class": "AMBULANCE STATION",
        "facility_name": "JERRAMUNGUP",
        "facility_operationalstatus": "OPERATIONAL",
        "facility_address": "SPITFIRE AVENUE",
        "abs_suburb": "JERRAMUNGUP",
        "facility_state": "WESTERN AUSTRALIA",
        "abs_postcode": "6337",
        "facility_attribute_source": "WA ST JOHN AMBULANCE",
        "facility_attribute_date": null,
        "facility_source": "WA ST JOHN AMBULANCE",
        "facility_date": null,
        "facility_spatial_confidence": null,
        "facility_revised": "2018-11-21T00:00:00Z",
        "comment_": null,
        "facility_lat": "-33.941175199999975",
        "facility_long": "118.91699720000008",
        "validated": null,
        "gnaf_building_name": null,
        "gnaf_address_detail_pid": "GAWA_147023962",
        "gnaf_formatted_address": "5 SPITFIRE AVENUE",
        "gnaf_confidence": "0",
        "gnaf_postcode": "6337",
        "gnaf_suburb": "JERRAMUNGUP",
        "distance_to_gnaf": 12,
        "gnaf_lat": "-33.94110999999998",
        "gnaf_long": "118.91710000000012"
      },
      "geometry": {
        "type": "Point",
        "coordinates": [
          118.91700758507706,
          -33.94116166611574
        ]
      }
    },
    {
      "type": "Feature",
      "properties": {
        "objectid": 970,
        "featuretype": "EMERGENCY FACILITY",
        "descripton": "An emergency management facility from which a particular agency\u2019s resources are commanded, coordinated and assigned to an incident or emergency",
        "class": "AMBULANCE STATION",
        "facility_name": "PERENJORI",
        "facility_operationalstatus": "OPERATIONAL",
        "facility_address": "54 RUSSELL STREET",
        "abs_suburb": "PERENJORI",
        "facility_state": "WESTERN AUSTRALIA",
        "abs_postcode": "6620",
        "facility_attribute_source": "WA ST JOHN AMBULANCE",
        "facility_attribute_date": null,
        "facility_source": "WA ST JOHN AMBULANCE",
        "facility_date": null,
        "facility_spatial_confidence": null,
        "facility_revised": "2018-11-21T00:00:00Z",
        "comment_": null,
        "facility_lat": "-29.43829999999997",
        "facility_long": "116.28500000000008",
        "validated": null,
        "gnaf_building_name": null,
        "gnaf_address_detail_pid": "GAWA_162249393",
        "gnaf_formatted_address": "54 RUSSELL STREET",
        "gnaf_confidence": "0",
        "gnaf_postcode": "6620",
        "gnaf_suburb": "PERENJORI",
        "distance_to_gnaf": 70,
        "gnaf_lat": "-29.438657269999965",
        "gnaf_long": "116.28559199000006"
      },
      "geometry": {
        "type": "Point",
        "coordinates": [
          116.28501046436557,
          -29.438286571383802
        ]
      }
    },
    {
      "type": "Feature",
      "properties": {
        "objectid": 971,
        "featuretype": "EMERGENCY FACILITY",
        "descripton": "An emergency management facility from which a particular agency\u2019s resources are commanded, coordinated and assigned to an incident or emergency",
        "class": "AMBULANCE STATION",
        "facility_name": "PINGELLY",
        "facility_operationalstatus": "OPERATIONAL",
        "facility_address": "STRATFORD STREET",
        "abs_suburb": "PINGELLY",
        "facility_state": "WESTERN AUSTRALIA",
        "abs_postcode": "6308",
        "facility_attribute_source": "WA ST JOHN AMBULANCE",
        "facility_attribute_date": null,
        "facility_source": "WA ST JOHN AMBULANCE",
        "facility_date": null,
        "facility_spatial_confidence": null,
        "facility_revised": "2018-11-21T00:00:00Z",
        "comment_": null,
        "facility_lat": "-32.53247662899997",
        "facility_long": "117.08711992000008",
        "validated": null,
        "gnaf_building_name": null,
        "gnaf_address_detail_pid": "GAWA_147367406",
        "gnaf_formatted_address": "53 STRATFORD STREET",
        "gnaf_confidence": "1",
        "gnaf_postcode": "6308",
        "gnaf_suburb": "PINGELLY",
        "distance_to_gnaf": 14,
        "gnaf_lat": "-32.53256165999994",
        "gnaf_long": "117.08723011000006"
      },
      "geometry": {
        "type": "Point",
        "coordinates": [
          117.08713049011935,
          -32.53246317301317
        ]
      }
    },
    {
      "type": "Feature",
      "properties": {
        "objectid": 972,
        "featuretype": "EMERGENCY FACILITY",
        "descripton": "An emergency management facility from which a particular agency\u2019s resources are commanded, coordinated and assigned to an incident or emergency",
        "class": "AMBULANCE STATION",
        "facility_name": "PINGRUP",
        "facility_operationalstatus": "OPERATIONAL",
        "facility_address": "LOT 24 - 29 CARRIE STREET",
        "abs_suburb": "PINGRUP",
        "facility_state": "WESTERN AUSTRALIA",
        "abs_postcode": "6343",
        "facility_attribute_source": "WA ST JOHN AMBULANCE",
        "facility_attribute_date": null,
        "facility_source": "WA ST JOHN AMBULANCE",
        "facility_date": null,
        "facility_spatial_confidence": null,
        "facility_revised": "2018-11-21T00:00:00Z",
        "comment_": null,
        "facility_lat": "-33.53362840199998",
        "facility_long": "118.50997424400009",
        "validated": null,
        "gnaf_building_name": null,
        "gnaf_address_detail_pid": "GAWA_147359270",
        "gnaf_formatted_address": "29 CARRIE STREET",
        "gnaf_confidence": "1",
        "gnaf_postcode": "6343",
        "gnaf_suburb": "PINGRUP",
        "distance_to_gnaf": 5,
        "gnaf_lat": "-33.53367212999996",
        "gnaf_long": "118.50999548000004"
      },
      "geometry": {
        "type": "Point",
        "coordinates": [
          118.50998466688905,
          -33.53361488375881
        ]
      }
    },
    {
      "type": "Feature",
      "properties": {
        "objectid": 973,
        "featuretype": "EMERGENCY FACILITY",
        "descripton": "An emergency management facility from which a particular agency\u2019s resources are commanded, coordinated and assigned to an incident or emergency",
        "class": "AMBULANCE STATION",
        "facility_name": "DONGARA",
        "facility_operationalstatus": "OPERATIONAL",
        "facility_address": "3 BLENHEIM ROAD",
        "abs_suburb": "PORT DENISON",
        "facility_state": "WESTERN AUSTRALIA",
        "abs_postcode": "6525",
        "facility_attribute_source": "WA ST JOHN AMBULANCE",
        "facility_attribute_date": null,
        "facility_source": "WA ST JOHN AMBULANCE",
        "facility_date": null,
        "facility_spatial_confidence": null,
        "facility_revised": "2018-11-21T00:00:00Z",
        "comment_": null,
        "facility_lat": "-29.264842999999928",
        "facility_long": "114.92963400000008",
        "validated": null,
        "gnaf_building_name": null,
        "gnaf_address_detail_pid": "GAWA_162567195",
        "gnaf_formatted_address": "3 GOLF COURSE ROAD",
        "gnaf_confidence": "0",
        "gnaf_postcode": "6525",
        "gnaf_suburb": "PORT DENISON",
        "distance_to_gnaf": 1,
        "gnaf_lat": "-29.264833409999937",
        "gnaf_long": "114.92962793000004"
      },
      "geometry": {
        "type": "Point",
        "coordinates": [
          114.92964462533378,
          -29.26482964729244
        ]
      }
    },
    {
      "type": "Feature",
      "properties": {
        "objectid": 974,
        "featuretype": "EMERGENCY FACILITY",
        "descripton": "An emergency management facility from which a particular agency\u2019s resources are commanded, coordinated and assigned to an incident or emergency",
        "class": "AMBULANCE STATION",
        "facility_name": "HEDLAND",
        "facility_operationalstatus": "OPERATIONAL",
        "facility_address": "2 QUININUP WY",
        "abs_suburb": "PORT HEDLAND",
        "facility_state": "WESTERN AUSTRALIA",
        "abs_postcode": "6721",
        "facility_attribute_source": "WA ST JOHN AMBULANCE",
        "facility_attribute_date": null,
        "facility_source": "WA ST JOHN AMBULANCE",
        "facility_date": null,
        "facility_spatial_confidence": null,
        "facility_revised": "2018-11-21T00:00:00Z",
        "comment_": null,
        "facility_lat": "-20.373910999999964",
        "facility_long": "118.61302200000011",
        "validated": null,
        "gnaf_building_name": null,
        "gnaf_address_detail_pid": "GAWA_718827839",
        "gnaf_formatted_address": "2 QUININUP WAY",
        "gnaf_confidence": "1",
        "gnaf_postcode": "6721",
        "gnaf_suburb": "PORT HEDLAND",
        "distance_to_gnaf": 11,
        "gnaf_lat": "-20.374012569999934",
        "gnaf_long": "118.61300713000003"
      },
      "geometry": {
        "type": "Point",
        "coordinates": [
          118.61303167616836,
          -20.37389740900381
        ]
      }
    },
    {
      "type": "Feature",
      "properties": {
        "objectid": 975,
        "featuretype": "EMERGENCY FACILITY",
        "descripton": "An emergency management facility from which a particular agency\u2019s resources are commanded, coordinated and assigned to an incident or emergency",
        "class": "AMBULANCE STATION",
        "facility_name": "QUAIRADING",
        "facility_operationalstatus": "OPERATIONAL",
        "facility_address": "JENNABERING ROAD",
        "abs_suburb": "QUAIRADING",
        "facility_state": "WESTERN AUSTRALIA",
        "abs_postcode": "6383",
        "facility_attribute_source": "WA ST JOHN AMBULANCE",
        "facility_attribute_date": null,
        "facility_source": "WA ST JOHN AMBULANCE",
        "facility_date": null,
        "facility_spatial_confidence": null,
        "facility_revised": "2018-11-21T00:00:00Z",
        "comment_": null,
        "facility_lat": "-32.00827199999998",
        "facility_long": "117.40348570000003",
        "validated": null,
        "gnaf_building_name": null,
        "gnaf_address_detail_pid": "GAWA_147051156",
        "gnaf_formatted_address": "21 JENNABERRING ROAD",
        "gnaf_confidence": "1",
        "gnaf_postcode": "6383",
        "gnaf_suburb": "QUAIRADING",
        "distance_to_gnaf": 6,
        "gnaf_lat": "-32.00826999999998",
        "gnaf_long": "117.4034200000001"
      },
      "geometry": {
        "type": "Point",
        "coordinates": [
          117.40349618829907,
          -32.00825852601374
        ]
      }
    },
    {
      "type": "Feature",
      "properties": {
        "objectid": 976,
        "featuretype": "EMERGENCY FACILITY",
        "descripton": "An emergency management facility from which a particular agency\u2019s resources are commanded, coordinated and assigned to an incident or emergency",
        "class": "AMBULANCE STATION",
        "facility_name": "RAVENSTHORPE",
        "facility_operationalstatus": "OPERATIONAL",
        "facility_address": "18466 MORGANS STREET",
        "abs_suburb": "RAVENSTHORPE",
        "facility_state": "WESTERN AUSTRALIA",
        "abs_postcode": "6346",
        "facility_attribute_source": "WA ST JOHN AMBULANCE",
        "facility_attribute_date": null,
        "facility_source": "WA ST JOHN AMBULANCE",
        "facility_date": null,
        "facility_spatial_confidence": null,
        "facility_revised": "2018-11-21T00:00:00Z",
        "comment_": null,
        "facility_lat": "-33.58169609999993",
        "facility_long": "120.0411299000001",
        "validated": null,
        "gnaf_building_name": null,
        "gnaf_address_detail_pid": "GAWA_147052233",
        "gnaf_formatted_address": "21 MORGANS STREET",
        "gnaf_confidence": "1",
        "gnaf_postcode": "6346",
        "gnaf_suburb": "RAVENSTHORPE",
        "distance_to_gnaf": 2,
        "gnaf_lat": "-33.58170999999993",
        "gnaf_long": "120.04114000000004"
      },
      "geometry": {
        "type": "Point",
        "coordinates": [
          120.0411400903181,
          -33.581682519726314
        ]
      }
    },
    {
      "type": "Feature",
      "properties": {
        "objectid": 977,
        "featuretype": "EMERGENCY FACILITY",
        "descripton": "An emergency management facility from which a particular agency\u2019s resources are commanded, coordinated and assigned to an incident or emergency",
        "class": "AMBULANCE STATION",
        "facility_name": "ROCKY GULLY",
        "facility_operationalstatus": "OPERATIONAL",
        "facility_address": "65 WESTFIELD STREET",
        "abs_suburb": "ROCKY GULLY",
        "facility_state": "WESTERN AUSTRALIA",
        "abs_postcode": "6397",
        "facility_attribute_source": "WA ST JOHN AMBULANCE",
        "facility_attribute_date": null,
        "facility_source": "WA ST JOHN AMBULANCE",
        "facility_date": null,
        "facility_spatial_confidence": null,
        "facility_revised": "2018-11-21T00:00:00Z",
        "comment_": null,
        "facility_lat": "-34.510640499999965",
        "facility_long": "117.01353090000009",
        "validated": null,
        "gnaf_building_name": null,
        "gnaf_address_detail_pid": "GAWA_162647425",
        "gnaf_formatted_address": "65 WESTFIELD STREET",
        "gnaf_confidence": "0",
        "gnaf_postcode": "6397",
        "gnaf_suburb": "ROCKY GULLY",
        "distance_to_gnaf": 0,
        "gnaf_lat": "-34.51064052999993",
        "gnaf_long": "117.01353087000007"
      },
      "geometry": {
        "type": "Point",
        "coordinates": [
          117.01354162243453,
          -34.51062705637569
        ]
      }
    },
    {
      "type": "Feature",
      "properties": {
        "objectid": 978,
        "featuretype": "EMERGENCY FACILITY",
        "descripton": "An emergency management facility from which a particular agency\u2019s resources are commanded, coordinated and assigned to an incident or emergency",
        "class": "AMBULANCE STATION",
        "facility_name": "JURIEN BAY",
        "facility_operationalstatus": "OPERATIONAL",
        "facility_address": "CNR COOK & BASHFORD STREETS",
        "abs_suburb": "JURIEN BAY",
        "facility_state": "WESTERN AUSTRALIA",
        "abs_postcode": "6516",
        "facility_attribute_source": "WA ST JOHN AMBULANCE",
        "facility_attribute_date": null,
        "facility_source": "WA ST JOHN AMBULANCE",
        "facility_date": null,
        "facility_spatial_confidence": null,
        "facility_revised": "2018-11-21T00:00:00Z",
        "comment_": null,
        "facility_lat": "-30.30681999999996",
        "facility_long": "115.03670000000011",
        "validated": null,
        "gnaf_building_name": null,
        "gnaf_address_detail_pid": "GAWA_146965409",
        "gnaf_formatted_address": "1 COOK STREET",
        "gnaf_confidence": "1",
        "gnaf_postcode": "6516",
        "gnaf_suburb": "JURIEN BAY",
        "distance_to_gnaf": 0,
        "gnaf_lat": "-30.30681999999996",
        "gnaf_long": "115.03670000000011"
      },
      "geometry": {
        "type": "Point",
        "coordinates": [
          115.03671069237629,
          -30.306806645640407
        ]
      }
    },
    {
      "type": "Feature",
      "properties": {
        "objectid": 979,
        "featuretype": "EMERGENCY FACILITY",
        "descripton": "An emergency management facility from which a particular agency\u2019s resources are commanded, coordinated and assigned to an incident or emergency",
        "class": "AMBULANCE STATION",
        "facility_name": "KALBARRI",
        "facility_operationalstatus": "OPERATIONAL",
        "facility_address": "33 MAGEE CRESCENT",
        "abs_suburb": "KALBARRI",
        "facility_state": "WESTERN AUSTRALIA",
        "abs_postcode": "6536",
        "facility_attribute_source": "WA ST JOHN AMBULANCE",
        "facility_attribute_date": null,
        "facility_source": "WA ST JOHN AMBULANCE",
        "facility_date": null,
        "facility_spatial_confidence": null,
        "facility_revised": "2018-11-21T00:00:00Z",
        "comment_": null,
        "facility_lat": "-27.71504649999997",
        "facility_long": "114.16519440000002",
        "validated": null,
        "gnaf_building_name": null,
        "gnaf_address_detail_pid": "GAWA_718551196",
        "gnaf_formatted_address": "33 MAGEE CRESCENT",
        "gnaf_confidence": "0",
        "gnaf_postcode": "6536",
        "gnaf_suburb": "KALBARRI",
        "distance_to_gnaf": 0,
        "gnaf_lat": "-27.71504652999994",
        "gnaf_long": "114.16519435000009"
      },
      "geometry": {
        "type": "Point",
        "coordinates": [
          114.16520499806624,
          -27.715033186977337
        ]
      }
    },
    {
      "type": "Feature",
      "properties": {
        "objectid": 980,
        "featuretype": "EMERGENCY FACILITY",
        "descripton": "An emergency management facility from which a particular agency\u2019s resources are commanded, coordinated and assigned to an incident or emergency",
        "class": "AMBULANCE STATION",
        "facility_name": "KAMBALDA",
        "facility_operationalstatus": "OPERATIONAL",
        "facility_address": "CNR NEW CAMERON & LARKIN STREETS",
        "abs_suburb": "KAMBALDA EAST",
        "facility_state": "WESTERN AUSTRALIA",
        "abs_postcode": "6442",
        "facility_attribute_source": "WA ST JOHN AMBULANCE",
        "facility_attribute_date": null,
        "facility_source": "WA ST JOHN AMBULANCE",
        "facility_date": null,
        "facility_spatial_confidence": null,
        "facility_revised": "2018-11-21T00:00:00Z",
        "comment_": null,
        "facility_lat": "-31.20316299999996",
        "facility_long": "121.66717400000005",
        "validated": null,
        "gnaf_building_name": null,
        "gnaf_address_detail_pid": "GAWA_162330469",
        "gnaf_formatted_address": "21 LARKIN STREET",
        "gnaf_confidence": "1",
        "gnaf_postcode": "6442",
        "gnaf_suburb": "KAMBALDA EAST",
        "distance_to_gnaf": 0,
        "gnaf_lat": "-31.20316299999996",
        "gnaf_long": "121.66717400000005"
      },
      "geometry": {
        "type": "Point",
        "coordinates": [
          121.66718383795728,
          -31.203149352424372
        ]
      }
    },
    {
      "type": "Feature",
      "properties": {
        "objectid": 981,
        "featuretype": "EMERGENCY FACILITY",
        "descripton": "An emergency management facility from which a particular agency\u2019s resources are commanded, coordinated and assigned to an incident or emergency",
        "class": "AMBULANCE STATION",
        "facility_name": "KARRATHA",
        "facility_operationalstatus": "OPERATIONAL",
        "facility_address": "6 DEGRAY PLACE",
        "abs_suburb": "KARRATHA",
        "facility_state": "WESTERN AUSTRALIA",
        "abs_postcode": "6714",
        "facility_attribute_source": "WA ST JOHN AMBULANCE",
        "facility_attribute_date": null,
        "facility_source": "WA ST JOHN AMBULANCE",
        "facility_date": null,
        "facility_spatial_confidence": null,
        "facility_revised": "2018-11-21T00:00:00Z",
        "comment_": null,
        "facility_lat": "-20.736818599999935",
        "facility_long": "116.84971420000011",
        "validated": null,
        "gnaf_building_name": "ST JOHN AMBULANCE",
        "gnaf_address_detail_pid": "GAWA_718822970",
        "gnaf_formatted_address": "6 DEGREY PLACE",
        "gnaf_confidence": "1",
        "gnaf_postcode": "6714",
        "gnaf_suburb": "KARRATHA",
        "distance_to_gnaf": 30,
        "gnaf_lat": "-20.73681775999995",
        "gnaf_long": "116.85000359000003"
      },
      "geometry": {
        "type": "Point",
        "coordinates": [
          116.84972404464597,
          -20.736805097153685
        ]
      }
    },
    {
      "type": "Feature",
      "properties": {
        "objectid": 982,
        "featuretype": "EMERGENCY FACILITY",
        "descripton": "An emergency management facility from which a particular agency\u2019s resources are commanded, coordinated and assigned to an incident or emergency",
        "class": "AMBULANCE STATION",
        "facility_name": "KATANNING",
        "facility_operationalstatus": "OPERATIONAL",
        "facility_address": "CLIVE STREET",
        "abs_suburb": "KATANNING",
        "facility_state": "WESTERN AUSTRALIA",
        "abs_postcode": "6317",
        "facility_attribute_source": "WA ST JOHN AMBULANCE",
        "facility_attribute_date": null,
        "facility_source": "WA ST JOHN AMBULANCE",
        "facility_date": null,
        "facility_spatial_confidence": null,
        "facility_revised": "2018-11-21T00:00:00Z",
        "comment_": null,
        "facility_lat": "-33.68887460499997",
        "facility_long": "117.5580216940001",
        "validated": null,
        "gnaf_building_name": null,
        "gnaf_address_detail_pid": "GAWA_161598283",
        "gnaf_formatted_address": "66 CLIVE STREET",
        "gnaf_confidence": "1",
        "gnaf_postcode": "6317",
        "gnaf_suburb": "KATANNING",
        "distance_to_gnaf": 20,
        "gnaf_lat": "-33.68900613999995",
        "gnaf_long": "117.55817058000002"
      },
      "geometry": {
        "type": "Point",
        "coordinates": [
          117.55803227324564,
          -33.68886113113618
        ]
      }
    },
    {
      "type": "Feature",
      "properties": {
        "objectid": 987,
        "featuretype": "EMERGENCY FACILITY",
        "descripton": "An emergency management facility from which a particular agency\u2019s resources are commanded, coordinated and assigned to an incident or emergency",
        "class": "AMBULANCE STATION",
        "facility_name": "ROEBOURNE",
        "facility_operationalstatus": "OPERATIONAL",
        "facility_address": "SHOLL STREET",
        "abs_suburb": "ROEBOURNE",
        "facility_state": "WESTERN AUSTRALIA",
        "abs_postcode": "6718",
        "facility_attribute_source": "WA ST JOHN AMBULANCE",
        "facility_attribute_date": null,
        "facility_source": "WA ST JOHN AMBULANCE",
        "facility_date": null,
        "facility_spatial_confidence": null,
        "facility_revised": "2018-11-21T00:00:00Z",
        "comment_": null,
        "facility_lat": "-20.767498099999955",
        "facility_long": "117.1454553000001",
        "validated": null,
        "gnaf_building_name": null,
        "gnaf_address_detail_pid": "GAWA_147006648",
        "gnaf_formatted_address": "1 SHOLL STREET",
        "gnaf_confidence": "2",
        "gnaf_postcode": "6718",
        "gnaf_suburb": "ROEBOURNE",
        "distance_to_gnaf": 15,
        "gnaf_lat": "-20.76762999999994",
        "gnaf_long": "117.14550000000008"
      },
      "geometry": {
        "type": "Point",
        "coordinates": [
          117.1454651213061,
          -20.76748458196436
        ]
      }
    },
    {
      "type": "Feature",
      "properties": {
        "objectid": 988,
        "featuretype": "EMERGENCY FACILITY",
        "descripton": "An emergency management facility from which a particular agency\u2019s resources are commanded, coordinated and assigned to an incident or emergency",
        "class": "AMBULANCE STATION",
        "facility_name": "SALMON GUMS",
        "facility_operationalstatus": "OPERATIONAL",
        "facility_address": null,
        "abs_suburb": "SALMON GUMS",
        "facility_state": "WESTERN AUSTRALIA",
        "abs_postcode": "6445",
        "facility_attribute_source": "WA ST JOHN AMBULANCE",
        "facility_attribute_date": null,
        "facility_source": "WA ST JOHN AMBULANCE",
        "facility_date": null,
        "facility_spatial_confidence": null,
        "facility_revised": "2018-11-21T00:00:00Z",
        "comment_": null,
        "facility_lat": "-32.981496823999976",
        "facility_long": "121.64324637400011",
        "validated": null,
        "gnaf_building_name": null,
        "gnaf_address_detail_pid": "GAWA_162780069",
        "gnaf_formatted_address": "LOT 40 COOLGARDIE-ESPERANCE HIGHWAY",
        "gnaf_confidence": "1",
        "gnaf_postcode": "6445",
        "gnaf_suburb": "SALMON GUMS",
        "distance_to_gnaf": 4,
        "gnaf_lat": "-32.98152092999993",
        "gnaf_long": "121.6432109000001"
      },
      "geometry": {
        "type": "Point",
        "coordinates": [
          121.64325629092517,
          -32.98148318622383
        ]
      }
    },
    {
      "type": "Feature",
      "properties": {
        "objectid": 989,
        "featuretype": "EMERGENCY FACILITY",
        "descripton": "An emergency management facility from which a particular agency\u2019s resources are commanded, coordinated and assigned to an incident or emergency",
        "class": "AMBULANCE STATION",
        "facility_name": "SANDSTONE",
        "facility_operationalstatus": "OPERATIONAL",
        "facility_address": "LOT 119 PAYNE STREET",
        "abs_suburb": "SANDSTONE",
        "facility_state": "WESTERN AUSTRALIA",
        "abs_postcode": "6639",
        "facility_attribute_source": "WA ST JOHN AMBULANCE",
        "facility_attribute_date": null,
        "facility_source": "WA ST JOHN AMBULANCE",
        "facility_date": null,
        "facility_spatial_confidence": null,
        "facility_revised": "2018-11-21T00:00:00Z",
        "comment_": null,
        "facility_lat": "-27.989244199999973",
        "facility_long": "119.29819320000001",
        "validated": null,
        "gnaf_building_name": null,
        "gnaf_address_detail_pid": "GAWA_147060285",
        "gnaf_formatted_address": "4 PAYNE STREET",
        "gnaf_confidence": "1",
        "gnaf_postcode": "6639",
        "gnaf_suburb": "SANDSTONE",
        "distance_to_gnaf": 14,
        "gnaf_lat": "-27.98927999999995",
        "gnaf_long": "119.29833000000008"
      },
      "geometry": {
        "type": "Point",
        "coordinates": [
          119.29820319739024,
          -27.9892306210348
        ]
      }
    },
    {
      "type": "Feature",
      "properties": {
        "objectid": 990,
        "featuretype": "EMERGENCY FACILITY",
        "descripton": "An emergency management facility from which a particular agency\u2019s resources are commanded, coordinated and assigned to an incident or emergency",
        "class": "AMBULANCE STATION",
        "facility_name": "KALGOORLIE",
        "facility_operationalstatus": "OPERATIONAL",
        "facility_address": "562 HANNAN STREET",
        "abs_suburb": "SOMERVILLE",
        "facility_state": "WESTERN AUSTRALIA",
        "abs_postcode": "6430",
        "facility_attribute_source": "WA ST JOHN AMBULANCE",
        "facility_attribute_date": null,
        "facility_source": "WA ST JOHN AMBULANCE",
        "facility_date": null,
        "facility_spatial_confidence": null,
        "facility_revised": "2018-11-21T00:00:00Z",
        "comment_": null,
        "facility_lat": "-30.759320299999956",
        "facility_long": "121.45864620000009",
        "validated": null,
        "gnaf_building_name": "ST JOHNS AMBULANCE",
        "gnaf_address_detail_pid": "GAWA_718339917",
        "gnaf_formatted_address": "562 HANNAN STREET",
        "gnaf_confidence": "1",
        "gnaf_postcode": "6430",
        "gnaf_suburb": "SOMERVILLE",
        "distance_to_gnaf": 11,
        "gnaf_lat": "-30.75928143999994",
        "gnaf_long": "121.45853662000002"
      },
      "geometry": {
        "type": "Point",
        "coordinates": [
          121.45865604829339,
          -30.759306656636905
        ]
      }
    },
    {
      "type": "Feature",
      "properties": {
        "objectid": 991,
        "featuretype": "EMERGENCY FACILITY",
        "descripton": "An emergency management facility from which a particular agency\u2019s resources are commanded, coordinated and assigned to an incident or emergency",
        "class": "AMBULANCE STATION",
        "facility_name": "BUNBURY",
        "facility_operationalstatus": "OPERATIONAL",
        "facility_address": "270 BUSSELL HIGHWAY",
        "abs_suburb": "SOUTH BUNBURY",
        "facility_state": "WESTERN AUSTRALIA",
        "abs_postcode": "6230",
        "facility_attribute_source": "WA ST JOHN AMBULANCE",
        "facility_attribute_date": null,
        "facility_source": "WA ST JOHN AMBULANCE",
        "facility_date": null,
        "facility_spatial_confidence": null,
        "facility_revised": "2018-11-21T00:00:00Z",
        "comment_": null,
        "facility_lat": "-33.358762199999944",
        "facility_long": "115.6412855000001",
        "validated": null,
        "gnaf_building_name": null,
        "gnaf_address_detail_pid": "GAWA_163335944",
        "gnaf_formatted_address": "LOT 500 BUSSELL HIGHWAY",
        "gnaf_confidence": "0",
        "gnaf_postcode": "6230",
        "gnaf_suburb": "SOUTH BUNBURY",
        "distance_to_gnaf": 34,
        "gnaf_lat": "-33.35884865999998",
        "gnaf_long": "115.64093211000011"
      },
      "geometry": {
        "type": "Point",
        "coordinates": [
          115.64129634691515,
          -33.35874882419751
        ]
      }
    },
    {
      "type": "Feature",
      "properties": {
        "objectid": 992,
        "featuretype": "EMERGENCY FACILITY",
        "descripton": "An emergency management facility from which a particular agency\u2019s resources are commanded, coordinated and assigned to an incident or emergency",
        "class": "AMBULANCE STATION",
        "facility_name": "SOUTHERN CROSS",
        "facility_operationalstatus": "OPERATIONAL",
        "facility_address": "ACHERAR STREET",
        "abs_suburb": "SOUTHERN CROSS",
        "facility_state": "WESTERN AUSTRALIA",
        "abs_postcode": "6426",
        "facility_attribute_source": "WA ST JOHN AMBULANCE",
        "facility_attribute_date": null,
        "facility_source": "WA ST JOHN AMBULANCE",
        "facility_date": null,
        "facility_spatial_confidence": null,
        "facility_revised": "2018-11-21T00:00:00Z",
        "comment_": null,
        "facility_lat": "-31.232534399999963",
        "facility_long": "119.32795270000008",
        "validated": null,
        "gnaf_building_name": null,
        "gnaf_address_detail_pid": "GAWA_147085389",
        "gnaf_formatted_address": "45 ACHERNAR STREET",
        "gnaf_confidence": "1",
        "gnaf_postcode": "6426",
        "gnaf_suburb": "SOUTHERN CROSS",
        "distance_to_gnaf": 4,
        "gnaf_lat": "-31.232569999999953",
        "gnaf_long": "119.3279500000001"
      },
      "geometry": {
        "type": "Point",
        "coordinates": [
          119.32796286765057,
          -31.23252083624372
        ]
      }
    },
    {
      "type": "Feature",
      "properties": {
        "objectid": 993,
        "featuretype": "EMERGENCY FACILITY",
        "descripton": "An emergency management facility from which a particular agency\u2019s resources are commanded, coordinated and assigned to an incident or emergency",
        "class": "AMBULANCE STATION",
        "facility_name": "TAMBELLUP",
        "facility_operationalstatus": "OPERATIONAL",
        "facility_address": "58 HENRY STREET (CNR NORRISH & HEN",
        "abs_suburb": "TAMBELLUP",
        "facility_state": "WESTERN AUSTRALIA",
        "abs_postcode": "6320",
        "facility_attribute_source": "WA ST JOHN AMBULANCE",
        "facility_attribute_date": null,
        "facility_source": "WA ST JOHN AMBULANCE",
        "facility_date": null,
        "facility_spatial_confidence": null,
        "facility_revised": "2018-11-21T00:00:00Z",
        "comment_": null,
        "facility_lat": "-34.04287109999996",
        "facility_long": "117.64117370000008",
        "validated": null,
        "gnaf_building_name": null,
        "gnaf_address_detail_pid": "GAWA_146994773",
        "gnaf_formatted_address": "58 NORRISH STREET",
        "gnaf_confidence": "1",
        "gnaf_postcode": "6320",
        "gnaf_suburb": "TAMBELLUP",
        "distance_to_gnaf": 8,
        "gnaf_lat": "-34.04282999999998",
        "gnaf_long": "117.64110000000005"
      },
      "geometry": {
        "type": "Point",
        "coordinates": [
          117.64118429061757,
          -34.04285762373643
        ]
      }
    },
    {
      "type": "Feature",
      "properties": {
        "objectid": 994,
        "featuretype": "EMERGENCY FACILITY",
        "descripton": "An emergency management facility from which a particular agency\u2019s resources are commanded, coordinated and assigned to an incident or emergency",
        "class": "AMBULANCE STATION",
        "facility_name": "TOM PRICE",
        "facility_operationalstatus": "OPERATIONAL",
        "facility_address": "CNR TAMARINO STREET & CENTRAL ROAD",
        "abs_suburb": "TOM PRICE",
        "facility_state": "WESTERN AUSTRALIA",
        "abs_postcode": "6751",
        "facility_attribute_source": "WA ST JOHN AMBULANCE",
        "facility_attribute_date": null,
        "facility_source": "WA ST JOHN AMBULANCE",
        "facility_date": null,
        "facility_spatial_confidence": null,
        "facility_revised": "2018-11-21T00:00:00Z",
        "comment_": null,
        "facility_lat": "-22.69328379999996",
        "facility_long": "117.79462020000005",
        "validated": null,
        "gnaf_building_name": null,
        "gnaf_address_detail_pid": "GAWA_718915734",
        "gnaf_formatted_address": "86 TAMARIND STREET",
        "gnaf_confidence": "1",
        "gnaf_postcode": "6751",
        "gnaf_suburb": "TOM PRICE",
        "distance_to_gnaf": 10,
        "gnaf_lat": "-22.693372309999972",
        "gnaf_long": "117.79464149000012"
      },
      "geometry": {
        "type": "Point",
        "coordinates": [
          117.79463007285041,
          -22.69327026012087
        ]
      }
    },
    {
      "type": "Feature",
      "properties": {
        "objectid": 1001,
        "featuretype": "EMERGENCY FACILITY",
        "descripton": "An emergency management facility from which a particular agency\u2019s resources are commanded, coordinated and assigned to an incident or emergency",
        "class": "AMBULANCE STATION",
        "facility_name": "KELLERBERRIN",
        "facility_operationalstatus": "OPERATIONAL",
        "facility_address": "RIPPER STREET",
        "abs_suburb": "KELLERBERRIN",
        "facility_state": "WESTERN AUSTRALIA",
        "abs_postcode": "6410",
        "facility_attribute_source": "WA ST JOHN AMBULANCE",
        "facility_attribute_date": null,
        "facility_source": "WA ST JOHN AMBULANCE",
        "facility_date": null,
        "facility_spatial_confidence": null,
        "facility_revised": "2018-11-21T00:00:00Z",
        "comment_": null,
        "facility_lat": "-31.634610426999984",
        "facility_long": "117.72189648300002",
        "validated": null,
        "gnaf_building_name": null,
        "gnaf_address_detail_pid": "GAWA_719150486",
        "gnaf_formatted_address": "6 RIPPER STREET",
        "gnaf_confidence": "1",
        "gnaf_postcode": "6410",
        "gnaf_suburb": "KELLERBERRIN",
        "distance_to_gnaf": 10,
        "gnaf_lat": "-31.63451693999997",
        "gnaf_long": "117.72189263000007"
      },
      "geometry": {
        "type": "Point",
        "coordinates": [
          117.72190690116881,
          -31.634596935971764
        ]
      }
    },
    {
      "type": "Feature",
      "properties": {
        "objectid": 1002,
        "featuretype": "EMERGENCY FACILITY",
        "descripton": "An emergency management facility from which a particular agency\u2019s resources are commanded, coordinated and assigned to an incident or emergency",
        "class": "AMBULANCE STATION",
        "facility_name": "KENDENUP",
        "facility_operationalstatus": "OPERATIONAL",
        "facility_address": null,
        "abs_suburb": "KENDENUP",
        "facility_state": "WESTERN AUSTRALIA",
        "abs_postcode": "6323",
        "facility_attribute_source": "WA ST JOHN AMBULANCE",
        "facility_attribute_date": null,
        "facility_source": "WA ST JOHN AMBULANCE",
        "facility_date": null,
        "facility_spatial_confidence": null,
        "facility_revised": "2018-11-21T00:00:00Z",
        "comment_": null,
        "facility_lat": "-34.48279999999994",
        "facility_long": "117.62700000000007",
        "validated": null,
        "gnaf_building_name": null,
        "gnaf_address_detail_pid": "GAWA_160796327",
        "gnaf_formatted_address": "105 FIRST AVENUE",
        "gnaf_confidence": "1",
        "gnaf_postcode": "6323",
        "gnaf_suburb": "KENDENUP",
        "distance_to_gnaf": 17,
        "gnaf_lat": "-34.48275431999997",
        "gnaf_long": "117.62681951000002"
      },
      "geometry": {
        "type": "Point",
        "coordinates": [
          117.62701062315088,
          -34.482786526336454
        ]
      }
    },
    {
      "type": "Feature",
      "properties": {
        "objectid": 1003,
        "featuretype": "EMERGENCY FACILITY",
        "descripton": "An emergency management facility from which a particular agency\u2019s resources are commanded, coordinated and assigned to an incident or emergency",
        "class": "AMBULANCE STATION",
        "facility_name": "KOJONUP",
        "facility_operationalstatus": "OPERATIONAL",
        "facility_address": "85 ALBANY HIGHWAY",
        "abs_suburb": "KOJONUP",
        "facility_state": "WESTERN AUSTRALIA",
        "abs_postcode": "6395",
        "facility_attribute_source": "WA ST JOHN AMBULANCE",
        "facility_attribute_date": null,
        "facility_source": "WA ST JOHN AMBULANCE",
        "facility_date": null,
        "facility_spatial_confidence": null,
        "facility_revised": "2018-11-21T00:00:00Z",
        "comment_": null,
        "facility_lat": "-33.831267699999955",
        "facility_long": "117.15928840000004",
        "validated": null,
        "gnaf_building_name": null,
        "gnaf_address_detail_pid": "GAWA_162552632",
        "gnaf_formatted_address": "87 ALBANY HIGHWAY",
        "gnaf_confidence": "0",
        "gnaf_postcode": "6395",
        "gnaf_suburb": "KOJONUP",
        "distance_to_gnaf": 9,
        "gnaf_lat": "-33.83134907999994",
        "gnaf_long": "117.15926207000007"
      },
      "geometry": {
        "type": "Point",
        "coordinates": [
          117.15929905065589,
          -33.831254246181494
        ]
      }
    },
    {
      "type": "Feature",
      "properties": {
        "objectid": 1004,
        "featuretype": "EMERGENCY FACILITY",
        "descripton": "An emergency management facility from which a particular agency\u2019s resources are commanded, coordinated and assigned to an incident or emergency",
        "class": "AMBULANCE STATION",
        "facility_name": "TOODYAY",
        "facility_operationalstatus": "OPERATIONAL",
        "facility_address": "120C STIRLING TERRACE",
        "abs_suburb": "TOODYAY",
        "facility_state": "WESTERN AUSTRALIA",
        "abs_postcode": "6566",
        "facility_attribute_source": "WA ST JOHN AMBULANCE",
        "facility_attribute_date": null,
        "facility_source": "WA ST JOHN AMBULANCE",
        "facility_date": null,
        "facility_spatial_confidence": null,
        "facility_revised": "2018-11-21T00:00:00Z",
        "comment_": null,
        "facility_lat": "-31.549602599999957",
        "facility_long": "116.46645920000003",
        "validated": null,
        "gnaf_building_name": null,
        "gnaf_address_detail_pid": "GAWA_148189722",
        "gnaf_formatted_address": "120 STIRLING TERRACE",
        "gnaf_confidence": "1",
        "gnaf_postcode": "6566",
        "gnaf_suburb": "TOODYAY",
        "distance_to_gnaf": 10,
        "gnaf_lat": "-31.549689369999953",
        "gnaf_long": "116.46646007000004"
      },
      "geometry": {
        "type": "Point",
        "coordinates": [
          116.46646978979113,
          -31.549589171455466
        ]
      }
    },
    {
      "type": "Feature",
      "properties": {
        "objectid": 1005,
        "featuretype": "EMERGENCY FACILITY",
        "descripton": "An emergency management facility from which a particular agency\u2019s resources are commanded, coordinated and assigned to an incident or emergency",
        "class": "AMBULANCE STATION",
        "facility_name": "TRAYNING",
        "facility_operationalstatus": "OPERATIONAL",
        "facility_address": "ADAM STREET",
        "abs_suburb": "TRAYNING",
        "facility_state": "WESTERN AUSTRALIA",
        "abs_postcode": "6488",
        "facility_attribute_source": "WA ST JOHN AMBULANCE",
        "facility_attribute_date": null,
        "facility_source": "WA ST JOHN AMBULANCE",
        "facility_date": null,
        "facility_spatial_confidence": null,
        "facility_revised": "2018-11-21T00:00:00Z",
        "comment_": null,
        "facility_lat": "-31.114948512999945",
        "facility_long": "117.79107159400007",
        "validated": null,
        "gnaf_building_name": null,
        "gnaf_address_detail_pid": "GAWA_161521185",
        "gnaf_formatted_address": "LOT 78 ADAMS STREET",
        "gnaf_confidence": "0",
        "gnaf_postcode": "6488",
        "gnaf_suburb": "TRAYNING",
        "distance_to_gnaf": 1,
        "gnaf_lat": "-31.114945319999947",
        "gnaf_long": "117.79107594000004"
      },
      "geometry": {
        "type": "Point",
        "coordinates": [
          117.79108196904755,
          -31.11493501625483
        ]
      }
    },
    {
      "type": "Feature",
      "properties": {
        "objectid": 1006,
        "featuretype": "EMERGENCY FACILITY",
        "descripton": "An emergency management facility from which a particular agency\u2019s resources are commanded, coordinated and assigned to an incident or emergency",
        "class": "AMBULANCE STATION",
        "facility_name": "VARLEY",
        "facility_operationalstatus": "OPERATIONAL",
        "facility_address": "ARTHUR STREET",
        "abs_suburb": "VARLEY",
        "facility_state": "WESTERN AUSTRALIA",
        "abs_postcode": "6355",
        "facility_attribute_source": "WA ST JOHN AMBULANCE",
        "facility_attribute_date": null,
        "facility_source": "WA ST JOHN AMBULANCE",
        "facility_date": null,
        "facility_spatial_confidence": null,
        "facility_revised": "2018-11-21T00:00:00Z",
        "comment_": null,
        "facility_lat": "-32.79469969999997",
        "facility_long": "119.51109560000009",
        "validated": null,
        "gnaf_building_name": null,
        "gnaf_address_detail_pid": "GAWA_161989079",
        "gnaf_formatted_address": "9 ARTHUR STREET",
        "gnaf_confidence": "1",
        "gnaf_postcode": "6355",
        "gnaf_suburb": "VARLEY",
        "distance_to_gnaf": 0,
        "gnaf_lat": "-32.794699729999934",
        "gnaf_long": "119.5110956200001"
      },
      "geometry": {
        "type": "Point",
        "coordinates": [
          119.51110582775573,
          -32.79468613643624
        ]
      }
    },
    {
      "type": "Feature",
      "properties": {
        "objectid": 1007,
        "featuretype": "EMERGENCY FACILITY",
        "descripton": "An emergency management facility from which a particular agency\u2019s resources are commanded, coordinated and assigned to an incident or emergency",
        "class": "AMBULANCE STATION",
        "facility_name": "WALPOLE",
        "facility_operationalstatus": "OPERATIONAL",
        "facility_address": "NOCKOLDS STREET",
        "abs_suburb": "WALPOLE",
        "facility_state": "WESTERN AUSTRALIA",
        "abs_postcode": "6398",
        "facility_attribute_source": "WA ST JOHN AMBULANCE",
        "facility_attribute_date": null,
        "facility_source": "WA ST JOHN AMBULANCE",
        "facility_date": null,
        "facility_spatial_confidence": null,
        "facility_revised": "2018-11-21T00:00:00Z",
        "comment_": null,
        "facility_lat": "-34.97621669999995",
        "facility_long": "116.73230610000007",
        "validated": null,
        "gnaf_building_name": null,
        "gnaf_address_detail_pid": "GAWA_718303098",
        "gnaf_formatted_address": "32 NOCKOLDS STREET",
        "gnaf_confidence": "1",
        "gnaf_postcode": "6398",
        "gnaf_suburb": "WALPOLE",
        "distance_to_gnaf": 16,
        "gnaf_lat": "-34.97635574999998",
        "gnaf_long": "116.73234618000004"
      },
      "geometry": {
        "type": "Point",
        "coordinates": [
          116.73231690198965,
          -34.9762032725799
        ]
      }
    },
    {
      "type": "Feature",
      "properties": {
        "objectid": 1008,
        "featuretype": "EMERGENCY FACILITY",
        "descripton": "An emergency management facility from which a particular agency\u2019s resources are commanded, coordinated and assigned to an incident or emergency",
        "class": "AMBULANCE STATION",
        "facility_name": "WAROONA",
        "facility_operationalstatus": "OPERATIONAL",
        "facility_address": "LOT 17 - 18 HENNING STREET",
        "abs_suburb": "WAROONA",
        "facility_state": "WESTERN AUSTRALIA",
        "abs_postcode": "6215",
        "facility_attribute_source": "WA ST JOHN AMBULANCE",
        "facility_attribute_date": null,
        "facility_source": "WA ST JOHN AMBULANCE",
        "facility_date": null,
        "facility_spatial_confidence": null,
        "facility_revised": "2018-11-21T00:00:00Z",
        "comment_": null,
        "facility_lat": "-32.843606799999975",
        "facility_long": "115.92427900000007",
        "validated": null,
        "gnaf_building_name": null,
        "gnaf_address_detail_pid": "GAWA_147270940",
        "gnaf_formatted_address": "3 HENNING STREET",
        "gnaf_confidence": "1",
        "gnaf_postcode": "6215",
        "gnaf_suburb": "WAROONA",
        "distance_to_gnaf": 6,
        "gnaf_lat": "-32.84364999999997",
        "gnaf_long": "115.92424000000005"
      },
      "geometry": {
        "type": "Point",
        "coordinates": [
          115.92428976434077,
          -32.84359340632581
        ]
      }
    },
    {
      "type": "Feature",
      "properties": {
        "objectid": 1009,
        "featuretype": "EMERGENCY FACILITY",
        "descripton": "An emergency management facility from which a particular agency\u2019s resources are commanded, coordinated and assigned to an incident or emergency",
        "class": "AMBULANCE STATION",
        "facility_name": "BUSSELTON",
        "facility_operationalstatus": "OPERATIONAL",
        "facility_address": "MILL ROAD",
        "abs_suburb": "WEST BUSSELTON",
        "facility_state": "WESTERN AUSTRALIA",
        "abs_postcode": "6280",
        "facility_attribute_source": "WA ST JOHN AMBULANCE",
        "facility_attribute_date": null,
        "facility_source": "WA ST JOHN AMBULANCE",
        "facility_date": null,
        "facility_spatial_confidence": null,
        "facility_revised": "2018-11-21T00:00:00Z",
        "comment_": null,
        "facility_lat": "-33.654754999999966",
        "facility_long": "115.32108300000004",
        "validated": null,
        "gnaf_building_name": "ST JOHN'S AMBULANCE BUSSELTON",
        "gnaf_address_detail_pid": "GAWA_163275338",
        "gnaf_formatted_address": "7 MILL ROAD",
        "gnaf_confidence": "1",
        "gnaf_postcode": "6280",
        "gnaf_suburb": "WEST BUSSELTON",
        "distance_to_gnaf": 49,
        "gnaf_lat": "-33.65514594999996",
        "gnaf_long": "115.32082954000009"
      },
      "geometry": {
        "type": "Point",
        "coordinates": [
          115.32109391936277,
          -33.65474164355477
        ]
      }
    },
    {
      "type": "Feature",
      "properties": {
        "objectid": 1010,
        "featuretype": "EMERGENCY FACILITY",
        "descripton": "An emergency management facility from which a particular agency\u2019s resources are commanded, coordinated and assigned to an incident or emergency",
        "class": "AMBULANCE STATION",
        "facility_name": "WESTONIA",
        "facility_operationalstatus": "OPERATIONAL",
        "facility_address": "WOALFRAM STREET",
        "abs_suburb": "WESTONIA",
        "facility_state": "WESTERN AUSTRALIA",
        "abs_postcode": "6423",
        "facility_attribute_source": "WA ST JOHN AMBULANCE",
        "facility_attribute_date": null,
        "facility_source": "WA ST JOHN AMBULANCE",
        "facility_date": null,
        "facility_spatial_confidence": null,
        "facility_revised": "2018-11-21T00:00:00Z",
        "comment_": null,
        "facility_lat": "-31.302254499999947",
        "facility_long": "118.69786470000008",
        "validated": null,
        "gnaf_building_name": null,
        "gnaf_address_detail_pid": "GAWA_147042555",
        "gnaf_formatted_address": "40 WOLFRAM STREET",
        "gnaf_confidence": "2",
        "gnaf_postcode": "6423",
        "gnaf_suburb": "WESTONIA",
        "distance_to_gnaf": 30,
        "gnaf_lat": "-31.302409999999952",
        "gnaf_long": "118.69761000000005"
      },
      "geometry": {
        "type": "Point",
        "coordinates": [
          118.69787495995449,
          -31.302240963076585
        ]
      }
    },
    {
      "type": "Feature",
      "properties": {
        "objectid": 1011,
        "featuretype": "EMERGENCY FACILITY",
        "descripton": "An emergency management facility from which a particular agency\u2019s resources are commanded, coordinated and assigned to an incident or emergency",
        "class": "AMBULANCE STATION",
        "facility_name": "WICKEPIN",
        "facility_operationalstatus": "OPERATIONAL",
        "facility_address": "LOT 2 CAMPBELL STREET",
        "abs_suburb": "WICKEPIN",
        "facility_state": "WESTERN AUSTRALIA",
        "abs_postcode": "6370",
        "facility_attribute_source": "WA ST JOHN AMBULANCE",
        "facility_attribute_date": null,
        "facility_source": "WA ST JOHN AMBULANCE",
        "facility_date": null,
        "facility_spatial_confidence": null,
        "facility_revised": "2018-11-21T00:00:00Z",
        "comment_": null,
        "facility_lat": "-32.782707399999936",
        "facility_long": "117.50060810000002",
        "validated": null,
        "gnaf_building_name": null,
        "gnaf_address_detail_pid": "GAWA_147370522",
        "gnaf_formatted_address": "11 CAMPBELL STREET",
        "gnaf_confidence": "1",
        "gnaf_postcode": "6370",
        "gnaf_suburb": "WICKEPIN",
        "distance_to_gnaf": 9,
        "gnaf_lat": "-32.78271044999997",
        "gnaf_long": "117.50070423000011"
      },
      "geometry": {
        "type": "Point",
        "coordinates": [
          117.50061862626467,
          -32.782693924835606
        ]
      }
    },
    {
      "type": "Feature",
      "properties": {
        "objectid": 1012,
        "featuretype": "EMERGENCY FACILITY",
        "descripton": "An emergency management facility from which a particular agency\u2019s resources are commanded, coordinated and assigned to an incident or emergency",
        "class": "AMBULANCE STATION",
        "facility_name": "KONDININ",
        "facility_operationalstatus": "OPERATIONAL",
        "facility_address": "17 RANKIN STREET",
        "abs_suburb": "KONDININ",
        "facility_state": "WESTERN AUSTRALIA",
        "abs_postcode": "6367",
        "facility_attribute_source": "WA ST JOHN AMBULANCE",
        "facility_attribute_date": null,
        "facility_source": "WA ST JOHN AMBULANCE",
        "facility_date": null,
        "facility_spatial_confidence": null,
        "facility_revised": "2018-11-21T00:00:00Z",
        "comment_": null,
        "facility_lat": "-32.49664969999998",
        "facility_long": "118.26620670000011",
        "validated": null,
        "gnaf_building_name": null,
        "gnaf_address_detail_pid": "GAWA_147068939",
        "gnaf_formatted_address": "17 RANKIN STREET",
        "gnaf_confidence": "1",
        "gnaf_postcode": "6367",
        "gnaf_suburb": "KONDININ",
        "distance_to_gnaf": 15,
        "gnaf_lat": "-32.49664999999993",
        "gnaf_long": "118.26605000000006"
      },
      "geometry": {
        "type": "Point",
        "coordinates": [
          118.26621709452695,
          -32.49663618781882
        ]
      }
    },
    {
      "type": "Feature",
      "properties": {
        "objectid": 1013,
        "featuretype": "EMERGENCY FACILITY",
        "descripton": "An emergency management facility from which a particular agency\u2019s resources are commanded, coordinated and assigned to an incident or emergency",
        "class": "AMBULANCE STATION",
        "facility_name": "KOORDA",
        "facility_operationalstatus": "OPERATIONAL",
        "facility_address": "ALLENBY STREET",
        "abs_suburb": "KOORDA",
        "facility_state": "WESTERN AUSTRALIA",
        "abs_postcode": "6475",
        "facility_attribute_source": "WA ST JOHN AMBULANCE",
        "facility_attribute_date": null,
        "facility_source": "WA ST JOHN AMBULANCE",
        "facility_date": null,
        "facility_spatial_confidence": null,
        "facility_revised": "2018-11-21T00:00:00Z",
        "comment_": null,
        "facility_lat": "-30.827706099999943",
        "facility_long": "117.48219190000009",
        "validated": null,
        "gnaf_building_name": null,
        "gnaf_address_detail_pid": "GAWA_147069751",
        "gnaf_formatted_address": "23 ALLENBY STREET",
        "gnaf_confidence": "1",
        "gnaf_postcode": "6475",
        "gnaf_suburb": "KOORDA",
        "distance_to_gnaf": 19,
        "gnaf_lat": "-30.82776999999993",
        "gnaf_long": "117.48238000000003"
      },
      "geometry": {
        "type": "Point",
        "coordinates": [
          117.48220229915353,
          -30.8276926166876
        ]
      }
    },
    {
      "type": "Feature",
      "properties": {
        "objectid": 1014,
        "featuretype": "EMERGENCY FACILITY",
        "descripton": "An emergency management facility from which a particular agency\u2019s resources are commanded, coordinated and assigned to an incident or emergency",
        "class": "AMBULANCE STATION",
        "facility_name": "KULIN",
        "facility_operationalstatus": "OPERATIONAL",
        "facility_address": "JOHNSON STREET",
        "abs_suburb": "KULIN",
        "facility_state": "WESTERN AUSTRALIA",
        "abs_postcode": "6365",
        "facility_attribute_source": "WA ST JOHN AMBULANCE",
        "facility_attribute_date": null,
        "facility_source": "WA ST JOHN AMBULANCE",
        "facility_date": null,
        "facility_spatial_confidence": null,
        "facility_revised": "2018-11-21T00:00:00Z",
        "comment_": null,
        "facility_lat": "-32.67239746599995",
        "facility_long": "118.15360311900008",
        "validated": null,
        "gnaf_building_name": null,
        "gnaf_address_detail_pid": "GAWA_161603549",
        "gnaf_formatted_address": "24 JOHNSTON STREET",
        "gnaf_confidence": "0",
        "gnaf_postcode": "6365",
        "gnaf_suburb": "KULIN",
        "distance_to_gnaf": 7,
        "gnaf_lat": "-32.672417629999984",
        "gnaf_long": "118.15367612000011"
      },
      "geometry": {
        "type": "Point",
        "coordinates": [
          118.15361354123986,
          -32.672383959730666
        ]
      }
    },
    {
      "type": "Feature",
      "properties": {
        "objectid": 1015,
        "featuretype": "EMERGENCY FACILITY",
        "descripton": "An emergency management facility from which a particular agency\u2019s resources are commanded, coordinated and assigned to an incident or emergency",
        "class": "AMBULANCE STATION",
        "facility_name": "KUNUNOPPIN",
        "facility_operationalstatus": "OPERATIONAL",
        "facility_address": "LOT 209 ADAM STREET",
        "abs_suburb": "KUNUNOPPIN",
        "facility_state": "WESTERN AUSTRALIA",
        "abs_postcode": "6489",
        "facility_attribute_source": "WA ST JOHN AMBULANCE",
        "facility_attribute_date": null,
        "facility_source": "WA ST JOHN AMBULANCE",
        "facility_date": null,
        "facility_spatial_confidence": null,
        "facility_revised": "2018-11-21T00:00:00Z",
        "comment_": null,
        "facility_lat": "-31.109745308999948",
        "facility_long": "117.92175126200004",
        "validated": null,
        "gnaf_building_name": null,
        "gnaf_address_detail_pid": "GAWA_162771267",
        "gnaf_formatted_address": "LOT 209 ADAM STREET",
        "gnaf_confidence": "0",
        "gnaf_postcode": "6489",
        "gnaf_suburb": "KUNUNOPPIN",
        "distance_to_gnaf": 5,
        "gnaf_lat": "-31.109750289999965",
        "gnaf_long": "117.92169604000003"
      },
      "geometry": {
        "type": "Point",
        "coordinates": [
          117.92176161856639,
          -31.10973180609591
        ]
      }
    },
    {
      "type": "Feature",
      "properties": {
        "objectid": 1016,
        "featuretype": "EMERGENCY FACILITY",
        "descripton": "An emergency management facility from which a particular agency\u2019s resources are commanded, coordinated and assigned to an incident or emergency",
        "class": "AMBULANCE STATION",
        "facility_name": "KUNUNURRA",
        "facility_operationalstatus": "OPERATIONAL",
        "facility_address": "2 COOLIBAH AVENUE",
        "abs_suburb": "KUNUNURRA",
        "facility_state": "WESTERN AUSTRALIA",
        "abs_postcode": "6743",
        "facility_attribute_source": "WA ST JOHN AMBULANCE",
        "facility_attribute_date": null,
        "facility_source": "WA ST JOHN AMBULANCE",
        "facility_date": null,
        "facility_spatial_confidence": null,
        "facility_revised": "2018-11-21T00:00:00Z",
        "comment_": null,
        "facility_lat": "-15.776250699999935",
        "facility_long": "128.73342320000006",
        "validated": null,
        "gnaf_building_name": null,
        "gnaf_address_detail_pid": "GAWA_160652904",
        "gnaf_formatted_address": "2 COOLIBAH DRIVE",
        "gnaf_confidence": "1",
        "gnaf_postcode": "6743",
        "gnaf_suburb": "KUNUNURRA",
        "distance_to_gnaf": 223,
        "gnaf_lat": "-15.777732509999964",
        "gnaf_long": "128.73200866000002"
      },
      "geometry": {
        "type": "Point",
        "coordinates": [
          128.73343201723546,
          -15.776236839005005
        ]
      }
    },
    {
      "type": "Feature",
      "properties": {
        "objectid": 1021,
        "featuretype": "EMERGENCY FACILITY",
        "descripton": "An emergency management facility from which a particular agency\u2019s resources are commanded, coordinated and assigned to an incident or emergency",
        "class": "AMBULANCE STATION",
        "facility_name": "WILLIAMS",
        "facility_operationalstatus": "OPERATIONAL",
        "facility_address": "BROOKING STREET",
        "abs_suburb": "WILLIAMS",
        "facility_state": "WESTERN AUSTRALIA",
        "abs_postcode": "6391",
        "facility_attribute_source": "WA ST JOHN AMBULANCE",
        "facility_attribute_date": null,
        "facility_source": "WA ST JOHN AMBULANCE",
        "facility_date": null,
        "facility_spatial_confidence": null,
        "facility_revised": "2018-11-21T00:00:00Z",
        "comment_": null,
        "facility_lat": "-33.02636559999996",
        "facility_long": "116.88150990000008",
        "validated": null,
        "gnaf_building_name": null,
        "gnaf_address_detail_pid": "GAWA_146979113",
        "gnaf_formatted_address": "20 BROOKING STREET",
        "gnaf_confidence": "2",
        "gnaf_postcode": "6391",
        "gnaf_suburb": "WILLIAMS",
        "distance_to_gnaf": 6,
        "gnaf_lat": "-33.026414029999955",
        "gnaf_long": "116.88152788000002"
      },
      "geometry": {
        "type": "Point",
        "coordinates": [
          116.88152053546156,
          -33.02635215657701
        ]
      }
    },
    {
      "type": "Feature",
      "properties": {
        "objectid": 1022,
        "featuretype": "EMERGENCY FACILITY",
        "descripton": "An emergency management facility from which a particular agency\u2019s resources are commanded, coordinated and assigned to an incident or emergency",
        "class": "AMBULANCE STATION",
        "facility_name": "WONGAN HILLS",
        "facility_operationalstatus": "OPERATIONAL",
        "facility_address": "ACKLAND STREET",
        "abs_suburb": "WONGAN HILLS",
        "facility_state": "WESTERN AUSTRALIA",
        "abs_postcode": "6603",
        "facility_attribute_source": "WA ST JOHN AMBULANCE",
        "facility_attribute_date": null,
        "facility_source": "WA ST JOHN AMBULANCE",
        "facility_date": null,
        "facility_spatial_confidence": null,
        "facility_revised": "2018-11-21T00:00:00Z",
        "comment_": null,
        "facility_lat": "-30.89480489999994",
        "facility_long": "116.72415612300006",
        "validated": null,
        "gnaf_building_name": null,
        "gnaf_address_detail_pid": "GAWA_163334792",
        "gnaf_formatted_address": "LOT 759 ACKLAND STREET",
        "gnaf_confidence": "0",
        "gnaf_postcode": "6603",
        "gnaf_suburb": "WONGAN HILLS",
        "distance_to_gnaf": 11,
        "gnaf_lat": "-30.89489476999995",
        "gnaf_long": "116.72420850000003"
      },
      "geometry": {
        "type": "Point",
        "coordinates": [
          116.7241666306646,
          -30.894791455007116
        ]
      }
    },
    {
      "type": "Feature",
      "properties": {
        "objectid": 1023,
        "featuretype": "EMERGENCY FACILITY",
        "descripton": "An emergency management facility from which a particular agency\u2019s resources are commanded, coordinated and assigned to an incident or emergency",
        "class": "AMBULANCE STATION",
        "facility_name": "GERALDTON",
        "facility_operationalstatus": "OPERATIONAL",
        "facility_address": "17 EATON PLACE",
        "abs_suburb": "WONTHELLA",
        "facility_state": "WESTERN AUSTRALIA",
        "abs_postcode": "6530",
        "facility_attribute_source": "WA ST JOHN AMBULANCE",
        "facility_attribute_date": null,
        "facility_source": "WA ST JOHN AMBULANCE",
        "facility_date": null,
        "facility_spatial_confidence": null,
        "facility_revised": "2018-11-21T00:00:00Z",
        "comment_": null,
        "facility_lat": "-28.769731899999954",
        "facility_long": "114.62533570000005",
        "validated": null,
        "gnaf_building_name": null,
        "gnaf_address_detail_pid": "GAWA_146997149",
        "gnaf_formatted_address": "17 EATON PLACE",
        "gnaf_confidence": "2",
        "gnaf_postcode": "6530",
        "gnaf_suburb": "WONTHELLA",
        "distance_to_gnaf": 24,
        "gnaf_lat": "-28.769679999999937",
        "gnaf_long": "114.62557000000004"
      },
      "geometry": {
        "type": "Point",
        "coordinates": [
          114.62534632516872,
          -28.769718563337346
        ]
      }
    },
    {
      "type": "Feature",
      "properties": {
        "objectid": 1024,
        "featuretype": "EMERGENCY FACILITY",
        "descripton": "An emergency management facility from which a particular agency\u2019s resources are commanded, coordinated and assigned to an incident or emergency",
        "class": "AMBULANCE STATION",
        "facility_name": "WOODRIDGE",
        "facility_operationalstatus": "OPERATIONAL",
        "facility_address": "KING DRIVE",
        "abs_suburb": "WOODRIDGE",
        "facility_state": "WESTERN AUSTRALIA",
        "abs_postcode": "6041",
        "facility_attribute_source": "WA ST JOHN AMBULANCE",
        "facility_attribute_date": null,
        "facility_source": "WA ST JOHN AMBULANCE",
        "facility_date": null,
        "facility_spatial_confidence": null,
        "facility_revised": "2018-11-21T00:00:00Z",
        "comment_": null,
        "facility_lat": "-31.338767248999943",
        "facility_long": "115.59375585800001",
        "validated": null,
        "gnaf_building_name": null,
        "gnaf_address_detail_pid": "GAWA_146948002",
        "gnaf_formatted_address": "60 KING DRIVE",
        "gnaf_confidence": "2",
        "gnaf_postcode": "6041",
        "gnaf_suburb": "WOODRIDGE",
        "distance_to_gnaf": 99,
        "gnaf_lat": "-31.33830999999998",
        "gnaf_long": "115.59286000000009"
      },
      "geometry": {
        "type": "Point",
        "coordinates": [
          115.5937665543421,
          -31.338753867123454
        ]
      }
    },
    {
      "type": "Feature",
      "properties": {
        "objectid": 1025,
        "featuretype": "EMERGENCY FACILITY",
        "descripton": "An emergency management facility from which a particular agency\u2019s resources are commanded, coordinated and assigned to an incident or emergency",
        "class": "AMBULANCE STATION",
        "facility_name": "WUNDOWIE",
        "facility_operationalstatus": "OPERATIONAL",
        "facility_address": "WANDOO PARADE",
        "abs_suburb": "WUNDOWIE",
        "facility_state": "WESTERN AUSTRALIA",
        "abs_postcode": "6560",
        "facility_attribute_source": "WA ST JOHN AMBULANCE",
        "facility_attribute_date": null,
        "facility_source": "WA ST JOHN AMBULANCE",
        "facility_date": null,
        "facility_spatial_confidence": null,
        "facility_revised": "2018-11-21T00:00:00Z",
        "comment_": null,
        "facility_lat": "-31.762600866999946",
        "facility_long": "116.38074131000008",
        "validated": null,
        "gnaf_building_name": null,
        "gnaf_address_detail_pid": "GAWA_719853617",
        "gnaf_formatted_address": "6 WANDOO PARADE",
        "gnaf_confidence": "0",
        "gnaf_postcode": "6560",
        "gnaf_suburb": "WUNDOWIE",
        "distance_to_gnaf": 8,
        "gnaf_lat": "-31.76265940999997",
        "gnaf_long": "116.38078056000006"
      },
      "geometry": {
        "type": "Point",
        "coordinates": [
          116.3807519273081,
          -31.76258744394767
        ]
      }
    },
    {
      "type": "Feature",
      "properties": {
        "objectid": 1026,
        "featuretype": "EMERGENCY FACILITY",
        "descripton": "An emergency management facility from which a particular agency\u2019s resources are commanded, coordinated and assigned to an incident or emergency",
        "class": "AMBULANCE STATION",
        "facility_name": "WYNDHAM",
        "facility_operationalstatus": "OPERATIONAL",
        "facility_address": "MINDEROO STREET",
        "abs_suburb": "WYNDHAM",
        "facility_state": "WESTERN AUSTRALIA",
        "abs_postcode": "6740",
        "facility_attribute_source": "WA ST JOHN AMBULANCE",
        "facility_attribute_date": null,
        "facility_source": "WA ST JOHN AMBULANCE",
        "facility_date": null,
        "facility_spatial_confidence": null,
        "facility_revised": "2018-11-21T00:00:00Z",
        "comment_": null,
        "facility_lat": "-15.47944039999993",
        "facility_long": "128.12657090000005",
        "validated": null,
        "gnaf_building_name": null,
        "gnaf_address_detail_pid": "GAWA_146968184",
        "gnaf_formatted_address": "56 MINDEROO STREET",
        "gnaf_confidence": "0",
        "gnaf_postcode": "6740",
        "gnaf_suburb": "WYNDHAM",
        "distance_to_gnaf": 14,
        "gnaf_lat": "-15.479449999999929",
        "gnaf_long": "128.12670000000003"
      },
      "geometry": {
        "type": "Point",
        "coordinates": [
          128.12657975341477,
          -15.479426539037597
        ]
      }
    },
    {
      "type": "Feature",
      "properties": {
        "objectid": 1027,
        "featuretype": "EMERGENCY FACILITY",
        "descripton": "An emergency management facility from which a particular agency\u2019s resources are commanded, coordinated and assigned to an incident or emergency",
        "class": "AMBULANCE STATION",
        "facility_name": "YALGOO",
        "facility_operationalstatus": "OPERATIONAL",
        "facility_address": "GIBBONS STREET",
        "abs_suburb": "YALGOO",
        "facility_state": "WESTERN AUSTRALIA",
        "abs_postcode": "6635",
        "facility_attribute_source": "WA ST JOHN AMBULANCE",
        "facility_attribute_date": null,
        "facility_source": "WA ST JOHN AMBULANCE",
        "facility_date": null,
        "facility_spatial_confidence": null,
        "facility_revised": "2018-11-21T00:00:00Z",
        "comment_": null,
        "facility_lat": "-28.344834299999945",
        "facility_long": "116.68265510000003",
        "validated": null,
        "gnaf_building_name": null,
        "gnaf_address_detail_pid": "GAWA_147316499",
        "gnaf_formatted_address": "12 GIBBONS STREET",
        "gnaf_confidence": "1",
        "gnaf_postcode": "6635",
        "gnaf_suburb": "YALGOO",
        "distance_to_gnaf": 16,
        "gnaf_lat": "-28.344859999999983",
        "gnaf_long": "116.6828200000001"
      },
      "geometry": {
        "type": "Point",
        "coordinates": [
          116.68266543941134,
          -28.344820845094063
        ]
      }
    },
    {
      "type": "Feature",
      "properties": {
        "objectid": 1028,
        "featuretype": "EMERGENCY FACILITY",
        "descripton": "An emergency management facility from which a particular agency\u2019s resources are commanded, coordinated and assigned to an incident or emergency",
        "class": "AMBULANCE STATION",
        "facility_name": "YEALERING",
        "facility_operationalstatus": "OPERATIONAL",
        "facility_address": "LOT 55 ROBERTS STREET",
        "abs_suburb": "YEALERING",
        "facility_state": "WESTERN AUSTRALIA",
        "abs_postcode": "6372",
        "facility_attribute_source": "WA ST JOHN AMBULANCE",
        "facility_attribute_date": null,
        "facility_source": "WA ST JOHN AMBULANCE",
        "facility_date": null,
        "facility_spatial_confidence": null,
        "facility_revised": "2018-11-21T00:00:00Z",
        "comment_": null,
        "facility_lat": "-32.591665999999975",
        "facility_long": "117.6299553",
        "validated": null,
        "gnaf_building_name": null,
        "gnaf_address_detail_pid": "GAWA_147245678",
        "gnaf_formatted_address": "39 ROBERTS STREET",
        "gnaf_confidence": "2",
        "gnaf_postcode": "6372",
        "gnaf_suburb": "YEALERING",
        "distance_to_gnaf": 0,
        "gnaf_lat": "-32.59166602999994",
        "gnaf_long": "117.62995534000004"
      },
      "geometry": {
        "type": "Point",
        "coordinates": [
          117.62996579432252,
          -32.591652517763414
        ]
      }
    },
    {
      "type": "Feature",
      "properties": {
        "objectid": 1034,
        "featuretype": "EMERGENCY FACILITY",
        "descripton": "An emergency management facility from which a particular agency\u2019s resources are commanded, coordinated and assigned to an incident or emergency",
        "class": "AMBULANCE STATION",
        "facility_name": "LAKE GRACE",
        "facility_operationalstatus": "OPERATIONAL",
        "facility_address": "LOT 501 STUBBS STREET",
        "abs_suburb": "LAKE GRACE",
        "facility_state": "WESTERN AUSTRALIA",
        "abs_postcode": "6353",
        "facility_attribute_source": "WA ST JOHN AMBULANCE",
        "facility_attribute_date": null,
        "facility_source": "WA ST JOHN AMBULANCE",
        "facility_date": null,
        "facility_spatial_confidence": null,
        "facility_revised": "2018-11-21T00:00:00Z",
        "comment_": null,
        "facility_lat": "-33.10179999999997",
        "facility_long": "118.46100000000001",
        "validated": null,
        "gnaf_building_name": null,
        "gnaf_address_detail_pid": "GAWA_147071083",
        "gnaf_formatted_address": "20 STUBBS STREET",
        "gnaf_confidence": "1",
        "gnaf_postcode": "6353",
        "gnaf_suburb": "LAKE GRACE",
        "distance_to_gnaf": 19,
        "gnaf_lat": "-33.10173347999995",
        "gnaf_long": "118.46081563000007"
      },
      "geometry": {
        "type": "Point",
        "coordinates": [
          118.46101040336418,
          -33.101786481933146
        ]
      }
    },
    {
      "type": "Feature",
      "properties": {
        "objectid": 1035,
        "featuretype": "EMERGENCY FACILITY",
        "descripton": "An emergency management facility from which a particular agency\u2019s resources are commanded, coordinated and assigned to an incident or emergency",
        "class": "AMBULANCE STATION",
        "facility_name": "LANCELIN",
        "facility_operationalstatus": "OPERATIONAL",
        "facility_address": "ATKINSON WAY",
        "abs_suburb": "LANCELIN",
        "facility_state": "WESTERN AUSTRALIA",
        "abs_postcode": "6044",
        "facility_attribute_source": "WA ST JOHN AMBULANCE",
        "facility_attribute_date": null,
        "facility_source": "WA ST JOHN AMBULANCE",
        "facility_date": null,
        "facility_spatial_confidence": null,
        "facility_revised": "2018-11-21T00:00:00Z",
        "comment_": null,
        "facility_lat": "-31.01620479999997",
        "facility_long": "115.33232630000009",
        "validated": null,
        "gnaf_building_name": null,
        "gnaf_address_detail_pid": "GAWA_146968758",
        "gnaf_formatted_address": "28 ATKINSON WAY",
        "gnaf_confidence": "2",
        "gnaf_postcode": "6044",
        "gnaf_suburb": "LANCELIN",
        "distance_to_gnaf": 10,
        "gnaf_lat": "-31.01625999999993",
        "gnaf_long": "115.33224000000007"
      },
      "geometry": {
        "type": "Point",
        "coordinates": [
          115.33233700763171,
          -31.01619143158664
        ]
      }
    },
    {
      "type": "Feature",
      "properties": {
        "objectid": 1036,
        "featuretype": "EMERGENCY FACILITY",
        "descripton": "An emergency management facility from which a particular agency\u2019s resources are commanded, coordinated and assigned to an incident or emergency",
        "class": "AMBULANCE STATION",
        "facility_name": "LATHAM",
        "facility_operationalstatus": "OPERATIONAL",
        "facility_address": "CHAPPLE STREET",
        "abs_suburb": "LATHAM",
        "facility_state": "WESTERN AUSTRALIA",
        "abs_postcode": "6616",
        "facility_attribute_source": "WA ST JOHN AMBULANCE",
        "facility_attribute_date": null,
        "facility_source": "WA ST JOHN AMBULANCE",
        "facility_date": null,
        "facility_spatial_confidence": null,
        "facility_revised": "2018-11-21T00:00:00Z",
        "comment_": null,
        "facility_lat": "-29.757499999999936",
        "facility_long": "116.44200000000001",
        "validated": null,
        "gnaf_building_name": null,
        "gnaf_address_detail_pid": "GAWA_147400019",
        "gnaf_formatted_address": "17 CHAPPLE STREET",
        "gnaf_confidence": "1",
        "gnaf_postcode": "6616",
        "gnaf_suburb": "LATHAM",
        "distance_to_gnaf": 86,
        "gnaf_lat": "-29.75673727999998",
        "gnaf_long": "116.4418277100001"
      },
      "geometry": {
        "type": "Point",
        "coordinates": [
          116.44201046629516,
          -29.757486564497224
        ]
      }
    },
    {
      "type": "Feature",
      "properties": {
        "objectid": 1037,
        "featuretype": "EMERGENCY FACILITY",
        "descripton": "An emergency management facility from which a particular agency\u2019s resources are commanded, coordinated and assigned to an incident or emergency",
        "class": "AMBULANCE STATION",
        "facility_name": "LAVERTON",
        "facility_operationalstatus": "OPERATIONAL",
        "facility_address": "CNR BERIA STREET & WELD DRIVE",
        "abs_suburb": "LAVERTON",
        "facility_state": "WESTERN AUSTRALIA",
        "abs_postcode": "6440",
        "facility_attribute_source": "WA ST JOHN AMBULANCE",
        "facility_attribute_date": null,
        "facility_source": "WA ST JOHN AMBULANCE",
        "facility_date": null,
        "facility_spatial_confidence": null,
        "facility_revised": "2018-11-21T00:00:00Z",
        "comment_": null,
        "facility_lat": "-28.624997899999983",
        "facility_long": "122.40227540000001",
        "validated": null,
        "gnaf_building_name": null,
        "gnaf_address_detail_pid": "GAWA_163278017",
        "gnaf_formatted_address": "10 WELD DRIVE",
        "gnaf_confidence": "1",
        "gnaf_postcode": "6440",
        "gnaf_suburb": "LAVERTON",
        "distance_to_gnaf": 0,
        "gnaf_lat": "-28.624997949999965",
        "gnaf_long": "122.4022753700001"
      },
      "geometry": {
        "type": "Point",
        "coordinates": [
          122.4022850400335,
          -28.62498421698783
        ]
      }
    },
    {
      "type": "Feature",
      "properties": {
        "objectid": 1038,
        "featuretype": "EMERGENCY FACILITY",
        "descripton": "An emergency management facility from which a particular agency\u2019s resources are commanded, coordinated and assigned to an incident or emergency",
        "class": "AMBULANCE STATION",
        "facility_name": "YORK",
        "facility_operationalstatus": "OPERATIONAL",
        "facility_address": "JOAQUINA STREET",
        "abs_suburb": "YORK",
        "facility_state": "WESTERN AUSTRALIA",
        "abs_postcode": "6302",
        "facility_attribute_source": "WA ST JOHN AMBULANCE",
        "facility_attribute_date": null,
        "facility_source": "WA ST JOHN AMBULANCE",
        "facility_date": null,
        "facility_spatial_confidence": null,
        "facility_revised": "2018-11-21T00:00:00Z",
        "comment_": null,
        "facility_lat": "-31.891626599999938",
        "facility_long": "116.76672340000005",
        "validated": null,
        "gnaf_building_name": null,
        "gnaf_address_detail_pid": "GAWA_718297705",
        "gnaf_formatted_address": "14 JOAQUINA STREET",
        "gnaf_confidence": "0",
        "gnaf_postcode": "6302",
        "gnaf_suburb": "YORK",
        "distance_to_gnaf": 7,
        "gnaf_lat": "-31.89161249999995",
        "gnaf_long": "116.76665097000011"
      },
      "geometry": {
        "type": "Point",
        "coordinates": [
          116.76673397156745,
          -31.891613157367825
        ]
      }
    },
    {
      "type": "Feature",
      "properties": {
        "objectid": 1039,
        "featuretype": "EMERGENCY FACILITY",
        "descripton": "An emergency management facility from which a particular agency\u2019s resources are commanded, coordinated and assigned to an incident or emergency",
        "class": "AMBULANCE STATION",
        "facility_name": "BINNU",
        "facility_operationalstatus": "OPERATIONAL",
        "facility_address": null,
        "abs_suburb": "BINNU",
        "facility_state": "WESTERN AUSTRALIA",
        "abs_postcode": "6532",
        "facility_attribute_source": "WA ST JOHN AMBULANCE",
        "facility_attribute_date": null,
        "facility_source": "WA ST JOHN AMBULANCE",
        "facility_date": null,
        "facility_spatial_confidence": null,
        "facility_revised": "2018-11-21T00:00:00Z",
        "comment_": "NO GNAF POINT",
        "facility_lat": "-28.03308199999998",
        "facility_long": "114.67910000000006",
        "validated": null,
        "gnaf_building_name": null,
        "gnaf_address_detail_pid": null,
        "gnaf_formatted_address": null,
        "gnaf_confidence": null,
        "gnaf_postcode": null,
        "gnaf_suburb": null,
        "distance_to_gnaf": null,
        "gnaf_lat": null,
        "gnaf_long": null
      },
      "geometry": {
        "type": "Point",
        "coordinates": [
          114.67911056137399,
          -28.03306865670788
        ]
      }
    },
    {
      "type": "Feature",
      "properties": {
        "objectid": 1040,
        "featuretype": "EMERGENCY FACILITY",
        "descripton": "An emergency management facility from which a particular agency\u2019s resources are commanded, coordinated and assigned to an incident or emergency",
        "class": "AMBULANCE STATION",
        "facility_name": "CALINGIRI",
        "facility_operationalstatus": "OPERATIONAL",
        "facility_address": "YULGEREND ROAD",
        "abs_suburb": "CALINGIRI",
        "facility_state": "WESTERN AUSTRALIA",
        "abs_postcode": "6569",
        "facility_attribute_source": "WA ST JOHN AMBULANCE",
        "facility_attribute_date": null,
        "facility_source": "WA ST JOHN AMBULANCE",
        "facility_date": null,
        "facility_spatial_confidence": null,
        "facility_revised": "2018-11-21T00:00:00Z",
        "comment_": "NO GNAF POINT",
        "facility_lat": "-31.08839999999998",
        "facility_long": "116.45000000000005",
        "validated": null,
        "gnaf_building_name": null,
        "gnaf_address_detail_pid": null,
        "gnaf_formatted_address": null,
        "gnaf_confidence": null,
        "gnaf_postcode": null,
        "gnaf_suburb": null,
        "distance_to_gnaf": null,
        "gnaf_lat": null,
        "gnaf_long": null
      },
      "geometry": {
        "type": "Point",
        "coordinates": [
          116.45001055905684,
          -31.088386570229943
        ]
      }
    },
    {
      "type": "Feature",
      "properties": {
        "objectid": 1041,
        "featuretype": "EMERGENCY FACILITY",
        "descripton": "An emergency management facility from which a particular agency\u2019s resources are commanded, coordinated and assigned to an incident or emergency",
        "class": "AMBULANCE STATION",
        "facility_name": "CHRISTMAS ISLAND",
        "facility_operationalstatus": "OPERATIONAL",
        "facility_address": "PHOSPHATE HILL ROAD",
        "abs_suburb": "CHRISTMAS ISLAND",
        "facility_state": "WESTERN AUSTRALIA",
        "abs_postcode": "6798",
        "facility_attribute_source": "WA ST JOHN AMBULANCE",
        "facility_attribute_date": null,
        "facility_source": "WA ST JOHN AMBULANCE",
        "facility_date": null,
        "facility_spatial_confidence": null,
        "facility_revised": "2018-11-21T00:00:00Z",
        "comment_": "NO GNAF POINT",
        "facility_lat": "-10.425799999999981",
        "facility_long": "105.68400000000008",
        "validated": null,
        "gnaf_building_name": null,
        "gnaf_address_detail_pid": null,
        "gnaf_formatted_address": null,
        "gnaf_confidence": null,
        "gnaf_postcode": null,
        "gnaf_suburb": null,
        "distance_to_gnaf": null,
        "gnaf_lat": null,
        "gnaf_long": null
      },
      "geometry": {
        "type": "Point",
        "coordinates": [
          105.68400968133874,
          -10.425787301211185
        ]
      }
    },
    {
      "type": "Feature",
      "properties": {
        "objectid": 1042,
        "featuretype": "EMERGENCY FACILITY",
        "descripton": "An emergency management facility from which a particular agency\u2019s resources are commanded, coordinated and assigned to an incident or emergency",
        "class": "AMBULANCE STATION",
        "facility_name": "COOLGARDIE",
        "facility_operationalstatus": "OPERATIONAL",
        "facility_address": "35 WILKIE STREET",
        "abs_suburb": "COOLGARDIE",
        "facility_state": "WESTERN AUSTRALIA",
        "abs_postcode": "6429",
        "facility_attribute_source": "WA ST JOHN AMBULANCE",
        "facility_attribute_date": null,
        "facility_source": "WA ST JOHN AMBULANCE",
        "facility_date": null,
        "facility_spatial_confidence": null,
        "facility_revised": "2018-11-21T00:00:00Z",
        "comment_": "NO GNAF POINT",
        "facility_lat": "-30.96001599999994",
        "facility_long": "121.16496500000005",
        "validated": null,
        "gnaf_building_name": null,
        "gnaf_address_detail_pid": null,
        "gnaf_formatted_address": null,
        "gnaf_confidence": null,
        "gnaf_postcode": null,
        "gnaf_suburb": null,
        "distance_to_gnaf": null,
        "gnaf_lat": null,
        "gnaf_long": null
      },
      "geometry": {
        "type": "Point",
        "coordinates": [
          121.16497489769132,
          -30.960002367180415
        ]
      }
    },
    {
      "type": "Feature",
      "properties": {
        "objectid": 1043,
        "featuretype": "EMERGENCY FACILITY",
        "descripton": "An emergency management facility from which a particular agency\u2019s resources are commanded, coordinated and assigned to an incident or emergency",
        "class": "AMBULANCE STATION",
        "facility_name": "CORAL BAY",
        "facility_operationalstatus": "OPERATIONAL",
        "facility_address": "ROBINSON STREET",
        "abs_suburb": "CORAL BAY",
        "facility_state": "WESTERN AUSTRALIA",
        "abs_postcode": "6701",
        "facility_attribute_source": "WA ST JOHN AMBULANCE",
        "facility_attribute_date": null,
        "facility_source": "WA ST JOHN AMBULANCE",
        "facility_date": null,
        "facility_spatial_confidence": null,
        "facility_revised": "2018-11-21T00:00:00Z",
        "comment_": "NO GNAF POINT",
        "facility_lat": "-23.13719999999995",
        "facility_long": "113.77300000000002",
        "validated": null,
        "gnaf_building_name": null,
        "gnaf_address_detail_pid": null,
        "gnaf_formatted_address": null,
        "gnaf_confidence": null,
        "gnaf_postcode": null,
        "gnaf_suburb": null,
        "distance_to_gnaf": null,
        "gnaf_lat": null,
        "gnaf_long": null
      },
      "geometry": {
        "type": "Point",
        "coordinates": [
          113.77301028475502,
          -23.1371866905134
        ]
      }
    },
    {
      "type": "Feature",
      "properties": {
        "objectid": 1044,
        "featuretype": "EMERGENCY FACILITY",
        "descripton": "An emergency management facility from which a particular agency\u2019s resources are commanded, coordinated and assigned to an incident or emergency",
        "class": "AMBULANCE STATION",
        "facility_name": "DERBY",
        "facility_operationalstatus": "OPERATIONAL",
        "facility_address": null,
        "abs_suburb": "DERBY",
        "facility_state": "WESTERN AUSTRALIA",
        "abs_postcode": "6728",
        "facility_attribute_source": "WA ST JOHN AMBULANCE",
        "facility_attribute_date": null,
        "facility_source": "WA ST JOHN AMBULANCE",
        "facility_date": null,
        "facility_spatial_confidence": null,
        "facility_revised": "2018-11-21T00:00:00Z",
        "comment_": "NO GNAF POINT",
        "facility_lat": "-17.30559999999997",
        "facility_long": "123.63100000000009",
        "validated": null,
        "gnaf_building_name": null,
        "gnaf_address_detail_pid": null,
        "gnaf_formatted_address": null,
        "gnaf_confidence": null,
        "gnaf_postcode": null,
        "gnaf_suburb": null,
        "distance_to_gnaf": null,
        "gnaf_lat": null,
        "gnaf_long": null
      },
      "geometry": {
        "type": "Point",
        "coordinates": [
          123.63100917475285,
          -17.305586216537154
        ]
      }
    },
    {
      "type": "Feature",
      "properties": {
        "objectid": 1045,
        "featuretype": "EMERGENCY FACILITY",
        "descripton": "An emergency management facility from which a particular agency\u2019s resources are commanded, coordinated and assigned to an incident or emergency",
        "class": "AMBULANCE STATION",
        "facility_name": "DONNYBROOK",
        "facility_operationalstatus": "OPERATIONAL",
        "facility_address": "BENTLEY STREET",
        "abs_suburb": "DONNYBROOK",
        "facility_state": "WESTERN AUSTRALIA",
        "abs_postcode": "6239",
        "facility_attribute_source": "WA ST JOHN AMBULANCE",
        "facility_attribute_date": null,
        "facility_source": "WA ST JOHN AMBULANCE",
        "facility_date": null,
        "facility_spatial_confidence": null,
        "facility_revised": "2018-11-21T00:00:00Z",
        "comment_": "NO GNAF POINT",
        "facility_lat": "-33.57602436099995",
        "facility_long": "115.81565025400005",
        "validated": null,
        "gnaf_building_name": null,
        "gnaf_address_detail_pid": null,
        "gnaf_formatted_address": null,
        "gnaf_confidence": null,
        "gnaf_postcode": null,
        "gnaf_suburb": null,
        "distance_to_gnaf": null,
        "gnaf_lat": null,
        "gnaf_long": null
      },
      "geometry": {
        "type": "Point",
        "coordinates": [
          115.81566109165963,
          -33.576010976429366
        ]
      }
    },
    {
      "type": "Feature",
      "properties": {
        "objectid": 1046,
        "featuretype": "EMERGENCY FACILITY",
        "descripton": "An emergency management facility from which a particular agency\u2019s resources are commanded, coordinated and assigned to an incident or emergency",
        "class": "AMBULANCE STATION",
        "facility_name": "EUCLA",
        "facility_operationalstatus": "OPERATIONAL",
        "facility_address": "EYRE HIGHWAY",
        "abs_suburb": "EUCLA",
        "facility_state": "WESTERN AUSTRALIA",
        "abs_postcode": "6443",
        "facility_attribute_source": "WA ST JOHN AMBULANCE",
        "facility_attribute_date": null,
        "facility_source": "WA ST JOHN AMBULANCE",
        "facility_date": null,
        "facility_spatial_confidence": null,
        "facility_revised": "2018-11-21T00:00:00Z",
        "comment_": "NO GNAF POINT",
        "facility_lat": "-31.70769999999993",
        "facility_long": "128.87400000000002",
        "validated": null,
        "gnaf_building_name": null,
        "gnaf_address_detail_pid": null,
        "gnaf_formatted_address": null,
        "gnaf_confidence": null,
        "gnaf_postcode": null,
        "gnaf_suburb": null,
        "distance_to_gnaf": null,
        "gnaf_lat": null,
        "gnaf_long": null
      },
      "geometry": {
        "type": "Point",
        "coordinates": [
          128.87400882225305,
          -31.70768624426057
        ]
      }
    },
    {
      "type": "Feature",
      "properties": {
        "objectid": 1047,
        "featuretype": "EMERGENCY FACILITY",
        "descripton": "An emergency management facility from which a particular agency\u2019s resources are commanded, coordinated and assigned to an incident or emergency",
        "class": "AMBULANCE STATION",
        "facility_name": "LEEMAN",
        "facility_operationalstatus": "OPERATIONAL",
        "facility_address": null,
        "abs_suburb": "LEEMAN",
        "facility_state": "WESTERN AUSTRALIA",
        "abs_postcode": "6514",
        "facility_attribute_source": "WA ST JOHN AMBULANCE",
        "facility_attribute_date": null,
        "facility_source": "WA ST JOHN AMBULANCE",
        "facility_date": null,
        "facility_spatial_confidence": null,
        "facility_revised": "2018-11-21T00:00:00Z",
        "comment_": null,
        "facility_lat": "-29.93969999999996",
        "facility_long": "114.98000000000002",
        "validated": null,
        "gnaf_building_name": null,
        "gnaf_address_detail_pid": "GAWA_146979954",
        "gnaf_formatted_address": "75 NAIRN STREET",
        "gnaf_confidence": "1",
        "gnaf_postcode": "6514",
        "gnaf_suburb": "LEEMAN",
        "distance_to_gnaf": 13,
        "gnaf_lat": "-29.939719999999966",
        "gnaf_long": "114.97987"
      },
      "geometry": {
        "type": "Point",
        "coordinates": [
          114.9800106712109,
          -29.939686647346385
        ]
      }
    },
    {
      "type": "Feature",
      "properties": {
        "objectid": 1048,
        "featuretype": "EMERGENCY FACILITY",
        "descripton": "An emergency management facility from which a particular agency\u2019s resources are commanded, coordinated and assigned to an incident or emergency",
        "class": "AMBULANCE STATION",
        "facility_name": "LEONORA",
        "facility_operationalstatus": "OPERATIONAL",
        "facility_address": "TOWER STREET",
        "abs_suburb": "LEONORA",
        "facility_state": "WESTERN AUSTRALIA",
        "abs_postcode": "6438",
        "facility_attribute_source": "WA ST JOHN AMBULANCE",
        "facility_attribute_date": null,
        "facility_source": "WA ST JOHN AMBULANCE",
        "facility_date": null,
        "facility_spatial_confidence": null,
        "facility_revised": "2018-11-21T00:00:00Z",
        "comment_": null,
        "facility_lat": "-28.88458829999996",
        "facility_long": "121.33122690000005",
        "validated": null,
        "gnaf_building_name": null,
        "gnaf_address_detail_pid": "GAWA_147361429",
        "gnaf_formatted_address": "55 TOWER STREET",
        "gnaf_confidence": "0",
        "gnaf_postcode": "6438",
        "gnaf_suburb": "LEONORA",
        "distance_to_gnaf": 3,
        "gnaf_lat": "-28.884589999999946",
        "gnaf_long": "121.33126000000004"
      },
      "geometry": {
        "type": "Point",
        "coordinates": [
          121.33123668597611,
          -28.884574650796985
        ]
      }
    },
    {
      "type": "Feature",
      "properties": {
        "objectid": 1049,
        "featuretype": "EMERGENCY FACILITY",
        "descripton": "An emergency management facility from which a particular agency\u2019s resources are commanded, coordinated and assigned to an incident or emergency",
        "class": "AMBULANCE STATION",
        "facility_name": "FORTESCUE",
        "facility_operationalstatus": "OPERATIONAL",
        "facility_address": "WEST COASTAL HIGHWAY",
        "abs_suburb": "MARDIE",
        "facility_state": "WESTERN AUSTRALIA",
        "abs_postcode": "6714",
        "facility_attribute_source": "WA ST JOHN AMBULANCE",
        "facility_attribute_date": null,
        "facility_source": "WA ST JOHN AMBULANCE",
        "facility_date": null,
        "facility_spatial_confidence": null,
        "facility_revised": "2018-11-21T00:00:00Z",
        "comment_": null,
        "facility_lat": "-21.29448999999994",
        "facility_long": "116.13826000000006",
        "validated": null,
        "gnaf_building_name": null,
        "gnaf_address_detail_pid": "GAWA_720242955",
        "gnaf_formatted_address": "16295 NORTH WEST COASTAL HIGHWAY",
        "gnaf_confidence": "0",
        "gnaf_postcode": "6714",
        "gnaf_suburb": "MARDIE",
        "distance_to_gnaf": 96,
        "gnaf_lat": "-21.294930059999956",
        "gnaf_long": "116.13746708000008"
      },
      "geometry": {
        "type": "Point",
        "coordinates": [
          116.13826994010525,
          -21.294476538565885
        ]
      }
    },
    {
      "type": "Feature",
      "properties": {
        "objectid": 1050,
        "featuretype": "EMERGENCY FACILITY",
        "descripton": "An emergency management facility from which a particular agency\u2019s resources are commanded, coordinated and assigned to an incident or emergency",
        "class": "AMBULANCE STATION",
        "facility_name": "MARGARET RIVER",
        "facility_operationalstatus": "OPERATIONAL",
        "facility_address": "32 TUNBRIDGE STREET",
        "abs_suburb": "MARGARET RIVER",
        "facility_state": "WESTERN AUSTRALIA",
        "abs_postcode": "6285",
        "facility_attribute_source": "WA ST JOHN AMBULANCE",
        "facility_attribute_date": null,
        "facility_source": "WA ST JOHN AMBULANCE",
        "facility_date": null,
        "facility_spatial_confidence": null,
        "facility_revised": "2018-11-21T00:00:00Z",
        "comment_": null,
        "facility_lat": "-33.95044839999997",
        "facility_long": "115.06969740000011",
        "validated": null,
        "gnaf_building_name": null,
        "gnaf_address_detail_pid": "GAWA_149088133",
        "gnaf_formatted_address": "32 TUNBRIDGE STREET",
        "gnaf_confidence": "2",
        "gnaf_postcode": "6285",
        "gnaf_suburb": "MARGARET RIVER",
        "distance_to_gnaf": 4,
        "gnaf_lat": "-33.95042760999996",
        "gnaf_long": "115.06973688000005"
      },
      "geometry": {
        "type": "Point",
        "coordinates": [
          115.06970838240272,
          -33.95043505928635
        ]
      }
    },
    {
      "type": "Feature",
      "properties": {
        "objectid": 1056,
        "featuretype": "EMERGENCY FACILITY",
        "descripton": "An emergency management facility from which a particular agency\u2019s resources are commanded, coordinated and assigned to an incident or emergency",
        "class": "AMBULANCE STATION",
        "facility_name": "FITZROY CROSSING",
        "facility_operationalstatus": "OPERATIONAL",
        "facility_address": null,
        "abs_suburb": "FITZROY CROSSING",
        "facility_state": "WESTERN AUSTRALIA",
        "abs_postcode": "6765",
        "facility_attribute_source": "WA ST JOHN AMBULANCE",
        "facility_attribute_date": null,
        "facility_source": "WA ST JOHN AMBULANCE",
        "facility_date": null,
        "facility_spatial_confidence": null,
        "facility_revised": "2018-11-21T00:00:00Z",
        "comment_": "NO GNAF POINT",
        "facility_lat": "-18.19059999999996",
        "facility_long": "125.5630000000001",
        "validated": null,
        "gnaf_building_name": null,
        "gnaf_address_detail_pid": null,
        "gnaf_formatted_address": null,
        "gnaf_confidence": null,
        "gnaf_postcode": null,
        "gnaf_suburb": null,
        "distance_to_gnaf": null,
        "gnaf_lat": null,
        "gnaf_long": null
      },
      "geometry": {
        "type": "Point",
        "coordinates": [
          125.56300905570768,
          -18.190586183998672
        ]
      }
    },
    {
      "type": "Feature",
      "properties": {
        "objectid": 1057,
        "featuretype": "EMERGENCY FACILITY",
        "descripton": "An emergency management facility from which a particular agency\u2019s resources are commanded, coordinated and assigned to an incident or emergency",
        "class": "AMBULANCE STATION",
        "facility_name": "GAIRDNER RIVER",
        "facility_operationalstatus": "OPERATIONAL",
        "facility_address": "GAIRDNER SOUTH ROAD",
        "abs_suburb": "GAIRDNER",
        "facility_state": "WESTERN AUSTRALIA",
        "abs_postcode": "6337",
        "facility_attribute_source": "WA ST JOHN AMBULANCE",
        "facility_attribute_date": null,
        "facility_source": "WA ST JOHN AMBULANCE",
        "facility_date": null,
        "facility_spatial_confidence": null,
        "facility_revised": "2018-11-21T00:00:00Z",
        "comment_": "NO GNAF POINT",
        "facility_lat": "-34.21246473399998",
        "facility_long": "118.93734185100004",
        "validated": null,
        "gnaf_building_name": null,
        "gnaf_address_detail_pid": null,
        "gnaf_formatted_address": null,
        "gnaf_confidence": null,
        "gnaf_postcode": null,
        "gnaf_suburb": null,
        "distance_to_gnaf": null,
        "gnaf_lat": null,
        "gnaf_long": null
      },
      "geometry": {
        "type": "Point",
        "coordinates": [
          118.93735224937059,
          -34.212451200496496
        ]
      }
    },
    {
      "type": "Feature",
      "properties": {
        "objectid": 1058,
        "featuretype": "EMERGENCY FACILITY",
        "descripton": "An emergency management facility from which a particular agency\u2019s resources are commanded, coordinated and assigned to an incident or emergency",
        "class": "AMBULANCE STATION",
        "facility_name": "GREEN HEAD",
        "facility_operationalstatus": "OPERATIONAL",
        "facility_address": null,
        "abs_suburb": "GREEN HEAD",
        "facility_state": "WESTERN AUSTRALIA",
        "abs_postcode": "6514",
        "facility_attribute_source": "WA ST JOHN AMBULANCE",
        "facility_attribute_date": null,
        "facility_source": "WA ST JOHN AMBULANCE",
        "facility_date": null,
        "facility_spatial_confidence": null,
        "facility_revised": "2018-11-21T00:00:00Z",
        "comment_": "NO GNAF POINT",
        "facility_lat": "-30.065549999999973",
        "facility_long": "114.98520000000008",
        "validated": null,
        "gnaf_building_name": null,
        "gnaf_address_detail_pid": null,
        "gnaf_formatted_address": null,
        "gnaf_confidence": null,
        "gnaf_postcode": null,
        "gnaf_suburb": null,
        "distance_to_gnaf": null,
        "gnaf_lat": null,
        "gnaf_long": null
      },
      "geometry": {
        "type": "Point",
        "coordinates": [
          114.98521068034786,
          -30.06553664760178
        ]
      }
    },
    {
      "type": "Feature",
      "properties": {
        "objectid": 1059,
        "featuretype": "EMERGENCY FACILITY",
        "descripton": "An emergency management facility from which a particular agency\u2019s resources are commanded, coordinated and assigned to an incident or emergency",
        "class": "AMBULANCE STATION",
        "facility_name": "HALLS CREEK",
        "facility_operationalstatus": "OPERATIONAL",
        "facility_address": null,
        "abs_suburb": "HALLS CREEK",
        "facility_state": "WESTERN AUSTRALIA",
        "abs_postcode": "6770",
        "facility_attribute_source": "WA ST JOHN AMBULANCE",
        "facility_attribute_date": null,
        "facility_source": "WA ST JOHN AMBULANCE",
        "facility_date": null,
        "facility_spatial_confidence": null,
        "facility_revised": "2018-11-21T00:00:00Z",
        "comment_": "NO GNAF POINT",
        "facility_lat": "-18.22559999999993",
        "facility_long": "127.67000000000007",
        "validated": null,
        "gnaf_building_name": null,
        "gnaf_address_detail_pid": null,
        "gnaf_formatted_address": null,
        "gnaf_confidence": null,
        "gnaf_postcode": null,
        "gnaf_suburb": null,
        "distance_to_gnaf": null,
        "gnaf_lat": null,
        "gnaf_long": null
      },
      "geometry": {
        "type": "Point",
        "coordinates": [
          127.67000890099786,
          -18.225586160873032
        ]
      }
    },
    {
      "type": "Feature",
      "properties": {
        "objectid": 1060,
        "featuretype": "EMERGENCY FACILITY",
        "descripton": "An emergency management facility from which a particular agency\u2019s resources are commanded, coordinated and assigned to an incident or emergency",
        "class": "AMBULANCE STATION",
        "facility_name": "HOPETOUN",
        "facility_operationalstatus": "OPERATIONAL",
        "facility_address": "LOT 728 - 48 VEAL STREET",
        "abs_suburb": "HOPETOUN",
        "facility_state": "WESTERN AUSTRALIA",
        "abs_postcode": "6348",
        "facility_attribute_source": "WA ST JOHN AMBULANCE",
        "facility_attribute_date": null,
        "facility_source": "WA ST JOHN AMBULANCE",
        "facility_date": null,
        "facility_spatial_confidence": null,
        "facility_revised": "2018-11-21T00:00:00Z",
        "comment_": "NO GNAF POINT",
        "facility_lat": "-33.94629999999995",
        "facility_long": "120.12600000000009",
        "validated": null,
        "gnaf_building_name": null,
        "gnaf_address_detail_pid": null,
        "gnaf_formatted_address": null,
        "gnaf_confidence": null,
        "gnaf_postcode": null,
        "gnaf_suburb": null,
        "distance_to_gnaf": null,
        "gnaf_lat": null,
        "gnaf_long": null
      },
      "geometry": {
        "type": "Point",
        "coordinates": [
          120.12601019659854,
          -33.94628641829202
        ]
      }
    },
    {
      "type": "Feature",
      "properties": {
        "objectid": 1061,
        "featuretype": "EMERGENCY FACILITY",
        "descripton": "An emergency management facility from which a particular agency\u2019s resources are commanded, coordinated and assigned to an incident or emergency",
        "class": "AMBULANCE STATION",
        "facility_name": "HORROCKS",
        "facility_operationalstatus": "OPERATIONAL",
        "facility_address": "MITCHELL STREET",
        "abs_suburb": "HORROCKS",
        "facility_state": "WESTERN AUSTRALIA",
        "abs_postcode": "6535",
        "facility_attribute_source": "WA ST JOHN AMBULANCE",
        "facility_attribute_date": null,
        "facility_source": "WA ST JOHN AMBULANCE",
        "facility_date": null,
        "facility_spatial_confidence": null,
        "facility_revised": "2018-11-21T00:00:00Z",
        "comment_": "NO GNAF POINT",
        "facility_lat": "-28.381190999999944",
        "facility_long": "114.43074800000011",
        "validated": null,
        "gnaf_building_name": null,
        "gnaf_address_detail_pid": null,
        "gnaf_formatted_address": null,
        "gnaf_confidence": null,
        "gnaf_postcode": null,
        "gnaf_suburb": null,
        "distance_to_gnaf": null,
        "gnaf_lat": null,
        "gnaf_long": null
      },
      "geometry": {
        "type": "Point",
        "coordinates": [
          114.43075861869457,
          -28.381177673483283
        ]
      }
    },
    {
      "type": "Feature",
      "properties": {
        "objectid": 1062,
        "featuretype": "EMERGENCY FACILITY",
        "descripton": "An emergency management facility from which a particular agency\u2019s resources are commanded, coordinated and assigned to an incident or emergency",
        "class": "AMBULANCE STATION",
        "facility_name": "JIGALONG",
        "facility_operationalstatus": "OPERATIONAL",
        "facility_address": null,
        "abs_suburb": "JIGALONG",
        "facility_state": "WESTERN AUSTRALIA",
        "abs_postcode": "6753",
        "facility_attribute_source": "WA ST JOHN AMBULANCE",
        "facility_attribute_date": null,
        "facility_source": "WA ST JOHN AMBULANCE",
        "facility_date": null,
        "facility_spatial_confidence": null,
        "facility_revised": "2018-11-21T00:00:00Z",
        "comment_": "NO GNAF POINT",
        "facility_lat": "-23.359797999999955",
        "facility_long": "120.78148800000008",
        "validated": null,
        "gnaf_building_name": null,
        "gnaf_address_detail_pid": null,
        "gnaf_formatted_address": null,
        "gnaf_confidence": null,
        "gnaf_postcode": null,
        "gnaf_suburb": null,
        "distance_to_gnaf": null,
        "gnaf_lat": null,
        "gnaf_long": null
      },
      "geometry": {
        "type": "Point",
        "coordinates": [
          120.78149761718062,
          -23.359784338640058
        ]
      }
    },
    {
      "type": "Feature",
      "properties": {
        "objectid": 1063,
        "featuretype": "EMERGENCY FACILITY",
        "descripton": "An emergency management facility from which a particular agency\u2019s resources are commanded, coordinated and assigned to an incident or emergency",
        "class": "AMBULANCE STATION",
        "facility_name": "KALANNIE",
        "facility_operationalstatus": "OPERATIONAL",
        "facility_address": "LOCKE STREET",
        "abs_suburb": "KALANNIE",
        "facility_state": "WESTERN AUSTRALIA",
        "abs_postcode": "6468",
        "facility_attribute_source": "WA ST JOHN AMBULANCE",
        "facility_attribute_date": null,
        "facility_source": "WA ST JOHN AMBULANCE",
        "facility_date": null,
        "facility_spatial_confidence": null,
        "facility_revised": "2018-11-21T00:00:00Z",
        "comment_": "NO GNAF POINT",
        "facility_lat": "-30.360999999999933",
        "facility_long": "117.1160000000001",
        "validated": null,
        "gnaf_building_name": null,
        "gnaf_address_detail_pid": null,
        "gnaf_formatted_address": null,
        "gnaf_confidence": null,
        "gnaf_postcode": null,
        "gnaf_suburb": null,
        "distance_to_gnaf": null,
        "gnaf_lat": null,
        "gnaf_long": null
      },
      "geometry": {
        "type": "Point",
        "coordinates": [
          117.11601041809347,
          -30.360986532556414
        ]
      }
    },
    {
      "type": "Feature",
      "properties": {
        "objectid": 1064,
        "featuretype": "EMERGENCY FACILITY",
        "descripton": "An emergency management facility from which a particular agency\u2019s resources are commanded, coordinated and assigned to an incident or emergency",
        "class": "AMBULANCE STATION",
        "facility_name": "KALUMBURU",
        "facility_operationalstatus": "OPERATIONAL",
        "facility_address": null,
        "abs_suburb": "KALUMBURU",
        "facility_state": "WESTERN AUSTRALIA",
        "abs_postcode": "6740",
        "facility_attribute_source": "WA ST JOHN AMBULANCE",
        "facility_attribute_date": null,
        "facility_source": "WA ST JOHN AMBULANCE",
        "facility_date": null,
        "facility_spatial_confidence": null,
        "facility_revised": "2018-11-21T00:00:00Z",
        "comment_": "NO GNAF POINT",
        "facility_lat": "-14.288059999999973",
        "facility_long": "126.63110000000006",
        "validated": null,
        "gnaf_building_name": null,
        "gnaf_address_detail_pid": null,
        "gnaf_formatted_address": null,
        "gnaf_confidence": null,
        "gnaf_postcode": null,
        "gnaf_suburb": null,
        "distance_to_gnaf": null,
        "gnaf_lat": null,
        "gnaf_long": null
      },
      "geometry": {
        "type": "Point",
        "coordinates": [
          126.63110893006198,
          -14.288046142874755
        ]
      }
    },
    {
      "type": "Feature",
      "properties": {
        "objectid": 1065,
        "featuretype": "EMERGENCY FACILITY",
        "descripton": "An emergency management facility from which a particular agency\u2019s resources are commanded, coordinated and assigned to an incident or emergency",
        "class": "AMBULANCE STATION",
        "facility_name": "KUKERIN",
        "facility_operationalstatus": "OPERATIONAL",
        "facility_address": "STUBBS STREET",
        "abs_suburb": "KUKERIN",
        "facility_state": "WESTERN AUSTRALIA",
        "abs_postcode": "6352",
        "facility_attribute_source": "WA ST JOHN AMBULANCE",
        "facility_attribute_date": null,
        "facility_source": "WA ST JOHN AMBULANCE",
        "facility_date": null,
        "facility_spatial_confidence": null,
        "facility_revised": "2018-11-21T00:00:00Z",
        "comment_": "NO GNAF POINT",
        "facility_lat": "-33.18657756199997",
        "facility_long": "118.0837920990001",
        "validated": null,
        "gnaf_building_name": null,
        "gnaf_address_detail_pid": null,
        "gnaf_formatted_address": null,
        "gnaf_confidence": null,
        "gnaf_postcode": null,
        "gnaf_suburb": null,
        "distance_to_gnaf": null,
        "gnaf_lat": null,
        "gnaf_long": null
      },
      "geometry": {
        "type": "Point",
        "coordinates": [
          118.08380256465573,
          -33.18656406127261
        ]
      }
    },
    {
      "type": "Feature",
      "properties": {
        "objectid": 1071,
        "featuretype": "EMERGENCY FACILITY",
        "descripton": "An emergency management facility from which a particular agency\u2019s resources are commanded, coordinated and assigned to an incident or emergency",
        "class": "AMBULANCE STATION",
        "facility_name": "MARVEL LOCH",
        "facility_operationalstatus": "OPERATIONAL",
        "facility_address": "ARGENT STREET",
        "abs_suburb": "MARVEL LOCH",
        "facility_state": "WESTERN AUSTRALIA",
        "abs_postcode": "6426",
        "facility_attribute_source": "WA ST JOHN AMBULANCE",
        "facility_attribute_date": null,
        "facility_source": "WA ST JOHN AMBULANCE",
        "facility_date": null,
        "facility_spatial_confidence": null,
        "facility_revised": "2018-11-21T00:00:00Z",
        "comment_": null,
        "facility_lat": "-31.466799999999978",
        "facility_long": "119.49000000000001",
        "validated": null,
        "gnaf_building_name": null,
        "gnaf_address_detail_pid": "GAWA_147038172",
        "gnaf_formatted_address": "14 ARGENT STREET",
        "gnaf_confidence": "1",
        "gnaf_postcode": "6426",
        "gnaf_suburb": "MARVEL LOCH",
        "distance_to_gnaf": 36,
        "gnaf_lat": "-31.466479999999933",
        "gnaf_long": "119.49006000000008"
      },
      "geometry": {
        "type": "Point",
        "coordinates": [
          119.49001015767499,
          -31.466786430852686
        ]
      }
    },
    {
      "type": "Feature",
      "properties": {
        "objectid": 1072,
        "featuretype": "EMERGENCY FACILITY",
        "descripton": "An emergency management facility from which a particular agency\u2019s resources are commanded, coordinated and assigned to an incident or emergency",
        "class": "AMBULANCE STATION",
        "facility_name": "MEEKATHARRA",
        "facility_operationalstatus": "OPERATIONAL",
        "facility_address": "HILL STREET",
        "abs_suburb": "MEEKATHARRA",
        "facility_state": "WESTERN AUSTRALIA",
        "abs_postcode": "6642",
        "facility_attribute_source": "WA ST JOHN AMBULANCE",
        "facility_attribute_date": null,
        "facility_source": "WA ST JOHN AMBULANCE",
        "facility_date": null,
        "facility_spatial_confidence": null,
        "facility_revised": "2018-11-21T00:00:00Z",
        "comment_": null,
        "facility_lat": "-26.592218699999933",
        "facility_long": "118.4978274",
        "validated": null,
        "gnaf_building_name": null,
        "gnaf_address_detail_pid": "GAWA_163079708",
        "gnaf_formatted_address": "69 HILL STREET",
        "gnaf_confidence": "2",
        "gnaf_postcode": "6642",
        "gnaf_suburb": "MEEKATHARRA",
        "distance_to_gnaf": 0,
        "gnaf_lat": "-26.592218659999958",
        "gnaf_long": "118.49782743000003"
      },
      "geometry": {
        "type": "Point",
        "coordinates": [
          118.49783741675002,
          -26.592205148178824
        ]
      }
    },
    {
      "type": "Feature",
      "properties": {
        "objectid": 1073,
        "featuretype": "EMERGENCY FACILITY",
        "descripton": "An emergency management facility from which a particular agency\u2019s resources are commanded, coordinated and assigned to an incident or emergency",
        "class": "AMBULANCE STATION",
        "facility_name": "MENZIES",
        "facility_operationalstatus": "OPERATIONAL",
        "facility_address": "ARCHIBALD STREET",
        "abs_suburb": "MENZIES",
        "facility_state": "WESTERN AUSTRALIA",
        "abs_postcode": "6436",
        "facility_attribute_source": "WA ST JOHN AMBULANCE",
        "facility_attribute_date": null,
        "facility_source": "WA ST JOHN AMBULANCE",
        "facility_date": null,
        "facility_spatial_confidence": null,
        "facility_revised": "2018-11-21T00:00:00Z",
        "comment_": null,
        "facility_lat": "-29.68910999999997",
        "facility_long": "121.02586000000008",
        "validated": null,
        "gnaf_building_name": null,
        "gnaf_address_detail_pid": "GAWA_147100369",
        "gnaf_formatted_address": "50 ARCHIBALD STREET",
        "gnaf_confidence": "1",
        "gnaf_postcode": "6436",
        "gnaf_suburb": "MENZIES",
        "distance_to_gnaf": 0,
        "gnaf_lat": "-29.68910999999997",
        "gnaf_long": "121.02586000000008"
      },
      "geometry": {
        "type": "Point",
        "coordinates": [
          121.02586986022332,
          -29.68909636519177
        ]
      }
    },
    {
      "type": "Feature",
      "properties": {
        "objectid": 1074,
        "featuretype": "EMERGENCY FACILITY",
        "descripton": "An emergency management facility from which a particular agency\u2019s resources are commanded, coordinated and assigned to an incident or emergency",
        "class": "AMBULANCE STATION",
        "facility_name": "MERREDIN",
        "facility_operationalstatus": "OPERATIONAL",
        "facility_address": "CNR QUEEN & MITCHELL STREETS",
        "abs_suburb": "MERREDIN",
        "facility_state": "WESTERN AUSTRALIA",
        "abs_postcode": "6415",
        "facility_attribute_source": "WA ST JOHN AMBULANCE",
        "facility_attribute_date": null,
        "facility_source": "WA ST JOHN AMBULANCE",
        "facility_date": null,
        "facility_spatial_confidence": null,
        "facility_revised": "2018-11-21T00:00:00Z",
        "comment_": null,
        "facility_lat": "-31.48064359999995",
        "facility_long": "118.28114310000001",
        "validated": null,
        "gnaf_building_name": null,
        "gnaf_address_detail_pid": "GAWA_147018068",
        "gnaf_formatted_address": "28 MITCHELL STREET",
        "gnaf_confidence": "1",
        "gnaf_postcode": "6415",
        "gnaf_suburb": "MERREDIN",
        "distance_to_gnaf": 14,
        "gnaf_lat": "-31.480519999999956",
        "gnaf_long": "118.28111000000001"
      },
      "geometry": {
        "type": "Point",
        "coordinates": [
          118.28115342932078,
          -31.480630082367096
        ]
      }
    },
    {
      "type": "Feature",
      "properties": {
        "objectid": 1075,
        "featuretype": "EMERGENCY FACILITY",
        "descripton": "An emergency management facility from which a particular agency\u2019s resources are commanded, coordinated and assigned to an incident or emergency",
        "class": "AMBULANCE STATION",
        "facility_name": "LAKE KING",
        "facility_operationalstatus": "OPERATIONAL",
        "facility_address": "THE CROSSING",
        "abs_suburb": "LAKE KING",
        "facility_state": "WESTERN AUSTRALIA",
        "abs_postcode": "6356",
        "facility_attribute_source": "WA ST JOHN AMBULANCE",
        "facility_attribute_date": null,
        "facility_source": "WA ST JOHN AMBULANCE",
        "facility_date": null,
        "facility_spatial_confidence": null,
        "facility_revised": "2018-11-21T00:00:00Z",
        "comment_": "NO GNAF POINT",
        "facility_lat": "-33.08599669999995",
        "facility_long": "119.68901163600003",
        "validated": null,
        "gnaf_building_name": null,
        "gnaf_address_detail_pid": null,
        "gnaf_formatted_address": null,
        "gnaf_confidence": null,
        "gnaf_postcode": null,
        "gnaf_suburb": null,
        "distance_to_gnaf": null,
        "gnaf_lat": null,
        "gnaf_long": null
      },
      "geometry": {
        "type": "Point",
        "coordinates": [
          119.68902185317093,
          -33.08598313082046
        ]
      }
    },
    {
      "type": "Feature",
      "properties": {
        "objectid": 1076,
        "featuretype": "EMERGENCY FACILITY",
        "descripton": "An emergency management facility from which a particular agency\u2019s resources are commanded, coordinated and assigned to an incident or emergency",
        "class": "AMBULANCE STATION",
        "facility_name": "LEDGE POINT",
        "facility_operationalstatus": "OPERATIONAL",
        "facility_address": "JONES STREET",
        "abs_suburb": "LEDGE POINT",
        "facility_state": "WESTERN AUSTRALIA",
        "abs_postcode": "6043",
        "facility_attribute_source": "WA ST JOHN AMBULANCE",
        "facility_attribute_date": null,
        "facility_source": "WA ST JOHN AMBULANCE",
        "facility_date": null,
        "facility_spatial_confidence": null,
        "facility_revised": "2018-11-21T00:00:00Z",
        "comment_": "NO GNAF POINT",
        "facility_lat": "-31.10714475499998",
        "facility_long": "115.37579076300005",
        "validated": null,
        "gnaf_building_name": null,
        "gnaf_address_detail_pid": null,
        "gnaf_formatted_address": null,
        "gnaf_confidence": null,
        "gnaf_postcode": null,
        "gnaf_suburb": null,
        "distance_to_gnaf": null,
        "gnaf_lat": null,
        "gnaf_long": null
      },
      "geometry": {
        "type": "Point",
        "coordinates": [
          115.3758014717006,
          -31.10713138449269
        ]
      }
    },
    {
      "type": "Feature",
      "properties": {
        "objectid": 1077,
        "featuretype": "EMERGENCY FACILITY",
        "descripton": "An emergency management facility from which a particular agency\u2019s resources are commanded, coordinated and assigned to an incident or emergency",
        "class": "AMBULANCE STATION",
        "facility_name": "LEINSTER",
        "facility_operationalstatus": "OPERATIONAL",
        "facility_address": "LINK ROAD",
        "abs_suburb": "LEINSTER",
        "facility_state": "WESTERN AUSTRALIA",
        "abs_postcode": "6437",
        "facility_attribute_source": "WA ST JOHN AMBULANCE",
        "facility_attribute_date": null,
        "facility_source": "WA ST JOHN AMBULANCE",
        "facility_date": null,
        "facility_spatial_confidence": null,
        "facility_revised": "2018-11-21T00:00:00Z",
        "comment_": "NO GNAF POINT",
        "facility_lat": "-27.914199999999937",
        "facility_long": "120.69800000000009",
        "validated": null,
        "gnaf_building_name": null,
        "gnaf_address_detail_pid": null,
        "gnaf_formatted_address": null,
        "gnaf_confidence": null,
        "gnaf_postcode": null,
        "gnaf_suburb": null,
        "distance_to_gnaf": null,
        "gnaf_lat": null,
        "gnaf_long": null
      },
      "geometry": {
        "type": "Point",
        "coordinates": [
          120.69800982286823,
          -27.914186367043953
        ]
      }
    },
    {
      "type": "Feature",
      "properties": {
        "objectid": 1078,
        "featuretype": "EMERGENCY FACILITY",
        "descripton": "An emergency management facility from which a particular agency\u2019s resources are commanded, coordinated and assigned to an incident or emergency",
        "class": "AMBULANCE STATION",
        "facility_name": "MANJIMUP",
        "facility_operationalstatus": "OPERATIONAL",
        "facility_address": "HOSPITAL AVENUE",
        "abs_suburb": "MANJIMUP",
        "facility_state": "WESTERN AUSTRALIA",
        "abs_postcode": "6258",
        "facility_attribute_source": "WA ST JOHN AMBULANCE",
        "facility_attribute_date": null,
        "facility_source": "WA ST JOHN AMBULANCE",
        "facility_date": null,
        "facility_spatial_confidence": null,
        "facility_revised": "2018-11-21T00:00:00Z",
        "comment_": "NO GNAF POINT",
        "facility_lat": "-34.24299999999994",
        "facility_long": "116.1450000000001",
        "validated": null,
        "gnaf_building_name": null,
        "gnaf_address_detail_pid": null,
        "gnaf_formatted_address": null,
        "gnaf_confidence": null,
        "gnaf_postcode": null,
        "gnaf_suburb": null,
        "distance_to_gnaf": null,
        "gnaf_lat": null,
        "gnaf_long": null
      },
      "geometry": {
        "type": "Point",
        "coordinates": [
          116.14501083904685,
          -34.24298660030669
        ]
      }
    },
    {
      "type": "Feature",
      "properties": {
        "objectid": 1079,
        "featuretype": "EMERGENCY FACILITY",
        "descripton": "An emergency management facility from which a particular agency\u2019s resources are commanded, coordinated and assigned to an incident or emergency",
        "class": "AMBULANCE STATION",
        "facility_name": "MARBLE BAR",
        "facility_operationalstatus": "OPERATIONAL",
        "facility_address": null,
        "abs_suburb": "MARBLE BAR",
        "facility_state": "WESTERN AUSTRALIA",
        "abs_postcode": "6760",
        "facility_attribute_source": "WA ST JOHN AMBULANCE",
        "facility_attribute_date": null,
        "facility_source": "WA ST JOHN AMBULANCE",
        "facility_date": null,
        "facility_spatial_confidence": null,
        "facility_revised": "2018-11-21T00:00:00Z",
        "comment_": "NO GNAF POINT",
        "facility_lat": "-21.165359999999964",
        "facility_long": "119.82244000000003",
        "validated": null,
        "gnaf_building_name": null,
        "gnaf_address_detail_pid": null,
        "gnaf_formatted_address": null,
        "gnaf_confidence": null,
        "gnaf_postcode": null,
        "gnaf_suburb": null,
        "distance_to_gnaf": null,
        "gnaf_lat": null,
        "gnaf_long": null
      },
      "geometry": {
        "type": "Point",
        "coordinates": [
          119.8224496108025,
          -21.16534636212098
        ]
      }
    },
    {
      "type": "Feature",
      "properties": {
        "objectid": 1080,
        "featuretype": "EMERGENCY FACILITY",
        "descripton": "An emergency management facility from which a particular agency\u2019s resources are commanded, coordinated and assigned to an incident or emergency",
        "class": "AMBULANCE STATION",
        "facility_name": "MINGENEW",
        "facility_operationalstatus": "OPERATIONAL",
        "facility_address": "LOT 131 PHILLIP STREET",
        "abs_suburb": "MINGENEW",
        "facility_state": "WESTERN AUSTRALIA",
        "abs_postcode": "6522",
        "facility_attribute_source": "WA ST JOHN AMBULANCE",
        "facility_attribute_date": null,
        "facility_source": "WA ST JOHN AMBULANCE",
        "facility_date": null,
        "facility_spatial_confidence": null,
        "facility_revised": "2018-11-21T00:00:00Z",
        "comment_": "NO GNAF POINT",
        "facility_lat": "-29.19399999999996",
        "facility_long": "115.44000000000005",
        "validated": null,
        "gnaf_building_name": null,
        "gnaf_address_detail_pid": null,
        "gnaf_formatted_address": null,
        "gnaf_confidence": null,
        "gnaf_postcode": null,
        "gnaf_suburb": null,
        "distance_to_gnaf": null,
        "gnaf_lat": null,
        "gnaf_long": null
      },
      "geometry": {
        "type": "Point",
        "coordinates": [
          115.44001055496092,
          -29.193986617175288
        ]
      }
    },
    {
      "type": "Feature",
      "properties": {
        "objectid": 1081,
        "featuretype": "EMERGENCY FACILITY",
        "descripton": "An emergency management facility from which a particular agency\u2019s resources are commanded, coordinated and assigned to an incident or emergency",
        "class": "AMBULANCE STATION",
        "facility_name": "MT MAGNET",
        "facility_operationalstatus": "OPERATIONAL",
        "facility_address": null,
        "abs_suburb": "MOUNT MAGNET",
        "facility_state": "WESTERN AUSTRALIA",
        "abs_postcode": "6638",
        "facility_attribute_source": "WA ST JOHN AMBULANCE",
        "facility_attribute_date": null,
        "facility_source": "WA ST JOHN AMBULANCE",
        "facility_date": null,
        "facility_spatial_confidence": null,
        "facility_revised": "2018-11-21T00:00:00Z",
        "comment_": "NO GNAF POINT",
        "facility_lat": "-28.060799999999972",
        "facility_long": "117.84500000000003",
        "validated": null,
        "gnaf_building_name": null,
        "gnaf_address_detail_pid": null,
        "gnaf_formatted_address": null,
        "gnaf_confidence": null,
        "gnaf_postcode": null,
        "gnaf_suburb": null,
        "distance_to_gnaf": null,
        "gnaf_lat": null,
        "gnaf_long": null
      },
      "geometry": {
        "type": "Point",
        "coordinates": [
          117.84501017884122,
          -28.060786485800865
        ]
      }
    },
    {
      "type": "Feature",
      "properties": {
        "objectid": 1082,
        "featuretype": "EMERGENCY FACILITY",
        "descripton": "An emergency management facility from which a particular agency\u2019s resources are commanded, coordinated and assigned to an incident or emergency",
        "class": "AMBULANCE STATION",
        "facility_name": "CHAPMAN VALLEY",
        "facility_operationalstatus": "OPERATIONAL",
        "facility_address": "CHAPMAN VALLEY ROAD",
        "abs_suburb": "NABAWA",
        "facility_state": "WESTERN AUSTRALIA",
        "abs_postcode": "6532",
        "facility_attribute_source": "WA ST JOHN AMBULANCE",
        "facility_attribute_date": null,
        "facility_source": "WA ST JOHN AMBULANCE",
        "facility_date": null,
        "facility_spatial_confidence": null,
        "facility_revised": "2018-11-21T00:00:00Z",
        "comment_": "NO GNAF POINT",
        "facility_lat": "-28.50120009999995",
        "facility_long": "114.78874860000008",
        "validated": null,
        "gnaf_building_name": null,
        "gnaf_address_detail_pid": null,
        "gnaf_formatted_address": null,
        "gnaf_confidence": null,
        "gnaf_postcode": null,
        "gnaf_suburb": null,
        "distance_to_gnaf": null,
        "gnaf_lat": null,
        "gnaf_long": null
      },
      "geometry": {
        "type": "Point",
        "coordinates": [
          114.78875918405983,
          -28.501186752235984
        ]
      }
    },
    {
      "type": "Feature",
      "properties": {
        "objectid": 1084,
        "featuretype": "EMERGENCY FACILITY",
        "descripton": "An emergency management facility from which a particular agency\u2019s resources are commanded, coordinated and assigned to an incident or emergency",
        "class": "AMBULANCE STATION",
        "facility_name": "MILING",
        "facility_operationalstatus": "OPERATIONAL",
        "facility_address": "18226 GREAT NORTHERN HIGHWAY",
        "abs_suburb": "MILING",
        "facility_state": "WESTERN AUSTRALIA",
        "abs_postcode": "6575",
        "facility_attribute_source": "WA ST JOHN AMBULANCE",
        "facility_attribute_date": null,
        "facility_source": "WA ST JOHN AMBULANCE",
        "facility_date": null,
        "facility_spatial_confidence": null,
        "facility_revised": "2018-11-21T00:00:00Z",
        "comment_": null,
        "facility_lat": "-30.49198769999998",
        "facility_long": "116.3624635000001",
        "validated": null,
        "gnaf_building_name": null,
        "gnaf_address_detail_pid": "GAWA_162263511",
        "gnaf_formatted_address": "18226 GREAT NORTHERN HIGHWAY",
        "gnaf_confidence": "2",
        "gnaf_postcode": "6575",
        "gnaf_suburb": "MILING",
        "distance_to_gnaf": 2,
        "gnaf_lat": "-30.49200399999995",
        "gnaf_long": "116.36247600000002"
      },
      "geometry": {
        "type": "Point",
        "coordinates": [
          116.36247402853924,
          -30.491974272140446
        ]
      }
    },
    {
      "type": "Feature",
      "properties": {
        "objectid": 1085,
        "featuretype": "EMERGENCY FACILITY",
        "descripton": "An emergency management facility from which a particular agency\u2019s resources are commanded, coordinated and assigned to an incident or emergency",
        "class": "AMBULANCE STATION",
        "facility_name": "ALBANY",
        "facility_operationalstatus": "OPERATIONAL",
        "facility_address": "240 MIDDLETON ROAD",
        "abs_suburb": "MIRA MAR",
        "facility_state": "WESTERN AUSTRALIA",
        "abs_postcode": "6330",
        "facility_attribute_source": "WA ST JOHN AMBULANCE",
        "facility_attribute_date": null,
        "facility_source": "WA ST JOHN AMBULANCE",
        "facility_date": null,
        "facility_spatial_confidence": null,
        "facility_revised": "2018-11-21T00:00:00Z",
        "comment_": null,
        "facility_lat": "-35.01739879999997",
        "facility_long": "117.89341230000002",
        "validated": null,
        "gnaf_building_name": null,
        "gnaf_address_detail_pid": "GAWA_147140728",
        "gnaf_formatted_address": "240 MIDDLETON ROAD",
        "gnaf_confidence": "1",
        "gnaf_postcode": "6330",
        "gnaf_suburb": "MIRA MAR",
        "distance_to_gnaf": 43,
        "gnaf_lat": "-35.017019999999945",
        "gnaf_long": "117.89353000000006"
      },
      "geometry": {
        "type": "Point",
        "coordinates": [
          117.89342291722475,
          -35.01738531616394
        ]
      }
    },
    {
      "type": "Feature",
      "properties": {
        "objectid": 1086,
        "featuretype": "EMERGENCY FACILITY",
        "descripton": "An emergency management facility from which a particular agency\u2019s resources are commanded, coordinated and assigned to an incident or emergency",
        "class": "AMBULANCE STATION",
        "facility_name": "MOORA",
        "facility_operationalstatus": "OPERATIONAL",
        "facility_address": "44 PADBURY STREET",
        "abs_suburb": "MOORA",
        "facility_state": "WESTERN AUSTRALIA",
        "abs_postcode": "6510",
        "facility_attribute_source": "WA ST JOHN AMBULANCE",
        "facility_attribute_date": null,
        "facility_source": "WA ST JOHN AMBULANCE",
        "facility_date": null,
        "facility_spatial_confidence": null,
        "facility_revised": "2018-11-21T00:00:00Z",
        "comment_": null,
        "facility_lat": "-30.640480956999966",
        "facility_long": "116.00770634700007",
        "validated": null,
        "gnaf_building_name": null,
        "gnaf_address_detail_pid": "GAWA_161031921",
        "gnaf_formatted_address": "46 PADBURY STREET",
        "gnaf_confidence": "1",
        "gnaf_postcode": "6510",
        "gnaf_suburb": "MOORA",
        "distance_to_gnaf": 33,
        "gnaf_lat": "-30.64042999999998",
        "gnaf_long": "116.00737000000004"
      },
      "geometry": {
        "type": "Point",
        "coordinates": [
          116.00771693419652,
          -30.640467548985267
        ]
      }
    },
    {
      "type": "Feature",
      "properties": {
        "objectid": 1087,
        "featuretype": "EMERGENCY FACILITY",
        "descripton": "An emergency management facility from which a particular agency\u2019s resources are commanded, coordinated and assigned to an incident or emergency",
        "class": "AMBULANCE STATION",
        "facility_name": "MORANGUP",
        "facility_operationalstatus": "OPERATIONAL",
        "facility_address": null,
        "abs_suburb": "MORANGUP",
        "facility_state": "WESTERN AUSTRALIA",
        "abs_postcode": "6083",
        "facility_attribute_source": "WA ST JOHN AMBULANCE",
        "facility_attribute_date": null,
        "facility_source": "WA ST JOHN AMBULANCE",
        "facility_date": null,
        "facility_spatial_confidence": null,
        "facility_revised": "2018-11-21T00:00:00Z",
        "comment_": null,
        "facility_lat": "-31.672001776999934",
        "facility_long": "116.29107924300001",
        "validated": null,
        "gnaf_building_name": null,
        "gnaf_address_detail_pid": "GAWA_718949621",
        "gnaf_formatted_address": "LOT 502 WALLABY WAY",
        "gnaf_confidence": "-1",
        "gnaf_postcode": "6083",
        "gnaf_suburb": "MORANGUP",
        "distance_to_gnaf": 12,
        "gnaf_lat": "-31.672107479999966",
        "gnaf_long": "116.29106558000001"
      },
      "geometry": {
        "type": "Point",
        "coordinates": [
          116.29108986641347,
          -31.671988358315108
        ]
      }
    },
    {
      "type": "Feature",
      "properties": {
        "objectid": 1100,
        "featuretype": "EMERGENCY FACILITY",
        "descripton": "An emergency management facility from which a particular agency\u2019s resources are commanded, coordinated and assigned to an incident or emergency",
        "class": "AMBULANCE STATION",
        "facility_name": "CRANBROOK",
        "facility_operationalstatus": "OPERATIONAL",
        "facility_address": "164 GORDON STREET (CNR GORDON & CL",
        "abs_suburb": "CRANBROOK",
        "facility_state": "WESTERN AUSTRALIA",
        "abs_postcode": "6321",
        "facility_attribute_source": "WA ST JOHN AMBULANCE",
        "facility_attribute_date": null,
        "facility_source": "WA ST JOHN AMBULANCE",
        "facility_date": null,
        "facility_spatial_confidence": null,
        "facility_revised": "2018-11-21T00:00:00Z",
        "comment_": null,
        "facility_lat": "-34.29416999999995",
        "facility_long": "117.55432030000009",
        "validated": null,
        "gnaf_building_name": null,
        "gnaf_address_detail_pid": "GAWA_147628664",
        "gnaf_formatted_address": "10 GORDON STREET",
        "gnaf_confidence": "2",
        "gnaf_postcode": "6321",
        "gnaf_suburb": "CRANBROOK",
        "distance_to_gnaf": 12,
        "gnaf_lat": "-34.29409206999998",
        "gnaf_long": "117.55441228000007"
      },
      "geometry": {
        "type": "Point",
        "coordinates": [
          117.5543309215615,
          -34.29415652897704
        ]
      }
    },
    {
      "type": "Feature",
      "properties": {
        "objectid": 1104,
        "featuretype": "EMERGENCY FACILITY",
        "descripton": "An emergency management facility from which a particular agency\u2019s resources are commanded, coordinated and assigned to an incident or emergency",
        "class": "AMBULANCE STATION",
        "facility_name": "AUGUSTA",
        "facility_operationalstatus": "OPERATIONAL",
        "facility_address": "DONOVAN STREET",
        "abs_suburb": "AUGUSTA",
        "facility_state": "WESTERN AUSTRALIA",
        "abs_postcode": "6290",
        "facility_attribute_source": "WA ST JOHN AMBULANCE",
        "facility_attribute_date": null,
        "facility_source": "WA ST JOHN AMBULANCE",
        "facility_date": null,
        "facility_spatial_confidence": null,
        "facility_revised": "2018-11-21T00:00:00Z",
        "comment_": null,
        "facility_lat": "-34.306213499999956",
        "facility_long": "115.15731610000012",
        "validated": null,
        "gnaf_building_name": null,
        "gnaf_address_detail_pid": "GAWA_718483996",
        "gnaf_formatted_address": "12 DONOVAN STREET",
        "gnaf_confidence": "0",
        "gnaf_postcode": "6290",
        "gnaf_suburb": "AUGUSTA",
        "distance_to_gnaf": 1,
        "gnaf_lat": "-34.30621450999996",
        "gnaf_long": "115.15733111000009"
      },
      "geometry": {
        "type": "Point",
        "coordinates": [
          115.15732709865242,
          -34.30620015565263
        ]
      }
    },
    {
      "type": "Feature",
      "properties": {
        "objectid": 1105,
        "featuretype": "EMERGENCY FACILITY",
        "descripton": "An emergency management facility from which a particular agency\u2019s resources are commanded, coordinated and assigned to an incident or emergency",
        "class": "AMBULANCE STATION",
        "facility_name": "MORAWA",
        "facility_operationalstatus": "OPERATIONAL",
        "facility_address": "CNR STOKES ROAD & SOLOMON TERRACE",
        "abs_suburb": "MORAWA",
        "facility_state": "WESTERN AUSTRALIA",
        "abs_postcode": "6623",
        "facility_attribute_source": "WA ST JOHN AMBULANCE",
        "facility_attribute_date": null,
        "facility_source": "WA ST JOHN AMBULANCE",
        "facility_date": null,
        "facility_spatial_confidence": null,
        "facility_revised": "2018-11-21T00:00:00Z",
        "comment_": null,
        "facility_lat": "-29.213162999999952",
        "facility_long": "116.0110992000001",
        "validated": null,
        "gnaf_building_name": null,
        "gnaf_address_detail_pid": "GAWA_146961961",
        "gnaf_formatted_address": "57 SOLOMON TERRACE",
        "gnaf_confidence": "1",
        "gnaf_postcode": "6623",
        "gnaf_suburb": "MORAWA",
        "distance_to_gnaf": 6,
        "gnaf_lat": "-29.213199999999972",
        "gnaf_long": "116.01115000000004"
      },
      "geometry": {
        "type": "Point",
        "coordinates": [
          116.01110968357258,
          -29.2131495852122
        ]
      }
    },
    {
      "type": "Feature",
      "properties": {
        "objectid": 1106,
        "featuretype": "EMERGENCY FACILITY",
        "descripton": "An emergency management facility from which a particular agency\u2019s resources are commanded, coordinated and assigned to an incident or emergency",
        "class": "AMBULANCE STATION",
        "facility_name": "MOUNT BARKER",
        "facility_operationalstatus": "OPERATIONAL",
        "facility_address": "LOT 75 MT BARKER ROAD",
        "abs_suburb": "MOUNT BARKER",
        "facility_state": "WESTERN AUSTRALIA",
        "abs_postcode": "6324",
        "facility_attribute_source": "WA ST JOHN AMBULANCE",
        "facility_attribute_date": null,
        "facility_source": "WA ST JOHN AMBULANCE",
        "facility_date": null,
        "facility_spatial_confidence": null,
        "facility_revised": "2018-11-21T00:00:00Z",
        "comment_": null,
        "facility_lat": "-34.62865225799993",
        "facility_long": "117.66099798200003",
        "validated": null,
        "gnaf_building_name": null,
        "gnaf_address_detail_pid": "GAWA_147012943",
        "gnaf_formatted_address": "7 MOUNT BARKER ROAD",
        "gnaf_confidence": "0",
        "gnaf_postcode": "6324",
        "gnaf_suburb": "MOUNT BARKER",
        "distance_to_gnaf": 21,
        "gnaf_lat": "-34.62850997999993",
        "gnaf_long": "117.66084039000009"
      },
      "geometry": {
        "type": "Point",
        "coordinates": [
          117.66100860984233,
          -34.62863878335906
        ]
      }
    },
    {
      "type": "Feature",
      "properties": {
        "objectid": 1107,
        "featuretype": "EMERGENCY FACILITY",
        "descripton": "An emergency management facility from which a particular agency\u2019s resources are commanded, coordinated and assigned to an incident or emergency",
        "class": "AMBULANCE STATION",
        "facility_name": "MUKINBUDIN",
        "facility_operationalstatus": "OPERATIONAL",
        "facility_address": "21 MADDOCK STREET",
        "abs_suburb": "MUKINBUDIN",
        "facility_state": "WESTERN AUSTRALIA",
        "abs_postcode": "6479",
        "facility_attribute_source": "WA ST JOHN AMBULANCE",
        "facility_attribute_date": null,
        "facility_source": "WA ST JOHN AMBULANCE",
        "facility_date": null,
        "facility_spatial_confidence": null,
        "facility_revised": "2018-11-21T00:00:00Z",
        "comment_": null,
        "facility_lat": "-30.91564940799998",
        "facility_long": "118.20691370300005",
        "validated": null,
        "gnaf_building_name": null,
        "gnaf_address_detail_pid": "GAWA_149151165",
        "gnaf_formatted_address": "21 MADDOCK STREET",
        "gnaf_confidence": "0",
        "gnaf_postcode": "6479",
        "gnaf_suburb": "MUKINBUDIN",
        "distance_to_gnaf": 38,
        "gnaf_lat": "-30.915989509999974",
        "gnaf_long": "118.2068700000001"
      },
      "geometry": {
        "type": "Point",
        "coordinates": [
          118.20692400804093,
          -30.915635891029083
        ]
      }
    },
    {
      "type": "Feature",
      "properties": {
        "objectid": 1108,
        "featuretype": "EMERGENCY FACILITY",
        "descripton": "An emergency management facility from which a particular agency\u2019s resources are commanded, coordinated and assigned to an incident or emergency",
        "class": "AMBULANCE STATION",
        "facility_name": "MULLEWA",
        "facility_operationalstatus": "OPERATIONAL",
        "facility_address": "CNR BURGESS & BIRDWOOD STREETS",
        "abs_suburb": "MULLEWA",
        "facility_state": "WESTERN AUSTRALIA",
        "abs_postcode": "6630",
        "facility_attribute_source": "WA ST JOHN AMBULANCE",
        "facility_attribute_date": null,
        "facility_source": "WA ST JOHN AMBULANCE",
        "facility_date": null,
        "facility_spatial_confidence": null,
        "facility_revised": "2018-11-21T00:00:00Z",
        "comment_": null,
        "facility_lat": "-28.534978149999972",
        "facility_long": "115.509501967",
        "validated": null,
        "gnaf_building_name": "MULLEWA HEALTH SERVICES",
        "gnaf_address_detail_pid": "GAWA_147245040",
        "gnaf_formatted_address": "2 ELDER STREET",
        "gnaf_confidence": "2",
        "gnaf_postcode": "6630",
        "gnaf_suburb": "MULLEWA",
        "distance_to_gnaf": 79,
        "gnaf_lat": "-28.53556999999995",
        "gnaf_long": "115.50996000000009"
      },
      "geometry": {
        "type": "Point",
        "coordinates": [
          115.50951246457684,
          -28.534964760140827
        ]
      }
    },
    {
      "type": "Feature",
      "properties": {
        "objectid": 1109,
        "featuretype": "EMERGENCY FACILITY",
        "descripton": "An emergency management facility from which a particular agency\u2019s resources are commanded, coordinated and assigned to an incident or emergency",
        "class": "AMBULANCE STATION",
        "facility_name": "CUE",
        "facility_operationalstatus": "OPERATIONAL",
        "facility_address": "LOT 302 CHESSON STREET",
        "abs_suburb": "CUE",
        "facility_state": "WESTERN AUSTRALIA",
        "abs_postcode": "6640",
        "facility_attribute_source": "WA ST JOHN AMBULANCE",
        "facility_attribute_date": null,
        "facility_source": "WA ST JOHN AMBULANCE",
        "facility_date": null,
        "facility_spatial_confidence": null,
        "facility_revised": "2018-11-21T00:00:00Z",
        "comment_": null,
        "facility_lat": "-27.42135769999993",
        "facility_long": "117.89801310000007",
        "validated": null,
        "gnaf_building_name": null,
        "gnaf_address_detail_pid": "GAWA_161382540",
        "gnaf_formatted_address": "7 CHESSON STREET",
        "gnaf_confidence": "1",
        "gnaf_postcode": "6640",
        "gnaf_suburb": "CUE",
        "distance_to_gnaf": 13,
        "gnaf_lat": "-27.421371189999945",
        "gnaf_long": "117.89788517000011"
      },
      "geometry": {
        "type": "Point",
        "coordinates": [
          117.89802323424557,
          -27.421344180061745
        ]
      }
    },
    {
      "type": "Feature",
      "properties": {
        "objectid": 1110,
        "featuretype": "EMERGENCY FACILITY",
        "descripton": "An emergency management facility from which a particular agency\u2019s resources are commanded, coordinated and assigned to an incident or emergency",
        "class": "AMBULANCE STATION",
        "facility_name": "CUNDERDIN",
        "facility_operationalstatus": "OPERATIONAL",
        "facility_address": "LUNDY AVENUE",
        "abs_suburb": "CUNDERDIN",
        "facility_state": "WESTERN AUSTRALIA",
        "abs_postcode": "6407",
        "facility_attribute_source": "WA ST JOHN AMBULANCE",
        "facility_attribute_date": null,
        "facility_source": "WA ST JOHN AMBULANCE",
        "facility_date": null,
        "facility_spatial_confidence": null,
        "facility_revised": "2018-11-21T00:00:00Z",
        "comment_": null,
        "facility_lat": "-31.650104560999978",
        "facility_long": "117.23723221500006",
        "validated": null,
        "gnaf_building_name": "ST JOHN AMBULANCE",
        "gnaf_address_detail_pid": "GAWA_147628761",
        "gnaf_formatted_address": "34 LUNDY AVENUE",
        "gnaf_confidence": "2",
        "gnaf_postcode": "6407",
        "gnaf_suburb": "CUNDERDIN",
        "distance_to_gnaf": 14,
        "gnaf_lat": "-31.650131839999972",
        "gnaf_long": "117.2373765100001"
      },
      "geometry": {
        "type": "Point",
        "coordinates": [
          117.23724270291001,
          -31.6500910935297
        ]
      }
    },
    {
      "type": "Feature",
      "properties": {
        "objectid": 1111,
        "featuretype": "EMERGENCY FACILITY",
        "descripton": "An emergency management facility from which a particular agency\u2019s resources are commanded, coordinated and assigned to an incident or emergency",
        "class": "AMBULANCE STATION",
        "facility_name": "DALWALLINU",
        "facility_operationalstatus": "OPERATIONAL",
        "facility_address": "LEAHY STREET",
        "abs_suburb": "DALWALLINU",
        "facility_state": "WESTERN AUSTRALIA",
        "abs_postcode": "6609",
        "facility_attribute_source": "WA ST JOHN AMBULANCE",
        "facility_attribute_date": null,
        "facility_source": "WA ST JOHN AMBULANCE",
        "facility_date": null,
        "facility_spatial_confidence": null,
        "facility_revised": "2018-11-21T00:00:00Z",
        "comment_": null,
        "facility_lat": "-30.280212699999936",
        "facility_long": "116.66090820000011",
        "validated": null,
        "gnaf_building_name": null,
        "gnaf_address_detail_pid": "GAWA_162573969",
        "gnaf_formatted_address": "11 LEAHY STREET",
        "gnaf_confidence": "0",
        "gnaf_postcode": "6609",
        "gnaf_suburb": "DALWALLINU",
        "distance_to_gnaf": 4,
        "gnaf_lat": "-30.280217609999966",
        "gnaf_long": "116.66094883000005"
      },
      "geometry": {
        "type": "Point",
        "coordinates": [
          116.66091867362108,
          -30.280199255436337
        ]
      }
    },
    {
      "type": "Feature",
      "properties": {
        "objectid": 1112,
        "featuretype": "EMERGENCY FACILITY",
        "descripton": "An emergency management facility from which a particular agency\u2019s resources are commanded, coordinated and assigned to an incident or emergency",
        "class": "AMBULANCE STATION",
        "facility_name": "DANDARAGAN",
        "facility_operationalstatus": "OPERATIONAL",
        "facility_address": "3515 DANDARAGAN ROAD",
        "abs_suburb": "DANDARAGAN",
        "facility_state": "WESTERN AUSTRALIA",
        "abs_postcode": "6507",
        "facility_attribute_source": "WA ST JOHN AMBULANCE",
        "facility_attribute_date": null,
        "facility_source": "WA ST JOHN AMBULANCE",
        "facility_date": null,
        "facility_spatial_confidence": null,
        "facility_revised": "2018-11-21T00:00:00Z",
        "comment_": null,
        "facility_lat": "-30.671099999999967",
        "facility_long": "115.70300000000009",
        "validated": null,
        "gnaf_building_name": null,
        "gnaf_address_detail_pid": "GAWA_161421029",
        "gnaf_formatted_address": "3515 DANDARAGAN ROAD",
        "gnaf_confidence": "2",
        "gnaf_postcode": "6507",
        "gnaf_suburb": "DANDARAGAN",
        "distance_to_gnaf": 105,
        "gnaf_lat": "-30.671908309999935",
        "gnaf_long": "115.70243498000002"
      },
      "geometry": {
        "type": "Point",
        "coordinates": [
          115.703010630754,
          -30.671086609001357
        ]
      }
    },
    {
      "type": "Feature",
      "properties": {
        "objectid": 1113,
        "featuretype": "EMERGENCY FACILITY",
        "descripton": "An emergency management facility from which a particular agency\u2019s resources are commanded, coordinated and assigned to an incident or emergency",
        "class": "AMBULANCE STATION",
        "facility_name": "DARKAN",
        "facility_operationalstatus": "OPERATIONAL",
        "facility_address": "HILLMAN STREET",
        "abs_suburb": "DARKAN",
        "facility_state": "WESTERN AUSTRALIA",
        "abs_postcode": "6392",
        "facility_attribute_source": "WA ST JOHN AMBULANCE",
        "facility_attribute_date": null,
        "facility_source": "WA ST JOHN AMBULANCE",
        "facility_date": null,
        "facility_spatial_confidence": null,
        "facility_revised": "2018-11-21T00:00:00Z",
        "comment_": null,
        "facility_lat": "-33.33754289999996",
        "facility_long": "116.74018360000002",
        "validated": null,
        "gnaf_building_name": null,
        "gnaf_address_detail_pid": "GAWA_146968915",
        "gnaf_formatted_address": "20 HILLMAN STREET",
        "gnaf_confidence": "1",
        "gnaf_postcode": "6392",
        "gnaf_suburb": "DARKAN",
        "distance_to_gnaf": 10,
        "gnaf_lat": "-33.337467809999964",
        "gnaf_long": "116.74013417000003"
      },
      "geometry": {
        "type": "Point",
        "coordinates": [
          116.74019427920061,
          -33.33752946516208
        ]
      }
    },
    {
      "type": "Feature",
      "properties": {
        "objectid": 1114,
        "featuretype": "EMERGENCY FACILITY",
        "descripton": "An emergency management facility from which a particular agency\u2019s resources are commanded, coordinated and assigned to an incident or emergency",
        "class": "AMBULANCE STATION",
        "facility_name": "SHARK BAY",
        "facility_operationalstatus": "OPERATIONAL",
        "facility_address": "CNR DURLACHER & DAMPIER STREET",
        "abs_suburb": "DENHAM",
        "facility_state": "WESTERN AUSTRALIA",
        "abs_postcode": "6537",
        "facility_attribute_source": "WA ST JOHN AMBULANCE",
        "facility_attribute_date": null,
        "facility_source": "WA ST JOHN AMBULANCE",
        "facility_date": null,
        "facility_spatial_confidence": null,
        "facility_revised": "2018-11-21T00:00:00Z",
        "comment_": null,
        "facility_lat": "-25.919681999999966",
        "facility_long": "113.53643800000009",
        "validated": null,
        "gnaf_building_name": null,
        "gnaf_address_detail_pid": "GAWA_718946290",
        "gnaf_formatted_address": "100 DURLACHER STREET",
        "gnaf_confidence": "0",
        "gnaf_postcode": "6537",
        "gnaf_suburb": "DENHAM",
        "distance_to_gnaf": 3,
        "gnaf_lat": "-25.91968251999998",
        "gnaf_long": "113.5364626700001"
      },
      "geometry": {
        "type": "Point",
        "coordinates": [
          113.53644852646477,
          -25.919668719142468
        ]
      }
    },
    {
      "type": "Feature",
      "properties": {
        "objectid": 1115,
        "featuretype": "EMERGENCY FACILITY",
        "descripton": "An emergency management facility from which a particular agency\u2019s resources are commanded, coordinated and assigned to an incident or emergency",
        "class": "AMBULANCE STATION",
        "facility_name": "DENMARK",
        "facility_operationalstatus": "OPERATIONAL",
        "facility_address": "10 PRICE STREET",
        "abs_suburb": "DENMARK",
        "facility_state": "WESTERN AUSTRALIA",
        "abs_postcode": "6333",
        "facility_attribute_source": "WA ST JOHN AMBULANCE",
        "facility_attribute_date": null,
        "facility_source": "WA ST JOHN AMBULANCE",
        "facility_date": null,
        "facility_spatial_confidence": null,
        "facility_revised": "2018-11-21T00:00:00Z",
        "comment_": null,
        "facility_lat": "-34.96120799999994",
        "facility_long": "117.35432570000012",
        "validated": null,
        "gnaf_building_name": null,
        "gnaf_address_detail_pid": "GAWA_163243137",
        "gnaf_formatted_address": "10 PRICE STREET",
        "gnaf_confidence": "1",
        "gnaf_postcode": "6333",
        "gnaf_suburb": "DENMARK",
        "distance_to_gnaf": 2,
        "gnaf_lat": "-34.96118872999995",
        "gnaf_long": "117.3543289800001"
      },
      "geometry": {
        "type": "Point",
        "coordinates": [
          117.35433640050442,
          -34.9611945414951
        ]
      }
    },
    {
      "type": "Feature",
      "properties": {
        "objectid": 1116,
        "featuretype": "EMERGENCY FACILITY",
        "descripton": "An emergency management facility from which a particular agency\u2019s resources are commanded, coordinated and assigned to an incident or emergency",
        "class": "AMBULANCE STATION",
        "facility_name": "VICTORIA PLAINS (NEW NORCIA)",
        "facility_operationalstatus": "OPERATIONAL",
        "facility_address": null,
        "abs_suburb": "NEW NORCIA",
        "facility_state": "WESTERN AUSTRALIA",
        "abs_postcode": "6509",
        "facility_attribute_source": "WA ST JOHN AMBULANCE",
        "facility_attribute_date": null,
        "facility_source": "WA ST JOHN AMBULANCE",
        "facility_date": null,
        "facility_spatial_confidence": null,
        "facility_revised": "2018-11-21T00:00:00Z",
        "comment_": "NO GNAF POINT",
        "facility_lat": "-30.97535362399998",
        "facility_long": "116.21042944400006",
        "validated": null,
        "gnaf_building_name": null,
        "gnaf_address_detail_pid": null,
        "gnaf_formatted_address": null,
        "gnaf_confidence": null,
        "gnaf_postcode": null,
        "gnaf_suburb": null,
        "distance_to_gnaf": null,
        "gnaf_lat": null,
        "gnaf_long": null
      },
      "geometry": {
        "type": "Point",
        "coordinates": [
          116.21044002794146,
          -30.97534020649764
        ]
      }
    },
    {
      "type": "Feature",
      "properties": {
        "objectid": 1117,
        "featuretype": "EMERGENCY FACILITY",
        "descripton": "An emergency management facility from which a particular agency\u2019s resources are commanded, coordinated and assigned to an incident or emergency",
        "class": "AMBULANCE STATION",
        "facility_name": "MUNGLINUP",
        "facility_operationalstatus": "OPERATIONAL",
        "facility_address": "LOT 158 - 23 MORREL STREET",
        "abs_suburb": "MUNGLINUP",
        "facility_state": "WESTERN AUSTRALIA",
        "abs_postcode": "6450",
        "facility_attribute_source": "WA ST JOHN AMBULANCE",
        "facility_attribute_date": null,
        "facility_source": "WA ST JOHN AMBULANCE",
        "facility_date": null,
        "facility_spatial_confidence": null,
        "facility_revised": "2018-11-21T00:00:00Z",
        "comment_": null,
        "facility_lat": "-33.707389999999975",
        "facility_long": "120.8616300000001",
        "validated": null,
        "gnaf_building_name": null,
        "gnaf_address_detail_pid": "GAWA_147406092",
        "gnaf_formatted_address": "23 MORREL STREET",
        "gnaf_confidence": "0",
        "gnaf_postcode": "6450",
        "gnaf_suburb": "MUNGLINUP",
        "distance_to_gnaf": 0,
        "gnaf_lat": "-33.707389999999975",
        "gnaf_long": "120.8616300000001"
      },
      "geometry": {
        "type": "Point",
        "coordinates": [
          120.86164006985666,
          -33.70737639105237
        ]
      }
    },
    {
      "type": "Feature",
      "properties": {
        "objectid": 1118,
        "featuretype": "EMERGENCY FACILITY",
        "descripton": "An emergency management facility from which a particular agency\u2019s resources are commanded, coordinated and assigned to an incident or emergency",
        "class": "AMBULANCE STATION",
        "facility_name": "NANNUP",
        "facility_operationalstatus": "OPERATIONAL",
        "facility_address": "WALTER STREET",
        "abs_suburb": "NANNUP",
        "facility_state": "WESTERN AUSTRALIA",
        "abs_postcode": "6275",
        "facility_attribute_source": "WA ST JOHN AMBULANCE",
        "facility_attribute_date": null,
        "facility_source": "WA ST JOHN AMBULANCE",
        "facility_date": null,
        "facility_spatial_confidence": null,
        "facility_revised": "2018-11-21T00:00:00Z",
        "comment_": null,
        "facility_lat": "-33.98055809999994",
        "facility_long": "115.76223760000005",
        "validated": null,
        "gnaf_building_name": null,
        "gnaf_address_detail_pid": "GAWA_163051745",
        "gnaf_formatted_address": "28 WALTER STREET",
        "gnaf_confidence": "1",
        "gnaf_postcode": "6275",
        "gnaf_suburb": "NANNUP",
        "distance_to_gnaf": 5,
        "gnaf_lat": "-33.980600839999966",
        "gnaf_long": "115.76221203000011"
      },
      "geometry": {
        "type": "Point",
        "coordinates": [
          115.76224847791748,
          -33.98054472008087
        ]
      }
    },
    {
      "type": "Feature",
      "properties": {
        "objectid": 1119,
        "featuretype": "EMERGENCY FACILITY",
        "descripton": "An emergency management facility from which a particular agency\u2019s resources are commanded, coordinated and assigned to an incident or emergency",
        "class": "AMBULANCE STATION",
        "facility_name": "NAREMBEEN",
        "facility_operationalstatus": "OPERATIONAL",
        "facility_address": "LONGHURST STREET",
        "abs_suburb": "NAREMBEEN",
        "facility_state": "WESTERN AUSTRALIA",
        "abs_postcode": "6369",
        "facility_attribute_source": "WA ST JOHN AMBULANCE",
        "facility_attribute_date": null,
        "facility_source": "WA ST JOHN AMBULANCE",
        "facility_date": null,
        "facility_spatial_confidence": null,
        "facility_revised": "2018-11-21T00:00:00Z",
        "comment_": null,
        "facility_lat": "-32.06669869999996",
        "facility_long": "118.39310150000006",
        "validated": null,
        "gnaf_building_name": null,
        "gnaf_address_detail_pid": "GAWA_161513394",
        "gnaf_formatted_address": "15 LONGHURST STREET",
        "gnaf_confidence": "0",
        "gnaf_postcode": "6369",
        "gnaf_suburb": "NAREMBEEN",
        "distance_to_gnaf": 13,
        "gnaf_lat": "-32.06680953999995",
        "gnaf_long": "118.39312667000002"
      },
      "geometry": {
        "type": "Point",
        "coordinates": [
          118.39311184933071,
          -32.066685180121354
        ]
      }
    },
    {
      "type": "Feature",
      "properties": {
        "objectid": 1120,
        "featuretype": "EMERGENCY FACILITY",
        "descripton": "An emergency management facility from which a particular agency\u2019s resources are commanded, coordinated and assigned to an incident or emergency",
        "class": "AMBULANCE STATION",
        "facility_name": "NARROGIN",
        "facility_operationalstatus": "OPERATIONAL",
        "facility_address": "CNR JOHNSTON & FALCON STREETS",
        "abs_suburb": "NARROGIN",
        "facility_state": "WESTERN AUSTRALIA",
        "abs_postcode": "6312",
        "facility_attribute_source": "WA ST JOHN AMBULANCE",
        "facility_attribute_date": null,
        "facility_source": "WA ST JOHN AMBULANCE",
        "facility_date": null,
        "facility_spatial_confidence": null,
        "facility_revised": "2018-11-21T00:00:00Z",
        "comment_": null,
        "facility_lat": "-32.93650579999996",
        "facility_long": "117.17152850000002",
        "validated": null,
        "gnaf_building_name": null,
        "gnaf_address_detail_pid": "GAWA_147020128",
        "gnaf_formatted_address": "36 JOHNSTON STREET",
        "gnaf_confidence": "0",
        "gnaf_postcode": "6312",
        "gnaf_suburb": "NARROGIN",
        "distance_to_gnaf": 5,
        "gnaf_lat": "-32.93646999999993",
        "gnaf_long": "117.17155000000002"
      },
      "geometry": {
        "type": "Point",
        "coordinates": [
          117.17153908579003,
          -32.936492341621594
        ]
      }
    },
    {
      "type": "Feature",
      "properties": {
        "objectid": 1121,
        "featuretype": "EMERGENCY FACILITY",
        "descripton": "An emergency management facility from which a particular agency\u2019s resources are commanded, coordinated and assigned to an incident or emergency",
        "class": "AMBULANCE STATION",
        "facility_name": "AUSTRALIND",
        "facility_operationalstatus": "OPERATIONAL",
        "facility_address": "DITCHINGHAM PLACE",
        "abs_suburb": "AUSTRALIND",
        "facility_state": "WESTERN AUSTRALIA",
        "abs_postcode": "6233",
        "facility_attribute_source": "WA ST JOHN AMBULANCE",
        "facility_attribute_date": null,
        "facility_source": "WA ST JOHN AMBULANCE",
        "facility_date": null,
        "facility_spatial_confidence": null,
        "facility_revised": "2018-11-21T00:00:00Z",
        "comment_": null,
        "facility_lat": "-33.277062643999955",
        "facility_long": "115.73932562800007",
        "validated": null,
        "gnaf_building_name": null,
        "gnaf_address_detail_pid": "GAWA_718521303",
        "gnaf_formatted_address": "LOT 5867 DITCHINGHAM PLACE",
        "gnaf_confidence": "0",
        "gnaf_postcode": "6233",
        "gnaf_suburb": "AUSTRALIND",
        "distance_to_gnaf": 13,
        "gnaf_lat": "-33.27696216999993",
        "gnaf_long": "115.73939938000001"
      },
      "geometry": {
        "type": "Point",
        "coordinates": [
          115.73933645367879,
          -33.27704926238728
        ]
      }
    },
    {
      "type": "Feature",
      "properties": {
        "objectid": 1122,
        "featuretype": "EMERGENCY FACILITY",
        "descripton": "An emergency management facility from which a particular agency\u2019s resources are commanded, coordinated and assigned to an incident or emergency",
        "class": "AMBULANCE STATION",
        "facility_name": "BEACON",
        "facility_operationalstatus": "OPERATIONAL",
        "facility_address": "ROWLANDS STREET",
        "abs_suburb": "BEACON",
        "facility_state": "WESTERN AUSTRALIA",
        "abs_postcode": "6472",
        "facility_attribute_source": "WA ST JOHN AMBULANCE",
        "facility_attribute_date": null,
        "facility_source": "WA ST JOHN AMBULANCE",
        "facility_date": null,
        "facility_spatial_confidence": null,
        "facility_revised": "2018-11-21T00:00:00Z",
        "comment_": null,
        "facility_lat": "-30.449886799999945",
        "facility_long": "117.86684480000008",
        "validated": null,
        "gnaf_building_name": null,
        "gnaf_address_detail_pid": "GAWA_147043717",
        "gnaf_formatted_address": "23 ROWLANDS STREET",
        "gnaf_confidence": "1",
        "gnaf_postcode": "6472",
        "gnaf_suburb": "BEACON",
        "distance_to_gnaf": 0,
        "gnaf_lat": "-30.449886849999928",
        "gnaf_long": "117.86684481000009"
      },
      "geometry": {
        "type": "Point",
        "coordinates": [
          117.86685512264397,
          -30.44987329651459
        ]
      }
    },
    {
      "type": "Feature",
      "properties": {
        "objectid": 1123,
        "featuretype": "EMERGENCY FACILITY",
        "descripton": "An emergency management facility from which a particular agency\u2019s resources are commanded, coordinated and assigned to an incident or emergency",
        "class": "AMBULANCE STATION",
        "facility_name": "BENCUBBIN",
        "facility_operationalstatus": "OPERATIONAL",
        "facility_address": "LOT 70 BROWN STREET",
        "abs_suburb": "BENCUBBIN",
        "facility_state": "WESTERN AUSTRALIA",
        "abs_postcode": "6477",
        "facility_attribute_source": "WA ST JOHN AMBULANCE",
        "facility_attribute_date": null,
        "facility_source": "WA ST JOHN AMBULANCE",
        "facility_date": null,
        "facility_spatial_confidence": null,
        "facility_revised": "2018-11-21T00:00:00Z",
        "comment_": null,
        "facility_lat": "-30.811691099999962",
        "facility_long": "117.86294650000002",
        "validated": null,
        "gnaf_building_name": null,
        "gnaf_address_detail_pid": "GAWA_160793484",
        "gnaf_formatted_address": "60 BROWN STREET",
        "gnaf_confidence": "2",
        "gnaf_postcode": "6477",
        "gnaf_suburb": "BENCUBBIN",
        "distance_to_gnaf": 0,
        "gnaf_lat": "-30.811691069999938",
        "gnaf_long": "117.86294649000001"
      },
      "geometry": {
        "type": "Point",
        "coordinates": [
          117.86295684589804,
          -30.811677598430027
        ]
      }
    },
    {
      "type": "Feature",
      "properties": {
        "objectid": 1124,
        "featuretype": "EMERGENCY FACILITY",
        "descripton": "An emergency management facility from which a particular agency\u2019s resources are commanded, coordinated and assigned to an incident or emergency",
        "class": "AMBULANCE STATION",
        "facility_name": "BEVERLEY",
        "facility_operationalstatus": "OPERATIONAL",
        "facility_address": "JOHN STREET",
        "abs_suburb": "BEVERLEY",
        "facility_state": "WESTERN AUSTRALIA",
        "abs_postcode": "6304",
        "facility_attribute_source": "WA ST JOHN AMBULANCE",
        "facility_attribute_date": null,
        "facility_source": "WA ST JOHN AMBULANCE",
        "facility_date": null,
        "facility_spatial_confidence": null,
        "facility_revised": "2018-11-21T00:00:00Z",
        "comment_": null,
        "facility_lat": "-32.10324734899996",
        "facility_long": "116.92315652600007",
        "validated": null,
        "gnaf_building_name": null,
        "gnaf_address_detail_pid": "GAWA_162791463",
        "gnaf_formatted_address": "LOT 387 JOHN STREET",
        "gnaf_confidence": "-1",
        "gnaf_postcode": "6304",
        "gnaf_suburb": "BEVERLEY",
        "distance_to_gnaf": 1,
        "gnaf_lat": "-32.10324061999995",
        "gnaf_long": "116.92315457000007"
      },
      "geometry": {
        "type": "Point",
        "coordinates": [
          116.92316708999383,
          -32.103233899335
        ]
      }
    },
    {
      "type": "Feature",
      "properties": {
        "objectid": 1125,
        "featuretype": "EMERGENCY FACILITY",
        "descripton": "An emergency management facility from which a particular agency\u2019s resources are commanded, coordinated and assigned to an incident or emergency",
        "class": "AMBULANCE STATION",
        "facility_name": "NEWDEGATE",
        "facility_operationalstatus": "OPERATIONAL",
        "facility_address": "MAY STREET",
        "abs_suburb": "NEWDEGATE",
        "facility_state": "WESTERN AUSTRALIA",
        "abs_postcode": "6355",
        "facility_attribute_source": "WA ST JOHN AMBULANCE",
        "facility_attribute_date": null,
        "facility_source": "WA ST JOHN AMBULANCE",
        "facility_date": null,
        "facility_spatial_confidence": null,
        "facility_revised": "2018-11-21T00:00:00Z",
        "comment_": "NO GNAF POINT",
        "facility_lat": "-33.09478553599996",
        "facility_long": "119.02418314700003",
        "validated": null,
        "gnaf_building_name": null,
        "gnaf_address_detail_pid": null,
        "gnaf_formatted_address": null,
        "gnaf_confidence": null,
        "gnaf_postcode": null,
        "gnaf_suburb": null,
        "distance_to_gnaf": null,
        "gnaf_lat": null,
        "gnaf_long": null
      },
      "geometry": {
        "type": "Point",
        "coordinates": [
          119.02419346502538,
          -33.094771993704114
        ]
      }
    },
    {
      "type": "Feature",
      "properties": {
        "objectid": 1126,
        "featuretype": "EMERGENCY FACILITY",
        "descripton": "An emergency management facility from which a particular agency\u2019s resources are commanded, coordinated and assigned to an incident or emergency",
        "class": "AMBULANCE STATION",
        "facility_name": "NUNGARIN",
        "facility_operationalstatus": "OPERATIONAL",
        "facility_address": "MITCHELL STREET",
        "abs_suburb": "NUNGARIN",
        "facility_state": "WESTERN AUSTRALIA",
        "abs_postcode": "6490",
        "facility_attribute_source": "WA ST JOHN AMBULANCE",
        "facility_attribute_date": null,
        "facility_source": "WA ST JOHN AMBULANCE",
        "facility_date": null,
        "facility_spatial_confidence": null,
        "facility_revised": "2018-11-21T00:00:00Z",
        "comment_": "NO GNAF POINT",
        "facility_lat": "-31.186399999999935",
        "facility_long": "118.10100000000011",
        "validated": null,
        "gnaf_building_name": null,
        "gnaf_address_detail_pid": null,
        "gnaf_formatted_address": null,
        "gnaf_confidence": null,
        "gnaf_postcode": null,
        "gnaf_suburb": null,
        "distance_to_gnaf": null,
        "gnaf_lat": null,
        "gnaf_long": null
      },
      "geometry": {
        "type": "Point",
        "coordinates": [
          118.10101033641877,
          -31.186386489163983
        ]
      }
    },
    {
      "type": "Feature",
      "properties": {
        "objectid": 1127,
        "featuretype": "EMERGENCY FACILITY",
        "descripton": "An emergency management facility from which a particular agency\u2019s resources are commanded, coordinated and assigned to an incident or emergency",
        "class": "AMBULANCE STATION",
        "facility_name": "WARMUN",
        "facility_operationalstatus": "OPERATIONAL",
        "facility_address": null,
        "abs_suburb": "ORD RIVER",
        "facility_state": "WESTERN AUSTRALIA",
        "abs_postcode": "6770",
        "facility_attribute_source": "WA ST JOHN AMBULANCE",
        "facility_attribute_date": null,
        "facility_source": "WA ST JOHN AMBULANCE",
        "facility_date": null,
        "facility_spatial_confidence": null,
        "facility_revised": "2018-11-21T00:00:00Z",
        "comment_": "NO GNAF POINT",
        "facility_lat": "-17.130399999999952",
        "facility_long": "128.2102500000001",
        "validated": null,
        "gnaf_building_name": null,
        "gnaf_address_detail_pid": null,
        "gnaf_formatted_address": null,
        "gnaf_confidence": null,
        "gnaf_postcode": null,
        "gnaf_suburb": null,
        "distance_to_gnaf": null,
        "gnaf_lat": null,
        "gnaf_long": null
      },
      "geometry": {
        "type": "Point",
        "coordinates": [
          128.2102588561395,
          -17.130386150310198
        ]
      }
    },
    {
      "type": "Feature",
      "properties": {
        "objectid": 1128,
        "featuretype": "EMERGENCY FACILITY",
        "descripton": "An emergency management facility from which a particular agency\u2019s resources are commanded, coordinated and assigned to an incident or emergency",
        "class": "AMBULANCE STATION",
        "facility_name": "PARABURDOO",
        "facility_operationalstatus": "OPERATIONAL",
        "facility_address": "YOU YI LANE",
        "abs_suburb": "PARABURDOO",
        "facility_state": "WESTERN AUSTRALIA",
        "abs_postcode": "6754",
        "facility_attribute_source": "WA ST JOHN AMBULANCE",
        "facility_attribute_date": null,
        "facility_source": "WA ST JOHN AMBULANCE",
        "facility_date": null,
        "facility_spatial_confidence": null,
        "facility_revised": "2018-11-21T00:00:00Z",
        "comment_": "NO GNAF POINT",
        "facility_lat": "-23.20307399999996",
        "facility_long": "117.67088300000012",
        "validated": null,
        "gnaf_building_name": null,
        "gnaf_address_detail_pid": null,
        "gnaf_formatted_address": null,
        "gnaf_confidence": null,
        "gnaf_postcode": null,
        "gnaf_suburb": null,
        "distance_to_gnaf": null,
        "gnaf_lat": null,
        "gnaf_long": null
      },
      "geometry": {
        "type": "Point",
        "coordinates": [
          117.67089291354762,
          -23.203060468878284
        ]
      }
    },
    {
      "type": "Feature",
      "properties": {
        "objectid": 1129,
        "featuretype": "EMERGENCY FACILITY",
        "descripton": "An emergency management facility from which a particular agency\u2019s resources are commanded, coordinated and assigned to an incident or emergency",
        "class": "AMBULANCE STATION",
        "facility_name": "PEMBERTON",
        "facility_operationalstatus": "OPERATIONAL",
        "facility_address": "HOSPITAL AVENUE",
        "abs_suburb": "PEMBERTON",
        "facility_state": "WESTERN AUSTRALIA",
        "abs_postcode": "6260",
        "facility_attribute_source": "WA ST JOHN AMBULANCE",
        "facility_attribute_date": null,
        "facility_source": "WA ST JOHN AMBULANCE",
        "facility_date": null,
        "facility_spatial_confidence": null,
        "facility_revised": "2018-11-21T00:00:00Z",
        "comment_": "NO GNAF POINT",
        "facility_lat": "-34.44428445699998",
        "facility_long": "116.03373011800011",
        "validated": null,
        "gnaf_building_name": null,
        "gnaf_address_detail_pid": null,
        "gnaf_formatted_address": null,
        "gnaf_confidence": null,
        "gnaf_postcode": null,
        "gnaf_suburb": null,
        "distance_to_gnaf": null,
        "gnaf_lat": null,
        "gnaf_long": null
      },
      "geometry": {
        "type": "Point",
        "coordinates": [
          116.03374099030393,
          -34.44427106414942
        ]
      }
    },
    {
      "type": "Feature",
      "properties": {
        "objectid": 1130,
        "featuretype": "EMERGENCY FACILITY",
        "descripton": "An emergency management facility from which a particular agency\u2019s resources are commanded, coordinated and assigned to an incident or emergency",
        "class": "AMBULANCE STATION",
        "facility_name": "ROTTNEST ISLAND",
        "facility_operationalstatus": "OPERATIONAL",
        "facility_address": null,
        "abs_suburb": "ROTTNEST ISLAND",
        "facility_state": "WESTERN AUSTRALIA",
        "abs_postcode": "6161",
        "facility_attribute_source": "WA ST JOHN AMBULANCE",
        "facility_attribute_date": null,
        "facility_source": "WA ST JOHN AMBULANCE",
        "facility_date": null,
        "facility_spatial_confidence": null,
        "facility_revised": "2018-11-21T00:00:00Z",
        "comment_": "NO GNAF POINT",
        "facility_lat": "-31.993949999999984",
        "facility_long": "115.53959000000009",
        "validated": null,
        "gnaf_building_name": null,
        "gnaf_address_detail_pid": null,
        "gnaf_formatted_address": null,
        "gnaf_confidence": null,
        "gnaf_postcode": null,
        "gnaf_suburb": null,
        "distance_to_gnaf": null,
        "gnaf_lat": null,
        "gnaf_long": null
      },
      "geometry": {
        "type": "Point",
        "coordinates": [
          115.5396007545563,
          -31.993936624058502
        ]
      }
    },
    {
      "type": "Feature",
      "properties": {
        "objectid": 1131,
        "featuretype": "EMERGENCY FACILITY",
        "descripton": "An emergency management facility from which a particular agency\u2019s resources are commanded, coordinated and assigned to an incident or emergency",
        "class": "AMBULANCE STATION",
        "facility_name": "TAMMIN",
        "facility_operationalstatus": "OPERATIONAL",
        "facility_address": "BOOTH STREET",
        "abs_suburb": "TAMMIN",
        "facility_state": "WESTERN AUSTRALIA",
        "abs_postcode": "6409",
        "facility_attribute_source": "WA ST JOHN AMBULANCE",
        "facility_attribute_date": null,
        "facility_source": "WA ST JOHN AMBULANCE",
        "facility_date": null,
        "facility_spatial_confidence": null,
        "facility_revised": "2018-11-21T00:00:00Z",
        "comment_": "NO GNAF POINT",
        "facility_lat": "-31.641237606999937",
        "facility_long": "117.4851958800001",
        "validated": null,
        "gnaf_building_name": null,
        "gnaf_address_detail_pid": null,
        "gnaf_formatted_address": null,
        "gnaf_confidence": null,
        "gnaf_postcode": null,
        "gnaf_suburb": null,
        "distance_to_gnaf": null,
        "gnaf_lat": null,
        "gnaf_long": null
      },
      "geometry": {
        "type": "Point",
        "coordinates": [
          117.48520633216786,
          -31.64122412734957
        ]
      }
    },
    {
      "type": "Feature",
      "properties": {
        "objectid": 1132,
        "featuretype": "EMERGENCY FACILITY",
        "descripton": "An emergency management facility from which a particular agency\u2019s resources are commanded, coordinated and assigned to an incident or emergency",
        "class": "AMBULANCE STATION",
        "facility_name": "TELFER",
        "facility_operationalstatus": "OPERATIONAL",
        "facility_address": null,
        "abs_suburb": "TELFER",
        "facility_state": "WESTERN AUSTRALIA",
        "abs_postcode": "6762",
        "facility_attribute_source": "WA ST JOHN AMBULANCE",
        "facility_attribute_date": null,
        "facility_source": "WA ST JOHN AMBULANCE",
        "facility_date": null,
        "facility_spatial_confidence": null,
        "facility_revised": "2018-11-21T00:00:00Z",
        "comment_": "NO GNAF POINT",
        "facility_lat": "-21.692889999999977",
        "facility_long": "122.1495900000001",
        "validated": null,
        "gnaf_building_name": null,
        "gnaf_address_detail_pid": null,
        "gnaf_formatted_address": null,
        "gnaf_confidence": null,
        "gnaf_postcode": null,
        "gnaf_suburb": null,
        "distance_to_gnaf": null,
        "gnaf_lat": null,
        "gnaf_long": null
      },
      "geometry": {
        "type": "Point",
        "coordinates": [
          122.14959942485821,
          -21.69287628403501
        ]
      }
    },
    {
      "type": "Feature",
      "properties": {
        "objectid": 1134,
        "featuretype": "EMERGENCY FACILITY",
        "descripton": "An emergency management facility from which a particular agency\u2019s resources are commanded, coordinated and assigned to an incident or emergency",
        "class": "AMBULANCE STATION",
        "facility_name": "BINDOON",
        "facility_operationalstatus": "OPERATIONAL",
        "facility_address": "GREAT NORTHERN HIGHWAY",
        "abs_suburb": "BINDOON",
        "facility_state": "WESTERN AUSTRALIA",
        "abs_postcode": "6502",
        "facility_attribute_source": "WA ST JOHN AMBULANCE",
        "facility_attribute_date": null,
        "facility_source": "WA ST JOHN AMBULANCE",
        "facility_date": null,
        "facility_spatial_confidence": null,
        "facility_revised": "2018-11-21T00:00:00Z",
        "comment_": null,
        "facility_lat": "-31.388017799999943",
        "facility_long": "116.09823570000003",
        "validated": null,
        "gnaf_building_name": null,
        "gnaf_address_detail_pid": "GAWA_149115220",
        "gnaf_formatted_address": "6152 GREAT NORTHERN HIGHWAY",
        "gnaf_confidence": "2",
        "gnaf_postcode": "6502",
        "gnaf_suburb": "BINDOON",
        "distance_to_gnaf": 8,
        "gnaf_lat": "-31.388055819999977",
        "gnaf_long": "116.0983113100001"
      },
      "geometry": {
        "type": "Point",
        "coordinates": [
          116.09824632967818,
          -31.388004390427223
        ]
      }
    },
    {
      "type": "Feature",
      "properties": {
        "objectid": 1135,
        "featuretype": "EMERGENCY FACILITY",
        "descripton": "An emergency management facility from which a particular agency\u2019s resources are commanded, coordinated and assigned to an incident or emergency",
        "class": "AMBULANCE STATION",
        "facility_name": "BODDINGTON",
        "facility_operationalstatus": "OPERATIONAL",
        "facility_address": "BANNISTER ROAD",
        "abs_suburb": "BODDINGTON",
        "facility_state": "WESTERN AUSTRALIA",
        "abs_postcode": "6390",
        "facility_attribute_source": "WA ST JOHN AMBULANCE",
        "facility_attribute_date": null,
        "facility_source": "WA ST JOHN AMBULANCE",
        "facility_date": null,
        "facility_spatial_confidence": null,
        "facility_revised": "2018-11-21T00:00:00Z",
        "comment_": null,
        "facility_lat": "-32.801351599999975",
        "facility_long": "116.47503540000002",
        "validated": null,
        "gnaf_building_name": null,
        "gnaf_address_detail_pid": "GAWA_147381067",
        "gnaf_formatted_address": "26 BANNISTER ROAD",
        "gnaf_confidence": "1",
        "gnaf_postcode": "6390",
        "gnaf_suburb": "BODDINGTON",
        "distance_to_gnaf": 9,
        "gnaf_lat": "-32.80128999999994",
        "gnaf_long": "116.4749700000001"
      },
      "geometry": {
        "type": "Point",
        "coordinates": [
          116.47504607961594,
          -32.80133817658272
        ]
      }
    },
    {
      "type": "Feature",
      "properties": {
        "objectid": 1136,
        "featuretype": "EMERGENCY FACILITY",
        "descripton": "An emergency management facility from which a particular agency\u2019s resources are commanded, coordinated and assigned to an incident or emergency",
        "class": "AMBULANCE STATION",
        "facility_name": "BOLGART",
        "facility_operationalstatus": "OPERATIONAL",
        "facility_address": "LOT 91 GEORGE STREET",
        "abs_suburb": "BOLGART",
        "facility_state": "WESTERN AUSTRALIA",
        "abs_postcode": "6568",
        "facility_attribute_source": "WA ST JOHN AMBULANCE",
        "facility_attribute_date": null,
        "facility_source": "WA ST JOHN AMBULANCE",
        "facility_date": null,
        "facility_spatial_confidence": null,
        "facility_revised": "2018-11-21T00:00:00Z",
        "comment_": null,
        "facility_lat": "-31.27189539999995",
        "facility_long": "116.50932390000003",
        "validated": null,
        "gnaf_building_name": null,
        "gnaf_address_detail_pid": "GAWA_147258684",
        "gnaf_formatted_address": "50 GEORGE STREET",
        "gnaf_confidence": "1",
        "gnaf_postcode": "6568",
        "gnaf_suburb": "BOLGART",
        "distance_to_gnaf": 0,
        "gnaf_lat": "-31.27189536999998",
        "gnaf_long": "116.50932394000006"
      },
      "geometry": {
        "type": "Point",
        "coordinates": [
          116.50933446391163,
          -31.271881967939162
        ]
      }
    },
    {
      "type": "Feature",
      "properties": {
        "objectid": 1137,
        "featuretype": "EMERGENCY FACILITY",
        "descripton": "An emergency management facility from which a particular agency\u2019s resources are commanded, coordinated and assigned to an incident or emergency",
        "class": "AMBULANCE STATION",
        "facility_name": "BORDEN",
        "facility_operationalstatus": "OPERATIONAL",
        "facility_address": "LOT 16 STONE STREET",
        "abs_suburb": "BORDEN",
        "facility_state": "WESTERN AUSTRALIA",
        "abs_postcode": "6338",
        "facility_attribute_source": "WA ST JOHN AMBULANCE",
        "facility_attribute_date": null,
        "facility_source": "WA ST JOHN AMBULANCE",
        "facility_date": null,
        "facility_spatial_confidence": null,
        "facility_revised": "2018-11-21T00:00:00Z",
        "comment_": null,
        "facility_lat": "-34.07207403199993",
        "facility_long": "118.26148627900011",
        "validated": null,
        "gnaf_building_name": null,
        "gnaf_address_detail_pid": "GAWA_719037371",
        "gnaf_formatted_address": "28 STONE STREET",
        "gnaf_confidence": "2",
        "gnaf_postcode": "6338",
        "gnaf_suburb": "BORDEN",
        "distance_to_gnaf": 6,
        "gnaf_lat": "-34.07201983999994",
        "gnaf_long": "118.26148931000012"
      },
      "geometry": {
        "type": "Point",
        "coordinates": [
          118.26149677465988,
          -34.07206052722244
        ]
      }
    },
    {
      "type": "Feature",
      "properties": {
        "objectid": 1138,
        "featuretype": "EMERGENCY FACILITY",
        "descripton": "An emergency management facility from which a particular agency\u2019s resources are commanded, coordinated and assigned to an incident or emergency",
        "class": "AMBULANCE STATION",
        "facility_name": "NEWMAN",
        "facility_operationalstatus": "OPERATIONAL",
        "facility_address": "CNR NEWMAN DRIVE & NYABALEE STREET",
        "abs_suburb": "NEWMAN",
        "facility_state": "WESTERN AUSTRALIA",
        "abs_postcode": "6753",
        "facility_attribute_source": "WA ST JOHN AMBULANCE",
        "facility_attribute_date": null,
        "facility_source": "WA ST JOHN AMBULANCE",
        "facility_date": null,
        "facility_spatial_confidence": null,
        "facility_revised": "2018-11-21T00:00:00Z",
        "comment_": null,
        "facility_lat": "-23.354158299999938",
        "facility_long": "119.73837370000001",
        "validated": null,
        "gnaf_building_name": null,
        "gnaf_address_detail_pid": "GAWA_147030957",
        "gnaf_formatted_address": "53 NYABALEE ROAD",
        "gnaf_confidence": "0",
        "gnaf_postcode": "6753",
        "gnaf_suburb": "NEWMAN",
        "distance_to_gnaf": 1,
        "gnaf_lat": "-23.354169999999954",
        "gnaf_long": "119.73837000000003"
      },
      "geometry": {
        "type": "Point",
        "coordinates": [
          119.73838341950386,
          -23.354144677985463
        ]
      }
    },
    {
      "type": "Feature",
      "properties": {
        "objectid": 1139,
        "featuretype": "EMERGENCY FACILITY",
        "descripton": "An emergency management facility from which a particular agency\u2019s resources are commanded, coordinated and assigned to an incident or emergency",
        "class": "AMBULANCE STATION",
        "facility_name": "OCEAN FARM",
        "facility_operationalstatus": "OPERATIONAL",
        "facility_address": "OCEAN FARM DRIVE",
        "abs_suburb": "NILGEN",
        "facility_state": "WESTERN AUSTRALIA",
        "abs_postcode": "6044",
        "facility_attribute_source": "WA ST JOHN AMBULANCE",
        "facility_attribute_date": null,
        "facility_source": "WA ST JOHN AMBULANCE",
        "facility_date": null,
        "facility_spatial_confidence": null,
        "facility_revised": "2018-11-21T00:00:00Z",
        "comment_": null,
        "facility_lat": "-30.961499999999944",
        "facility_long": "115.39700000000005",
        "validated": null,
        "gnaf_building_name": null,
        "gnaf_address_detail_pid": "GAWA_147354921",
        "gnaf_formatted_address": "748 OCEAN FARM DRIVE",
        "gnaf_confidence": "2",
        "gnaf_postcode": "6044",
        "gnaf_suburb": "NILGEN",
        "distance_to_gnaf": 42,
        "gnaf_lat": "-30.961299999999937",
        "gnaf_long": "115.39663000000007"
      },
      "geometry": {
        "type": "Point",
        "coordinates": [
          115.39701069453203,
          -30.961486627632453
        ]
      }
    },
    {
      "type": "Feature",
      "properties": {
        "objectid": 1140,
        "featuretype": "EMERGENCY FACILITY",
        "descripton": "An emergency management facility from which a particular agency\u2019s resources are commanded, coordinated and assigned to an incident or emergency",
        "class": "AMBULANCE STATION",
        "facility_name": "NORSEMAN",
        "facility_operationalstatus": "OPERATIONAL",
        "facility_address": null,
        "abs_suburb": "NORSEMAN",
        "facility_state": "WESTERN AUSTRALIA",
        "abs_postcode": "6443",
        "facility_attribute_source": "WA ST JOHN AMBULANCE",
        "facility_attribute_date": null,
        "facility_source": "WA ST JOHN AMBULANCE",
        "facility_date": null,
        "facility_spatial_confidence": null,
        "facility_revised": "2018-11-21T00:00:00Z",
        "comment_": null,
        "facility_lat": "-32.19479229999996",
        "facility_long": "121.77832780000006",
        "validated": null,
        "gnaf_building_name": null,
        "gnaf_address_detail_pid": "GAWA_147065367",
        "gnaf_formatted_address": "53 PRINSEP STREET",
        "gnaf_confidence": "1",
        "gnaf_postcode": "6443",
        "gnaf_suburb": "NORSEMAN",
        "distance_to_gnaf": 3,
        "gnaf_lat": "-32.19477999999998",
        "gnaf_long": "121.77836000000002"
      },
      "geometry": {
        "type": "Point",
        "coordinates": [
          121.77833766340927,
          -32.19477865413637
        ]
      }
    },
    {
      "type": "Feature",
      "properties": {
        "objectid": 1141,
        "featuretype": "EMERGENCY FACILITY",
        "descripton": "An emergency management facility from which a particular agency\u2019s resources are commanded, coordinated and assigned to an incident or emergency",
        "class": "AMBULANCE STATION",
        "facility_name": "NORTHAM SUB-CENTRE",
        "facility_operationalstatus": "OPERATIONAL",
        "facility_address": "25 TAMPLIN STREET",
        "abs_suburb": "NORTHAM",
        "facility_state": "WESTERN AUSTRALIA",
        "abs_postcode": "6401",
        "facility_attribute_source": "WA ST JOHN AMBULANCE",
        "facility_attribute_date": null,
        "facility_source": "WA ST JOHN AMBULANCE",
        "facility_date": null,
        "facility_spatial_confidence": null,
        "facility_revised": "2018-11-21T00:00:00Z",
        "comment_": null,
        "facility_lat": "-31.652245999999934",
        "facility_long": "116.65714300000002",
        "validated": null,
        "gnaf_building_name": null,
        "gnaf_address_detail_pid": "GAWA_719405087",
        "gnaf_formatted_address": "29 TAMPLIN STREET",
        "gnaf_confidence": "1",
        "gnaf_postcode": "6401",
        "gnaf_suburb": "NORTHAM",
        "distance_to_gnaf": 2,
        "gnaf_lat": "-31.65223285999997",
        "gnaf_long": "116.65714485000001"
      },
      "geometry": {
        "type": "Point",
        "coordinates": [
          116.65715357020484,
          -31.65223256194491
        ]
      }
    },
    {
      "type": "Feature",
      "properties": {
        "objectid": 1150,
        "featuretype": "EMERGENCY FACILITY",
        "descripton": "An emergency management facility from which a particular agency\u2019s resources are commanded, coordinated and assigned to an incident or emergency",
        "class": "AMBULANCE STATION",
        "facility_name": "BROOME",
        "facility_operationalstatus": "OPERATIONAL",
        "facility_address": "20 CABLE BEACH ROAD EAST",
        "abs_suburb": "DJUGUN",
        "facility_state": "WESTERN AUSTRALIA",
        "abs_postcode": "6725",
        "facility_attribute_source": "WA ST JOHN AMBULANCE",
        "facility_attribute_date": null,
        "facility_source": "WA ST JOHN AMBULANCE",
        "facility_date": null,
        "facility_spatial_confidence": null,
        "facility_revised": "2018-11-21T00:00:00Z",
        "comment_": null,
        "facility_lat": "-17.953083124999978",
        "facility_long": "122.22104624700012",
        "validated": null,
        "gnaf_building_name": null,
        "gnaf_address_detail_pid": "GAWA_147095412",
        "gnaf_formatted_address": "20 CABLE BEACH ROAD",
        "gnaf_confidence": "1",
        "gnaf_postcode": "6725",
        "gnaf_suburb": "DJUGUN",
        "distance_to_gnaf": 371,
        "gnaf_lat": "-17.95193999999998",
        "gnaf_long": "122.2243400000001"
      },
      "geometry": {
        "type": "Point",
        "coordinates": [
          122.22105554084025,
          -17.95306938382425
        ]
      }
    },
    {
      "type": "Feature",
      "properties": {
        "objectid": 1151,
        "featuretype": "EMERGENCY FACILITY",
        "descripton": "An emergency management facility from which a particular agency\u2019s resources are commanded, coordinated and assigned to an incident or emergency",
        "class": "AMBULANCE STATION",
        "facility_name": "NORTHAMPTON",
        "facility_operationalstatus": "OPERATIONAL",
        "facility_address": "HAMPTON ROAD",
        "abs_suburb": "NORTHAMPTON",
        "facility_state": "WESTERN AUSTRALIA",
        "abs_postcode": "6535",
        "facility_attribute_source": "WA ST JOHN AMBULANCE",
        "facility_attribute_date": null,
        "facility_source": "WA ST JOHN AMBULANCE",
        "facility_date": null,
        "facility_spatial_confidence": null,
        "facility_revised": "2018-11-21T00:00:00Z",
        "comment_": null,
        "facility_lat": "-28.34744999999998",
        "facility_long": "114.6306800000001",
        "validated": null,
        "gnaf_building_name": null,
        "gnaf_address_detail_pid": "GAWA_147031634",
        "gnaf_formatted_address": "243 HAMPTON ROAD",
        "gnaf_confidence": "1",
        "gnaf_postcode": "6535",
        "gnaf_suburb": "NORTHAMPTON",
        "distance_to_gnaf": 0,
        "gnaf_lat": "-28.34744999999998",
        "gnaf_long": "114.6306800000001"
      },
      "geometry": {
        "type": "Point",
        "coordinates": [
          114.63069059157846,
          -28.347436661090253
        ]
      }
    },
    {
      "type": "Feature",
      "properties": {
        "objectid": 1152,
        "featuretype": "EMERGENCY FACILITY",
        "descripton": "An emergency management facility from which a particular agency\u2019s resources are commanded, coordinated and assigned to an incident or emergency",
        "class": "AMBULANCE STATION",
        "facility_name": "NORTHCLIFFE",
        "facility_operationalstatus": "OPERATIONAL",
        "facility_address": "MEERUP STREET",
        "abs_suburb": "NORTHCLIFFE",
        "facility_state": "WESTERN AUSTRALIA",
        "abs_postcode": "6262",
        "facility_attribute_source": "WA ST JOHN AMBULANCE",
        "facility_attribute_date": null,
        "facility_source": "WA ST JOHN AMBULANCE",
        "facility_date": null,
        "facility_spatial_confidence": null,
        "facility_revised": "2018-11-21T00:00:00Z",
        "comment_": null,
        "facility_lat": "-34.634745099999975",
        "facility_long": "116.12276390000011",
        "validated": null,
        "gnaf_building_name": null,
        "gnaf_address_detail_pid": "GAWA_718523099",
        "gnaf_formatted_address": "9 MEERUP STREET",
        "gnaf_confidence": "1",
        "gnaf_postcode": "6262",
        "gnaf_suburb": "NORTHCLIFFE",
        "distance_to_gnaf": 13,
        "gnaf_lat": "-34.634821029999955",
        "gnaf_long": "116.12266164000005"
      },
      "geometry": {
        "type": "Point",
        "coordinates": [
          116.12277477322208,
          -34.6347317031368
        ]
      }
    },
    {
      "type": "Feature",
      "properties": {
        "objectid": 1153,
        "featuretype": "EMERGENCY FACILITY",
        "descripton": "An emergency management facility from which a particular agency\u2019s resources are commanded, coordinated and assigned to an incident or emergency",
        "class": "AMBULANCE STATION",
        "facility_name": "NYABING",
        "facility_operationalstatus": "OPERATIONAL",
        "facility_address": "15 CRONIN STREET",
        "abs_suburb": "NYABING",
        "facility_state": "WESTERN AUSTRALIA",
        "abs_postcode": "6341",
        "facility_attribute_source": "WA ST JOHN AMBULANCE",
        "facility_attribute_date": null,
        "facility_source": "WA ST JOHN AMBULANCE",
        "facility_date": null,
        "facility_spatial_confidence": null,
        "facility_revised": "2018-11-21T00:00:00Z",
        "comment_": null,
        "facility_lat": "-33.54146659999998",
        "facility_long": "118.14697530000001",
        "validated": null,
        "gnaf_building_name": null,
        "gnaf_address_detail_pid": "GAWA_146991793",
        "gnaf_formatted_address": "15 CRONIN STREET",
        "gnaf_confidence": "2",
        "gnaf_postcode": "6341",
        "gnaf_suburb": "NYABING",
        "distance_to_gnaf": 242,
        "gnaf_lat": "-33.54308764999996",
        "gnaf_long": "118.14871587000005"
      },
      "geometry": {
        "type": "Point",
        "coordinates": [
          118.14698577901358,
          -33.54145309800384
        ]
      }
    },
    {
      "type": "Feature",
      "properties": {
        "objectid": 1154,
        "featuretype": "EMERGENCY FACILITY",
        "descripton": "An emergency management facility from which a particular agency\u2019s resources are commanded, coordinated and assigned to an incident or emergency",
        "class": "AMBULANCE STATION",
        "facility_name": "ONGERUP",
        "facility_operationalstatus": "OPERATIONAL",
        "facility_address": "179 ELDRIDGE STREET",
        "abs_suburb": "ONGERUP",
        "facility_state": "WESTERN AUSTRALIA",
        "abs_postcode": "6336",
        "facility_attribute_source": "WA ST JOHN AMBULANCE",
        "facility_attribute_date": null,
        "facility_source": "WA ST JOHN AMBULANCE",
        "facility_date": null,
        "facility_spatial_confidence": null,
        "facility_revised": "2018-11-21T00:00:00Z",
        "comment_": null,
        "facility_lat": "-33.964399267999966",
        "facility_long": "118.48869363800009",
        "validated": null,
        "gnaf_building_name": null,
        "gnaf_address_detail_pid": "GAWA_719040385",
        "gnaf_formatted_address": "25 ELDRIDGE STREET",
        "gnaf_confidence": "2",
        "gnaf_postcode": "6336",
        "gnaf_suburb": "ONGERUP",
        "distance_to_gnaf": 6,
        "gnaf_lat": "-33.96435412999995",
        "gnaf_long": "118.48872301000006"
      },
      "geometry": {
        "type": "Point",
        "coordinates": [
          118.48870409128479,
          -33.96438575265023
        ]
      }
    },
    {
      "type": "Feature",
      "properties": {
        "objectid": 1155,
        "featuretype": "EMERGENCY FACILITY",
        "descripton": "An emergency management facility from which a particular agency\u2019s resources are commanded, coordinated and assigned to an incident or emergency",
        "class": "AMBULANCE STATION",
        "facility_name": "BOYANUP",
        "facility_operationalstatus": "OPERATIONAL",
        "facility_address": "CNR HURST ROAD & DARDANUP-PICTON R",
        "abs_suburb": "BOYANUP",
        "facility_state": "WESTERN AUSTRALIA",
        "abs_postcode": "6237",
        "facility_attribute_source": "WA ST JOHN AMBULANCE",
        "facility_attribute_date": null,
        "facility_source": "WA ST JOHN AMBULANCE",
        "facility_date": null,
        "facility_spatial_confidence": null,
        "facility_revised": "2018-11-21T00:00:00Z",
        "comment_": null,
        "facility_lat": "-33.47957999999994",
        "facility_long": "115.72972000000004",
        "validated": null,
        "gnaf_building_name": null,
        "gnaf_address_detail_pid": "GAWA_147105551",
        "gnaf_formatted_address": "25 TURNER STREET",
        "gnaf_confidence": "1",
        "gnaf_postcode": "6237",
        "gnaf_suburb": "BOYANUP",
        "distance_to_gnaf": 0,
        "gnaf_lat": "-33.47957999999994",
        "gnaf_long": "115.72972000000004"
      },
      "geometry": {
        "type": "Point",
        "coordinates": [
          115.72973084310976,
          -33.47956661977897
        ]
      }
    },
    {
      "type": "Feature",
      "properties": {
        "objectid": 1156,
        "featuretype": "EMERGENCY FACILITY",
        "descripton": "An emergency management facility from which a particular agency\u2019s resources are commanded, coordinated and assigned to an incident or emergency",
        "class": "AMBULANCE STATION",
        "facility_name": "BOYUP BROOK",
        "facility_operationalstatus": "OPERATIONAL",
        "facility_address": "ABEL STREET",
        "abs_suburb": "BOYUP BROOK",
        "facility_state": "WESTERN AUSTRALIA",
        "abs_postcode": "6244",
        "facility_attribute_source": "WA ST JOHN AMBULANCE",
        "facility_attribute_date": null,
        "facility_source": "WA ST JOHN AMBULANCE",
        "facility_date": null,
        "facility_spatial_confidence": null,
        "facility_revised": "2018-11-21T00:00:00Z",
        "comment_": null,
        "facility_lat": "-33.83097299999997",
        "facility_long": "116.38511890000007",
        "validated": null,
        "gnaf_building_name": null,
        "gnaf_address_detail_pid": "GAWA_147356068",
        "gnaf_formatted_address": "37 ABEL STREET",
        "gnaf_confidence": "1",
        "gnaf_postcode": "6244",
        "gnaf_suburb": "BOYUP BROOK",
        "distance_to_gnaf": 12,
        "gnaf_lat": "-33.83106014999993",
        "gnaf_long": "116.38519027000007"
      },
      "geometry": {
        "type": "Point",
        "coordinates": [
          116.38512967010173,
          -33.83095958577749
        ]
      }
    },
    {
      "type": "Feature",
      "properties": {
        "objectid": 1157,
        "featuretype": "EMERGENCY FACILITY",
        "descripton": "An emergency management facility from which a particular agency\u2019s resources are commanded, coordinated and assigned to an incident or emergency",
        "class": "AMBULANCE STATION",
        "facility_name": "BREMER BAY",
        "facility_operationalstatus": "OPERATIONAL",
        "facility_address": null,
        "abs_suburb": "BREMER BAY",
        "facility_state": "WESTERN AUSTRALIA",
        "abs_postcode": "6338",
        "facility_attribute_source": "WA ST JOHN AMBULANCE",
        "facility_attribute_date": null,
        "facility_source": "WA ST JOHN AMBULANCE",
        "facility_date": null,
        "facility_spatial_confidence": null,
        "facility_revised": "2018-11-21T00:00:00Z",
        "comment_": null,
        "facility_lat": "-34.39749457499994",
        "facility_long": "119.37823092800011",
        "validated": null,
        "gnaf_building_name": null,
        "gnaf_address_detail_pid": "GAWA_162571412",
        "gnaf_formatted_address": "35 JOHN STREET",
        "gnaf_confidence": "0",
        "gnaf_postcode": "6338",
        "gnaf_suburb": "BREMER BAY",
        "distance_to_gnaf": 4,
        "gnaf_lat": "-34.39748138999994",
        "gnaf_long": "119.37826603000008"
      },
      "geometry": {
        "type": "Point",
        "coordinates": [
          119.37824126765105,
          -34.39748102423361
        ]
      }
    },
    {
      "type": "Feature",
      "properties": {
        "objectid": 1158,
        "featuretype": "EMERGENCY FACILITY",
        "descripton": "An emergency management facility from which a particular agency\u2019s resources are commanded, coordinated and assigned to an incident or emergency",
        "class": "AMBULANCE STATION",
        "facility_name": "BRIDGETOWN",
        "facility_operationalstatus": "OPERATIONAL",
        "facility_address": "17 PIONEER STREET",
        "abs_suburb": "BRIDGETOWN",
        "facility_state": "WESTERN AUSTRALIA",
        "abs_postcode": "6255",
        "facility_attribute_source": "WA ST JOHN AMBULANCE",
        "facility_attribute_date": null,
        "facility_source": "WA ST JOHN AMBULANCE",
        "facility_date": null,
        "facility_spatial_confidence": null,
        "facility_revised": "2018-11-21T00:00:00Z",
        "comment_": null,
        "facility_lat": "-33.95109999999994",
        "facility_long": "116.13200000000006",
        "validated": null,
        "gnaf_building_name": null,
        "gnaf_address_detail_pid": "GAWA_718391260",
        "gnaf_formatted_address": "17 PIONEER STREET",
        "gnaf_confidence": "0",
        "gnaf_postcode": "6255",
        "gnaf_suburb": "BRIDGETOWN",
        "distance_to_gnaf": 15,
        "gnaf_lat": "-33.95109076999995",
        "gnaf_long": "116.13215799000011"
      },
      "geometry": {
        "type": "Point",
        "coordinates": [
          116.13201081839398,
          -33.95108659977614
        ]
      }
    },
    {
      "type": "Feature",
      "properties": {
        "objectid": 1159,
        "featuretype": "EMERGENCY FACILITY",
        "descripton": "An emergency management facility from which a particular agency\u2019s resources are commanded, coordinated and assigned to an incident or emergency",
        "class": "AMBULANCE STATION",
        "facility_name": "DOWERIN",
        "facility_operationalstatus": "OPERATIONAL",
        "facility_address": "EAST STREET",
        "abs_suburb": "DOWERIN",
        "facility_state": "WESTERN AUSTRALIA",
        "abs_postcode": "6461",
        "facility_attribute_source": "WA ST JOHN AMBULANCE",
        "facility_attribute_date": null,
        "facility_source": "WA ST JOHN AMBULANCE",
        "facility_date": null,
        "facility_spatial_confidence": null,
        "facility_revised": "2018-11-21T00:00:00Z",
        "comment_": null,
        "facility_lat": "-31.19374419999997",
        "facility_long": "117.03354900000011",
        "validated": null,
        "gnaf_building_name": null,
        "gnaf_address_detail_pid": "GAWA_149110487",
        "gnaf_formatted_address": "23 EAST STREET",
        "gnaf_confidence": "1",
        "gnaf_postcode": "6461",
        "gnaf_suburb": "DOWERIN",
        "distance_to_gnaf": 3,
        "gnaf_lat": "-31.19372599999997",
        "gnaf_long": "117.03357500000004"
      },
      "geometry": {
        "type": "Point",
        "coordinates": [
          117.0335594855166,
          -31.193730740592613
        ]
      }
    },
    {
      "type": "Feature",
      "properties": {
        "objectid": 1160,
        "featuretype": "EMERGENCY FACILITY",
        "descripton": "An emergency management facility from which a particular agency\u2019s resources are commanded, coordinated and assigned to an incident or emergency",
        "class": "AMBULANCE STATION",
        "facility_name": "DUMBLEYUNG",
        "facility_operationalstatus": "OPERATIONAL",
        "facility_address": "30 HARVEY STREET",
        "abs_suburb": "DUMBLEYUNG",
        "facility_state": "WESTERN AUSTRALIA",
        "abs_postcode": "6350",
        "facility_attribute_source": "WA ST JOHN AMBULANCE",
        "facility_attribute_date": null,
        "facility_source": "WA ST JOHN AMBULANCE",
        "facility_date": null,
        "facility_spatial_confidence": null,
        "facility_revised": "2018-11-21T00:00:00Z",
        "comment_": null,
        "facility_lat": "-33.313124699999946",
        "facility_long": "117.74084210000001",
        "validated": null,
        "gnaf_building_name": null,
        "gnaf_address_detail_pid": "GAWA_146984531",
        "gnaf_formatted_address": "30 HARVEY STREET",
        "gnaf_confidence": "1",
        "gnaf_postcode": "6350",
        "gnaf_suburb": "DUMBLEYUNG",
        "distance_to_gnaf": 3,
        "gnaf_lat": "-33.31310948999993",
        "gnaf_long": "117.74081667000007"
      },
      "geometry": {
        "type": "Point",
        "coordinates": [
          117.74085262588552,
          -33.31311121577173
        ]
      }
    },
    {
      "type": "Feature",
      "properties": {
        "objectid": 1161,
        "featuretype": "EMERGENCY FACILITY",
        "descripton": "An emergency management facility from which a particular agency\u2019s resources are commanded, coordinated and assigned to an incident or emergency",
        "class": "AMBULANCE STATION",
        "facility_name": "DUNSBOROUGH",
        "facility_operationalstatus": "OPERATIONAL",
        "facility_address": "MARRI DRIVE",
        "abs_suburb": "DUNSBOROUGH",
        "facility_state": "WESTERN AUSTRALIA",
        "abs_postcode": "6281",
        "facility_attribute_source": "WA ST JOHN AMBULANCE",
        "facility_attribute_date": null,
        "facility_source": "WA ST JOHN AMBULANCE",
        "facility_date": null,
        "facility_spatial_confidence": null,
        "facility_revised": "2018-11-21T00:00:00Z",
        "comment_": null,
        "facility_lat": "-33.610103299999935",
        "facility_long": "115.10043170000006",
        "validated": null,
        "gnaf_building_name": "ST JOHN AMBULANCE DUNSBOROUGH",
        "gnaf_address_detail_pid": "GAWA_163009628",
        "gnaf_formatted_address": "29 MARRI DRIVE",
        "gnaf_confidence": "1",
        "gnaf_postcode": "6281",
        "gnaf_suburb": "DUNSBOROUGH",
        "distance_to_gnaf": 114,
        "gnaf_lat": "-33.61112822999996",
        "gnaf_long": "115.10042992000001"
      },
      "geometry": {
        "type": "Point",
        "coordinates": [
          115.10044264929327,
          -33.61008995609864
        ]
      }
    },
    {
      "type": "Feature",
      "properties": {
        "objectid": 1162,
        "featuretype": "EMERGENCY FACILITY",
        "descripton": "An emergency management facility from which a particular agency\u2019s resources are commanded, coordinated and assigned to an incident or emergency",
        "class": "AMBULANCE STATION",
        "facility_name": "DWELLINGUP",
        "facility_operationalstatus": "OPERATIONAL",
        "facility_address": "DEL PARK ROAD",
        "abs_suburb": "DWELLINGUP",
        "facility_state": "WESTERN AUSTRALIA",
        "abs_postcode": "6213",
        "facility_attribute_source": "WA ST JOHN AMBULANCE",
        "facility_attribute_date": null,
        "facility_source": "WA ST JOHN AMBULANCE",
        "facility_date": null,
        "facility_spatial_confidence": null,
        "facility_revised": "2018-11-21T00:00:00Z",
        "comment_": null,
        "facility_lat": "-32.71199999999993",
        "facility_long": "116.06000000000006",
        "validated": null,
        "gnaf_building_name": null,
        "gnaf_address_detail_pid": "GAWA_719038013",
        "gnaf_formatted_address": "2502 DEL PARK ROAD",
        "gnaf_confidence": "1",
        "gnaf_postcode": "6213",
        "gnaf_suburb": "DWELLINGUP",
        "distance_to_gnaf": 61,
        "gnaf_lat": "-32.711969119999935",
        "gnaf_long": "116.05934715000001"
      },
      "geometry": {
        "type": "Point",
        "coordinates": [
          116.060010734237,
          -32.71198659835291
        ]
      }
    },
    {
      "type": "Feature",
      "properties": {
        "objectid": 1163,
        "featuretype": "EMERGENCY FACILITY",
        "descripton": "An emergency management facility from which a particular agency\u2019s resources are commanded, coordinated and assigned to an incident or emergency",
        "class": "AMBULANCE STATION",
        "facility_name": "EAST BUNBURY",
        "facility_operationalstatus": "OPERATIONAL",
        "facility_address": "UNIT 1 - 33 DENNING ROAD",
        "abs_suburb": "EAST BUNBURY",
        "facility_state": "WESTERN AUSTRALIA",
        "abs_postcode": "6230",
        "facility_attribute_source": "WA ST JOHN AMBULANCE",
        "facility_attribute_date": null,
        "facility_source": "WA ST JOHN AMBULANCE",
        "facility_date": null,
        "facility_spatial_confidence": null,
        "facility_revised": "2018-11-21T00:00:00Z",
        "comment_": null,
        "facility_lat": "-33.339785366999934",
        "facility_long": "115.65312455000003",
        "validated": null,
        "gnaf_building_name": null,
        "gnaf_address_detail_pid": "GAWA_163008386",
        "gnaf_formatted_address": "UNIT 1 33 DENNING ROAD",
        "gnaf_confidence": "1",
        "gnaf_postcode": "6230",
        "gnaf_suburb": "EAST BUNBURY",
        "distance_to_gnaf": 37,
        "gnaf_lat": "-33.339567269999975",
        "gnaf_long": "115.65342372000009"
      },
      "geometry": {
        "type": "Point",
        "coordinates": [
          115.65313539362253,
          -33.33977199045536
        ]
      }
    },
    {
      "type": "Feature",
      "properties": {
        "objectid": 1164,
        "featuretype": "EMERGENCY FACILITY",
        "descripton": "An emergency management facility from which a particular agency\u2019s resources are commanded, coordinated and assigned to an incident or emergency",
        "class": "AMBULANCE STATION",
        "facility_name": "SANDFIRE",
        "facility_operationalstatus": "OPERATIONAL",
        "facility_address": null,
        "abs_suburb": "EIGHTY MILE BEACH",
        "facility_state": "WESTERN AUSTRALIA",
        "abs_postcode": "6725",
        "facility_attribute_source": "WA ST JOHN AMBULANCE",
        "facility_attribute_date": null,
        "facility_source": "WA ST JOHN AMBULANCE",
        "facility_date": null,
        "facility_spatial_confidence": null,
        "facility_revised": "2018-11-21T00:00:00Z",
        "comment_": null,
        "facility_lat": "-19.768299999999954",
        "facility_long": "121.0920000000001",
        "validated": null,
        "gnaf_building_name": null,
        "gnaf_address_detail_pid": "GAWA_162787040",
        "gnaf_formatted_address": "LOT 6 GREAT NORTHERN HIGHWAY",
        "gnaf_confidence": "1",
        "gnaf_postcode": "6725",
        "gnaf_suburb": "EIGHTY MILE BEACH",
        "distance_to_gnaf": 145,
        "gnaf_lat": "-19.769568659999948",
        "gnaf_long": "121.09165152000003"
      },
      "geometry": {
        "type": "Point",
        "coordinates": [
          121.09200944523486,
          -19.768286306532346
        ]
      }
    },
    {
      "type": "Feature",
      "properties": {
        "objectid": 1165,
        "featuretype": "EMERGENCY FACILITY",
        "descripton": "An emergency management facility from which a particular agency\u2019s resources are commanded, coordinated and assigned to an incident or emergency",
        "class": "AMBULANCE STATION",
        "facility_name": "ENEABBA",
        "facility_operationalstatus": "OPERATIONAL",
        "facility_address": "LOT 377 KING STREET",
        "abs_suburb": "ENEABBA",
        "facility_state": "WESTERN AUSTRALIA",
        "abs_postcode": "6518",
        "facility_attribute_source": "WA ST JOHN AMBULANCE",
        "facility_attribute_date": null,
        "facility_source": "WA ST JOHN AMBULANCE",
        "facility_date": null,
        "facility_spatial_confidence": null,
        "facility_revised": "2018-11-21T00:00:00Z",
        "comment_": null,
        "facility_lat": "-29.81932999999998",
        "facility_long": "115.27059000000008",
        "validated": null,
        "gnaf_building_name": null,
        "gnaf_address_detail_pid": "GAWA_146962303",
        "gnaf_formatted_address": "9 KING STREET",
        "gnaf_confidence": "1",
        "gnaf_postcode": "6518",
        "gnaf_suburb": "ENEABBA",
        "distance_to_gnaf": 0,
        "gnaf_lat": "-29.81932999999998",
        "gnaf_long": "115.27059000000008"
      },
      "geometry": {
        "type": "Point",
        "coordinates": [
          115.27060062390268,
          -29.819316629793967
        ]
      }
    },
    {
      "type": "Feature",
      "properties": {
        "objectid": 1166,
        "featuretype": "EMERGENCY FACILITY",
        "descripton": "An emergency management facility from which a particular agency\u2019s resources are commanded, coordinated and assigned to an incident or emergency",
        "class": "AMBULANCE STATION",
        "facility_name": "THREE SPRINGS",
        "facility_operationalstatus": "OPERATIONAL",
        "facility_address": "87 RAILWAY ROAD",
        "abs_suburb": "THREE SPRINGS",
        "facility_state": "WESTERN AUSTRALIA",
        "abs_postcode": "6519",
        "facility_attribute_source": "WA ST JOHN AMBULANCE",
        "facility_attribute_date": null,
        "facility_source": "WA ST JOHN AMBULANCE",
        "facility_date": null,
        "facility_spatial_confidence": null,
        "facility_revised": "2018-11-21T00:00:00Z",
        "comment_": "NO GNAF POINT",
        "facility_lat": "-29.535621999999933",
        "facility_long": "115.76419930000009",
        "validated": null,
        "gnaf_building_name": null,
        "gnaf_address_detail_pid": null,
        "gnaf_formatted_address": null,
        "gnaf_confidence": null,
        "gnaf_postcode": null,
        "gnaf_suburb": null,
        "distance_to_gnaf": null,
        "gnaf_lat": null,
        "gnaf_long": null
      },
      "geometry": {
        "type": "Point",
        "coordinates": [
          115.76420983858134,
          -29.53560860039555
        ]
      }
    },
    {
      "type": "Feature",
      "properties": {
        "objectid": 1167,
        "featuretype": "EMERGENCY FACILITY",
        "descripton": "An emergency management facility from which a particular agency\u2019s resources are commanded, coordinated and assigned to an incident or emergency",
        "class": "AMBULANCE STATION",
        "facility_name": "BROOKTON",
        "facility_operationalstatus": "OPERATIONAL",
        "facility_address": "WILLIAMS STREET",
        "abs_suburb": "BROOKTON",
        "facility_state": "WESTERN AUSTRALIA",
        "abs_postcode": "6306",
        "facility_attribute_source": "WA ST JOHN AMBULANCE",
        "facility_attribute_date": null,
        "facility_source": "WA ST JOHN AMBULANCE",
        "facility_date": null,
        "facility_spatial_confidence": null,
        "facility_revised": "2018-11-21T00:00:00Z",
        "comment_": null,
        "facility_lat": "-32.36753999999996",
        "facility_long": "117.00797000000011",
        "validated": null,
        "gnaf_building_name": null,
        "gnaf_address_detail_pid": "GAWA_147023223",
        "gnaf_formatted_address": "14 WILLIAMS STREET",
        "gnaf_confidence": "2",
        "gnaf_postcode": "6306",
        "gnaf_suburb": "BROOKTON",
        "distance_to_gnaf": 0,
        "gnaf_lat": "-32.36753999999996",
        "gnaf_long": "117.00797000000011"
      },
      "geometry": {
        "type": "Point",
        "coordinates": [
          117.00798057018724,
          -32.36752654724149
        ]
      }
    },
    {
      "type": "Feature",
      "properties": {
        "objectid": 1168,
        "featuretype": "EMERGENCY FACILITY",
        "descripton": "An emergency management facility from which a particular agency\u2019s resources are commanded, coordinated and assigned to an incident or emergency",
        "class": "AMBULANCE STATION",
        "facility_name": "BRUCE ROCK",
        "facility_operationalstatus": "OPERATIONAL",
        "facility_address": "CNR DUNSTAL & OSBORNE STREETS",
        "abs_suburb": "BRUCE ROCK",
        "facility_state": "WESTERN AUSTRALIA",
        "abs_postcode": "6418",
        "facility_attribute_source": "WA ST JOHN AMBULANCE",
        "facility_attribute_date": null,
        "facility_source": "WA ST JOHN AMBULANCE",
        "facility_date": null,
        "facility_spatial_confidence": null,
        "facility_revised": "2018-11-21T00:00:00Z",
        "comment_": null,
        "facility_lat": "-31.873599999999954",
        "facility_long": "118.14800000000002",
        "validated": null,
        "gnaf_building_name": null,
        "gnaf_address_detail_pid": "GAWA_720109094",
        "gnaf_formatted_address": "41 DUNSTALL STREET",
        "gnaf_confidence": "1",
        "gnaf_postcode": "6418",
        "gnaf_suburb": "BRUCE ROCK",
        "distance_to_gnaf": 10,
        "gnaf_lat": "-31.873638769999957",
        "gnaf_long": "118.14809859000002"
      },
      "geometry": {
        "type": "Point",
        "coordinates": [
          118.14801037263715,
          -31.87358649026472
        ]
      }
    },
    {
      "type": "Feature",
      "properties": {
        "objectid": 1169,
        "featuretype": "EMERGENCY FACILITY",
        "descripton": "An emergency management facility from which a particular agency\u2019s resources are commanded, coordinated and assigned to an incident or emergency",
        "class": "AMBULANCE STATION",
        "facility_name": "BRUNSWICK",
        "facility_operationalstatus": "OPERATIONAL",
        "facility_address": "RIDLEY STREET",
        "abs_suburb": "BRUNSWICK",
        "facility_state": "WESTERN AUSTRALIA",
        "abs_postcode": "6224",
        "facility_attribute_source": "WA ST JOHN AMBULANCE",
        "facility_attribute_date": null,
        "facility_source": "WA ST JOHN AMBULANCE",
        "facility_date": null,
        "facility_spatial_confidence": null,
        "facility_revised": "2018-11-21T00:00:00Z",
        "comment_": null,
        "facility_lat": "-33.25297793499993",
        "facility_long": "115.83771216100001",
        "validated": null,
        "gnaf_building_name": null,
        "gnaf_address_detail_pid": "GAWA_146972760",
        "gnaf_formatted_address": "1 RIDLEY STREET",
        "gnaf_confidence": "0",
        "gnaf_postcode": "6224",
        "gnaf_suburb": "BRUNSWICK",
        "distance_to_gnaf": 29,
        "gnaf_lat": "-33.25323427999996",
        "gnaf_long": "115.83767237000006"
      },
      "geometry": {
        "type": "Point",
        "coordinates": [
          115.8377229699875,
          -33.2529645478411
        ]
      }
    },
    {
      "type": "Feature",
      "properties": {
        "objectid": 1170,
        "featuretype": "EMERGENCY FACILITY",
        "descripton": "An emergency management facility from which a particular agency\u2019s resources are commanded, coordinated and assigned to an incident or emergency",
        "class": "AMBULANCE STATION",
        "facility_name": "BULLSBROOK",
        "facility_operationalstatus": "OPERATIONAL",
        "facility_address": "CNR NORTH AVE & GREAT NORTHEN HIGH",
        "abs_suburb": "BULLSBROOK",
        "facility_state": "WESTERN AUSTRALIA",
        "abs_postcode": "6084",
        "facility_attribute_source": "WA ST JOHN AMBULANCE",
        "facility_attribute_date": null,
        "facility_source": "WA ST JOHN AMBULANCE",
        "facility_date": null,
        "facility_spatial_confidence": null,
        "facility_revised": "2018-11-21T00:00:00Z",
        "comment_": null,
        "facility_lat": "-31.660513999999978",
        "facility_long": "116.02562400000011",
        "validated": null,
        "gnaf_building_name": null,
        "gnaf_address_detail_pid": "GAWA_163083693",
        "gnaf_formatted_address": "LOT 200 NORTH AVENUE",
        "gnaf_confidence": "0",
        "gnaf_postcode": "6084",
        "gnaf_suburb": "BULLSBROOK",
        "distance_to_gnaf": 100,
        "gnaf_lat": "-31.661413659999937",
        "gnaf_long": "116.02571001000001"
      },
      "geometry": {
        "type": "Point",
        "coordinates": [
          116.02563466008753,
          -31.660500595596172
        ]
      }
    }
  ]
}