{"type":"FeatureCollection","features":[{"type":"Feature","id":1,"geometry":{"type":"Point","coordinates":[117.18055885709926,-32.93044602147207]},"properties":{"objectid":1,"displaynam":"MINIGIN","lgacode":6460,"omsnumber":6418,"type":"BFB"}},{"type":"Feature","id":2,"geometry":{"type":"Point","coordinates":[117.18055885709926,-32.93044602147207]},"properties":{"objectid":2,"displaynam":"NARROGIN CENTRAL","lgacode":6460,"omsnumber":6471,"type":"BFB"}},{"type":"Feature","id":3,"geometry":{"type":"Point","coordinates":[117.07987597884956,-32.52748275514822]},"properties":{"objectid":3,"displaynam":"EAST PINGELLY","lgacode":7140,"omsnumber":6526,"type":"BFB"}},{"type":"Feature","id":4,"geometry":{"type":"Point","coordinates":[117.34572599963278,-34.68832100011099]},"properties":{"objectid":4,"displaynam":"DENBARKER","lgacode":7210,"omsnumber":6197,"type":"BFB"}},{"type":"Feature","id":5,"geometry":{"type":"Point","coordinates":[117.28614842395416,-33.19383216260349]},"properties":{"objectid":5,"displaynam":"PIESSEVILLE","lgacode":8610,"omsnumber":6523,"type":"BFB"}},{"type":"Feature","id":6,"geometry":{"type":"Point","coordinates":[117.19081213070324,-33.362604460911754]},"properties":{"objectid":6,"displaynam":"WEDGECARRUP","lgacode":8610,"omsnumber":6642,"type":"BFB"}},{"type":"Feature","id":7,"geometry":{"type":"Point","coordinates":[116.79423611092926,-31.635603889425898]},"properties":{"objectid":7,"displaynam":"GRASS VALLEY","lgacode":6730,"omsnumber":6267,"type":"BFB"}},{"type":"Feature","id":8,"geometry":{"type":"Point","coordinates":[116.43770804864079,-31.82418539127159]},"properties":{"objectid":8,"displaynam":"INKPEN","lgacode":6730,"omsnumber":6300,"type":"BFB"}},{"type":"Feature","id":9,"geometry":{"type":"Point","coordinates":[116.63714833270343,-31.57770611085524]},"properties":{"objectid":9,"displaynam":"IRISHTOWN","lgacode":6730,"omsnumber":6301,"type":"BFB"}},{"type":"Feature","id":10,"geometry":{"type":"Point","coordinates":[116.84367871281569,-31.546181947466774]},"properties":{"objectid":10,"displaynam":"SOUTHERN BROOK","lgacode":6730,"omsnumber":6588,"type":"BFB"}},{"type":"Feature","id":11,"geometry":{"type":"Point","coordinates":[116.12169666738947,-34.63393166688023]},"properties":{"objectid":11,"displaynam":"NORTHCLIFFE","lgacode":5180,"omsnumber":101,"type":"VFRS"}},{"type":"Feature","id":12,"geometry":{"type":"Point","coordinates":[116.73339111141064,-34.97800277830407]},"properties":{"objectid":12,"displaynam":"WALPOLE","lgacode":5180,"omsnumber":103,"type":"VFRS"}},{"type":"Feature","id":13,"geometry":{"type":"Point","coordinates":[117.87464570759097,-32.332574743288326]},"properties":{"objectid":13,"displaynam":"CORRIGIN","lgacode":2100,"omsnumber":111,"type":"VFRS"}},{"type":"Feature","id":14,"geometry":{"type":"Point","coordinates":[115.82301937694758,-33.57605424148725]},"properties":{"objectid":14,"displaynam":"DONNYBROOK","lgacode":2870,"omsnumber":114,"type":"VFRS"}},{"type":"Feature","id":15,"geometry":{"type":"Point","coordinates":[115.89695944434196,-33.07808500000839]},"properties":{"objectid":15,"displaynam":"HARVEY","lgacode":3990,"omsnumber":115,"type":"VFRS"}},{"type":"Feature","id":16,"geometry":{"type":"Point","coordinates":[117.00820055478849,-32.367597222463615]},"properties":{"objectid":16,"displaynam":"BROOKTON","lgacode":910,"omsnumber":117,"type":"VFRS"}},{"type":"Feature","id":17,"geometry":{"type":"Point","coordinates":[117.55303333333065,-33.689350555922886]},"properties":{"objectid":17,"displaynam":"KATANNING","lgacode":4340,"omsnumber":121,"type":"VFRS"}},{"type":"Feature","id":18,"geometry":{"type":"Point","coordinates":[115.83722888917329,-33.25350000028951]},"properties":{"objectid":18,"displaynam":"BRUNSWICK JUNCTION","lgacode":3990,"omsnumber":125,"type":"VFRS"}},{"type":"Feature","id":19,"geometry":{"type":"Point","coordinates":[119.7390211110653,-23.352491667358276]},"properties":{"objectid":19,"displaynam":"NEWMAN","lgacode":3220,"omsnumber":129,"type":"VFRS"}},{"type":"Feature","id":20,"geometry":{"type":"Point","coordinates":[113.53349888923117,-25.918974999959016]},"properties":{"objectid":20,"displaynam":"DENHAM / SHARK BAY","lgacode":7770,"omsnumber":131,"type":"VFRS"}},{"type":"Feature","id":21,"geometry":{"type":"Point","coordinates":[116.13650222225618,-33.955880000446115]},"properties":{"objectid":21,"displaynam":"BRIDGETOWN","lgacode":840,"omsnumber":136,"type":"VFRS"}},{"type":"Feature","id":22,"geometry":{"type":"Point","coordinates":[117.1587374001634,-33.83231210013618]},"properties":{"objectid":22,"displaynam":"KOJONUP","lgacode":4550,"omsnumber":138,"type":"VFRS"}},{"type":"Feature","id":23,"geometry":{"type":"Point","coordinates":[117.7226549995947,-31.632147221694712]},"properties":{"objectid":23,"displaynam":"KELLERBERRIN","lgacode":4410,"omsnumber":139,"type":"VFRS"}},{"type":"Feature","id":24,"geometry":{"type":"Point","coordinates":[115.34796555525864,-33.65180388891931]},"properties":{"objectid":24,"displaynam":"BUSSELTON","lgacode":1260,"omsnumber":140,"type":"VFRS"}},{"type":"Feature","id":25,"geometry":{"type":"Point","coordinates":[118.46304111139564,-33.102303333276744]},"properties":{"objectid":25,"displaynam":"LAKE GRACE","lgacode":4900,"omsnumber":143,"type":"VFRS"}},{"type":"Feature","id":26,"geometry":{"type":"Point","coordinates":[121.33126277813345,-28.882863332560497]},"properties":{"objectid":26,"displaynam":"LEONORA","lgacode":5040,"omsnumber":144,"type":"VFRS"}},{"type":"Feature","id":27,"geometry":{"type":"Point","coordinates":[115.06939385379296,-33.96109713087717]},"properties":{"objectid":27,"displaynam":"MARGARET RIVER","lgacode":280,"omsnumber":147,"type":"VFRS"}},{"type":"Feature","id":28,"geometry":{"type":"Point","coordinates":[117.8457150000197,-28.063374444710078]},"properties":{"objectid":28,"displaynam":"MOUNT MAGNET","lgacode":5810,"omsnumber":152,"type":"VFRS"}},{"type":"Feature","id":29,"geometry":{"type":"Point","coordinates":[115.50942868267076,-28.539740494054296]},"properties":{"objectid":29,"displaynam":"MULLEWA","lgacode":3800,"omsnumber":159,"type":"VFRS"}},{"type":"Feature","id":30,"geometry":{"type":"Point","coordinates":[120.69893833214265,-27.91756602991834]},"properties":{"objectid":30,"displaynam":"LEINSTER","lgacode":5040,"omsnumber":4274,"type":"PFRS"}},{"type":"Feature","id":31,"geometry":{"type":"Point","coordinates":[122.2295022221762,-17.96547722185095]},"properties":{"objectid":31,"displaynam":"BROOME","lgacode":980,"omsnumber":4911,"type":"SESU"}},{"type":"Feature","id":32,"geometry":{"type":"Point","coordinates":[118.63823242112302,-20.380912357023306]},"properties":{"objectid":32,"displaynam":"PORT HEDLAND","lgacode":7280,"omsnumber":4963,"type":"SESU"}},{"type":"Feature","id":33,"geometry":{"type":"Point","coordinates":[117.79805616395622,-22.699009138180088]},"properties":{"objectid":33,"displaynam":"TOM PRICE","lgacode":250,"omsnumber":4971,"type":"SESU"}},{"type":"Feature","id":34,"geometry":{"type":"Point","coordinates":[117.1424801383814,-20.67376000032004]},"properties":{"objectid":34,"displaynam":"ROEBOURNE","lgacode":4310,"omsnumber":4977,"type":"SESU"}},{"type":"Feature","id":35,"geometry":{"type":"Point","coordinates":[118.4972400004446,-26.591811111412376]},"properties":{"objectid":35,"displaynam":"MEEKATHARRA","lgacode":5250,"omsnumber":4946,"type":"SESU"}},{"type":"Feature","id":36,"geometry":{"type":"Point","coordinates":[113.53648488233104,-25.919854711834986]},"properties":{"objectid":36,"displaynam":"SHARK BAY","lgacode":7770,"omsnumber":4968,"type":"SESU"}},{"type":"Feature","id":37,"geometry":{"type":"Point","coordinates":[117.35305895070617,-34.96886335443881]},"properties":{"objectid":37,"displaynam":"DENMARK","lgacode":2730,"omsnumber":4922,"type":"SESU"}},{"type":"Feature","id":38,"geometry":{"type":"Point","coordinates":[118.00309478237088,-33.93800443326486]},"properties":{"objectid":38,"displaynam":"GNOWANGERUP","lgacode":3640,"omsnumber":4930,"type":"SESU"}},{"type":"Feature","id":39,"geometry":{"type":"Point","coordinates":[117.67201916469797,-34.62626555837398]},"properties":{"objectid":39,"displaynam":"MT BARKER","lgacode":7210,"omsnumber":4952,"type":"SESU"}},{"type":"Feature","id":40,"geometry":{"type":"Point","coordinates":[117.08208242344418,-32.53389477001887]},"properties":{"objectid":40,"displaynam":"PINGELLY","lgacode":7140,"omsnumber":4962,"type":"SESU"}},{"type":"Feature","id":41,"geometry":{"type":"Point","coordinates":[115.93790181615556,-31.985844338599733]},"properties":{"objectid":41,"displaynam":"CANINE UNIT","lgacode":490,"omsnumber":4979,"type":"SESU"}},{"type":"Feature","id":42,"geometry":{"type":"Point","coordinates":[115.06890662151017,-33.96119188783083]},"properties":{"objectid":42,"displaynam":"MARGARET RIVER","lgacode":280,"omsnumber":4903,"type":"SESU"}},{"type":"Feature","id":43,"geometry":{"type":"Point","coordinates":[115.73986499998396,-33.27695500040104]},"properties":{"objectid":43,"displaynam":"AUSTRALIND","lgacode":3990,"omsnumber":4904,"type":"SESU"}},{"type":"Feature","id":44,"geometry":{"type":"Point","coordinates":[116.47436574277945,-32.80122567781569]},"properties":{"objectid":44,"displaynam":"BODDINGTON","lgacode":630,"omsnumber":4908,"type":"SESU"}},{"type":"Feature","id":45,"geometry":{"type":"Point","coordinates":[120.04070375765198,-33.58182861476569]},"properties":{"objectid":45,"displaynam":"RAVENSTHORPE","lgacode":7420,"omsnumber":4964,"type":"SESU"}},{"type":"Feature","id":46,"geometry":{"type":"Point","coordinates":[118.28944716965697,-31.479020125077316]},"properties":{"objectid":46,"displaynam":"MERREDIN","lgacode":5460,"omsnumber":4948,"type":"SESU"}},{"type":"Feature","id":47,"geometry":{"type":"Point","coordinates":[116.67848944370152,-31.652198332908853]},"properties":{"objectid":47,"displaynam":"NORTHAM AND DISTRICTS","lgacode":6730,"omsnumber":4959,"type":"SESU"}},{"type":"Feature","id":48,"geometry":{"type":"Point","coordinates":[115.2635889387161,-29.819677253896348]},"properties":{"objectid":48,"displaynam":"COASTAL DISTRICTS","lgacode":1470,"omsnumber":4917,"type":"SESU"}},{"type":"Feature","id":49,"geometry":{"type":"Point","coordinates":[118.09509005558684,-32.029796445812345]},"properties":{"objectid":49,"displaynam":"ARDATH","lgacode":1120,"omsnumber":6013,"type":"BFB"}},{"type":"Feature","id":50,"geometry":{"type":"Point","coordinates":[118.02203944369909,-32.12474999982498]},"properties":{"objectid":50,"displaynam":"BABAKIN","lgacode":1120,"omsnumber":6023,"type":"BFB"}},{"type":"Feature","id":51,"geometry":{"type":"Point","coordinates":[117.83508798496005,-31.93280790557475]},"properties":{"objectid":51,"displaynam":"SHACKLETON","lgacode":1120,"omsnumber":6579,"type":"BFB"}},{"type":"Feature","id":52,"geometry":{"type":"Point","coordinates":[117.03600770057537,-31.192059271086364]},"properties":{"objectid":52,"displaynam":"DOWERIN","lgacode":2940,"omsnumber":6206,"type":"BFB"}},{"type":"Feature","id":53,"geometry":{"type":"Point","coordinates":[115.08103268452328,-29.219874418553935]},"properties":{"objectid":53,"displaynam":"IRWIN","lgacode":4060,"omsnumber":6303,"type":"BFB"}},{"type":"Feature","id":54,"geometry":{"type":"Point","coordinates":[115.53890842990837,-28.79101962994969]},"properties":{"objectid":54,"displaynam":"MULLEWA SOUTH","lgacode":3800,"omsnumber":6447,"type":"BFB"}},{"type":"Feature","id":55,"geometry":{"type":"Point","coordinates":[115.64121833310533,-33.41006888903642]},"properties":{"objectid":55,"displaynam":"GELORUP","lgacode":1400,"omsnumber":6243,"type":"BFB"}},{"type":"Feature","id":56,"geometry":{"type":"Point","coordinates":[115.51011777846104,-33.527496667149464]},"properties":{"objectid":56,"displaynam":"STIRLING","lgacode":1400,"omsnumber":6593,"type":"BFB"}},{"type":"Feature","id":57,"geometry":{"type":"Point","coordinates":[116.10025121980806,-33.33801543842392]},"properties":{"objectid":57,"displaynam":"ALLANSON","lgacode":1890,"omsnumber":6008,"type":"BFB"}},{"type":"Feature","id":58,"geometry":{"type":"Point","coordinates":[116.20581473392954,-33.4290679818877]},"properties":{"objectid":58,"displaynam":"COLLIEBURN/CARDIFF","lgacode":1890,"omsnumber":6148,"type":"BFB"}},{"type":"Feature","id":59,"geometry":{"type":"Point","coordinates":[116.13887111128071,-33.314755000146306]},"properties":{"objectid":59,"displaynam":"HARRIS RIVER","lgacode":1890,"omsnumber":6277,"type":"BFB"}},{"type":"Feature","id":60,"geometry":{"type":"Point","coordinates":[116.16076944369144,-33.40843500001307]},"properties":{"objectid":60,"displaynam":"COLLIE PRESTON","lgacode":1890,"omsnumber":6540,"type":"BFB"}},{"type":"Feature","id":61,"geometry":{"type":"Point","coordinates":[115.80774137066996,-33.31116803752227]},"properties":{"objectid":61,"displaynam":"BUREKUP","lgacode":2660,"omsnumber":6107,"type":"BFB"}},{"type":"Feature","id":62,"geometry":{"type":"Point","coordinates":[115.71841388917981,-33.4122372220256]},"properties":{"objectid":62,"displaynam":"DARDANUP WEST","lgacode":2660,"omsnumber":6191,"type":"BFB"}},{"type":"Feature","id":63,"geometry":{"type":"Point","coordinates":[115.85989222178499,-33.398272222077836]},"properties":{"objectid":63,"displaynam":"FERGUSON","lgacode":2660,"omsnumber":6231,"type":"BFB"}},{"type":"Feature","id":64,"geometry":{"type":"Point","coordinates":[115.81126204371193,-33.45928760055973]},"properties":{"objectid":64,"displaynam":"JOSHUA/ CROOKED BROOK","lgacode":2660,"omsnumber":6319,"type":"BFB"}},{"type":"Feature","id":65,"geometry":{"type":"Point","coordinates":[115.85549777783837,-33.45361777785639]},"properties":{"objectid":65,"displaynam":"UPPER FERGUSON","lgacode":2660,"omsnumber":6632,"type":"BFB"}},{"type":"Feature","id":66,"geometry":{"type":"Point","coordinates":[119.51104925271878,-32.794601330814395]},"properties":{"objectid":66,"displaynam":"VARLEY","lgacode":4900,"omsnumber":6373,"type":"BFB"}},{"type":"Feature","id":67,"geometry":{"type":"Point","coordinates":[119.02462080734722,-33.09505697707134]},"properties":{"objectid":67,"displaynam":"NEWDEGATE TOWN","lgacode":4900,"omsnumber":6483,"type":"BFB"}},{"type":"Feature","id":68,"geometry":{"type":"Point","coordinates":[117.95169923560019,-32.20613235252437]},"properties":{"objectid":68,"displaynam":"BILBARIN","lgacode":2100,"omsnumber":6053,"type":"BFB"}},{"type":"Feature","id":69,"geometry":{"type":"Point","coordinates":[117.7423196955022,-32.49577767576694]},"properties":{"objectid":69,"displaynam":"BULLARING","lgacode":2100,"omsnumber":6099,"type":"BFB"}},{"type":"Feature","id":70,"geometry":{"type":"Point","coordinates":[117.51289558288212,-32.372114575304245]},"properties":{"objectid":70,"displaynam":"BULYEE / KUNJIN","lgacode":2100,"omsnumber":6103,"type":"BFB"}},{"type":"Feature","id":71,"geometry":{"type":"Point","coordinates":[117.87464570759097,-32.332574743288326]},"properties":{"objectid":71,"displaynam":"CORRIGIN CENTRAL","lgacode":2100,"omsnumber":6100,"type":"BFB"}},{"type":"Feature","id":72,"geometry":{"type":"Point","coordinates":[117.1768711930754,-32.818573928635104]},"properties":{"objectid":72,"displaynam":"CUBALLING/POPANYINNING","lgacode":2310,"omsnumber":6172,"type":"BFB"}},{"type":"Feature","id":73,"geometry":{"type":"Point","coordinates":[116.89069944447944,-34.957138888534644]},"properties":{"objectid":73,"displaynam":"HAZELVALE/TINGLEDALE","lgacode":2730,"omsnumber":6612,"type":"BFB"}},{"type":"Feature","id":74,"geometry":{"type":"Point","coordinates":[116.88171833300976,-33.026331666502436]},"properties":{"objectid":74,"displaynam":"WILLIAMS","lgacode":9170,"omsnumber":171,"type":"VFRS"}},{"type":"Feature","id":75,"geometry":{"type":"Point","coordinates":[116.38035722177797,-31.76252388913093]},"properties":{"objectid":75,"displaynam":"WUNDOWIE","lgacode":6730,"omsnumber":173,"type":"VFRS"}},{"type":"Feature","id":76,"geometry":{"type":"Point","coordinates":[121.61931700015991,-31.207786000017425]},"properties":{"objectid":76,"displaynam":"KAMBALDA","lgacode":1960,"omsnumber":177,"type":"VFRS"}},{"type":"Feature","id":77,"geometry":{"type":"Point","coordinates":[115.90744376456672,-31.354844368554083]},"properties":{"objectid":77,"displaynam":"GINGIN","lgacode":3570,"omsnumber":183,"type":"VFRS"}},{"type":"Feature","id":78,"geometry":{"type":"Point","coordinates":[116.21485277796164,-31.87522611090842]},"properties":{"objectid":78,"displaynam":"MT HELENA","lgacode":6090,"omsnumber":6436,"type":"BFB"}},{"type":"Feature","id":79,"geometry":{"type":"Point","coordinates":[116.31282833260119,-31.805896110595985]},"properties":{"objectid":79,"displaynam":"WOOROLOO","lgacode":6090,"omsnumber":6687,"type":"BFB"}},{"type":"Feature","id":80,"geometry":{"type":"Point","coordinates":[119.18445300001757,-32.43134700043728]},"properties":{"objectid":80,"displaynam":"HYDEN EAST","lgacode":4620,"omsnumber":6722,"type":"BFB"}},{"type":"Feature","id":81,"geometry":{"type":"Point","coordinates":[115.58508499978032,-31.498922777986795]},"properties":{"objectid":81,"displaynam":"TWO ROCKS","lgacode":8760,"omsnumber":4854,"type":"VMRS"}},{"type":"Feature","id":82,"geometry":{"type":"Point","coordinates":[117.52299666730617,-35.01360499975228]},"properties":{"objectid":82,"displaynam":"YOUNGS SIDING","lgacode":80,"omsnumber":6713,"type":"BFB"}},{"type":"Feature","id":83,"geometry":{"type":"Point","coordinates":[117.64077336108174,-33.84598690185878]},"properties":{"objectid":83,"displaynam":"BROOMEHILL CENTRAL","lgacode":1080,"omsnumber":6094,"type":"BFB"}},{"type":"Feature","id":84,"geometry":{"type":"Point","coordinates":[115.75687527032625,-33.33074577194727]},"properties":{"objectid":84,"displaynam":"WATERLOO","lgacode":2660,"omsnumber":6659,"type":"BFB"}},{"type":"Feature","id":85,"geometry":{"type":"Point","coordinates":[115.90265500035282,-33.45301722208024]},"properties":{"objectid":85,"displaynam":"WELLINGTON MILLS","lgacode":2660,"omsnumber":6663,"type":"BFB"}},{"type":"Feature","id":86,"geometry":{"type":"Point","coordinates":[115.76733777814775,-33.55339611114074]},"properties":{"objectid":86,"displaynam":"ARGYLE/IRISHTOWN","lgacode":2870,"omsnumber":6014,"type":"BFB"}},{"type":"Feature","id":87,"geometry":{"type":"Point","coordinates":[116.72360244165402,-31.439427652125268]},"properties":{"objectid":87,"displaynam":"JENNACUBBINE","lgacode":3710,"omsnumber":6313,"type":"BFB"}},{"type":"Feature","id":88,"geometry":{"type":"Point","coordinates":[117.92951501272354,-31.369912168039573]},"properties":{"objectid":88,"displaynam":"BAANDEE","lgacode":4410,"omsnumber":6021,"type":"BFB"}},{"type":"Feature","id":89,"geometry":{"type":"Point","coordinates":[117.24328131097975,-31.64836904786884]},"properties":{"objectid":89,"displaynam":"CUNDERDIN","lgacode":2450,"omsnumber":6174,"type":"BFB"}},{"type":"Feature","id":90,"geometry":{"type":"Point","coordinates":[117.0076493671733,-31.63145354403492]},"properties":{"objectid":90,"displaynam":"MECKERING","lgacode":2450,"omsnumber":6407,"type":"BFB"}},{"type":"Feature","id":91,"geometry":{"type":"Point","coordinates":[117.28489036454656,-31.421694862813574]},"properties":{"objectid":91,"displaynam":"YGNATTERING","lgacode":2450,"omsnumber":6970,"type":"BFB"}},{"type":"Feature","id":92,"geometry":{"type":"Point","coordinates":[116.13793777793958,-33.95711833307474]},"properties":{"objectid":92,"displaynam":"BRIDGETOWN","lgacode":840,"omsnumber":4910,"type":"SESU"}},{"type":"Feature","id":93,"geometry":{"type":"Point","coordinates":[115.6673024213433,-33.359500810233776]},"properties":{"objectid":93,"displaynam":"BUNBURY","lgacode":1190,"omsnumber":4913,"type":"SESU"}},{"type":"Feature","id":94,"geometry":{"type":"Point","coordinates":[115.32378573393005,-33.681536458209955]},"properties":{"objectid":94,"displaynam":"BUSSELTON","lgacode":1260,"omsnumber":4914,"type":"SESU"}},{"type":"Feature","id":95,"geometry":{"type":"Point","coordinates":[116.15062111076328,-33.35761277815179]},"properties":{"objectid":95,"displaynam":"COLLIE","lgacode":1890,"omsnumber":4919,"type":"SESU"}},{"type":"Feature","id":96,"geometry":{"type":"Point","coordinates":[115.81034275159449,-33.5750430850211]},"properties":{"objectid":96,"displaynam":"DONNYBROOK","lgacode":2870,"omsnumber":4924,"type":"SESU"}},{"type":"Feature","id":97,"geometry":{"type":"Point","coordinates":[115.8980722217186,-33.07878500008239]},"properties":{"objectid":97,"displaynam":"HARVEY","lgacode":3990,"omsnumber":4934,"type":"SESU"}},{"type":"Feature","id":98,"geometry":{"type":"Point","coordinates":[116.1447299999837,-34.23979000004542]},"properties":{"objectid":98,"displaynam":"MANJIMUP","lgacode":5180,"omsnumber":4945,"type":"SESU"}},{"type":"Feature","id":99,"geometry":{"type":"Point","coordinates":[115.76390722243909,-33.99555555637229]},"properties":{"objectid":99,"displaynam":"NANNUP","lgacode":6300,"omsnumber":4955,"type":"SESU"}},{"type":"Feature","id":100,"geometry":{"type":"Point","coordinates":[116.74037494196291,-34.97474332389719]},"properties":{"objectid":100,"displaynam":"WALPOLE","lgacode":5180,"omsnumber":4982,"type":"SESU"}},{"type":"Feature","id":101,"geometry":{"type":"Point","coordinates":[115.97289888898277,-31.573926110687577]},"properties":{"objectid":101,"displaynam":"MUCHEA","lgacode":1680,"omsnumber":6443,"type":"BFB"}},{"type":"Feature","id":102,"geometry":{"type":"Point","coordinates":[116.08169611130067,-31.56081666702742]},"properties":{"objectid":102,"displaynam":"LOWER CHITTERING","lgacode":1680,"omsnumber":6387,"type":"BFB"}},{"type":"Feature","id":103,"geometry":{"type":"Point","coordinates":[116.07138444369365,-31.41823444538687]},"properties":{"objectid":103,"displaynam":"UPPER CHITTERING","lgacode":1680,"omsnumber":6138,"type":"BFB"}},{"type":"Feature","id":104,"geometry":{"type":"Point","coordinates":[116.05654487269172,-31.1643821180903]},"properties":{"objectid":104,"displaynam":"WANNAMAL","lgacode":1680,"omsnumber":6652,"type":"BFB"}},{"type":"Feature","id":105,"geometry":{"type":"Point","coordinates":[116.09566711311156,-31.38723990828537]},"properties":{"objectid":105,"displaynam":"CHITTERING INCID SUPPORT","lgacode":1680,"omsnumber":6975,"type":"BFB"}},{"type":"Feature","id":106,"geometry":{"type":"Point","coordinates":[118.71072289056177,-32.49910599337314]},"properties":{"objectid":106,"displaynam":"KARLGARIN","lgacode":4620,"omsnumber":6327,"type":"BFB"}},{"type":"Feature","id":107,"geometry":{"type":"Point","coordinates":[118.08940328075296,-31.193851140004693]},"properties":{"objectid":107,"displaynam":"NUNGARIN CENTRAL","lgacode":6860,"omsnumber":6495,"type":"BFB"}},{"type":"Feature","id":108,"geometry":{"type":"Point","coordinates":[115.75990851307004,-33.395916734950056]},"properties":{"objectid":108,"displaynam":"DARDANUP CENTRAL","lgacode":2660,"omsnumber":6189,"type":"BFB"}},{"type":"Feature","id":109,"geometry":{"type":"Point","coordinates":[117.40352467833215,-32.00880227649486]},"properties":{"objectid":109,"displaynam":"QUAIRADING","lgacode":7350,"omsnumber":6543,"type":"BFB"}},{"type":"Feature","id":110,"geometry":{"type":"Point","coordinates":[117.61976814569255,-32.146233508091434]},"properties":{"objectid":110,"displaynam":"WAMENUSKING","lgacode":7350,"omsnumber":6649,"type":"BFB"}},{"type":"Feature","id":111,"geometry":{"type":"Point","coordinates":[118.2083137579901,-30.913113148366772]},"properties":{"objectid":111,"displaynam":"MUKINBUDIN TOWN","lgacode":5950,"omsnumber":6444,"type":"BFB"}},{"type":"Feature","id":112,"geometry":{"type":"Point","coordinates":[118.80460000007764,-32.10041999952747]},"properties":{"objectid":112,"displaynam":"NAREMBEEN","lgacode":6370,"omsnumber":6468,"type":"BFB"}},{"type":"Feature","id":113,"geometry":{"type":"Point","coordinates":[116.46146008725285,-31.75365003518901]},"properties":{"objectid":113,"displaynam":"BAKERS HILL","lgacode":6730,"omsnumber":6029,"type":"BFB"}},{"type":"Feature","id":114,"geometry":{"type":"Point","coordinates":[116.01616437044862,-31.86730573772796]},"properties":{"objectid":114,"displaynam":"SWAN","lgacode":8050,"omsnumber":4970,"type":"SESU"}},{"type":"Feature","id":115,"geometry":{"type":"Point","coordinates":[115.14875888864529,-33.632109999988224]},"properties":{"objectid":115,"displaynam":"NATURALISTE","lgacode":1260,"omsnumber":4847,"type":"VMRS"}},{"type":"Feature","id":116,"geometry":{"type":"Point","coordinates":[115.16624555473398,-34.34738888887327]},"properties":{"objectid":116,"displaynam":"AUGUSTA","lgacode":280,"omsnumber":4821,"type":"VMRS"}},{"type":"Feature","id":117,"geometry":{"type":"Point","coordinates":[122.20896138874795,-18.005991617060978]},"properties":{"objectid":117,"displaynam":"BROOME","lgacode":980,"omsnumber":4823,"type":"VMRS"}},{"type":"Feature","id":118,"geometry":{"type":"Point","coordinates":[115.35414555476324,-33.642495555800366]},"properties":{"objectid":118,"displaynam":"BUSSELTON","lgacode":1260,"omsnumber":4837,"type":"VMRS"}},{"type":"Feature","id":119,"geometry":{"type":"Point","coordinates":[114.98454000020982,-33.86808999986608]},"properties":{"objectid":119,"displaynam":"MARGARET RIVER","lgacode":280,"omsnumber":4846,"type":"VMRS"}},{"type":"Feature","id":120,"geometry":{"type":"Point","coordinates":[121.93328828018895,-33.799674801275444]},"properties":{"objectid":120,"displaynam":"EMERGENCY SUPPORT UNIT","lgacode":3290,"omsnumber":6960,"type":"BFB"}},{"type":"Feature","id":121,"geometry":{"type":"Point","coordinates":[114.83419000016845,-28.659150000361382]},"properties":{"objectid":121,"displaynam":"ERADU","lgacode":3800,"omsnumber":6010,"type":"BFB"}},{"type":"Feature","id":122,"geometry":{"type":"Point","coordinates":[116.84929490976594,-20.7373865504389]},"properties":{"objectid":122,"displaynam":"PILBARA REGIONAL DIRECTORATE","lgacode":0,"omsnumber":5330,"type":"DFES"}},{"type":"Feature","id":123,"geometry":{"type":"Point","coordinates":[116.65749999973804,-31.64812999977612]},"properties":{"objectid":123,"displaynam":"NORTHAM DISTRICT OFFICE","lgacode":0,"omsnumber":5410,"type":"DFES"}},{"type":"Feature","id":124,"geometry":{"type":"Point","coordinates":[117.16170863884568,-32.93522296246819]},"properties":{"objectid":124,"displaynam":"UPPER GREAT SOUTHERN REGIONAL DIRECTORATE","lgacode":0,"omsnumber":563,"type":"DFES"}},{"type":"Feature","id":125,"geometry":{"type":"Point","coordinates":[121.47171999962958,-30.744990000374465]},"properties":{"objectid":125,"displaynam":"GOLDFIELDS/MIDLANDS REGIONAL DIRECTORATE","lgacode":0,"omsnumber":54110,"type":"DFES"}},{"type":"Feature","id":126,"geometry":{"type":"Point","coordinates":[122.24237730721737,-17.956207220228034]},"properties":{"objectid":126,"displaynam":"KIMBERLEY REGIONAL DIRECTORATE","lgacode":0,"omsnumber":5350,"type":"DFES"}},{"type":"Feature","id":127,"geometry":{"type":"Point","coordinates":[115.67483999975794,-33.357789999998985]},"properties":{"objectid":127,"displaynam":"SOUTH WEST REGIONAL DIRECTORATE","lgacode":0,"omsnumber":5430,"type":"DFES"}},{"type":"Feature","id":128,"geometry":{"type":"Point","coordinates":[115.90744376456672,-31.354844368554083]},"properties":{"objectid":128,"displaynam":"GINGIN SOUTH","lgacode":3570,"omsnumber":6250,"type":"BFB"}},{"type":"Feature","id":129,"geometry":{"type":"Point","coordinates":[115.82880522809205,-31.084539235923987]},"properties":{"objectid":129,"displaynam":"RED GULLY","lgacode":3570,"omsnumber":6552,"type":"BFB"}},{"type":"Feature","id":130,"geometry":{"type":"Point","coordinates":[115.53041095624751,-31.061813808639698]},"properties":{"objectid":130,"displaynam":"COWALLA","lgacode":3570,"omsnumber":6484,"type":"BFB"}},{"type":"Feature","id":131,"geometry":{"type":"Point","coordinates":[116.01616437044862,-31.86730573772796]},"properties":{"objectid":131,"displaynam":"SWAN COMMUNICATIONS","lgacode":8050,"omsnumber":6766,"type":"BFB"}},{"type":"Feature","id":132,"geometry":{"type":"Point","coordinates":[115.65150359618171,-31.474182525085023]},"properties":{"objectid":132,"displaynam":"TWO ROCKS","lgacode":8760,"omsnumber":6984,"type":"BFB"}},{"type":"Feature","id":133,"geometry":{"type":"Point","coordinates":[114.98454000020982,-33.86808999986608]},"properties":{"objectid":133,"displaynam":"GRACETOWN","lgacode":280,"omsnumber":6266,"type":"BFB"}},{"type":"Feature","id":134,"geometry":{"type":"Point","coordinates":[115.09527333255025,-34.21888999975062]},"properties":{"objectid":134,"displaynam":"KARRIDALE","lgacode":280,"omsnumber":6331,"type":"BFB"}},{"type":"Feature","id":135,"geometry":{"type":"Point","coordinates":[115.83603249311308,-33.064871634530796]},"properties":{"objectid":135,"displaynam":"UDUC","lgacode":3990,"omsnumber":6629,"type":"BFB"}},{"type":"Feature","id":136,"geometry":{"type":"Point","coordinates":[115.90025935792575,-32.959754068019684]},"properties":{"objectid":136,"displaynam":"YARLOOP","lgacode":3990,"omsnumber":6699,"type":"BFB"}},{"type":"Feature","id":137,"geometry":{"type":"Point","coordinates":[115.67270524468125,-32.73111147440481]},"properties":{"objectid":137,"displaynam":"MANDURAH SOUTHERN DSTRCTS","lgacode":5110,"omsnumber":6394,"type":"BFB"}},{"type":"Feature","id":138,"geometry":{"type":"Point","coordinates":[116.65491366271992,-34.319671119642955]},"properties":{"objectid":138,"displaynam":"MORDALUP","lgacode":5180,"omsnumber":6433,"type":"BFB"}},{"type":"Feature","id":139,"geometry":{"type":"Point","coordinates":[116.25133686960173,-34.43400164236933]},"properties":{"objectid":139,"displaynam":"QUINNINUP TOWN","lgacode":5180,"omsnumber":6548,"type":"BFB"}},{"type":"Feature","id":140,"geometry":{"type":"Point","coordinates":[116.72439329849344,-34.95152585655304]},"properties":{"objectid":140,"displaynam":"WALPOLE","lgacode":5180,"omsnumber":6647,"type":"BFB"}},{"type":"Feature","id":141,"geometry":{"type":"Point","coordinates":[116.01935277786313,-34.19021166729727]},"properties":{"objectid":141,"displaynam":"YANMAH","lgacode":5180,"omsnumber":6698,"type":"BFB"}},{"type":"Feature","id":142,"geometry":{"type":"Point","coordinates":[115.87598388949807,-32.73945444486562]},"properties":{"objectid":142,"displaynam":"COOLUP","lgacode":6230,"omsnumber":6154,"type":"BFB"}},{"type":"Feature","id":143,"geometry":{"type":"Point","coordinates":[116.05900499963175,-32.7117111111446]},"properties":{"objectid":143,"displaynam":"DWELLINGUP","lgacode":6230,"omsnumber":6219,"type":"BFB"}},{"type":"Feature","id":144,"geometry":{"type":"Point","coordinates":[115.97278068246585,-32.51782244089279]},"properties":{"objectid":144,"displaynam":"NORTH DANDALUP","lgacode":6230,"omsnumber":6185,"type":"BFB"}},{"type":"Feature","id":145,"geometry":{"type":"Point","coordinates":[118.7476719260797,-34.36124143892832]},"properties":{"objectid":145,"displaynam":"BOXWOOD","lgacode":4130,"omsnumber":6079,"type":"BFB"}},{"type":"Feature","id":146,"geometry":{"type":"Point","coordinates":[119.20321260670069,-33.848816094295756]},"properties":{"objectid":146,"displaynam":"JACUP","lgacode":4130,"omsnumber":6306,"type":"BFB"}},{"type":"Feature","id":147,"geometry":{"type":"Point","coordinates":[118.77456755421049,-33.95463972869274]},"properties":{"objectid":147,"displaynam":"NEEDILUP","lgacode":4130,"omsnumber":6477,"type":"BFB"}},{"type":"Feature","id":148,"geometry":{"type":"Point","coordinates":[118.363100603199,-30.536225711123834]},"properties":{"objectid":148,"displaynam":"BONNIE ROCK","lgacode":5950,"omsnumber":6068,"type":"BFB"}},{"type":"Feature","id":149,"geometry":{"type":"Point","coordinates":[118.5873570858788,-31.474579260862857]},"properties":{"objectid":149,"displaynam":"WALGOOLAN","lgacode":9030,"omsnumber":6644,"type":"BFB"}},{"type":"Feature","id":150,"geometry":{"type":"Point","coordinates":[118.77930983848057,-30.924201453686845]},"properties":{"objectid":150,"displaynam":"WARRALAKIN","lgacode":9030,"omsnumber":6658,"type":"BFB"}},{"type":"Feature","id":151,"geometry":{"type":"Point","coordinates":[115.3773700000579,-28.6235200000156]},"properties":{"objectid":151,"displaynam":"TENINDEWA","lgacode":3800,"omsnumber":6605,"type":"BFB"}},{"type":"Feature","id":152,"geometry":{"type":"Point","coordinates":[114.68450372915899,-27.95476755349748]},"properties":{"objectid":152,"displaynam":"AJANA BINNU","lgacode":6790,"omsnumber":6988,"type":"BFB"}},{"type":"Feature","id":153,"geometry":{"type":"Point","coordinates":[116.44591817112344,-29.75052602097081]},"properties":{"objectid":153,"displaynam":"LATHAM","lgacode":7000,"omsnumber":6377,"type":"BFB"}},{"type":"Feature","id":154,"geometry":{"type":"Point","coordinates":[115.39960999996372,-29.60708999985885]},"properties":{"objectid":154,"displaynam":"THREE SPRINGS WEST","lgacode":8260,"omsnumber":6015,"type":"BFB"}},{"type":"Feature","id":155,"geometry":{"type":"Point","coordinates":[123.67865055475092,-17.341738888675533]},"properties":{"objectid":155,"displaynam":"HAMLET GROVE","lgacode":2800,"omsnumber":6954,"type":"BFB"}},{"type":"Feature","id":156,"geometry":{"type":"Point","coordinates":[128.75218905882411,-15.854002331891213]},"properties":{"objectid":156,"displaynam":"CROSSING FALLS","lgacode":9520,"omsnumber":6805,"type":"BFB"}},{"type":"Feature","id":157,"geometry":{"type":"Point","coordinates":[128.73867752775774,-15.722855624384488]},"properties":{"objectid":157,"displaynam":"IVANHOE","lgacode":9520,"omsnumber":6806,"type":"BFB"}},{"type":"Feature","id":158,"geometry":{"type":"Point","coordinates":[128.72893999952973,-15.83720722164097]},"properties":{"objectid":158,"displaynam":"PACKSADDLE","lgacode":9520,"omsnumber":6808,"type":"BFB"}},{"type":"Feature","id":159,"geometry":{"type":"Point","coordinates":[116.324437143099,-21.646220389925507]},"properties":{"objectid":159,"displaynam":"PANNAWONICA","lgacode":250,"omsnumber":4277,"type":"PFRS"}},{"type":"Feature","id":160,"geometry":{"type":"Point","coordinates":[117.19595524624211,-20.629469429625598]},"properties":{"objectid":160,"displaynam":"POINT SAMSON","lgacode":4310,"omsnumber":6974,"type":"BFB"}},{"type":"Feature","id":161,"geometry":{"type":"Point","coordinates":[116.0084246176146,-33.30564442005207]},"properties":{"objectid":161,"displaynam":"WORSLEY","lgacode":1890,"omsnumber":6804,"type":"BFB"}},{"type":"Feature","id":162,"geometry":{"type":"Point","coordinates":[117.7400600001956,-33.31262999968759]},"properties":{"objectid":162,"displaynam":"NIPPERING","lgacode":3010,"omsnumber":6725,"type":"BFB"}},{"type":"Feature","id":163,"geometry":{"type":"Point","coordinates":[119.68958677409775,-33.0827557729936]},"properties":{"objectid":163,"displaynam":"LAKE KING","lgacode":4900,"omsnumber":6959,"type":"BFB"}},{"type":"Feature","id":164,"geometry":{"type":"Point","coordinates":[117.87556333319576,-35.01310888852016]},"properties":{"objectid":164,"displaynam":"GREAT SOUTHERN REGIONAL DIRECTORATE","lgacode":0,"omsnumber":5450,"type":"DFES"}},{"type":"Feature","id":165,"geometry":{"type":"Point","coordinates":[115.94581306660066,-34.45697389477987]},"properties":{"objectid":165,"displaynam":"SPRINGFIELD","lgacode":5180,"omsnumber":6592,"type":"BFB"}},{"type":"Feature","id":166,"geometry":{"type":"Point","coordinates":[115.85543999986014,-33.56265099966381]},"properties":{"objectid":166,"displaynam":"BEELERUP","lgacode":2870,"omsnumber":6041,"type":"BFB"}},{"type":"Feature","id":167,"geometry":{"type":"Point","coordinates":[115.83899099101679,-33.258975185046204]},"properties":{"objectid":167,"displaynam":"ROELANDS/OLIVE HILLS","lgacode":3990,"omsnumber":6559,"type":"BFB"}},{"type":"Feature","id":168,"geometry":{"type":"Point","coordinates":[117.1521900142167,-33.83788289733351]},"properties":{"objectid":168,"displaynam":"KOJONUP","lgacode":4550,"omsnumber":6345,"type":"BFB"}},{"type":"Feature","id":169,"geometry":{"type":"Point","coordinates":[116.98093174842381,-33.84078418907009]},"properties":{"objectid":169,"displaynam":"MURADUP","lgacode":4550,"omsnumber":6455,"type":"BFB"}},{"type":"Feature","id":170,"geometry":{"type":"Point","coordinates":[113.53393468658516,-25.91969537748678]},"properties":{"objectid":170,"displaynam":"SHARK BAY","lgacode":7770,"omsnumber":6911,"type":"BFB"}},{"type":"Feature","id":171,"geometry":{"type":"Point","coordinates":[115.98088730846129,-33.78477461148852]},"properties":{"objectid":171,"displaynam":"BALINGUP","lgacode":2870,"omsnumber":6033,"type":"BFB"}},{"type":"Feature","id":172,"geometry":{"type":"Point","coordinates":[115.97913871173247,-33.81658592615872]},"properties":{"objectid":172,"displaynam":"FERNDALE STIRLING PARK","lgacode":2870,"omsnumber":6232,"type":"BFB"}},{"type":"Feature","id":173,"geometry":{"type":"Point","coordinates":[115.97345999999875,-33.53610388907529]},"properties":{"objectid":173,"displaynam":"LOWDEN","lgacode":2870,"omsnumber":6386,"type":"BFB"}},{"type":"Feature","id":174,"geometry":{"type":"Point","coordinates":[116.0964214788941,-33.531940562390005]},"properties":{"objectid":174,"displaynam":"MUMBALLUP","lgacode":2870,"omsnumber":6448,"type":"BFB"}},{"type":"Feature","id":175,"geometry":{"type":"Point","coordinates":[115.90335989356456,-33.60679189071446]},"properties":{"objectid":175,"displaynam":"THOMSONS BROOK","lgacode":2870,"omsnumber":6608,"type":"BFB"}},{"type":"Feature","id":176,"geometry":{"type":"Point","coordinates":[115.74778287752326,-33.658210506987395]},"properties":{"objectid":176,"displaynam":"UPPER CAPEL","lgacode":2870,"omsnumber":6259,"type":"BFB"}},{"type":"Feature","id":177,"geometry":{"type":"Point","coordinates":[115.6973044743151,-33.15417026900412]},"properties":{"objectid":177,"displaynam":"BINNINGUP","lgacode":3990,"omsnumber":6056,"type":"BFB"}},{"type":"Feature","id":178,"geometry":{"type":"Point","coordinates":[115.88920034644666,-32.99633429784639]},"properties":{"objectid":178,"displaynam":"COOKERNUP","lgacode":3990,"omsnumber":6152,"type":"BFB"}},{"type":"Feature","id":179,"geometry":{"type":"Point","coordinates":[115.89823444363675,-33.078432777783966]},"properties":{"objectid":179,"displaynam":"HARVEY HILLS","lgacode":3990,"omsnumber":6279,"type":"BFB"}},{"type":"Feature","id":180,"geometry":{"type":"Point","coordinates":[115.72494277824234,-33.23099388940626]},"properties":{"objectid":180,"displaynam":"LESCHENAULT","lgacode":3990,"omsnumber":6380,"type":"BFB"}},{"type":"Feature","id":181,"geometry":{"type":"Point","coordinates":[115.69717143254675,-33.10406778133298]},"properties":{"objectid":181,"displaynam":"MYALUP","lgacode":3990,"omsnumber":6457,"type":"BFB"}},{"type":"Feature","id":182,"geometry":{"type":"Point","coordinates":[115.17183920996386,-34.31463924102652]},"properties":{"objectid":182,"displaynam":"AUGUSTA EAST","lgacode":280,"omsnumber":6019,"type":"BFB"}},{"type":"Feature","id":183,"geometry":{"type":"Point","coordinates":[115.20968051844795,-34.270110182706176]},"properties":{"objectid":183,"displaynam":"MOLLOY ISLAND","lgacode":280,"omsnumber":6423,"type":"BFB"}},{"type":"Feature","id":184,"geometry":{"type":"Point","coordinates":[115.09782394828004,-33.850955531110316]},"properties":{"objectid":184,"displaynam":"COWARAMUP","lgacode":280,"omsnumber":6165,"type":"BFB"}},{"type":"Feature","id":185,"geometry":{"type":"Point","coordinates":[115.21989277772687,-34.16444555597926]},"properties":{"objectid":185,"displaynam":"ALEXANDRA BRIDGE","lgacode":280,"omsnumber":6654,"type":"BFB"}},{"type":"Feature","id":186,"geometry":{"type":"Point","coordinates":[115.09922111075487,-34.026699999960655]},"properties":{"objectid":186,"displaynam":"WITCHCLIFFE","lgacode":280,"omsnumber":6679,"type":"BFB"}},{"type":"Feature","id":187,"geometry":{"type":"Point","coordinates":[116.58961999956088,-33.73272000016602]},"properties":{"objectid":187,"displaynam":"DINNINUP","lgacode":770,"omsnumber":6201,"type":"BFB"}},{"type":"Feature","id":188,"geometry":{"type":"Point","coordinates":[116.33360449245619,-33.74498789849025]},"properties":{"objectid":188,"displaynam":"BENJINUP","lgacode":770,"omsnumber":6047,"type":"BFB"}},{"type":"Feature","id":189,"geometry":{"type":"Point","coordinates":[116.40247000003204,-33.650350000470134]},"properties":{"objectid":189,"displaynam":"MCALINDEN (BOYUP BRK)","lgacode":770,"omsnumber":6406,"type":"BFB"}},{"type":"Feature","id":190,"geometry":{"type":"Point","coordinates":[116.24987163651534,-33.95008790936008]},"properties":{"objectid":190,"displaynam":"WINNEJUP","lgacode":840,"omsnumber":6677,"type":"BFB"}},{"type":"Feature","id":191,"geometry":{"type":"Point","coordinates":[116.11236999966646,-33.97854999991363]},"properties":{"objectid":191,"displaynam":"WANDILLUP","lgacode":840,"omsnumber":6651,"type":"BFB"}},{"type":"Feature","id":192,"geometry":{"type":"Point","coordinates":[116.03806765150318,-33.96578813465657]},"properties":{"objectid":192,"displaynam":"MARANUP","lgacode":840,"omsnumber":6399,"type":"BFB"}},{"type":"Feature","id":193,"geometry":{"type":"Point","coordinates":[116.17594459103661,-33.96610773597591]},"properties":{"objectid":193,"displaynam":"KANGAROO GULLY","lgacode":840,"omsnumber":6330,"type":"BFB"}},{"type":"Feature","id":194,"geometry":{"type":"Point","coordinates":[116.15932999964932,-33.9086333333225]},"properties":{"objectid":194,"displaynam":"HESTER BROOK","lgacode":840,"omsnumber":6283,"type":"BFB"}},{"type":"Feature","id":195,"geometry":{"type":"Point","coordinates":[116.05604277762974,-33.845894444913405]},"properties":{"objectid":195,"displaynam":"GREENBUSHES","lgacode":840,"omsnumber":6270,"type":"BFB"}},{"type":"Feature","id":196,"geometry":{"type":"Point","coordinates":[116.16298517370856,-33.85395149897823]},"properties":{"objectid":196,"displaynam":"CATTERICK","lgacode":840,"omsnumber":6133,"type":"BFB"}},{"type":"Feature","id":197,"geometry":{"type":"Point","coordinates":[116.15727736899956,-33.93929806831256]},"properties":{"objectid":197,"displaynam":"BRIDGETOWN","lgacode":840,"omsnumber":6933,"type":"BFB"}},{"type":"Feature","id":198,"geometry":{"type":"Point","coordinates":[115.6674050000657,-33.35879611065754]},"properties":{"objectid":198,"displaynam":"BUNBURY CITY","lgacode":1190,"omsnumber":6104,"type":"BFB"}},{"type":"Feature","id":199,"geometry":{"type":"Point","coordinates":[115.06215055517654,-33.55604666651263]},"properties":{"objectid":199,"displaynam":"EAGLE BAY","lgacode":1260,"omsnumber":6221,"type":"BFB"}},{"type":"Feature","id":200,"geometry":{"type":"Point","coordinates":[115.72960277790274,-33.479676666962014]},"properties":{"objectid":200,"displaynam":"BOYANUP","lgacode":1400,"omsnumber":6080,"type":"BFB"}},{"type":"Feature","id":201,"geometry":{"type":"Point","coordinates":[115.56262100643522,-33.55419290287796]},"properties":{"objectid":201,"displaynam":"CAPEL","lgacode":1400,"omsnumber":6120,"type":"BFB"}},{"type":"Feature","id":202,"geometry":{"type":"Point","coordinates":[115.63147177423468,-33.513341119622595]},"properties":{"objectid":202,"displaynam":"ELGIN","lgacode":1400,"omsnumber":6224,"type":"BFB"}},{"type":"Feature","id":203,"geometry":{"type":"Point","coordinates":[117.3122600000443,-31.08041999950807]},"properties":{"objectid":203,"displaynam":"NALKAIN","lgacode":9450,"omsnumber":6459,"type":"BFB"}},{"type":"Feature","id":204,"geometry":{"type":"Point","coordinates":[117.38173628645943,-31.178315186732203]},"properties":{"objectid":204,"displaynam":"WYALKATCHEM","lgacode":9450,"omsnumber":6689,"type":"BFB"}},{"type":"Feature","id":205,"geometry":{"type":"Point","coordinates":[118.85282098781748,-31.370886192776084]},"properties":{"objectid":205,"displaynam":"BODALLIN","lgacode":9660,"omsnumber":6780,"type":"BFB"}},{"type":"Feature","id":206,"geometry":{"type":"Point","coordinates":[119.11268594939116,-30.984445156549846]},"properties":{"objectid":206,"displaynam":"BULLFINCH","lgacode":9660,"omsnumber":6101,"type":"BFB"}},{"type":"Feature","id":207,"geometry":{"type":"Point","coordinates":[119.12651434864767,-31.31304762645453]},"properties":{"objectid":207,"displaynam":"MOORINE ROCK","lgacode":9660,"omsnumber":6428,"type":"BFB"}},{"type":"Feature","id":208,"geometry":{"type":"Point","coordinates":[118.97101999976043,-31.681260000253626]},"properties":{"objectid":208,"displaynam":"MT HAMPTON","lgacode":9660,"omsnumber":6440,"type":"BFB"}},{"type":"Feature","id":209,"geometry":{"type":"Point","coordinates":[119.32555386858621,-31.231251293657575]},"properties":{"objectid":209,"displaynam":"YILGARN CENTRAL","lgacode":9660,"omsnumber":6705,"type":"BFB"}},{"type":"Feature","id":210,"geometry":{"type":"Point","coordinates":[119.28999839639444,-31.803288480487655]},"properties":{"objectid":210,"displaynam":"YILGARN SOUTH","lgacode":9660,"omsnumber":6706,"type":"BFB"}},{"type":"Feature","id":211,"geometry":{"type":"Point","coordinates":[116.61172735561091,-31.84959313095712]},"properties":{"objectid":211,"displaynam":"BURGESS SIDING","lgacode":9730,"omsnumber":6108,"type":"BFB"}},{"type":"Feature","id":212,"geometry":{"type":"Point","coordinates":[116.96409055532013,-31.921036110855063]},"properties":{"objectid":212,"displaynam":"GREENHILLS","lgacode":9730,"omsnumber":6268,"type":"BFB"}},{"type":"Feature","id":213,"geometry":{"type":"Point","coordinates":[116.69400999991143,-31.961300000440147]},"properties":{"objectid":213,"displaynam":"TALBOT BROOK","lgacode":9730,"omsnumber":6667,"type":"BFB"}},{"type":"Feature","id":214,"geometry":{"type":"Point","coordinates":[117.11519228347932,-30.361434569606754]},"properties":{"objectid":214,"displaynam":"KALANNIE","lgacode":2520,"omsnumber":6322,"type":"BFB"}},{"type":"Feature","id":215,"geometry":{"type":"Point","coordinates":[121.03010674439285,-29.69455953293318]},"properties":{"objectid":215,"displaynam":"MENZIES","lgacode":5390,"omsnumber":6972,"type":"BFB"}},{"type":"Feature","id":216,"geometry":{"type":"Point","coordinates":[117.73016000049891,-35.009481111328554]},"properties":{"objectid":216,"displaynam":"ELLEKER","lgacode":80,"omsnumber":6225,"type":"BFB"}},{"type":"Feature","id":217,"geometry":{"type":"Point","coordinates":[117.17883777780472,-34.93135222151229]},"properties":{"objectid":217,"displaynam":"SOMERSET HILL","lgacode":2730,"omsnumber":6583,"type":"BFB"}},{"type":"Feature","id":218,"geometry":{"type":"Point","coordinates":[117.92760276300392,-33.226334766492506]},"properties":{"objectid":218,"displaynam":"MOULYINNING","lgacode":3010,"omsnumber":6434,"type":"BFB"}},{"type":"Feature","id":219,"geometry":{"type":"Point","coordinates":[118.08363373624802,-33.18830041162607]},"properties":{"objectid":219,"displaynam":"KUKERIN","lgacode":3010,"omsnumber":6355,"type":"BFB"}},{"type":"Feature","id":220,"geometry":{"type":"Point","coordinates":[122.1577192759611,-33.819081358036854]},"properties":{"objectid":220,"displaynam":"MT MERIVALE","lgacode":3290,"omsnumber":6438,"type":"BFB"}},{"type":"Feature","id":221,"geometry":{"type":"Point","coordinates":[121.36402006449785,-33.7154540316151]},"properties":{"objectid":221,"displaynam":"COOMALBIDGUP","lgacode":3290,"omsnumber":6155,"type":"BFB"}},{"type":"Feature","id":222,"geometry":{"type":"Point","coordinates":[122.84561910552151,-33.47941153791972]},"properties":{"objectid":222,"displaynam":"MT BEAUMONT","lgacode":3290,"omsnumber":6439,"type":"BFB"}},{"type":"Feature","id":223,"geometry":{"type":"Point","coordinates":[122.83309329736146,-33.75004387473048]},"properties":{"objectid":223,"displaynam":"HOWICK","lgacode":3290,"omsnumber":6294,"type":"BFB"}},{"type":"Feature","id":224,"geometry":{"type":"Point","coordinates":[121.81068588785445,-33.644511432759266]},"properties":{"objectid":224,"displaynam":"GIBSON","lgacode":3290,"omsnumber":6244,"type":"BFB"}},{"type":"Feature","id":225,"geometry":{"type":"Point","coordinates":[121.59051000017439,-33.70835099970009]},"properties":{"objectid":225,"displaynam":"DALYUP","lgacode":3290,"omsnumber":6183,"type":"BFB"}},{"type":"Feature","id":226,"geometry":{"type":"Point","coordinates":[122.53257892507021,-33.75124374954434]},"properties":{"objectid":226,"displaynam":"CONDINGUP","lgacode":3290,"omsnumber":6149,"type":"BFB"}},{"type":"Feature","id":227,"geometry":{"type":"Point","coordinates":[122.11110625311643,-33.63010762255096]},"properties":{"objectid":227,"displaynam":"NERIDUP","lgacode":3290,"omsnumber":6478,"type":"BFB"}},{"type":"Feature","id":228,"geometry":{"type":"Point","coordinates":[121.93328828018895,-33.799674801275444]},"properties":{"objectid":228,"displaynam":"QUARRY ROAD","lgacode":3290,"omsnumber":6544,"type":"BFB"}},{"type":"Feature","id":229,"geometry":{"type":"Point","coordinates":[121.72674475879194,-33.441299097903034]},"properties":{"objectid":229,"displaynam":"SCADDAN","lgacode":3290,"omsnumber":6572,"type":"BFB"}},{"type":"Feature","id":230,"geometry":{"type":"Point","coordinates":[121.86957818180336,-33.79429160085803]},"properties":{"objectid":230,"displaynam":"SIX MILE HILL","lgacode":3290,"omsnumber":6581,"type":"BFB"}},{"type":"Feature","id":231,"geometry":{"type":"Point","coordinates":[121.71570800046226,-33.228054999790906]},"properties":{"objectid":231,"displaynam":"GRASS PATCH","lgacode":3290,"omsnumber":6589,"type":"BFB"}},{"type":"Feature","id":232,"geometry":{"type":"Point","coordinates":[121.07544228480425,-33.471006497387634]},"properties":{"objectid":232,"displaynam":"CASCADE","lgacode":3290,"omsnumber":6131,"type":"BFB"}},{"type":"Feature","id":233,"geometry":{"type":"Point","coordinates":[121.64310216503276,-32.981597608540845]},"properties":{"objectid":233,"displaynam":"SALMON GUMS","lgacode":3290,"omsnumber":6568,"type":"BFB"}},{"type":"Feature","id":234,"geometry":{"type":"Point","coordinates":[121.85064465247468,-33.84791097002134]},"properties":{"objectid":234,"displaynam":"PINK LAKE","lgacode":3290,"omsnumber":6529,"type":"BFB"}},{"type":"Feature","id":235,"geometry":{"type":"Point","coordinates":[115.78933259191683,-33.82635573851321]},"properties":{"objectid":235,"displaynam":"CUNDINUP","lgacode":6300,"omsnumber":6175,"type":"BFB"}},{"type":"Feature","id":236,"geometry":{"type":"Point","coordinates":[115.60905166721261,-34.035360555579054]},"properties":{"objectid":236,"displaynam":"DARRADUP","lgacode":6300,"omsnumber":6195,"type":"BFB"}},{"type":"Feature","id":237,"geometry":{"type":"Point","coordinates":[115.7638727783403,-34.00226499979912]},"properties":{"objectid":237,"displaynam":"NANNUP BROOK","lgacode":6300,"omsnumber":6461,"type":"BFB"}},{"type":"Feature","id":238,"geometry":{"type":"Point","coordinates":[115.44773940601863,-34.24968592945909]},"properties":{"objectid":238,"displaynam":"SCOTT RIVER JASPER","lgacode":6300,"omsnumber":6574,"type":"BFB"}},{"type":"Feature","id":239,"geometry":{"type":"Point","coordinates":[115.69053971905655,-32.79982831979219]},"properties":{"objectid":239,"displaynam":"LAKE CLIFTON","lgacode":8820,"omsnumber":6369,"type":"BFB"}},{"type":"Feature","id":240,"geometry":{"type":"Point","coordinates":[115.66122225227868,-32.87849258261285]},"properties":{"objectid":240,"displaynam":"PRESTON BEACH","lgacode":8820,"omsnumber":6539,"type":"BFB"}},{"type":"Feature","id":241,"geometry":{"type":"Point","coordinates":[115.76024995802176,-32.87184874408637]},"properties":{"objectid":241,"displaynam":"WAROONA WEST","lgacode":8820,"omsnumber":6656,"type":"BFB"}},{"type":"Feature","id":242,"geometry":{"type":"Point","coordinates":[117.4330636505925,-33.56437808892093]},"properties":{"objectid":242,"displaynam":"WOODANILLING CENTRAL","lgacode":9380,"omsnumber":6682,"type":"BFB"}},{"type":"Feature","id":243,"geometry":{"type":"Point","coordinates":[116.80184999984608,-32.70822999971953]},"properties":{"objectid":243,"displaynam":"CODJATOTINE","lgacode":8680,"omsnumber":6146,"type":"BFB"}},{"type":"Feature","id":244,"geometry":{"type":"Point","coordinates":[116.67494595592304,-32.68432839269669]},"properties":{"objectid":244,"displaynam":"WANDERING","lgacode":8680,"omsnumber":6650,"type":"BFB"}},{"type":"Feature","id":245,"geometry":{"type":"Point","coordinates":[116.67494595592304,-32.68432839269669]},"properties":{"objectid":245,"displaynam":"WANDERING TOWN","lgacode":8680,"omsnumber":6922,"type":"BFB"}},{"type":"Feature","id":246,"geometry":{"type":"Point","coordinates":[117.03985791024031,-33.41898321845193]},"properties":{"objectid":246,"displaynam":"ARTHUR RIVER","lgacode":8890,"omsnumber":6017,"type":"BFB"}},{"type":"Feature","id":247,"geometry":{"type":"Point","coordinates":[116.74533567526541,-33.33959831784015]},"properties":{"objectid":247,"displaynam":"DARKAN","lgacode":8890,"omsnumber":6192,"type":"BFB"}},{"type":"Feature","id":248,"geometry":{"type":"Point","coordinates":[116.80212673709265,-33.51538721258032]},"properties":{"objectid":248,"displaynam":"DURANILLIN","lgacode":8890,"omsnumber":6216,"type":"BFB"}},{"type":"Feature","id":249,"geometry":{"type":"Point","coordinates":[117.50065221806382,-32.78257791494949]},"properties":{"objectid":249,"displaynam":"WICKEPIN CENTRAL","lgacode":9100,"omsnumber":6669,"type":"BFB"}},{"type":"Feature","id":250,"geometry":{"type":"Point","coordinates":[117.62995281957907,-32.59148046418268]},"properties":{"objectid":250,"displaynam":"YEALERING-86 GATE","lgacode":9100,"omsnumber":6700,"type":"BFB"}},{"type":"Feature","id":251,"geometry":{"type":"Point","coordinates":[117.77375620549135,-32.975240120603395]},"properties":{"objectid":251,"displaynam":"TINCURRIN/HARRISMITH","lgacode":9100,"omsnumber":6610,"type":"BFB"}},{"type":"Feature","id":252,"geometry":{"type":"Point","coordinates":[116.88973199987666,-33.02688299978929]},"properties":{"objectid":252,"displaynam":"GLENFIELD","lgacode":9170,"omsnumber":6252,"type":"BFB"}},{"type":"Feature","id":253,"geometry":{"type":"Point","coordinates":[116.62029999951665,-32.30905000033383]},"properties":{"objectid":253,"displaynam":"DALE WEST","lgacode":560,"omsnumber":6666,"type":"BFB"}},{"type":"Feature","id":254,"geometry":{"type":"Point","coordinates":[117.15309813448405,-32.111181383827095]},"properties":{"objectid":254,"displaynam":"BEVERLEY SOUTH EAST","lgacode":560,"omsnumber":6432,"type":"BFB"}},{"type":"Feature","id":255,"geometry":{"type":"Point","coordinates":[116.4745416206632,-32.80123543087016]},"properties":{"objectid":255,"displaynam":"BODDINGTON","lgacode":630,"omsnumber":6062,"type":"BFB"}},{"type":"Feature","id":256,"geometry":{"type":"Point","coordinates":[116.4507733325771,-32.86638611133915]},"properties":{"objectid":256,"displaynam":"MARRADONG","lgacode":630,"omsnumber":6401,"type":"BFB"}},{"type":"Feature","id":257,"geometry":{"type":"Point","coordinates":[116.54134887311781,-33.05125368904614]},"properties":{"objectid":257,"displaynam":"QUINDANNING","lgacode":630,"omsnumber":6546,"type":"BFB"}},{"type":"Feature","id":258,"geometry":{"type":"Point","coordinates":[116.55694179090203,-32.79075560182935]},"properties":{"objectid":258,"displaynam":"CROSSMAN","lgacode":630,"omsnumber":6979,"type":"BFB"}},{"type":"Feature","id":259,"geometry":{"type":"Point","coordinates":[117.0079713219587,-32.36779314816226]},"properties":{"objectid":259,"displaynam":"BROOKTON CENTRAL","lgacode":910,"omsnumber":6090,"type":"BFB"}},{"type":"Feature","id":260,"geometry":{"type":"Point","coordinates":[117.33227694598372,-32.364893209123025]},"properties":{"objectid":260,"displaynam":"BROOKTON EAST","lgacode":910,"omsnumber":6091,"type":"BFB"}},{"type":"Feature","id":261,"geometry":{"type":"Point","coordinates":[116.82225999965618,-32.39209000033726]},"properties":{"objectid":261,"displaynam":"BROOKTON WEST","lgacode":910,"omsnumber":6092,"type":"BFB"}},{"type":"Feature","id":262,"geometry":{"type":"Point","coordinates":[117.68364183994052,-29.271132599702995]},"properties":{"objectid":262,"displaynam":"PAYNES FIND","lgacode":9590,"omsnumber":6027,"type":"BFB"}},{"type":"Feature","id":263,"geometry":{"type":"Point","coordinates":[114.63230672660345,-28.535587457534362]},"properties":{"objectid":263,"displaynam":"HOWATHARRA","lgacode":1610,"omsnumber":6293,"type":"BFB"}},{"type":"Feature","id":264,"geometry":{"type":"Point","coordinates":[114.84368000016555,-28.325240000393663]},"properties":{"objectid":264,"displaynam":"NARALING","lgacode":1610,"omsnumber":6467,"type":"BFB"}},{"type":"Feature","id":265,"geometry":{"type":"Point","coordinates":[114.80065956424679,-28.560957596529537]},"properties":{"objectid":265,"displaynam":"YETNA","lgacode":1610,"omsnumber":6703,"type":"BFB"}},{"type":"Feature","id":266,"geometry":{"type":"Point","coordinates":[115.13602993297641,-28.271548505296966]},"properties":{"objectid":266,"displaynam":"YUNA","lgacode":1610,"omsnumber":6714,"type":"BFB"}},{"type":"Feature","id":267,"geometry":{"type":"Point","coordinates":[115.74633333252723,-33.98548777796928]},"properties":{"objectid":267,"displaynam":"NORTH NANNUP","lgacode":6300,"omsnumber":6463,"type":"BFB"}},{"type":"Feature","id":268,"geometry":{"type":"Point","coordinates":[118.14699499983845,-33.54157444468186]},"properties":{"objectid":268,"displaynam":"NYABING TOWN","lgacode":4480,"omsnumber":6987,"type":"BFB"}},{"type":"Feature","id":269,"geometry":{"type":"Point","coordinates":[117.79805616395622,-22.699009138180088]},"properties":{"objectid":269,"displaynam":"TOM PRICE","lgacode":250,"omsnumber":6985,"type":"BFB"}},{"type":"Feature","id":270,"geometry":{"type":"Point","coordinates":[115.8637281415309,-28.89831820173708]},"properties":{"objectid":270,"displaynam":"CANNA GUTHA","lgacode":5670,"omsnumber":6757,"type":"BFB"}},{"type":"Feature","id":271,"geometry":{"type":"Point","coordinates":[118.51006000007243,-33.5335677777011]},"properties":{"objectid":271,"displaynam":"PINGRUP TOWN","lgacode":4480,"omsnumber":6986,"type":"BFB"}},{"type":"Feature","id":272,"geometry":{"type":"Point","coordinates":[117.42985058592463,-31.87647570876028]},"properties":{"objectid":272,"displaynam":"QUAIRADING NORTH","lgacode":7350,"omsnumber":6971,"type":"BFB"}},{"type":"Feature","id":273,"geometry":{"type":"Point","coordinates":[118.1192358330837,-30.476281822418475]},"properties":{"objectid":273,"displaynam":"WIALKI","lgacode":5880,"omsnumber":6968,"type":"BFB"}},{"type":"Feature","id":274,"geometry":{"type":"Point","coordinates":[115.34418452341862,-30.434200804877225]},"properties":{"objectid":274,"displaynam":"HILL RIVER","lgacode":2590,"omsnumber":6051,"type":"BFB"}},{"type":"Feature","id":275,"geometry":{"type":"Point","coordinates":[118.21094722183994,-34.5804505561924]},"properties":{"objectid":275,"displaynam":"SOUTH STIRLING","lgacode":80,"omsnumber":6586,"type":"BFB"}},{"type":"Feature","id":276,"geometry":{"type":"Point","coordinates":[116.12171964382911,-34.63374976962933]},"properties":{"objectid":276,"displaynam":"NORTHCLIFFE","lgacode":5180,"omsnumber":6490,"type":"BFB"}},{"type":"Feature","id":277,"geometry":{"type":"Point","coordinates":[116.16356098467992,-33.58181057032538]},"properties":{"objectid":277,"displaynam":"MUMBALLUP","lgacode":2870,"omsnumber":6448,"type":"BFB"}},{"type":"Feature","id":278,"geometry":{"type":"Point","coordinates":[115.09995333269053,-33.63623000041602]},"properties":{"objectid":278,"displaynam":"DUNSBOROUGH","lgacode":1260,"omsnumber":6215,"type":"BFB"}},{"type":"Feature","id":279,"geometry":{"type":"Point","coordinates":[115.89325603853777,-33.70558804185309]},"properties":{"objectid":279,"displaynam":"KIRUP","lgacode":2870,"omsnumber":6085,"type":"BFB"}},{"type":"Feature","id":280,"geometry":{"type":"Point","coordinates":[116.24101925158995,-33.99851215580823]},"properties":{"objectid":280,"displaynam":"SUNNYSIDE","lgacode":840,"omsnumber":6596,"type":"BFB"}},{"type":"Feature","id":281,"geometry":{"type":"Point","coordinates":[121.89018582708599,-33.86402834798107]},"properties":{"objectid":281,"displaynam":"ESPERANCE DISTRICT OFFICE","lgacode":0,"omsnumber":54509,"type":"DFES"}},{"type":"Feature","id":282,"geometry":{"type":"Point","coordinates":[128.74685879410006,-15.760791984873277]},"properties":{"objectid":282,"displaynam":"KUNUNURRA DISTRICT OFFICE","lgacode":0,"omsnumber":53509,"type":"DFES"}},{"type":"Feature","id":283,"geometry":{"type":"Point","coordinates":[115.83997681447723,-34.05623186171864]},"properties":{"objectid":283,"displaynam":"NANNUP EAST","lgacode":6300,"omsnumber":6462,"type":"BFB"}},{"type":"Feature","id":284,"geometry":{"type":"Point","coordinates":[115.41184999990224,-33.644322777802905]},"properties":{"objectid":284,"displaynam":"SUSSEX","lgacode":1260,"omsnumber":6597,"type":"BFB"}},{"type":"Feature","id":285,"geometry":{"type":"Point","coordinates":[115.25956055456604,-33.67053000020335]},"properties":{"objectid":285,"displaynam":"VASSE","lgacode":1260,"omsnumber":6635,"type":"BFB"}},{"type":"Feature","id":286,"geometry":{"type":"Point","coordinates":[115.07900444398477,-33.70928611054014]},"properties":{"objectid":286,"displaynam":"YALLINGUP RURAL","lgacode":1260,"omsnumber":6694,"type":"BFB"}},{"type":"Feature","id":287,"geometry":{"type":"Point","coordinates":[115.02729833274788,-33.70049111077638]},"properties":{"objectid":287,"displaynam":"YALLINGUP RURAL","lgacode":1260,"omsnumber":6694,"type":"BFB"}},{"type":"Feature","id":288,"geometry":{"type":"Point","coordinates":[116.69402055763624,-34.08823389911314]},"properties":{"objectid":288,"displaynam":"CHOWERUP","lgacode":770,"omsnumber":6141,"type":"BFB"}},{"type":"Feature","id":289,"geometry":{"type":"Point","coordinates":[116.71054089907057,-30.90524744029084]},"properties":{"objectid":289,"displaynam":"LAKE NINAN/HINDS","lgacode":9310,"omsnumber":6374,"type":"BFB"}},{"type":"Feature","id":290,"geometry":{"type":"Point","coordinates":[116.18626098579055,-34.164656267715785]},"properties":{"objectid":290,"displaynam":"BALBARRUP / WILGARUP","lgacode":5180,"omsnumber":6030,"type":"BFB"}},{"type":"Feature","id":291,"geometry":{"type":"Point","coordinates":[116.1029236686765,-34.20631867626761]},"properties":{"objectid":291,"displaynam":"RINGBARKERS","lgacode":5180,"omsnumber":6557,"type":"BFB"}},{"type":"Feature","id":292,"geometry":{"type":"Point","coordinates":[116.24418000017258,-34.38889999972692]},"properties":{"objectid":292,"displaynam":"UPPER WARREN","lgacode":5180,"omsnumber":6633,"type":"BFB"}},{"type":"Feature","id":293,"geometry":{"type":"Point","coordinates":[118.27686777806484,-31.480598333272244]},"properties":{"objectid":293,"displaynam":"MERREDIN","lgacode":5460,"omsnumber":149,"type":"VFRS"}},{"type":"Feature","id":294,"geometry":{"type":"Point","coordinates":[117.88222716012835,-35.007679248815485]},"properties":{"objectid":294,"displaynam":"ALBANY","lgacode":80,"omsnumber":4031,"type":"CFRS"}},{"type":"Feature","id":295,"geometry":{"type":"Point","coordinates":[114.62673700037128,-28.77586400017164]},"properties":{"objectid":295,"displaynam":"GERALDTON","lgacode":3800,"omsnumber":331,"type":"CFRS"}},{"type":"Feature","id":296,"geometry":{"type":"Point","coordinates":[121.4852755551123,-30.756652778477985]},"properties":{"objectid":296,"displaynam":"KALGOORLIE BOULDER","lgacode":4280,"omsnumber":4036,"type":"CFRS"}},{"type":"Feature","id":297,"geometry":{"type":"Point","coordinates":[117.62739444382929,-34.487666111499415]},"properties":{"objectid":297,"displaynam":"KENDENUP/ MORTIGALLUP","lgacode":7210,"omsnumber":6336,"type":"BFB"}},{"type":"Feature","id":298,"geometry":{"type":"Point","coordinates":[117.63971333288735,-34.57609111114911]},"properties":{"objectid":298,"displaynam":"NARPYN","lgacode":7210,"omsnumber":6397,"type":"BFB"}},{"type":"Feature","id":299,"geometry":{"type":"Point","coordinates":[118.37412388911372,-34.502934999797304]},"properties":{"objectid":299,"displaynam":"KOJANEERUP","lgacode":80,"omsnumber":6344,"type":"BFB"}},{"type":"Feature","id":300,"geometry":{"type":"Point","coordinates":[118.00171500008918,-34.94925166706098]},"properties":{"objectid":300,"displaynam":"KALGAN","lgacode":80,"omsnumber":6325,"type":"BFB"}},{"type":"Feature","id":301,"geometry":{"type":"Point","coordinates":[118.17408722231245,-34.83796944482165]},"properties":{"objectid":301,"displaynam":"MANYPEAKS","lgacode":80,"omsnumber":6398,"type":"BFB"}},{"type":"Feature","id":302,"geometry":{"type":"Point","coordinates":[117.96049599966337,-34.8330440003419]},"properties":{"objectid":302,"displaynam":"NAPIER","lgacode":80,"omsnumber":6465,"type":"BFB"}},{"type":"Feature","id":303,"geometry":{"type":"Point","coordinates":[117.69088222185458,-34.886022777955105]},"properties":{"objectid":303,"displaynam":"REDMOND","lgacode":80,"omsnumber":6554,"type":"BFB"}},{"type":"Feature","id":304,"geometry":{"type":"Point","coordinates":[117.93319194234343,-35.09054036160532]},"properties":{"objectid":304,"displaynam":"SOUTH COAST","lgacode":80,"omsnumber":6584,"type":"BFB"}},{"type":"Feature","id":305,"geometry":{"type":"Point","coordinates":[117.64792944391736,-35.02643222172681]},"properties":{"objectid":305,"displaynam":"TORBAY","lgacode":80,"omsnumber":6620,"type":"BFB"}},{"type":"Feature","id":306,"geometry":{"type":"Point","coordinates":[118.60682927951198,-34.49287626095477]},"properties":{"objectid":306,"displaynam":"WELLSTEAD","lgacode":80,"omsnumber":6664,"type":"BFB"}},{"type":"Feature","id":307,"geometry":{"type":"Point","coordinates":[117.40304100525643,-34.18059231022892]},"properties":{"objectid":307,"displaynam":"TUNNEY","lgacode":2240,"omsnumber":6624,"type":"BFB"}},{"type":"Feature","id":308,"geometry":{"type":"Point","coordinates":[117.55024888906661,-34.29893500022583]},"properties":{"objectid":308,"displaynam":"CRANBROOK TOWN","lgacode":2240,"omsnumber":6169,"type":"BFB"}},{"type":"Feature","id":309,"geometry":{"type":"Point","coordinates":[117.55401017788259,-34.362086909185955]},"properties":{"objectid":309,"displaynam":"TENTERDEN","lgacode":2240,"omsnumber":6606,"type":"BFB"}},{"type":"Feature","id":310,"geometry":{"type":"Point","coordinates":[117.44019602376203,-34.643687111471706]},"properties":{"objectid":310,"displaynam":"FOREST HILL","lgacode":7210,"omsnumber":6237,"type":"BFB"}},{"type":"Feature","id":311,"geometry":{"type":"Point","coordinates":[116.26922111134787,-31.861589999914607]},"properties":{"objectid":311,"displaynam":"CHIDLOW","lgacode":6090,"omsnumber":6137,"type":"BFB"}},{"type":"Feature","id":312,"geometry":{"type":"Point","coordinates":[118.0029467707471,-33.938248239750834]},"properties":{"objectid":312,"displaynam":"GNOWANGERUP","lgacode":3640,"omsnumber":6256,"type":"BFB"}},{"type":"Feature","id":313,"geometry":{"type":"Point","coordinates":[118.48868666718836,-33.96440222198785]},"properties":{"objectid":313,"displaynam":"ONGERUP","lgacode":3640,"omsnumber":6506,"type":"BFB"}},{"type":"Feature","id":314,"geometry":{"type":"Point","coordinates":[118.2634338888567,-34.07215000031386]},"properties":{"objectid":314,"displaynam":"BORDEN","lgacode":3640,"omsnumber":6071,"type":"BFB"}},{"type":"Feature","id":315,"geometry":{"type":"Point","coordinates":[118.93712826374426,-34.212465696098285]},"properties":{"objectid":315,"displaynam":"GAIRDNER","lgacode":4130,"omsnumber":6240,"type":"BFB"}},{"type":"Feature","id":316,"geometry":{"type":"Point","coordinates":[120.18351804787892,-33.59397629948291]},"properties":{"objectid":316,"displaynam":"EAST RAVENSTHORPE","lgacode":7420,"omsnumber":6475,"type":"BFB"}},{"type":"Feature","id":317,"geometry":{"type":"Point","coordinates":[119.61242396417462,-33.521284941178294]},"properties":{"objectid":317,"displaynam":"WEST RIVER","lgacode":7420,"omsnumber":6763,"type":"BFB"}},{"type":"Feature","id":318,"geometry":{"type":"Point","coordinates":[117.07968530175904,-34.97814083678654]},"properties":{"objectid":318,"displaynam":"OWINGUP","lgacode":2730,"omsnumber":6857,"type":"BFB"}},{"type":"Feature","id":319,"geometry":{"type":"Point","coordinates":[117.61506277760091,-34.63301444499115]},"properties":{"objectid":319,"displaynam":"MIDDLE WARD","lgacode":7210,"omsnumber":6413,"type":"BFB"}},{"type":"Feature","id":320,"geometry":{"type":"Point","coordinates":[117.70191333279624,-34.77206166713898]},"properties":{"objectid":320,"displaynam":"NARRIKUP","lgacode":7210,"omsnumber":6470,"type":"BFB"}},{"type":"Feature","id":321,"geometry":{"type":"Point","coordinates":[117.24793722189412,-34.575768332589526]},"properties":{"objectid":321,"displaynam":"PERILLUP","lgacode":7210,"omsnumber":6520,"type":"BFB"}},{"type":"Feature","id":322,"geometry":{"type":"Point","coordinates":[117.8987919153448,-34.6595563758673]},"properties":{"objectid":322,"displaynam":"PORONGURUP","lgacode":7210,"omsnumber":6536,"type":"BFB"}},{"type":"Feature","id":323,"geometry":{"type":"Point","coordinates":[117.83027007960477,-34.71000139379974]},"properties":{"objectid":323,"displaynam":"PORONGURUP SOUTH","lgacode":7210,"omsnumber":6537,"type":"BFB"}},{"type":"Feature","id":324,"geometry":{"type":"Point","coordinates":[117.01486888872604,-34.51211555612825]},"properties":{"objectid":324,"displaynam":"ROCKY GULLY","lgacode":7210,"omsnumber":6558,"type":"BFB"}},{"type":"Feature","id":325,"geometry":{"type":"Point","coordinates":[117.82587270750157,-34.5295531906083]},"properties":{"objectid":325,"displaynam":"WOOGENELLUP","lgacode":7210,"omsnumber":6684,"type":"BFB"}},{"type":"Feature","id":326,"geometry":{"type":"Point","coordinates":[120.04534703355611,-33.58080999151889]},"properties":{"objectid":326,"displaynam":"COCANARUP","lgacode":7420,"omsnumber":6498,"type":"BFB"}},{"type":"Feature","id":327,"geometry":{"type":"Point","coordinates":[120.18446999983892,-33.825409999859566]},"properties":{"objectid":327,"displaynam":"HOPETOUN RURAL","lgacode":7420,"omsnumber":6291,"type":"BFB"}},{"type":"Feature","id":328,"geometry":{"type":"Point","coordinates":[120.47547238443632,-33.70978431557833]},"properties":{"objectid":328,"displaynam":"JERDACUTTUP","lgacode":7420,"omsnumber":6655,"type":"BFB"}},{"type":"Feature","id":329,"geometry":{"type":"Point","coordinates":[119.95037000049668,-33.50059999976137]},"properties":{"objectid":329,"displaynam":"MT SHORT","lgacode":7420,"omsnumber":6453,"type":"BFB"}},{"type":"Feature","id":330,"geometry":{"type":"Point","coordinates":[120.86332371214932,-33.709361736592356]},"properties":{"objectid":330,"displaynam":"MUNGLINUP","lgacode":7420,"omsnumber":6452,"type":"BFB"}},{"type":"Feature","id":331,"geometry":{"type":"Point","coordinates":[117.5868033327111,-35.04636833340024]},"properties":{"objectid":331,"displaynam":"BORNHOLM / KRONKUP","lgacode":80,"omsnumber":6073,"type":"BFB"}},{"type":"Feature","id":332,"geometry":{"type":"Point","coordinates":[117.80074166724478,-34.94198444497862]},"properties":{"objectid":332,"displaynam":"HIGHWAY","lgacode":80,"omsnumber":6207,"type":"BFB"}},{"type":"Feature","id":333,"geometry":{"type":"Point","coordinates":[118.37180722216654,-34.63443611067325]},"properties":{"objectid":333,"displaynam":"GREEN RANGE","lgacode":80,"omsnumber":6269,"type":"BFB"}},{"type":"Feature","id":334,"geometry":{"type":"Point","coordinates":[117.89643555488715,-34.934365555552795]},"properties":{"objectid":334,"displaynam":"KING RIVER","lgacode":80,"omsnumber":6341,"type":"BFB"}},{"type":"Feature","id":335,"geometry":{"type":"Point","coordinates":[117.08216499984515,-34.363418333318855]},"properties":{"objectid":335,"displaynam":"FRANKLAND","lgacode":2240,"omsnumber":6238,"type":"BFB"}},{"type":"Feature","id":336,"geometry":{"type":"Point","coordinates":[116.91879999990839,-34.333499999621175]},"properties":{"objectid":336,"displaynam":"BOKERUP/UNICUP","lgacode":2240,"omsnumber":6065,"type":"BFB"}},{"type":"Feature","id":337,"geometry":{"type":"Point","coordinates":[117.08216499984515,-34.363418333318855]},"properties":{"objectid":337,"displaynam":"FRANKLAND TOWN","lgacode":2240,"omsnumber":6437,"type":"BFB"}},{"type":"Feature","id":338,"geometry":{"type":"Point","coordinates":[117.23381555454282,-34.89038055587619]},"properties":{"objectid":338,"displaynam":"HAREWOOD","lgacode":2730,"omsnumber":6276,"type":"BFB"}},{"type":"Feature","id":339,"geometry":{"type":"Point","coordinates":[116.92456944412567,-35.040616110583876]},"properties":{"objectid":339,"displaynam":"PEACEFUL BAY","lgacode":2730,"omsnumber":6514,"type":"BFB"}},{"type":"Feature","id":340,"geometry":{"type":"Point","coordinates":[117.12846690753925,-34.91674421460351]},"properties":{"objectid":340,"displaynam":"KORDABUP","lgacode":2730,"omsnumber":6353,"type":"BFB"}},{"type":"Feature","id":341,"geometry":{"type":"Point","coordinates":[117.39399394135046,-34.94302485334081]},"properties":{"objectid":341,"displaynam":"EAST DENMARK","lgacode":2730,"omsnumber":6715,"type":"BFB"}},{"type":"Feature","id":342,"geometry":{"type":"Point","coordinates":[117.3429047238095,-34.91564227006804]},"properties":{"objectid":342,"displaynam":"MT LINDESAY","lgacode":2730,"omsnumber":6441,"type":"BFB"}},{"type":"Feature","id":343,"geometry":{"type":"Point","coordinates":[117.26621492835531,-34.98496155016823]},"properties":{"objectid":343,"displaynam":"WILLIAM BAY","lgacode":2730,"omsnumber":6673,"type":"BFB"}},{"type":"Feature","id":344,"geometry":{"type":"Point","coordinates":[117.33083722247947,-35.00169333293338]},"properties":{"objectid":344,"displaynam":"OCEAN BEACH","lgacode":2730,"omsnumber":6501,"type":"BFB"}},{"type":"Feature","id":345,"geometry":{"type":"Point","coordinates":[117.1878368446148,-34.991667599626936]},"properties":{"objectid":345,"displaynam":"PARRYVILLE","lgacode":2730,"omsnumber":6513,"type":"BFB"}},{"type":"Feature","id":346,"geometry":{"type":"Point","coordinates":[117.30535377922918,-34.94895993170077]},"properties":{"objectid":346,"displaynam":"SCOTSDALE/SHADFORTH","lgacode":2730,"omsnumber":6573,"type":"BFB"}},{"type":"Feature","id":347,"geometry":{"type":"Point","coordinates":[117.0186741392124,-34.93003003498647]},"properties":{"objectid":347,"displaynam":"MEHNIUP","lgacode":2730,"omsnumber":6611,"type":"BFB"}},{"type":"Feature","id":348,"geometry":{"type":"Point","coordinates":[116.8154005554831,-34.991495556207724]},"properties":{"objectid":348,"displaynam":"NORNALUP","lgacode":2730,"omsnumber":6486,"type":"BFB"}},{"type":"Feature","id":349,"geometry":{"type":"Point","coordinates":[116.76823222164211,-31.88375611145175]},"properties":{"objectid":349,"displaynam":"YORK","lgacode":9730,"omsnumber":176,"type":"VFRS"}},{"type":"Feature","id":350,"geometry":{"type":"Point","coordinates":[118.00258000007851,-34.894888889492286]},"properties":{"objectid":350,"displaynam":"KALGAN","lgacode":80,"omsnumber":6325,"type":"BFB"}},{"type":"Feature","id":351,"geometry":{"type":"Point","coordinates":[118.40448342232295,-34.88340606787844]},"properties":{"objectid":351,"displaynam":"MANYPEAKS","lgacode":80,"omsnumber":6398,"type":"BFB"}},{"type":"Feature","id":352,"geometry":{"type":"Point","coordinates":[117.85372555522021,-35.05779999967362]},"properties":{"objectid":352,"displaynam":"SOUTH COAST","lgacode":80,"omsnumber":6584,"type":"BFB"}},{"type":"Feature","id":353,"geometry":{"type":"Point","coordinates":[113.41654905160132,-26.127224721853327]},"properties":{"objectid":353,"displaynam":"USELESS LOOP","lgacode":7770,"omsnumber":4974,"type":"SESU"}},{"type":"Feature","id":354,"geometry":{"type":"Point","coordinates":[116.14617784014438,-34.242424332481626]},"properties":{"objectid":354,"displaynam":"LOWER SOUTH WEST REGIONAL DIRECTORATE","lgacode":0,"omsnumber":3002,"type":"DFES"}},{"type":"Feature","id":355,"geometry":{"type":"Point","coordinates":[117.87951846359307,-34.984111699775234]},"properties":{"objectid":355,"displaynam":"ALBANY","lgacode":80,"omsnumber":4901,"type":"SESU"}},{"type":"Feature","id":356,"geometry":{"type":"Point","coordinates":[115.15669959958991,-34.31541016505741]},"properties":{"objectid":356,"displaynam":"AUGUSTA","lgacode":280,"omsnumber":128,"type":"VFRS"}},{"type":"Feature","id":357,"geometry":{"type":"Point","coordinates":[116.53613750837303,-31.389482841510432]},"properties":{"objectid":357,"displaynam":"BEJOORDING","lgacode":8330,"omsnumber":6661,"type":"BFB"}},{"type":"Feature","id":358,"geometry":{"type":"Point","coordinates":[116.92557910295459,-32.10440392431952]},"properties":{"objectid":358,"displaynam":"BEVERLEY","lgacode":560,"omsnumber":124,"type":"VFRS"}},{"type":"Feature","id":359,"geometry":{"type":"Point","coordinates":[116.38503142018888,-33.83075905149258]},"properties":{"objectid":359,"displaynam":"BOYUP BROOK","lgacode":770,"omsnumber":135,"type":"VFRS"}},{"type":"Feature","id":360,"geometry":{"type":"Point","coordinates":[122.22564285123177,-17.95403388304949]},"properties":{"objectid":360,"displaynam":"BROOME","lgacode":980,"omsnumber":123,"type":"VFRS"}},{"type":"Feature","id":361,"geometry":{"type":"Point","coordinates":[117.25457671059291,-34.944154607551816]},"properties":{"objectid":361,"displaynam":"CARMARTHEN","lgacode":2730,"omsnumber":6127,"type":"BFB"}},{"type":"Feature","id":362,"geometry":{"type":"Point","coordinates":[113.6772472997466,-24.870069372124025]},"properties":{"objectid":362,"displaynam":"CARNARVON","lgacode":1540,"omsnumber":105,"type":"VFRS"}},{"type":"Feature","id":363,"geometry":{"type":"Point","coordinates":[121.16474095096403,-30.953122049091576]},"properties":{"objectid":363,"displaynam":"COOLGARDIE","lgacode":1960,"omsnumber":108,"type":"VFRS"}},{"type":"Feature","id":364,"geometry":{"type":"Point","coordinates":[116.4410000002322,-31.47810919956946]},"properties":{"objectid":364,"displaynam":"COONDLE/NUNILE","lgacode":8330,"omsnumber":6157,"type":"BFB"}},{"type":"Feature","id":365,"geometry":{"type":"Point","coordinates":[117.896927126327,-27.42497486291506]},"properties":{"objectid":365,"displaynam":"CUE","lgacode":2380,"omsnumber":109,"type":"VFRS"}},{"type":"Feature","id":366,"geometry":{"type":"Point","coordinates":[117.23784261814767,-31.650056116526358]},"properties":{"objectid":366,"displaynam":"CUNDERDIN","lgacode":2450,"omsnumber":110,"type":"VFRS"}},{"type":"Feature","id":367,"geometry":{"type":"Point","coordinates":[116.70646961772358,-20.662871899912957]},"properties":{"objectid":367,"displaynam":"DAMPIER","lgacode":4310,"omsnumber":4202,"type":"VFRS"}},{"type":"Feature","id":368,"geometry":{"type":"Point","coordinates":[114.9258589525789,-29.269609539218923]},"properties":{"objectid":368,"displaynam":"DONGARA-DENISON","lgacode":4060,"omsnumber":127,"type":"VFRS"}},{"type":"Feature","id":369,"geometry":{"type":"Point","coordinates":[114.92562072182666,-29.269796893590883]},"properties":{"objectid":369,"displaynam":"DONGARA TOWN","lgacode":4060,"omsnumber":6755,"type":"BFB"}},{"type":"Feature","id":370,"geometry":{"type":"Point","coordinates":[117.74156389179244,-33.313499854072866]},"properties":{"objectid":370,"displaynam":"DUMBLEYUNG","lgacode":3010,"omsnumber":119,"type":"VFRS"}},{"type":"Feature","id":371,"geometry":{"type":"Point","coordinates":[115.69699484596354,-33.31458460566003]},"properties":{"objectid":371,"displaynam":"EATON-AUSTRALIND","lgacode":2660,"omsnumber":122,"type":"VFRS"}},{"type":"Feature","id":372,"geometry":{"type":"Point","coordinates":[114.12449221278465,-21.930264445913018]},"properties":{"objectid":372,"displaynam":"EXMOUTH","lgacode":3360,"omsnumber":112,"type":"VFRS"}},{"type":"Feature","id":373,"geometry":{"type":"Point","coordinates":[118.52580658778791,-34.346976499926654]},"properties":{"objectid":373,"displaynam":"GNOWELLEN","lgacode":80,"omsnumber":6257,"type":"BFB"}},{"type":"Feature","id":374,"geometry":{"type":"Point","coordinates":[116.82954642265175,-31.29857617448802]},"properties":{"objectid":374,"displaynam":"GOOMALLING","lgacode":3710,"omsnumber":132,"type":"VFRS"}},{"type":"Feature","id":375,"geometry":{"type":"Point","coordinates":[116.82952722226716,-31.298385556367883]},"properties":{"objectid":375,"displaynam":"GOOMALLING CENTRAL","lgacode":3710,"omsnumber":6261,"type":"BFB"}},{"type":"Feature","id":376,"geometry":{"type":"Point","coordinates":[116.32971582529413,-31.510708214961]},"properties":{"objectid":376,"displaynam":"JULIMAR","lgacode":8330,"omsnumber":6615,"type":"BFB"}},{"type":"Feature","id":377,"geometry":{"type":"Point","coordinates":[115.03700548647282,-30.308036823945848]},"properties":{"objectid":377,"displaynam":"JURIEN BAY","lgacode":2590,"omsnumber":137,"type":"VFRS"}},{"type":"Feature","id":378,"geometry":{"type":"Point","coordinates":[121.46580193027691,-30.736287580556713]},"properties":{"objectid":378,"displaynam":"KALGOORLIE","lgacode":4280,"omsnumber":4201,"type":"VFRS"}},{"type":"Feature","id":379,"geometry":{"type":"Point","coordinates":[116.84324730447246,-20.735541337349563]},"properties":{"objectid":379,"displaynam":"KARRATHA","lgacode":4310,"omsnumber":153,"type":"VFRS"}},{"type":"Feature","id":380,"geometry":{"type":"Point","coordinates":[117.56802713461262,-33.694909738135784]},"properties":{"objectid":380,"displaynam":"KATANNING CENTRAL","lgacode":4340,"omsnumber":6981,"type":"BFB"}},{"type":"Feature","id":381,"geometry":{"type":"Point","coordinates":[122.40276286144825,-28.62545852444679]},"properties":{"objectid":381,"displaynam":"LAVERTON","lgacode":4970,"omsnumber":142,"type":"VFRS"}},{"type":"Feature","id":382,"geometry":{"type":"Point","coordinates":[118.49813045568193,-26.591250075507528]},"properties":{"objectid":382,"displaynam":"MEEKATHARRA","lgacode":5250,"omsnumber":148,"type":"VFRS"}},{"type":"Feature","id":383,"geometry":{"type":"Point","coordinates":[116.00771439141587,-30.640697373907162]},"properties":{"objectid":383,"displaynam":"MOORA","lgacode":5600,"omsnumber":150,"type":"VFRS"}},{"type":"Feature","id":384,"geometry":{"type":"Point","coordinates":[116.29158543366715,-31.67183564804352]},"properties":{"objectid":384,"displaynam":"MORANGUP","lgacode":8330,"omsnumber":6429,"type":"BFB"}},{"type":"Feature","id":385,"geometry":{"type":"Point","coordinates":[117.66272232775704,-34.62867503048046]},"properties":{"objectid":385,"displaynam":"MOUNT BARKER","lgacode":7210,"omsnumber":151,"type":"VFRS"}},{"type":"Feature","id":386,"geometry":{"type":"Point","coordinates":[115.76486814502304,-33.979488611158864]},"properties":{"objectid":386,"displaynam":"NANNUP","lgacode":6300,"omsnumber":155,"type":"VFRS"}},{"type":"Feature","id":387,"geometry":{"type":"Point","coordinates":[117.18041965911539,-32.93084576963337]},"properties":{"objectid":387,"displaynam":"NARROGIN","lgacode":6460,"omsnumber":156,"type":"VFRS"}},{"type":"Feature","id":388,"geometry":{"type":"Point","coordinates":[117.18019015279191,-32.93011421160724]},"properties":{"objectid":388,"displaynam":"NARROGIN","lgacode":6460,"omsnumber":4956,"type":"SESU"}},{"type":"Feature","id":389,"geometry":{"type":"Point","coordinates":[121.78127691808663,-32.197444605853114]},"properties":{"objectid":389,"displaynam":"NORSEMAN","lgacode":3080,"omsnumber":157,"type":"VFRS"}},{"type":"Feature","id":390,"geometry":{"type":"Point","coordinates":[116.67443120048286,-31.652999274227817]},"properties":{"objectid":390,"displaynam":"NORTHAM","lgacode":6730,"omsnumber":194,"type":"VFRS"}},{"type":"Feature","id":391,"geometry":{"type":"Point","coordinates":[117.67479885344564,-23.20296976703621]},"properties":{"objectid":391,"displaynam":"PARABURDOO","lgacode":250,"omsnumber":4275,"type":"PFRS"}},{"type":"Feature","id":392,"geometry":{"type":"Point","coordinates":[116.03430912096832,-34.444330806449706]},"properties":{"objectid":392,"displaynam":"PEMBERTON","lgacode":5180,"omsnumber":102,"type":"VFRS"}},{"type":"Feature","id":393,"geometry":{"type":"Point","coordinates":[117.0818282969313,-32.533889059149836]},"properties":{"objectid":393,"displaynam":"PINGELLY","lgacode":7140,"omsnumber":160,"type":"VFRS"}},{"type":"Feature","id":394,"geometry":{"type":"Point","coordinates":[117.40352467833215,-32.00880227649486]},"properties":{"objectid":394,"displaynam":"QUAIRADING","lgacode":7350,"omsnumber":162,"type":"VFRS"}},{"type":"Feature","id":395,"geometry":{"type":"Point","coordinates":[120.04534703355611,-33.58080999151889]},"properties":{"objectid":395,"displaynam":"RAVENSTHORPE","lgacode":7420,"omsnumber":165,"type":"VFRS"}},{"type":"Feature","id":396,"geometry":{"type":"Point","coordinates":[117.14532901444052,-20.770240519934813]},"properties":{"objectid":396,"displaynam":"ROEBOURNE","lgacode":4310,"omsnumber":168,"type":"VFRS"}},{"type":"Feature","id":397,"geometry":{"type":"Point","coordinates":[118.59509084712622,-20.401048903841218]},"properties":{"objectid":397,"displaynam":"SOUTH HEDLAND","lgacode":7280,"omsnumber":130,"type":"VFRS"}},{"type":"Feature","id":398,"geometry":{"type":"Point","coordinates":[119.32555505858456,-31.23124891465963]},"properties":{"objectid":398,"displaynam":"SOUTHERN CROSS","lgacode":9660,"omsnumber":164,"type":"VFRS"}},{"type":"Feature","id":399,"geometry":{"type":"Point","coordinates":[116.47171357305535,-31.552760761515323]},"properties":{"objectid":399,"displaynam":"TOODYAY CENTRAL","lgacode":8330,"omsnumber":6614,"type":"BFB"}},{"type":"Feature","id":400,"geometry":{"type":"Point","coordinates":[117.14143635364587,-20.67404344225844]},"properties":{"objectid":400,"displaynam":"WICKHAM","lgacode":4310,"omsnumber":175,"type":"VFRS"}},{"type":"Feature","id":401,"geometry":{"type":"Point","coordinates":[116.7160798337811,-30.890990798122477]},"properties":{"objectid":401,"displaynam":"WONGAN HILLS","lgacode":9310,"omsnumber":172,"type":"VFRS"}},{"type":"Feature","id":402,"geometry":{"type":"Point","coordinates":[117.38151359546792,-31.178896034973143]},"properties":{"objectid":402,"displaynam":"WYALKATCHEM","lgacode":9450,"omsnumber":174,"type":"VFRS"}},{"type":"Feature","id":403,"geometry":{"type":"Point","coordinates":[115.6406120751023,-31.544584687474494]},"properties":{"objectid":403,"displaynam":"YANCHEP","lgacode":8760,"omsnumber":134,"type":"VFRS"}},{"type":"Feature","id":404,"geometry":{"type":"Point","coordinates":[123.64900760252044,-17.3098377643123]},"properties":{"objectid":404,"displaynam":"DERBY","lgacode":2800,"omsnumber":4923,"type":"SESU"}},{"type":"Feature","id":405,"geometry":{"type":"Point","coordinates":[117.94362794516394,-34.994675540678266]},"properties":{"objectid":405,"displaynam":"ALBANY","lgacode":80,"omsnumber":4820,"type":"VMRS"}},{"type":"Feature","id":406,"geometry":{"type":"Point","coordinates":[115.50245183340004,-30.38954482696005]},"properties":{"objectid":406,"displaynam":"BADGINGARRA","lgacode":2590,"omsnumber":6026,"type":"BFB"}},{"type":"Feature","id":407,"geometry":{"type":"Point","coordinates":[115.78775758323745,-31.230348722513618]},"properties":{"objectid":407,"displaynam":"BEERMULLAH","lgacode":3570,"omsnumber":6042,"type":"BFB"}},{"type":"Feature","id":408,"geometry":{"type":"Point","coordinates":[116.09566711311156,-31.38723990828537]},"properties":{"objectid":408,"displaynam":"BINDOON","lgacode":1680,"omsnumber":6055,"type":"BFB"}},{"type":"Feature","id":409,"geometry":{"type":"Point","coordinates":[117.13438834238502,-30.77077279471752]},"properties":{"objectid":409,"displaynam":"CADOUX/MANMANNING","lgacode":9310,"omsnumber":6115,"type":"BFB"}},{"type":"Feature","id":410,"geometry":{"type":"Point","coordinates":[116.55659174453783,-31.74504787522713]},"properties":{"objectid":410,"displaynam":"CLACKLINE/MURESK","lgacode":6730,"omsnumber":6142,"type":"BFB"}},{"type":"Feature","id":411,"geometry":{"type":"Point","coordinates":[115.59377921515326,-31.338694503108727]},"properties":{"objectid":411,"displaynam":"GINGIN WEST","lgacode":3570,"omsnumber":6251,"type":"BFB"}},{"type":"Feature","id":412,"geometry":{"type":"Point","coordinates":[114.96865619994811,-30.06667534941088]},"properties":{"objectid":412,"displaynam":"GREEN HEAD","lgacode":2030,"omsnumber":6963,"type":"BFB"}},{"type":"Feature","id":413,"geometry":{"type":"Point","coordinates":[115.51273798349659,-31.266807895180172]},"properties":{"objectid":413,"displaynam":"GUILDERTON","lgacode":3570,"omsnumber":6271,"type":"BFB"}},{"type":"Feature","id":414,"geometry":{"type":"Point","coordinates":[116.77650531949243,-31.053335312019968]},"properties":{"objectid":414,"displaynam":"KONNONGORRING","lgacode":3710,"omsnumber":6348,"type":"BFB"}},{"type":"Feature","id":415,"geometry":{"type":"Point","coordinates":[116.01408604760225,-30.63987748611006]},"properties":{"objectid":415,"displaynam":"MOORA","lgacode":5600,"omsnumber":4949,"type":"SESU"}},{"type":"Feature","id":416,"geometry":{"type":"Point","coordinates":[115.72820180404098,-31.67195523693043]},"properties":{"objectid":416,"displaynam":"QUINNS ROCKS","lgacode":8760,"omsnumber":6549,"type":"BFB"}},{"type":"Feature","id":417,"geometry":{"type":"Point","coordinates":[115.04266437823998,-30.286899281740258]},"properties":{"objectid":417,"displaynam":"JURIEN BAY","lgacode":2590,"omsnumber":4841,"type":"VMRS"}},{"type":"Feature","id":418,"geometry":{"type":"Point","coordinates":[114.98023564048594,-29.939945601737847]},"properties":{"objectid":418,"displaynam":"LEEMAN","lgacode":2030,"omsnumber":6144,"type":"BFB"}},{"type":"Feature","id":419,"geometry":{"type":"Point","coordinates":[115.39198118808088,-30.962629116777762]},"properties":{"objectid":419,"displaynam":"OCEAN FARMS","lgacode":3570,"omsnumber":6502,"type":"BFB"}},{"type":"Feature","id":420,"geometry":{"type":"Point","coordinates":[115.44381892641016,-31.27466522706273]},"properties":{"objectid":420,"displaynam":"SEABIRD","lgacode":3570,"omsnumber":6576,"type":"BFB"}},{"type":"Feature","id":421,"geometry":{"type":"Point","coordinates":[115.98392974876519,-32.29730224561829]},"properties":{"objectid":421,"displaynam":"MUNDIJONG","lgacode":7700,"omsnumber":6451,"type":"BFB"}},{"type":"Feature","id":422,"geometry":{"type":"Point","coordinates":[115.87298041786755,-32.62781169860307]},"properties":{"objectid":422,"displaynam":"PINJARRA","lgacode":6230,"omsnumber":154,"type":"VFRS"}},{"type":"Feature","id":423,"geometry":{"type":"Point","coordinates":[115.95609556161341,-32.035596007557075]},"properties":{"objectid":423,"displaynam":"GOSNELLS","lgacode":3780,"omsnumber":4932,"type":"SESU"}},{"type":"Feature","id":424,"geometry":{"type":"Point","coordinates":[115.84731411480439,-32.076554927772776]},"properties":{"objectid":424,"displaynam":"MELVILLE","lgacode":5320,"omsnumber":4947,"type":"SESU"}},{"type":"Feature","id":425,"geometry":{"type":"Point","coordinates":[115.74961318251847,-32.27581624363533]},"properties":{"objectid":425,"displaynam":"ROCKINGHAM / KWINANA","lgacode":7490,"omsnumber":4966,"type":"SESU"}},{"type":"Feature","id":426,"geometry":{"type":"Point","coordinates":[115.98392974876519,-32.29730224561829]},"properties":{"objectid":426,"displaynam":"SERPENTINE-JARRAHDALE","lgacode":7700,"omsnumber":4967,"type":"SESU"}},{"type":"Feature","id":427,"geometry":{"type":"Point","coordinates":[128.73277973193913,-15.77643345623277]},"properties":{"objectid":427,"displaynam":"KUNUNURRA","lgacode":9520,"omsnumber":4943,"type":"SESU"}},{"type":"Feature","id":428,"geometry":{"type":"Point","coordinates":[116.16788517594219,-31.870833872631117]},"properties":{"objectid":428,"displaynam":"STONEVILLE","lgacode":6090,"omsnumber":6595,"type":"BFB"}},{"type":"Feature","id":429,"geometry":{"type":"Point","coordinates":[115.76008576317726,-31.742265099577292]},"properties":{"objectid":429,"displaynam":"NORTH COASTAL METROPOLITAN REGIONAL DIRECTORATE","lgacode":0,"omsnumber":3035,"type":"DFES"}},{"type":"Feature","id":430,"geometry":{"type":"Point","coordinates":[115.75360339302287,-32.517387906077396]},"properties":{"objectid":430,"displaynam":"MANDURAH","lgacode":5110,"omsnumber":4944,"type":"SESU"}},{"type":"Feature","id":431,"geometry":{"type":"Point","coordinates":[116.04979448140398,-32.180453516538634]},"properties":{"objectid":431,"displaynam":"BEDFORDALE","lgacode":210,"omsnumber":6040,"type":"BFB"}},{"type":"Feature","id":432,"geometry":{"type":"Point","coordinates":[115.84804277190247,-32.12255676442706]},"properties":{"objectid":432,"displaynam":"SOUTH COOGEE","lgacode":1820,"omsnumber":6151,"type":"BFB"}},{"type":"Feature","id":433,"geometry":{"type":"Point","coordinates":[115.91770599278095,-31.913656252108858]},"properties":{"objectid":433,"displaynam":"BAYSWATER","lgacode":420,"omsnumber":4906,"type":"SESU"}},{"type":"Feature","id":434,"geometry":{"type":"Point","coordinates":[116.17788517580657,-31.904589984375836]},"properties":{"objectid":434,"displaynam":"MUNDARING","lgacode":6090,"omsnumber":4953,"type":"SESU"}},{"type":"Feature","id":435,"geometry":{"type":"Point","coordinates":[115.82846644499124,-31.923462956738263]},"properties":{"objectid":435,"displaynam":"NORTH SHORE","lgacode":8570,"omsnumber":4960,"type":"SESU"}},{"type":"Feature","id":436,"geometry":{"type":"Point","coordinates":[115.80861330691654,-31.89877846542436]},"properties":{"objectid":436,"displaynam":"STIRLING","lgacode":7910,"omsnumber":4969,"type":"SESU"}},{"type":"Feature","id":437,"geometry":{"type":"Point","coordinates":[115.7629587056845,-31.751987053623864]},"properties":{"objectid":437,"displaynam":"WANNEROO-JOONDALUP","lgacode":4170,"omsnumber":4975,"type":"SESU"}},{"type":"Feature","id":438,"geometry":{"type":"Point","coordinates":[115.92512370427683,-32.016864095026065]},"properties":{"objectid":438,"displaynam":"CANNING SOUTH PERTH","lgacode":1330,"omsnumber":4915,"type":"SESU"}},{"type":"Feature","id":439,"geometry":{"type":"Point","coordinates":[115.84761066182466,-32.12237973236387]},"properties":{"objectid":439,"displaynam":"COCKBURN","lgacode":1820,"omsnumber":4918,"type":"SESU"}},{"type":"Feature","id":440,"geometry":{"type":"Point","coordinates":[115.84255363299255,-32.208448902149435]},"properties":{"objectid":440,"displaynam":"MANDOGALUP","lgacode":4830,"omsnumber":6392,"type":"BFB"}},{"type":"Feature","id":441,"geometry":{"type":"Point","coordinates":[116.07333369151249,-31.91699940278684]},"properties":{"objectid":441,"displaynam":"DARLINGTON","lgacode":6090,"omsnumber":6194,"type":"BFB"}},{"type":"Feature","id":442,"geometry":{"type":"Point","coordinates":[115.95575292029541,-32.03578826942268]},"properties":{"objectid":442,"displaynam":"GOSNELLS","lgacode":3780,"omsnumber":6265,"type":"BFB"}},{"type":"Feature","id":443,"geometry":{"type":"Point","coordinates":[116.06332684163935,-32.33744998384704]},"properties":{"objectid":443,"displaynam":"JARRAHDALE","lgacode":7700,"omsnumber":6309,"type":"BFB"}},{"type":"Feature","id":444,"geometry":{"type":"Point","coordinates":[115.92540122656062,-32.210872635312036]},"properties":{"objectid":444,"displaynam":"OAKFORD","lgacode":7700,"omsnumber":6500,"type":"BFB"}},{"type":"Feature","id":445,"geometry":{"type":"Point","coordinates":[115.9999350374568,-31.808446103489874]},"properties":{"objectid":445,"displaynam":"WEST SWAN","lgacode":8050,"omsnumber":6599,"type":"BFB"}},{"type":"Feature","id":446,"geometry":{"type":"Point","coordinates":[115.79244801874312,-31.730482021968346]},"properties":{"objectid":446,"displaynam":"WANNEROO CENTRAL","lgacode":8760,"omsnumber":6653,"type":"BFB"}},{"type":"Feature","id":447,"geometry":{"type":"Point","coordinates":[115.72820180404098,-31.67195523693043]},"properties":{"objectid":447,"displaynam":"NORTH COASTAL","lgacode":8760,"omsnumber":6961,"type":"BFB"}},{"type":"Feature","id":448,"geometry":{"type":"Point","coordinates":[115.78685832410606,-32.55852530022434]},"properties":{"objectid":448,"displaynam":"WEST MURRAY","lgacode":6230,"omsnumber":6456,"type":"BFB"}},{"type":"Feature","id":449,"geometry":{"type":"Point","coordinates":[115.79006461363848,-32.583496975534615]},"properties":{"objectid":449,"displaynam":"STH YUNDERUP / RAVENSWOOD","lgacode":6230,"omsnumber":6551,"type":"BFB"}},{"type":"Feature","id":450,"geometry":{"type":"Point","coordinates":[115.93696906376647,-31.941157761858825]},"properties":{"objectid":450,"displaynam":"NORTH EAST METROPOLITAN REGIONAL DIRECTORATE","lgacode":0,"omsnumber":3052,"type":"DFES"}},{"type":"Feature","id":451,"geometry":{"type":"Point","coordinates":[115.86906239756111,-31.954449983740428]},"properties":{"objectid":451,"displaynam":"PERTH","lgacode":7080,"omsnumber":4001,"type":"CFRS"}},{"type":"Feature","id":452,"geometry":{"type":"Point","coordinates":[115.81620018605597,-31.903159197598768]},"properties":{"objectid":452,"displaynam":"OSBORNE PARK","lgacode":7910,"omsnumber":4010,"type":"CFRS"}},{"type":"Feature","id":453,"geometry":{"type":"Point","coordinates":[115.88678184180199,-31.860044984115117]},"properties":{"objectid":453,"displaynam":"MALAGA","lgacode":8050,"omsnumber":4011,"type":"CFRS"}},{"type":"Feature","id":454,"geometry":{"type":"Point","coordinates":[115.80537073054438,-31.95814665119871]},"properties":{"objectid":454,"displaynam":"DAGLISH","lgacode":7980,"omsnumber":12,"type":"CFRS"}},{"type":"Feature","id":455,"geometry":{"type":"Point","coordinates":[115.76989739751227,-31.986997207473667]},"properties":{"objectid":455,"displaynam":"CLAREMONT","lgacode":1750,"omsnumber":13,"type":"CFRS"}},{"type":"Feature","id":456,"geometry":{"type":"Point","coordinates":[115.77153906421245,-31.819567207483423]},"properties":{"objectid":456,"displaynam":"DUNCRAIG","lgacode":4170,"omsnumber":4017,"type":"CFRS"}},{"type":"Feature","id":457,"geometry":{"type":"Point","coordinates":[115.75719232374801,-32.409187312024805]},"properties":{"objectid":457,"displaynam":"SECRET HARBOUR","lgacode":7490,"omsnumber":196,"type":"VFRS"}},{"type":"Feature","id":458,"geometry":{"type":"Point","coordinates":[115.74338517571937,-32.05369498371019]},"properties":{"objectid":458,"displaynam":"FREMANTLE","lgacode":3430,"omsnumber":4002,"type":"CFRS"}},{"type":"Feature","id":459,"geometry":{"type":"Point","coordinates":[115.77588850891539,-31.717687762203823]},"properties":{"objectid":459,"displaynam":"JOONDALUP","lgacode":4170,"omsnumber":4020,"type":"CFRS"}},{"type":"Feature","id":460,"geometry":{"type":"Point","coordinates":[115.79236850919955,-32.20253331847797]},"properties":{"objectid":460,"displaynam":"HOPE VALLEY","lgacode":4830,"omsnumber":4039,"type":"CFRS"}},{"type":"Feature","id":461,"geometry":{"type":"Point","coordinates":[115.71206262543899,-31.653683846650924]},"properties":{"objectid":461,"displaynam":"BUTLER","lgacode":8760,"omsnumber":23,"type":"CFRS"}},{"type":"Feature","id":462,"geometry":{"type":"Point","coordinates":[115.74939644383531,-32.51365753181836]},"properties":{"objectid":462,"displaynam":"MANDURAH","lgacode":5110,"omsnumber":4034,"type":"CFRS"}},{"type":"Feature","id":463,"geometry":{"type":"Point","coordinates":[115.7682343528562,-32.27662218649362]},"properties":{"objectid":463,"displaynam":"ROCKINGHAM","lgacode":7490,"omsnumber":4037,"type":"CFRS"}},{"type":"Feature","id":464,"geometry":{"type":"Point","coordinates":[115.8437918423076,-32.072452206672395]},"properties":{"objectid":464,"displaynam":"MURDOCH","lgacode":5320,"omsnumber":4004,"type":"CFRS"}},{"type":"Feature","id":465,"geometry":{"type":"Point","coordinates":[115.98798929517147,-32.05490441922074]},"properties":{"objectid":465,"displaynam":"MADDINGTON","lgacode":3780,"omsnumber":18,"type":"CFRS"}},{"type":"Feature","id":466,"geometry":{"type":"Point","coordinates":[115.90143754988394,-32.0613117100849]},"properties":{"objectid":466,"displaynam":"CANNING VALE","lgacode":3780,"omsnumber":19,"type":"CFRS"}},{"type":"Feature","id":467,"geometry":{"type":"Point","coordinates":[115.92448295333824,-31.95853220716634]},"properties":{"objectid":467,"displaynam":"BELMONT","lgacode":490,"omsnumber":4005,"type":"CFRS"}},{"type":"Feature","id":468,"geometry":{"type":"Point","coordinates":[116.01837628697422,-31.88637498396543]},"properties":{"objectid":468,"displaynam":"MIDLAND","lgacode":8050,"omsnumber":4006,"type":"CFRS"}},{"type":"Feature","id":469,"geometry":{"type":"Point","coordinates":[115.96396720949674,-31.999950854132756]},"properties":{"objectid":469,"displaynam":"WELSHPOOL","lgacode":1330,"omsnumber":7,"type":"CFRS"}},{"type":"Feature","id":470,"geometry":{"type":"Point","coordinates":[115.8185673980372,-31.79133951345881]},"properties":{"objectid":470,"displaynam":"WANGARA","lgacode":8760,"omsnumber":8,"type":"CFRS"}},{"type":"Feature","id":471,"geometry":{"type":"Point","coordinates":[116.09555488157223,-32.092070108107144]},"properties":{"objectid":471,"displaynam":"ROLEYSTONE/KARRAGULLEN","lgacode":210,"omsnumber":6901,"type":"BFB"}},{"type":"Feature","id":472,"geometry":{"type":"Point","coordinates":[115.88633907880943,-31.9858441705948]},"properties":{"objectid":472,"displaynam":"KENSINGTON","lgacode":8510,"omsnumber":9,"type":"CFRS"}},{"type":"Feature","id":473,"geometry":{"type":"Point","coordinates":[116.10454573067665,-31.908486096032096]},"properties":{"objectid":473,"displaynam":"GLEN FORREST","lgacode":6090,"omsnumber":6253,"type":"BFB"}},{"type":"Feature","id":474,"geometry":{"type":"Point","coordinates":[116.0103628401947,-32.21751812425291]},"properties":{"objectid":474,"displaynam":"BYFORD","lgacode":7700,"omsnumber":6114,"type":"BFB"}},{"type":"Feature","id":475,"geometry":{"type":"Point","coordinates":[116.00414063360704,-32.13056269375614]},"properties":{"objectid":475,"displaynam":"ARMADALE","lgacode":210,"omsnumber":4902,"type":"SESU"}},{"type":"Feature","id":476,"geometry":{"type":"Point","coordinates":[115.9785557312649,-31.797060539803592]},"properties":{"objectid":476,"displaynam":"ELLENBROOK","lgacode":8050,"omsnumber":4038,"type":"CFRS"}},{"type":"Feature","id":477,"geometry":{"type":"Point","coordinates":[115.65808302772666,-32.58515220086482]},"properties":{"objectid":477,"displaynam":"FALCON","lgacode":5110,"omsnumber":133,"type":"VFRS"}},{"type":"Feature","id":478,"geometry":{"type":"Point","coordinates":[116.05840412907577,-31.976389292196966]},"properties":{"objectid":478,"displaynam":"KALAMUNDA","lgacode":4200,"omsnumber":118,"type":"VFRS"}},{"type":"Feature","id":479,"geometry":{"type":"Point","coordinates":[116.17788517580657,-31.904589984375836]},"properties":{"objectid":479,"displaynam":"DARLING RANGE","lgacode":6090,"omsnumber":6343,"type":"BFB"}},{"type":"Feature","id":480,"geometry":{"type":"Point","coordinates":[116.13793699354254,-31.881340662333763]},"properties":{"objectid":480,"displaynam":"PARKERVILLE","lgacode":6090,"omsnumber":6512,"type":"BFB"}},{"type":"Feature","id":481,"geometry":{"type":"Point","coordinates":[116.06922338309617,-32.10928740617916]},"properties":{"objectid":481,"displaynam":"ROLEYSTONE","lgacode":210,"omsnumber":198,"type":"VFRS"}},{"type":"Feature","id":482,"geometry":{"type":"Point","coordinates":[116.19707017567342,-31.9035177617598]},"properties":{"objectid":482,"displaynam":"SAWYERS VALLEY","lgacode":6090,"omsnumber":6571,"type":"BFB"}},{"type":"Feature","id":483,"geometry":{"type":"Point","coordinates":[115.93648774186504,-31.90356575141761]},"properties":{"objectid":483,"displaynam":"BASSENDEAN","lgacode":350,"omsnumber":4905,"type":"SESU"}},{"type":"Feature","id":484,"geometry":{"type":"Point","coordinates":[116.07270400452154,-31.9924979249674]},"properties":{"objectid":484,"displaynam":"KALAMUNDA","lgacode":4200,"omsnumber":4936,"type":"SESU"}},{"type":"Feature","id":485,"geometry":{"type":"Point","coordinates":[116.07218662061679,-31.99249217567283]},"properties":{"objectid":485,"displaynam":"KALAMUNDA","lgacode":4200,"omsnumber":6321,"type":"BFB"}},{"type":"Feature","id":486,"geometry":{"type":"Point","coordinates":[115.10085343294293,-30.30048106934805]},"properties":{"objectid":486,"displaynam":"CANOVER","lgacode":2590,"omsnumber":6995,"type":"BFB"}},{"type":"Feature","id":487,"geometry":{"type":"Point","coordinates":[122.24906027686178,-17.913840294078195]},"properties":{"objectid":487,"displaynam":"BROOME REGIONAL","lgacode":980,"omsnumber":6950,"type":"BFB"}},{"type":"Feature","id":488,"geometry":{"type":"Point","coordinates":[115.02689237620042,-33.64131763957438]},"properties":{"objectid":488,"displaynam":"YALLINGUP COASTAL","lgacode":1260,"omsnumber":6693,"type":"BFB"}},{"type":"Feature","id":489,"geometry":{"type":"Point","coordinates":[117.67997972071606,-30.800164604310158]},"properties":{"objectid":489,"displaynam":"GABBIN","lgacode":5880,"omsnumber":6239,"type":"BFB"}},{"type":"Feature","id":490,"geometry":{"type":"Point","coordinates":[117.99511000047137,-30.823430000441853]},"properties":{"objectid":490,"displaynam":"WELBUNGIN","lgacode":5880,"omsnumber":6662,"type":"BFB"}},{"type":"Feature","id":491,"geometry":{"type":"Point","coordinates":[116.16889567800534,-34.05274792881545]},"properties":{"objectid":491,"displaynam":"YORNUP","lgacode":840,"omsnumber":6712,"type":"BFB"}},{"type":"Feature","id":492,"geometry":{"type":"Point","coordinates":[115.94429895751982,-33.74316594464734]},"properties":{"objectid":492,"displaynam":"MULLALYUP","lgacode":2870,"omsnumber":6445,"type":"BFB"}},{"type":"Feature","id":493,"geometry":{"type":"Point","coordinates":[117.86278414934061,-30.811363323572923]},"properties":{"objectid":493,"displaynam":"BENCUBBIN","lgacode":5880,"omsnumber":6044,"type":"BFB"}},{"type":"Feature","id":494,"geometry":{"type":"Point","coordinates":[116.57006988964307,-29.98645893992292]},"properties":{"objectid":494,"displaynam":"BUNTINE","lgacode":2520,"omsnumber":6105,"type":"BFB"}},{"type":"Feature","id":495,"geometry":{"type":"Point","coordinates":[116.86193523615641,-31.770719859443833]},"properties":{"objectid":495,"displaynam":"MALEBELLING","lgacode":9730,"omsnumber":6390,"type":"BFB"}},{"type":"Feature","id":496,"geometry":{"type":"Point","coordinates":[117.18401612678188,-31.138104867213976]},"properties":{"objectid":496,"displaynam":"MINNIVALE","lgacode":2940,"omsnumber":6419,"type":"BFB"}},{"type":"Feature","id":497,"geometry":{"type":"Point","coordinates":[116.63233586336649,-30.105256398425702]},"properties":{"objectid":497,"displaynam":"WUBIN","lgacode":2520,"omsnumber":6688,"type":"BFB"}},{"type":"Feature","id":498,"geometry":{"type":"Point","coordinates":[117.87862333760594,-31.608519442038343]},"properties":{"objectid":498,"displaynam":"DOODLAKINE","lgacode":4410,"omsnumber":6205,"type":"BFB"}},{"type":"Feature","id":499,"geometry":{"type":"Point","coordinates":[117.6074400001523,-31.37017000015259]},"properties":{"objectid":499,"displaynam":"YORKRAKINE","lgacode":9450,"omsnumber":6709,"type":"BFB"}},{"type":"Feature","id":500,"geometry":{"type":"Point","coordinates":[118.69743955303584,-31.30216078676396]},"properties":{"objectid":500,"displaynam":"WESTONIA","lgacode":9030,"omsnumber":6668,"type":"BFB"}},{"type":"Feature","id":501,"geometry":{"type":"Point","coordinates":[117.38712031611844,-32.159634951393485]},"properties":{"objectid":501,"displaynam":"SOUTH CAROLING","lgacode":7350,"omsnumber":6129,"type":"BFB"}},{"type":"Feature","id":502,"geometry":{"type":"Point","coordinates":[117.74958031053602,-31.466832236691232]},"properties":{"objectid":502,"displaynam":"KELLERBERRIN NORTH","lgacode":4410,"omsnumber":6335,"type":"BFB"}},{"type":"Feature","id":503,"geometry":{"type":"Point","coordinates":[118.07581719502579,-31.53622656533552]},"properties":{"objectid":503,"displaynam":"HINES HILL","lgacode":5460,"omsnumber":6288,"type":"BFB"}},{"type":"Feature","id":504,"geometry":{"type":"Point","coordinates":[117.20350070301183,-31.91929821846111]},"properties":{"objectid":504,"displaynam":"BALKULING / DOODENANNING","lgacode":7350,"omsnumber":6204,"type":"BFB"}},{"type":"Feature","id":505,"geometry":{"type":"Point","coordinates":[118.55957868737966,-31.759054064864266]},"properties":{"objectid":505,"displaynam":"MUNTADGIN","lgacode":5460,"omsnumber":6454,"type":"BFB"}},{"type":"Feature","id":506,"geometry":{"type":"Point","coordinates":[117.66624992217127,-31.732408205257]},"properties":{"objectid":506,"displaynam":"MT CAROLINE","lgacode":4410,"omsnumber":6435,"type":"BFB"}},{"type":"Feature","id":507,"geometry":{"type":"Point","coordinates":[116.3653220349082,-30.63024178462127]},"properties":{"objectid":507,"displaynam":"BINDI BINDI","lgacode":5600,"omsnumber":6054,"type":"BFB"}},{"type":"Feature","id":508,"geometry":{"type":"Point","coordinates":[116.50928967230462,-31.272107420191787]},"properties":{"objectid":508,"displaynam":"BOLGART","lgacode":8540,"omsnumber":6066,"type":"BFB"}},{"type":"Feature","id":509,"geometry":{"type":"Point","coordinates":[116.44957309287756,-31.088220860752074]},"properties":{"objectid":509,"displaynam":"CALINGIRI","lgacode":8540,"omsnumber":6117,"type":"BFB"}},{"type":"Feature","id":510,"geometry":{"type":"Point","coordinates":[116.02465152537538,-29.88102335284093]},"properties":{"objectid":510,"displaynam":"COOROW TOWN","lgacode":2030,"omsnumber":6158,"type":"BFB"}},{"type":"Feature","id":511,"geometry":{"type":"Point","coordinates":[115.70332271576386,-30.671104963919742]},"properties":{"objectid":511,"displaynam":"DANDARAGAN","lgacode":2590,"omsnumber":6186,"type":"BFB"}},{"type":"Feature","id":512,"geometry":{"type":"Point","coordinates":[116.36237537284308,-30.491977458522168]},"properties":{"objectid":512,"displaynam":"MILING","lgacode":5600,"omsnumber":6415,"type":"BFB"}},{"type":"Feature","id":513,"geometry":{"type":"Point","coordinates":[116.03684825397183,-30.911259906957874]},"properties":{"objectid":513,"displaynam":"MOGUMBER/GILLINGARRA","lgacode":8540,"omsnumber":6422,"type":"BFB"}},{"type":"Feature","id":514,"geometry":{"type":"Point","coordinates":[116.2103462847765,-30.97537423966967]},"properties":{"objectid":514,"displaynam":"NEW NORCIA","lgacode":8540,"omsnumber":6479,"type":"BFB"}},{"type":"Feature","id":515,"geometry":{"type":"Point","coordinates":[116.02527845669077,-30.80474441074677]},"properties":{"objectid":515,"displaynam":"KOOJAN","lgacode":5600,"omsnumber":6756,"type":"BFB"}},{"type":"Feature","id":516,"geometry":{"type":"Point","coordinates":[117.484666141176,-30.826129215153383]},"properties":{"objectid":516,"displaynam":"KOORDA TOWN","lgacode":4690,"omsnumber":6351,"type":"BFB"}},{"type":"Feature","id":517,"geometry":{"type":"Point","coordinates":[115.33078185906,-30.056982852952274]},"properties":{"objectid":517,"displaynam":"WARRADARGE","lgacode":2030,"omsnumber":6657,"type":"BFB"}},{"type":"Feature","id":518,"geometry":{"type":"Point","coordinates":[116.05872550911653,-30.300377127031176]},"properties":{"objectid":518,"displaynam":"WATHEROO/COOMBERDALE","lgacode":5600,"omsnumber":6660,"type":"BFB"}},{"type":"Feature","id":519,"geometry":{"type":"Point","coordinates":[116.39114560363952,-30.922779497256666]},"properties":{"objectid":519,"displaynam":"YERECOIN/PIAWANING","lgacode":8540,"omsnumber":6702,"type":"BFB"}},{"type":"Feature","id":520,"geometry":{"type":"Point","coordinates":[117.36788789663503,-30.62958908485242]},"properties":{"objectid":520,"displaynam":"KULJA","lgacode":4690,"omsnumber":6358,"type":"BFB"}},{"type":"Feature","id":521,"geometry":{"type":"Point","coordinates":[115.74057745640587,-32.062787440614]},"properties":{"objectid":521,"displaynam":"FREMANTLE","lgacode":3430,"omsnumber":4828,"type":"VMRS"}},{"type":"Feature","id":522,"geometry":{"type":"Point","coordinates":[114.99411334318691,-33.993325603156805]},"properties":{"objectid":522,"displaynam":"MARGARET RIVER","lgacode":280,"omsnumber":4846,"type":"VMRS"}},{"type":"Feature","id":523,"geometry":{"type":"Point","coordinates":[116.19129239845321,-31.795860376027978]},"properties":{"objectid":523,"displaynam":"EAST GIDGEGANNUP","lgacode":8050,"omsnumber":6245,"type":"BFB"}},{"type":"Feature","id":524,"geometry":{"type":"Point","coordinates":[116.12667000013084,-31.82060000029449]},"properties":{"objectid":524,"displaynam":"WEST GIDGEGANNUP","lgacode":8050,"omsnumber":6247,"type":"BFB"}},{"type":"Feature","id":525,"geometry":{"type":"Point","coordinates":[116.04753441455337,-31.787584444546365]},"properties":{"objectid":525,"displaynam":"EAST SWAN","lgacode":8050,"omsnumber":6598,"type":"BFB"}},{"type":"Feature","id":526,"geometry":{"type":"Point","coordinates":[115.71243420506126,-32.52314896558743]},"properties":{"objectid":526,"displaynam":"MANDURAH","lgacode":5110,"omsnumber":4845,"type":"VMRS"}},{"type":"Feature","id":527,"geometry":{"type":"Point","coordinates":[114.92022086963416,-29.275166976317617]},"properties":{"objectid":527,"displaynam":"PORT DENISON","lgacode":4060,"omsnumber":4850,"type":"VMRS"}},{"type":"Feature","id":528,"geometry":{"type":"Point","coordinates":[115.79835207215251,-32.34157613907239]},"properties":{"objectid":528,"displaynam":"BALDIVIS","lgacode":7490,"omsnumber":3123,"type":"VFESU"}},{"type":"Feature","id":529,"geometry":{"type":"Point","coordinates":[115.77880013504799,-34.094086945909496]},"properties":{"objectid":529,"displaynam":"CARLOTTA","lgacode":6300,"omsnumber":6126,"type":"BFB"}},{"type":"Feature","id":530,"geometry":{"type":"Point","coordinates":[123.059127043337,-16.44726994452637]},"properties":{"objectid":530,"displaynam":"BARDI JAWI","lgacode":980,"omsnumber":4860,"type":"VMRS"}},{"type":"Feature","id":531,"geometry":{"type":"Point","coordinates":[116.38475977602545,-33.830945327634964]},"properties":{"objectid":531,"displaynam":"WEST BOYUP BROOK","lgacode":770,"omsnumber":6990,"type":"BFB"}},{"type":"Feature","id":532,"geometry":{"type":"Point","coordinates":[115.57933104759246,-29.489215068200448]},"properties":{"objectid":532,"displaynam":"ARRINO","lgacode":8260,"omsnumber":6998,"type":"BFB"}},{"type":"Feature","id":533,"geometry":{"type":"Point","coordinates":[117.93766573671533,-30.195420254912467]},"properties":{"objectid":533,"displaynam":"TAMPU","lgacode":5880,"omsnumber":778,"type":"BFB"}},{"type":"Feature","id":534,"geometry":{"type":"Point","coordinates":[115.34148000040591,-33.70541999950261]},"properties":{"objectid":534,"displaynam":"AMBERGATE","lgacode":1260,"omsnumber":6011,"type":"BFB"}},{"type":"Feature","id":535,"geometry":{"type":"Point","coordinates":[115.50310332789783,-33.673392431424546]},"properties":{"objectid":535,"displaynam":"HITHERGREEN DISTRICT","lgacode":1260,"omsnumber":6289,"type":"BFB"}},{"type":"Feature","id":536,"geometry":{"type":"Point","coordinates":[115.22513791449852,-33.75105387016443]},"properties":{"objectid":536,"displaynam":"KALOORUP & DISTRICT","lgacode":1260,"omsnumber":6329,"type":"BFB"}},{"type":"Feature","id":537,"geometry":{"type":"Point","coordinates":[115.12167519356494,-33.77699499432272]},"properties":{"objectid":537,"displaynam":"METRICUP","lgacode":1260,"omsnumber":6409,"type":"BFB"}},{"type":"Feature","id":538,"geometry":{"type":"Point","coordinates":[115.06367596561402,-33.77165283126992]},"properties":{"objectid":538,"displaynam":"WILYABRUP","lgacode":1260,"omsnumber":6675,"type":"BFB"}},{"type":"Feature","id":539,"geometry":{"type":"Point","coordinates":[115.43397441458943,-33.71909709058217]},"properties":{"objectid":539,"displaynam":"YOONGARILLUP","lgacode":1260,"omsnumber":6707,"type":"BFB"}},{"type":"Feature","id":540,"geometry":{"type":"Point","coordinates":[117.34318490219596,-33.30760748106426]},"properties":{"objectid":540,"displaynam":"WAGIN TOWN","lgacode":8610,"omsnumber":6991,"type":"BFB"}},{"type":"Feature","id":541,"geometry":{"type":"Point","coordinates":[115.95882950061696,-26.896660572091672]},"properties":{"objectid":541,"displaynam":"MURCHISON","lgacode":6160,"omsnumber":6996,"type":"BFB"}},{"type":"Feature","id":542,"geometry":{"type":"Point","coordinates":[115.92770968593551,-26.591000073669584]},"properties":{"objectid":542,"displaynam":"MURCHISON EAST","lgacode":6160,"omsnumber":6997,"type":"BFB"}},{"type":"Feature","id":543,"geometry":{"type":"Point","coordinates":[116.1447299999837,-34.23979000004542]},"properties":{"objectid":543,"displaynam":"MANJIMUP","lgacode":5180,"omsnumber":146,"type":"VFRS"}},{"type":"Feature","id":544,"geometry":{"type":"Point","coordinates":[121.89478479859558,-33.85302814365904]},"properties":{"objectid":544,"displaynam":"ESPERANCE","lgacode":3290,"omsnumber":4925,"type":"SESU"}},{"type":"Feature","id":545,"geometry":{"type":"Point","coordinates":[121.89478479859558,-33.85302814365904]},"properties":{"objectid":545,"displaynam":"ESPERANCE","lgacode":3290,"omsnumber":4834,"type":"VMRS"}},{"type":"Feature","id":546,"geometry":{"type":"Point","coordinates":[121.89478479859558,-33.85302814365904]},"properties":{"objectid":546,"displaynam":"ESPERANCE","lgacode":3290,"omsnumber":141,"type":"VFRS"}},{"type":"Feature","id":547,"geometry":{"type":"Point","coordinates":[117.35522537667218,-34.95849581335237]},"properties":{"objectid":547,"displaynam":"DENMARK","lgacode":2730,"omsnumber":113,"type":"VFRS"}},{"type":"Feature","id":548,"geometry":{"type":"Point","coordinates":[116.15062111076328,-33.35761277815179]},"properties":{"objectid":548,"displaynam":"COLLIE","lgacode":1890,"omsnumber":106,"type":"VFRS"}},{"type":"Feature","id":549,"geometry":{"type":"Point","coordinates":[115.64098734310033,-33.35830270560489]},"properties":{"objectid":549,"displaynam":"BUNBURY","lgacode":1190,"omsnumber":318,"type":"CFRS"}},{"type":"Feature","id":550,"geometry":{"type":"Point","coordinates":[117.34318490219596,-33.30760748106426]},"properties":{"objectid":550,"displaynam":"WAGIN","lgacode":8610,"omsnumber":169,"type":"VFRS"}},{"type":"Feature","id":551,"geometry":{"type":"Point","coordinates":[116.01292517569996,-32.15157887275976]},"properties":{"objectid":551,"displaynam":"ARMADALE","lgacode":210,"omsnumber":330,"type":"CFRS"}},{"type":"Feature","id":552,"geometry":{"type":"Point","coordinates":[115.94002325780096,-31.88713427934895]},"properties":{"objectid":552,"displaynam":"KIARA","lgacode":8050,"omsnumber":4015,"type":"CFRS"}},{"type":"Feature","id":553,"geometry":{"type":"Point","coordinates":[116.01292517569996,-32.15157887275976]},"properties":{"objectid":553,"displaynam":"ARMADALE","lgacode":210,"omsnumber":188,"type":"VFRS"}},{"type":"Feature","id":554,"geometry":{"type":"Point","coordinates":[115.7682343528562,-32.27662218649362]},"properties":{"objectid":554,"displaynam":"ROCKINGHAM","lgacode":7490,"omsnumber":163,"type":"VFRS"}},{"type":"Feature","id":555,"geometry":{"type":"Point","coordinates":[115.74939644383531,-32.51365753181836]},"properties":{"objectid":555,"displaynam":"MANDURAH","lgacode":5110,"omsnumber":145,"type":"VFRS"}},{"type":"Feature","id":556,"geometry":{"type":"Point","coordinates":[115.67951771369364,-33.36290469418365]},"properties":{"objectid":556,"displaynam":"BUNBURY","lgacode":1190,"omsnumber":190,"type":"VFRS"}},{"type":"Feature","id":557,"geometry":{"type":"Point","coordinates":[116.17788517580657,-31.904589984375836]},"properties":{"objectid":557,"displaynam":"MUNDARING","lgacode":6090,"omsnumber":182,"type":"VFRS"}},{"type":"Feature","id":558,"geometry":{"type":"Point","coordinates":[116.47171357305535,-31.552760761515323]},"properties":{"objectid":558,"displaynam":"TOODYAY","lgacode":8330,"omsnumber":167,"type":"VFRS"}},{"type":"Feature","id":559,"geometry":{"type":"Point","coordinates":[115.33231414797754,-31.01598640783657]},"properties":{"objectid":559,"displaynam":"LANCELIN","lgacode":3570,"omsnumber":186,"type":"VFRS"}},{"type":"Feature","id":560,"geometry":{"type":"Point","coordinates":[114.6304140023555,-28.746891563607623]},"properties":{"objectid":560,"displaynam":"GERALDTON","lgacode":3800,"omsnumber":191,"type":"VFRS"}},{"type":"Feature","id":561,"geometry":{"type":"Point","coordinates":[117.79472833324469,-22.695379444631698]},"properties":{"objectid":561,"displaynam":"TOM PRICE","lgacode":250,"omsnumber":4276,"type":"PFRS"}},{"type":"Feature","id":562,"geometry":{"type":"Point","coordinates":[123.64900760252044,-17.3098377643123]},"properties":{"objectid":562,"displaynam":"DERBY","lgacode":2800,"omsnumber":116,"type":"VFRS"}},{"type":"Feature","id":563,"geometry":{"type":"Point","coordinates":[128.73277973193913,-15.77643345623277]},"properties":{"objectid":563,"displaynam":"KUNUNURRA","lgacode":9520,"omsnumber":107,"type":"VFRS"}},{"type":"Feature","id":564,"geometry":{"type":"Point","coordinates":[114.25054507946537,-28.188195891874916]},"properties":{"objectid":564,"displaynam":"PORT GREG./YALLABATHARRA","lgacode":6790,"omsnumber":6538,"type":"BFB"}},{"type":"Feature","id":565,"geometry":{"type":"Point","coordinates":[114.43111279105702,-28.379709601010354]},"properties":{"objectid":565,"displaynam":"HORROCKS BEACH","lgacode":6790,"omsnumber":6292,"type":"BFB"}},{"type":"Feature","id":566,"geometry":{"type":"Point","coordinates":[116.68269493510483,-28.34487355961786]},"properties":{"objectid":566,"displaynam":"YALGOO","lgacode":9590,"omsnumber":6691,"type":"BFB"}},{"type":"Feature","id":567,"geometry":{"type":"Point","coordinates":[114.80037676062437,-28.93982416918788]},"properties":{"objectid":567,"displaynam":"WALKAWAY","lgacode":3800,"omsnumber":6645,"type":"BFB"}},{"type":"Feature","id":568,"geometry":{"type":"Point","coordinates":[115.88902288747171,-29.688069346667866]},"properties":{"objectid":568,"displaynam":"CARNAMAH","lgacode":1470,"omsnumber":6128,"type":"BFB"}},{"type":"Feature","id":569,"geometry":{"type":"Point","coordinates":[115.2635889387161,-29.819677253896348]},"properties":{"objectid":569,"displaynam":"ENEABBA","lgacode":1470,"omsnumber":6226,"type":"BFB"}},{"type":"Feature","id":570,"geometry":{"type":"Point","coordinates":[115.09979335322114,-33.61112698480518]},"properties":{"objectid":570,"displaynam":"DUNSBOROUGH","lgacode":1260,"omsnumber":6215,"type":"BFB"}},{"type":"Feature","id":571,"geometry":{"type":"Point","coordinates":[115.09979335322114,-33.61112698480518]},"properties":{"objectid":571,"displaynam":"DUNSBOROUGH","lgacode":1260,"omsnumber":184,"type":"VFRS"}},{"type":"Feature","id":572,"geometry":{"type":"Point","coordinates":[116.92557910295459,-32.10440392431952]},"properties":{"objectid":572,"displaynam":"BEVERLEY CENTRAL WARD","lgacode":560,"omsnumber":6049,"type":"BFB"}},{"type":"Feature","id":573,"geometry":{"type":"Point","coordinates":[114.64203618335371,-28.860679252328218]},"properties":{"objectid":573,"displaynam":"CAPE BURNEY","lgacode":3800,"omsnumber":6754,"type":"BFB"}},{"type":"Feature","id":574,"geometry":{"type":"Point","coordinates":[113.6554835859878,-24.88402053116709]},"properties":{"objectid":574,"displaynam":"CARNARVON","lgacode":1540,"omsnumber":4916,"type":"SESU"}},{"type":"Feature","id":575,"geometry":{"type":"Point","coordinates":[116.66096416860142,-30.280188235624603]},"properties":{"objectid":575,"displaynam":"DALWALLINU","lgacode":2520,"omsnumber":6182,"type":"BFB"}},{"type":"Feature","id":576,"geometry":{"type":"Point","coordinates":[116.66096416860142,-30.280188235624603]},"properties":{"objectid":576,"displaynam":"DALWALLINU","lgacode":2520,"omsnumber":104,"type":"VFRS"}},{"type":"Feature","id":577,"geometry":{"type":"Point","coordinates":[114.12450072246165,-21.93007222900621]},"properties":{"objectid":577,"displaynam":"EXMOUTH","lgacode":3360,"omsnumber":4927,"type":"SESU"}},{"type":"Feature","id":578,"geometry":{"type":"Point","coordinates":[113.77132445926806,-24.829691387174815]},"properties":{"objectid":578,"displaynam":"GASCOYNE RIVER","lgacode":1540,"omsnumber":6241,"type":"BFB"}},{"type":"Feature","id":579,"geometry":{"type":"Point","coordinates":[114.57871407178926,-28.78295472601323]},"properties":{"objectid":579,"displaynam":"GERALDTON","lgacode":3800,"omsnumber":4838,"type":"VMRS"}},{"type":"Feature","id":580,"geometry":{"type":"Point","coordinates":[114.6481123135754,-28.441895489363166]},"properties":{"objectid":580,"displaynam":"ISSEKA","lgacode":6790,"omsnumber":6305,"type":"BFB"}},{"type":"Feature","id":581,"geometry":{"type":"Point","coordinates":[115.8894275390706,-32.16795935351248]},"properties":{"objectid":581,"displaynam":"JANDAKOT","lgacode":1820,"omsnumber":6307,"type":"BFB"}},{"type":"Feature","id":582,"geometry":{"type":"Point","coordinates":[114.16534792520544,-27.713492748810022]},"properties":{"objectid":582,"displaynam":"KALBARRI","lgacode":6790,"omsnumber":4937,"type":"SESU"}},{"type":"Feature","id":583,"geometry":{"type":"Point","coordinates":[114.16291270057981,-27.710036835735472]},"properties":{"objectid":583,"displaynam":"KALBARRI","lgacode":6790,"omsnumber":4842,"type":"VMRS"}},{"type":"Feature","id":584,"geometry":{"type":"Point","coordinates":[121.4920681739821,-30.785107924850013]},"properties":{"objectid":584,"displaynam":"KALGOORLIE-BOULDER","lgacode":4280,"omsnumber":4938,"type":"SESU"}},{"type":"Feature","id":585,"geometry":{"type":"Point","coordinates":[116.84273743527721,-20.735561450637125]},"properties":{"objectid":585,"displaynam":"KARRATHA","lgacode":4310,"omsnumber":4939,"type":"SESU"}},{"type":"Feature","id":586,"geometry":{"type":"Point","coordinates":[115.98194613380865,-32.440405856487985]},"properties":{"objectid":586,"displaynam":"KEYSBROOK","lgacode":7700,"omsnumber":6340,"type":"BFB"}},{"type":"Feature","id":587,"geometry":{"type":"Point","coordinates":[118.15352055481586,-32.67251333310469]},"properties":{"objectid":587,"displaynam":"KULIN","lgacode":4760,"omsnumber":126,"type":"VFRS"}},{"type":"Feature","id":588,"geometry":{"type":"Point","coordinates":[115.81621219262291,-32.244372419936624]},"properties":{"objectid":588,"displaynam":"KWINANA","lgacode":4830,"omsnumber":158,"type":"VFRS"}},{"type":"Feature","id":589,"geometry":{"type":"Point","coordinates":[115.87254146078422,-32.2559546894747]},"properties":{"objectid":589,"displaynam":"KWINANA SOUTH","lgacode":4830,"omsnumber":6365,"type":"BFB"}},{"type":"Feature","id":590,"geometry":{"type":"Point","coordinates":[115.37585872733887,-31.107202877744836]},"properties":{"objectid":590,"displaynam":"LEDGE POINT","lgacode":3570,"omsnumber":6378,"type":"BFB"}},{"type":"Feature","id":591,"geometry":{"type":"Point","coordinates":[115.44183743592824,-29.192761783721252]},"properties":{"objectid":591,"displaynam":"MINGENEW TOWN","lgacode":5530,"omsnumber":6417,"type":"BFB"}},{"type":"Feature","id":592,"geometry":{"type":"Point","coordinates":[114.6969052186314,-28.7870782457938]},"properties":{"objectid":592,"displaynam":"MOONYOONOOKA","lgacode":3800,"omsnumber":6426,"type":"BFB"}},{"type":"Feature","id":593,"geometry":{"type":"Point","coordinates":[115.50972924593101,-28.539781923512937]},"properties":{"objectid":593,"displaynam":"MULLEWA CENTRAL","lgacode":3800,"omsnumber":6446,"type":"BFB"}},{"type":"Feature","id":594,"geometry":{"type":"Point","coordinates":[114.79003538443965,-28.50108665050708]},"properties":{"objectid":594,"displaynam":"NABAWA","lgacode":1610,"omsnumber":6458,"type":"BFB"}},{"type":"Feature","id":595,"geometry":{"type":"Point","coordinates":[119.73565080660137,-23.34995217382387]},"properties":{"objectid":595,"displaynam":"NEWMAN","lgacode":3220,"omsnumber":4957,"type":"SESU"}},{"type":"Feature","id":596,"geometry":{"type":"Point","coordinates":[115.97876144858289,-32.361934867261425]},"properties":{"objectid":596,"displaynam":"SERPENTINE","lgacode":7700,"omsnumber":6577,"type":"BFB"}},{"type":"Feature","id":597,"geometry":{"type":"Point","coordinates":[115.76838300003452,-29.536282999912526]},"properties":{"objectid":597,"displaynam":"THREE SPRINGS TOWN","lgacode":8260,"omsnumber":6609,"type":"BFB"}},{"type":"Feature","id":598,"geometry":{"type":"Point","coordinates":[114.65031893374187,-28.70754526329775]},"properties":{"objectid":598,"displaynam":"WAGGRAKINE","lgacode":3800,"omsnumber":6637,"type":"BFB"}},{"type":"Feature","id":599,"geometry":{"type":"Point","coordinates":[120.2254720716558,-26.591177976068987]},"properties":{"objectid":599,"displaynam":"WILUNA TOWN","lgacode":9250,"omsnumber":6951,"type":"BFB"}},{"type":"Feature","id":600,"geometry":{"type":"Point","coordinates":[119.48973388891874,-31.466779031721288]},"properties":{"objectid":600,"displaynam":"MARVEL LOCH","lgacode":9660,"omsnumber":776,"type":"BFB"}},{"type":"Feature","id":601,"geometry":{"type":"Point","coordinates":[119.35729697316569,-31.426052050303625]},"properties":{"objectid":601,"displaynam":"MINERS SETTLEMENT","lgacode":9660,"omsnumber":777,"type":"BFB"}},{"type":"Feature","id":602,"geometry":{"type":"Point","coordinates":[118.49186483985872,-31.37144619505156]},"properties":{"objectid":602,"displaynam":"BURRACOPPIN","lgacode":5460,"omsnumber":6112,"type":"BFB"}},{"type":"Feature","id":603,"geometry":{"type":"Point","coordinates":[118.54594500015776,-31.553640000036253]},"properties":{"objectid":603,"displaynam":"BURRACOPPIN SOUTH","lgacode":5460,"omsnumber":6113,"type":"BFB"}},{"type":"Feature","id":604,"geometry":{"type":"Point","coordinates":[118.25284893596309,-31.380123325491883]},"properties":{"objectid":604,"displaynam":"NUKARNI/NOKANNING","lgacode":5460,"omsnumber":6494,"type":"BFB"}},{"type":"Feature","id":605,"geometry":{"type":"Point","coordinates":[118.39063746952746,-31.553322275815535]},"properties":{"objectid":605,"displaynam":"COLGAR","lgacode":5460,"omsnumber":6147,"type":"BFB"}},{"type":"Feature","id":606,"geometry":{"type":"Point","coordinates":[118.13841042211027,-31.640113295940427]},"properties":{"objectid":606,"displaynam":"KORBELKA","lgacode":5460,"omsnumber":6352,"type":"BFB"}},{"type":"Feature","id":607,"geometry":{"type":"Point","coordinates":[114.12407076089082,-21.93006039601296]},"properties":{"objectid":607,"displaynam":"EXMOUTH","lgacode":3360,"omsnumber":6999,"type":"BFB"}},{"type":"Feature","id":608,"geometry":{"type":"Point","coordinates":[115.53929660490832,-31.998240854582296]},"properties":{"objectid":608,"displaynam":"ROTTNEST ISLAND","lgacode":1820,"omsnumber":4280,"type":"PFRS"}},{"type":"Feature","id":609,"geometry":{"type":"Point","coordinates":[113.77193652077001,-23.14521034591368]},"properties":{"objectid":609,"displaynam":"CORAL BAY","lgacode":1540,"omsnumber":4830,"type":"VMRS"}},{"type":"Feature","id":610,"geometry":{"type":"Point","coordinates":[113.64780756661783,-24.900338034031094]},"properties":{"objectid":610,"displaynam":"CARNARVON","lgacode":1540,"omsnumber":4825,"type":"VMRS"}},{"type":"Feature","id":611,"geometry":{"type":"Point","coordinates":[114.63636250860887,-28.76127520469609]},"properties":{"objectid":611,"displaynam":"MIDWEST/GASCOYNE REGIONAL DIRECTORATE","lgacode":0,"omsnumber":5310,"type":"DFES"}},{"type":"Feature","id":612,"geometry":{"type":"Point","coordinates":[114.69626174065739,-28.787547275763917]},"properties":{"objectid":612,"displaynam":"GERALDTON-GREENOUGH","lgacode":3800,"omsnumber":4929,"type":"SESU"}},{"type":"Feature","id":613,"geometry":{"type":"Point","coordinates":[116.28557648428503,-29.438819217500484]},"properties":{"objectid":613,"displaynam":"PERENJORI","lgacode":7000,"omsnumber":6518,"type":"BFB"}},{"type":"Feature","id":614,"geometry":{"type":"Point","coordinates":[114.97947319958952,-29.939446878772507]},"properties":{"objectid":614,"displaynam":"LEEMAN","lgacode":2030,"omsnumber":4844,"type":"VMRS"}},{"type":"Feature","id":615,"geometry":{"type":"Point","coordinates":[115.94705738887528,-31.97247917762293]},"properties":{"objectid":615,"displaynam":"BELMONT","lgacode":490,"omsnumber":4907,"type":"SESU"}},{"type":"Feature","id":616,"geometry":{"type":"Point","coordinates":[117.86816785176977,-34.99300932771419]},"properties":{"objectid":616,"displaynam":"ALBANY","lgacode":80,"omsnumber":189,"type":"VFRS"}},{"type":"Feature","id":617,"geometry":{"type":"Point","coordinates":[115.32902549305489,-31.024065004614403]},"properties":{"objectid":617,"displaynam":"LANCELIN","lgacode":3570,"omsnumber":4843,"type":"VMRS"}},{"type":"Feature","id":618,"geometry":{"type":"Point","coordinates":[115.69718044907182,-32.27280792307252]},"properties":{"objectid":618,"displaynam":"ROCKINGHAM","lgacode":7490,"omsnumber":4853,"type":"VMRS"}},{"type":"Feature","id":619,"geometry":{"type":"Point","coordinates":[117.32911685208312,-35.03054286211727]},"properties":{"objectid":619,"displaynam":"DENMARK","lgacode":2730,"omsnumber":4831,"type":"VMRS"}},{"type":"Feature","id":620,"geometry":{"type":"Point","coordinates":[116.702498545545,-20.66250257787912]},"properties":{"objectid":620,"displaynam":"DAMPIER","lgacode":4310,"omsnumber":4857,"type":"VMRS"}},{"type":"Feature","id":621,"geometry":{"type":"Point","coordinates":[115.11340642077712,-21.643922676024808]},"properties":{"objectid":621,"displaynam":"ONSLOW","lgacode":250,"omsnumber":4848,"type":"VMRS"}},{"type":"Feature","id":622,"geometry":{"type":"Point","coordinates":[118.57773694482258,-20.310858547373126]},"properties":{"objectid":622,"displaynam":"PORT HEDLAND","lgacode":7280,"omsnumber":4851,"type":"VMRS"}},{"type":"Feature","id":623,"geometry":{"type":"Point","coordinates":[118.5781900000014,-20.3114699997163]},"properties":{"objectid":623,"displaynam":"PORT HEDLAND DISTRICT OFFICE","lgacode":0,"omsnumber":53309,"type":"DFES"}},{"type":"Feature","id":624,"geometry":{"type":"Point","coordinates":[117.14183142732925,-20.674032727113033]},"properties":{"objectid":624,"displaynam":"PORT WALCOTT","lgacode":4310,"omsnumber":4852,"type":"VMRS"}},{"type":"Feature","id":625,"geometry":{"type":"Point","coordinates":[113.53648012271884,-25.91996892561976]},"properties":{"objectid":625,"displaynam":"SHARK BAY","lgacode":7770,"omsnumber":4855,"type":"VMRS"}},{"type":"Feature","id":626,"geometry":{"type":"Point","coordinates":[115.64063409917158,-33.30993321390195]},"properties":{"objectid":626,"displaynam":"BUNBURY","lgacode":1190,"omsnumber":4824,"type":"VMRS"}},{"type":"Feature","id":627,"geometry":{"type":"Point","coordinates":[120.12719767095754,-33.94751026585483]},"properties":{"objectid":627,"displaynam":"HOPETOUN","lgacode":7420,"omsnumber":4839,"type":"VMRS"}},{"type":"Feature","id":628,"geometry":{"type":"Point","coordinates":[116.93243254792804,-35.03965991163476]},"properties":{"objectid":628,"displaynam":"PEACEFUL BAY","lgacode":2730,"omsnumber":4849,"type":"VMRS"}},{"type":"Feature","id":629,"geometry":{"type":"Point","coordinates":[116.72599416488787,-34.97871601988925]},"properties":{"objectid":629,"displaynam":"WALPOLE","lgacode":5180,"omsnumber":4856,"type":"VMRS"}},{"type":"Feature","id":630,"geometry":{"type":"Point","coordinates":[128.1000914231165,-15.461525503776572]},"properties":{"objectid":630,"displaynam":"EAST KIMBERLEY","lgacode":9520,"omsnumber":4833,"type":"VMRS"}},{"type":"Feature","id":631,"geometry":{"type":"Point","coordinates":[123.60908718089335,-17.294678525938068]},"properties":{"objectid":631,"displaynam":"DERBY","lgacode":2800,"omsnumber":4832,"type":"VMRS"}},{"type":"Feature","id":632,"geometry":{"type":"Point","coordinates":[114.13907616056771,-21.955593214964676]},"properties":{"objectid":632,"displaynam":"EXMOUTH","lgacode":3360,"omsnumber":4835,"type":"VMRS"}},{"type":"Feature","id":633,"geometry":{"type":"Point","coordinates":[119.37821777831613,-34.39751055644689]},"properties":{"objectid":633,"displaynam":"BREMER BAY","lgacode":4130,"omsnumber":4822,"type":"VMRS"}},{"type":"Feature","id":634,"geometry":{"type":"Point","coordinates":[114.16534792520544,-27.713492748810022]},"properties":{"objectid":634,"displaynam":"KALBARRI","lgacode":6790,"omsnumber":4255,"type":"VFRS"}},{"type":"Feature","id":635,"geometry":{"type":"Point","coordinates":[115.85194068819703,-32.61395465084741]},"properties":{"objectid":635,"displaynam":"MURRAY","lgacode":6230,"omsnumber":4954,"type":"SESU"}},{"type":"Feature","id":636,"geometry":{"type":"Point","coordinates":[116.024319252016,-34.83878679225017]},"properties":{"objectid":636,"displaynam":"WINDY HARBOUR","lgacode":5180,"omsnumber":4859,"type":"VMRS"}},{"type":"Feature","id":637,"geometry":{"type":"Point","coordinates":[115.85643571162356,-32.127602232983186]},"properties":{"objectid":637,"displaynam":"DFES EMERGENCY SERVICES COMPLEX","lgacode":0,"omsnumber":0,"type":"DFES"}},{"type":"Feature","id":638,"geometry":{"type":"Point","coordinates":[115.9922952077282,-31.976446606769002]},"properties":{"objectid":638,"displaynam":"FIRE & EMERGENCY ACADEMY","lgacode":0,"omsnumber":0,"type":"DFES"}},{"type":"Feature","id":639,"geometry":{"type":"Point","coordinates":[115.8026770820136,-32.05975738105958]},"properties":{"objectid":639,"displaynam":"O'CONNOR WORKSHOP","lgacode":0,"omsnumber":0,"type":"DFES"}},{"type":"Feature","id":640,"geometry":{"type":"Point","coordinates":[117.33344951365454,-33.311089192398256]},"properties":{"objectid":640,"displaynam":"WAGIN","lgacode":8610,"omsnumber":4980,"type":"SESU"}},{"type":"Feature","id":641,"geometry":{"type":"Point","coordinates":[115.09922111075487,-34.026699999960655]},"properties":{"objectid":641,"displaynam":"WITCHCLIFFE","lgacode":280,"omsnumber":203,"type":"VFRS"}},{"type":"Feature","id":642,"geometry":{"type":"Point","coordinates":[115.02689237620042,-33.64131763957438]},"properties":{"objectid":642,"displaynam":"YALLINGUP COASTAL","lgacode":1260,"omsnumber":205,"type":"VFRS"}},{"type":"Feature","id":643,"geometry":{"type":"Point","coordinates":[115.09782394828004,-33.850955531110316]},"properties":{"objectid":643,"displaynam":"COWARAMUP","lgacode":280,"omsnumber":204,"type":"VFRS"}},{"type":"Feature","id":644,"geometry":{"type":"Point","coordinates":[117.12289050503264,-32.658619694361384]},"properties":{"objectid":644,"displaynam":"CUBALLING/POPANYINNING","lgacode":2310,"omsnumber":6172,"type":"BFB"}},{"type":"Feature","id":645,"geometry":{"type":"Point","coordinates":[115.98852090716848,-31.975215949904666]},"properties":{"objectid":645,"displaynam":"METROPOLITAN","lgacode":4200,"omsnumber":3078,"type":"VFRS"}},{"type":"Feature","id":646,"geometry":{"type":"Point","coordinates":[115.93790181615556,-31.985844338599733]},"properties":{"objectid":646,"displaynam":"COMMUNICATIONS SUPPORT","lgacode":490,"omsnumber":4990,"type":"SESU"}},{"type":"Feature","id":647,"geometry":{"type":"Point","coordinates":[115.1248436632352,-34.261539414751354]},"properties":{"objectid":647,"displaynam":"KUDARDUP","lgacode":280,"omsnumber":6829,"type":"BFB"}},{"type":"Feature","id":648,"geometry":{"type":"Point","coordinates":[115.85232056745653,-32.12228074691155]},"properties":{"objectid":648,"displaynam":"COCKBURN","lgacode":1820,"omsnumber":4016,"type":"CFRS"}},{"type":"Feature","id":649,"geometry":{"type":"Point","coordinates":[118.6037204860156,-20.31133394838936]},"properties":{"objectid":649,"displaynam":"PORT HEDLAND","lgacode":7280,"omsnumber":4203,"type":"VFRS"}},{"type":"Feature","id":650,"geometry":{"type":"Point","coordinates":[115.34543446559202,-33.78287688950997]},"properties":{"objectid":650,"displaynam":"ACTON PARK","lgacode":1260,"omsnumber":6003,"type":"BFB"}},{"type":"Feature","id":651,"geometry":{"type":"Point","coordinates":[117.84574739288514,-28.063613318351123]},"properties":{"objectid":651,"displaynam":"MOUNT MAGNET","lgacode":5810,"omsnumber":6028,"type":"BFB"}},{"type":"Feature","id":652,"geometry":{"type":"Point","coordinates":[115.20806259027965,-25.05439529984952]},"properties":{"objectid":652,"displaynam":"UPPER GASCOYNE","lgacode":8470,"omsnumber":6778,"type":"BFB"}},{"type":"Feature","id":653,"geometry":{"type":"Point","coordinates":[116.29158543366715,-31.67183564804352]},"properties":{"objectid":653,"displaynam":"TOODYAY","lgacode":8330,"omsnumber":6784,"type":"SESU"}},{"type":"Feature","id":654,"geometry":{"type":"Point","coordinates":[115.78342265327882,-32.05544028569552]},"properties":{"objectid":654,"displaynam":"SWORD","lgacode":490,"omsnumber":3099,"type":"SESU"}},{"type":"Feature","id":655,"geometry":{"type":"Point","coordinates":[116.01154333315941,-29.21361722248531]},"properties":{"objectid":655,"displaynam":"MORAWA","lgacode":5670,"omsnumber":4254,"type":"VFESU"}},{"type":"Feature","id":656,"geometry":{"type":"Point","coordinates":[116.03199277763737,-31.666378889223715]},"properties":{"objectid":656,"displaynam":"BULLSBROOK","lgacode":8050,"omsnumber":4258,"type":"VFESU"}},{"type":"Feature","id":657,"geometry":{"type":"Point","coordinates":[117.86702611081952,-30.450037778034176]},"properties":{"objectid":657,"displaynam":"BEACON","lgacode":5880,"omsnumber":4253,"type":"VFESU"}},{"type":"Feature","id":658,"geometry":{"type":"Point","coordinates":[115.92282063684436,-32.845343300063014]},"properties":{"objectid":658,"displaynam":"WAROONA","lgacode":8820,"omsnumber":4252,"type":"VFESU"}},{"type":"Feature","id":659,"geometry":{"type":"Point","coordinates":[116.77154664093295,-30.595061950879636]},"properties":{"objectid":659,"displaynam":"BALLIDU","lgacode":9310,"omsnumber":4251,"type":"VFESU"}},{"type":"Feature","id":660,"geometry":{"type":"Point","coordinates":[115.93790181615556,-31.985844338599733]},"properties":{"objectid":660,"displaynam":"SWORD","lgacode":490,"omsnumber":3098,"type":"VFESU"}},{"type":"Feature","id":661,"geometry":{"type":"Point","coordinates":[118.14895086514417,-31.873705482970195]},"properties":{"objectid":661,"displaynam":"BRUCE ROCK","lgacode":1120,"omsnumber":4615,"type":"VFESU"}},{"type":"Feature","id":662,"geometry":{"type":"Point","coordinates":[115.11340642077712,-21.643922676024808]},"properties":{"objectid":662,"displaynam":"ONSLOW","lgacode":250,"omsnumber":4613,"type":"VFESU"}},{"type":"Feature","id":663,"geometry":{"type":"Point","coordinates":[117.48523155116895,-31.641373899958246]},"properties":{"objectid":663,"displaynam":"TAMMIN","lgacode":8190,"omsnumber":4257,"type":"VFESU"}},{"type":"Feature","id":664,"geometry":{"type":"Point","coordinates":[116.76522833346421,-31.89511222168728]},"properties":{"objectid":664,"displaynam":"YORK","lgacode":9730,"omsnumber":4605,"type":"VFESU"}},{"type":"Feature","id":665,"geometry":{"type":"Point","coordinates":[119.37821777831613,-34.39751055644689]},"properties":{"objectid":665,"displaynam":"BREMER BAY","lgacode":4130,"omsnumber":4607,"type":"VFESU"}},{"type":"Feature","id":666,"geometry":{"type":"Point","coordinates":[118.91745388929967,-33.940475555738765]},"properties":{"objectid":666,"displaynam":"JERRAMUNGUP","lgacode":4130,"omsnumber":4612,"type":"VFESU"}},{"type":"Feature","id":667,"geometry":{"type":"Point","coordinates":[117.64222944370742,-34.043964445322295]},"properties":{"objectid":667,"displaynam":"TAMBELLUP","lgacode":1080,"omsnumber":4614,"type":"VFESU"}},{"type":"Feature","id":668,"geometry":{"type":"Point","coordinates":[127.66571628227015,-18.22425101987537]},"properties":{"objectid":668,"displaynam":"HALLS CREEK","lgacode":3920,"omsnumber":4601,"type":"VFESU"}},{"type":"Feature","id":669,"geometry":{"type":"Point","coordinates":[128.12321873086788,-15.484382700258642]},"properties":{"objectid":669,"displaynam":"WYNDHAM","lgacode":9520,"omsnumber":4602,"type":"VFESU"}},{"type":"Feature","id":670,"geometry":{"type":"Point","coordinates":[118.26443410374898,-32.4973770054155]},"properties":{"objectid":670,"displaynam":"KONDININ","lgacode":4620,"omsnumber":4603,"type":"VFESU"}},{"type":"Feature","id":671,"geometry":{"type":"Point","coordinates":[118.86476858634445,-32.44823950957877]},"properties":{"objectid":671,"displaynam":"HYDEN","lgacode":4620,"omsnumber":4604,"type":"VFESU"}},{"type":"Feature","id":672,"geometry":{"type":"Point","coordinates":[119.74071045064561,-21.17352999940214]},"properties":{"objectid":672,"displaynam":"MARBLE BAR","lgacode":3220,"omsnumber":4606,"type":"VFESU"}},{"type":"Feature","id":673,"geometry":{"type":"Point","coordinates":[128.88963893811396,-31.677925865240134]},"properties":{"objectid":673,"displaynam":"EUCLA","lgacode":3080,"omsnumber":4608,"type":"VFESU"}},{"type":"Feature","id":674,"geometry":{"type":"Point","coordinates":[113.77193652077001,-23.14521034591368]},"properties":{"objectid":674,"displaynam":"CORAL BAY","lgacode":1540,"omsnumber":4609,"type":"VFESU"}},{"type":"Feature","id":675,"geometry":{"type":"Point","coordinates":[117.79595500014428,-31.11278199989314]},"properties":{"objectid":675,"displaynam":"TRAYNING","lgacode":8400,"omsnumber":4610,"type":"VFESU"}},{"type":"Feature","id":676,"geometry":{"type":"Point","coordinates":[125.56570807720328,-18.19026166675251]},"properties":{"objectid":676,"displaynam":"FITZROY CROSSING","lgacode":2800,"omsnumber":4611,"type":"VFESU"}},{"type":"Feature","id":677,"geometry":{"type":"Point","coordinates":[120.12719767095754,-33.94751026585483]},"properties":{"objectid":677,"displaynam":"HOPETOUN","lgacode":7420,"omsnumber":4617,"type":"VFESU"}},{"type":"Feature","id":678,"geometry":{"type":"Point","coordinates":[96.82996088000004,-12.188288124999929]},"properties":{"objectid":678,"displaynam":"COCOS (WEST) ISLAND","lgacode":9399,"omsnumber":4271,"type":"VFESU"}},{"type":"Feature","id":679,"geometry":{"type":"Point","coordinates":[105.67926264900007,-10.423811916999966]},"properties":{"objectid":679,"displaynam":"CHRISTMAS ISLAND","lgacode":9399,"omsnumber":4270,"type":"VFESU"}},{"type":"Feature","id":680,"geometry":{"type":"Point","coordinates":[115.7734977229766,-32.17012690931277]},"properties":{"objectid":680,"displaynam":"COCKBURN","lgacode":1820,"omsnumber":4861,"type":"VMRS"}},{"type":"Feature","id":681,"geometry":{"type":"Point","coordinates":[117.896927126327,-27.42497486291506]},"properties":{"objectid":681,"displaynam":"CUE","lgacode":2380,"omsnumber":6648,"type":"BFB"}},{"type":"Feature","id":682,"geometry":{"type":"Point","coordinates":[118.49813045568193,-26.591250075507528]},"properties":{"objectid":682,"displaynam":"MEEKATHARRA","lgacode":5250,"omsnumber":6776,"type":"BFB"}},{"type":"Feature","id":683,"geometry":{"type":"Point","coordinates":[115.72784628674515,-31.758896650647]},"properties":{"objectid":683,"displaynam":"WHITFORDS","lgacode":8760,"omsnumber":4829,"type":"VMRS"}},{"type":"Feature","id":684,"geometry":{"type":"Point","coordinates":[115.76277408711285,-32.13779618113255]},"properties":{"objectid":684,"displaynam":"COCKBURN","lgacode":1820,"omsnumber":4861,"type":"VMRS"}},{"type":"Feature","id":685,"geometry":{"type":"Point","coordinates":[115.33192017471876,-31.015768878115164]},"properties":{"objectid":685,"displaynam":"LANCELIN","lgacode":3570,"omsnumber":4843,"type":"VMRS"}},{"type":"Feature","id":686,"geometry":{"type":"Point","coordinates":[127.82949760050944,-15.722589637127344]},"properties":{"objectid":686,"displaynam":"EAST GIBB RIVER ROAD","lgacode":9520,"omsnumber":6788,"type":"BFB"}},{"type":"Feature","id":687,"geometry":{"type":"Point","coordinates":[119.2975234189873,-27.986458572349065]},"properties":{"objectid":687,"displaynam":"SANDSTONE","lgacode":7630,"omsnumber":6777,"type":"BFB"}},{"type":"Feature","id":688,"geometry":{"type":"Point","coordinates":[121.77358860789488,-32.19348447343119]},"properties":{"objectid":688,"displaynam":"DUNDAS RURAL","lgacode":3080,"omsnumber":6783,"type":"BFB"}},{"type":"Feature","id":689,"geometry":{"type":"Point","coordinates":[115.86431554261637,-31.95484294556863]},"properties":{"objectid":689,"displaynam":"DFES EDUCATION & HERITAGE","lgacode":0,"omsnumber":506,"type":"DFES"}},{"type":"Feature","id":690,"geometry":{"type":"Point","coordinates":[115.81451618694999,-32.24158440730755]},"properties":{"objectid":690,"displaynam":"SOUTH COASTAL METROPOLITAN REGIONAL DIRECTORATE","lgacode":0,"omsnumber":3034,"type":"DFES"}},{"type":"Feature","id":691,"geometry":{"type":"Point","coordinates":[113.6563540123364,-24.88525922367166]},"properties":{"objectid":691,"displaynam":"CARNARVON DISTRICT OFFICE","lgacode":0,"omsnumber":53109,"type":"DFES"}},{"type":"Feature","id":692,"geometry":{"type":"Point","coordinates":[114.6277361469471,-28.35044049362255]},"properties":{"objectid":692,"displaynam":"NORTHAMPTON","lgacode":6790,"omsnumber":3142,"type":"VFRS"}},{"type":"Feature","id":693,"geometry":{"type":"Point","coordinates":[116.8427983831972,-20.73583107768109]},"properties":{"objectid":693,"displaynam":"NICKOL BAY","lgacode":4310,"omsnumber":6852,"type":"BFB"}},{"type":"Feature","id":694,"geometry":{"type":"Point","coordinates":[118.63823242112302,-20.380912357023306]},"properties":{"objectid":694,"displaynam":"HEDLAND","lgacode":7280,"omsnumber":6853,"type":"BFB"}},{"type":"Feature","id":695,"geometry":{"type":"Point","coordinates":[121.78154741708991,-18.684509738109988]},"properties":{"objectid":695,"displaynam":"BIDYADANGA","lgacode":980,"omsnumber":3130,"type":"VFESU"}},{"type":"Feature","id":696,"geometry":{"type":"Point","coordinates":[116.06337760561435,-33.77788926010454]},"properties":{"objectid":696,"displaynam":"MUNRO","lgacode":2870,"omsnumber":6825,"type":"BFB"}},{"type":"Feature","id":697,"geometry":{"type":"Point","coordinates":[118.2083137579901,-30.913113148366772]},"properties":{"objectid":697,"displaynam":"MUKINBUDIN","lgacode":5950,"omsnumber":4620,"type":"VFESU"}},{"type":"Feature","id":698,"geometry":{"type":"Point","coordinates":[115.8533592829469,-31.940737160730876]},"properties":{"objectid":698,"displaynam":"VINCENT","lgacode":8570,"omsnumber":4024,"type":"CFRS"}},{"type":"Feature","id":699,"geometry":{"type":"Point","coordinates":[115.65150359618171,-31.474182525085023]},"properties":{"objectid":699,"displaynam":"TWO ROCKS","lgacode":8760,"omsnumber":4986,"type":"SESU"}},{"type":"Feature","id":700,"geometry":{"type":"Point","coordinates":[118.62630957004532,-32.7520025661448]},"properties":{"objectid":700,"displaynam":"JILAKIN / PINGARING","lgacode":4760,"omsnumber":6088,"type":"BFB"}},{"type":"Feature","id":701,"geometry":{"type":"Point","coordinates":[116.0702052417779,-34.42612471824624]},"properties":{"objectid":701,"displaynam":"PEMBERTON RURAL","lgacode":5180,"omsnumber":6515,"type":"BFB"}},{"type":"Feature","id":702,"geometry":{"type":"Point","coordinates":[115.0661524532332,-30.503706356551987]},"properties":{"objectid":702,"displaynam":"CERVANTES","lgacode":2590,"omsnumber":3146,"type":"VFESU"}},{"type":"Feature","id":703,"geometry":{"type":"Point","coordinates":[115.93790181615556,-31.985844338599733]},"properties":{"objectid":703,"displaynam":"SWORD ADMIN","lgacode":0,"omsnumber":3087,"type":"DFES"}},{"type":"Feature","id":704,"geometry":{"type":"Point","coordinates":[122.66479179429464,-16.982771619430096]},"properties":{"objectid":704,"displaynam":"DAMPIER PENINSULA","lgacode":980,"omsnumber":4619,"type":"VFESU"}},{"type":"Feature","id":705,"geometry":{"type":"Point","coordinates":[128.739878968645,-16.114353742007275]},"properties":{"objectid":705,"displaynam":"LAKE ARGYLE","lgacode":9520,"omsnumber":6787,"type":"BFB"}},{"type":"Feature","id":706,"geometry":{"type":"Point","coordinates":[118.15352055481586,-32.67251333310469]},"properties":{"objectid":706,"displaynam":"KULIN NORTH","lgacode":4760,"omsnumber":6519,"type":"BFB"}},{"type":"Feature","id":707,"geometry":{"type":"Point","coordinates":[118.15352055481586,-32.67251333310469]},"properties":{"objectid":707,"displaynam":"KULIN SOUTH","lgacode":4760,"omsnumber":6111,"type":"BFB"}},{"type":"Feature","id":708,"geometry":{"type":"Point","coordinates":[116.38035722177797,-31.76252388913093]},"properties":{"objectid":708,"displaynam":"WUNDOWIE","lgacode":6730,"omsnumber":6854,"type":"BFB"}},{"type":"Feature","id":709,"geometry":{"type":"Point","coordinates":[117.0818282969313,-32.533889059149836]},"properties":{"objectid":709,"displaynam":"PINGELLY CENTRAL","lgacode":7140,"omsnumber":6855,"type":"BFB"}},{"type":"Feature","id":710,"geometry":{"type":"Point","coordinates":[116.01395489415845,-32.153316303169724]},"properties":{"objectid":710,"displaynam":"SOUTH EAST METROPOLITAN REGIONAL DIRECTORATE","lgacode":210,"omsnumber":3033,"type":"DFES"}},{"type":"Feature","id":711,"geometry":{"type":"Point","coordinates":[118.39465421187109,-32.06779791251223]},"properties":{"objectid":711,"displaynam":"NAREMBEEN","lgacode":6370,"omsnumber":4621,"type":"VFESU"}},{"type":"Feature","id":712,"geometry":{"type":"Point","coordinates":[115.7571983335721,-32.42368301755744]},"properties":{"objectid":712,"displaynam":"KARNUP","lgacode":7490,"omsnumber":3204,"type":"VFESU"}},{"type":"Feature","id":713,"geometry":{"type":"Point","coordinates":[116.67848944370152,-31.652198332908853]},"properties":{"objectid":713,"displaynam":"NORTHAM CENTRAL","lgacode":6730,"omsnumber":6861,"type":"BFB"}},{"type":"Feature","id":714,"geometry":{"type":"Point","coordinates":[118.15352055481586,-32.67251333310469]},"properties":{"objectid":714,"displaynam":"KULIN TOWN","lgacode":4760,"omsnumber":6866,"type":"BFB"}},{"type":"Feature","id":715,"geometry":{"type":"Point","coordinates":[116.90844167210788,-34.44094286210249]},"properties":{"objectid":715,"displaynam":"BOKERUP/UNICUP","lgacode":2240,"omsnumber":6065,"type":"BFB"}},{"type":"Feature","id":716,"geometry":{"type":"Point","coordinates":[117.1752656382636,-32.9335448740963]},"properties":{"objectid":716,"displaynam":"UPPER GREAT SOUTHERN REGIONAL DIRECTORATE (TRAINING/ICC)","lgacode":0,"omsnumber":563,"type":"DFES"}},{"type":"Feature","id":717,"geometry":{"type":"Point","coordinates":[117.92035283631391,-31.111931645069916]},"properties":{"objectid":717,"displaynam":"TRAYNING","lgacode":8400,"omsnumber":4610,"type":"VFESU"}},{"type":"Feature","id":718,"geometry":{"type":"Point","coordinates":[117.48399999989556,-31.63306999961231]},"properties":{"objectid":718,"displaynam":"TAMMIN","lgacode":8190,"omsnumber":6875,"type":"BFB"}},{"type":"Feature","id":719,"geometry":{"type":"Point","coordinates":[115.81467180488892,-32.50852616308893]},"properties":{"objectid":719,"displaynam":"BUSHFIRE CENTRE OF EXCELLENCE","lgacode":6230,"omsnumber":3164,"type":"DFES"}},{"type":"Feature","id":720,"geometry":{"type":"Point","coordinates":[122.8962879850942,-16.51505408223957]},"properties":{"objectid":720,"displaynam":"DAMPIER PENINSULA","lgacode":980,"omsnumber":4619,"type":"VFESU"}},{"type":"Feature","id":721,"geometry":{"type":"Point","coordinates":[118.39465421187109,-32.06779791251223]},"properties":{"objectid":721,"displaynam":"NAREMBEEN","lgacode":6370,"omsnumber":6468,"type":"BFB"}},{"type":"Feature","id":722,"geometry":{"type":"Point","coordinates":[122.40392090687786,-28.626832329953942]},"properties":{"objectid":722,"displaynam":"LAVERTON","lgacode":4970,"omsnumber":6876,"type":"BFB"}},{"type":"Feature","id":723,"geometry":{"type":"Point","coordinates":[115.98392962076855,-32.29730302461957]},"properties":{"objectid":723,"displaynam":"EMERGENCY SUPPORT","lgacode":7700,"omsnumber":6877,"type":"BFB"}},{"type":"Feature","id":724,"geometry":{"type":"Point","coordinates":[116.67848944370152,-31.652198332908853]},"properties":{"objectid":724,"displaynam":"AVON DISTRICT SUPPORT","lgacode":6730,"omsnumber":6879,"type":"BFB"}},{"type":"Feature","id":725,"geometry":{"type":"Point","coordinates":[116.13716295122437,-33.34186873096401]},"properties":{"objectid":725,"displaynam":"DFES KOOLINUP EMERGENCY SERVICES COMPLEX","lgacode":1890,"omsnumber":3196,"type":"DFES"}},{"type":"Feature","id":726,"geometry":{"type":"Point","coordinates":[126.58103283042216,-26.13578193972006]},"properties":{"objectid":726,"displaynam":"WARBURTON","lgacode":6620,"omsnumber":6908,"type":"BFB"}},{"type":"Feature","id":727,"geometry":{"type":"Point","coordinates":[116.07218662061679,-31.99249217567283]},"properties":{"objectid":727,"displaynam":"PICKERING BROOK","lgacode":4200,"omsnumber":6947,"type":"BFB"}},{"type":"Feature","id":728,"geometry":{"type":"Point","coordinates":[116.14617784014438,-34.242424332481626]},"properties":{"objectid":728,"displaynam":"LSW REGION","lgacode":5180,"omsnumber":6909,"type":"VFESU"}},{"type":"Feature","id":729,"geometry":{"type":"Point","coordinates":[115.85643496719591,-31.99396202367575]},"properties":{"objectid":729,"displaynam":"DFES RESILIENCE AND RECOVERY","lgacode":7840,"omsnumber":3241,"type":"DFES"}},{"type":"Feature","id":730,"geometry":{"type":"Point","coordinates":[115.19728222209805,-33.93988555646568]},"properties":{"objectid":730,"displaynam":"ROSA BROOK","lgacode":280,"omsnumber":3283,"type":"VFESU"}},{"type":"Feature","id":731,"geometry":{"type":"Point","coordinates":[115.01696222225212,-33.96768555647119]},"properties":{"objectid":731,"displaynam":"WALLCLIFFE","lgacode":280,"omsnumber":3284,"type":"VFESU"}},{"type":"Feature","id":732,"geometry":{"type":"Point","coordinates":[122.5664460359033,-33.648275620577536]},"properties":{"objectid":732,"displaynam":"CONDINGUP","lgacode":3290,"omsnumber":6149,"type":"BFB"}},{"type":"Feature","id":733,"geometry":{"type":"Point","coordinates":[116.09897765233241,-33.95690475870683]},"properties":{"objectid":733,"displaynam":"HESTER BROOK","lgacode":840,"omsnumber":6283,"type":"BFB"}},{"type":"Feature","id":734,"geometry":{"type":"Point","coordinates":[116.0074556251202,-30.64470973992667]},"properties":{"objectid":734,"displaynam":"MOORA CENTRAL","lgacode":5600,"omsnumber":6918,"type":"BFB"}},{"type":"Feature","id":735,"geometry":{"type":"Point","coordinates":[115.85643571162356,-32.127602232983186]},"properties":{"objectid":735,"displaynam":"COMMUNICATIONS SUPPORT","lgacode":1820,"omsnumber":3343,"type":"VMRS"}},{"type":"Feature","id":736,"geometry":{"type":"Point","coordinates":[115.98709930579905,-32.23615140025533]},"properties":{"objectid":736,"displaynam":"CARDUP","lgacode":7700,"omsnumber":4025,"type":"CFRS"}},{"type":"Feature","id":737,"geometry":{"type":"Point","coordinates":[115.23471396951763,-33.680970802886094]},"properties":{"objectid":737,"displaynam":"CAPES DISTRICT OFFICE","lgacode":0,"omsnumber":0,"type":"DFES"}},{"type":"Feature","id":738,"geometry":{"type":"Point","coordinates":[119.68958677409775,-33.0827557729936]},"properties":{"objectid":738,"displaynam":"LAKE CAMM","lgacode":4900,"omsnumber":6941,"type":"BFB"}},{"type":"Feature","id":739,"geometry":{"type":"Point","coordinates":[119.73166393647426,-23.368863956047118]},"properties":{"objectid":739,"displaynam":"EAST PILBARA","lgacode":3220,"omsnumber":6942,"type":"BFB"}},{"type":"Feature","id":740,"geometry":{"type":"Point","coordinates":[115.88245973810676,-32.09101240523325]},"properties":{"objectid":740,"displaynam":"AVIATION SERVICES UNIT","lgacode":1820,"omsnumber":5910,"type":"DFES"}},{"type":"Feature","id":741,"geometry":{"type":"Point","coordinates":[115.88525956658395,-32.09087771413909]},"properties":{"objectid":741,"displaynam":"RESCUE HELI JANDAKOT","lgacode":1820,"omsnumber":5960,"type":"DFES"}},{"type":"Feature","id":742,"geometry":{"type":"Point","coordinates":[115.67812929015886,-33.37621666297418]},"properties":{"objectid":742,"displaynam":"RESCUE HELI BUNBURY","lgacode":1190,"omsnumber":3082,"type":"DFES"}},{"type":"Feature","id":743,"geometry":{"type":"Point","coordinates":[115.78342265327882,-32.05544028569552]},"properties":{"objectid":743,"displaynam":"O'CONNOR OFFICE","lgacode":0,"omsnumber":0,"type":"DFES"}}],"metadata":{"title":"Western Australia DFES Station Locations","source":"Department of Fire and Emergency Services (DFES) \u2014 SLIP Public Services Infrastructure MapServer","source_url":"https://public-services.slip.wa.gov.au/public/rest/services/SLIP_Public_Services/Infrastructure_and_Utilities/MapServer/33","licence":"CC BY 4.0","attribution":"Government of Western Australia (DFES)","notes":"743 DFES station locations (career and volunteer). Field displaynam contains station name; type contains station type."}}